sequence,source_index,source_time_s,replay_cycle,capture_s,output_s,processing_ms,frame_age_ms,core_ms,distance_render_ms,depth_age_ms,depth_valid,depth_status,edge_pixels,valid_depth_edge_pixels
0,0,0.0,0,215630.3681029,215630.414046,45.12319999048486,45.94309997628443,20.445000001927838,8.72220000019297,0.0,True,ok,4708,4708
1,1,0.1,0,215630.3922576,215630.4396361,25.564399984432384,47.37849999219179,21.002699999371544,3.0097999842837453,0.0,True,ok,4681,4681
2,2,0.2,0,215630.425946,215630.4635045,23.854799976106733,37.55849998560734,19.764299999224022,2.778900001430884,0.0,True,ok,4360,4360
3,3,0.30000000000000004,0,215630.459466,215630.4876828,24.166900024283677,28.216800012160093,20.552000001771376,2.2440000029746443,0.0,True,ok,4532,4532
4,4,0.4,0,215630.4925405,215630.5161504,22.856300027342513,23.609900003066286,19.455999979982153,2.0668000215664506,0.0,True,ok,4533,4533
5,5,0.5,0,215630.5255369,215630.5497192,23.55610000086017,24.182299996027723,19.868600007612258,2.418399992166087,0.0,True,ok,4334,4334
6,6,0.6000000000000001,0,215630.558883,215630.5831709,23.64810000290163,24.2879000143148,20.225100015522912,2.1600000036414713,0.0,True,ok,4462,4462
7,7,0.7000000000000001,0,215630.592311,215630.6163333,23.5487999743782,24.022300000069663,19.946499989600852,2.170099993236363,0.0,True,ok,4479,4479
8,8,0.8,0,215630.6258312,215630.6497726,23.48640002310276,23.94139999523759,20.104800001718104,2.1453000081237406,0.0,True,ok,4534,4534
9,9,0.9,0,215630.659139,215630.6833092,23.488999984692782,24.170199991203845,19.99989998876117,2.197800000431016,0.0,True,ok,4491,4491
10,10,1.0,0,215630.6921422,215630.7160682,23.32649999880232,23.926000023493543,19.73070000531152,2.300799998920411,0.0,True,ok,4600,4600
11,11,1.1,0,215630.725674,215630.7491613,23.034099984215572,23.487300000851974,19.596600002842024,2.19130000914447,0.0,True,ok,4781,4781
12,12,1.2000000000000002,0,215630.7590292,215630.7824619,22.949100006371737,23.432699992554262,19.489700003759935,1.9953999726567417,0.0,True,ok,5044,5044
13,13,1.3,0,215630.7924461,215630.8169945,23.845599993364885,24.548399989726022,20.014299981994554,2.3609000199940056,0.0,True,ok,4620,4620
14,14,1.4000000000000001,0,215630.8258442,215630.8501643,23.66110001457855,24.320099997567013,20.048000005772337,2.3153000220190734,0.0,True,ok,4785,4785
15,15,1.5,0,215630.8592512,215630.8842517,24.366799974814057,25.00049999798648,20.40149999083951,2.6086999860126525,0.0,True,ok,5045,5045
16,16,1.6,0,215630.8925261,215630.9160368,22.914899978786707,23.510699975304306,19.250099983764812,2.3086000001057982,0.0,True,ok,5382,5382
17,17,1.7000000000000002,0,215630.9259464,215630.9496312,23.19300000090152,23.68479999131523,19.668000022647902,2.131800021743402,0.0,True,ok,5312,5312
18,18,1.8,0,215630.958688,215630.9835201,24.180200009141117,24.832099996274337,19.631999981356785,2.1265000104904175,0.0,True,ok,5363,5363
19,19,1.9000000000000001,0,215630.9925556,215631.0173852,24.319599993759766,24.829599977238104,20.587900013197213,2.4178000167012215,0.0,True,ok,5455,5455
20,20,2.0,0,215631.0259589,215631.0515306,25.02140001161024,25.571700010914356,20.42990000336431,3.232699993532151,0.0,True,ok,5508,5508
21,21,2.1,0,215631.0589396,215631.0851062,25.52669998840429,26.16659997147508,21.191700012423098,2.1481000003404915,0.0,True,ok,5300,5300
22,22,2.2,0,215631.0925934,215631.1218965,27.965899993432686,29.30309998919256,24.193399993237108,2.3957000230439007,0.0,True,ok,5384,5384
23,23,2.3000000000000003,0,215631.125812,215631.1512957,24.418999993940815,25.48369998112321,20.57530000456609,2.4358999799005687,0.0,True,ok,5355,5355
24,24,2.4000000000000004,0,215631.1592628,215631.1827531,22.852599999168888,23.490299994591624,19.305800000438467,2.2470999974757433,0.0,True,ok,5072,5072
25,25,2.5,0,215631.1922981,215631.2166817,23.718099982943386,24.383599986322224,20.10369999334216,2.293700003065169,0.0,True,ok,4851,4851
26,26,2.6,0,215631.2256771,215631.2493443,23.00040001864545,23.6672000028193,19.50660001602955,2.1414999791886657,0.0,True,ok,4933,4933
27,27,2.7,0,215631.2588355,215631.2868222,27.43759998702444,27.986700006294996,21.639599988702685,3.689800010761246,0.0,True,ok,4889,4889
28,28,2.8000000000000003,0,215631.2921655,215631.3187072,26.06140001444146,26.54170000459999,22.442899993620813,2.2849999950267375,0.0,True,ok,4508,4508
29,29,2.9000000000000004,0,215631.3259347,215631.3499486,23.498900001868606,24.01389999431558,20.01350000500679,2.1471999934874475,0.0,True,ok,4516,4516
30,30,3.0,0,215631.3591716,215631.3883716,28.464200004236773,29.200000019045547,24.76349999778904,2.074000018183142,0.0,True,ok,4326,4326
31,31,3.1,0,215631.3925053,215631.4182793,25.229100021533668,25.77400000882335,21.5885000070557,2.335600001970306,0.0,True,ok,4407,4407
32,32,3.2,0,215631.4257771,215631.4505839,24.177799990866333,24.806800007354468,20.295900001656264,2.4046999751590192,0.0,True,ok,4113,4113
33,33,3.3000000000000003,0,215631.4594166,215631.4842028,24.132899998221546,24.786199996015057,20.799799996893853,2.0299000025261194,0.0,True,ok,4211,4211
34,34,3.4000000000000004,0,215631.4922972,215631.5185539,25.238200003514066,26.256700017256662,21.94400000735186,2.0490000024437904,0.0,True,ok,4198,4198
35,35,3.5,0,215631.525821,215631.5499318,23.672499984968454,24.110800004564226,20.20909998100251,2.230300015071407,0.0,True,ok,4125,4125
36,36,3.6,0,215631.5591382,215631.5902548,30.114399996818975,31.11659997375682,26.250399998389184,2.3520000104326755,0.0,True,ok,4267,4267
37,37,3.7,0,215631.5920895,215631.6217264,29.11659999517724,29.636899998877198,25.429800007259473,2.313100005267188,0.0,True,ok,3805,3805
38,38,3.8000000000000003,0,215631.6255294,215631.6506027,24.538100027712062,25.07330002845265,20.42370001436211,2.7388999878894538,0.0,True,ok,3921,3921
39,39,3.9000000000000004,0,215631.659174,215631.684803,24.825500004226342,25.62900001066737,21.273999998811632,2.185499994084239,0.0,True,ok,3864,3864
40,40,4.0,0,215631.6924411,215631.7163772,23.462100012693554,23.936100013088435,20.002400007797405,2.158000017516315,0.0,True,ok,3828,3828
41,41,4.1000000000000005,0,215631.7256228,215631.7490536,22.76780002284795,23.430800007190555,19.554600003175437,1.936899992870167,0.0,True,ok,3659,3659
42,42,4.2,0,215631.7589836,215631.7858312,26.342299999669194,26.847599976463243,20.828999986406416,4.23890000092797,0.0,True,ok,3989,3989
43,43,4.3,0,215631.7923491,215631.8175907,24.768300005234778,25.241600000299513,21.284099988406524,2.1772999898530543,0.0,True,ok,4294,4294
44,44,4.4,0,215631.8259398,215631.8519116,25.329900003271177,25.971800001570955,21.76319999853149,2.32170001254417,0.0,True,ok,4623,4623
45,45,4.5,0,215631.858799,215631.8880475,28.77119998447597,29.24849998089485,24.92649998748675,2.501300012227148,0.0,True,ok,4708,4708
46,46,4.6000000000000005,0,215631.8921499,215631.9167899,24.0330999949947,24.639999988721684,20.575599977746606,2.1265000104904175,0.0,True,ok,4834,4834
47,47,4.7,0,215631.9255349,215631.951145,24.94870001100935,25.610100012272596,20.710299984784797,2.900699997553602,0.0,True,ok,4677,4677
48,48,4.800000000000001,0,215631.9590379,215631.9833197,23.80329999141395,24.28179999697022,20.336199988378212,2.183300006436184,0.0,True,ok,4591,4591
49,49,4.9,0,215631.9923792,215632.0181801,25.36980001605116,25.80090000992641,20.35880001494661,3.6723999946843833,0.0,True,ok,4442,4442
50,50,5.0,0,215632.0258108,215632.0499131,23.625300003914163,24.102299998048693,19.98810001532547,2.3098000092431903,0.0,True,ok,4408,4408
51,51,5.1000000000000005,0,215632.0588473,215632.0847207,25.319999986095354,25.87339997990057,20.40769997984171,3.6115999973844737,0.0,True,ok,4418,4418
52,52,5.2,0,215632.0925311,215632.1196232,26.51009999681264,27.092100004665554,22.90420001372695,2.067699999315664,0.0,True,ok,4600,4600
53,53,5.300000000000001,0,215632.1259269,215632.1511478,24.75630000117235,25.220900017302483,21.245500014629215,2.1852999925613403,0.0,True,ok,4489,4489
54,54,5.4,0,215632.1593043,215632.1843136,24.565800005802885,25.00930000678636,20.784899999853224,2.4508000060450286,0.0,True,ok,4625,4625
55,55,5.5,0,215632.1923362,215632.2189339,25.883900001645088,26.59769999445416,21.61349999369122,2.952100010588765,0.0,True,ok,4379,4379
56,56,5.6000000000000005,0,215632.2256696,215632.2495446,23.400200007017702,23.874999984400347,19.685499981278554,2.3877000203356147,0.0,True,ok,4212,4212
57,57,5.7,0,215632.2593127,215632.2869688,27.186599996639416,27.656100020976737,22.27729998412542,3.4553000004962087,0.0,True,ok,4229,4229
58,58,5.800000000000001,0,215632.2923414,215632.3174528,24.074299988569692,25.111399998422712,20.447099988814443,2.2376000124495476,0.0,True,ok,4294,4294
59,59,5.9,0,215632.3259553,215632.3539696,27.549799997359514,28.01429998362437,23.87450000969693,2.278100000694394,0.0,True,ok,4337,4337
60,60,6.0,0,215632.3589387,215632.3882221,28.79179999581538,29.283400013810024,23.427599982824177,4.109299974516034,0.0,True,ok,4334,4334
61,61,6.1000000000000005,0,215632.3925136,215632.4166859,23.559499997645617,24.17230000719428,19.836899999063462,2.328800008399412,0.0,True,ok,4169,4169
62,62,6.2,0,215632.4257006,215632.4507064,24.53409999725409,25.005800009239465,20.872499997494742,2.2108999837655574,0.0,True,ok,4172,4172
63,63,6.300000000000001,0,215632.4590233,215632.4852475,25.552500010235235,26.22420000261627,21.926000015810132,2.261799992993474,0.0,True,ok,4147,4147
64,64,6.4,0,215632.4925027,215632.5177927,24.272500013466924,25.289999990491197,20.6418999878224,2.296899998327717,0.0,True,ok,4178,4178
65,65,6.5,0,215632.5253472,215632.549931,24.0672999934759,24.583799997344613,20.573999994667247,2.1662000217474997,0.0,True,ok,4169,4169
66,66,6.6000000000000005,0,215632.5587951,215632.5827397,23.475199996028095,23.944600019603968,19.94070000364445,2.1838000102434307,0.0,True,ok,4168,4168
67,67,6.7,0,215632.5922834,215632.619296,26.28809999441728,27.01259998138994,22.7457000000868,2.109199995175004,0.0,True,ok,4086,4086
68,68,6.800000000000001,0,215632.6257053,215632.6517481,25.368800008436665,26.042800018331036,21.620600018650293,2.351900009671226,0.0,True,ok,4379,4379
69,69,6.9,0,215632.659016,215632.6907849,30.789600015850738,31.768900022143498,26.79939998779446,2.5698000099509954,0.0,True,ok,4282,4282
70,70,7.0,0,215632.6925717,215632.7203042,27.05109998350963,27.73249999154359,21.9574999937322,3.7376000254880637,0.0,True,ok,4247,4247
71,71,7.1000000000000005,0,215632.7257245,215632.7525737,26.204200024949387,26.849200017750263,21.11709999735467,3.559700009645894,0.0,True,ok,4354,4354
72,72,7.2,0,215632.7591905,215632.7853811,25.71039999020286,26.19060000870377,22.190399991814047,2.1707999985665083,0.0,True,ok,4628,4628
73,73,7.300000000000001,0,215632.7925056,215632.8258815,32.22610001103021,33.37590000592172,27.82620000652969,2.9295999847818166,0.0,True,ok,4287,4287
74,74,7.4,0,215632.8256138,215632.8499353,23.521199997048825,24.321500008227304,19.91860000998713,2.1923999884165823,0.0,True,ok,4455,4455
75,75,7.5,0,215632.8592297,215632.884781,24.810400005662814,25.551300001097843,20.929899998009205,2.1721000084653497,0.0,True,ok,4560,4560
76,76,7.6000000000000005,0,215632.8922994,215632.9185667,25.596999999834225,26.2673000106588,20.64629999222234,3.505999979097396,0.0,True,ok,4662,4662
77,77,7.7,0,215632.9258126,215632.9503269,24.039399984758347,24.514299992006272,20.41669999016449,2.1973999973852187,0.0,True,ok,4381,4381
78,78,7.800000000000001,0,215632.9591617,215632.9840295,24.273999995784834,24.867799977073446,20.579999982146546,2.0469999872148037,0.0,True,ok,4350,4350
79,79,7.9,0,215632.992448,215633.01782,24.749400006840006,25.372000003699213,20.824900013394654,2.5550999853294343,0.0,True,ok,4058,4058
80,80,8.0,0,215633.025985,215633.0497219,23.27169998898171,23.73690000968054,19.938199984608218,1.958799985004589,0.0,True,ok,4074,4074
81,81,8.1,0,215633.0588324,215633.0824612,22.94720002100803,23.62880000146106,19.448200007900596,2.16760000330396,0.0,True,ok,4079,4079
82,82,8.200000000000001,0,215633.0922005,215633.1158267,22.98989999690093,23.626200010767207,19.203899981221184,2.410099987173453,0.0,True,ok,4288,4288
83,83,8.3,0,215633.1255366,215633.1522691,26.03170002112165,26.7325000022538,21.275200007949024,3.101999987848103,0.0,True,ok,4269,4269
84,84,8.4,0,215633.1592064,215633.1852921,25.49260001978837,26.085699995746836,21.988899999996647,2.1610999829135835,0.0,True,ok,3996,3996
85,85,8.5,0,215633.192422,215633.2228541,29.912400001194328,30.43210000032559,25.870700017549098,2.4397999804932624,0.0,True,ok,4318,4318
86,86,8.6,0,215633.225866,215633.2526894,26.209799980279058,26.823399995919317,20.29799998854287,4.451999993762001,0.0,True,ok,4410,4410
87,87,8.700000000000001,0,215633.2592449,215633.2832828,23.438300006091595,24.037900002440438,19.936199998483062,2.084399980958551,0.0,True,ok,4345,4345
88,88,8.8,0,215633.2927552,215633.3168494,23.495900008128956,24.094199994578958,19.986500003142282,2.1524999756366014,0.0,True,ok,3995,3995
89,89,8.9,0,215633.3256982,215633.3569669,30.793000012636185,31.268699996871874,26.798100006999448,2.647299988893792,0.0,True,ok,4114,4114
90,90,9.0,0,215633.3589258,215633.3857052,26.324400008888915,26.779399981023744,22.717999992892146,2.2541999933309853,0.0,True,ok,4407,4407
91,91,9.1,0,215633.3924725,215633.418241,25.02900001127273,25.768499996047467,20.624500000849366,2.982899983180687,0.0,True,ok,4504,4504
92,92,9.200000000000001,0,215633.4261552,215633.4512168,24.26730000297539,25.061599997570738,20.633599982829764,2.2702999995090067,0.0,True,ok,4602,4602
93,93,9.3,0,215633.459071,215633.4837186,24.202700005844235,24.647600017488003,20.44779999414459,2.2900999756529927,0.0,True,ok,4719,4719
94,94,9.4,0,215633.4921876,215633.5166623,23.532799998065457,24.47470001061447,19.551699981093407,2.3954000207595527,0.0,True,ok,4623,4623
95,95,9.5,0,215633.5258655,215633.5518497,25.087499991059303,25.98419997957535,21.26670000143349,2.3244000039994717,0.0,True,ok,4555,4555
96,96,9.600000000000001,0,215633.559011,215633.5870552,27.587900025537238,28.044200007570907,21.352499985368922,4.374900017865002,0.0,True,ok,4902,4902
97,97,9.700000000000001,0,215633.5923808,215633.618552,25.36959998542443,26.17120000650175,21.923599997535348,2.031900017755106,0.0,True,ok,4793,4793
98,98,9.8,0,215633.6259245,215633.6499622,23.38389999931678,24.03770000091754,19.743600016226992,2.1597000013571233,0.0,True,ok,4857,4857
99,99,9.9,0,215633.659289,215633.6839125,24.139400018611923,24.623500008601695,20.55260000634007,2.150499989511445,0.0,True,ok,4985,4985
100,100,10.0,0,215633.6925307,215633.7220717,28.829599992604926,29.540999996243045,24.336300004506484,3.0485000170301646,0.0,True,ok,4973,4973
101,101,10.100000000000001,0,215633.7256067,215633.7529491,26.888699998380616,27.342399989720434,21.975999989081174,3.2436999899800867,0.0,True,ok,4507,4507
102,102,10.200000000000001,0,215633.7591289,215633.7848829,25.20240002195351,25.754000002052635,21.719200012739748,2.072200004477054,0.0,True,ok,4834,4834
103,103,10.3,0,215633.7925849,215633.816596,23.52619997691363,24.01110000209883,20.01219999510795,2.044200024101883,0.0,True,ok,4943,4943
104,104,10.4,0,215633.8256474,215633.8544865,28.148100012913346,28.839100006734952,23.885800008429214,2.7592999977059662,0.0,True,ok,5082,5082
105,105,10.5,0,215633.858858,215633.8826563,23.353900003712624,23.798300011549145,19.758000009460375,2.1467000187840313,0.0,True,ok,4986,4986
106,106,10.600000000000001,0,215633.8921437,215633.9180638,25.34429999650456,25.920099986251444,21.802100003696978,2.1250999998301268,0.0,True,ok,5037,5037
107,107,10.700000000000001,0,215633.9255059,215633.9543917,27.740400022594258,28.885800013085827,22.796899982495233,2.1692999871447682,0.0,True,ok,5162,5162
108,108,10.8,0,215633.9590115,215633.9897896,29.938299994682893,30.778099986491725,24.983200011774898,3.4214000042993575,0.0,True,ok,4884,4884
109,109,10.9,0,215633.9924025,215634.0170298,23.624800000106916,24.62729997932911,20.18239998142235,2.0253999973647296,0.0,True,ok,4890,4890
110,110,11.0,0,215634.0259009,215634.0498754,23.349199997028336,23.974500014446676,19.49350000359118,2.4267999979201704,0.0,True,ok,4848,4848
111,111,11.100000000000001,0,215634.0591828,215634.0830417,23.14580001984723,23.858900007326156,19.575599988456815,2.1556000283453614,0.0,True,ok,5030,5030
112,112,11.200000000000001,0,215634.0924568,215634.1187198,25.62120000948198,26.26300000702031,21.47429998149164,2.494600019417703,0.0,True,ok,5114,5114
113,113,11.3,0,215634.1259185,215634.1521129,25.601299974368885,26.194399979431182,21.820199996000156,2.2664999996777624,0.0,True,ok,5293,5293
114,114,11.4,0,215634.1588383,215634.1856582,26.303499995265156,26.81989999837242,21.975899988319725,2.8421999886631966,0.0,True,ok,5423,5423
115,115,11.5,0,215634.1922648,215634.217566,24.273999995784834,25.30120001756586,20.54990001488477,2.254099992569536,0.0,True,ok,5340,5340
116,116,11.600000000000001,0,215634.2257262,215634.2528228,26.431499980390072,27.096599980723113,22.688099998049438,2.279000007547438,0.0,True,ok,5279,5279
117,117,11.700000000000001,0,215634.2590754,215634.2841843,23.973000003024936,25.10889997938648,20.284300000639632,2.2243999992497265,0.0,True,ok,5498,5498
118,118,11.8,0,215634.2925878,215634.3208731,27.294400002574548,28.28529998078011,23.073799995472655,2.573900012066588,0.0,True,ok,5517,5517
119,119,11.9,0,215634.3256606,215634.3540856,27.93579999706708,28.424999996786937,23.670900001889095,2.7800999814644456,0.0,True,ok,5266,5266
120,0,0.0,1,215634.3612467,215634.391336,29.432400013320148,30.089300009422004,25.433700007852167,2.321100007975474,0.0,True,ok,4708,4708
121,1,0.1,1,215634.3924748,215634.4193458,26.09400000073947,26.871000009123236,22.58249997976236,2.0504999847617,0.0,True,ok,4681,4681
122,2,0.2,1,215634.425869,215634.4555954,29.094700003042817,29.726400010986254,25.149299995973706,2.354700001887977,0.0,True,ok,4360,4360
123,3,0.30000000000000004,1,215634.4588076,215634.4855639,26.020599994808435,26.75630000885576,22.23160001449287,2.3166000028140843,0.0,True,ok,4532,4532
124,4,0.4,1,215634.4925175,215634.5200186,26.2419999926351,27.501099975779653,22.759600018616766,2.023999986704439,0.0,True,ok,4533,4533
125,5,0.5,1,215634.5254683,215634.5533103,27.19349999097176,27.841999981319532,22.349200007738546,3.0192999984137714,0.0,True,ok,4334,4334
126,6,0.6000000000000001,1,215634.558879,215634.5863916,26.845699991099536,27.512600005138665,21.574799990048632,3.82689997786656,0.0,True,ok,4462,4462
127,7,0.7000000000000001,1,215634.592245,215634.6188825,25.964100001147017,26.637500006472692,22.371500002918765,1.9745999888982624,0.0,True,ok,4479,4479
128,8,0.8,1,215634.6259454,215634.6508417,24.293399997986853,24.896299990359694,20.577000017510727,2.0898999937344342,0.0,True,ok,4534,4534
129,9,0.9,1,215634.6592834,215634.6877785,27.600300003541633,28.495100006693974,20.628599973861128,4.919800005154684,0.0,True,ok,4491,4491
130,10,1.0,1,215634.692286,215634.7169067,23.979199992027134,24.620699987281114,19.95889999670908,2.348200010601431,0.0,True,ok,4600,4600
131,11,1.1,1,215634.7259751,215634.7555946,29.15930000017397,29.619499982800335,25.45559999998659,2.1544000192079693,0.0,True,ok,4781,4781
132,12,1.2000000000000002,1,215634.7591028,215634.7852615,25.644699984695762,26.158699998632073,22.094699990702793,2.1158999879844487,0.0,True,ok,5044,5044
133,13,1.3,1,215634.7923973,215634.8205808,27.73110000998713,28.183499991428107,22.05210001557134,2.3458999930880964,0.0,True,ok,4620,4620
134,14,1.4000000000000001,1,215634.8254743,215634.8550617,29.110199975548312,29.58739997120574,24.91329997428693,2.614299999549985,0.0,True,ok,4785,4785
135,15,1.5,1,215634.8590435,215634.8835985,24.084499978926033,24.554999981774017,20.30989999184385,2.2828999790363014,0.0,True,ok,5045,5045
136,16,1.6,1,215634.8922153,215634.9174142,24.58399999886751,25.19889999530278,20.75860000331886,2.308800001628697,0.0,True,ok,5382,5382
137,17,1.7000000000000002,1,215634.9256004,215634.954302,27.478300005896017,28.70160000748001,22.428900003433228,2.8460000175982714,0.0,True,ok,5312,5312
138,18,1.8,1,215634.9593229,215634.9836139,23.684099985985085,24.2910000088159,19.973899994511157,2.159600000595674,0.0,True,ok,5363,5363
139,19,1.9000000000000001,1,215634.9921425,215635.0165476,23.712299996986985,24.40510000451468,19.969799992395565,2.202400006353855,0.0,True,ok,5455,5455
140,20,2.0,1,215635.0255651,215635.0549496,28.73989997897297,29.38449999783188,23.472100001526996,3.073600004427135,0.0,True,ok,5508,5508
141,21,2.1,1,215635.0591189,215635.084672,24.94599999045022,25.5530999857001,20.990799996070564,2.217500004917383,0.0,True,ok,5300,5300
142,22,2.2,1,215635.0926326,215635.1188336,25.556799984769896,26.201000000583008,20.88029999868013,3.191700001480058,0.0,True,ok,5384,5384
143,23,2.3000000000000003,1,215635.1257124,215635.1511583,24.995299987494946,25.445899984333664,20.971199992345646,2.30679998639971,0.0,True,ok,5355,5355
144,24,2.4000000000000004,1,215635.1589039,215635.1828799,23.51769999950193,23.975999996764585,19.753799977479503,2.2999000211711973,0.0,True,ok,5072,5072
145,25,2.5,1,215635.1923174,215635.2182714,24.8866000038106,25.953999982448295,20.390899997437373,2.407299994956702,0.0,True,ok,4851,4851
146,26,2.6,1,215635.2257306,215635.2498896,23.67480000248179,24.15899999323301,20.072000013897195,2.1287999988999218,0.0,True,ok,4933,4933
147,27,2.7,1,215635.2592038,215635.2853845,25.722499995026737,26.180699991527945,20.732499979203567,3.131100005703047,0.0,True,ok,4889,4889
148,28,2.8000000000000003,1,215635.2924462,215635.3181021,25.055799982510507,25.655899982666597,21.315399993909523,2.3148999898694456,0.0,True,ok,4508,4508
149,29,2.9000000000000004,1,215635.3259467,215635.3526921,26.13569999812171,26.745399984065443,22.537600016221404,2.0462000102270395,0.0,True,ok,4516,4516
150,30,3.0,1,215635.3587783,215635.3867763,27.51189999980852,27.99800000502728,23.645699984626845,2.4689999991096556,0.0,True,ok,4326,4326
151,31,3.1,1,215635.3923545,215635.4222781,29.458300006808713,29.923599999165162,25.647300004493445,2.201499999500811,0.0,True,ok,4407,4407
152,32,3.2,1,215635.4259221,215635.4530391,26.530699979048222,27.116999990539625,22.33539998997003,2.7018999971915036,0.0,True,ok,4113,4113
153,33,3.3000000000000003,1,215635.4588723,215635.4828098,23.449900007108226,23.937500023748726,19.9441000004299,2.1792999759782106,0.0,True,ok,4211,4211
154,34,3.4000000000000004,1,215635.4922497,215635.5179771,25.00660001533106,25.727400003233925,21.45219998783432,2.1670999994967133,0.0,True,ok,4198,4198
155,35,3.5,1,215635.5256599,215635.5512129,24.87170000676997,25.55299998493865,20.998099993448704,2.320500003406778,0.0,True,ok,4125,4125
156,36,3.6,1,215635.5591006,215635.5852939,25.696199998492375,26.19330000015907,22.10270002251491,2.2973000013735145,0.0,True,ok,4267,4267
157,37,3.7,1,215635.5924923,215635.6170238,23.306799994315952,24.531500006560236,20.024400000693277,2.034499979345128,0.0,True,ok,3805,3805
158,38,3.8000000000000003,1,215635.6258974,215635.6499674,23.619100014911965,24.07000001403503,19.952500006183982,2.3421999940183014,0.0,True,ok,3921,3921
159,39,3.9000000000000004,1,215635.6589785,215635.683911,23.902199987787753,24.93250000406988,20.194799988530576,2.374000003328547,0.0,True,ok,3864,3864
160,40,4.0,1,215635.6925338,215635.7189748,25.306800001999363,26.440999994520098,21.074699994642287,2.0446000271476805,0.0,True,ok,3828,3828
161,41,4.1000000000000005,1,215635.7258972,215635.7524013,25.417299999389797,26.504100009333342,22.040899988496676,2.0853999885730445,0.0,True,ok,3659,3659
162,42,4.2,1,215635.7591975,215635.7891405,29.47040001163259,29.94300000136718,23.46140000736341,4.072299983818084,0.0,True,ok,3989,3989
163,43,4.3,1,215635.7924861,215635.8174786,24.306399980559945,24.992499995278195,20.34260000800714,2.604799985419959,0.0,True,ok,4294,4294
164,44,4.4,1,215635.8259448,215635.8506519,23.652999982004985,24.70710000488907,20.105100004002452,2.1800999820698053,0.0,True,ok,4623,4623
165,45,4.5,1,215635.8587603,215635.8829234,23.638100014068186,24.163099995348603,19.80329997604713,2.4772000033408403,0.0,True,ok,4708,4708
166,46,4.6000000000000005,1,215635.8925779,215635.9236631,30.344099999638274,31.085199996596202,25.913899997249246,3.0667000100947917,0.0,True,ok,4834,4834
167,47,4.7,1,215635.9255627,215635.9538144,27.39020000444725,28.251700015971437,23.0065000068862,3.0229999974835664,0.0,True,ok,4677,4677
168,48,4.800000000000001,1,215635.9591423,215635.985394,25.566999975126237,26.251699979184195,22.076199995353818,2.142799989087507,0.0,True,ok,4591,4591
169,49,4.9,1,215635.992471,215636.0209024,27.955500001553446,28.431399987312034,23.054799996316433,3.5641999857034534,0.0,True,ok,4442,4442
170,50,5.0,1,215636.0257881,215636.0544082,28.139600006397814,28.62009999807924,24.60970001993701,2.2046999947633594,0.0,True,ok,4408,4408
171,51,5.1000000000000005,1,215636.0591602,215636.0835932,23.833499988541007,24.4329999841284,20.045400015078485,2.45349999750033,0.0,True,ok,4418,4418
172,52,5.2,1,215636.0924909,215636.1215421,28.558300022268668,29.05120002105832,25.122699997154996,2.087000000756234,0.0,True,ok,4600,4600
173,53,5.300000000000001,1,215636.1258785,215636.1512185,24.674099986441433,25.33999999286607,21.15149999735877,2.223399991635233,0.0,True,ok,4489,4489
174,54,5.4,1,215636.1594388,215636.1862782,26.122900017071515,26.83940000133589,22.09650000440888,2.6618000119924545,0.0,True,ok,4625,4625
175,55,5.5,1,215636.1922341,215636.2171353,24.423499999102205,24.90119999856688,20.88600001297891,2.195500012021512,0.0,True,ok,4379,4379
176,56,5.6000000000000005,1,215636.2256305,215636.2539889,27.936500002397224,28.358399984426796,23.83470002678223,2.639800019096583,0.0,True,ok,4212,4212
177,57,5.7,1,215636.2591227,215636.284488,24.761800013948232,25.36530001088977,21.04490000056103,2.4384999996982515,0.0,True,ok,4229,4229
178,58,5.800000000000001,1,215636.2925499,215636.3161991,23.13549999962561,23.64919998217374,19.36599999316968,2.3416999902110547,0.0,True,ok,4294,4294
179,59,5.9,1,215636.3258544,215636.3551281,28.60849999706261,29.2736999981571,23.018900013994426,2.7987999783363193,0.0,True,ok,4337,4337
180,60,6.0,1,215636.3589599,215636.3865634,27.098899998236448,27.603499998804182,23.250300000654534,2.4924000026658177,0.0,True,ok,4334,4334
181,61,6.1000000000000005,1,215636.3921854,215636.4189753,26.238699996611103,26.789900002768263,22.559800010640174,2.1940000005997717,0.0,True,ok,4169,4169
182,62,6.2,1,215636.4255577,215636.4516325,25.604599999496713,26.07480000006035,20.724100002553314,3.100600006291643,0.0,True,ok,4172,4172
183,63,6.300000000000001,1,215636.4592502,215636.48558,25.773600005777553,26.32980002090335,22.11009999155067,2.373700001044199,0.0,True,ok,4147,4147
184,64,6.4,1,215636.4926415,215636.5181426,25.033599988091737,25.501099997200072,20.860200020251796,2.699200005736202,0.0,True,ok,4178,4178
185,65,6.5,1,215636.5255364,215636.5508514,24.802400002954528,25.315000006230548,21.34710000245832,2.1006000170018524,0.0,True,ok,4169,4169
186,66,6.6000000000000005,1,215636.5591757,215636.5881606,28.454899991629645,28.984899981878698,24.110599973937497,2.951800008304417,0.0,True,ok,4168,4168
187,67,6.7,1,215636.592413,215636.6165614,23.66259999689646,24.148399999830872,20.21039999090135,2.131000015651807,0.0,True,ok,4086,4086
188,68,6.800000000000001,1,215636.6256042,215636.6519842,25.868299999274313,26.37999999569729,22.109499986981973,2.3597999825142324,0.0,True,ok,4379,4379
189,69,6.9,1,215636.6591818,215636.6845014,24.855000025127083,25.319600012153387,21.30860000033863,2.144800004316494,0.0,True,ok,4282,4282
190,70,7.0,1,215636.6926217,215636.7184494,25.13530000578612,25.827700010268018,21.483799995621666,2.3024000111036003,0.0,True,ok,4247,4247
191,71,7.1000000000000005,1,215636.7254958,215636.7515036,25.52950000972487,26.007800013758242,21.948200010228902,2.148999978089705,0.0,True,ok,4354,4354
192,72,7.2,1,215636.7588144,215636.7836224,24.31330000399612,24.80799998738803,20.879400020930916,2.106400002958253,0.0,True,ok,4628,4628
193,73,7.300000000000001,1,215636.7924209,215636.817383,24.248899979284033,24.96209999662824,20.416099985595793,2.4281999794766307,0.0,True,ok,4287,4287
194,74,7.4,1,215636.8255802,215636.854739,28.137499990407377,29.158799996366724,23.450400010915473,3.1916000007186085,0.0,True,ok,4455,4455
195,75,7.5,1,215636.8590599,215636.8950914,35.411099990596995,36.03149999980815,30.847700021695346,3.087400022195652,0.0,True,ok,4560,4560
196,76,7.6000000000000005,1,215636.8924264,215636.9182706,23.16929999506101,25.844199990388006,19.69630000530742,2.126400009728968,0.0,True,ok,4662,4662
197,77,7.7,1,215636.9254635,215636.958668,32.53150000819005,33.20450001046993,28.864300023997203,2.3652000236324966,0.0,True,ok,4381,4381
198,78,7.800000000000001,1,215636.9590602,215636.9843412,24.612100009107962,25.281000009272248,20.96479997271672,2.152500004740432,0.0,True,ok,4350,4350
199,79,7.9,1,215636.9923945,215637.0167627,23.738299991237,24.368199985474348,20.29489999404177,2.135999995516613,0.0,True,ok,4058,4058
200,80,8.0,1,215637.0258186,215637.0512347,24.724099988816306,25.416099990252405,21.19889997993596,2.1924999891780317,0.0,True,ok,4074,4074
201,81,8.1,1,215637.0587669,215637.0847513,25.258899986511096,25.98439998109825,20.848699990892783,3.125999995972961,0.0,True,ok,4079,4079
202,82,8.200000000000001,1,215637.0921861,215637.1213873,28.505599999334663,29.20119999907911,25.15329999732785,1.9922000064980239,0.0,True,ok,4288,4288
203,83,8.3,1,215637.1255238,215637.1493476,23.281400004634634,23.823800001991913,19.919400016078725,2.0610000065062195,0.0,True,ok,4269,4269
204,84,8.4,1,215637.1592907,215637.1856516,25.698000012198463,26.36090002488345,21.192500018514693,3.02689999807626,0.0,True,ok,3996,3996
205,85,8.5,1,215637.1924343,215637.2196987,26.34010001202114,27.26440000697039,22.315500013064593,2.7132999966852367,0.0,True,ok,4318,4318
206,86,8.6,1,215637.2258188,215637.2514837,25.091999996220693,25.664899992989376,21.541599999181926,2.2514000011142343,0.0,True,ok,4410,4410
207,87,8.700000000000001,1,215637.2592032,215637.2835169,23.63040001364425,24.313700007041916,20.162100001471117,2.1798000088892877,0.0,True,ok,4345,4345
208,88,8.8,1,215637.2921795,215637.321069,28.39779999339953,28.889500012155622,23.288199998205528,3.8449999992735684,0.0,True,ok,3995,3995
209,89,8.9,1,215637.3255611,215637.3510417,24.567399988882244,25.48059998662211,20.996799983549863,2.131699991878122,0.0,True,ok,4114,4114
210,90,9.0,1,215637.3591819,215637.3832354,23.428199987392873,24.053499975707382,19.845200004056096,2.2837000142317265,0.0,True,ok,4407,4407
211,91,9.1,1,215637.3924537,215637.4181575,25.217400019755587,25.703799998154864,21.679199999198318,2.1890999923925847,0.0,True,ok,4504,4504
212,92,9.200000000000001,1,215637.4259135,215637.4529772,26.589500019326806,27.063700021244586,20.619999995687976,4.596100014168769,0.0,True,ok,4602,4602
213,93,9.3,1,215637.4589522,215637.4840187,24.47449997998774,25.066500005777925,20.84030001424253,2.3172000073827803,0.0,True,ok,4719,4719
214,94,9.4,1,215637.4921914,215637.516618,23.803899995982647,24.426599993603304,20.145699993008748,2.337799989618361,0.0,True,ok,4623,4623
215,95,9.5,1,215637.5255584,215637.5498563,23.627599992323667,24.297900003148243,20.06660000188276,2.2675000072922558,0.0,True,ok,4555,4555
216,96,9.600000000000001,1,215637.5591783,215637.5841136,24.494299985235557,24.93529999628663,20.938500005286187,2.2813999967183918,0.0,True,ok,4902,4902
217,97,9.700000000000001,1,215637.5922212,215637.6178407,24.615700007416308,25.619499996537343,20.934400003170595,2.053100004559383,0.0,True,ok,4793,4793
218,98,9.8,1,215637.6257453,215637.6501094,23.828000004868954,24.364100012462586,20.165199995972216,2.2835999843664467,0.0,True,ok,4857,4857
219,99,9.9,1,215637.6589785,215637.6851488,25.528700003633276,26.170299999648705,21.934900025371462,2.1481000003404915,0.0,True,ok,4985,4985
220,100,10.0,1,215637.6927137,215637.7233582,29.491699999198318,30.644499987829477,26.112799998372793,2.089199988404289,0.0,True,ok,4973,4973
221,101,10.100000000000001,1,215637.7256809,215637.7536597,27.4898000061512,27.97880000434816,23.400200007017702,2.8304000152274966,0.0,True,ok,4507,4507
222,102,10.200000000000001,1,215637.7593445,215637.7852059,25.09069998632185,25.86140000494197,21.472399996127933,2.3441000084858388,0.0,True,ok,4834,4834
223,103,10.3,1,215637.7921677,215637.8176594,24.864899984095246,25.491699983831495,20.50109999254346,3.093699982855469,0.0,True,ok,4943,4943
224,104,10.4,1,215637.825658,215637.851299,25.17390000866726,25.641000014729798,20.97660000436008,2.9045999981462955,0.0,True,ok,5082,5082
225,105,10.5,1,215637.8592099,215637.8855354,25.78720002202317,26.325500017264858,21.18229999905452,3.333900007419288,0.0,True,ok,4986,4986
226,106,10.600000000000001,1,215637.8924388,215637.9249546,31.67679999023676,32.51580000505783,28.225600020959973,2.1791999752167612,0.0,True,ok,5037,5037
227,107,10.700000000000001,1,215637.9254369,215637.9537627,27.843099989695475,28.325799998128787,24.56210000673309,2.03719999990426,0.0,True,ok,5162,5162
228,108,10.8,1,215637.9588141,215637.9897625,30.308399989735335,30.948399973567575,26.798600010806695,2.2696999949403107,0.0,True,ok,4884,4884
229,109,10.9,1,215637.9923729,215638.0178497,24.93839999078773,25.476800015894696,21.679800003767014,1.9853000121656805,0.0,True,ok,4890,4890
230,110,11.0,1,215638.0259558,215638.050615,23.987599997781217,24.659199989400804,20.04750000196509,2.6814000157173723,0.0,True,ok,4848,4848
231,111,11.100000000000001,1,215638.0592777,215638.0842616,24.348099977942184,24.983899988001212,20.994999998947605,2.1146000071894377,0.0,True,ok,5030,5030
232,112,11.200000000000001,1,215638.0921995,215638.1174353,24.679499998455867,25.235799985239282,20.55750001454726,2.6489000010769814,0.0,True,ok,5114,5114
233,113,11.3,1,215638.125521,215638.1527318,26.69969998532906,27.210799977183342,22.965999989537522,2.4243999796453863,0.0,True,ok,5293,5293
234,114,11.4,1,215638.1590363,215638.1906067,31.04279999388382,31.570399994961917,27.09829999366775,2.501600014511496,33.51529999054037,True,ok,5423,5423
235,115,11.5,1,215638.1924759,215638.2180977,25.10560001246631,25.621800014050677,20.98400000249967,2.8304000152274966,0.0,True,ok,5340,5340
236,116,11.600000000000001,1,215638.2255789,215638.2523401,26.28789999289438,26.761200017062947,22.54269999684766,2.45939998421818,0.0,True,ok,5279,5279
237,117,11.700000000000001,1,215638.2587049,215638.2843002,25.054500001715496,25.595299986889586,21.50280002388172,2.2742000001017004,0.0,True,ok,5498,5498
238,118,11.8,1,215638.2921581,215638.3245511,31.7436000041198,32.393000001320615,27.38159999717027,2.776199980871752,0.0,True,ok,5517,5517
239,119,11.9,1,215638.3254708,215638.3589295,32.822700013639405,33.45870002522133,28.311000001849607,2.8278000245336443,0.0,True,ok,5266,5266
240,0,0.0,2,215638.3616939,215638.4005562,38.052799995057285,38.86230001808144,33.67520001484081,2.929600013885647,0.0,True,ok,4708,4708
241,1,0.1,2,215638.3922724,215638.4356101,35.03719999571331,43.337699986295775,30.992700019851327,2.465099998516962,0.0,True,ok,4681,4681
242,2,0.2,2,215638.4258578,215638.4626156,26.98759999475442,36.757800000486895,23.712599999271333,2.063699997961521,0.0,True,ok,4360,4360
243,3,0.30000000000000004,2,215638.4590769,215638.4886716,26.04660001816228,29.594699997687712,22.683699993649498,2.1220000053290278,0.0,True,ok,4532,4532
244,4,0.4,2,215638.4923884,215638.5184946,25.30589999514632,26.106200006324798,21.954800002276897,2.07129999762401,0.0,True,ok,4533,4533
245,5,0.5,2,215638.5258163,215638.5503136,23.992499976884574,24.497299978975207,20.375899999635294,2.428800013149157,0.0,True,ok,4334,4334
246,6,0.6000000000000001,2,215638.5589467,215638.5884259,29.050899989670143,29.47919999132864,25.038699997821823,2.7219000039622188,0.0,True,ok,4462,4462
247,7,0.7000000000000001,2,215638.5926007,215638.6184089,25.297399988630787,25.80819997820072,20.650899998145178,3.25960002373904,0.0,True,ok,4479,4479
248,8,0.8,2,215638.625618,215638.651635,24.993999977596104,26.01699999650009,21.632599993608892,2.0241999882273376,0.0,True,ok,4534,4534
249,9,0.9,2,215638.6590352,215638.688009,28.257500001927838,28.973800013773143,24.341699987417087,2.642900013597682,0.0,True,ok,4491,4491
250,10,1.0,2,215638.6923059,215638.7191249,26.344100013375282,26.818999991519377,22.40009998786263,2.4304999969899654,0.0,True,ok,4600,4600
251,11,1.1,2,215638.7258762,215638.7542018,27.717600023606792,28.325599996605888,24.263900006189942,2.1905000030528754,0.0,True,ok,4781,4781
252,12,1.2000000000000002,2,215638.7589558,215638.7834334,23.88920000521466,24.47760000359267,20.27110001654364,2.3440000077243894,0.0,True,ok,5044,5044
253,13,1.3,2,215638.7923773,215638.8203584,27.529100014362484,27.981099992757663,22.807000001193956,3.4516000014264137,0.0,True,ok,4620,4620
254,14,1.4000000000000001,2,215638.8253606,215638.8522611,26.292900001863018,26.900500000920147,20.97830001730472,4.00469999294728,0.0,True,ok,4785,4785
255,15,1.5,2,215638.8591963,215638.8867015,26.545200002146885,27.505200006999075,23.05980000528507,2.211200015153736,0.0,True,ok,5045,5045
256,16,1.6,2,215638.8924881,215638.9249845,31.76389998407103,32.49639997375198,27.33399998396635,2.973200025735423,0.0,True,ok,5382,5382
257,17,1.7000000000000002,2,215638.9259074,215638.9536596,27.15919999172911,27.752199996029958,23.195199988549575,2.6448999997228384,0.0,True,ok,5312,5312
258,18,1.8,2,215638.9590653,215638.9832738,23.68039998691529,24.208499991800636,19.953499984694645,2.0659999863710254,0.0,True,ok,5363,5363
259,19,1.9000000000000001,2,215638.9925881,215639.0179905,24.684300005901605,25.402400002349168,20.954900013748556,2.36169999698177,0.0,True,ok,5455,5455
260,20,2.0,2,215639.0258562,215639.0556478,29.222600016510114,29.791600012686104,24.917200003983453,2.5341000000480562,0.0,True,ok,5508,5508
261,21,2.1,2,215639.0589753,215639.084172,24.733199999900535,25.196700007654727,21.247199998470023,2.1188000100664794,0.0,True,ok,5300,5300
262,22,2.2,2,215639.0927086,215639.1180892,24.349399987841025,25.380600010976195,20.71869999053888,2.300499996636063,0.0,True,ok,5384,5384
263,23,2.3000000000000003,2,215639.1258904,215639.1524287,25.413299998035654,26.53830000781454,21.502200019313022,2.5639999948907644,0.0,True,ok,5355,5355
264,24,2.4000000000000004,2,215639.1587596,215639.1875359,28.176000021630898,28.776300023309886,23.195499990833923,3.4522000059951097,0.0,True,ok,5072,5072
265,25,2.5,2,215639.1922419,215639.2185657,25.708300003316253,26.32380000432022,21.55460001085885,2.835199993569404,0.0,True,ok,4851,4851
266,26,2.6,2,215639.2258762,215639.2532574,26.797500002430752,27.381199994124472,23.261499998625368,2.1059999999124557,0.0,True,ok,4933,4933
267,27,2.7,2,215639.2589696,215639.2849539,25.381100014783442,25.98430000944063,21.657700010109693,2.4169000098481774,0.0,True,ok,4889,4889
268,28,2.8000000000000003,2,215639.292551,215639.3169153,23.921500018332154,24.364300013985485,20.213999989209697,2.4113000254146755,0.0,True,ok,4508,4508
269,29,2.9000000000000004,2,215639.3256408,215639.350931,24.233899981481954,25.290199992014095,20.435099984752014,2.465700003085658,0.0,True,ok,4516,4516
270,30,3.0,2,215639.3588149,215639.3845872,25.124000007053837,25.77229999587871,21.839900000486523,2.0892999891657382,0.0,True,ok,4326,4326
271,31,3.1,2,215639.392129,215639.4173385,24.731400015298277,25.20949998870492,21.13789998111315,2.2330999781843275,0.0,True,ok,4407,4407
272,32,3.2,2,215639.425738,215639.4547746,28.558299993164837,29.03659999719821,25.229899998521432,2.112899994244799,0.0,True,ok,4113,4113
273,33,3.3000000000000003,2,215639.4592733,215639.4829237,23.08630000334233,23.650400020414963,19.788699981290847,2.0326999947428703,0.0,True,ok,4211,4211
274,34,3.4000000000000004,2,215639.4923725,215639.5175699,24.71599998534657,25.19739998388104,21.42259999527596,2.0232000097166747,0.0,True,ok,4198,4198
275,35,3.5,2,215639.5260128,215639.5521435,25.183200021274388,26.130700018256903,20.872399996733293,3.0549000075552613,0.0,True,ok,4125,4125
276,36,3.6,2,215639.5595028,215639.5833477,23.406799999065697,23.84490001713857,19.883999979356304,2.314000012120232,0.0,True,ok,4267,4267
277,37,3.7,2,215639.5924917,215639.6186603,25.405599997611716,26.168600015807897,22.25950002321042,1.9595999910961837,0.0,True,ok,3805,3805
278,38,3.8000000000000003,2,215639.6258407,215639.6493189,23.003999987849966,23.478199989767745,19.565199996577576,2.204299991717562,0.0,True,ok,3921,3921
279,39,3.9000000000000004,2,215639.658839,215639.6831372,23.648699978366494,24.29819997632876,19.943499995861202,2.2953000152483582,0.0,True,ok,3864,3864
280,40,4.0,2,215639.6924542,215639.717595,24.457699997583404,25.140799989458174,21.07869999599643,2.163600001949817,0.0,True,ok,3828,3828
281,41,4.1000000000000005,2,215639.7258219,215639.7506105,24.18290000059642,24.78859998518601,20.882200013147667,2.1025000023655593,0.0,True,ok,3659,3659
282,42,4.2,2,215639.7589813,215639.7838323,24.380199989536777,24.85099999466911,20.720700005767867,2.425000013317913,0.0,True,ok,3989,3989
283,43,4.3,2,215639.7925462,215639.8170257,24.00939998915419,24.479499988956377,20.663500006776303,2.051800023764372,0.0,True,ok,4294,4294
284,44,4.4,2,215639.8259698,215639.8548638,28.417599998647347,28.89399998821318,24.80329998070374,2.3099999816622585,0.0,True,ok,4623,4623
285,45,4.5,2,215639.8590659,215639.8874475,27.89269998902455,28.38159998646006,24.140599998645484,2.4825999862514436,0.0,True,ok,4708,4708
286,46,4.6000000000000005,2,215639.8927897,215639.9168814,23.45799998147413,24.091699975542724,20.059900009073317,2.1333999757189304,0.0,True,ok,4834,4834
287,47,4.7,2,215639.9255398,215639.9523219,26.333699992392212,26.782100001582876,21.93529999931343,2.3455000191461295,0.0,True,ok,4677,4677
288,48,4.800000000000001,2,215639.9592772,215639.9855818,25.684199994429946,26.3046000036411,22.34090000274591,2.0098999957554042,0.0,True,ok,4591,4591
289,49,4.9,2,215639.9921358,215640.0245301,31.823099998291582,32.394299982115626,27.730700006941333,2.775699977064505,0.0,True,ok,4442,4442
290,50,5.0,2,215640.0254497,215640.0533154,27.467000007163733,27.865699987160042,23.25950001250021,2.809300000080839,0.0,True,ok,4408,4408
291,51,5.1000000000000005,2,215640.0593034,215640.0837272,23.835700005292892,24.423800001386553,20.32909999252297,2.2467999951913953,0.0,True,ok,4418,4418
292,52,5.2,2,215640.0926223,215640.118043,24.79339999263175,25.420699996175244,21.41670000855811,2.078499994240701,0.0,True,ok,4600,4600
293,53,5.300000000000001,2,215640.1259561,215640.1522122,25.73090000078082,26.256099983584136,22.07129998714663,2.1634000004269183,0.0,True,ok,4489,4489
294,54,5.4,2,215640.1590075,215640.1889548,29.331899975659326,29.947299975901842,23.094700009096414,3.7419000000227243,0.0,True,ok,4625,4625
295,55,5.5,2,215640.1921584,215640.2204305,27.610299992375076,28.27209999668412,24.039799987804145,2.304499997990206,0.0,True,ok,4379,4379
296,56,5.6000000000000005,2,215640.2254462,215640.2499315,24.018800002522767,24.485300004016608,20.33070000470616,2.2532999864779413,0.0,True,ok,4212,4212
297,57,5.7,2,215640.2590448,215640.2835447,24.042300006840378,24.49989999877289,20.459999999729916,2.3049000010360032,0.0,True,ok,4229,4229
298,58,5.800000000000001,2,215640.2923329,215640.3180577,25.170000008074567,25.724800012540072,21.391799993580207,2.441099990392104,0.0,True,ok,4294,4294
299,59,5.9,2,215640.3255245,215640.3512644,24.95640001143329,25.7399000111036,21.051199990324676,2.39869998767972,0.0,True,ok,4337,4337
300,60,6.0,2,215640.358924,215640.3857299,26.14420000463724,26.805900008184835,22.07720000296831,2.8577999910339713,0.0,True,ok,4334,4334
301,61,6.1000000000000005,2,215640.3925219,215640.4170461,23.88490000157617,24.524199980078265,20.20299999276176,2.27569998241961,0.0,True,ok,4169,4169
302,62,6.2,2,215640.4254586,215640.4496634,23.59180001076311,24.20480002183467,20.11859999038279,2.1804000134579837,0.0,True,ok,4172,4172
303,63,6.300000000000001,2,215640.459107,215640.4835547,23.952200019266456,24.447700008749962,20.094599982257932,2.412299974821508,0.0,True,ok,4147,4147
304,64,6.4,2,215640.4922342,215640.5188364,26.03169999201782,26.60219999961555,22.251499991398305,2.3785000084899366,0.0,True,ok,4178,4178
305,65,6.5,2,215640.525546,215640.550322,24.182099994504824,24.776000005658716,20.297599985497072,2.5539000052958727,0.0,True,ok,4169,4169
306,66,6.6000000000000005,2,215640.5592635,215640.5839104,23.929999995743856,24.646899983054027,20.456099999137223,2.132900001015514,0.0,True,ok,4168,4168
307,67,6.7,2,215640.5923103,215640.6175772,24.772900011157617,25.266899989219382,20.88620001450181,2.267000003485009,0.0,True,ok,4086,4086
308,68,6.800000000000001,2,215640.6258502,215640.6509533,24.066100013442338,25.103099993430078,20.367299992358312,2.388499997323379,0.0,True,ok,4379,4379
309,69,6.9,2,215640.658839,215640.6827094,23.182899982202798,23.870399978477508,19.673600007081404,2.1573000121861696,0.0,True,ok,4282,4282
310,70,7.0,2,215640.6926638,215640.7179311,24.50549998320639,25.26729999226518,20.62689999002032,2.4539000005461276,0.0,True,ok,4247,4247
311,71,7.1000000000000005,2,215640.7259051,215640.7507607,24.225000001024455,24.85560000059195,20.17659999546595,2.660099999047816,0.0,True,ok,4354,4354
312,72,7.2,2,215640.7589695,215640.7843223,24.893399997381493,25.352800003020093,21.09359999303706,2.5019999884534627,0.0,True,ok,4628,4628
313,73,7.300000000000001,2,215640.7926709,215640.818151,24.734800012083724,25.480100011918694,21.16770000429824,2.224800002295524,0.0,True,ok,4287,4287
314,74,7.4,2,215640.8259953,215640.8516014,24.527400004444644,25.606100010918453,20.705100003397092,2.490399987436831,0.0,True,ok,4455,4455
315,75,7.5,2,215640.8587302,215640.8826787,23.29079998889938,23.94849999109283,19.765400007599965,2.1667999972123653,0.0,True,ok,4560,4560
316,76,7.6000000000000005,2,215640.8925941,215640.9170781,23.776099988026544,24.483999994117767,20.41929998085834,2.038100006757304,0.0,True,ok,4662,4662
317,77,7.7,2,215640.9256029,215640.9524086,25.847499986412004,26.805699977558106,22.389399993699044,2.0388999837450683,0.0,True,ok,4381,4381
318,78,7.800000000000001,2,215640.9591725,215640.9840367,24.207200011005625,24.86420000786893,20.64319999772124,2.2012999979779124,0.0,True,ok,4350,4350
319,79,7.9,2,215640.9921728,215641.0162916,23.580200009746477,24.11880000727251,20.108800003072247,2.153100009309128,0.0,True,ok,4058,4058
320,80,8.0,2,215641.0256507,215641.0509344,24.81540001463145,25.28370000072755,21.206500008702278,2.2785999753978103,0.0,True,ok,4074,4074
321,81,8.1,2,215641.0592954,215641.0845535,24.599800002761185,25.258100009523332,21.0300000035204,2.126300008967519,0.0,True,ok,4079,4079
322,82,8.200000000000001,2,215641.092334,215641.1189083,25.5413000122644,26.57430002000183,22.104899981059134,2.079300000332296,0.0,True,ok,4288,4288
323,83,8.3,2,215641.1257847,215641.1531549,26.36800002073869,27.370199997676536,22.807200002716854,2.2063999786041677,0.0,True,ok,4269,4269
324,84,8.4,2,215641.1591737,215641.1838914,24.076900008367375,24.71769999829121,20.461800013436005,2.2770999930799007,0.0,True,ok,3996,3996
325,85,8.5,2,215641.1925817,215641.2179823,24.36350000789389,25.40060001774691,20.116900006541982,2.8781000000890344,0.0,True,ok,4318,4318
326,86,8.6,2,215641.2255863,215641.2510073,24.956699984613806,25.420999998459592,21.26109998789616,2.317499980563298,0.0,True,ok,4410,4410
327,87,8.700000000000001,2,215641.2591508,215641.2827914,22.952100000111386,23.64060000400059,19.571499986341223,2.016599988564849,0.0,True,ok,4345,4345
328,88,8.8,2,215641.2924942,215641.3178208,24.860800011083484,25.32660000724718,21.359300008043647,2.1684000093955547,0.0,True,ok,3995,3995
329,89,8.9,2,215641.3258526,215641.3516735,25.35020001232624,25.820899987593293,21.756900008767843,2.2133000020403415,0.0,True,ok,4114,4114
330,90,9.0,2,215641.3588467,215641.38343,24.099299975205213,24.583299993537366,20.661899994593114,2.1179000032134354,0.0,True,ok,4407,4407
331,91,9.1,2,215641.3923793,215641.4177341,24.67159999650903,25.35479998914525,20.932700019329786,2.3113999923225492,0.0,True,ok,4504,4504
332,92,9.200000000000001,2,215641.4255162,215641.4513685,25.38300000014715,25.852300022961572,21.67450002161786,2.3680999875068665,0.0,True,ok,4602,4602
333,93,9.3,2,215641.4590663,215641.4888989,29.35810000053607,29.832599975634366,25.281299982452765,2.4292000161949545,0.0,True,ok,4719,4719
334,94,9.4,2,215641.4922021,215641.517324,24.587499996414408,25.1218999910634,20.963999995728955,2.255900006275624,0.0,True,ok,4623,4623
335,95,9.5,2,215641.5257076,215641.5539001,27.696800010744482,28.192500001750886,22.624400007771328,3.251300018746406,0.0,True,ok,4555,4555
336,96,9.600000000000001,2,215641.5588169,215641.5835134,24.022099998546764,24.696499982383102,20.340000017313287,2.309100003913045,0.0,True,ok,4902,4902
337,97,9.700000000000001,2,215641.5924975,215641.6170674,23.58539999113418,24.569899978814647,20.0429999968037,2.1526000055018812,0.0,True,ok,4793,4793
338,98,9.8,2,215641.6256794,215641.6511168,24.191300006350502,25.437400006921962,20.581299992045388,2.139999996870756,0.0,True,ok,4857,4857
339,99,9.9,2,215641.6591852,215641.6848459,24.65839998330921,25.660699990112334,21.03410000563599,2.160800009733066,0.0,True,ok,4985,4985
340,100,10.0,2,215641.692202,215641.7183652,25.707100023282692,26.163200003793463,21.841500012669712,2.115999988745898,0.0,True,ok,4973,4973
341,101,10.100000000000001,2,215641.725671,215641.7501638,23.878400010289624,24.492800002917647,20.3095999895595,2.0932999905198812,0.0,True,ok,4507,4507
342,102,10.200000000000001,2,215641.759332,215641.7842176,24.013500020373613,24.885600025299937,20.531800022581592,2.0896999922115356,0.0,True,ok,4834,4834
343,103,10.3,2,215641.7922331,215641.8182031,25.516699999570847,25.970000016968697,21.83890002197586,2.2579999931622297,0.0,True,ok,4943,4943
344,104,10.4,2,215641.8255172,215641.8503309,24.13099998375401,24.81370000168681,20.71879999130033,2.023699984420091,0.0,True,ok,5082,5082
345,105,10.5,2,215641.859192,215641.8834613,23.800099996151403,24.269299989100546,20.21350001450628,2.2004999918863177,0.0,True,ok,4986,4986
346,106,10.600000000000001,2,215641.8921624,215641.9182503,25.492799992207438,26.08789998339489,21.965899999486282,2.1207999961916357,0.0,True,ok,5037,5037
347,107,10.700000000000001,2,215641.9254945,215641.9515159,25.560000009136274,26.02140000090003,22.049700026400387,2.1177000016905367,0.0,True,ok,5162,5162
348,108,10.8,2,215641.9590385,215641.9835213,23.786099976859987,24.482799984980375,20.093799976166338,2.3166000028140843,0.0,True,ok,4884,4884
349,109,10.9,2,215641.9925505,215642.0173359,23.945299995830283,24.785399989923462,20.274999988032505,2.1809999889228493,0.0,True,ok,4890,4890
350,110,11.0,2,215642.0258618,215642.0556945,29.394000011961907,29.832700005499646,25.79929999774322,2.2430999961216003,0.0,True,ok,4848,4848
351,111,11.100000000000001,2,215642.0588223,215642.0860032,26.70770001714118,27.180900011444464,23.315300000831485,1.9794999971054494,0.0,True,ok,5030,5030
352,112,11.200000000000001,2,215642.0924587,215642.118736,25.820500013651326,26.277299999492243,22.29540000553243,2.1015999955125153,0.0,True,ok,5114,5114
353,113,11.3,2,215642.1257032,215642.1501569,23.90719999675639,24.45369999622926,19.72919999388978,2.747499995166436,0.0,True,ok,5293,5293
354,114,11.4,2,215642.1587623,215642.1852936,25.966199988033623,26.53129998361692,20.214099989971146,4.269099998055026,0.0,True,ok,5423,5423
355,115,11.5,2,215642.1924089,215642.216572,23.683100007474422,24.163099995348603,19.79550000396557,2.3870000150054693,0.0,True,ok,5340,5340
356,116,11.600000000000001,2,215642.2259201,215642.2508977,24.561500002164394,24.977599998237565,20.57779999449849,2.3883999965619296,0.0,True,ok,5279,5279
357,117,11.700000000000001,2,215642.258949,215642.2838677,24.453599995467812,24.918699986301363,20.71430001524277,2.28169999900274,0.0,True,ok,5498,5498
358,118,11.8,2,215642.2924997,215642.3186508,25.671900017187,26.151099998969585,21.49540002574213,2.68320000031963,0.0,True,ok,5517,5517
359,119,11.9,2,215642.3257658,215642.3506777,24.461999972118065,24.91189999273047,20.213799987686798,2.665100008016452,0.0,True,ok,5266,5266
360,0,0.0,3,215642.3614202,215642.3885425,26.532999996561557,27.12230000179261,22.663200012175366,2.4969000078272074,0.0,True,ok,4708,4708
361,1,0.1,3,215642.3922896,215642.4195344,26.798299979418516,27.244800003245473,21.648199995979667,2.8888000233564526,0.0,True,ok,4681,4681
362,2,0.2,3,215642.4255113,215642.4514485,25.493000022834167,25.93720000004396,21.950400026980788,2.15719998232089,0.0,True,ok,4360,4360
363,3,0.30000000000000004,3,215642.459146,215642.4868771,27.27309998590499,27.7310999808833,23.190799984149635,2.6633000234141946,0.0,True,ok,4532,4532
364,4,0.4,3,215642.4925078,215642.5211406,27.99319999758154,28.632800007471815,24.3058999767527,2.220800000941381,0.0,True,ok,4533,4533
365,5,0.5,3,215642.5258969,215642.5529186,26.441199996042997,27.02169999247417,21.472499996889383,3.2842000073287636,0.0,True,ok,4334,4334
366,6,0.6000000000000001,3,215642.5588512,215642.5834809,24.15610000025481,24.629699997603893,20.603599987225607,2.0275999850127846,0.0,True,ok,4462,4462
367,7,0.7000000000000001,3,215642.5924947,215642.6225247,29.44410001509823,30.030000023543835,25.98599999328144,2.0488000009208918,0.0,True,ok,4479,4479
368,8,0.8,3,215642.6258686,215642.6531872,26.84979999321513,27.318599983118474,23.174500005552545,2.2007999941706657,0.0,True,ok,4534,4534
369,9,0.9,3,215642.6593743,215642.6869873,26.676000008592382,27.612999983830377,23.110699985409155,2.1672000002581626,0.0,True,ok,4491,4491
370,10,1.0,3,215642.692407,215642.717998,25.12050000950694,25.591000012354925,21.387799992226064,2.272200013976544,0.0,True,ok,4600,4600
371,11,1.1,3,215642.7257376,215642.754496,28.29879999626428,28.758400003425777,24.457400024402887,2.262699999846518,0.0,True,ok,4781,4781
372,12,1.2000000000000002,3,215642.7587832,215642.7868434,27.56980000413023,28.06020001298748,22.954899992328137,2.3766999947838485,0.0,True,ok,5044,5044
373,13,1.3,3,215642.7924063,215642.8180551,25.059100007638335,25.648800015915185,21.218999987468123,2.330999996047467,0.0,True,ok,4620,4620
374,14,1.4000000000000001,3,215642.8258578,215642.8499243,23.60630000475794,24.066500016488135,19.48919999995269,2.471899992087856,0.0,True,ok,4785,4785
375,15,1.5,3,215642.8589766,215642.8842851,24.823500018101186,25.308500014944002,21.14120000624098,2.0521999977063388,0.0,True,ok,5045,5045
376,16,1.6,3,215642.8923751,215642.9204168,27.12810001685284,28.041700017638505,23.286699986783788,2.361799997743219,0.0,True,ok,5382,5382
377,17,1.7000000000000002,3,215642.9259401,215642.9577015,30.76409999630414,31.76140002324246,26.546800014330074,2.4842999991960824,0.0,True,ok,5312,5312
378,18,1.8,3,215642.9587562,215642.9835593,24.194300000090152,24.803099979180843,20.557899988489226,2.098099997965619,0.0,True,ok,5363,5363
379,19,1.9000000000000001,3,215642.9920873,215643.0184155,25.27050001663156,26.32820000872016,21.29669999703765,2.4201000051107258,0.0,True,ok,5455,5455
380,20,2.0,3,215643.0257011,215643.0526264,26.447599986568093,26.92529998603277,22.483000007923692,2.3003999958746135,0.0,True,ok,5508,5508
381,21,2.1,3,215643.0592177,215643.085437,25.68069999688305,26.219299994409084,21.710500004701316,2.2387000208254904,0.0,True,ok,5300,5300
382,22,2.2,3,215643.0926072,215643.1228809,29.824299999745563,30.27369998744689,25.691599992569536,2.230000012787059,0.0,True,ok,5384,5384
383,23,2.3000000000000003,3,215643.1259146,215643.15403,27.641199994832277,28.115399996750057,21.24460000777617,4.821799986530095,0.0,True,ok,5355,5355
384,24,2.4000000000000004,3,215643.1589523,215643.1841948,24.729800003115088,25.242500007152557,20.712099998490885,2.5030999968294054,0.0,True,ok,5072,5072
385,25,2.5,3,215643.1926098,215643.2191523,26.09120000852272,26.542500010691583,22.33669999986887,2.2686999873258173,0.0,True,ok,4851,4851
386,26,2.6,3,215643.2259191,215643.2500653,23.577100015245378,24.146200012182817,19.958400022005662,2.135699993232265,0.0,True,ok,4933,4933
387,27,2.7,3,215643.2589862,215643.2888773,29.414799995720387,29.89109998452477,25.2496000030078,2.1425999875646085,0.0,True,ok,4889,4889
388,28,2.8000000000000003,3,215643.2923028,215643.3165359,23.800900002242997,24.23310000449419,19.950399990193546,2.3637999838683754,0.0,True,ok,4508,4508
389,29,2.9000000000000004,3,215643.3258836,215643.3546778,28.367499995511025,28.794200014090165,23.891700024250895,2.859800006262958,0.0,True,ok,4516,4516
390,30,3.0,3,215643.3589087,215643.3831541,23.80190000985749,24.245400010840967,20.33659999142401,2.012899989495054,0.0,True,ok,4326,4326
391,31,3.1,3,215643.3925022,215643.4194052,26.427000004332513,26.90299999085255,20.467900001676753,4.52040001982823,0.0,True,ok,4407,4407
392,32,3.2,3,215643.4254726,215643.4502885,24.37699999427423,24.815899989334866,20.411000004969537,2.590500022051856,0.0,True,ok,4113,4113
393,33,3.3000000000000003,3,215643.4591166,215643.4840591,24.251900002127513,24.942500022007152,20.653200015658513,2.206700009992346,0.0,True,ok,4211,4211
394,34,3.4000000000000004,3,215643.4925333,215643.5175679,24.582500016549602,25.03459999570623,21.124000020790845,2.043800021056086,0.0,True,ok,4198,4198
395,35,3.5,3,215643.52588,215643.5509207,24.566000007325783,25.04070001305081,20.931599981850013,2.285499998833984,0.0,True,ok,4125,4125
396,36,3.6,3,215643.5590888,215643.5859881,26.241400017170236,26.899300020886585,22.780799976317212,2.142799989087507,0.0,True,ok,4267,4267
397,37,3.7,3,215643.5923218,215643.6165101,23.581999994348735,24.188299983507022,20.074700005352497,2.143999998224899,0.0,True,ok,3805,3805
398,38,3.8000000000000003,3,215643.6258817,215643.6506271,23.717100004432723,24.745400005485862,20.056899986229837,2.3059000086504966,0.0,True,ok,3921,3921
399,39,3.9000000000000004,3,215643.6587653,215643.683604,24.229000002378598,24.838699988322333,20.673899998655543,2.205400000093505,0.0,True,ok,3864,3864
400,40,4.0,3,215643.6926385,215643.7175668,24.23600002657622,24.928300001192838,20.596099988324568,2.148500003386289,0.0,True,ok,3828,3828
401,41,4.1000000000000005,3,215643.7254729,215643.7515223,25.067000009585172,26.04940001037903,20.978400018066168,2.72609997773543,0.0,True,ok,3659,3659
402,42,4.2,3,215643.7587815,215643.7858293,26.482999994186684,27.047800016589463,21.46710001397878,3.693200007546693,0.0,True,ok,3989,3989
403,43,4.3,3,215643.7925744,215643.8182625,24.829499976476654,25.68809999502264,21.325599984265864,2.1209999977145344,0.0,True,ok,4294,4294
404,44,4.4,3,215643.8260185,215643.8544763,27.993900002911687,28.457800013711676,24.000000004889444,2.3231999948620796,0.0,True,ok,4623,4623
405,45,4.5,3,215643.859031,215643.8856293,26.007500011473894,26.598299999022856,22.094000014476478,2.533399994717911,0.0,True,ok,4708,4708
406,46,4.6000000000000005,3,215643.8926087,215643.9179694,24.71920000971295,25.36070000496693,20.869200001470745,2.081499987980351,0.0,True,ok,4834,4834
407,47,4.7,3,215643.9259293,215643.9519544,25.037099985638633,26.025099999969825,21.174399997107685,2.276899991557002,0.0,True,ok,4677,4677
408,48,4.800000000000001,3,215643.9589772,215643.9858829,26.248799986205995,26.90569998230785,22.422200010623783,2.442099998006597,0.0,True,ok,4591,4591
409,49,4.9,3,215643.9923401,215644.0210875,28.244799992535263,28.74740000697784,24.721199995838106,2.075600001262501,0.0,True,ok,4442,4442
410,50,5.0,3,215644.0257142,215644.050592,24.415100022451952,24.87780002411455,20.44439999735914,2.5741999852471054,0.0,True,ok,4408,4408
411,51,5.1000000000000005,3,215644.0593659,215644.0883143,28.507799986982718,28.948399994987994,23.5992000089027,3.527000022586435,0.0,True,ok,4418,4418
412,52,5.2,3,215644.0923667,215644.1195408,26.69389999937266,27.17409998876974,23.214499989990145,2.13500001700595,0.0,True,ok,4600,4600
413,53,5.300000000000001,3,215644.1254405,215644.1526186,26.542400009930134,27.178099990123883,22.85089998622425,2.129700005752966,0.0,True,ok,4489,4489
414,54,5.4,3,215644.1589695,215644.1846222,25.007699994603172,25.65270001650788,21.293300000252202,2.363800012972206,0.0,True,ok,4625,4625
415,55,5.5,3,215644.1926559,215644.216829,23.33230001386255,24.173100013285875,19.697700015967712,2.187399979447946,0.0,True,ok,4379,4379
416,56,5.6000000000000005,3,215644.2257129,215644.2525276,26.1713000072632,26.814700016984716,22.807300003478304,2.069700014544651,0.0,True,ok,4212,4212
417,57,5.7,3,215644.2593099,215644.2882366,28.246500005479902,28.92670000437647,24.58729999489151,2.3692000249866396,0.0,True,ok,4229,4229
418,58,5.800000000000001,3,215644.2922527,215644.3185822,25.84670000942424,26.329500018619,22.023300000000745,2.4108999932650477,0.0,True,ok,4294,4294
419,59,5.9,3,215644.3256657,215644.3505359,23.926800000481308,24.87020002445206,19.338299985975027,3.138200001558289,0.0,True,ok,4337,4337
420,60,6.0,3,215644.3591404,215644.3869335,27.01560000423342,27.793100016424432,23.44960000482388,2.2589000000152737,0.0,True,ok,4334,4334
421,61,6.1000000000000005,3,215644.3923608,215644.4185956,25.337400002172217,26.23479999601841,21.385100000770763,2.224500000011176,0.0,True,ok,4169,4169
422,62,6.2,3,215644.4255024,215644.4495834,23.610300006112084,24.081000010482967,20.079100009752437,2.1581000182777643,0.0,True,ok,4172,4172
423,63,6.300000000000001,3,215644.4590983,215644.4847806,25.23170001222752,25.68230000906624,21.33229997707531,2.5560999929439276,0.0,True,ok,4147,4147
424,64,6.4,3,215644.4924106,215644.5182766,25.411599985091016,25.86599998176098,21.790300001157448,2.2560000070370734,0.0,True,ok,4178,4178
425,65,6.5,3,215644.5258425,215644.55054,24.076400004560128,24.697499989997596,20.323700009612367,2.2194000193849206,0.0,True,ok,4169,4169
426,66,6.6000000000000005,3,215644.5589717,215644.5833072,23.872499994467944,24.33549999841489,20.47710001352243,2.026700007263571,0.0,True,ok,4168,4168
427,67,6.7,3,215644.5925692,215644.617745,24.691700004041195,25.175799994030967,21.150600019609556,2.1720000077039003,0.0,True,ok,4086,4086
428,68,6.800000000000001,3,215644.6261001,215644.6550001,28.455299994675443,28.90000000479631,24.767200025962666,2.3267999931704253,0.0,True,ok,4379,4379
429,69,6.9,3,215644.6587419,215644.6885887,29.231699998490512,29.84679999644868,25.356800004374236,2.4050999782048166,0.0,True,ok,4282,4282
430,70,7.0,3,215644.6924599,215644.7210368,28.109600010793656,28.576900018379092,23.697099997662008,2.861999993911013,0.0,True,ok,4247,4247
431,71,7.1000000000000005,3,215644.7255447,215644.7497305,23.71590002439916,24.18580002267845,20.226399996317923,2.1111000096425414,0.0,True,ok,4354,4354
432,72,7.2,3,215644.7592099,215644.7845843,24.840199999744073,25.374400021973997,21.09090000158176,2.363399980822578,0.0,True,ok,4628,4628
433,73,7.300000000000001,3,215644.7921329,215644.8180977,25.499499985016882,25.964799977373332,20.768599992152303,3.3885999873746186,0.0,True,ok,4287,4287
434,74,7.4,3,215644.8255049,215644.8512051,25.124700012383983,25.700199999846518,21.431100001791492,2.1302999812178314,0.0,True,ok,4455,4455
435,75,7.5,3,215644.8591884,215644.8868846,26.991200022166595,27.696200006175786,22.68769999500364,2.8986000106669962,0.0,True,ok,4560,4560
436,76,7.6000000000000005,3,215644.8927161,215644.9213263,28.153800027212128,28.610200010007247,23.50440001464449,2.5334999954793602,0.0,True,ok,4662,4662
437,77,7.7,3,215644.9258478,215644.9492345,22.91920001152903,23.386699991533533,19.436199974734336,2.1129999950062484,0.0,True,ok,4381,4381
438,78,7.800000000000001,3,215644.9588843,215644.9823998,22.965400014072657,23.515500011853874,19.470600003842264,2.1271999867167324,0.0,True,ok,4350,4350
439,79,7.9,3,215644.9925403,215645.0193053,25.804000004427508,26.76499998779036,22.37530000275001,2.0674999977927655,0.0,True,ok,4058,4058
440,80,8.0,3,215645.0258223,215645.0544607,27.95629997854121,28.638399991905317,24.56950000487268,2.064999978756532,0.0,True,ok,4074,4074
441,81,8.1,3,215645.058864,215645.0870651,27.631600009044632,28.20110000902787,23.84629999869503,2.4671999854035676,0.0,True,ok,4079,4079
442,82,8.200000000000001,3,215645.0924473,215645.1218957,28.842100000474602,29.44839998963289,25.372900010552257,2.0893999899271876,0.0,True,ok,4288,4288
443,83,8.3,3,215645.1253957,215645.1558616,30.0246000115294,30.465900024864823,25.570700003299862,2.1059999999124557,0.0,True,ok,4269,4269
444,84,8.4,3,215645.1590897,215645.1835944,24.055100016994402,24.504700006218627,20.65479999873787,2.116200019372627,0.0,True,ok,3996,3996
445,85,8.5,3,215645.192511,215645.2163247,23.127400025259703,23.81370001239702,19.504900003084913,2.3095000069588423,0.0,True,ok,4318,4318
446,86,8.6,3,215645.2259513,215645.2499748,23.379500024020672,24.023500009207055,19.686900021042675,2.156399976229295,0.0,True,ok,4410,4410
447,87,8.700000000000001,3,215645.2590069,215645.2867821,27.299500012304634,27.775199996540323,21.600699983537197,3.656999993836507,0.0,True,ok,4345,4345
448,88,8.8,3,215645.292192,215645.3173621,24.6939999924507,25.170100008836016,21.258699998725206,2.1585000213235617,0.0,True,ok,3995,3995
449,89,8.9,3,215645.32557,215645.3510046,24.739000014960766,25.43460001470521,21.208399994065985,2.203500014729798,0.0,True,ok,4114,4114
450,90,9.0,3,215645.3591394,215645.3852018,25.497199996607378,26.062399992952123,22.113399987574667,2.0487000001594424,0.0,True,ok,4407,4407
451,91,9.1,3,215645.3924811,215645.4177832,24.65530001791194,25.302100024418905,20.125600014580414,3.171700023813173,0.0,True,ok,4504,4504
452,92,9.200000000000001,3,215645.4256011,215645.4510056,24.924500001361594,25.404500018339604,21.17789999465458,2.394099981756881,0.0,True,ok,4602,4602
453,93,9.3,3,215645.4591792,215645.4855941,25.69700000458397,26.414899999508634,21.7871000058949,2.3299999884329736,0.0,True,ok,4719,4719
454,94,9.4,3,215645.4922818,215645.523475,30.503899994073436,31.193200004054233,26.439700013725087,2.5825999910011888,0.0,True,ok,4623,4623
455,95,9.5,3,215645.5258653,215645.5514635,25.145000021439046,25.598200008971617,21.198000002186745,2.317799982847646,0.0,True,ok,4555,4555
456,96,9.600000000000001,3,215645.5589305,215645.585525,25.66020001540892,26.594499999191612,21.892599994316697,2.456299989717081,0.0,True,ok,4902,4902
457,97,9.700000000000001,3,215645.592506,215645.6189315,25.940399995306507,26.425500022014603,22.476899990579113,2.1028000046499074,0.0,True,ok,4793,4793
458,98,9.8,3,215645.6256683,215645.6504911,24.199600011343136,24.82280001277104,20.749399991473183,2.1148000087123364,0.0,True,ok,4857,4857
459,99,9.9,3,215645.6593043,215645.6835742,23.725699982605875,24.26989999366924,20.308799983467907,2.0786999957636,0.0,True,ok,4985,4985
460,100,10.0,3,215645.6921008,215645.7174432,24.69970000674948,25.342400011140853,21.26089998637326,2.087300003040582,0.0,True,ok,4973,4973
461,101,10.100000000000001,3,215645.7253776,215645.7558595,30.030199995962903,30.481900001177564,26.736300002085045,1.9946999964304268,0.0,True,ok,4507,4507
462,102,10.200000000000001,3,215645.7591379,215645.7845463,24.72929999930784,25.408400018932298,20.589199993992224,2.6837000041268766,0.0,True,ok,4834,4834
463,103,10.3,3,215645.7924191,215645.8197669,26.70280000893399,27.347800001734868,21.045900008175522,4.319200001191348,0.0,True,ok,4943,4943
464,104,10.4,3,215645.8257336,215645.8521925,25.988000008510426,26.458899985300377,22.095499996794388,2.5749999913387,0.0,True,ok,5082,5082
465,105,10.5,3,215645.8587466,215645.8854675,25.974299991503358,26.72090000123717,21.07149999937974,3.565599996363744,0.0,True,ok,4986,4986
466,106,10.600000000000001,3,215645.892561,215645.9168238,23.63440001499839,24.26280002691783,20.219799975166097,2.1348999871406704,0.0,True,ok,5037,5037
467,107,10.700000000000001,3,215645.9256819,215645.9497229,23.5707999963779,24.040999996941537,20.065899996552616,2.1880999847780913,0.0,True,ok,5162,5162
468,108,10.8,3,215645.9592722,215645.9861116,26.40200001769699,26.83940000133589,22.524899977725,2.503900002921,0.0,True,ok,4884,4884
469,109,10.9,3,215645.9921442,215646.022723,30.105300014838576,30.57880001142621,26.674199994886294,2.1448999759741127,0.0,True,ok,4890,4890
470,110,11.0,3,215646.0257003,215646.0527499,26.548499998170882,27.04960000119172,20.82710000104271,4.453100002137944,0.0,True,ok,4848,4848
471,111,11.100000000000001,3,215646.0587404,215646.0868877,27.71649998612702,28.14729997771792,24.32920000865124,2.133700007107109,0.0,True,ok,5030,5030
472,112,11.200000000000001,3,215646.0925124,215646.1195982,26.638699986506253,27.085799985798076,23.240699985763058,2.1132999972905964,0.0,True,ok,5114,5114
473,113,11.3,3,215646.1258423,215646.1539969,27.670099982060492,28.154599975096062,23.21959999972023,2.638300007674843,0.0,True,ok,5293,5293
474,114,11.4,3,215646.1589517,215646.1839012,24.381600000197068,24.949500017100945,20.68899999721907,2.3477000067941844,0.0,True,ok,5423,5423
475,115,11.5,3,215646.1924085,215646.2171746,24.158699990948662,24.766099988482893,20.524299994576722,2.3307000228669494,0.0,True,ok,5340,5340
476,116,11.600000000000001,3,215646.2257874,215646.2522101,25.861100002657622,26.42270000069402,22.1216999925673,2.4265999963972718,0.0,True,ok,5279,5279
477,117,11.700000000000001,3,215646.259126,215646.2873547,27.684100001351908,28.228700015461072,24.066799989668652,2.3059999803081155,0.0,True,ok,5498,5498
478,118,11.8,3,215646.2923186,215646.3163137,23.52789998985827,23.995099996682256,20.032500004163012,2.1715000038966537,0.0,True,ok,5517,5517
479,119,11.9,3,215646.3256254,215646.3498829,23.695699987001717,24.257499986561015,20.010200008982792,2.3520000104326755,0.0,True,ok,5266,5266
480,0,0.0,4,215646.3620176,215646.3854003,22.92180000222288,23.38269999017939,19.38220000010915,2.210100006777793,0.0,True,ok,4708,4708
481,1,0.1,4,215646.392437,215646.4190656,25.95479998853989,26.628599996911362,22.491399984573945,2.1203000214882195,0.0,True,ok,4681,4681
482,2,0.2,4,215646.4258657,215646.4531996,26.878099975874647,27.3338999832049,22.7145999961067,2.8316999960225075,0.0,True,ok,4360,4360
483,3,0.30000000000000004,4,215646.4588459,215646.4827348,23.448599997209385,23.888900002930313,19.81960001285188,2.2077000176068395,0.0,True,ok,4532,4532
484,4,0.4,4,215646.4921723,215646.5167668,24.11299999221228,24.5944999915082,20.366799988551065,2.1808999881614,0.0,True,ok,4533,4533
485,5,0.5,4,215646.5258337,215646.5499716,23.672700015595183,24.137900007190183,20.01350000500679,2.352100011194125,0.0,True,ok,4334,4334
486,6,0.6000000000000001,4,215646.5591018,215646.5856182,26.081300020450726,26.51640001568012,21.97189998696558,2.82389999483712,0.0,True,ok,4462,4462
487,7,0.7000000000000001,4,215646.5922683,215646.622328,29.47489998769015,30.059699987759814,25.232299987692386,2.796700020553544,0.0,True,ok,4479,4479
488,8,0.8,4,215646.6256742,215646.6497996,23.638700018636882,24.125399999320507,20.18809999572113,2.1487000049091876,0.0,True,ok,4534,4534
489,9,0.9,4,215646.6593522,215646.684442,24.629599996842444,25.089800008572638,21.114000002853572,2.192599989939481,0.0,True,ok,4491,4491
490,10,1.0,4,215646.6924858,215646.7224317,29.49000001535751,29.945899994345382,23.632700002053753,4.504999989876524,0.0,True,ok,4600,4600
491,11,1.1,4,215646.725537,215646.7496547,23.65799999097362,24.11769999889657,19.368100009160116,2.1997999865561724,0.0,True,ok,4781,4781
492,12,1.2000000000000002,4,215646.7591201,215646.7842746,24.70410001114942,25.15450000646524,20.50230000168085,2.855200000340119,0.0,True,ok,5044,5044
493,13,1.3,4,215646.792626,215646.8176212,24.41099999123253,24.995199986733496,20.80900000873953,2.281100023537874,0.0,True,ok,4620,4620
494,14,1.4000000000000001,4,215646.8255119,215646.8546,28.629299980821088,29.08809998189099,24.83009998104535,2.4839999969117343,0.0,True,ok,4785,4785
495,15,1.5,4,215646.8591192,215646.8839597,24.28670000517741,24.84050000202842,20.837599993683398,2.114499977324158,0.0,True,ok,5045,5045
496,16,1.6,4,215646.8928133,215646.9186993,25.324699992779642,25.886000017635524,20.909199985908344,3.0624999781139195,0.0,True,ok,5382,5382
497,17,1.7000000000000002,4,215646.9257043,215646.9497639,23.543899995274842,24.05959999305196,19.97929997742176,2.2006999934092164,0.0,True,ok,5312,5312
498,18,1.8,4,215646.9589253,215646.9842954,24.915100017096847,25.370100018335506,21.315600024536252,2.214300009654835,0.0,True,ok,5363,5363
499,19,1.9000000000000001,4,215646.9924207,215647.0168824,23.841599992010742,24.461699998937547,20.0520999787841,2.4204000073950738,0.0,True,ok,5455,5455
500,20,2.0,4,215647.0259249,215647.0530502,26.606200000969693,27.12529999553226,22.947499994188547,2.3434000031556934,0.0,True,ok,5508,5508
501,21,2.1,4,215647.0590771,215647.0846578,24.85990000423044,25.580699992133304,21.31710000685416,2.085400017676875,0.0,True,ok,5300,5300
502,22,2.2,4,215647.0924082,215647.117381,23.734899994451553,24.972799990791827,20.062900002812967,2.35719999182038,0.0,True,ok,5384,5384
503,23,2.3000000000000003,4,215647.1257606,215647.1506023,24.306300008902326,24.841700011165813,20.23710001958534,2.692599984584376,0.0,True,ok,5355,5355
504,24,2.4000000000000004,4,215647.1588933,215647.1834419,24.076900008367375,24.54860002035275,20.464600005652755,2.3264999908860773,0.0,True,ok,5072,5072
505,25,2.5,4,215647.1925292,215647.2169159,23.894400015706196,24.386700009927154,20.206900022458285,2.3973000061232597,0.0,True,ok,4851,4851
506,26,2.6,4,215647.225531,215647.2511257,25.13529997668229,25.59469998232089,21.542000002227724,2.206600009230897,0.0,True,ok,4933,4933
507,27,2.7,4,215647.2592976,215647.286135,25.822399999015033,26.837400015210733,22.58719998644665,1.9425000064074993,0.0,True,ok,4889,4889
508,28,2.8000000000000003,4,215647.2922759,215647.3185252,25.661100022261962,26.249300019117072,21.388100023614243,2.7166999934706837,0.0,True,ok,4508,4508
509,29,2.9000000000000004,4,215647.3256574,215647.3567371,30.598999990615994,31.07969998382032,26.622200006386265,1.9963000086136162,0.0,True,ok,4516,4516
510,30,3.0,4,215647.3592268,215647.3835221,23.824699979741126,24.29529998335056,20.458599989069626,2.13350000558421,0.0,True,ok,4326,4326
511,31,3.1,4,215647.3923861,215647.4187337,25.662300002295524,26.34760001092218,22.33539998997003,2.0425999828148633,0.0,True,ok,4407,4407
512,32,3.2,4,215647.4258304,215647.4508182,24.524400010704994,24.987800017697737,20.62830000068061,2.532299986341968,0.0,True,ok,4113,4113
513,33,3.3000000000000003,4,215647.4590736,215647.4864975,26.781799999298528,27.423899999121204,20.56340000126511,4.65519999852404,0.0,True,ok,4211,4211
514,34,3.4000000000000004,4,215647.4925156,215647.517829,24.826099979691207,25.31339999404736,20.162800006801262,3.300900018075481,0.0,True,ok,4198,4198
515,35,3.5,4,215647.5258611,215647.5509198,24.091800005408004,25.058700004592538,20.403900009114295,2.4892000074032694,0.0,True,ok,4125,4125
516,36,3.6,4,215647.5588714,215647.5873462,27.762899990193546,28.47479999763891,23.933099990244955,2.6159000117331743,0.0,True,ok,4267,4267
517,37,3.7,4,215647.5924785,215647.6196023,26.50269999867305,27.12379998411052,20.427300012670457,4.685999971115962,0.0,True,ok,3805,3805
518,38,3.8000000000000003,4,215647.6258786,215647.6505738,24.224699998740107,24.69520000158809,20.630099985282868,2.300199994351715,0.0,True,ok,3921,3921
519,39,3.9000000000000004,4,215647.6589124,215647.6830588,23.43900001142174,24.146400013705716,19.960600009653717,2.2732999932486564,0.0,True,ok,3864,3864
520,40,4.0,4,215647.6922239,215647.7162511,23.33680001902394,24.02720000827685,19.842800014885142,2.1123999904375523,0.0,True,ok,3828,3828
521,41,4.1000000000000005,4,215647.7256163,215647.7518899,25.80200001830235,26.273600000422448,22.358100017299876,2.208899997640401,0.0,True,ok,3659,3659
522,42,4.2,4,215647.7591959,215647.7837569,24.024999991524965,24.560999998357147,20.465900015551597,2.3545000003650784,0.0,True,ok,3989,3989
523,43,4.3,4,215647.7925869,215647.8179137,24.858999997377396,25.32680000877008,21.361299994168803,2.3019999789539725,0.0,True,ok,4294,4294
524,44,4.4,4,215647.8259622,215647.8526359,26.020599994808435,26.673699991079047,22.303400008240715,2.4775000056251884,0.0,True,ok,4623,4623
525,45,4.5,4,215647.8589782,215647.8827098,23.201100004371256,23.731599998427555,19.615400000475347,2.340299979550764,0.0,True,ok,4708,4708
526,46,4.6000000000000005,4,215647.8923649,215647.91853,25.70289999130182,26.16509998915717,20.392300008097664,2.824499999405816,0.0,True,ok,4834,4834
527,47,4.7,4,215647.9257003,215647.949252,23.075599980074912,23.55169999646023,19.541699992259964,2.296899998327717,0.0,True,ok,4677,4677
528,48,4.800000000000001,4,215647.9589507,215647.9844129,25.006199983181432,25.462199992034584,21.726699982536957,2.0812000147998333,0.0,True,ok,4591,4591
529,49,4.9,4,215647.9922734,215648.0209344,28.086000005714595,28.660999989369884,24.553800001740456,2.061800012597814,0.0,True,ok,4442,4442
530,50,5.0,4,215648.0257818,215648.0520748,25.808900012634695,26.293000002624467,22.20050001051277,2.300599997397512,0.0,True,ok,4408,4408
531,51,5.1000000000000005,4,215648.0588794,215648.0838833,24.55179998651147,25.003899994771928,20.91299998573959,2.372499991906807,0.0,True,ok,4418,4418
532,52,5.2,4,215648.0924191,215648.1170846,24.20939999865368,24.665500008268282,20.28040000004694,2.1219999762251973,0.0,True,ok,4600,4600
533,53,5.300000000000001,4,215648.125964,215648.151511,24.914100009482354,25.546999997459352,21.274900005664676,2.3703999759163707,0.0,True,ok,4489,4489
534,54,5.4,4,215648.1589701,215648.1917101,32.17620000941679,32.740000024205074,28.321799996774644,2.45060000452213,0.0,True,ok,4625,4625
535,55,5.5,4,215648.1924733,215648.2184877,25.53120002266951,26.014400005806237,21.929900016402826,2.406900021014735,0.0,True,ok,4379,4379
536,56,5.6000000000000005,4,215648.2258156,215648.2496174,23.3410999935586,23.80180000909604,19.992199988337234,2.1287999988999218,0.0,True,ok,4212,4212
537,57,5.7,4,215648.2588414,215648.2837706,24.500100000295788,24.929200008045882,21.05199999641627,2.253199985716492,0.0,True,ok,4229,4229
538,58,5.800000000000001,4,215648.2921231,215648.319266,26.737500011222437,27.14290001313202,21.408400003565475,4.068899987032637,0.0,True,ok,4294,4294
539,59,5.9,4,215648.3256431,215648.3502511,24.05209999415092,24.60800000699237,20.44299998669885,2.280299988342449,0.0,True,ok,4337,4337
540,60,6.0,4,215648.3591649,215648.3833556,23.725800012471154,24.190700001781806,20.195300021441653,2.254099992569536,0.0,True,ok,4334,4334
541,61,6.1000000000000005,4,215648.3924592,215648.418073,25.010000012116507,25.61380001134239,21.500400005606934,2.2693999926559627,0.0,True,ok,4169,4169
542,62,6.2,4,215648.4256895,215648.4522064,26.07199997873977,26.516899990383536,22.71760001895018,2.1123000187799335,0.0,True,ok,4172,4172
543,63,6.300000000000001,4,215648.4588048,215648.4844013,24.93970000068657,25.596499996026978,21.045300003606826,2.492500003427267,0.0,True,ok,4147,4147
544,64,6.4,4,215648.4924873,215648.5179258,24.944000004325062,25.438499986194074,21.567999996477738,2.149899984942749,0.0,True,ok,4178,4178
545,65,6.5,4,215648.5255778,215648.5517831,25.72820000932552,26.2053000042215,21.260200010146946,3.021600015927106,0.0,True,ok,4169,4169
546,66,6.6000000000000005,4,215648.5591613,215648.5832003,23.35919998586178,24.03899998171255,19.670199981192127,2.406999992672354,0.0,True,ok,4168,4168
547,67,6.7,4,215648.5925396,215648.6183167,25.103600026341155,25.77710000332445,21.583100024145097,2.142499986803159,0.0,True,ok,4086,4086
548,68,6.800000000000001,4,215648.6255188,215648.650473,24.4955999951344,24.954199994681403,20.871800021268427,2.3609999916516244,0.0,True,ok,4379,4379
549,69,6.9,4,215648.659111,215648.6833727,23.63330000662245,24.261700018541887,20.05079999798909,2.2601999808102846,0.0,True,ok,4282,4282
550,70,7.0,4,215648.6921734,215648.7169681,24.313800007803366,24.79470000253059,20.623599993996322,2.3947999870870262,0.0,True,ok,4247,4247
551,71,7.1000000000000005,4,215648.7255233,215648.7501528,24.011700006667525,24.629499996080995,20.69509998545982,2.0665000192821026,0.0,True,ok,4354,4354
552,72,7.2,4,215648.7591628,215648.7840941,24.267700006021187,24.931299994932488,20.82529998733662,2.1672000002581626,0.0,True,ok,4628,4628
553,73,7.300000000000001,4,215648.7924771,215648.8178076,24.860199977410957,25.330499978736043,20.163500012131408,3.4013999975286424,0.0,True,ok,4287,4287
554,74,7.4,4,215648.8258358,215648.8497081,23.384700005408376,23.872299992945045,19.87569997436367,2.1692999871447682,0.0,True,ok,4455,4455
555,75,7.5,4,215648.8589113,215648.8834634,23.921000014524907,24.552100017899647,20.51880001090467,2.102000027662143,0.0,True,ok,4560,4560
556,76,7.6000000000000005,4,215648.8922428,215648.9160243,23.215900000650436,23.781500000040978,19.608300004620105,2.153599984012544,0.0,True,ok,4662,4662
557,77,7.7,4,215648.9256319,215648.9500669,23.65099999587983,24.434999999357387,20.082100003492087,2.282000001287088,0.0,True,ok,4381,4381
558,78,7.800000000000001,4,215648.9590989,215648.9859078,26.13099999143742,26.808900001924485,22.12939999299124,2.719400014029816,0.0,True,ok,4350,4350
559,79,7.9,4,215648.992407,215649.0198282,26.702300005126745,27.421199978562072,23.290300014195964,2.1308999857865274,0.0,True,ok,4058,4058
560,80,8.0,4,215649.0261078,215649.0521688,25.6152999936603,26.061000011395663,21.17349999025464,2.818800014210865,0.0,True,ok,4074,4074
561,81,8.1,4,215649.0592847,215649.0836076,23.72370002558455,24.322900018887594,20.36630001384765,2.133200003299862,0.0,True,ok,4079,4079
562,82,8.200000000000001,4,215649.0921673,215649.1184413,25.763300014659762,26.274000003468245,22.423100017476827,2.0637999987229705,0.0,True,ok,4288,4288
563,83,8.3,4,215649.125509,215649.1492018,23.10590000706725,23.692799994023517,19.679199991514906,2.1763999830000103,0.0,True,ok,4269,4269
564,84,8.4,4,215649.1593341,215649.1835543,23.7720999866724,24.220199993578717,20.023199991555884,2.295200014486909,0.0,True,ok,3996,3996
565,85,8.5,4,215649.1922534,215649.2187657,25.891900004353374,26.512300013564527,22.24930000375025,2.333400014322251,0.0,True,ok,4318,4318
566,86,8.6,4,215649.2258929,215649.2546691,27.82569997361861,28.776199993444607,24.115000007441267,2.386300009675324,0.0,True,ok,4410,4410
567,87,8.700000000000001,4,215649.2592312,215649.2844497,24.750600015977398,25.2184999990277,21.374399977503344,2.076899982057512,0.0,True,ok,4345,4345
568,88,8.8,4,215649.2925933,215649.3182114,25.051600008737296,25.618100014980882,21.353999996790662,2.4320999800693244,0.0,True,ok,3995,3995
569,89,8.9,4,215649.3255166,215649.3506359,24.633599998196587,25.11930000036955,20.523800019873306,2.370000001974404,0.0,True,ok,4114,4114
570,90,9.0,4,215649.3591719,215649.384076,24.42559998598881,24.90409999154508,21.111000009113923,2.0212999952491373,0.0,True,ok,4407,4407
571,91,9.1,4,215649.3921546,215649.4179846,25.304000009782612,25.829999998677522,21.591900003841147,2.29800000670366,0.0,True,ok,4504,4504
572,92,9.200000000000001,4,215649.4255364,215649.4537148,27.694999997038394,28.17840001080185,24.24800000153482,2.195300010498613,0.0,True,ok,4602,4602
573,93,9.3,4,215649.4591338,215649.4868631,27.271500002825633,27.729299996281043,23.35880001191981,2.5639999948907644,0.0,True,ok,4719,4719
574,94,9.4,4,215649.4921781,215649.5164562,23.6614000168629,24.278100027004257,20.07400000002235,2.300199994351715,0.0,True,ok,4623,4623
575,95,9.5,4,215649.5254827,215649.5502637,24.185999995097518,24.780999985523522,20.565800019539893,2.3071000177878886,0.0,True,ok,4555,4555
576,96,9.600000000000001,4,215649.5588416,215649.5832276,23.91739998711273,24.38600000459701,20.320999989053234,2.2738999978173524,0.0,True,ok,4902,4902
577,97,9.700000000000001,4,215649.5922166,215649.6193908,26.661200012313202,27.17420001863502,22.898700000951067,2.128599997377023,0.0,True,ok,4793,4793
578,98,9.8,4,215649.6255345,215649.6494597,23.355500015895814,23.92520001740195,19.88150001852773,2.1135999995749444,0.0,True,ok,4857,4857
579,99,9.9,4,215649.6590948,215649.6863144,26.57990000443533,27.219599985983223,22.000700002536178,3.1997999758459628,0.0,True,ok,4985,4985
580,100,10.0,4,215649.6921384,215649.7167098,23.948000016389415,24.571400019340217,20.206500019412488,2.2692999918945134,0.0,True,ok,4973,4973
581,101,10.100000000000001,4,215649.7255896,215649.754747,28.69740000460297,29.157399985706434,25.221599993528798,2.1367000008467585,0.0,True,ok,4507,4507
582,102,10.200000000000001,4,215649.7591769,215649.7840294,24.333400011528283,24.85250000609085,20.188700000289828,2.4271000002045184,0.0,True,ok,4834,4834
583,103,10.3,4,215649.7926189,215649.8180095,24.388100020587444,25.390599999809638,20.835400006035343,2.1548999939113855,0.0,True,ok,4943,4943
584,104,10.4,4,215649.825549,215649.8513221,25.308500014944002,25.773100001970306,21.782200026791543,2.1106000058352947,0.0,True,ok,5082,5082
585,105,10.5,4,215649.8592065,215649.8855866,25.885399983962998,26.38009999645874,22.274099988862872,2.0379000052344054,0.0,True,ok,4986,4986
586,106,10.600000000000001,4,215649.892207,215649.9169636,23.989400011487305,24.756600003456697,20.402699999976903,2.1253000013530254,0.0,True,ok,5037,5037
587,107,10.700000000000001,4,215649.9255157,215649.9506974,24.651699990499765,25.181700009852648,20.081099995877594,3.105800016783178,0.0,True,ok,5162,5162
588,108,10.8,4,215649.9590766,215649.9838745,24.266199994599447,24.797899997793138,20.6297000113409,2.333400014322251,0.0,True,ok,4884,4884
589,109,10.9,4,215649.992437,215650.0176561,24.480200023390353,25.219100003596395,20.750499999849126,2.380799996899441,0.0,True,ok,4890,4890
590,110,11.0,4,215650.025815,215650.0515954,25.169900007313117,25.780399999348447,21.608300012303516,2.2090999991633,0.0,True,ok,4848,4848
591,111,11.100000000000001,4,215650.0587948,215650.0835065,24.180600012186915,24.71170001081191,20.70250001270324,2.1254000021144748,0.0,True,ok,5030,5030
592,112,11.200000000000001,4,215650.0925392,215650.1189041,25.901799992425367,26.36489999713376,22.415699990233406,2.09500000346452,0.0,True,ok,5114,5114
593,113,11.3,4,215650.1255596,215650.1508454,24.823999992804602,25.285799987614155,21.053999982541427,2.3338000173680484,0.0,True,ok,5293,5293
594,114,11.4,4,215650.1589372,215650.1833236,23.899200023151934,24.386400007642806,20.062800002051517,2.325499983271584,0.0,True,ok,5423,5423
595,115,11.5,4,215650.1925503,215650.2168308,23.805500008165836,24.28049998707138,20.19260000088252,2.210700011346489,0.0,True,ok,5340,5340
596,116,11.600000000000001,4,215650.2259122,215650.2552292,28.836899989983067,29.317000007722527,25.008600001456216,2.413100010016933,0.0,True,ok,5279,5279
597,117,11.700000000000001,4,215650.2589035,215650.2846236,25.014499988174066,25.720099976751953,21.38570000533946,2.245100011350587,0.0,True,ok,5498,5498
598,118,11.8,4,215650.2926165,215650.3183407,25.116700009675696,25.724200007971376,21.343100001104176,2.3339999897871166,0.0,True,ok,5517,5517
599,119,11.9,4,215650.325908,215650.3514177,25.011899997480214,25.509700004477054,21.162199991522357,2.377400000113994,0.0,True,ok,5266,5266
600,0,0.0,5,215650.3619591,215650.3874858,24.992399994516745,25.52669998840429,21.09080000082031,2.434799971524626,0.0,True,ok,4708,4708
601,1,0.1,5,215650.3925035,215650.4180286,25.039899977855384,25.5250999762211,20.885100006125867,2.1881000138819218,0.0,True,ok,4681,4681
602,2,0.2,5,215650.4256717,215650.4514488,24.601500015705824,25.77710000332445,21.115300012752414,2.060500002698973,0.0,True,ok,4360,4360
603,3,0.30000000000000004,5,215650.4591307,215650.4848431,25.2156000060495,25.712400005431846,21.559999993769452,2.2606000129599124,0.0,True,ok,4532,4532
604,4,0.4,5,215650.4923012,215650.5172092,24.225300003308803,24.908000021241605,20.502999977907166,2.1158999879844487,0.0,True,ok,4533,4533
605,5,0.5,5,215650.5256986,215650.5521705,25.526000012177974,26.47190002608113,20.008000021334738,4.080099985003471,0.0,True,ok,4334,4334
606,6,0.6000000000000001,5,215650.5591194,215650.5877533,28.18009999464266,28.633900015847757,24.627799983136356,2.1560000022873282,0.0,True,ok,4462,4462
607,7,0.7000000000000001,5,215650.5924451,215650.6172017,24.128799996105954,24.756600003456697,20.707399991806597,2.0290999964345247,0.0,True,ok,4479,4479
608,8,0.8,5,215650.6257157,215650.6517287,25.54589998908341,26.012999995145947,21.82249998440966,2.187900012359023,0.0,True,ok,4534,4534
609,9,0.9,5,215650.6592675,215650.6852393,25.285899988375604,25.971799972467124,21.747599996160716,2.0975999941583723,0.0,True,ok,4491,4491
610,10,1.0,5,215650.6923765,215650.7213252,28.481199988164008,28.948699997272342,24.744599999394268,2.334399992832914,0.0,True,ok,4600,4600
611,11,1.1,5,215650.7259112,215650.7524726,26.095200009876862,26.561400009086356,22.344799974234775,2.329799986910075,0.0,True,ok,4781,4781
612,12,1.2000000000000002,5,215650.7591414,215650.7881539,28.583700011949986,29.012500017415732,24.199899984523654,2.152599976398051,0.0,True,ok,5044,5044
613,13,1.3,5,215650.7923157,215650.8200253,26.71479998389259,27.709599991794676,20.928200014168397,4.4089999864809215,0.0,True,ok,4620,4620
614,14,1.4000000000000001,5,215650.825518,215650.8512515,24.820599996019155,25.733499991474673,20.907600002828985,2.4662000068929046,0.0,True,ok,4785,4785
615,15,1.5,5,215650.8590886,215650.8827925,22.98839998547919,23.703899991232902,19.39109998056665,2.1336000063456595,0.0,True,ok,5045,5045
616,16,1.6,5,215650.892451,215650.9178585,24.95469999848865,25.407500012079254,20.697300002211705,2.7823999989777803,0.0,True,ok,5382,5382
617,17,1.7000000000000002,5,215650.9258261,215650.9517843,25.50869999686256,25.958200014429167,20.854200003668666,2.3840999929234385,0.0,True,ok,5312,5312
618,18,1.8,5,215650.9588436,215650.9846289,25.361700012581423,25.785300007555634,21.531700011109933,2.2806999913882464,0.0,True,ok,5363,5363
619,19,1.9000000000000001,5,215650.9921517,215651.0162561,23.630800016690046,24.10440001403913,19.84589998028241,2.2785000037401915,0.0,True,ok,5455,5455
620,20,2.0,5,215651.0259014,215651.051455,25.073900003917515,25.553600018611178,21.15429998957552,2.2692000202368945,0.0,True,ok,5508,5508
621,21,2.1,5,215651.0589118,215651.0830235,23.5056999954395,24.11169998231344,19.84620001167059,2.1249000274110585,0.0,True,ok,5300,5300
622,22,2.2,5,215651.0923077,215651.1210455,27.989399997750297,28.737800021190196,24.30879999883473,2.2028000093996525,0.0,True,ok,5384,5384
623,23,2.3000000000000003,5,215651.1258938,215651.1508979,24.41819998784922,25.004099996294826,19.761100003961474,2.951599977677688,0.0,True,ok,5355,5355
624,24,2.4000000000000004,5,215651.1590428,215651.1853351,25.63609997741878,26.29229999729432,21.431999979540706,2.7833999774884433,0.0,True,ok,5072,5072
625,25,2.5,5,215651.1923825,215651.2184785,25.46299999812618,26.095999986864626,21.269399992888793,2.6510999887250364,0.0,True,ok,4851,4851
626,26,2.6,5,215651.2256686,215651.2502862,24.070899991784245,24.617599992780015,20.519700017757714,2.147699997294694,0.0,True,ok,4933,4933
627,27,2.7,5,215651.259245,215651.2850852,25.306199997430667,25.840200018137693,21.50709999841638,2.1871000062674284,0.0,True,ok,4889,4889
628,28,2.8000000000000003,5,215651.2922923,215651.3179658,24.9885999946855,25.67350000026636,21.239299996523187,2.318300015758723,0.0,True,ok,4508,4508
629,29,2.9000000000000004,5,215651.3258052,215651.351806,25.54559998679906,26.00079998956062,21.842399990418926,2.1149999811314046,0.0,True,ok,4516,4516
630,30,3.0,5,215651.3588149,215651.3833133,24.008700012927875,24.49839998735115,20.447299990337342,2.163900004234165,0.0,True,ok,4326,4326
631,31,3.1,5,215651.3922285,215651.4174951,24.691700004041195,25.266600016038865,21.218699985183775,1.953200000571087,0.0,True,ok,4407,4407
632,32,3.2,5,215651.4255874,215651.4518416,25.69400001084432,26.25419999822043,22.325500001898035,1.9967999833170325,0.0,True,ok,4113,4113
633,33,3.3000000000000003,5,215651.4590001,215651.4833668,23.88510000309907,24.36670000315644,20.347200013929978,2.143299992894754,0.0,True,ok,4211,4211
634,34,3.4000000000000004,5,215651.4926825,215651.5200766,26.926199992885813,27.394100005039945,23.020399996312335,2.1505000186152756,0.0,True,ok,4198,4198
635,35,3.5,5,215651.5256793,215651.5511418,24.89530001184903,25.462500023422763,21.085200016386807,2.2748999763280153,0.0,True,ok,4125,4125
636,36,3.6,5,215651.5591463,215651.5878973,28.106999990995973,28.751000005286187,21.220199996605515,4.073400021297857,0.0,True,ok,4267,4267
637,37,3.7,5,215651.5921167,215651.6161547,23.463099991204217,24.038000003201887,20.009500003652647,2.1089999936521053,0.0,True,ok,3805,3805
638,38,3.8000000000000003,5,215651.6254078,215651.6494551,23.396500007947907,24.047300015809014,19.70080001046881,2.3210999788716435,0.0,True,ok,3921,3921
639,39,3.9000000000000004,5,215651.6592467,215651.6834752,23.74880001298152,24.22849999857135,20.172299991827458,2.225100004579872,0.0,True,ok,3864,3864
640,40,4.0,5,215651.6924243,215651.7173149,24.282399972435087,24.890599976060912,20.909200015012175,2.0499000092968345,0.0,True,ok,3828,3828
641,41,4.1000000000000005,5,215651.7258185,215651.7528729,25.97119999700226,27.054399979533628,21.31130002089776,2.1167999948374927,0.0,True,ok,3659,3659
642,42,4.2,5,215651.7587696,215651.7843389,24.952400010079145,25.56929999263957,21.291200013365597,2.289199997903779,0.0,True,ok,3989,3989
643,43,4.3,5,215651.7926538,215651.8163476,23.044400004437193,23.69380000163801,19.541499990737066,2.088599983835593,0.0,True,ok,4294,4294
644,44,4.4,5,215651.825531,215651.8497637,23.73549999902025,24.232700001448393,20.100399997318164,2.2345999896060675,0.0,True,ok,4623,4623
645,45,4.5,5,215651.8591136,215651.8863145,26.7355999967549,27.20090001821518,21.5629999875091,3.787599998759106,0.0,True,ok,4708,4708
646,46,4.6000000000000005,5,215651.8924623,215651.9165407,23.3695000060834,24.078400019789115,19.84590000938624,2.1146000071894377,0.0,True,ok,4834,4834
647,47,4.7,5,215651.9255138,215651.9496911,23.595699982251972,24.177299987059087,19.74829999380745,2.2544999956153333,0.0,True,ok,4677,4677
648,48,4.800000000000001,5,215651.9589937,215651.9856996,25.53679997799918,26.70589997433126,22.052999993320554,2.1103999752085656,0.0,True,ok,4591,4591
649,49,4.9,5,215651.9923116,215652.0179003,25.11760001652874,25.58869999484159,20.722900022519752,2.971499983686954,0.0,True,ok,4442,4442
650,50,5.0,5,215652.0258657,215652.0501124,23.642899992410094,24.246699991635978,19.948699977248907,2.310000010766089,0.0,True,ok,4408,4408
651,51,5.1000000000000005,5,215652.0589835,215652.0853485,25.587999989511445,26.36499999789521,21.412999980384484,2.363500010687858,0.0,True,ok,4418,4418
652,52,5.2,5,215652.0925361,215652.1182579,25.064899993594736,25.721799989696592,21.370000002207235,2.3050000017974526,0.0,True,ok,4600,4600
653,53,5.300000000000001,5,215652.125604,215652.1506979,24.467800016282126,25.09390001068823,21.005900023737922,2.0542999845929444,0.0,True,ok,4489,4489
654,54,5.4,5,215652.1589576,215652.1846915,25.129000016022474,25.73389999452047,21.17939997697249,2.356200013309717,0.0,True,ok,4625,4625
655,55,5.5,5,215652.1922988,215652.2166452,23.614900012034923,24.346400023205206,19.89660001709126,2.3255999840330333,0.0,True,ok,4379,4379
656,56,5.6000000000000005,5,215652.225932,215652.251492,25.094600016018376,25.560000009136274,21.37970001786016,2.231399994343519,0.0,True,ok,4212,4212
657,57,5.7,5,215652.2592631,215652.2845182,24.789499992039055,25.255100015783682,21.079300000565127,2.3794000153429806,0.0,True,ok,4229,4229
658,58,5.800000000000001,5,215652.2922508,215652.318709,25.969200010877103,26.458200009074062,22.075499990023673,2.326999994693324,0.0,True,ok,4294,4294
659,59,5.9,5,215652.3256412,215652.3494126,23.33359999465756,23.771399981342256,19.487900019157678,2.347900008317083,0.0,True,ok,4337,4337
660,60,6.0,5,215652.3592075,215652.3847464,24.941799987573177,25.538899993989617,20.213899988448247,2.8671000036410987,0.0,True,ok,4334,4334
661,61,6.1000000000000005,5,215652.3924793,215652.421558,28.626499988604337,29.078699997626245,24.961599992820993,2.2678000095766038,0.0,True,ok,4169,4169
662,62,6.2,5,215652.4255842,215652.455203,29.078599996864796,29.61879997747019,25.388400012161583,2.302600012626499,0.0,True,ok,4172,4172
663,63,6.300000000000001,5,215652.4589161,215652.4848755,25.396499986527488,25.95939999446273,21.659899997757748,2.365199994528666,0.0,True,ok,4147,4147
664,64,6.4,5,215652.49238,215652.5208112,27.95620000688359,28.431199985789135,24.555000010877848,2.011300006415695,0.0,True,ok,4178,4178
665,65,6.5,5,215652.5259407,215652.5536288,26.752200006740168,27.68810000270605,23.022899986244738,2.128299995092675,0.0,True,ok,4169,4169
666,66,6.6000000000000005,5,215652.5589613,215652.5828204,23.247200006153435,23.859100008849055,19.750400009797886,2.102599974023178,0.0,True,ok,4168,4168
667,67,6.7,5,215652.5922999,215652.6159988,23.062199994456023,23.698900011368096,19.401099998503923,2.1041999862063676,0.0,True,ok,4086,4086
668,68,6.800000000000001,5,215652.6256347,215652.6516017,25.460700009716675,25.966999994125217,21.750699990661815,2.3049000010360032,0.0,True,ok,4379,4379
669,69,6.9,5,215652.6590768,215652.6856391,26.095900015207008,26.5623000159394,22.328799997922033,2.1293000027071685,0.0,True,ok,4282,4282
670,70,7.0,5,215652.6923151,215652.7170493,24.076800007605925,24.734200007515028,20.387500000651926,2.297200000612065,0.0,True,ok,4247,4247
671,71,7.1000000000000005,5,215652.7256725,215652.7504582,24.302500009071082,24.78569999220781,19.710399996256456,3.0394999776035547,0.0,True,ok,4354,4354
672,72,7.2,5,215652.7591991,215652.7853803,25.710899994010106,26.18119999533519,22.18870000797324,2.1280999935697764,0.0,True,ok,4628,4628
673,73,7.300000000000001,5,215652.7926289,215652.8164322,23.14999999362044,23.80329999141395,19.618199992692098,2.131300017936155,0.0,True,ok,4287,4287
674,74,7.4,5,215652.825443,215652.85404,27.72850001929328,28.596999996807426,24.127200013026595,2.144800004316494,0.0,True,ok,4455,4455
675,75,7.5,5,215652.8588602,215652.8877952,28.333199996268377,28.934999980265275,23.697099997662008,2.502300019841641,0.0,True,ok,4560,4560
676,76,7.6000000000000005,5,215652.8922991,215652.9189542,26.196999999228865,26.655099994968623,22.540100006153807,2.1370000031311065,0.0,True,ok,4662,4662
677,77,7.7,5,215652.9258226,215652.9510322,24.763100023847073,25.2096000185702,21.17810002528131,2.199800015660003,0.0,True,ok,4381,4381
678,78,7.800000000000001,5,215652.9591861,215652.9857057,25.99009999539703,26.519600010942668,22.47729999362491,2.1015999955125153,0.0,True,ok,4350,4350
679,79,7.9,5,215652.9926548,215653.0163742,23.266000003786758,23.719399992842227,19.780000002356246,2.0835000032093376,0.0,True,ok,4058,4058
680,80,8.0,5,215653.0257042,215653.0517765,24.808300018776208,26.072300010127947,20.989600016037002,2.4298999924212694,0.0,True,ok,4074,4074
681,81,8.1,5,215653.0591881,215653.0833511,23.644000000786036,24.163000023690984,20.179899991489947,2.1154000132810324,0.0,True,ok,4079,4079
682,82,8.200000000000001,5,215653.0924332,215653.119197,26.034099981188774,26.76379997865297,21.59259998006746,2.517699991585687,0.0,True,ok,4288,4288
683,83,8.3,5,215653.1257868,215653.1542191,27.946799993515015,28.432299994165078,24.432400008663535,2.097100019454956,0.0,True,ok,4269,4269
684,84,8.4,5,215653.1590788,215653.1861123,26.549200003501028,27.0334999950137,22.940599999856204,2.1594999998342246,0.0,True,ok,3996,3996
685,85,8.5,5,215653.1926731,215653.2186226,25.475499976892024,25.949499977286905,21.752500004367903,2.3345999943558127,0.0,True,ok,4318,4318
686,86,8.6,5,215653.2254931,215653.2515706,25.398500001756474,26.07749999151565,21.816099993884563,2.101799997035414,0.0,True,ok,4410,4410
687,87,8.700000000000001,5,215653.259078,215653.2849116,25.39460000116378,25.833599996985868,21.641100000124425,2.2859000018797815,0.0,True,ok,4345,4345
688,88,8.8,5,215653.2925597,215653.3223177,29.300599999260157,29.75799998966977,25.035800004843622,2.771200001006946,0.0,True,ok,3995,3995
689,89,8.9,5,215653.325736,215653.3537036,27.419199992436916,27.967600006377324,23.093199997674674,2.3572000209242105,0.0,True,ok,4114,4114
690,90,9.0,5,215653.3592339,215653.384003,24.250500020571053,24.769100011326373,20.110099983867258,2.735899994149804,0.0,True,ok,4407,4407
691,91,9.1,5,215653.3922956,215653.4178755,24.998399981996045,25.57989998604171,21.23589999973774,2.297200000612065,0.0,True,ok,4504,4504
692,92,9.200000000000001,5,215653.4256481,215653.4523189,26.06440000818111,26.670799998100847,22.29789999546483,2.3548000026494265,0.0,True,ok,4602,4602
693,93,9.3,5,215653.4592494,215653.4847975,25.106899993261322,25.548099976731464,21.1604000069201,2.5246999866794795,0.0,True,ok,4719,4719
694,94,9.4,5,215653.4925344,215653.5177701,24.7500000114087,25.235700013581663,20.950199977960438,2.3628000053577125,0.0,True,ok,4623,4623
695,95,9.5,5,215653.5258957,215653.5560043,29.660599975613877,30.108599981758744,24.58099997602403,3.643400006694719,0.0,True,ok,4555,4555
696,96,9.600000000000001,5,215653.5591179,215653.5861826,26.575900003081188,27.06469999975525,20.955500018317252,4.122399986954406,0.0,True,ok,4902,4902
697,97,9.700000000000001,5,215653.5924809,215653.6174711,24.465399998007342,24.99020000686869,20.798000012291595,2.2286000021267682,0.0,True,ok,4793,4793
698,98,9.8,5,215653.6255794,215653.6506739,24.548399989726022,25.094500015256926,21.00189999327995,2.0253999973647296,0.0,True,ok,4857,4857
699,99,9.9,5,215653.6589192,215653.6834095,23.734799993690103,24.490299983881414,20.190199982607737,2.1575000137090683,0.0,True,ok,4985,4985
700,100,10.0,5,215653.6923924,215653.7165596,23.24619999853894,24.167199997464195,19.82690001023002,1.9762000010814518,0.0,True,ok,4973,4973
701,101,10.100000000000001,5,215653.725925,215653.750141,23.746699996991083,24.215999990701675,20.37069998914376,1.9745000172406435,0.0,True,ok,4507,4507
702,102,10.200000000000001,5,215653.7591131,215653.7833317,23.564299975987524,24.218599981395528,19.98260000254959,2.1875999809708446,0.0,True,ok,4834,4834
703,103,10.3,5,215653.7923987,215653.8162831,23.24360000784509,23.884399997768924,19.794799998635426,2.0198000129312277,0.0,True,ok,4943,4943
704,104,10.4,5,215653.8256248,215653.8503176,24.23920002183877,24.692800012417138,20.231000002240762,2.1170999971218407,0.0,True,ok,5082,5082
705,105,10.5,5,215653.8587908,215653.8831167,23.71909999055788,24.325899983523414,19.56000001518987,2.1481000003404915,0.0,True,ok,4986,4986
706,106,10.600000000000001,5,215653.8924066,215653.9185417,25.546199991367757,26.135099993553013,22.02990002115257,2.150999993318692,0.0,True,ok,5037,5037
707,107,10.700000000000001,5,215653.9254212,215653.9508879,24.912199995014817,25.466699997195974,21.29189998959191,2.0543999853543937,0.0,True,ok,5162,5162
708,108,10.8,5,215653.9588474,215653.9839094,24.399999994784594,25.062000000616536,20.645799988415092,2.3911999887786806,0.0,True,ok,4884,4884
709,109,10.9,5,215653.9921928,215654.0181602,25.47300001606345,25.967399997171015,21.657400007825345,2.451500011375174,0.0,True,ok,4890,4890
710,110,11.0,5,215654.0253604,215654.0509454,24.925400008214638,25.584999995771796,20.974699989892542,2.3572000209242105,0.0,True,ok,4848,4848
711,111,11.100000000000001,5,215654.0590588,215654.0857262,26.20379999279976,26.6674000013154,22.48939999844879,2.0278999872971326,0.0,True,ok,5030,5030
712,112,11.200000000000001,5,215654.0923946,215654.1222437,29.377700004260987,29.849099984858185,25.521600007778034,2.2849000233691186,0.0,True,ok,5114,5114
713,113,11.3,5,215654.1255658,215654.1524957,26.284399995347485,26.929899991955608,22.35600000130944,2.4966000055428594,0.0,True,ok,5293,5293
714,114,11.4,5,215654.1587617,215654.1859266,26.536699995631352,27.164900006027892,22.507700021378696,2.6151999772991985,0.0,True,ok,5423,5423
715,115,11.5,5,215654.1922202,215654.2175473,24.330200016265735,25.327100011054426,20.475400000577793,2.5043999776244164,0.0,True,ok,5340,5340
716,116,11.600000000000001,5,215654.225666,215654.2499193,23.250199999893084,24.253299983683974,19.59700000588782,2.252200007205829,0.0,True,ok,5279,5279
717,117,11.700000000000001,5,215654.2591513,215654.2864624,26.851400005398318,27.311099984217435,23.029700008919463,2.431600005365908,0.0,True,ok,5498,5498
718,118,11.8,5,215654.2924426,215654.3178578,24.96479998808354,25.41519998339936,21.298900013789535,2.273199992487207,0.0,True,ok,5517,5517
719,119,11.9,5,215654.3254521,215654.3532934,27.34460000647232,27.841300005093217,20.303199999034405,4.910699994070455,0.0,True,ok,5266,5266
720,0,0.0,6,215654.3611447,215654.3857293,24.140599998645484,24.584600003436208,20.216100005200133,2.5593999889679253,0.0,True,ok,4708,4708
721,1,0.1,6,215654.3923776,215654.4172194,24.391299986746162,24.841800011927262,20.927100005792454,2.1102000027894974,0.0,True,ok,4681,4681
722,2,0.2,6,215654.4256466,215654.4510223,24.721199995838106,25.37570000276901,20.435099984752014,2.9132000054232776,0.0,True,ok,4360,4360
723,3,0.30000000000000004,6,215654.4591122,215654.4841374,24.571399990236387,25.025199982337654,20.679100009147078,2.225899981567636,0.0,True,ok,4532,4532
724,4,0.4,6,215654.4926822,215654.5207549,27.576399996178225,28.072699991753325,24.10579999559559,2.0973000209778547,0.0,True,ok,4533,4533
725,5,0.5,6,215654.5258079,215654.5517057,25.211300002411008,25.897799991071224,21.53790000011213,2.3360000050161034,0.0,True,ok,4334,4334
726,6,0.6000000000000001,6,215654.5591306,215654.5844954,24.786199996015057,25.36479997797869,21.15119999507442,2.12910000118427,0.0,True,ok,4462,4462
727,7,0.7000000000000001,6,215654.5923117,215654.6216516,28.88850000454113,29.339900007471442,25.30450001358986,2.229700010502711,0.0,True,ok,4479,4479
728,8,0.8,6,215654.6258917,215654.6508567,23.81660000537522,24.96499998960644,20.118400017963722,2.2351000225171447,0.0,True,ok,4534,4534
729,9,0.9,6,215654.6588606,215654.68891,29.427000001305714,30.049399996642023,25.94419999513775,2.146499988157302,0.0,True,ok,4491,4491
730,10,1.0,6,215654.692499,215654.7208078,27.829800004838035,28.30880001420155,23.843000002671033,2.6405999960843474,0.0,True,ok,4600,4600
731,11,1.1,6,215654.7259493,215654.7522066,25.79310000874102,26.25730002182536,21.923899999819696,2.4839000252541155,0.0,True,ok,4781,4781
732,12,1.2000000000000002,6,215654.7591162,215654.7858522,25.750900007551536,26.735999999800697,22.301699995296076,2.115999988745898,0.0,True,ok,5044,5044
733,13,1.3,6,215654.7925992,215654.8183488,25.26560000842437,25.749599997652695,21.626700006891042,2.242000016849488,0.0,True,ok,4620,4620
734,14,1.4000000000000001,6,215654.8254538,215654.851534,25.503899989416823,26.080199982970953,21.831999998539686,2.241799986222759,0.0,True,ok,4785,4785
735,15,1.5,6,215654.8591645,215654.8901902,30.558400001609698,31.025700009195134,27.061900007538497,2.1247999975457788,0.0,True,ok,5045,5045
736,16,1.6,6,215654.8921891,215654.9176854,24.86279999720864,25.496299989754334,20.629400009056553,2.7824999997392297,0.0,True,ok,5382,5382
737,17,1.7000000000000002,6,215654.925712,215654.95088,24.57229999708943,25.16799999284558,21.04750002035871,2.1058999991510063,0.0,True,ok,5312,5312
738,18,1.8,6,215654.9592217,215654.9848888,24.490400013746694,25.66710000974126,20.9307000041008,2.1062000014353544,0.0,True,ok,5363,5363
739,19,1.9000000000000001,6,215654.9922536,215655.022709,29.90180000779219,30.455400003120303,23.490299994591624,2.9795000154990703,0.0,True,ok,5455,5455
740,20,2.0,6,215655.0258691,215655.0555825,29.26609999849461,29.71339999930933,24.929000006522983,2.733799978159368,0.0,True,ok,5508,5508
741,21,2.1,6,215655.0590746,215655.0832095,23.568500007968396,24.134900013450533,19.878099992638454,2.239599998574704,0.0,True,ok,5300,5300
742,22,2.2,6,215655.0925031,215655.1187115,25.59889998519793,26.208399998722598,21.181799995247275,2.585300011560321,0.0,True,ok,5384,5384
743,23,2.3000000000000003,6,215655.1255416,215655.1505015,24.31320000323467,24.959900008980185,19.91699999780394,2.3406000109389424,0.0,True,ok,5355,5355
744,24,2.4000000000000004,6,215655.158986,215655.1863951,26.918799994746223,27.409100002842024,22.867399995448068,2.5764000019989908,0.0,True,ok,5072,5072
745,25,2.5,6,215655.1922129,215655.2173157,24.638400005642325,25.10279999114573,21.076200006064028,2.2170000011101365,0.0,True,ok,4851,4851
746,26,2.6,6,215655.2255447,215655.2504098,24.271300004329532,24.865100014721975,20.770100003574044,2.1229999838396907,0.0,True,ok,4933,4933
747,27,2.7,6,215655.2590296,215655.2840381,24.279700010083616,25.008500000694767,20.781500003067777,2.1915999823249876,0.0,True,ok,4889,4889
748,28,2.8000000000000003,6,215655.2925089,215655.3161736,23.067700007231906,23.664700012886897,19.4105000118725,2.355000004172325,0.0,True,ok,4508,4508
749,29,2.9000000000000004,6,215655.3255041,215655.3508435,24.663599993800744,25.339399988297373,21.121400000993162,2.2119000204838812,0.0,True,ok,4516,4516
750,30,3.0,6,215655.3590192,215655.3853406,25.860699999611825,26.321400015149266,22.111999976914376,2.362100000027567,0.0,True,ok,4326,4326
751,31,3.1,6,215655.3925641,215655.4194864,26.405699987662956,26.92229999229312,23.156999988714233,1.9515999883878976,0.0,True,ok,4407,4407
752,32,3.2,6,215655.425819,215655.4530266,26.11180001986213,27.207600011024624,22.759400017093867,2.0804000087082386,0.0,True,ok,4113,4113
753,33,3.3000000000000003,6,215655.4593891,215655.4854296,25.423099985346198,26.0405000008177,22.006699990015477,2.1373000054154545,0.0,True,ok,4211,4211
754,34,3.4000000000000004,6,215655.4924388,215655.5208665,27.263700001640245,28.42770001734607,23.902000015368685,2.1021000284235924,0.0,True,ok,4198,4198
755,35,3.5,6,215655.5259408,215655.5512767,24.802899977657944,25.335899990750477,21.343000000342727,2.137100003892556,0.0,True,ok,4125,4125
756,36,3.6,6,215655.5588579,215655.5847571,25.254400010453537,25.899200001731515,21.567400021012872,2.4492999946232885,0.0,True,ok,4267,4267
757,37,3.7,6,215655.5924571,215655.6235129,30.591499991714954,31.05580000556074,26.71020000707358,2.6612999790813774,0.0,True,ok,3805,3805
758,38,3.8000000000000003,6,215655.6258149,215655.6497098,23.268199991434813,23.894899990409613,19.43429998937063,2.500700007658452,0.0,True,ok,3921,3921
759,39,3.9000000000000004,6,215655.6592196,215655.6836575,23.74879998387769,24.437899992335588,20.276299997931346,2.2418999869842082,0.0,True,ok,3864,3864
760,40,4.0,6,215655.69227,215655.7184966,25.60809999704361,26.226599991787225,21.75569999963045,2.5645999994594604,0.0,True,ok,3828,3828
761,41,4.1000000000000005,6,215655.7255856,215655.7512524,25.03589997650124,25.666799978353083,21.573000005446374,2.203800017014146,0.0,True,ok,3659,3659
762,42,4.2,6,215655.7590631,215655.7840186,24.50150001095608,24.955500004580244,20.665799995185807,2.3471000022254884,0.0,True,ok,3989,3989
763,43,4.3,6,215655.7926205,215655.8195182,25.711299997055903,26.897700008703396,22.05820000381209,2.050900016911328,0.0,True,ok,4294,4294
764,44,4.4,6,215655.825636,215655.8517523,25.483199977315962,26.11629999591969,21.921000006841496,2.2612999891862273,0.0,True,ok,4623,4623
765,45,4.5,6,215655.8591039,215655.8834221,23.864900023909286,24.318200012203306,19.963899976573884,2.5015999854076654,0.0,True,ok,4708,4708
766,46,4.6000000000000005,6,215655.8924314,215655.9193815,26.49409999139607,26.950100000249222,23.252899991348386,1.9730000058189034,0.0,True,ok,4834,4834
767,47,4.7,6,215655.9256583,215655.9548641,28.749599994625896,29.205800005001947,25.194999994710088,2.2843000188004225,0.0,True,ok,4677,4677
768,48,4.800000000000001,6,215655.9593068,215655.9864981,26.68990002712235,27.191300003323704,23.386599990772083,2.079300000332296,0.0,True,ok,4591,4591
769,49,4.9,6,215655.9922941,215656.0192643,26.288599998224527,26.970200007781386,22.506599983898923,2.5286999880336225,0.0,True,ok,4442,4442
770,50,5.0,6,215656.0256105,215656.0510877,24.84500000718981,25.477200018940493,21.182099997531623,2.347300003748387,0.0,True,ok,4408,4408
771,51,5.1000000000000005,6,215656.0590114,215656.0891609,29.370700009167194,30.149500002153218,24.272200011182576,3.8262000016402453,0.0,True,ok,4418,4418
772,52,5.2,6,215656.092538,215656.1184013,25.269899982959032,25.863299990305677,21.244400006253272,2.0880000083707273,0.0,True,ok,4600,4600
773,53,5.300000000000001,6,215656.1259271,215656.1548422,28.465499985031784,28.91510000335984,22.868100000778213,3.84619997930713,0.0,True,ok,4489,4489
774,54,5.4,6,215656.1590057,215656.1860553,26.582199992844835,27.04960000119172,22.678299981635064,2.6353000139351934,0.0,True,ok,4625,4625
775,55,5.5,6,215656.1923327,215656.2191514,26.229200011584908,26.81869998923503,21.925099979853258,2.934599993750453,0.0,True,ok,4379,4379
776,56,5.6000000000000005,6,215656.2256114,215656.2498354,23.76189999631606,24.22399999340996,20.34250000724569,2.196400018874556,0.0,True,ok,4212,4212
777,57,5.7,6,215656.2592748,215656.2883151,28.339500015135854,29.040300025371835,24.23890001955442,2.340500010177493,0.0,True,ok,4229,4229
778,58,5.800000000000001,6,215656.29233,215656.3180145,25.194299989379942,25.684499996714294,21.568600001046434,2.3156999959610403,0.0,True,ok,4294,4294
779,59,5.9,6,215656.3256847,215656.3522589,25.888400006806478,26.57420001924038,21.928200003458187,2.4785999848973006,0.0,True,ok,4337,4337
780,60,6.0,6,215656.3591065,215656.3849181,25.292100006481633,25.811600004089996,21.519400004763156,2.6077999791596085,0.0,True,ok,4334,4334
781,61,6.1000000000000005,6,215656.3921537,215656.4166331,24.066799989668652,24.479399988194928,20.13350001652725,2.7102999738417566,0.0,True,ok,4169,4169
782,62,6.2,6,215656.4256689,215656.4500699,23.93949998077005,24.401000002399087,20.480899984249845,2.1975999989081174,0.0,True,ok,4172,4172
783,63,6.300000000000001,6,215656.4590238,215656.4843719,24.703400005819276,25.348099996335804,21.163600002182648,2.32910001068376,0.0,True,ok,4147,4147
784,64,6.4,6,215656.492403,215656.519508,26.502399996388704,27.104999986477196,21.885800000745803,3.2669000211171806,0.0,True,ok,4178,4178
785,65,6.5,6,215656.5255123,215656.5503578,24.392599996645004,24.845500010997057,21.126599982380867,2.002499997615814,0.0,True,ok,4169,4169
786,66,6.6000000000000005,6,215656.5590909,215656.5870955,27.390000002924353,28.004599997075275,23.64490000763908,2.0348000107333064,0.0,True,ok,4168,4168
787,67,6.7,6,215656.5921451,215656.6171959,24.531700008083135,25.0508000026457,21.04930000496097,2.054499986115843,0.0,True,ok,4086,4086
788,68,6.800000000000001,6,215656.6255009,215656.6510693,25.076999998418614,25.568399985786527,21.18110001902096,2.6246999914292246,0.0,True,ok,4379,4379
789,69,6.9,6,215656.6594728,215656.6845294,24.41389998421073,25.056599988602102,21.004100010031834,2.115300012519583,0.0,True,ok,4282,4282
790,70,7.0,6,215656.6922193,215656.717297,24.417499982519075,25.07770000374876,20.78709998750128,2.351500006625429,0.0,True,ok,4247,4247
791,71,7.1000000000000005,6,215656.7255382,215656.7498925,23.77659999183379,24.354299996048212,20.3070999996271,2.1914000099059194,0.0,True,ok,4354,4354
792,72,7.2,6,215656.7590632,215656.7839203,24.39459998277016,24.85709998290986,21.102200000314042,2.064200001768768,0.0,True,ok,4628,4628
793,73,7.300000000000001,6,215656.7925479,215656.8187028,25.674000004073605,26.15489999880083,22.1556999895256,2.161899989005178,0.0,True,ok,4287,4287
794,74,7.4,6,215656.8259012,215656.8500254,23.559299996122718,24.124199990183115,19.982800004072487,2.1256999752949923,0.0,True,ok,4455,4455
795,75,7.5,6,215656.8593242,215656.8841722,23.801599978469312,24.84800000092946,20.309499988798052,2.2115999890957028,33.42299998621456,True,ok,4560,4560
796,76,7.6000000000000005,6,215656.8922892,215656.9200693,27.084799978183582,27.78009997564368,21.008499985327944,4.804399999557063,0.0,True,ok,4662,4662
797,77,7.7,6,215656.9259028,215656.9511841,24.85069999238476,25.281300011556596,21.09359999303706,2.32910001068376,0.0,True,ok,4381,4381
798,78,7.800000000000001,6,215656.9592926,215656.9832949,23.344600020209327,24.00230002240278,19.92619998054579,2.15419998858124,0.0,True,ok,4350,4350
799,79,7.9,6,215656.9925851,215657.0184835,25.196500006131828,25.89839999563992,21.905099973082542,2.0699000160675496,0.0,True,ok,4058,4058
800,80,8.0,6,215657.025663,215657.0509848,24.681100010639057,25.321799999801442,21.27130000735633,2.135999995516613,0.0,True,ok,4074,4074
801,81,8.1,6,215657.059037,215657.0850617,25.01089998986572,26.024699996924028,21.62240000325255,2.1357000223360956,0.0,True,ok,4079,4079
802,82,8.200000000000001,6,215657.0925929,215657.1174217,24.245800013886765,24.82880000025034,20.58219999889843,2.1985000057611614,0.0,True,ok,4288,4288
803,83,8.3,6,215657.125578,215657.1495191,23.498900001868606,23.94109999295324,20.03889999468811,2.203699987148866,0.0,True,ok,4269,4269
804,84,8.4,6,215657.1592023,215657.1902283,30.53580000414513,31.02599998237565,27.033899998059496,2.064300002530217,0.0,True,ok,3996,3996
805,85,8.5,6,215657.1924914,215657.2179505,24.786499998299405,25.459099997533485,21.137000003363937,2.4093000101856887,0.0,True,ok,4318,4318
806,86,8.6,6,215657.225909,215657.2500343,23.517800000263378,24.125299998559058,19.995500013465062,2.100500016240403,0.0,True,ok,4410,4410
807,87,8.700000000000001,6,215657.259409,215657.2860997,26.215899997623637,26.690700004110113,21.787300007417798,3.1387000053655356,0.0,True,ok,4345,4345
808,88,8.8,6,215657.2921555,215657.3179673,25.242700008675456,25.811800005612895,21.830500016221777,2.1613000135403126,0.0,True,ok,3995,3995
809,89,8.9,6,215657.3255339,215657.3511135,24.926199985202402,25.57959998375736,21.29939998849295,2.2658999951090664,0.0,True,ok,4114,4114
810,90,9.0,6,215657.3589152,215657.3839427,24.583299993537366,25.02749999985099,20.897700014756992,2.377500000875443,0.0,True,ok,4407,4407
811,91,9.1,6,215657.3925354,215657.4168975,23.81079999031499,24.3620999972336,20.024800003739074,2.5257000233978033,33.6202000034973,True,ok,4504,4504
812,92,9.200000000000001,6,215657.4257076,215657.4521343,25.925900001311675,26.426700002048165,22.479500010376796,2.208299993071705,0.0,True,ok,4602,4602
813,93,9.3,6,215657.4593228,215657.4846884,24.63930001249537,25.365600013174117,21.068799978820607,2.307299990206957,0.0,True,ok,4719,4719
814,94,9.4,6,215657.4923522,215657.5167127,23.694699979387224,24.36049998505041,20.06409998284653,2.3252000100910664,0.0,True,ok,4623,4623
815,95,9.5,6,215657.525689,215657.5522916,25.894299993524328,26.602600002661347,19.92170000448823,4.718400014098734,0.0,True,ok,4555,4555
816,96,9.600000000000001,6,215657.55917,215657.5842009,24.343700002646074,25.030899996636435,20.782099978532642,2.2959000198170543,0.0,True,ok,4902,4902
817,97,9.700000000000001,6,215657.5924084,215657.620038,27.031499979784712,27.629599993815646,22.97800002270378,2.5495000008959323,0.0,True,ok,4793,4793
818,98,9.8,6,215657.6256348,215657.6525048,26.419000001624227,26.870000001508743,20.925200020428747,4.184499994153157,0.0,True,ok,4857,4857
819,99,9.9,6,215657.6589309,215657.6855271,26.159700006246567,26.59619998303242,22.833600000012666,2.019699983065948,0.0,True,ok,4985,4985
820,100,10.0,6,215657.6927156,215657.718263,24.93819998926483,25.54740000050515,21.00040001096204,2.6356000162195414,0.0,True,ok,4973,4973
821,101,10.100000000000001,6,215657.726002,215657.7519577,24.831300019286573,25.955699995392933,21.439899981487542,2.1025000023655593,0.0,True,ok,4507,4507
822,102,10.200000000000001,6,215657.7589802,215657.7881231,28.592500020749867,29.142900020815432,24.100599985104054,2.451200009090826,0.0,True,ok,4834,4834
823,103,10.3,6,215657.7923869,215657.8175455,24.59600000292994,25.158600008580834,21.1352999904193,2.11130001116544,0.0,True,ok,4943,4943
824,104,10.4,6,215657.8257156,215657.8520619,25.865100004011765,26.346300001023337,22.268100001383573,2.23419998656027,0.0,True,ok,5082,5082
825,105,10.5,6,215657.8589655,215657.8838703,24.281599995447323,24.904799996875226,20.80639998894185,2.119800017680973,0.0,True,ok,4986,4986
826,106,10.600000000000001,6,215657.8922265,215657.9171532,24.410499987425283,24.92669998900965,20.985100010875612,2.121800003806129,0.0,True,ok,5037,5037
827,107,10.700000000000001,6,215657.9254992,215657.951697,25.75900001102127,26.19780000532046,22.3143000039272,2.1380999824032187,0.0,True,ok,5162,5162
828,108,10.8,6,215657.959043,215657.9855915,26.127100019948557,26.548499998170882,21.814100007759407,2.6239999860990793,0.0,True,ok,4884,4884
829,109,10.9,6,215657.9925174,215658.0175145,24.41220000036992,24.997100001201034,20.95129998633638,2.126000006683171,0.0,True,ok,4890,4890
830,110,11.0,6,215658.0258271,215658.0511188,24.623900011647493,25.291700003435835,21.005399990826845,2.3130000045057386,0.0,True,ok,4848,4848
831,111,11.100000000000001,6,215658.0591856,215658.0837002,24.09389999229461,24.51459999429062,20.625899982405826,2.146499988157302,33.35849998984486,True,ok,5030,5030
832,112,11.200000000000001,6,215658.0922747,215658.1225239,29.569500009529293,30.249200004618615,24.26739997463301,2.6978999958373606,0.0,True,ok,5114,5114
833,113,11.3,6,215658.1257652,215658.1508592,24.44959999411367,25.09399998234585,20.381400012411177,2.610999974422157,0.0,True,ok,5293,5293
834,114,11.4,6,215658.1587861,215658.1850971,25.6688000226859,26.311000023270026,21.924500004388392,2.3778000031597912,0.0,True,ok,5423,5423
835,115,11.5,6,215658.1925442,215658.2175529,24.552099988795817,25.008700002217665,20.92489998904057,2.2643999836873263,0.0,True,ok,5340,5340
836,116,11.600000000000001,6,215658.225768,215658.2538247,27.20939999562688,28.056699986336753,22.841099998913705,2.377199998591095,0.0,True,ok,5279,5279
837,117,11.700000000000001,6,215658.2591594,215658.2838183,24.153999984264374,24.658899987116456,20.583499979693443,2.1915000106673688,0.0,True,ok,5498,5498
838,118,11.8,6,215658.2921519,215658.3184924,25.872700003674254,26.340499985963106,22.07720000296831,2.3410999856423587,0.0,True,ok,5517,5517
839,119,11.9,6,215658.3256618,215658.3499101,23.60059999045916,24.248300003819168,19.79719998780638,2.3062000109348446,0.0,True,ok,5266,5266
840,0,0.0,7,215658.3611744,215658.3884774,26.796799997100607,27.30300000985153,22.672599996440113,2.8037999873049557,0.0,True,ok,4708,4708
841,1,0.1,7,215658.3924175,215658.4164641,23.429200024111196,24.04660001047887,19.947900000261143,2.1664000232703984,0.0,True,ok,4681,4681
842,2,0.2,7,215658.4259384,215658.4627477,36.27459998824634,36.80929998517968,31.921999994665384,2.940400008810684,0.0,True,ok,4360,4360
843,3,0.30000000000000004,7,215658.4590033,215658.4866449,23.882699984824285,27.641599997878075,20.138499996392056,2.4326999846380204,0.0,True,ok,4532,4532
844,4,0.4,7,215658.4922284,215658.5175203,24.745000002440065,25.291900004958734,21.215400018263608,2.2022000048309565,0.0,True,ok,4533,4533
845,5,0.5,7,215658.5259551,215658.5524005,25.761800003238022,26.44539999892004,21.545099996728823,2.9104000132065266,0.0,True,ok,4334,4334
846,6,0.6000000000000001,7,215658.5587718,215658.583711,24.263700004667044,24.939200025983155,20.694300008472055,2.143999998224899,0.0,True,ok,4462,4462
847,7,0.7000000000000001,7,215658.5924264,215658.6170295,24.000999983400106,24.603099998785183,20.42230000370182,2.21049998071976,0.0,True,ok,4479,4479
848,8,0.8,7,215658.6257431,215658.6505903,24.383200012380257,24.847199994837865,20.795300020836294,2.064600004814565,0.0,True,ok,4534,4534
849,9,0.9,7,215658.6588448,215658.6855185,26.212199998553842,26.673699991079047,22.818800003733486,2.078999998047948,0.0,True,ok,4491,4491
850,10,1.0,7,215658.6923889,215658.7188533,25.99190000910312,26.46439999807626,22.23290002439171,2.3747000086586922,0.0,True,ok,4600,4600
851,11,1.1,7,215658.7257247,215658.7516176,25.448800006415695,25.892900011967868,21.896400023251772,2.1505000186152756,0.0,True,ok,4781,4781
852,12,1.2000000000000002,7,215658.7590744,215658.7831224,23.486099991714582,24.04799999203533,20.05050002480857,2.0843000093009323,0.0,True,ok,5044,5044
853,13,1.3,7,215658.7926457,215658.8177519,24.667599995154887,25.106199987931177,20.94369998667389,2.189499995438382,0.0,True,ok,4620,4620
854,14,1.4000000000000001,7,215658.8258784,215658.851329,24.881599994841963,25.450599991017953,20.62399999704212,2.889700001105666,0.0,True,ok,4785,4785
855,15,1.5,7,215658.8589088,215658.8853641,25.931999989552423,26.45529998699203,22.510999988298863,1.999799977056682,0.0,True,ok,5045,5045
856,16,1.6,7,215658.8922338,215658.9198837,27.190900000277907,27.64990000287071,23.396300006425008,2.370400005020201,0.0,True,ok,5382,5382
857,17,1.7000000000000002,7,215658.925596,215658.9497675,23.67739999317564,24.171500001102686,20.065699995029718,2.142999990610406,0.0,True,ok,5312,5312
858,18,1.8,7,215658.958766,215658.9828382,23.579300002893433,24.072200001683086,19.950099987909198,2.157400012947619,0.0,True,ok,5363,5363
859,19,1.9000000000000001,7,215658.9925198,215659.0185742,25.356899976031855,26.054399990243837,21.546100004343316,2.3264999908860773,0.0,True,ok,5455,5455
860,20,2.0,7,215659.025943,215659.052062,25.538000016240403,26.11900001647882,21.451400010846555,2.4870000197552145,0.0,True,ok,5508,5508
861,21,2.1,7,215659.0592067,215659.088153,28.38629999314435,28.94629997899756,24.891399982152507,2.027099981205538,0.0,True,ok,5300,5300
862,22,2.2,7,215659.0922033,215659.1176135,24.756700004218146,25.410200003534555,20.648400008212775,2.6262000028509647,0.0,True,ok,5384,5384
863,23,2.3000000000000003,7,215659.125472,215659.1509531,24.75470001809299,25.481099990429357,20.37650000420399,2.6948000013362616,0.0,True,ok,5355,5355
864,24,2.4000000000000004,7,215659.1590476,215659.1850575,25.35909999278374,26.009900000644848,21.639799990225583,2.234600018709898,0.0,True,ok,5072,5072
865,25,2.5,7,215659.1924783,215659.221484,28.38440000778064,29.005699994741008,24.273499991977587,2.505499986000359,0.0,True,ok,4851,4851
866,26,2.6,7,215659.2255651,215659.2509499,24.837099976139143,25.384799984749407,21.3588000042364,2.0651999802794307,0.0,True,ok,4933,4933
867,27,2.7,7,215659.2589539,215659.2841153,24.65969999320805,25.161400000797585,20.50230000168085,2.2638000082224607,0.0,True,ok,4889,4889
868,28,2.8000000000000003,7,215659.2920896,215659.3172794,24.483200017130002,25.189800013322383,20.565299986628816,2.5135999894700944,0.0,True,ok,4508,4508
869,29,2.9000000000000004,7,215659.3257862,215659.3554445,29.14149998105131,29.658299987204373,25.56340000592172,2.1126999927219003,0.0,True,ok,4516,4516
870,30,3.0,7,215659.3588857,215659.386842,27.361700020264834,27.95630000764504,23.873800004366785,2.095399977406487,0.0,True,ok,4326,4326
871,31,3.1,7,215659.3926239,215659.4187508,25.29839999624528,26.126899989321828,21.709599997848272,2.16170001658611,0.0,True,ok,4407,4407
872,32,3.2,7,215659.4261664,215659.4523041,25.560000009136274,26.137700013350695,22.16799999587238,2.0265000057406723,0.0,True,ok,4113,4113
873,33,3.3000000000000003,7,215659.4589276,215659.4846588,25.032900011865422,25.73120000306517,21.40920000965707,2.2345000179484487,0.0,True,ok,4211,4211
874,34,3.4000000000000004,7,215659.4922576,215659.5287834,35.94269999302924,36.52579998015426,30.924399994546548,3.5368000098969787,0.0,True,ok,4198,4198
875,35,3.5,7,215659.525786,215659.5585057,29.70630000345409,32.71969998604618,26.15780002088286,2.168599981814623,0.0,True,ok,4125,4125
876,36,3.6,7,215659.5587911,215659.5906409,31.361799978185445,31.84979999787174,27.00380000169389,2.7685000095516443,0.0,True,ok,4267,4267
877,37,3.7,7,215659.5923312,215659.6222723,28.579300007550046,29.941100016003475,24.821600003633648,2.4280999787151814,0.0,True,ok,3805,3805
878,38,3.8000000000000003,7,215659.6255791,215659.655074,28.78300001611933,29.494900023564696,24.420400004601106,2.852400008123368,0.0,True,ok,3921,3921
879,39,3.9000000000000004,7,215659.6591844,215659.6847606,25.09530002134852,25.576200016075745,21.091200003866106,2.5542000075802207,0.0,True,ok,3864,3864
880,40,4.0,7,215659.6924886,215659.7174724,24.34720000019297,24.983799987239763,20.941700000548735,2.11719999788329,0.0,True,ok,3828,3828
881,41,4.1000000000000005,7,215659.725654,215659.7509021,24.786199996015057,25.24809999158606,21.254299994325265,2.2111999860499054,0.0,True,ok,3659,3659
882,42,4.2,7,215659.7590936,215659.7845753,24.808799993479624,25.481699994998053,20.891599997412413,2.2776999976485968,0.0,True,ok,3989,3989
883,43,4.3,7,215659.7921999,215659.8175205,24.76519998162985,25.32059999066405,20.75749999494292,2.0653999818023294,0.0,True,ok,4294,4294
884,44,4.4,7,215659.8256573,215659.8530815,26.95190001395531,27.424200001405552,22.564000013517216,2.794600004563108,0.0,True,ok,4623,4623
885,45,4.5,7,215659.8591914,215659.8843796,24.712299986276776,25.188200001139194,20.930300001055002,2.413199981674552,0.0,True,ok,4708,4708
886,46,4.6000000000000005,7,215659.8927284,215659.9170537,23.589099990203977,24.325299978954718,20.213200012221932,2.0232999813742936,0.0,True,ok,4834,4834
887,47,4.7,7,215659.9258283,215659.952222,25.251399987610057,26.393699983600527,21.5234000061173,2.3280000023078173,0.0,True,ok,4677,4677
888,48,4.800000000000001,7,215659.9587544,215659.9848483,25.579199980711564,26.09389999997802,21.737599978223443,2.498699992429465,0.0,True,ok,4591,4591
889,49,4.9,7,215659.9925262,215660.0171173,24.12480002385564,24.591100023826584,20.56599999195896,2.1566000068560243,0.0,True,ok,4442,4442
890,50,5.0,7,215660.0256297,215660.0521882,25.94130000215955,26.558500016108155,21.972799993818626,2.6177999970968813,0.0,True,ok,4408,4408
891,51,5.1000000000000005,7,215660.0591126,215660.0853751,25.80939998733811,26.262500003213063,21.67719998396933,2.73949999245815,0.0,True,ok,4418,4418
892,52,5.2,7,215660.092088,215660.1187905,26.201300002867356,26.702500006649643,22.72189999348484,2.1254000021144748,0.0,True,ok,4600,4600
893,53,5.300000000000001,7,215660.1258539,215660.1503863,24.03890001005493,24.53239998430945,20.399800006998703,2.0594000234268606,0.0,True,ok,4489,4489
894,54,5.4,7,215660.1593559,215660.184332,24.409800011198968,24.976100015919656,20.618800015654415,2.4255000171251595,0.0,True,ok,4625,4625
895,55,5.5,7,215660.1925742,215660.2192154,25.98149998812005,26.641200005542487,22.34110000426881,2.2953000152483582,0.0,True,ok,4379,4379
896,56,5.6000000000000005,7,215660.2256376,215660.2517731,25.090200011618435,26.13549999659881,21.65059998515062,2.134600013960153,0.0,True,ok,4212,4212
897,57,5.7,7,215660.2591177,215660.2832465,23.262300004716963,24.128799996105954,19.579000014346093,2.3870000150054693,0.0,True,ok,4229,4229
898,58,5.800000000000001,7,215660.2922351,215660.3181298,25.43459998560138,25.894699996570125,21.659000020008534,2.3031999880913645,0.0,True,ok,4294,4294
899,59,5.9,7,215660.3258331,215660.3502613,23.606899980222806,24.428199976682663,19.72589999786578,2.417100011371076,0.0,True,ok,4337,4337
900,60,6.0,7,215660.3594197,215660.3857247,25.135000003501773,26.305000006686896,20.992099976865575,2.622300002258271,0.0,True,ok,4334,4334
901,61,6.1000000000000005,7,215660.3921516,215660.4163089,23.697800002992153,24.15729998028837,19.677700009196997,2.652800001669675,0.0,True,ok,4169,4169
902,62,6.2,7,215660.4258424,215660.4504491,23.905200010631233,24.60669999709353,20.370999991428107,2.1564999769907445,0.0,True,ok,4172,4172
903,63,6.300000000000001,7,215660.4593735,215660.4870868,26.752400008263066,27.7133000199683,21.26249999855645,3.9159000152722,0.0,True,ok,4147,4147
904,64,6.4,7,215660.4924393,215660.5171558,24.18689997284673,24.716499989153817,20.712099998490885,2.0300000032875687,0.0,True,ok,4178,4178
905,65,6.5,7,215660.5257262,215660.5538805,27.67929999390617,28.154300001915544,21.97359999991022,3.7694000056944788,0.0,True,ok,4169,4169
906,66,6.6000000000000005,7,215660.5587609,215660.5858074,26.416100008646026,27.04650000669062,22.650300001259893,2.3477999784518033,0.0,True,ok,4168,4168
907,67,6.7,7,215660.5920612,215660.6165689,24.050100008025765,24.507699999958277,20.49940000870265,2.136800001608208,0.0,True,ok,4086,4086
908,68,6.800000000000001,7,215660.62562,215660.6512448,25.152900023385882,25.624800007790327,21.177000016905367,2.5152999733109027,0.0,True,ok,4379,4379
909,69,6.9,7,215660.6590631,215660.6843252,24.621999997179955,25.262100010877475,21.176199981709942,2.0105000003241003,0.0,True,ok,4282,4282
910,70,7.0,7,215660.6924384,215660.7191257,25.671100011095405,26.687300007324666,21.98990000761114,2.230099984444678,0.0,True,ok,4247,4247
911,71,7.1000000000000005,7,215660.7254196,215660.7516038,25.556699984008446,26.18419998907484,21.56039999681525,2.556799998274073,0.0,True,ok,4354,4354
912,72,7.2,7,215660.7590957,215660.790189,30.63379999366589,31.093300000065938,25.335000013001263,2.5049000105354935,0.0,True,ok,4628,4628
913,73,7.300000000000001,7,215660.7921548,215660.8164706,23.690200003329664,24.315799993928522,20.060400012880564,2.185199991799891,0.0,True,ok,4287,4287
914,74,7.4,7,215660.8257243,215660.8525024,26.285600004484877,26.778100000228733,22.205200017197058,2.3154999944381416,0.0,True,ok,4455,4455
915,75,7.5,7,215660.859056,215660.8848876,25.383700005477294,25.83160001086071,21.66850000503473,2.249499986646697,0.0,True,ok,4560,4560
916,76,7.6000000000000005,7,215660.8923987,215660.9177815,24.586699990322813,25.38279999862425,21.13339997595176,1.9935999880544841,0.0,True,ok,4662,4662
917,77,7.7,7,215660.9258295,215660.9538645,27.586700016399845,28.03500002482906,24.076500005321577,2.086000022245571,0.0,True,ok,4381,4381
918,78,7.800000000000001,7,215660.9592541,215660.9854015,25.663499982329085,26.14739999989979,21.587800001725554,2.455200010444969,0.0,True,ok,4350,4350
919,79,7.9,7,215660.9926755,215661.0168089,23.6760999832768,24.133400002028793,20.111799996811897,2.1530000085476786,0.0,True,ok,4058,4058
920,80,8.0,7,215661.0254958,215661.0501743,24.192000011680648,24.678500019945204,20.437900006072596,2.392899972619489,0.0,True,ok,4074,4074
921,81,8.1,7,215661.0589883,215661.0859962,26.444600021932274,27.007900003809482,21.159099997021258,3.870699991239235,0.0,True,ok,4079,4079
922,82,8.200000000000001,7,215661.0923976,215661.1180914,24.54600000055507,25.69380000932142,20.89359998353757,2.1551999961957335,0.0,True,ok,4288,4288
923,83,8.3,7,215661.1258807,215661.1495376,23.19619999616407,23.65689998259768,19.528700009686872,2.1505999902728945,0.0,True,ok,4269,4269
924,84,8.4,7,215661.1591836,215661.1856215,25.974699994549155,26.437900000019,22.476600017398596,2.1170999971218407,0.0,True,ok,3996,3996
925,85,8.5,7,215661.1921061,215661.2166911,23.939500009873882,24.585000006482005,20.17490001162514,2.317299979040399,0.0,True,ok,4318,4318
926,86,8.6,7,215661.2254446,215661.255401,29.436799988616258,29.9564000160899,25.893299985909835,2.120800025295466,0.0,True,ok,4410,4410
927,87,8.700000000000001,7,215661.2592316,215661.2885537,28.558499994687736,29.322099988348782,24.852900009136647,2.2945000091567636,0.0,True,ok,4345,4345
928,88,8.8,7,215661.2923226,215661.319181,26.403399999253452,26.85840000049211,22.324199991999194,2.4588000087533146,0.0,True,ok,3995,3995
929,89,8.9,7,215661.3256546,215661.3515372,25.281300011556596,25.882600020850077,21.66560001205653,2.192700019804761,0.0,True,ok,4114,4114
930,90,9.0,7,215661.3592405,215661.3835893,23.886100010713562,24.34880001237616,20.187600021017715,2.1499000140465796,0.0,True,ok,4407,4407
931,91,9.1,7,215661.3922363,215661.4175827,24.69530000234954,25.346400012494996,20.088499994017184,3.1350000062957406,0.0,True,ok,4504,4504
932,92,9.200000000000001,7,215661.4255835,215661.4562186,30.185200012056157,30.63510000356473,26.490299991564825,2.276200015330687,0.0,True,ok,4602,4602
933,93,9.3,7,215661.4589066,215661.4870844,27.60370000032708,28.177800006233156,23.91320001333952,2.216299995779991,0.0,True,ok,4719,4719
934,94,9.4,7,215661.4923078,215661.5202077,27.334999991580844,27.89989998564124,23.1056000047829,2.311099990038201,0.0,True,ok,4623,4623
935,95,9.5,7,215661.5259504,215661.5557483,29.26039998419583,29.79789997334592,24.455100006889552,3.2469999860040843,0.0,True,ok,4555,4555
936,96,9.600000000000001,7,215661.5590588,215661.5849643,25.237000023480505,25.905500020598993,21.337600017432123,2.313100005267188,0.0,True,ok,4902,4902
937,97,9.700000000000001,7,215661.5925182,215661.6177443,24.794099997961894,25.226099998690188,21.12190000480041,2.18979999772273,0.0,True,ok,4793,4793
938,98,9.8,7,215661.6258549,215661.6538814,27.558400004636496,28.026500018313527,22.99289999064058,2.5446000217925757,0.0,True,ok,4857,4857
939,99,9.9,7,215661.658893,215661.6833181,23.97509998991154,24.425099982181564,20.511000009719282,2.0355000160634518,0.0,True,ok,4985,4985
940,100,10.0,7,215661.6925726,215661.7220275,29.012400016654283,29.454900010023266,24.495799996657297,2.1363999985624105,0.0,True,ok,4973,4973
941,101,10.100000000000001,7,215661.7260022,215661.7509426,24.489000003086403,24.940399976912886,20.27300000190735,2.6619999844115227,0.0,True,ok,4507,4507
942,102,10.200000000000001,7,215661.7587604,215661.7841434,24.927399994339794,25.38300000014715,21.364099986385554,2.1445999736897647,0.0,True,ok,4834,4834
943,103,10.3,7,215661.7923897,215661.8181864,25.18130000680685,25.796700007049367,20.265700004529208,2.651599992532283,0.0,True,ok,4943,4943
944,104,10.4,7,215661.8257543,215661.852301,25.811700004851446,26.546700013568625,20.848499989369884,2.205500000854954,0.0,True,ok,5082,5082
945,105,10.5,7,215661.8591898,215661.8833564,23.656300007132813,24.16660002199933,19.769700011238456,2.2902000055182725,0.0,True,ok,4986,4986
946,106,10.600000000000001,7,215661.8924726,215661.9190063,26.042700017569587,26.533700001891702,22.479400009615347,2.1321999956853688,0.0,True,ok,5037,5037
947,107,10.700000000000001,7,215661.9257897,215661.9506544,24.246699991635978,24.864699982572347,20.587300008628517,2.245700015919283,0.0,True,ok,5162,5162
948,108,10.8,7,215661.9591211,215661.9831257,23.583900008816272,24.004600010812283,19.816999993054196,2.3699000012129545,0.0,True,ok,4884,4884
949,109,10.9,7,215661.9926407,215662.0165818,23.331700009293854,23.94110002205707,19.754600012674928,2.1726000122725964,0.0,True,ok,4890,4890
950,110,11.0,7,215662.0253958,215662.0505758,24.310800014063716,25.17999999690801,20.224500010954216,2.5972000148613006,0.0,True,ok,4848,4848
951,111,11.100000000000001,7,215662.0592287,215662.0834248,23.59889997751452,24.19609998469241,20.01939999172464,2.2290999768301845,0.0,True,ok,5030,5030
952,112,11.200000000000001,7,215662.0925442,215662.1164717,23.476300004404038,23.927500005811453,19.72179999575019,2.1152000117581338,0.0,True,ok,5114,5114
953,113,11.3,7,215662.1256145,215662.1572544,31.176699994830415,31.63990000030026,26.354300003731623,2.753600012511015,0.0,True,ok,5293,5293
954,114,11.4,7,215662.1589381,215662.1857652,26.377900008810684,26.827099994989112,22.766700014472008,2.202000003308058,0.0,True,ok,5423,5423
955,115,11.5,7,215662.1923066,215662.2192816,26.5400999924168,26.975000015227124,21.944900014204904,3.1602999952156097,0.0,True,ok,5340,5340
956,116,11.600000000000001,7,215662.2258109,215662.2512278,24.94140001363121,25.416899996344,20.90420000604354,2.6464000111445785,0.0,True,ok,5279,5279
957,117,11.700000000000001,7,215662.2593099,215662.2892859,28.981200011912733,29.97600001981482,24.792699987301603,2.319599996553734,0.0,True,ok,5498,5498
958,118,11.8,7,215662.2924148,215662.3189966,26.112999999895692,26.581799989799038,22.044300014385954,2.2838999866507947,0.0,True,ok,5517,5517
959,119,11.9,7,215662.3256825,215662.3558523,29.60120001807809,30.16980001120828,25.07639999384992,2.809300000080839,0.0,True,ok,5266,5266
960,0,0.0,8,215662.3610486,215662.3888686,27.370499999960884,27.82000001752749,23.74689999851398,2.272899990202859,0.0,True,ok,4708,4708
961,1,0.1,8,215662.3925187,215662.4177789,24.644300021464005,25.260199996409938,21.116299991263077,2.1022000000812113,0.0,True,ok,4681,4681
962,2,0.2,8,215662.4254125,215662.4503862,24.517200014088303,24.973700026748702,20.960599998943508,2.122400008374825,0.0,True,ok,4360,4360
963,3,0.30000000000000004,8,215662.458714,215662.4837347,23.887200019089505,25.020700006280094,20.067699981154874,2.411900000879541,0.0,True,ok,4532,4532
964,4,0.4,8,215662.4924196,215662.5176875,24.76349999778904,25.267899996833876,21.230500016827136,2.1431999921333045,0.0,True,ok,4533,4533
965,5,0.5,8,215662.5258556,215662.5555382,29.115399986039847,29.68259999761358,24.75760001107119,2.9470000008586794,0.0,True,ok,4334,4334
966,6,0.6000000000000001,8,215662.5592598,215662.583261,23.400699981721118,24.001199984923005,19.696800009114668,2.141299977665767,0.0,True,ok,4462,4462
967,7,0.7000000000000001,8,215662.5925288,215662.616511,23.34250000421889,23.982199985766783,19.53940000385046,2.2191999887581915,0.0,True,ok,4479,4479
968,8,0.8,8,215662.6258603,215662.6541054,27.764500002376735,28.24509999481961,24.088799982564524,2.279000007547438,0.0,True,ok,4534,4534
969,9,0.9,8,215662.6590864,215662.6863247,26.80529997451231,27.238299982855096,23.18560000276193,2.2401000023819506,0.0,True,ok,4491,4491
970,10,1.0,8,215662.692462,215662.7187996,25.796500005526468,26.337599992984906,21.61090000299737,2.7248999977018684,0.0,True,ok,4600,4600
971,11,1.1,8,215662.7256346,215662.7521944,26.117300003534183,26.559799996903166,22.39420000114478,2.1305000118445605,0.0,True,ok,4781,4781
972,12,1.2000000000000002,8,215662.7588324,215662.7849696,25.689000001875684,26.13720000954345,21.820699999807402,2.3723999911453575,0.0,True,ok,5044,5044
973,13,1.3,8,215662.7921384,215662.8179131,25.312200014013797,25.774700014153495,20.409899996593595,3.4997000184375793,0.0,True,ok,4620,4620
974,14,1.4000000000000001,8,215662.8255131,215662.8519117,25.96070000436157,26.398600020911545,22.321099997498095,2.2160000225994736,0.0,True,ok,4785,4785
975,15,1.5,8,215662.8588656,215662.884425,24.91760000702925,25.55940000456758,20.57930000592023,2.8525999805424362,0.0,True,ok,5045,5045
976,16,1.6,8,215662.8922156,215662.9167468,23.94890002324246,24.531200004275888,20.12329999706708,2.3902000102680176,0.0,True,ok,5382,5382
977,17,1.7000000000000002,8,215662.9255713,215662.949929,23.92629999667406,24.35769999283366,20.30679999734275,2.130300010321662,0.0,True,ok,5312,5312
978,18,1.8,8,215662.9589594,215662.9871896,27.587800024775788,28.230199997778982,23.55460001854226,2.1949999791104347,0.0,True,ok,5363,5363
979,19,1.9000000000000001,8,215662.9922979,215663.0206667,27.905499999178573,28.368800005409867,23.935800010804087,2.518099994631484,0.0,True,ok,5455,5455
980,20,2.0,8,215663.0256477,215663.0507427,24.460099986754358,25.094999989960343,20.701599976746365,2.1739999938290566,0.0,True,ok,5508,5508
981,21,2.1,8,215663.059019,215663.0840373,24.418599990895018,25.01829998800531,20.747800008393824,2.170300023863092,0.0,True,ok,5300,5300
982,22,2.2,8,215663.0921664,215663.1165818,23.70869999867864,24.41539999563247,19.89920000778511,2.3244000039994717,0.0,True,ok,5384,5384
983,23,2.3000000000000003,8,215663.125503,215663.1500174,23.899300023913383,24.514400021871552,20.0743000023067,2.3509000020567328,0.0,True,ok,5355,5355
984,24,2.4000000000000004,8,215663.1589247,215663.187103,27.46909999405034,28.178300010040402,23.271200014278293,2.7704000240191817,0.0,True,ok,5072,5072
985,25,2.5,8,215663.1924523,215663.2214878,28.560300008393824,29.035500017926097,24.797299993224442,2.297200000612065,0.0,True,ok,4851,4851
986,26,2.6,8,215663.2253676,215663.2511544,25.20060000824742,25.786799989873543,21.472299995366484,2.139899996109307,0.0,True,ok,4933,4933
987,27,2.7,8,215663.2590092,215663.2848932,25.429900008020923,25.884000002406538,21.81380000547506,2.0742999913636595,0.0,True,ok,4889,4889
988,28,2.8000000000000003,8,215663.2920998,215663.3165267,23.943899985169992,24.426899995887652,20.13819999410771,2.3469000007025898,0.0,True,ok,4508,4508
989,29,2.9000000000000004,8,215663.3254878,215663.3496392,23.72329999343492,24.15139999357052,19.999699987238273,2.285199996549636,0.0,True,ok,4516,4516
990,30,3.0,8,215663.3590313,215663.3851662,25.67339999950491,26.134899992030114,22.25819998420775,2.07719998434186,0.0,True,ok,4326,4326
991,31,3.1,8,215663.3923444,215663.4174515,24.653100001160055,25.10709999478422,21.12739998847246,2.1564000053331256,0.0,True,ok,4407,4407
992,32,3.2,8,215663.4257377,215663.4513811,25.169800006551668,25.64340000390075,21.690100023988634,2.1751000022049993,0.0,True,ok,4113,4113
993,33,3.3000000000000003,8,215663.459178,215663.4829355,23.305300011998042,23.75750002101995,19.908599992049858,2.0625999895855784,0.0,True,ok,4211,4211
994,34,3.4000000000000004,8,215663.4925384,215663.5187721,25.758900010259822,26.233700016746297,21.7930999933742,2.2237999946810305,0.0,True,ok,4198,4198
995,35,3.5,8,215663.5256304,215663.5545121,28.22149998974055,28.881700010970235,23.423799982992932,3.52619998739101,0.0,True,ok,4125,4125
996,36,3.6,8,215663.5590779,215663.5848824,25.35189999616705,25.804500008234754,21.433499990962446,2.6911000022664666,0.0,True,ok,4267,4267
997,37,3.7,8,215663.5924349,215663.6172456,23.84959999471903,24.810700007947162,20.404199982294813,2.203900017775595,0.0,True,ok,3805,3805
998,38,3.8000000000000003,8,215663.6259054,215663.6511508,24.62419998482801,25.245400000130758,21.037800004705787,2.3064000124577433,0.0,True,ok,3921,3921
999,39,3.9000000000000004,8,215663.659298,215663.6829871,23.083900014171377,23.68909999495372,19.53779999166727,2.274900005431846,0.0,True,ok,3864,3864
1000,40,4.0,8,215663.6927029,215663.7181089,24.908399995183572,25.406000000657514,21.48309999029152,2.026400004979223,0.0,True,ok,3828,3828
1001,41,4.1000000000000005,8,215663.7257513,215663.7516849,25.257500004954636,25.933600001735613,21.947600005660206,2.0884999830741435,0.0,True,ok,3659,3659
1002,42,4.2,8,215663.7592114,215663.7861062,26.43199998419732,26.894799986621365,22.29520000400953,2.7679000049829483,0.0,True,ok,3989,3989
1003,43,4.3,8,215663.7925797,215663.8170719,23.748200008412823,24.49219999834895,20.133200014242902,2.3280000023078173,0.0,True,ok,4294,4294
1004,44,4.4,8,215663.8255692,215663.8559912,29.95359999476932,30.42199998162687,26.3664000085555,2.3087000008672476,0.0,True,ok,4623,4623
1005,45,4.5,8,215663.8592712,215663.8877467,27.988199988612905,28.475500002969056,24.01209998060949,2.4855000083334744,0.0,True,ok,4708,4708
1006,46,4.6000000000000005,8,215663.8923889,215663.9164773,23.31459999550134,24.088399979518726,19.9070000089705,2.1052999945823103,0.0,True,ok,4834,4834
1007,47,4.7,8,215663.9258696,215663.9506316,24.308299995027483,24.7619999863673,20.664300012867898,2.3298999876715243,0.0,True,ok,4677,4677
1008,48,4.800000000000001,8,215663.9593305,215663.9864803,26.69400000013411,27.149800007464364,23.04930001264438,2.307699993252754,0.0,True,ok,4591,4591
1009,49,4.9,8,215663.9921511,215664.0198041,27.18440000899136,27.652999997371808,22.467500006314367,2.839499997207895,32.8206000267528,True,ok,4442,4442
1010,50,5.0,8,215664.0254626,215664.0520239,25.935799989383668,26.561300008324906,22.056199988583103,2.568199997767806,0.0,True,ok,4408,4408
1011,51,5.1000000000000005,8,215664.0592332,215664.0830782,23.414099996443838,23.84499998879619,19.473699998343363,2.6373000000603497,0.0,True,ok,4418,4418
1012,52,5.2,8,215664.0921518,215664.1190712,26.472800003830343,26.91939999931492,22.492999996757135,2.690900000743568,0.0,True,ok,4600,4600
1013,53,5.300000000000001,8,215664.1254679,215664.1503824,24.47629999369383,24.91449998342432,21.10519999405369,2.0149000047240406,0.0,True,ok,4489,4489
1014,54,5.4,8,215664.1592385,215664.1856414,25.817199988523498,26.402899995446205,22.080700000515208,2.4121000024024397,0.0,True,ok,4625,4625
1015,55,5.5,8,215664.1922811,215664.2172176,24.430499994195998,24.936500005424023,20.80460000433959,2.370700007304549,0.0,True,ok,4379,4379
1016,56,5.6000000000000005,8,215664.2259397,215664.2500843,23.48030000575818,24.144599999999627,20.06229999824427,2.078199991956353,0.0,True,ok,4212,4212
1017,57,5.7,8,215664.2587562,215664.2826231,23.254500003531575,23.866900010034442,19.639500009361655,2.366000000620261,0.0,True,ok,4229,4229
1018,58,5.800000000000001,8,215664.2922981,215664.3225256,29.76969999144785,30.22750001400709,26.235700002871454,2.2287000028882176,0.0,True,ok,4294,4294
1019,59,5.9,8,215664.325969,215664.3522951,25.836599990725517,26.326099992729723,21.627700014505535,2.858899999409914,0.0,True,ok,4337,4337
1020,60,6.0,8,215664.3590619,215664.3835042,23.79750000545755,24.442299996735528,20.313300017733127,2.2351999941747636,0.0,True,ok,4334,4334
1021,61,6.1000000000000005,8,215664.3926826,215664.4182789,25.01109999138862,25.59629999450408,20.827499974984676,2.884300018195063,0.0,True,ok,4169,4169
1022,62,6.2,8,215664.4254424,215664.4495419,23.491199972340837,24.09949997672811,20.07570001296699,2.126700012013316,0.0,True,ok,4172,4172
1023,63,6.300000000000001,8,215664.4592799,215664.4833896,23.63889999105595,24.109699996188283,20.008300023619086,2.3218000133056194,0.0,True,ok,4147,4147
1024,64,6.4,8,215664.4923231,215664.5162555,23.44180000363849,23.93239998491481,19.8757000034675,2.1420999837573618,0.0,True,ok,4178,4178
1025,65,6.5,8,215664.5257679,215664.5558848,29.493500012904406,30.116900015855208,25.44519997900352,2.7154000126756728,0.0,True,ok,4169,4169
1026,66,6.6000000000000005,8,215664.559118,215664.5897095,30.124299984890968,30.591499991714954,26.375999994343147,2.1419000113382936,0.0,True,ok,4168,4168
1027,67,6.7,8,215664.5925804,215664.6219898,28.706800017971545,29.409400012809783,24.316899973200634,3.040999989025295,0.0,True,ok,4086,4086
1028,68,6.800000000000001,8,215664.6255734,215664.6514344,25.066400005016476,25.861000001896173,21.550799981923774,2.2338000126183033,0.0,True,ok,4379,4379
1029,69,6.9,8,215664.6590869,215664.6895534,29.370800009928644,30.466500000329688,22.959399997489527,3.5709000076167285,0.0,True,ok,4282,4282
1030,70,7.0,8,215664.6923278,215664.7174235,24.412099999608472,25.095699995290488,20.80470000510104,2.3062000109348446,0.0,True,ok,4247,4247
1031,71,7.1000000000000005,8,215664.7258707,215664.7509372,24.60360000259243,25.066500005777925,21.07879999675788,2.147999999579042,0.0,True,ok,4354,4354
1032,72,7.2,8,215664.7589009,215664.7882199,28.856699995230883,29.318999993847683,25.380500010214746,2.0536000083666295,0.0,True,ok,4628,4628
1033,73,7.300000000000001,8,215664.7924834,215664.8172672,24.019000004045665,24.783800006844103,20.454699988476932,2.246900025056675,0.0,True,ok,4287,4287
1034,74,7.4,8,215664.825523,215664.8489907,22.85219999612309,23.467699997127056,19.474800006719306,2.058300015050918,0.0,True,ok,4455,4455
1035,75,7.5,8,215664.8588727,215664.8848702,24.81410000473261,25.997500022640452,21.276299987221137,2.215500018792227,0.0,True,ok,4560,4560
1036,76,7.6000000000000005,8,215664.8923073,215664.9175802,24.588400003267452,25.272900005802512,21.233499981462955,1.9718000257853419,0.0,True,ok,4662,4662
1037,77,7.7,8,215664.9255863,215664.9502469,24.15469998959452,24.660600000061095,20.76450001914054,2.1474999957717955,0.0,True,ok,4381,4381
1038,78,7.800000000000001,8,215664.9589446,215664.9825148,23.01070000976324,23.570200020913035,19.61620000656694,2.0960000110790133,0.0,True,ok,4350,4350
1039,79,7.9,8,215664.9922383,215665.0158425,22.990400000708178,23.604199988767505,19.633699994301423,2.0751999982167035,0.0,True,ok,4058,4058
1040,80,8.0,8,215665.0255714,215665.0511568,24.903800018364564,25.585399998817593,20.848299987846985,2.783500007353723,0.0,True,ok,4074,4074
1041,81,8.1,8,215665.059109,215665.08488,25.112000002991408,25.7710000150837,21.892499993555248,1.9972999871242791,0.0,True,ok,4079,4079
1042,82,8.200000000000001,8,215665.0925219,215665.1173203,24.220499995863065,24.798400001600385,20.912500011036173,2.050400013104081,0.0,True,ok,4288,4288
1043,83,8.3,8,215665.1259013,215665.1511553,24.598299991339445,25.25400000740774,21.127299987711012,2.2044999932404608,0.0,True,ok,4269,4269
1044,84,8.4,8,215665.1592685,215665.1866066,26.895000017248094,27.338100015185773,21.488900005351752,3.682799986563623,0.0,True,ok,3996,3996
1045,85,8.5,8,215665.1925824,215665.2201234,26.98009999585338,27.541000017663464,22.414399980334565,3.3032000064849854,0.0,True,ok,4318,4318
1046,86,8.6,8,215665.2256082,215665.2523535,26.056500006234273,26.745299983303994,22.735999984433874,2.0235999836586416,0.0,True,ok,4410,4410
1047,87,8.700000000000001,8,215665.2593737,215665.2874057,27.043199981562793,28.03199997288175,23.450600012438372,2.134199981810525,0.0,True,ok,4345,4345
1048,88,8.8,8,215665.2921706,215665.3167053,23.99919999879785,24.534700001822785,20.75589998275973,2.0007000130135566,0.0,True,ok,3995,3995
1049,89,8.9,8,215665.325445,215665.3500785,23.996699979761615,24.633499997435138,20.414700004039332,2.306199981831014,0.0,True,ok,4114,4114
1050,90,9.0,8,215665.3588175,215665.3826778,23.247399978572503,23.860299988882616,19.851300021400675,2.136900002369657,0.0,True,ok,4407,4407
1051,91,9.1,8,215665.3921286,215665.4180668,25.461699988227338,25.93819997855462,21.645800006808713,2.4930000072345138,0.0,True,ok,4504,4504
1052,92,9.200000000000001,8,215665.4257274,215665.4549086,28.70289998827502,29.181199992308393,24.82890000101179,2.548100019339472,0.0,True,ok,4602,4602
1053,93,9.3,8,215665.4590133,215665.485075,25.46010000514798,26.06170001672581,21.565600007306784,2.5714999937918037,0.0,True,ok,4719,4719
1054,94,9.4,8,215665.492432,215665.5215936,28.695099987089634,29.161599988583475,24.949100014055148,2.490200015017763,0.0,True,ok,4623,4623
1055,95,9.5,8,215665.5256166,215665.5538842,27.815299981739372,28.26759999152273,24.229500006185845,2.342099993256852,0.0,True,ok,4555,4555
1056,96,9.600000000000001,8,215665.5592829,215665.5881201,28.380500007187948,28.837199992267415,24.781000014627352,2.3215000110212713,0.0,True,ok,4902,4902
1057,97,9.700000000000001,8,215665.5923532,215665.6200442,27.014699997380376,27.69100002478808,23.66139998775907,2.119200013112277,0.0,True,ok,4793,4793
1058,98,9.8,8,215665.6255204,215665.6506371,24.535000004107133,25.116700009675696,19.988599990028888,2.7941000007558614,0.0,True,ok,4857,4857
1059,99,9.9,8,215665.6588835,215665.6844298,24.85990000423044,25.546299992129207,21.378500008722767,2.219200017862022,0.0,True,ok,4985,4985
1060,100,10.0,8,215665.6923443,215665.722121,29.322899994440377,29.776699986541644,25.38859998458065,2.6729000092018396,0.0,True,ok,4973,4973
1061,101,10.100000000000001,8,215665.7260161,215665.7539151,27.25280000595376,27.899000007892027,22.670899983495474,2.8221000102348626,0.0,True,ok,4507,4507
1062,102,10.200000000000001,8,215665.7590242,215665.7842996,24.707700009457767,25.275399995734915,21.162699995329604,2.2093000006861985,0.0,True,ok,4834,4834
1063,103,10.3,8,215665.7923016,215665.8167526,23.805899982107803,24.45099997567013,20.507200009888038,2.007999981287867,0.0,True,ok,4943,4943
1064,104,10.4,8,215665.8256127,215665.8495909,23.401700018439442,23.97820001351647,19.874899997375906,2.207300014561042,0.0,True,ok,5082,5082
1065,105,10.5,8,215665.8589791,215665.8855485,25.619199994252995,26.56939998269081,22.258599987253547,2.1256000036373734,0.0,True,ok,4986,4986
1066,106,10.600000000000001,8,215665.8924041,215665.9179783,25.11780001805164,25.57420000084676,21.430499997222796,2.402999991318211,0.0,True,ok,5037,5037
1067,107,10.700000000000001,8,215665.92594,215665.9503201,23.73509999597445,24.38010001787916,20.184299995889887,2.1471999934874475,0.0,True,ok,5162,5162
1068,108,10.8,8,215665.9592534,215665.9872006,27.455000003101304,27.947199996560812,22.292899986496195,3.8266000046860427,0.0,True,ok,4884,4884
1069,109,10.9,8,215665.9925371,215666.0197796,26.577699987683445,27.242499985732138,20.56780000566505,3.399100009119138,0.0,True,ok,4890,4890
1070,110,11.0,8,215666.0258123,215666.05094,24.6688999759499,25.1276999770198,20.953800005372614,2.301200001966208,0.0,True,ok,4848,4848
1071,111,11.100000000000001,8,215666.059089,215666.0872531,27.720100013539195,28.16410001832992,24.311400018632412,2.1508999925572425,0.0,True,ok,5030,5030
1072,112,11.200000000000001,8,215666.0923713,215666.1174754,24.644600023748353,25.10410000104457,20.823200000450015,2.4981999886222184,0.0,True,ok,5114,5114
1073,113,11.3,8,215666.1256397,215666.1538476,27.551400009542704,28.207900002598763,22.980800014920533,3.2404999947175384,0.0,True,ok,5293,5293
1074,114,11.4,8,215666.159023,215666.1849047,25.197899987688288,25.881700013997033,21.50839997921139,2.3564999864902347,0.0,True,ok,5423,5423
1075,115,11.5,8,215666.1923534,215666.2184505,25.595699989935383,26.09709999524057,21.36159999645315,2.853399986634031,0.0,True,ok,5340,5340
1076,116,11.600000000000001,8,215666.2254917,215666.251478,25.534499989589676,25.986299995565787,21.13370000733994,3.0824999848846346,0.0,True,ok,5279,5279
1077,117,11.700000000000001,8,215666.2590404,215666.2852032,25.714300019899383,26.162800000747666,21.40779999899678,2.8614999901037663,0.0,True,ok,5498,5498
1078,118,11.8,8,215666.2920896,215666.3184019,25.84380001644604,26.312300004065037,21.794999978737906,2.6969999889843166,0.0,True,ok,5517,5517
1079,119,11.9,8,215666.325734,215666.3508706,24.65680000022985,25.136599986581132,20.556900009978563,2.787899982649833,0.0,True,ok,5266,5266
1080,0,0.0,9,215666.3615328,215666.3856365,23.575800005346537,24.103700008708984,19.96619999408722,2.335600001970306,0.0,True,ok,4708,4708
1081,1,0.1,9,215666.3923022,215666.4164755,23.486000020056963,24.173300014808774,19.553499994799495,2.470000006724149,0.0,True,ok,4681,4681
1082,2,0.2,9,215666.4258878,215666.450937,24.596399976871908,25.049199990462512,20.381399983307347,2.8922999917995185,0.0,True,ok,4360,4360
1083,3,0.30000000000000004,9,215666.4590526,215666.4829608,23.46239998587407,23.908200004370883,19.778499990934506,2.376299991738051,0.0,True,ok,4532,4532
1084,4,0.4,9,215666.4924281,215666.5224456,29.386700014583766,30.01750001567416,25.87640000274405,2.2530999849550426,0.0,True,ok,4533,4533
1085,5,0.5,9,215666.5257848,215666.5523555,26.08819998567924,26.570699992589653,22.326899983454496,2.4639999901410192,0.0,True,ok,4334,4334
1086,6,0.6000000000000001,9,215666.5592613,215666.5890275,28.646600025240332,29.766200023004785,25.22300000418909,2.1296000049915165,0.0,True,ok,4462,4462
1087,7,0.7000000000000001,9,215666.5921156,215666.6162823,23.571199999423698,24.166699993656948,20.15870000468567,2.143599995179102,0.0,True,ok,4479,4479
1088,8,0.8,9,215666.6257908,215666.6504182,24.074100016150624,24.62740000919439,20.617200003471226,2.1314999903552234,0.0,True,ok,4534,4534
1089,9,0.9,9,215666.6592587,215666.684914,25.170100008836016,25.65530000720173,21.74679999006912,2.12459999602288,0.0,True,ok,4491,4491
1090,10,1.0,9,215666.6920924,215666.7262388,33.49810000509024,34.14640002301894,28.90629999455996,2.5767999759409577,0.0,True,ok,4600,4600
1091,11,1.1,9,215666.7255852,215666.7500561,23.805199976777658,24.470899981679395,20.1795999892056,2.2016000002622604,0.0,True,ok,4781,4781
1092,12,1.2000000000000002,9,215666.7589938,215666.7964585,36.84429998975247,37.464699998963624,32.22169997752644,3.173999983118847,0.0,True,ok,5044,5044
1093,13,1.3,9,215666.7929011,215666.8260428,29.57260000403039,33.14169999794103,25.904100009938702,2.3877999919932336,0.0,True,ok,4620,4620
1094,14,1.4000000000000001,9,215666.8257715,215666.850466,23.817300010705367,24.694499996257946,20.119699998758733,2.325100009329617,0.0,True,ok,4785,4785
1095,15,1.5,9,215666.8588877,215666.8831166,23.59889997751452,24.22890000161715,20.136300008744,2.1204999939072877,0.0,True,ok,5045,5045
1096,16,1.6,9,215666.8922214,215666.9174246,24.52469998388551,25.203199998941272,20.82820000941865,2.209500002209097,0.0,True,ok,5382,5382
1097,17,1.7000000000000002,9,215666.9257554,215666.9517467,25.50720001454465,25.991300004534423,21.841500012669712,2.063299994915724,0.0,True,ok,5312,5312
1098,18,1.8,9,215666.958774,215666.9842441,25.040199980139732,25.47009999398142,21.307599992724136,2.3160999990068376,0.0,True,ok,5363,5363
1099,19,1.9000000000000001,9,215666.9920555,215667.0186671,25.963899999624118,26.611599983880296,21.784899989143014,2.7800999814644456,0.0,True,ok,5455,5455
1100,20,2.0,9,215667.0258229,215667.0535493,27.262000017799437,27.726400003302842,21.056999976281077,4.817200009711087,0.0,True,ok,5508,5508
1101,21,2.1,9,215667.0592066,215667.0848718,25.20820000790991,25.665199995273724,21.715200011385605,2.130199980456382,0.0,True,ok,5300,5300
1102,22,2.2,9,215667.0924686,215667.1174611,24.525399989215657,24.992499995278195,20.715099992230535,2.4284999817609787,0.0,True,ok,5384,5384
1103,23,2.3000000000000003,9,215667.1259637,215667.1518332,24.937800015322864,25.869500008411705,21.173299988731742,2.3090000031515956,0.0,True,ok,5355,5355
1104,24,2.4000000000000004,9,215667.1589064,215667.1833519,23.849799996241927,24.445499991998076,20.23740002186969,2.29789997683838,0.0,True,ok,5072,5072
1105,25,2.5,9,215667.1922629,215667.2167644,23.83279998321086,24.50149998185225,19.970900000771508,2.476199995726347,0.0,True,ok,4851,4851
1106,26,2.6,9,215667.2255588,215667.2499088,23.72210001340136,24.34999999240972,20.18220000900328,2.179600007366389,0.0,True,ok,4933,4933
1107,27,2.7,9,215667.2590634,215667.2847845,24.670899991178885,25.721099984366447,21.071799972560257,2.062799991108477,0.0,True,ok,4889,4889
1108,28,2.8000000000000003,9,215667.2923963,215667.3170794,24.20340001117438,24.683099996764213,20.593300025211647,2.2563000093214214,0.0,True,ok,4508,4508
1109,29,2.9000000000000004,9,215667.325549,215667.3548725,28.82020000834018,29.323499999009073,25.40220000082627,1.9730000058189034,0.0,True,ok,4516,4516
1110,30,3.0,9,215667.3590202,215667.3924505,32.66539998003282,33.430299983592704,29.222000011941418,2.098700002534315,0.0,True,ok,4326,4326
1111,31,3.1,9,215667.3921039,215667.4171376,24.464899994200096,25.033699988853186,20.94390001730062,2.0893999899271876,0.0,True,ok,4407,4407
1112,32,3.2,9,215667.4256786,215667.4493572,23.223700001835823,23.678600002313033,19.79399999254383,2.1367000008467585,0.0,True,ok,4113,4113
1113,33,3.3000000000000003,9,215667.4592858,215667.4830137,23.153399990405887,23.72789999935776,19.776800007093698,2.058900019619614,0.0,True,ok,4211,4211
1114,34,3.4000000000000004,9,215667.4925902,215667.5188043,25.755799986654893,26.21409998391755,22.4107000103686,2.0574999798554927,0.0,True,ok,4198,4198
1115,35,3.5,9,215667.5255373,215667.5559447,29.767600004561245,30.407399986870587,25.862000009510666,2.5889000098686665,0.0,True,ok,4125,4125
1116,36,3.6,9,215667.5591724,215667.583611,23.821900016628206,24.438599997665733,20.307400001911446,2.2557000047527254,0.0,True,ok,4267,4267
1117,37,3.7,9,215667.5926048,215667.6192006,26.144899980863556,26.595799979986623,22.005599981639534,2.783200005069375,0.0,True,ok,3805,3805
1118,38,3.8000000000000003,9,215667.6259265,215667.6502877,23.81549999699928,24.361199990380555,20.353900006739423,2.206700009992346,0.0,True,ok,3921,3921
1119,39,3.9000000000000004,9,215667.6589513,215667.6844448,24.793599994154647,25.493499997537583,20.98229998955503,2.529399993363768,0.0,True,ok,3864,3864
1120,40,4.0,9,215667.692163,215667.7187405,25.918399973306805,26.577499986160547,21.879699983401224,2.7763999823946506,0.0,True,ok,3828,3828
1121,41,4.1000000000000005,9,215667.7256427,215667.7521329,25.283299997681752,26.490199990803376,21.970400004647672,2.0334000000730157,0.0,True,ok,3659,3659
1122,42,4.2,9,215667.7590921,215667.7855235,25.83030000096187,26.431400008732453,22.281499987002462,2.2558000055141747,0.0,True,ok,3989,3989
1123,43,4.3,9,215667.7925625,215667.8178421,24.831999995512888,25.279599998611957,21.297400002367795,2.2237000230234116,0.0,True,ok,4294,4294
1124,44,4.4,9,215667.825998,215667.8512664,24.13989999331534,25.268400000641122,20.515099982731044,2.3071000177878886,0.0,True,ok,4623,4623
1125,45,4.5,9,215667.8589556,215667.8842411,24.62419998482801,25.285499985329807,20.694099977845326,2.4941000156104565,0.0,True,ok,4708,4708
1126,46,4.6000000000000005,9,215667.8923909,215667.9188402,25.26590001070872,26.449299999512732,21.4329999871552,2.3699000012129545,0.0,True,ok,4834,4834
1127,47,4.7,9,215667.9258271,215667.9502454,23.71879998827353,24.41829998861067,19.913800002541393,2.303999994182959,0.0,True,ok,4677,4677
1128,48,4.800000000000001,9,215667.9592788,215667.9841759,24.36340000713244,24.89709999645129,20.920600014505908,2.1250999998301268,0.0,True,ok,4591,4591
1129,49,4.9,9,215667.9921658,215668.0173833,24.749600008362904,25.217499991413206,21.31300000473857,2.110700006596744,0.0,True,ok,4442,4442
1130,50,5.0,9,215668.0255265,215668.0500105,23.79629999632016,24.484000023221597,20.18969997880049,2.2855000279378146,0.0,True,ok,4408,4408
1131,51,5.1000000000000005,9,215668.0589258,215668.0831366,23.596899991389364,24.21080000931397,19.93799998308532,2.337700017960742,0.0,True,ok,4418,4418
1132,52,5.2,9,215668.0922559,215668.1174267,24.495999998180196,25.17079998506233,21.023399982368574,2.13350000558421,0.0,True,ok,4600,4600
1133,53,5.300000000000001,9,215668.1257906,215668.1513454,25.10440000332892,25.55479999864474,21.076800010632724,2.552199992351234,0.0,True,ok,4489,4489
1134,54,5.4,9,215668.1592267,215668.1855203,25.326000002678484,26.293600007193163,21.51749999029562,2.4520000151824206,0.0,True,ok,4625,4625
1135,55,5.5,9,215668.1923083,215668.2163868,23.41059999889694,24.078499991446733,19.37780002481304,2.6969999889843166,0.0,True,ok,4379,4379
1136,56,5.6000000000000005,9,215668.2257881,215668.2528515,26.618000003509223,27.063399989856407,23.20370002416894,2.122100006090477,0.0,True,ok,4212,4212
1137,57,5.7,9,215668.2591808,215668.2848163,25.17400000942871,25.635500001953915,21.43419999629259,2.4259999918285757,0.0,True,ok,4229,4229
1138,58,5.800000000000001,9,215668.2922552,215668.3189449,26.293500006431714,26.68969999649562,20.359299989650026,4.546200012555346,0.0,True,ok,4294,4294
1139,59,5.9,9,215668.3257986,215668.35326,26.92540001589805,27.4613999936264,22.55870000226423,2.79869997757487,0.0,True,ok,4337,4337
1140,60,6.0,9,215668.3592434,215668.3867696,26.994000014383346,27.526200021384284,22.48919999692589,3.227400011382997,0.0,True,ok,4334,4334
1141,61,6.1000000000000005,9,215668.3925054,215668.4186287,25.68089999840595,26.123299991013482,21.789000020362437,2.3668999783694744,0.0,True,ok,4169,4169
1142,62,6.2,9,215668.4258055,215668.4498719,23.496100009651855,24.066399986622855,19.755400018766522,2.3870000150054693,0.0,True,ok,4172,4172
1143,63,6.300000000000001,9,215668.4589049,215668.4847012,25.346700014779344,25.79630000400357,21.68749997508712,2.303599991137162,0.0,True,ok,4147,4147
1144,64,6.4,9,215668.4922507,215668.5170397,24.269699992146343,24.78900001733564,20.85229998920113,2.1009000192862004,0.0,True,ok,4178,4178
1145,65,6.5,9,215668.5257676,215668.5525039,26.117400004295632,26.736300002085045,22.697000007610768,2.0864999969489872,0.0,True,ok,4169,4169
1146,66,6.6000000000000005,9,215668.5592055,215668.5871994,27.548100013518706,27.993900002911687,22.999700013315305,2.821900008711964,0.0,True,ok,4168,4168
1147,67,6.7,9,215668.5923327,215668.6165199,23.607600014656782,24.18720000423491,20.085000025574118,2.170399995520711,0.0,True,ok,4086,4086
1148,68,6.800000000000001,9,215668.6259194,215668.6521907,25.79769998556003,26.271300012012944,21.80609997594729,2.6046999846585095,0.0,True,ok,4379,4379
1149,69,6.9,9,215668.6588308,215668.6832091,23.91150000039488,24.37830000417307,20.122699992498383,2.2847999935038388,0.0,True,ok,4282,4282
1150,70,7.0,9,215668.6921689,215668.7163718,23.507499980041757,24.202900007367134,19.809699995676056,2.309100003913045,0.0,True,ok,4247,4247
1151,71,7.1000000000000005,9,215668.7254514,215668.7521083,26.080299983732402,26.65689997957088,20.960800000466406,3.678100008983165,0.0,True,ok,4354,4354
1152,72,7.2,9,215668.7588728,215668.7867729,27.271099999779835,27.90009998716414,23.743300000205636,2.119800017680973,0.0,True,ok,4628,4628
1153,73,7.300000000000001,9,215668.792623,215668.8199076,26.704999996582046,27.284600015264004,23.146399995312095,2.2046000231057405,0.0,True,ok,4287,4287
1154,74,7.4,9,215668.825466,215668.8494458,23.296100000152364,23.97979999659583,19.76309999008663,2.1575000137090683,0.0,True,ok,4455,4455
1155,75,7.5,9,215668.8589003,215668.883059,23.50560002378188,24.158700020052493,19.59290000377223,2.506399992853403,0.0,True,ok,4560,4560
1156,76,7.6000000000000005,9,215668.8922773,215668.9232588,30.467200005659834,30.981499992776662,26.85560000827536,2.2367000055965036,0.0,True,ok,4662,4662
1157,77,7.7,9,215668.9257308,215668.9502502,23.847100004786626,24.519400001736358,19.995500013465062,2.286600007209927,0.0,True,ok,4381,4381
1158,78,7.800000000000001,9,215668.9592193,215668.9833023,23.442900012014434,24.082999996608123,19.775399996433407,2.219999994849786,0.0,True,ok,4350,4350
1159,79,7.9,9,215668.9924581,215669.0176316,24.592200003098696,25.173500005621463,20.325200021034107,2.255600003991276,0.0,True,ok,4058,4058
1160,80,8.0,9,215669.0258835,215669.0510631,24.730000004637986,25.17959999386221,21.27269998891279,2.0511999900918454,0.0,True,ok,4074,4074
1161,81,8.1,9,215669.0593736,215669.0830188,23.17700002458878,23.64520000992343,19.725599995581433,2.091600006679073,0.0,True,ok,4079,4079
1162,82,8.200000000000001,9,215669.0922132,215669.1188631,26.131400023587048,26.64990001358092,22.507900022901595,2.206000004662201,0.0,True,ok,4288,4288
1163,83,8.3,9,215669.1257463,215669.1527961,26.599000004353,27.04980000271462,22.66709998366423,2.2495000157505274,0.0,True,ok,4269,4269
1164,84,8.4,9,215669.1588112,215669.1833242,23.89250000123866,24.51300001121126,20.317700022133067,1.9423000048846006,0.0,True,ok,3996,3996
1165,85,8.5,9,215669.1923959,215669.2186344,25.77380000730045,26.238499995088205,21.73039998160675,2.606900001410395,0.0,True,ok,4318,4318
1166,86,8.6,9,215669.2257908,215669.2598575,33.56030001305044,34.06669999822043,29.26300000399351,2.616100013256073,0.0,True,ok,4410,4410
1167,87,8.700000000000001,9,215669.2588973,215669.2832906,23.41960000921972,24.39330000197515,19.841300003463402,2.1856999956071377,0.0,True,ok,4345,4345
1168,88,8.8,9,215669.2924651,215669.3168982,23.896200000308454,24.43309998488985,20.336899993708357,2.1872000070288777,0.0,True,ok,3995,3995
1169,89,8.9,9,215669.3259245,215669.3524635,26.059099996928126,26.538999984040856,22.519799997098744,2.1678000048268586,0.0,True,ok,4114,4114
1170,90,9.0,9,215669.3587975,215669.3831571,23.76770001137629,24.359600007301196,19.98690000618808,2.401100005954504,0.0,True,ok,4407,4407
1171,91,9.1,9,215669.3925404,215669.4208054,27.740499994251877,28.265000000828877,23.531599988928065,2.773900021566078,0.0,True,ok,4504,4504
1172,92,9.200000000000001,9,215669.4256275,215669.4496659,23.394799995003268,24.038400006247684,19.585900008678436,2.3437000054400414,0.0,True,ok,4602,4602
1173,93,9.3,9,215669.4590561,215669.4835591,23.82859998033382,24.50299999327399,19.460099982097745,2.9125000000931323,0.0,True,ok,4719,4719
1174,94,9.4,9,215669.492556,215669.5168353,23.784999997587875,24.279299977933988,19.974299997556955,2.4006000021472573,0.0,True,ok,4623,4623
1175,95,9.5,9,215669.5256146,215669.5501034,24.002799997106194,24.488800001563504,20.32630000030622,2.310199983185157,0.0,True,ok,4555,4555
1176,96,9.600000000000001,9,215669.5590776,215669.5866889,27.08359999815002,27.61129999998957,23.140800010878593,2.492800005711615,0.0,True,ok,4902,4902
1177,97,9.700000000000001,9,215669.592508,215669.6168725,23.64489997853525,24.364499986404553,20.040700008394197,2.1662000217474997,0.0,True,ok,4793,4793
1178,98,9.8,9,215669.6254789,215669.6508713,24.950899998657405,25.392399984411895,21.358099998906255,2.1355999924708158,0.0,True,ok,4857,4857
1179,99,9.9,9,215669.6592997,215669.6855981,25.672700023278594,26.2984000146389,21.84500001021661,2.3283000045921654,0.0,True,ok,4985,4985
1180,100,10.0,9,215669.6921333,215669.7166862,24.020500015467405,24.55289999488741,19.838000007439405,2.0970999903511256,0.0,True,ok,4973,4973
1181,101,10.100000000000001,9,215669.7253659,215669.7510179,25.081600004341453,25.652000011177734,21.47010000771843,2.1874000085517764,0.0,True,ok,4507,4507
1182,102,10.200000000000001,9,215669.7591894,215669.7870572,27.399000013247132,27.867800003150478,20.167600014247,4.7876999888103455,0.0,True,ok,4834,4834
1183,103,10.3,9,215669.7925269,215669.8215216,28.345800004899502,28.994699998293072,24.263500003144145,2.5547000113874674,0.0,True,ok,4943,4943
1184,104,10.4,9,215669.8255177,215669.8511751,25.04039998166263,25.657399994088337,21.38530000229366,2.190100000007078,0.0,True,ok,5082,5082
1185,105,10.5,9,215669.8588425,215669.8835822,24.13980002165772,24.73970002029091,20.559700002195314,2.1268999844323844,0.0,True,ok,4986,4986
1186,106,10.600000000000001,9,215669.8921647,215669.9177024,24.9486000102479,25.537700013956055,20.857600000454113,2.1957999852020293,0.0,True,ok,5037,5037
1187,107,10.700000000000001,9,215669.925411,215669.9504664,24.573300004703924,25.05540000856854,20.713300007628277,2.216900000348687,0.0,True,ok,5162,5162
1188,108,10.8,9,215669.9591528,215669.9841741,24.54000001307577,25.02130001084879,20.533100003376603,2.6507999864406884,0.0,True,ok,4884,4884
1189,109,10.9,9,215669.9922785,215670.0186097,25.68940000492148,26.33120000245981,22.13980001397431,2.0735000143758953,0.0,True,ok,4890,4890
1190,110,11.0,9,215670.0255788,215670.0501667,24.149900011252612,24.587899999460205,20.593299996107817,2.1932999952696264,0.0,True,ok,4848,4848
1191,111,11.100000000000001,9,215670.0589185,215670.0847744,25.215000001480803,25.855899992166087,21.648200025083497,2.117500000167638,0.0,True,ok,5030,5030
1192,112,11.200000000000001,9,215670.0925411,215670.116601,23.34569999948144,24.05989999533631,19.744800025364384,2.13060001260601,0.0,True,ok,5114,5114
1193,113,11.3,9,215670.1259048,215670.1514988,24.92930000880733,25.594000006094575,20.836699986830354,2.333400014322251,0.0,True,ok,5293,5293
1194,114,11.4,9,215670.1588532,215670.1878328,27.84399999654852,28.979599999729544,23.814600019250065,2.5408000219613314,0.0,True,ok,5423,5423
1195,115,11.5,9,215670.192344,215670.2196361,26.85249998467043,27.292099985061213,23.149099986767396,2.241799986222759,0.0,True,ok,5340,5340
1196,116,11.600000000000001,9,215670.2256145,215670.2525119,26.400000002468005,26.897400006419048,20.722699991893023,4.205000004731119,0.0,True,ok,5279,5279
1197,117,11.700000000000001,9,215670.2590352,215670.2846164,24.977799999760464,25.58119999594055,20.744599984027445,2.757900016149506,0.0,True,ok,5498,5498
1198,118,11.8,9,215670.2926294,215670.3183783,25.25959999184124,25.74889999232255,21.36909999535419,2.3711999820079654,0.0,True,ok,5517,5517
1199,119,11.9,9,215670.3257113,215670.3525214,26.258199999574572,26.810099981958047,22.447499999543652,2.3295000137295574,0.0,True,ok,5266,5266
1200,0,0.0,10,215670.3614098,215670.3854714,23.538499983260408,24.061599979177117,19.58849999937229,2.306999987922609,0.0,True,ok,4708,4708
1201,1,0.1,10,215670.3923514,215670.4183944,25.377800018759444,26.043000019853935,21.190799976466224,2.5451999972574413,0.0,True,ok,4681,4681
1202,2,0.2,10,215670.4255139,215670.4511908,25.24349998566322,25.676899997051805,20.49059999990277,3.3258000039495528,0.0,True,ok,4360,4360
1203,3,0.30000000000000004,10,215670.4589739,215670.4855452,25.934400007827207,26.57129999715835,22.245400003157556,2.2456000151578337,0.0,True,ok,4532,4532
1204,4,0.4,10,215670.4923061,215670.5171355,24.231100018369034,24.829400004819036,20.64639999298379,2.1342000109143555,0.0,True,ok,4533,4533
1205,5,0.5,10,215670.5256447,215670.5499456,23.63770001102239,24.300899996887892,20.012400025734678,2.195500012021512,0.0,True,ok,4334,4334
1206,6,0.6000000000000001,10,215670.5590104,215670.5832678,23.824599978979677,24.257399985799566,20.230699999956414,2.1333000040613115,0.0,True,ok,4462,4462
1207,7,0.7000000000000001,10,215670.5922857,215670.6171882,24.157000007107854,24.902500008465722,20.56599999195896,2.1296000049915165,0.0,True,ok,4479,4479
1208,8,0.8,10,215670.6256303,215670.6501666,24.028000014368445,24.536300014005974,20.41510000708513,2.203699987148866,0.0,True,ok,4534,4534
1209,9,0.9,10,215670.6591456,215670.6856706,26.054500020109117,26.5250000229571,21.62680000765249,2.870600001187995,0.0,True,ok,4491,4491
1210,10,1.0,10,215670.6922224,215670.716231,23.286799987545237,24.008600012166426,19.5184999902267,2.2758999839425087,0.0,True,ok,4600,4600
1211,11,1.1,10,215670.7256494,215670.7513888,25.24489999632351,25.739400007296354,21.661799983121455,2.131099987309426,0.0,True,ok,4781,4781
1212,12,1.2000000000000002,10,215670.7590995,215670.7849972,25.469300016993657,25.897700019413605,21.848800010047853,2.1760000090580434,0.0,True,ok,5044,5044
1213,13,1.3,10,215670.7920967,215670.8172807,24.575699993874878,25.183999998262152,20.85190001525916,2.2723999863956124,0.0,True,ok,4620,4620
1214,14,1.4000000000000001,10,215670.8257641,215670.8503913,24.14439999847673,24.62719997856766,20.258700009435415,2.4121000024024397,0.0,True,ok,4785,4785
1215,15,1.5,10,215670.8591115,215670.8833334,23.760100011713803,24.221900006523356,20.141699991654605,2.143599995179102,0.0,True,ok,5045,5045
1216,16,1.6,10,215670.892581,215670.917267,23.840900015784428,24.686000018846244,19.77199999964796,2.3890000011306256,0.0,True,ok,5382,5382
1217,17,1.7000000000000002,10,215670.9256055,215670.9519031,25.118200021097437,26.297600008547306,21.35429999907501,2.2478999744635075,0.0,True,ok,5312,5312
1218,18,1.8,10,215670.9590234,215670.9825248,23.032299999613315,23.50139999180101,19.347499997820705,2.155299996957183,0.0,True,ok,5363,5363
1219,19,1.9000000000000001,10,215670.9926522,215671.0229595,29.837400012183934,30.307300010463223,25.968499976443127,2.3781000054441392,0.0,True,ok,5455,5455
1220,20,2.0,10,215671.025493,215671.0512295,25.097600009758025,25.736500014318153,21.242200018605217,2.3077999940142035,0.0,True,ok,5508,5508
1221,21,2.1,10,215671.0589831,215671.0831754,23.620899999514222,24.192300013964996,19.93340000626631,2.166600024793297,0.0,True,ok,5300,5300
1222,22,2.2,10,215671.0923304,215671.1200324,27.214400004595518,27.702000021236017,23.39149999897927,2.3077000223565847,0.0,True,ok,5384,5384
1223,23,2.3000000000000003,10,215671.125712,215671.1512388,24.636499991174787,25.52679998916574,20.762600004673004,2.317599981324747,0.0,True,ok,5355,5355
1224,24,2.4000000000000004,10,215671.1592762,215671.1900051,30.23810000740923,30.728900019312277,25.69529999163933,3.06990000535734,0.0,True,ok,5072,5072
1225,25,2.5,10,215671.1924417,215671.2162818,23.376400000415742,23.840100009692833,19.567199982702732,2.3348999966401607,0.0,True,ok,4851,4851
1226,26,2.6,10,215671.225773,215671.2509212,24.506499990820885,25.148199987597764,20.86670001153834,2.170699997805059,0.0,True,ok,4933,4933
1227,27,2.7,10,215671.2589856,215671.2846382,25.11159999994561,25.65260001574643,20.864999998593703,2.6610999775584787,0.0,True,ok,4889,4889
1228,28,2.8000000000000003,10,215671.2922778,215671.3174047,24.64230000623502,25.126900000032037,20.59870000812225,2.583800000138581,0.0,True,ok,4508,4508
1229,29,2.9000000000000004,10,215671.325836,215671.3529292,26.393599982839078,27.093199983937666,22.821499995188788,2.137400006176904,0.0,True,ok,4516,4516
1230,30,3.0,10,215671.3592439,215671.3860164,26.296700001694262,26.77250001579523,22.624500008532777,2.134100010152906,0.0,True,ok,4326,4326
1231,31,3.1,10,215671.3927625,215671.4169346,23.62130000256002,24.172100005671382,20.113800012040883,2.0963000133633614,0.0,True,ok,4407,4407
1232,32,3.2,10,215671.4255397,215671.4536184,27.426999993622303,28.078700008336455,23.881700006313622,2.187300007790327,0.0,True,ok,4113,4113
1233,33,3.3000000000000003,10,215671.4589869,215671.4838825,24.24520000931807,24.89560001413338,20.771600014995784,2.0101999980397522,0.0,True,ok,4211,4211
1234,34,3.4000000000000004,10,215671.4922575,215671.5177809,24.891500012017787,25.52339999238029,19.836799998302013,2.541699999710545,0.0,True,ok,4198,4198
1235,35,3.5,10,215671.5254743,215671.5520561,26.107699988642707,26.581799989799038,22.144699993077666,2.3996999952942133,0.0,True,ok,4125,4125
1236,36,3.6,10,215671.5591384,215671.5875148,27.90469999308698,28.376399975968525,24.218000005930662,2.3572999925818294,0.0,True,ok,4267,4267
1237,37,3.7,10,215671.5922342,215671.6188106,25.62420000322163,26.576399977784604,21.357999998144805,2.175300003727898,0.0,True,ok,3805,3805
1238,38,3.8000000000000003,10,215671.6254296,215671.6512038,24.878700001863763,25.77419998124242,21.239300025627017,2.321400010259822,0.0,True,ok,3921,3921
1239,39,3.9000000000000004,10,215671.659053,215671.6835174,23.962800012668595,24.46439999039285,20.290999993449077,2.320999978110194,0.0,True,ok,3864,3864
1240,40,4.0,10,215671.6924461,215671.7167229,23.762900003930554,24.276799988001585,20.00750001752749,2.435900009004399,0.0,True,ok,3828,3828
1241,41,4.1000000000000005,10,215671.7259561,215671.7512192,24.84960001311265,25.263099989388138,20.58409998426214,3.0066000181250274,0.0,True,ok,3659,3659
1242,42,4.2,10,215671.7592308,215671.7841267,24.45209998404607,24.895899987313896,20.39590000640601,2.201800001785159,0.0,True,ok,3989,3989
1243,43,4.3,10,215671.7925582,215671.8202644,27.248600003076717,27.70620002411306,23.660200007725507,2.2800999868195504,0.0,True,ok,4294,4294
1244,44,4.4,10,215671.8258652,215671.8501921,23.85230001527816,24.326900020241737,20.21509999758564,2.302000008057803,0.0,True,ok,4623,4623
1245,45,4.5,10,215671.85927,215671.8876063,27.430000016465783,28.336300019873306,23.52319998317398,2.5750999921001494,0.0,True,ok,4708,4708
1246,46,4.6000000000000005,10,215671.8923386,215671.9170518,24.068099999567494,24.71319999312982,20.488300011493266,2.216599998064339,0.0,True,ok,4834,4834
1247,47,4.7,10,215671.9258963,215671.9507892,24.358599999686703,24.892899993574247,20.73060002294369,2.2708000033162534,0.0,True,ok,4677,4677
1248,48,4.800000000000001,10,215671.9590282,215671.9830026,23.39429999119602,23.974399984581396,19.80000000912696,2.2019000025466084,0.0,True,ok,4591,4591
1249,49,4.9,10,215671.9922616,215672.017865,25.039600004674867,25.60339999035932,21.4978999865707,2.019999985350296,0.0,True,ok,4442,4442
1250,50,5.0,10,215672.0256112,215672.0518584,25.74439998716116,26.247200003126636,22.146000002976507,2.290400007041171,0.0,True,ok,4408,4408
1251,51,5.1000000000000005,10,215672.0590806,215672.0840333,24.279400007799268,24.952699983259663,20.62570000998676,2.3133000067900866,0.0,True,ok,4418,4418
1252,52,5.2,10,215672.0924099,215672.1167733,23.91029999125749,24.36339997802861,20.465899986447766,2.1203999931458384,0.0,True,ok,4600,4600
1253,53,5.300000000000001,10,215672.1258568,215672.151316,25.00530000543222,25.459199998294935,21.503700001630932,2.146699989680201,0.0,True,ok,4489,4489
1254,54,5.4,10,215672.1591728,215672.1875378,27.331499994033948,28.365000005578622,22.500399994896725,3.5120999964419752,0.0,True,ok,4625,4625
1255,55,5.5,10,215672.1923039,215672.2200944,27.068099996540695,27.79049999662675,21.469300001626834,4.226799996104091,0.0,True,ok,4379,4379
1256,56,5.6000000000000005,10,215672.2257537,215672.2500618,23.537800007034093,24.308099993504584,19.997800001874566,2.079900004900992,0.0,True,ok,4212,4212
1257,57,5.7,10,215672.2587335,215672.2860122,26.81710000615567,27.278699999442324,23.28640001360327,2.260500012198463,0.0,True,ok,4229,4229
1258,58,5.800000000000001,10,215672.2924401,215672.3184896,25.46259999508038,26.04950001114048,21.878400002606213,2.1966000203974545,0.0,True,ok,4294,4294
1259,59,5.9,10,215672.3257264,215672.3526804,26.252100011333823,26.954000000841916,22.42130000377074,2.4201000051107258,0.0,True,ok,4337,4337
1260,60,6.0,10,215672.3588368,215672.3831885,23.76350000849925,24.35170000535436,20.131700002821162,2.326900023035705,0.0,True,ok,4334,4334
1261,61,6.1000000000000005,10,215672.3925537,215672.4187349,25.532100000418723,26.181200024439022,21.494100015843287,2.745000005234033,0.0,True,ok,4169,4169
1262,62,6.2,10,215672.4258268,215672.4508633,24.43780002067797,25.036500010173768,20.972700003767386,2.13500001700595,0.0,True,ok,4172,4172
1263,63,6.300000000000001,10,215672.4592416,215672.4852884,25.4881999862846,26.04679999058135,21.88309998018667,2.203999989433214,0.0,True,ok,4147,4147
1264,64,6.4,10,215672.4925842,215672.5175771,24.515099998097867,24.992899998323992,20.606700010830536,2.1149000094737858,0.0,True,ok,4178,4178
1265,65,6.5,10,215672.5255955,215672.551914,25.67620002082549,26.318500022171065,21.458100003656,2.802300004987046,0.0,True,ok,4169,4169
1266,66,6.6000000000000005,10,215672.5589649,215672.5896076,30.112700012978166,30.64270000322722,26.625500002410263,2.1927999914623797,0.0,True,ok,4168,4168
1267,67,6.7,10,215672.5921641,215672.6170524,24.334699992323294,24.888299987651408,20.95420000841841,2.082999999402091,0.0,True,ok,4086,4086
1268,68,6.800000000000001,10,215672.6256255,215672.6515701,24.701799993636087,25.94459999818355,21.049600007245317,2.3076000215951353,0.0,True,ok,4379,4379
1269,69,6.9,10,215672.6591515,215672.6831915,23.356599995167926,24.039999989327043,19.714599999133497,2.1489000064320862,0.0,True,ok,4282,4282
1270,70,7.0,10,215672.6925059,215672.7169693,23.798100010026246,24.463400011882186,20.18389999284409,2.2810999944340438,0.0,True,ok,4247,4247
1271,71,7.1000000000000005,10,215672.7258964,215672.7495267,23.058699996909127,23.6303000128828,19.61359998676926,2.0874000038020313,0.0,True,ok,4354,4354
1272,72,7.2,10,215672.7593177,215672.7839568,23.754900001222268,24.63910001097247,19.857300008879974,2.5418000004719943,0.0,True,ok,4628,4628
1273,73,7.300000000000001,10,215672.7922194,215672.8170507,24.378799978876486,24.831299990182742,21.073799987789243,2.005700021982193,0.0,True,ok,4287,4287
1274,74,7.4,10,215672.8256331,215672.8491528,23.000099987257272,23.519699985627085,19.54099998692982,2.118400007020682,0.0,True,ok,4455,4455
1275,75,7.5,10,215672.8590214,215672.8836899,24.176399980206043,24.6684999729041,20.846700004767627,1.9910999981220812,0.0,True,ok,4560,4560
1276,76,7.6000000000000005,10,215672.8924379,215672.9182379,25.286300020525232,25.800000003073364,21.740399999544024,2.1798999805469066,0.0,True,ok,4662,4662
1277,77,7.7,10,215672.9257895,215672.9511385,24.84520000871271,25.34900000318885,21.260600013192743,2.2496000165119767,0.0,True,ok,4381,4381
1278,78,7.800000000000001,10,215672.9591962,215672.9835984,23.87899998575449,24.40219998243265,20.491600007517263,2.084899984765798,0.0,True,ok,4350,4350
1279,79,7.9,10,215672.9921032,215673.0230541,30.296199984150007,30.95089999260381,24.8522000038065,3.8942999963182956,0.0,True,ok,4058,4058
1280,80,8.0,10,215673.0255812,215673.0507186,24.48039999580942,25.137399992672727,21.110300003783777,2.045200002612546,0.0,True,ok,4074,4074
1281,81,8.1,10,215673.0592134,215673.0855492,25.71010001702234,26.33580000838265,22.282499994616956,2.119699987815693,0.0,True,ok,4079,4079
1282,82,8.200000000000001,10,215673.09219,215673.1201927,27.364800014765933,28.002700011711568,22.22860002075322,3.1405999907292426,0.0,True,ok,4288,4288
1283,83,8.3,10,215673.1257421,215673.1507646,24.309300002641976,25.022499990882352,20.835000002989545,2.13939999230206,0.0,True,ok,4269,4269
1284,84,8.4,10,215673.1593445,215673.1862844,26.470999990124255,26.93990000989288,22.443699999712408,2.4865999876055866,0.0,True,ok,3996,3996
1285,85,8.5,10,215673.1921773,215673.2167224,23.89549999497831,24.545099993702024,20.285100006731227,2.288599993335083,0.0,True,ok,4318,4318
1286,86,8.6,10,215673.2255125,215673.2517165,25.739000004250556,26.203999994322658,22.270799992838874,2.145599981304258,0.0,True,ok,4410,4410
1287,87,8.700000000000001,10,215673.2589722,215673.2830766,23.580799985211343,24.1043999849353,20.137199986493215,2.154999994672835,0.0,True,ok,4345,4345
1288,88,8.8,10,215673.2922944,215673.3164077,23.4966000134591,24.11330002360046,19.89630001480691,2.160299976821989,0.0,True,ok,3995,3995
1289,89,8.9,10,215673.3259272,215673.3494977,23.02880000206642,23.570499994093552,19.721100019523874,2.0271000103093684,0.0,True,ok,4114,4114
1290,90,9.0,10,215673.3588104,215673.3826973,23.347899987129495,23.886899987701327,19.94819997344166,2.1096999989822507,0.0,True,ok,4407,4407
1291,91,9.1,10,215673.3925662,215673.4180058,24.28809998673387,25.439599994570017,20.56609999272041,2.3486000136472285,0.0,True,ok,4504,4504
1292,92,9.200000000000001,10,215673.4258346,215673.4505839,23.753899993607774,24.749300006078556,20.205799984978512,2.2330000065267086,0.0,True,ok,4602,4602
1293,93,9.3,10,215673.4590128,215673.4881571,28.2613999734167,29.144299973268062,24.17809999315068,2.6368999970145524,0.0,True,ok,4719,4719
1294,94,9.4,10,215673.4923508,215673.5169848,24.141700007021427,24.634000001242384,20.159799983957782,2.3262999893631786,33.3379999792669,True,ok,4623,4623
1295,95,9.5,10,215673.5259603,215673.5501171,23.481500014895573,24.156800005584955,19.752400025026873,2.421600016532466,0.0,True,ok,4555,4555
1296,96,9.600000000000001,10,215673.5588541,215673.5855989,26.288499997463077,26.744800008600578,22.8759000019636,2.139599993824959,0.0,True,ok,4902,4902
1297,97,9.700000000000001,10,215673.592348,215673.6197538,26.947000005748123,27.405800006818026,22.977199987508357,2.677699987543747,0.0,True,ok,4793,4793
1298,98,9.8,10,215673.6255937,215673.6525918,26.533600001130253,26.998099987395108,22.883099998580292,2.36169999698177,0.0,True,ok,4857,4857
1299,99,9.9,10,215673.6589417,215673.6840403,24.648899998283014,25.09859998826869,21.05219999793917,2.326399990124628,0.0,True,ok,4985,4985
1300,100,10.0,10,215673.6925883,215673.7174604,24.384899996221066,24.872099980711937,21.002199995564297,2.089799992972985,0.0,True,ok,4973,4973
1301,101,10.100000000000001,10,215673.7253816,215673.7519127,25.93570001772605,26.53110001119785,21.36630000313744,2.828000026056543,0.0,True,ok,4507,4507
1302,102,10.200000000000001,10,215673.7591928,215673.7839295,24.130600009812042,24.73669999744743,20.13180000358261,2.757499983999878,0.0,True,ok,4834,4834
1303,103,10.3,10,215673.7924815,215673.8181989,25.05669998936355,25.717400014400482,21.617699996568263,2.1281999943312258,0.0,True,ok,4943,4943
1304,104,10.4,10,215673.8254344,215673.8502891,24.17849999619648,24.854699993738905,20.714900019811466,2.1769999875687063,0.0,True,ok,5082,5082
1305,105,10.5,10,215673.8588884,215673.8844196,25.05090000340715,25.53120002266951,21.683600003598258,2.1210999984759837,0.0,True,ok,4986,4986
1306,106,10.600000000000001,10,215673.8921889,215673.9190431,26.40510001219809,26.85419999761507,22.40190000156872,2.7830999752040952,0.0,True,ok,5037,5037
1307,107,10.700000000000001,10,215673.9258967,215673.9502898,23.902200016891584,24.39310000045225,20.518000004813075,2.131399989593774,0.0,True,ok,5162,5162
1308,108,10.8,10,215673.9591034,215673.9831351,23.408899985952303,24.03169998433441,19.87889999873005,2.322399988770485,0.0,True,ok,4884,4884
1309,109,10.9,10,215673.9924239,215674.0170921,24.203000008128583,24.668199999723583,20.794799987925217,2.1649000118486583,0.0,True,ok,4890,4890
1310,110,11.0,10,215674.0254904,215674.0517044,25.231999985408038,26.2139999831561,21.257699991110712,2.608599985251203,0.0,True,ok,4848,4848
1311,111,11.100000000000001,10,215674.0590667,215674.0836102,23.908100003609434,24.543500010622665,20.578399999067187,2.0791999995708466,0.0,True,ok,5030,5030
1312,112,11.200000000000001,10,215674.0923708,215674.1206031,27.548199985176325,28.232299984665588,24.106199998641387,2.193300024373457,0.0,True,ok,5114,5114
1313,113,11.3,10,215674.1256299,215674.1525379,26.242499996442348,26.907999999821186,22.383800009265542,2.526600001147017,0.0,True,ok,5293,5293
1314,114,11.4,10,215674.159139,215674.1843218,24.717400025110692,25.18280001822859,21.179799980018288,2.272200013976544,0.0,True,ok,5423,5423
1315,115,11.5,10,215674.1924319,215674.2165615,23.512200015829876,24.12960000219755,19.753700005821884,2.454600005876273,0.0,True,ok,5340,5340
1316,116,11.600000000000001,10,215674.2256912,215674.250404,24.18839998426847,24.712799990084022,20.384400006150827,2.545700001064688,0.0,True,ok,5279,5279
1317,117,11.700000000000001,10,215674.2590249,215674.2844251,24.931599997216836,25.400199985597283,21.35290001751855,2.3252000100910664,0.0,True,ok,5498,5498
1318,118,11.8,10,215674.2921021,215674.3180514,25.49110000836663,25.949300004867837,21.933000010903925,2.24760000128299,0.0,True,ok,5517,5517
1319,119,11.9,10,215674.3257491,215674.3529007,26.7267000162974,27.151599992066622,22.759400017093867,2.7014999941457063,0.0,True,ok,5266,5266
1320,0,0.0,11,215674.3618759,215674.3905475,27.59019998484291,28.671599982772022,23.179000010713935,3.1518999894615263,0.0,True,ok,4708,4708
1321,1,0.1,11,215674.3925294,215674.4191627,25.95930002280511,26.63330000359565,22.648599988315254,2.0801999780815095,0.0,True,ok,4681,4681
1322,2,0.2,11,215674.4259411,215674.4510717,24.54290000605397,25.130599999101833,21.12319998559542,2.175600006012246,0.0,True,ok,4360,4360
1323,3,0.30000000000000004,11,215674.4588723,215674.4824689,23.138999997172505,23.596600018208846,19.52899998286739,2.3597000108566135,0.0,True,ok,4532,4532
1324,4,0.4,11,215674.4923178,215674.5167085,23.694500006968156,24.390700011281297,19.90399998612702,2.4526999914087355,0.0,True,ok,4533,4533
1325,5,0.5,11,215674.5257018,215674.5543126,28.109899983974174,28.610799985472113,22.88780000526458,3.9603000041097403,0.0,True,ok,4334,4334
1326,6,0.6000000000000001,11,215674.5593588,215674.5843505,24.167099996702746,24.9916999891866,20.67870000610128,2.223099989350885,0.0,True,ok,4462,4462
1327,7,0.7000000000000001,11,215674.5924396,215674.618923,25.34439999726601,26.483399997232482,21.93789999000728,2.1169999963603914,0.0,True,ok,4479,4479
1328,8,0.8,11,215674.6259607,215674.6556849,29.251900006784126,29.724199994234368,25.32660000724718,2.0744000212289393,0.0,True,ok,4534,4534
1329,9,0.9,11,215674.6589715,215674.6842458,24.694899999303743,25.274299987358972,21.343300002627075,2.1323999972082675,0.0,True,ok,4491,4491
1330,10,1.0,11,215674.6921589,215674.7167109,23.89069998753257,24.551999988034368,20.319000002928078,2.2701999987475574,0.0,True,ok,4600,4600
1331,11,1.1,11,215674.7256676,215674.7513231,25.211700005456805,25.65550000872463,20.71000001160428,2.918200014391914,0.0,True,ok,4781,4781
1332,12,1.2000000000000002,11,215674.7590603,215674.7832279,23.092700022971258,24.167600000509992,19.691199995577335,2.1237999899312854,0.0,True,ok,5044,5044
1333,13,1.3,11,215674.7925462,215674.8168223,23.804600001312792,24.27609998267144,20.214700023643672,2.3173000081442297,0.0,True,ok,4620,4620
1334,14,1.4000000000000001,11,215674.8258701,215674.8503205,23.937699996167794,24.450400000205263,20.337399997515604,2.325700013898313,0.0,True,ok,4785,4785
1335,15,1.5,11,215674.8589311,215674.8831765,23.630700015928596,24.245400010840967,20.086800010176376,2.234999992651865,0.0,True,ok,5045,5045
1336,16,1.6,11,215674.8925864,215674.9171693,24.03010000125505,24.58289999049157,20.406399999046698,2.3255999840330333,0.0,True,ok,5382,5382
1337,17,1.7000000000000002,11,215674.9257115,215674.9492842,22.93209999334067,23.572700010845438,19.478300004266202,2.1163999917916954,0.0,True,ok,5312,5312
1338,18,1.8,11,215674.9590338,215674.9838655,24.164599977666512,24.83169999322854,20.69380000466481,2.042400010395795,0.0,True,ok,5363,5363
1339,19,1.9000000000000001,11,215674.9924759,215675.0191561,26.050299988128245,26.680199982365593,22.332699998514727,2.3321000044234097,0.0,True,ok,5455,5455
1340,20,2.0,11,215675.0258267,215675.0520073,25.716500007547438,26.180599990766495,21.519199974136427,2.900699997553602,0.0,True,ok,5508,5508
1341,21,2.1,11,215675.0591642,215675.0838142,24.20080002048053,24.650000006658956,20.74380000703968,2.119699987815693,0.0,True,ok,5300,5300
1342,22,2.2,11,215675.0926793,215675.1165203,23.184500023489818,23.841000016545877,19.486800010781735,2.368299989029765,0.0,True,ok,5384,5384
1343,23,2.3000000000000003,11,215675.1254574,215675.153656,27.718299999833107,28.198600019095466,23.58839998487383,2.3533999919891357,0.0,True,ok,5355,5355
1344,24,2.4000000000000004,11,215675.1589235,215675.1864404,27.042899979278445,27.516899979673326,23.29389998340048,2.456299989717081,0.0,True,ok,5072,5072
1345,25,2.5,11,215675.1924959,215675.2174414,24.3367999792099,24.94549998664297,20.03119999426417,2.3651000228710473,0.0,True,ok,4851,4851
1346,26,2.6,11,215675.2257498,215675.25032,24.107499979436398,24.570199981098995,19.947399996453896,2.8082000208087265,0.0,True,ok,4933,4933
1347,27,2.7,11,215675.2590891,215675.2860684,25.962899992009625,26.979299989761785,22.564499988220632,2.1071000082883984,0.0,True,ok,4889,4889
1348,28,2.8000000000000003,11,215675.2921273,215675.3159213,23.316600010730326,23.794000007910654,19.717800023499876,2.2585999977309257,0.0,True,ok,4508,4508
1349,29,2.9000000000000004,11,215675.3260547,215675.3524202,25.671000010333955,26.365500001702458,22.031000000424683,2.1670999994967133,0.0,True,ok,4516,4516
1350,30,3.0,11,215675.3589963,215675.3828467,23.298899992369115,23.850400000810623,19.969499990111217,2.0948000019416213,0.0,True,ok,4326,4326
1351,31,3.1,11,215675.39228,215675.4192981,26.377400005003437,27.018099994165823,22.89059999748133,2.140299999155104,0.0,True,ok,4407,4407
1352,32,3.2,11,215675.4258441,215675.4501276,23.811699997168034,24.28349998081103,20.484300010139123,2.079900004900992,0.0,True,ok,4113,4113
1353,33,3.3000000000000003,11,215675.4590967,215675.4873948,27.835899993078783,28.298099990934134,24.539500009268522,2.0591000211425126,0.0,True,ok,4211,4211
1354,34,3.4000000000000004,11,215675.4924398,215675.524269,31.194099981803447,31.82919998653233,27.982400002656505,1.9797999993897974,0.0,True,ok,4198,4198
1355,35,3.5,11,215675.5257594,215675.5506695,24.45070000248961,24.91009997902438,20.90390000375919,2.282300003571436,0.0,True,ok,4125,4125
1356,36,3.6,11,215675.5591703,215675.586949,27.2660999908112,27.77869999408722,21.993300004396588,4.055100027471781,0.0,True,ok,4267,4267
1357,37,3.7,11,215675.5921489,215675.6164929,23.478600021917373,24.34400000493042,20.149400021182373,2.0982999994885176,0.0,True,ok,3805,3805
1358,38,3.8000000000000003,11,215675.6256534,215675.652842,26.71200002077967,27.188600011868402,22.537200013175607,2.9187000181991607,0.0,True,ok,3921,3921
1359,39,3.9000000000000004,11,215675.6593968,215675.684616,24.727700016228482,25.219200004357845,21.202400006586686,2.286900009494275,0.0,True,ok,3864,3864
1360,40,4.0,11,215675.6924354,215675.7203468,27.446399995824322,27.911399985896423,23.551099991891533,2.5713999930303544,0.0,True,ok,3828,3828
1361,41,4.1000000000000005,11,215675.7255096,215675.7493078,23.223700001835823,23.798200010787696,19.813100021565333,2.1951000089757144,0.0,True,ok,3659,3659
1362,42,4.2,11,215675.7588489,215675.7850993,25.59770000516437,26.250399998389184,21.76630002213642,2.592500008177012,0.0,True,ok,3989,3989
1363,43,4.3,11,215675.7921913,215675.8181164,25.46750000328757,25.92510002432391,22.067999991122633,2.1747999999206513,0.0,True,ok,4294,4294
1364,44,4.4,11,215675.8256096,215675.85149,24.852800008375198,25.880400004098192,20.459999999729916,2.7707999979611486,0.0,True,ok,4623,4623
1365,45,4.5,11,215675.8590933,215675.8845791,24.849000008543953,25.485799997113645,21.063099993625656,2.5086000096052885,0.0,True,ok,4708,4708
1366,46,4.6000000000000005,11,215675.8924423,215675.9166399,23.733400012133643,24.19759999611415,20.30239999294281,2.1597000013571233,0.0,True,ok,4834,4834
1367,47,4.7,11,215675.9258358,215675.951999,25.724100007209927,26.163200003793463,22.13389999815263,2.350399998249486,0.0,True,ok,4677,4677
1368,48,4.800000000000001,11,215675.9591102,215675.9832748,23.43619999010116,24.164600006770343,19.62400000775233,2.288599993335083,0.0,True,ok,4591,4591
1369,49,4.9,11,215675.9924222,215676.022777,29.707000008784235,30.354799993801862,26.39020001515746,2.029199997195974,0.0,True,ok,4442,4442
1370,50,5.0,11,215676.0257391,215676.0502122,23.874900012742728,24.47309999843128,20.147599978372455,2.313400007551536,0.0,True,ok,4408,4408
1371,51,5.1000000000000005,11,215676.0590815,215676.0848636,25.185400008922443,25.782100012293085,20.758099999511614,3.1350000062957406,0.0,True,ok,4418,4418
1372,52,5.2,11,215676.0921935,215676.1170909,24.279299977933988,24.897399998735636,20.95279999775812,2.046300010988489,0.0,True,ok,4600,4600
1373,53,5.300000000000001,11,215676.1258586,215676.150391,23.83729998837225,24.53240001341328,20.10069999960251,2.2573999885935336,0.0,True,ok,4489,4489
1374,54,5.4,11,215676.1592067,215676.1832834,23.490399995353073,24.076700006844476,19.87729998654686,2.3197999980766326,0.0,True,ok,4625,4625
1375,55,5.5,11,215676.1922063,215676.2160681,23.38130000862293,23.861800000304356,19.805599993560463,2.2662999981548637,0.0,True,ok,4379,4379
1376,56,5.6000000000000005,11,215676.2257524,215676.2504101,24.19910000753589,24.657700007082894,20.362100010970607,2.5628000148572028,0.0,True,ok,4212,4212
1377,57,5.7,11,215676.2591264,215676.2838745,24.28059998783283,24.748099996941164,20.766600006027147,2.2452000121120363,0.0,True,ok,4229,4229
1378,58,5.800000000000001,11,215676.292106,215676.3179881,25.417199998628348,25.882099987939,21.421500016003847,2.3643999884370714,0.0,True,ok,4294,4294
1379,59,5.9,11,215676.3254603,215676.3514178,25.281100010033697,25.95750000909902,21.439300006022677,2.4676000175531954,0.0,True,ok,4337,4337
1380,60,6.0,11,215676.3592994,215676.3860189,26.2423999956809,26.719499990576878,22.405199997592717,2.242900023702532,0.0,True,ok,4334,4334
1381,61,6.1000000000000005,11,215676.3921469,215676.4184021,25.693500007037073,26.255200005834922,22.106499993242323,2.2791999799665064,0.0,True,ok,4169,4169
1382,62,6.2,11,215676.4257697,215676.4512365,25.009100005263463,25.466799997957423,21.337499987566844,2.348500012885779,0.0,True,ok,4172,4172
1383,63,6.300000000000001,11,215676.4591995,215676.485375,25.699399993754923,26.17549998103641,20.792399998754263,3.4380999859422445,33.42980000888929,True,ok,4147,4147
1384,64,6.4,11,215676.4923894,215676.5165832,23.701900005107746,24.193799996282905,20.166800008155406,2.2305000165943056,0.0,True,ok,4178,4178
1385,65,6.5,11,215676.5254637,215676.552517,26.336300012189895,27.053300000261515,23.066299996571615,1.9800000009126961,0.0,True,ok,4169,4169
1386,66,6.6000000000000005,11,215676.5590119,215676.5832612,23.657599987927824,24.24929998232983,20.128200005274266,2.191600011428818,0.0,True,ok,4168,4168
1387,67,6.7,11,215676.5925148,215676.6170082,23.806000011973083,24.493400007486343,20.17680002609268,2.278100000694394,0.0,True,ok,4086,4086
1388,68,6.800000000000001,11,215676.6257803,215676.6498924,23.415599978761747,24.112099985359237,19.74069999414496,2.3096999793779105,0.0,True,ok,4379,4379
1389,69,6.9,11,215676.6591448,215676.6839313,24.293599999509752,24.786499998299405,20.839200005866587,2.0946000004187226,0.0,True,ok,4282,4282
1390,70,7.0,11,215676.692187,215676.7180791,25.267800025176257,25.892100005876273,19.85790001344867,4.062200023327023,0.0,True,ok,4247,4247
1391,71,7.1000000000000005,11,215676.7255373,215676.7496151,23.613099998328835,24.07780001522042,19.961299985880032,2.148600004147738,0.0,True,ok,4354,4354
1392,72,7.2,11,215676.7591181,215676.7847799,25.189499981934205,25.661799998488277,21.390799985965714,2.4167999799828976,0.0,True,ok,4628,4628
1393,73,7.300000000000001,11,215676.7925313,215676.8198216,26.822399988304824,27.290300000458956,22.8105999995023,2.214900014223531,0.0,True,ok,4287,4287
1394,74,7.4,11,215676.8258872,215676.850515,24.107900011586025,24.627800012240186,20.610200008377433,2.1351000177673995,0.0,True,ok,4455,4455
1395,75,7.5,11,215676.8590759,215676.8837502,24.00960001978092,24.674300017068163,20.54379999754019,2.1053999953437597,0.0,True,ok,4560,4560
1396,76,7.6000000000000005,11,215676.892637,215676.9177286,24.47750000283122,25.091599993174896,20.954999985406175,2.1471999934874475,0.0,True,ok,4662,4662
1397,77,7.7,11,215676.925815,215676.9509164,24.67630000319332,25.10140000958927,20.892400003504008,2.012399985687807,0.0,True,ok,4381,4381
1398,78,7.800000000000001,11,215676.9589253,215676.9856075,26.133200008189306,26.68220002669841,20.653999992646277,4.1031999862752855,0.0,True,ok,4350,4350
1399,79,7.9,11,215676.9925201,215677.0183001,25.1249999855645,25.77999999630265,20.95730000291951,2.8525000088848174,0.0,True,ok,4058,4058
1400,80,8.0,11,215677.0256409,215677.0518985,25.573499995516613,26.257599995005876,22.067399986553937,2.1745999983977526,0.0,True,ok,4074,4074
1401,81,8.1,11,215677.0589245,215677.0850008,25.59189999010414,26.07630001148209,22.119500004919246,2.1560000022873282,0.0,True,ok,4079,4079
1402,82,8.200000000000001,11,215677.0922516,215677.1163916,23.680799989961088,24.13999999407679,20.201200008159503,2.1189999824855477,0.0,True,ok,4288,4288
1403,83,8.3,11,215677.125525,215677.1514107,25.3828999993857,25.885699986247346,21.7871000058949,2.206000004662201,0.0,True,ok,4269,4269
1404,84,8.4,11,215677.1591791,215677.1845707,24.757999985013157,25.3915999783203,20.942200004355982,2.356299984967336,0.0,True,ok,3996,3996
1405,85,8.5,11,215677.192252,215677.2173656,24.47479998227209,25.113599986070767,20.011499989777803,2.6267000066582114,0.0,True,ok,4318,4318
1406,86,8.6,11,215677.2256812,215677.2543612,28.052400011802092,28.679999988526106,24.309700005687773,2.3873000172898173,0.0,True,ok,4410,4410
1407,87,8.700000000000001,11,215677.2592805,215677.2841651,24.43170000333339,24.884599988581613,20.958300010534003,2.0992999779991806,0.0,True,ok,4345,4345
1408,88,8.8,11,215677.2923458,215677.3169732,24.161600013030693,24.62740000919439,20.710999990114942,2.1197000169195235,0.0,True,ok,3995,3995
1409,89,8.9,11,215677.3259202,215677.351708,24.818000005325302,25.787799997488037,21.436500013805926,2.023000008193776,0.0,True,ok,4114,4114
1410,90,9.0,11,215677.3588899,215677.3827663,23.291099991183728,23.876399995060638,19.845600007101893,2.1305000118445605,0.0,True,ok,4407,4407
1411,91,9.1,11,215677.3922806,215677.4173877,24.123799987137318,25.10709999478422,20.217499986756593,2.304199995705858,0.0,True,ok,4504,4504
1412,92,9.200000000000001,11,215677.4257062,215677.4514075,25.209199986420572,25.70129997911863,20.80149998073466,2.8698999958578497,0.0,True,ok,4602,4602
1413,93,9.3,11,215677.4589256,215677.4838525,24.262100021587685,24.926900019636378,20.374599989736453,2.470300009008497,0.0,True,ok,4719,4719
1414,94,9.4,11,215677.4922982,215677.5160964,23.23920000344515,23.798200010787696,19.529299985151738,2.3278000007849187,0.0,True,ok,4623,4623
1415,95,9.5,11,215677.5255457,215677.5564033,30.379900010302663,30.85760000976734,26.419200003147125,2.550900011556223,0.0,True,ok,4555,4555
1416,96,9.600000000000001,11,215677.5592037,215677.5838315,23.892700002761558,24.627800012240186,20.282399986172095,2.2197999933268875,0.0,True,ok,4902,4902
1417,97,9.700000000000001,11,215677.5925993,215677.6177398,24.22130000195466,25.140500016277656,20.72299999417737,2.113800001097843,0.0,True,ok,4793,4793
1418,98,9.8,11,215677.6258039,215677.6519555,25.18560001044534,26.15160000277683,21.60609999555163,2.117100026225671,0.0,True,ok,4857,4857
1419,99,9.9,11,215677.6592096,215677.6851262,25.431299989577383,25.916599988704547,21.139099990250543,2.159600000595674,0.0,True,ok,4985,4985
1420,100,10.0,11,215677.6923832,215677.7174726,24.451200006296858,25.08940000552684,20.65190000575967,2.0909999730065465,0.0,True,ok,4973,4973
1421,101,10.100000000000001,11,215677.7256731,215677.7518592,25.69850001600571,26.18610000354238,21.64600000833161,2.1914999815635383,0.0,True,ok,4507,4507
1422,102,10.200000000000001,11,215677.7590253,215677.7842797,24.813500000163913,25.254399981349707,21.2508000258822,2.1536999847739935,0.0,True,ok,4834,4834
1423,103,10.3,11,215677.7925794,215677.817533,24.369899998418987,24.953599990112707,20.81529999850318,2.088500012177974,0.0,True,ok,4943,4943
1424,104,10.4,11,215677.8254944,215677.8511717,25.062200002139434,25.677300000097603,21.444299985887483,2.1386999869719148,0.0,True,ok,5082,5082
1425,105,10.5,11,215677.8588565,215677.8832404,23.706999985734,24.383899988606572,20.118000014917925,2.1695000177714974,0.0,True,ok,4986,4986
1426,106,10.600000000000001,11,215677.892308,215677.9174536,24.612000008346513,25.14559999690391,21.064300002763048,2.14389999746345,0.0,True,ok,5037,5037
1427,107,10.700000000000001,11,215677.9258255,215677.9500126,23.639999999431893,24.18710000347346,20.10999998310581,2.075399999739602,0.0,True,ok,5162,5162
1428,108,10.8,11,215677.9588934,215677.9859479,26.62749998853542,27.054499980295077,22.984800016274676,2.2742000001017004,0.0,True,ok,4884,4884
1429,109,10.9,11,215677.9925503,215678.0200352,26.77409999887459,27.484899997944012,23.041000007651746,2.133299974957481,0.0,True,ok,4890,4890
1430,110,11.0,11,215678.0255866,215678.050395,24.139299988746643,24.808399990433827,20.48770000692457,2.2603999823331833,0.0,True,ok,4848,4848
1431,111,11.100000000000001,11,215678.0589386,215678.0836397,24.242999992566183,24.70109998830594,20.350500009953976,2.365799999097362,0.0,True,ok,5030,5030
1432,112,11.200000000000001,11,215678.0924224,215678.1177551,24.686999997356907,25.33269999548793,20.285199978388846,2.5184999976772815,0.0,True,ok,5114,5114
1433,113,11.3,11,215678.1257555,215678.1523505,25.938899983884767,26.59500000299886,21.964399988064542,2.2912999847903848,0.0,True,ok,5293,5293
1434,114,11.4,11,215678.1588741,215678.1848304,25.341000000480562,25.95629999996163,21.47269999841228,2.2985000105109066,0.0,True,ok,5423,5423
1435,115,11.5,11,215678.1923444,215678.2164349,23.592300014570355,24.090499995509163,19.446999998763204,2.665600011823699,0.0,True,ok,5340,5340
1436,116,11.600000000000001,11,215678.2259708,215678.2519691,25.423999992199242,25.998299999628216,20.492499985266477,2.739899995503947,0.0,True,ok,5279,5279
1437,117,11.700000000000001,11,215678.2590219,215678.2847201,25.265100004617125,25.69819998461753,21.493099979124963,2.2772999946027994,0.0,True,ok,5498,5498
1438,118,11.8,11,215678.2923028,215678.3164786,23.586399998748675,24.175800004741177,19.710499997017905,2.3787000100128353,0.0,True,ok,5517,5517
1439,119,11.9,11,215678.3258429,215678.3520522,25.6185999896843,26.209300005575642,21.852800011401996,2.2766000183764845,0.0,True,ok,5266,5266
1440,0,0.0,12,215678.3621504,215678.3914936,28.69269999791868,29.34320000349544,24.928999977419153,2.3573999933432788,0.0,True,ok,4708,4708
1441,1,0.1,12,215678.3925638,215678.4168597,23.64349999697879,24.295899987919256,19.882499997038394,2.154099987819791,0.0,True,ok,4681,4681
1442,2,0.2,12,215678.4255501,215678.4528639,26.84979999321513,27.313800004776567,23.30870000878349,2.1526999771595,0.0,True,ok,4360,4360
1443,3,0.30000000000000004,12,215678.4589882,215678.4852408,25.801099982345477,26.25259998603724,22.116600011941046,2.2530999849550426,0.0,True,ok,4532,4532
1444,4,0.4,12,215678.4923507,215678.5169646,23.97400001063943,24.61390002281405,20.380400004796684,2.161100012017414,0.0,True,ok,4533,4533
1445,5,0.5,12,215678.5256594,215678.5505822,24.432000005617738,24.922799988416955,20.438400009879842,2.5687000015750527,0.0,True,ok,4334,4334
1446,6,0.6000000000000001,12,215678.5590306,215678.5866754,27.127800014568493,27.644799993140623,23.558399989269674,2.108800021233037,0.0,True,ok,4462,4462
1447,7,0.7000000000000001,12,215678.5923735,215678.6190702,26.212099997792393,26.696699991589412,22.329800005536526,2.16020000516437,0.0,True,ok,4479,4479
1448,8,0.8,12,215678.6256285,215678.6531508,26.658899994799867,27.52229999168776,22.646700002951548,2.5766000035218894,0.0,True,ok,4534,4534
1449,9,0.9,12,215678.6590755,215678.6836164,24.06739999423735,24.540899990824983,20.196700002998114,2.4000999983400106,0.0,True,ok,4491,4491
1450,10,1.0,12,215678.6926294,215678.7173894,24.293099995702505,24.760000000242144,19.467300007818267,3.3458999823778868,0.0,True,ok,4600,4600
1451,11,1.1,12,215678.7256649,215678.7493204,23.21810001740232,23.65550000104122,19.631700008176267,2.1302000095602125,0.0,True,ok,4781,4781
1452,12,1.2000000000000002,12,215678.759032,215678.7845131,25.036799983354285,25.481099990429357,21.48159997886978,2.1003999863751233,0.0,True,ok,5044,5044
1453,13,1.3,12,215678.7924323,215678.8166352,23.664799984544516,24.202900007367134,19.922400009818375,2.2929999977350235,0.0,True,ok,4620,4620
1454,14,1.4000000000000001,12,215678.8259005,215678.8504347,23.83600000757724,24.534199998015538,19.978599972091615,2.341100014746189,0.0,True,ok,4785,4785
1455,15,1.5,12,215678.8592893,215678.885409,25.672400020994246,26.119700021808967,20.468100003199652,3.4764999873004854,0.0,True,ok,5045,5045
1456,16,1.6,12,215678.8926021,215678.91864,25.59350000228733,26.03789998102002,20.351599989226088,3.053200023714453,33.31280002021231,True,ok,5382,5382
1457,17,1.7000000000000002,12,215678.9259736,215678.9510418,24.681000009877607,25.068199989618734,20.682799979113042,2.4588000087533146,0.0,True,ok,5312,5312
1458,18,1.8,12,215678.9589864,215678.9842909,24.795200006337836,25.30450001358986,20.34849999472499,2.861600019969046,0.0,True,ok,5363,5363
1459,19,1.9000000000000001,12,215678.9926423,215679.0175656,23.92059998237528,24.9232999922242,20.185800007311627,2.213400002801791,0.0,True,ok,5455,5455
1460,20,2.0,12,215679.0258443,215679.0514223,24.78109998628497,25.578000000678003,20.944599993526936,2.2963000228628516,0.0,True,ok,5508,5508
1461,21,2.1,12,215679.0591355,215679.0837956,24.064799974439666,24.660099996253848,20.22970002144575,2.1419999829959124,0.0,True,ok,5300,5300
1462,22,2.2,12,215679.0922203,215679.1198479,27.194399997824803,27.62760000769049,22.14539999840781,3.2789999968372285,0.0,True,ok,5384,5384
1463,23,2.3000000000000003,12,215679.1258036,215679.1505529,24.318500014487654,24.749300006078556,20.461300009628758,2.2228999878279865,0.0,True,ok,5355,5355
1464,24,2.4000000000000004,12,215679.1591077,215679.1831483,23.44050002284348,24.04060002299957,19.524100003764033,2.3809999984223396,0.0,True,ok,5072,5072
1465,25,2.5,12,215679.1921032,215679.2178131,25.113799987593666,25.709899986395612,21.46230000653304,2.1714000031352043,0.0,True,ok,4851,4851
1466,26,2.6,12,215679.2257325,215679.2513353,24.94450000813231,25.602800014894456,21.343100001104176,2.1182000054977834,0.0,True,ok,4933,4933
1467,27,2.7,12,215679.259029,215679.2842017,24.638700007926673,25.17269999952987,21.054299984825775,2.1371999755501747,0.0,True,ok,4889,4889
1468,28,2.8000000000000003,12,215679.2926774,215679.3170311,23.879400017904118,24.353700020583346,20.09810000890866,2.283399982843548,0.0,True,ok,4508,4508
1469,29,2.9000000000000004,12,215679.3254489,215679.351705,25.65860000322573,26.256100012687966,22.158399980980903,2.006700000492856,0.0,True,ok,4516,4516
1470,30,3.0,12,215679.3588923,215679.384024,24.309500004164875,25.131700007477775,20.835300005273893,2.0827999978791922,0.0,True,ok,4326,4326
1471,31,3.1,12,215679.392517,215679.4164393,23.513599997386336,23.922299995319918,19.818600005237386,2.1090999944135547,0.0,True,ok,4407,4407
1472,32,3.2,12,215679.4255764,215679.4510401,24.860799981979653,25.463699974352494,20.31739999074489,3.1100000196602196,0.0,True,ok,4113,4113
1473,33,3.3000000000000003,12,215679.4592485,215679.4850048,25.10430000256747,25.75629999046214,21.545800002058968,2.1397999953478575,0.0,True,ok,4211,4211
1474,34,3.4000000000000004,12,215679.4922126,215679.5182187,25.516800000332296,26.006100000813603,21.910400013439357,2.183300006436184,0.0,True,ok,4198,4198
1475,35,3.5,12,215679.5259051,215679.5507841,24.288699991302565,24.87900000414811,20.58099998976104,2.3261000169441104,0.0,True,ok,4125,4125
1476,36,3.6,12,215679.5588553,215679.5871506,27.847400022437796,28.295299998717383,24.183899979107082,2.3292000114452094,0.0,True,ok,4267,4267
1477,37,3.7,12,215679.5921908,215679.6180676,25.304800015874207,25.876800005789846,21.680899983039126,2.1380999824032187,0.0,True,ok,3805,3805
1478,38,3.8000000000000003,12,215679.625746,215679.6499064,23.703400016529486,24.1604000038933,19.986300001619384,2.3493999906349927,0.0,True,ok,3921,3921
1479,39,3.9000000000000004,12,215679.6588574,215679.6845227,25.029599986737594,25.665299996035174,21.1037999833934,2.4133000115398318,0.0,True,ok,3864,3864
1480,40,4.0,12,215679.6921678,215679.7167898,24.142400012351573,24.621999997179955,20.475299999816343,2.27580001228489,0.0,True,ok,3828,3828
1481,41,4.1000000000000005,12,215679.7254681,215679.7490809,23.167299979832023,23.612799996044487,19.683499995153397,2.1326999994926155,0.0,True,ok,3659,3659
1482,42,4.2,12,215679.7589485,215679.7836152,24.21810000669211,24.666699988301843,20.528200024273247,2.3385999957099557,0.0,True,ok,3989,3989
1483,43,4.3,12,215679.7922975,215679.8226691,29.910299985203892,30.3715999762062,26.472900004591793,2.0809000125154853,0.0,True,ok,4294,4294
1484,44,4.4,12,215679.8258775,215679.8500078,23.704899998847395,24.130300007527694,19.91000000271015,2.3815000022295862,0.0,True,ok,4623,4623
1485,45,4.5,12,215679.8592348,215679.8849427,24.717000022064894,25.707900000270456,20.284300000639632,2.8657999937422574,0.0,True,ok,4708,4708
1486,46,4.6000000000000005,12,215679.8927471,215679.9195698,25.858699984382838,26.82269999058917,21.351000003051013,2.6369999977760017,0.0,True,ok,4834,4834
1487,47,4.7,12,215679.9257578,215679.9518053,25.368699978571385,26.047499995911494,20.654099993407726,3.232300019590184,0.0,True,ok,4677,4677
1488,48,4.800000000000001,12,215679.9591179,215679.9850116,24.93379998486489,25.893699988955632,20.061799994437024,2.1558000007644296,33.36010000202805,True,ok,4591,4591
1489,49,4.9,12,215679.9925957,215680.0171579,24.1321999928914,24.56220000749454,19.910100003471598,2.4856000090949237,0.0,True,ok,4442,4442
1490,50,5.0,12,215680.0254787,215680.0525924,26.491600001463667,27.113699994515628,21.818900015205145,3.000099997734651,0.0,True,ok,4408,4408
1491,51,5.1000000000000005,12,215680.0589451,215680.0848478,25.385399989318103,25.90269999927841,21.694600000046194,2.3112999915611,0.0,True,ok,4418,4418
1492,52,5.2,12,215680.0924243,215680.1186112,25.562500028172508,26.186900009633973,22.121199988760054,2.078799996525049,0.0,True,ok,4600,4600
1493,53,5.300000000000001,12,215680.1257738,215680.1507638,24.519400001736358,24.98999997624196,20.905100012896582,2.0475999917834997,0.0,True,ok,4489,4489
1494,54,5.4,12,215680.1590071,215680.1864678,27.016600011847913,27.460699988296255,23.328599985688925,2.2176999773364514,0.0,True,ok,4625,4625
1495,55,5.5,12,215680.19208,215680.2190949,26.563000021269545,27.014899998903275,22.682899987557903,2.3744000063743442,0.0,True,ok,4379,4379
1496,56,5.6000000000000005,12,215680.2257327,215680.249691,23.535899992566556,23.958300007507205,20.090799982426688,2.0908000005874783,0.0,True,ok,4212,4212
1497,57,5.7,12,215680.2591721,215680.2841658,24.543100007576868,24.993700004415587,20.8058999851346,2.4052000080700964,0.0,True,ok,4229,4229
1498,58,5.800000000000001,12,215680.2926047,215680.3191869,25.55789999314584,26.582199992844835,21.866199997020885,2.3173000081442297,0.0,True,ok,4294,4294
1499,59,5.9,12,215680.3256182,215680.352731,26.634299982106313,27.112799987662584,21.885199996177107,3.144999995129183,0.0,True,ok,4337,4337
1500,60,6.0,12,215680.358931,215680.3833427,23.92659999895841,24.411699996562675,20.355400018161163,2.2462999913841486,0.0,True,ok,4334,4334
1501,61,6.1000000000000005,12,215680.3926782,215680.4204515,27.319599990732968,27.773299982072785,21.046700014267117,4.906099988147616,0.0,True,ok,4169,4169
1502,62,6.2,12,215680.4256232,215680.4497769,23.59289999003522,24.153700011083856,19.89639998646453,2.344500011531636,0.0,True,ok,4172,4172
1503,63,6.300000000000001,12,215680.4591514,215680.4838264,24.047700018854812,24.675000022398308,20.447100017918274,2.2551000001840293,0.0,True,ok,4147,4147
1504,64,6.4,12,215680.4922717,215680.51663,23.84949999395758,24.358299997402355,20.348899997770786,2.045299974270165,0.0,True,ok,4178,4178
1505,65,6.5,12,215680.5258904,215680.5508293,24.092899984680116,24.938899994594976,20.553700014716014,2.1286999981384724,0.0,True,ok,4169,4169
1506,66,6.6000000000000005,12,215680.5588776,215680.5839023,24.519399972632527,25.024699978530407,20.64010000322014,2.513999992515892,0.0,True,ok,4168,4168
1507,67,6.7,12,215680.5924798,215680.6175784,24.444000009680167,25.09860001737252,20.93520000926219,2.143399993656203,0.0,True,ok,4086,4086
1508,68,6.800000000000001,12,215680.6258456,215680.6522499,25.939700019080192,26.404300006106496,22.16180000687018,2.364799991482869,0.0,True,ok,4379,4379
1509,69,6.9,12,215680.6592044,215680.6845834,24.725499999476597,25.378999998793006,21.09190000919625,2.203500014729798,0.0,True,ok,4282,4282
1510,70,7.0,12,215680.6922278,215680.7167396,24.032699991948903,24.51180000207387,20.301499986089766,2.335900004254654,0.0,True,ok,4247,4247
1511,71,7.1000000000000005,12,215680.7258936,215680.7525219,26.136100001167506,26.628299994627014,22.612200002186,2.1618000173475593,0.0,True,ok,4354,4354
1512,72,7.2,12,215680.7592119,215680.7845162,24.847099994076416,25.30429998296313,21.35460000135936,2.1058999991510063,0.0,True,ok,4628,4628
1513,73,7.300000000000001,12,215680.792238,215680.8196683,26.43930001067929,27.43030001875013,21.09670001664199,2.743599994573742,0.0,True,ok,4287,4287
1514,74,7.4,12,215680.825613,215680.8528228,26.716899999883026,27.20979999867268,21.240800007944927,2.8193999896757305,0.0,True,ok,4455,4455
1515,75,7.5,12,215680.8591959,215680.8845243,24.87160000600852,25.328399991849437,21.293099998729303,2.171000000089407,0.0,True,ok,4560,4560
1516,76,7.6000000000000005,12,215680.8922812,215680.91715,24.284599989186972,24.86879998468794,20.921299990732223,1.9811000092886388,0.0,True,ok,4662,4662
1517,77,7.7,12,215680.92564,215680.9523512,25.9444999974221,26.711199985584244,22.12909999070689,2.330300019821152,0.0,True,ok,4381,4381
1518,78,7.800000000000001,12,215680.9591933,215680.9858601,26.197999977739528,26.666799996746704,22.2180999990087,2.5880000030156225,0.0,True,ok,4350,4350
1519,79,7.9,12,215680.9922413,215681.0211466,28.309299988904968,28.905299986945465,24.59310000995174,2.253199985716492,0.0,True,ok,4058,4058
1520,80,8.0,12,215681.025746,215681.0528132,26.293599978089333,27.06719998968765,22.614399989834055,2.2385999909602106,0.0,True,ok,4074,4074
1521,81,8.1,12,215681.0590925,215681.0845416,25.00209998106584,25.449099979596213,20.01649999874644,2.143299992894754,0.0,True,ok,4079,4079
1522,82,8.200000000000001,12,215681.0921211,215681.1165819,23.78239997779019,24.460799992084503,19.56600000266917,2.8685999859590083,0.0,True,ok,4288,4288
1523,83,8.3,12,215681.1258039,215681.1534103,27.142600010847673,27.606399991782382,23.58290000120178,2.1838000102434307,0.0,True,ok,4269,4269
1524,84,8.4,12,215681.1592365,215681.185063,25.385200016899034,25.826500001130626,21.9206000037957,2.1535000123549253,0.0,True,ok,3996,3996
1525,85,8.5,12,215681.1927493,215681.2267909,33.45149999950081,34.04159998171963,28.600099991308525,3.085300006205216,0.0,True,ok,4318,4318
1526,86,8.6,12,215681.2257132,215681.2526475,25.84629997727461,26.93429999635555,22.021999990101904,2.3244000039994717,0.0,True,ok,4410,4410
1527,87,8.700000000000001,12,215681.2591221,215681.2838861,24.279599980218336,24.764000001596287,20.795399992493913,2.1394999930635095,0.0,True,ok,4345,4345
1528,88,8.8,12,215681.2920792,215681.3161776,23.4626000165008,24.098399997456,20.1142999867443,2.0348000107333064,0.0,True,ok,3995,3995
1529,89,8.9,12,215681.3257612,215681.3520787,25.84660000866279,26.317500014556572,21.89830000861548,2.643700019689277,0.0,True,ok,4114,4114
1530,90,9.0,12,215681.3590099,215681.3844946,24.945100012701005,25.484699988737702,20.822999998927116,2.748800005065277,0.0,True,ok,4407,4407
1531,91,9.1,12,215681.3923244,215681.419872,26.902399986283854,27.54760000971146,22.380399983376265,3.152600023895502,0.0,True,ok,4504,4504
1532,92,9.200000000000001,12,215681.4254922,215681.4508608,24.91159999044612,25.368599977809936,21.132599998963997,2.2963999945204705,0.0,True,ok,4602,4602
1533,93,9.3,12,215681.4589085,215681.4836666,23.78119999775663,24.758099985774606,20.079000008990988,2.3455000191461295,0.0,True,ok,4719,4719
1534,94,9.4,12,215681.4923723,215681.5167318,23.725999984890223,24.359499977435917,20.049999991897494,2.3087000008672476,0.0,True,ok,4623,4623
1535,95,9.5,12,215681.5257241,215681.5630467,36.67010000208393,37.32259999378584,32.19779999926686,2.952000009827316,0.0,True,ok,4555,4555
1536,96,9.600000000000001,12,215681.5592421,215681.5976621,34.60169999743812,38.41999999713153,30.654100002720952,2.505199983716011,0.0,True,ok,4902,4902
1537,97,9.700000000000001,12,215681.5928422,215681.6320058,34.33130000485107,39.16359998402186,29.627199983224273,3.3631999976933002,0.0,True,ok,4793,4793
1538,98,9.8,12,215681.6258666,215681.6575588,25.542500021401793,31.692200020188466,21.513899991987273,2.694599999813363,0.0,True,ok,4857,4857
1539,99,9.9,12,215681.6587855,215681.6848707,25.644500012276694,26.08519999193959,21.70870002009906,2.611200005048886,0.0,True,ok,4985,4985
1540,100,10.0,12,215681.6925859,215681.7196722,26.637100003426895,27.086300018709153,23.1455999892205,2.1493999811355025,0.0,True,ok,4973,4973
1541,101,10.100000000000001,12,215681.7255215,215681.7516606,25.679700018372387,26.139100024010986,21.619100007228553,2.7528000064194202,0.0,True,ok,4507,4507
1542,102,10.200000000000001,12,215681.758808,215681.7831379,23.869600001489744,24.329899984877557,20.415400009369478,2.1330000017769635,0.0,True,ok,4834,4834
1543,103,10.3,12,215681.792145,215681.8157461,22.988000011537224,23.601099994266406,19.547600008081645,2.0932999905198812,0.0,True,ok,4943,4943
1544,104,10.4,12,215681.825498,215681.8507694,24.596600007498637,25.271400023484603,20.772899995790794,2.4040999996941537,0.0,True,ok,5082,5082
1545,105,10.5,12,215681.8588403,215681.8875982,28.28220001538284,28.75789999961853,23.38239998789504,3.6374999908730388,0.0,True,ok,4986,4986
1546,106,10.600000000000001,12,215681.8923916,215681.9182637,25.388000009115785,25.872099999105558,21.981700003379956,2.1032000076957047,0.0,True,ok,5037,5037
1547,107,10.700000000000001,12,215681.9257111,215681.9520855,25.918900006217882,26.374400011263788,21.993500005919486,2.5941999920178205,0.0,True,ok,5162,5162
1548,108,10.8,12,215681.9591366,215681.9865272,26.859400008106604,27.39060000749305,23.26570000150241,2.3178000119514763,0.0,True,ok,4884,4884
1549,109,10.9,12,215681.9921139,215682.0171293,24.52799997990951,25.01539999502711,21.20449999347329,1.9762000010814518,0.0,True,ok,4890,4890
1550,110,11.0,12,215682.0258303,215682.050376,23.88510000309907,24.54569999827072,20.453099976293743,2.1742999961134046,0.0,True,ok,4848,4848
1551,111,11.100000000000001,12,215682.0591566,215682.0837726,24.121599999489263,24.615999980596825,20.679900015238672,2.189000020734966,0.0,True,ok,5030,5030
1552,112,11.200000000000001,12,215682.0922123,215682.1167322,23.782200005371124,24.519900005543604,20.104299997910857,2.186099998652935,0.0,True,ok,5114,5114
1553,113,11.3,12,215682.1255573,215682.1498771,23.867699987022206,24.319799995282665,19.959199998993427,2.422200021101162,0.0,True,ok,5293,5293
1554,114,11.4,12,215682.1588564,215682.1838723,24.558600009186193,25.015899998834357,21.013199992012233,2.2114999883342534,0.0,True,ok,5423,5423
1555,115,11.5,12,215682.1924043,215682.2179769,24.92480000364594,25.57259998866357,21.30079999915324,2.315299992915243,0.0,True,ok,5340,5340
1556,116,11.600000000000001,12,215682.2255456,215682.2545961,28.592500020749867,29.050500015728176,25.035600003320724,2.2847999935038388,0.0,True,ok,5279,5279
1557,117,11.700000000000001,12,215682.2591466,215682.2835,23.688499990385026,24.353399989195168,19.98100001947023,2.3495000205002725,0.0,True,ok,5498,5498
1558,118,11.8,12,215682.292472,215682.3180761,25.1589999825228,25.604099995689467,21.275400009471923,2.4153999984264374,0.0,True,ok,5517,5517
1559,119,11.9,12,215682.3257648,215682.350988,24.693599989404902,25.223199976608157,20.961000001989305,2.364499989198521,0.0,True,ok,5266,5266
1560,0,0.0,13,215682.3618311,215682.3888606,26.499500003410503,27.029500022763386,22.273199982009828,2.7917999832425267,0.0,True,ok,4708,4708
1561,1,0.1,13,215682.3923176,215682.4193314,26.547699992079288,27.013799990527332,23.180500022135675,2.0832000009249896,0.0,True,ok,4681,4681
1562,2,0.2,13,215682.425687,215682.4505218,24.058599985437468,24.83479998772964,20.7634000107646,2.016200014622882,0.0,True,ok,4360,4360
1563,3,0.30000000000000004,13,215682.4587829,215682.4827805,23.543699993751943,23.99759998661466,19.934000010835007,2.301200001966208,0.0,True,ok,4532,4532
1564,4,0.4,13,215682.4925619,215682.5207536,27.25399998598732,28.19169999565929,22.38400001078844,3.556399984518066,0.0,True,ok,4533,4533
1565,5,0.5,13,215682.5258619,215682.5514586,24.407499993685633,25.596699997549877,20.66559999366291,2.3643000167794526,0.0,True,ok,4334,4334
1566,6,0.6000000000000001,13,215682.5592783,215682.5833573,23.61649999511428,24.07899999525398,20.0860999757424,2.104599989252165,0.0,True,ok,4462,4462
1567,7,0.7000000000000001,13,215682.592325,215682.6175051,24.571399990236387,25.18009999766946,20.049799990374595,3.2134000211954117,0.0,True,ok,4479,4479
1568,8,0.8,13,215682.6255356,215682.6540433,27.967899979557842,28.50769998622127,24.484599998686463,2.1397000236902386,0.0,True,ok,4534,4534
1569,9,0.9,13,215682.6588418,215682.688323,28.992800012929365,29.48120000655763,25.123300001723692,2.299899992067367,0.0,True,ok,4491,4491
1570,10,1.0,13,215682.6926139,215682.7181237,24.83460001531057,25.509800005238503,21.029299998190254,2.5258999958168715,0.0,True,ok,4600,4600
1571,11,1.1,13,215682.7255724,215682.750399,24.33660000679083,24.826600012602285,20.27429998270236,2.3558999819215387,0.0,True,ok,4781,4781
1572,12,1.2000000000000002,13,215682.7588679,215682.7826437,23.32339997519739,23.775799985742196,19.741999974939972,2.0688999793492258,0.0,True,ok,5044,5044
1573,13,1.3,13,215682.7924345,215682.8248002,31.89129999373108,32.36569999717176,27.842799987411126,2.655200019944459,0.0,True,ok,4620,4620
1574,14,1.4000000000000001,13,215682.8254245,215682.8517072,25.64509998774156,26.282699982402846,20.725000009406358,3.6087000044062734,0.0,True,ok,4785,4785
1575,15,1.5,13,215682.8587983,215682.8846782,25.40210000006482,25.879900000290945,21.112299989908934,2.9508000006899238,0.0,True,ok,5045,5045
1576,16,1.6,13,215682.8924524,215682.9182822,25.371399999130517,25.829799997154623,21.713199996156618,2.3064000124577433,0.0,True,ok,5382,5382
1577,17,1.7000000000000002,13,215682.9258244,215682.9541816,27.70320000126958,28.357200004393235,24.204099987400696,2.1856999956071377,0.0,True,ok,5312,5312
1578,18,1.8,13,215682.9592058,215682.9854253,25.67919998546131,26.219499995931983,21.47430001059547,2.8353999950923026,0.0,True,ok,5363,5363
1579,19,1.9000000000000001,13,215682.9922253,215683.0185541,25.87020001374185,26.328800013288856,22.153400001116097,2.346399996895343,0.0,True,ok,5455,5455
1580,20,2.0,13,215683.0255828,215683.0504957,24.408800003584474,24.912900000344962,20.80159998149611,2.310999989276752,0.0,True,ok,5508,5508
1581,21,2.1,13,215683.0589385,215683.0838488,24.430499994195998,24.91029998054728,20.99900000030175,2.064200001768768,0.0,True,ok,5300,5300
1582,22,2.2,13,215683.0922257,215683.1185445,25.362599990330637,26.318799995351583,20.662999973865226,2.388499997323379,33.28719999990426,True,ok,5384,5384
1583,23,2.3000000000000003,13,215683.1259419,215683.1515876,25.253400002839044,25.645699992310256,20.559099997626618,2.9707000066991895,0.0,True,ok,5355,5355
1584,24,2.4000000000000004,13,215683.1592871,215683.1837619,24.03150001191534,24.47480001137592,20.249699999112636,2.507900004275143,0.0,True,ok,5072,5072
1585,25,2.5,13,215683.1923027,215683.2178607,25.062200002139434,25.558000023011118,20.95269999699667,2.645400003530085,0.0,True,ok,4851,4851
1586,26,2.6,13,215683.2256059,215683.2499647,23.90860000741668,24.3588000012096,20.506100001512095,2.1323999972082675,0.0,True,ok,4933,4933
1587,27,2.7,13,215683.2592408,215683.2833015,23.61529998597689,24.060700001427904,20.064599986653775,2.264599985210225,0.0,True,ok,4889,4889
1588,28,2.8000000000000003,13,215683.2922243,215683.3191826,26.47030001389794,26.958300004480407,22.453200013842434,2.700799988815561,0.0,True,ok,4508,4508
1589,29,2.9000000000000004,13,215683.3258942,215683.3506535,24.231100018369034,24.759299994912,20.815799973206595,2.0896999922115356,0.0,True,ok,4516,4516
1590,30,3.0,13,215683.3589598,215683.3827624,23.351000010734424,23.802599986083806,19.69810001901351,2.2310000204015523,0.0,True,ok,4326,4326
1591,31,3.1,13,215683.3926097,215683.4167958,23.632399999769405,24.186099995858967,19.741399999475107,2.088200009893626,0.0,True,ok,4407,4407
1592,32,3.2,13,215683.425623,215683.449611,23.535899992566556,23.988000000827014,20.064500014996156,2.2089999984018505,0.0,True,ok,4113,4113
1593,33,3.3000000000000003,13,215683.4589987,215683.4832711,23.829900019336492,24.272400012705475,19.77199999964796,2.7993000112473965,0.0,True,ok,4211,4211
1594,34,3.4000000000000004,13,215683.4926176,215683.5165337,23.452599998563528,23.91610000631772,20.114600018132478,2.1201999916229397,0.0,True,ok,4198,4198
1595,35,3.5,13,215683.5256042,215683.5511955,24.93520002462901,25.591300014639273,20.810299989534542,2.787500008707866,0.0,True,ok,4125,4125
1596,36,3.6,13,215683.5589679,215683.5839729,24.516900011803955,25.00500000314787,20.500599988736212,2.7928000199608505,0.0,True,ok,4267,4267
1597,37,3.7,13,215683.5926088,215683.6181961,25.085500004934147,25.5872999841813,21.784399985335767,2.0865999977104366,0.0,True,ok,3805,3805
1598,38,3.8000000000000003,13,215683.6254949,215683.6498807,23.81369998329319,24.38579997397028,20.3748999920208,2.21049998071976,0.0,True,ok,3921,3921
1599,39,3.9000000000000004,13,215683.6589522,215683.6845299,25.076999998418614,25.577699998393655,21.49800001643598,2.2981000074651092,0.0,True,ok,3864,3864
1600,40,4.0,13,215683.6920882,215683.7163145,23.764099983964115,24.226299981819466,20.30559998820536,2.275000006193295,0.0,True,ok,3828,3828
1601,41,4.1000000000000005,13,215683.7257017,215683.751416,25.263200019253418,25.714300019899383,20.116400002734736,3.9166999922599643,0.0,True,ok,3659,3659
1602,42,4.2,13,215683.759259,215683.7859597,26.156900014029816,26.700699992943555,22.390599973732606,2.5403999898117036,0.0,True,ok,3989,3989
1603,43,4.3,13,215683.7922632,215683.8182037,25.487500010058284,25.940499996067956,21.79570001317188,2.446300000883639,0.0,True,ok,4294,4294
1604,44,4.4,13,215683.826029,215683.8503897,23.863400012487546,24.36070001567714,20.346600009361282,2.2849999950267375,0.0,True,ok,4623,4623
1605,45,4.5,13,215683.8592365,215683.8843698,24.667700025020167,25.133300019660965,20.971599995391443,2.4348000006284565,0.0,True,ok,4708,4708
1606,46,4.6000000000000005,13,215683.8923295,215683.9162607,23.461800010409206,23.931200004881248,19.824599992716685,2.3646000190638006,0.0,True,ok,4834,4834
1607,47,4.7,13,215683.9253896,215683.9498373,23.969100002432242,24.447700008749962,20.339200011221692,2.347300003748387,0.0,True,ok,4677,4677
1608,48,4.800000000000001,13,215683.9592828,215683.9850188,25.318300002254546,25.736000010510907,20.98530001239851,2.7378999802749604,0.0,True,ok,4591,4591
1609,49,4.9,13,215683.9922801,215684.0180898,25.3548999899067,25.80969998962246,21.893299999646842,2.178700000513345,0.0,True,ok,4442,4442
1610,50,5.0,13,215684.0256118,215684.0509856,24.792600015643984,25.3738000174053,21.27870000549592,2.302000008057803,0.0,True,ok,4408,4408
1611,51,5.1000000000000005,13,215684.0591771,215684.0897202,30.05159998429008,30.54310000152327,26.27629999187775,2.4182999914046377,0.0,True,ok,4418,4418
1612,52,5.2,13,215684.0923059,215684.1207152,27.81440000399016,28.409299993654713,23.150399996666238,3.254700015531853,0.0,True,ok,4600,4600
1613,53,5.300000000000001,13,215684.1257456,215684.1510435,24.220699997385964,25.297899992438033,20.90859998133965,2.070999995339662,0.0,True,ok,4489,4489
1614,54,5.4,13,215684.1591317,215684.1828912,23.288299998966977,23.759500007145107,19.775900000240654,2.2601000091526657,0.0,True,ok,4625,4625
1615,55,5.5,13,215684.1923775,215684.2172792,24.424600007478148,24.901700002374128,20.894599991152063,2.1718000061810017,0.0,True,ok,4379,4379
1616,56,5.6000000000000005,13,215684.2255459,215684.25185,25.815900007728487,26.304099999833852,21.682099992176518,2.9098999802954495,33.16839999752119,True,ok,4212,4212
1617,57,5.7,13,215684.2588653,215684.2828508,23.526699980720878,23.98549998179078,19.539999979315326,2.7110000082757324,0.0,True,ok,4229,4229
1618,58,5.800000000000001,13,215684.2924256,215684.319028,26.08499999041669,26.60240000113845,20.667600008891895,4.040900006657466,0.0,True,ok,4294,4294
1619,59,5.9,13,215684.3257895,215684.3512743,25.016499974299222,25.48479998949915,21.356699988245964,2.3462999961338937,0.0,True,ok,4337,4337
1620,60,6.0,13,215684.3588603,215684.3857191,26.38570000999607,26.858800003537908,22.54869998432696,2.566300012404099,0.0,True,ok,4334,4334
1621,61,6.1000000000000005,13,215684.3925911,215684.4192,25.59160001692362,26.608899992424995,22.0225999946706,2.2979000059422106,0.0,True,ok,4169,4169
1622,62,6.2,13,215684.4255044,215684.4503568,24.269799992907792,24.8524000053294,20.900199975585565,2.1100000012665987,0.0,True,ok,4172,4172
1623,63,6.300000000000001,13,215684.4588491,215684.4880815,28.72539998497814,29.232400003820658,23.890499986009672,3.561899997293949,0.0,True,ok,4147,4147
1624,64,6.4,13,215684.4924765,215684.5164773,23.335800011409447,24.000800010981038,19.292499986477196,2.7796000067610294,0.0,True,ok,4178,4178
1625,65,6.5,13,215684.5255423,215684.5524363,26.397500012535602,26.8940000096336,20.872499997494742,4.215900000417605,0.0,True,ok,4169,4169
1626,66,6.6000000000000005,13,215684.5590196,215684.5839824,24.27170000737533,24.962800001958385,20.83590000984259,2.1471999934874475,33.47730002133176,True,ok,4168,4168
1627,67,6.7,13,215684.5926004,215684.6170049,23.8346999976784,24.404499999945983,20.562499994412065,2.022799977567047,0.0,True,ok,4086,4086
1628,68,6.800000000000001,13,215684.6255206,215684.649834,23.832800012314692,24.31340000475757,20.153399993432686,2.3523999843746424,0.0,True,ok,4379,4379
1629,69,6.9,13,215684.6589893,215684.6835782,23.853299993788823,24.5889000070747,19.978399999672547,2.483899996150285,0.0,True,ok,4282,4282
1630,70,7.0,13,215684.6926176,215684.7184849,25.33249999396503,25.86729999165982,21.70969999860972,2.3150000197347254,0.0,True,ok,4247,4247
1631,71,7.1000000000000005,13,215684.7256163,215684.7494316,23.140700010117143,23.81529999547638,19.654200004879385,2.213599975220859,0.0,True,ok,4354,4354
1632,72,7.2,13,215684.7589788,215684.7841672,24.704900017241016,25.188400002662092,20.771400013472885,2.196400018874556,0.0,True,ok,4628,4628
1633,73,7.300000000000001,13,215684.7924892,215684.8193208,25.917399994796142,26.8316000001505,21.77650001249276,2.0985000010114163,0.0,True,ok,4287,4287
1634,74,7.4,13,215684.825454,215684.8573098,31.394299992825836,31.85579998535104,27.51330001046881,2.141700009815395,0.0,True,ok,4455,4455
1635,75,7.5,13,215684.858851,215684.883493,24.09389999229461,24.64200000395067,20.618300011847168,2.1872999786864966,0.0,True,ok,4560,4560
1636,76,7.6000000000000005,13,215684.8925816,215684.9180121,24.761500011663884,25.43050001258962,21.235299995169044,2.1872999786864966,0.0,True,ok,4662,4662
1637,77,7.7,13,215684.9256884,215684.9508767,24.223299988079816,25.188300001900643,20.838500000536442,2.1237000182736665,0.0,True,ok,4381,4381
1638,78,7.800000000000001,13,215684.9591188,215684.9833235,23.714000009931624,24.20469999196939,20.27420001104474,2.148800005670637,0.0,True,ok,4350,4350
1639,79,7.9,13,215684.9923167,215685.0190647,25.919899984728545,26.748000003863126,21.971699985442683,2.66389999887906,0.0,True,ok,4058,4058
1640,80,8.0,13,215685.0256037,215685.05056,24.280999990878627,24.95630001067184,21.01379999658093,2.0001000084448606,0.0,True,ok,4074,4074
1641,81,8.1,13,215685.0592597,215685.0836299,23.727099993266165,24.370200000703335,20.300099975429475,2.143299992894754,0.0,True,ok,4079,4079
1642,82,8.200000000000001,13,215685.0923079,215685.1180992,25.328899995656684,25.791299995034933,20.69209999172017,2.9590999765787274,0.0,True,ok,4288,4288
1643,83,8.3,13,215685.1259813,215685.1504723,24.016500014113262,24.49100001831539,20.603800017852336,2.080999984173104,0.0,True,ok,4269,4269
1644,84,8.4,13,215685.1592563,215685.1846928,24.951299972599372,25.436500000068918,21.515000000363216,2.1970999951008707,0.0,True,ok,3996,3996
1645,85,8.5,13,215685.1923929,215685.2189558,25.866099982522428,26.562899991404265,22.27600000333041,2.278600004501641,0.0,True,ok,4318,4318
1646,86,8.6,13,215685.2257785,215685.252633,26.28359998925589,26.854499999899417,21.96939999703318,2.996099996380508,0.0,True,ok,4410,4410
1647,87,8.700000000000001,13,215685.2591599,215685.2871935,27.5608999945689,28.03360001416877,24.002599995583296,2.0303000055719167,0.0,True,ok,4345,4345
1648,88,8.8,13,215685.2921007,215685.3182162,25.70259998901747,26.115499989828095,22.21819999977015,2.18979999772273,0.0,True,ok,3995,3995
1649,89,8.9,13,215685.3258878,215685.3497379,23.383399995509535,23.850099998526275,19.809399993391708,2.2687999880872667,0.0,True,ok,4114,4114
1650,90,9.0,13,215685.3590338,215685.3832566,23.771300009684637,24.2228000133764,20.326900004874915,2.1188000100664794,0.0,True,ok,4407,4407
1651,91,9.1,13,215685.3926645,215685.4165394,23.380099999485537,23.874900012742728,19.766899989917874,2.3071999894455075,0.0,True,ok,4504,4504
1652,92,9.200000000000001,13,215685.4255301,215685.4538565,27.69540000008419,28.326400002697483,21.140199998626485,5.207899986999109,0.0,True,ok,4602,4602
1653,93,9.3,13,215685.4592814,215685.4842694,24.53220001189038,24.988000019220635,20.878100011032075,2.320500003406778,0.0,True,ok,4719,4719
1654,94,9.4,13,215685.4920648,215685.5162276,23.706699983449653,24.162799993064255,20.08479999494739,2.2993000166025013,0.0,True,ok,4623,4623
1655,95,9.5,13,215685.5258861,215685.5518832,25.42720001656562,25.997100019594654,21.703499980503693,2.249799988931045,0.0,True,ok,4555,4555
1656,96,9.600000000000001,13,215685.5592276,215685.5847973,24.96339997742325,25.56969999568537,21.357699995860457,2.288899995619431,0.0,True,ok,4902,4902
1657,97,9.700000000000001,13,215685.5923744,215685.6179476,25.121599988779053,25.573199993232265,20.783499989192933,2.875400008633733,0.0,True,ok,4793,4793
1658,98,9.8,13,215685.6257884,215685.6538039,27.362799999536946,28.01549999276176,22.490400006063282,3.497199999401346,0.0,True,ok,4857,4857
1659,99,9.9,13,215685.6591898,215685.6848959,25.10879997862503,25.706099986564368,21.295599988661706,2.4061000149231404,0.0,True,ok,4985,4985
1660,100,10.0,13,215685.6922297,215685.7188261,25.82579999580048,26.59639998455532,21.961600024951622,2.1164999925531447,0.0,True,ok,4973,4973
1661,101,10.100000000000001,13,215685.7257868,215685.7511091,24.875200004316866,25.32230000360869,21.309400006430224,2.203900017775595,0.0,True,ok,4507,4507
1662,102,10.200000000000001,13,215685.7587922,215685.7836628,24.262399994768202,24.870599998394027,20.846600004006177,2.0631999941542745,0.0,True,ok,4834,4834
1663,103,10.3,13,215685.7923992,215685.8163787,23.51759999874048,23.97949999431148,19.95740001439117,2.1558000007644296,0.0,True,ok,4943,4943
1664,104,10.4,13,215685.8259121,215685.8512056,24.846199987223372,25.293499988038093,21.316799975465983,2.1197000169195235,0.0,True,ok,5082,5082
1665,105,10.5,13,215685.858922,215685.8849154,25.506100006168708,25.99339999142103,22.068000020226464,2.0896000205539167,0.0,True,ok,4986,4986
1666,106,10.600000000000001,13,215685.8925453,215685.9179014,24.897900002542883,25.35609999904409,21.375799988163635,2.155099995434284,0.0,True,ok,5037,5037
1667,107,10.700000000000001,13,215685.9258709,215685.951381,24.853499984601513,25.51009997841902,21.145800012163818,2.1321999956853688,0.0,True,ok,5162,5162
1668,108,10.8,13,215685.9592633,215685.9837817,24.01069999905303,24.518399994121864,20.23140000528656,2.2696999949403107,33.39239998604171,True,ok,4884,4884
1669,109,10.9,13,215685.9923404,215686.0178134,24.877099989680573,25.47299998695962,21.4552000106778,2.0398999913595617,0.0,True,ok,4890,4890
1670,110,11.0,13,215686.0255836,215686.0521338,25.905199989210814,26.55019998201169,22.173400007886812,2.3499999952036887,0.0,True,ok,4848,4848
1671,111,11.100000000000001,13,215686.0588831,215686.0845146,25.16509999986738,25.63150000059977,21.436900016851723,2.4028999905567616,0.0,True,ok,5030,5030
1672,112,11.200000000000001,13,215686.0925411,215686.1170215,24.065999983577058,24.48039999580942,20.580000011250377,2.099900011671707,0.0,True,ok,5114,5114
1673,113,11.3,13,215686.1255334,215686.1497439,23.60759998555295,24.210500007029623,19.51099999132566,2.6335000002291054,0.0,True,ok,5293,5293
1674,114,11.4,13,215686.1591011,215686.1851478,25.143599981674924,26.0466999898199,20.793799980310723,2.9055000049993396,0.0,True,ok,5423,5423
1675,115,11.5,13,215686.1925624,215686.2172306,24.085300014121458,24.668199999723583,20.20009999978356,2.306499984115362,0.0,True,ok,5340,5340
1676,116,11.600000000000001,13,215686.2258321,215686.2533835,27.088900009403005,27.551400009542704,21.50110001093708,4.175100009888411,0.0,True,ok,5279,5279
1677,117,11.700000000000001,13,215686.2591456,215686.283001,23.346100002527237,23.85540000977926,19.616900011897087,2.336200006539002,0.0,True,ok,5498,5498
1678,118,11.8,13,215686.2921522,215686.3180534,25.446899991948158,25.90119998785667,21.430599997984245,2.56170000648126,0.0,True,ok,5517,5517
1679,119,11.9,13,215686.325734,215686.3539695,27.764800004661083,28.235499979928136,22.768499999074265,3.5646000178530812,0.0,True,ok,5266,5266
1680,0,0.0,14,215686.3616303,215686.3888076,26.432699989527464,27.177299984032288,22.762600012356415,2.316800004336983,0.0,True,ok,4708,4708
1681,1,0.1,14,215686.3923051,215686.4167947,23.94300000742078,24.4896000076551,19.97520000441,2.561400004196912,0.0,True,ok,4681,4681
1682,2,0.2,14,215686.4258851,215686.4512027,24.864000006346032,25.3175999969244,21.423700003651902,2.0558999967761338,0.0,True,ok,4360,4360
1683,3,0.30000000000000004,14,215686.4589699,215686.4852931,25.705500011099502,26.323199999751523,20.45370000996627,2.933300012955442,0.0,True,ok,4532,4532
1684,4,0.4,14,215686.4925482,215686.5160752,23.0747000023257,23.526999983005226,19.437999988440424,2.1600000036414713,0.0,True,ok,4533,4533
1685,5,0.5,14,215686.5259182,215686.5516485,24.762599990935996,25.730299996212125,20.66239999840036,2.714900008868426,0.0,True,ok,4334,4334
1686,6,0.6000000000000001,14,215686.559101,215686.5842675,24.730300006922334,25.16650001052767,21.184500015806407,2.1232999861240387,0.0,True,ok,4462,4462
1687,7,0.7000000000000001,14,215686.5922489,215686.6173948,24.23470001667738,25.14589999918826,20.754999975906685,2.1254000021144748,0.0,True,ok,4479,4479
1688,8,0.8,14,215686.6255485,215686.6498138,23.636300000362098,24.265300016850233,20.06260000052862,2.181799995014444,0.0,True,ok,4534,4534
1689,9,0.9,14,215686.6588891,215686.6836277,24.1266000084579,24.738599982811138,20.474900025874376,2.2416000138036907,0.0,True,ok,4491,4491
1690,10,1.0,14,215686.6925172,215686.7174111,23.900500003946945,24.89390000118874,20.2788999886252,2.206000004662201,33.62809997634031,True,ok,4600,4600
1691,11,1.1,14,215686.7255706,215686.7519058,25.88939998531714,26.33519997471012,22.17380001093261,2.096599986543879,0.0,True,ok,4781,4781
1692,12,1.2000000000000002,14,215686.7591251,215686.7855618,25.475500005995855,26.436699990881607,21.786500001326203,2.1099000005051494,0.0,True,ok,5044,5044
1693,13,1.3,14,215686.7923585,215686.8179885,25.156699994113296,25.62999998917803,21.4890000061132,2.2712000063620508,0.0,True,ok,4620,4620
1694,14,1.4000000000000001,14,215686.8256686,215686.8541534,28.022399987094104,28.484799986472353,24.355800007469952,2.230000012787059,0.0,True,ok,4785,4785
1695,15,1.5,14,215686.8589582,215686.8850005,25.437300006160513,26.04230001452379,21.307599992724136,2.648800000315532,0.0,True,ok,5045,5045
1696,16,1.6,14,215686.8922782,215686.9171376,24.371199979213998,24.859400000423193,20.53499998874031,2.3449000145774335,0.0,True,ok,5382,5382
1697,17,1.7000000000000002,14,215686.9258084,215686.9514109,25.198699993779883,25.602499983506277,20.44030002434738,2.870600001187995,0.0,True,ok,5312,5312
1698,18,1.8,14,215686.9591473,215686.9841114,24.506499990820885,24.964100011857226,20.489999995334074,2.1670999994967133,0.0,True,ok,5363,5363
1699,19,1.9000000000000001,14,215686.99219,215687.0188218,26.167400006670505,26.63180002127774,22.22709998022765,2.4187999952118844,0.0,True,ok,5455,5455
1700,20,2.0,14,215687.0258643,215687.0534939,26.69259998947382,27.629599993815646,22.942100011277944,2.264800015836954,0.0,True,ok,5508,5508
1701,21,2.1,14,215687.0589803,215687.0856241,25.64380000694655,26.64379999623634,22.029299987480044,2.1140000026207417,0.0,True,ok,5300,5300
1702,22,2.2,14,215687.0923844,215687.1180196,25.14739998150617,25.635199999669567,21.322499989764765,2.1566000068560243,0.0,True,ok,5384,5384
1703,23,2.3000000000000003,14,215687.126199,215687.1504031,23.74850001069717,24.204100016504526,19.916299992473796,2.3145000159274787,0.0,True,ok,5355,5355
1704,24,2.4000000000000004,14,215687.159194,215687.1866571,26.634400011971593,27.46310000657104,22.851299989270046,2.2166999988257885,0.0,True,ok,5072,5072
1705,25,2.5,14,215687.1922284,215687.2204287,27.752599999075755,28.200300002936274,22.896099981153384,2.18239999958314,0.0,True,ok,4851,4851
1706,26,2.6,14,215687.2258176,215687.2513392,25.11490002507344,25.521600007778034,21.510999999009073,2.0377000037115067,0.0,True,ok,4933,4933
1707,27,2.7,14,215687.2591463,215687.2844321,24.736499995924532,25.285799987614155,20.532499998807907,2.4698000052012503,0.0,True,ok,4889,4889
1708,28,2.8000000000000003,14,215687.2923313,215687.3186236,25.843300012638792,26.29229999729432,22.117999993497506,2.2363000025507063,0.0,True,ok,4508,4508
1709,29,2.9000000000000004,14,215687.3259557,215687.3562525,29.868200013879687,30.296799988718703,23.796800000127405,4.487400001380593,0.0,True,ok,4516,4516
1710,30,3.0,14,215687.3592567,215687.3835081,23.626300011528656,24.251399998320267,20.018799987155944,2.1825000003445894,0.0,True,ok,4326,4326
1711,31,3.1,14,215687.392261,215687.4180194,25.046800001291558,25.758400006452575,20.840999990468845,2.5673000200185925,0.0,True,ok,4407,4407
1712,32,3.2,14,215687.4254965,215687.4505623,24.399699992500246,25.06580000044778,20.89949999935925,2.0850000146310776,0.0,True,ok,4113,4113
1713,33,3.3000000000000003,14,215687.4588385,215687.4842673,24.985500000184402,25.42879999964498,21.485700010089204,2.0844999817200005,0.0,True,ok,4211,4211
1714,34,3.4000000000000004,14,215687.4924067,215687.5185603,25.71049999096431,26.153599988901988,22.313599998597056,2.0364999945741147,0.0,True,ok,4198,4198
1715,35,3.5,14,215687.5259262,215687.5510967,24.7335999738425,25.170499982777983,20.626299985451624,2.6971000188495964,0.0,True,ok,4125,4125
1716,36,3.6,14,215687.5589373,215687.5858452,25.916599988704547,26.907899999059737,22.304400015855208,2.268899988848716,0.0,True,ok,4267,4267
1717,37,3.7,14,215687.5927088,215687.6179263,24.77690001251176,25.217500020517036,21.355000004405156,2.0272000110708177,0.0,True,ok,3805,3805
1718,38,3.8000000000000003,14,215687.625547,215687.6534208,27.10020000813529,27.873799990629777,23.36190000642091,2.37199998809956,0.0,True,ok,3921,3921
1719,39,3.9000000000000004,14,215687.6589732,215687.6837972,23.786700010532513,24.823999992804602,20.122300018556416,2.313899982254952,0.0,True,ok,3864,3864
1720,40,4.0,14,215687.6925342,215687.7193909,26.115699991350994,26.856699987547472,21.832500002346933,2.7048999909311533,0.0,True,ok,3828,3828
1721,41,4.1000000000000005,14,215687.7258889,215687.7542174,27.739500015741214,28.32850001868792,24.285599996801466,2.1465999889187515,0.0,True,ok,3659,3659
1722,42,4.2,14,215687.759085,215687.7834643,23.944700020365417,24.379300011787564,20.150799973635003,2.32910001068376,0.0,True,ok,3989,3989
1723,43,4.3,14,215687.7926552,215687.8182611,25.138700002571568,25.605900009395555,20.922800002153963,2.80030001886189,0.0,True,ok,4294,4294
1724,44,4.4,14,215687.825698,215687.8513646,25.225100020179525,25.666600005934015,20.8369999891147,2.81499998527579,0.0,True,ok,4623,4623
1725,45,4.5,14,215687.8590978,215687.8857101,25.640200008638203,26.61229998921044,21.393700008047745,2.8102999785915017,0.0,True,ok,4708,4708
1726,46,4.6000000000000005,14,215687.8920721,215687.9165755,24.051200016401708,24.503400025423616,20.292600005632266,2.3566000163555145,0.0,True,ok,4834,4834
1727,47,4.7,14,215687.9258829,215687.9497665,23.256100015714765,23.88360002078116,19.531700003426522,2.298799983691424,0.0,True,ok,4677,4677
1728,48,4.800000000000001,14,215687.9592583,215687.984682,24.95590000762604,25.423700019018725,21.38679998461157,2.2194999910425395,0.0,True,ok,4591,4591
1729,49,4.9,14,215687.9922621,215688.0181556,25.188100000377744,25.893500016536564,21.66679999209009,2.1035000099800527,0.0,True,ok,4442,4442
1730,50,5.0,14,215688.0258467,215688.0510244,24.62119999108836,25.177699979394674,20.822200021939352,2.2686999873258173,0.0,True,ok,4408,4408
1731,51,5.1000000000000005,14,215688.0592328,215688.0845831,24.34549998724833,25.35029998398386,20.086900010937825,2.592200005892664,33.38609999627806,True,ok,4418,4418
1732,52,5.2,14,215688.0921416,215688.1165757,23.935700010042638,24.434099992504343,20.136300008744,2.3699000012129545,0.0,True,ok,4600,4600
1733,53,5.300000000000001,14,215688.1259172,215688.152708,26.379600021755323,26.790800009621307,22.22579999943264,2.7719000063370913,0.0,True,ok,4489,4489
1734,54,5.4,14,215688.1591282,215688.1834823,23.89829998719506,24.354099994525313,20.19429998472333,2.298199979122728,0.0,True,ok,4625,4625
1735,55,5.5,14,215688.1921738,215688.2192015,25.999800011049956,27.0277000090573,22.410100005799904,2.172899985453114,0.0,True,ok,4379,4379
1736,56,5.6000000000000005,14,215688.2257126,215688.2501252,23.958699981449172,24.41260000341572,20.553199981804937,2.0238000142853707,0.0,True,ok,4212,4212
1737,57,5.7,14,215688.2591929,215688.2870663,27.402499981690198,27.87339998758398,21.595199999865144,3.957899985834956,0.0,True,ok,4229,4229
1738,58,5.800000000000001,14,215688.2922488,215688.3197653,26.92959998967126,27.51650000573136,22.594200010644272,2.8870000096503645,0.0,True,ok,4294,4294
1739,59,5.9,14,215688.3257387,215688.349761,23.568399978103116,24.022300000069663,19.6122000052128,2.481100003933534,0.0,True,ok,4337,4337
1740,60,6.0,14,215688.3589265,215688.383849,24.430699995718896,24.922500015236437,20.688099990366027,2.200899994932115,0.0,True,ok,4334,4334
1741,61,6.1000000000000005,14,215688.3925676,215688.4216194,28.206100017996505,29.051799996523187,21.845799987204373,4.537300002994016,0.0,True,ok,4169,4169
1742,62,6.2,14,215688.4256207,215688.4502153,24.134699982823804,24.59459999226965,20.377200009534135,2.1656999888364226,0.0,True,ok,4172,4172
1743,63,6.300000000000001,14,215688.4591559,215688.4844112,24.577500007580966,25.25530001730658,20.885900012217462,2.2908000100869685,0.0,True,ok,4147,4147
1744,64,6.4,14,215688.4922581,215688.5168794,24.140699999406934,24.62129999184981,20.615400018868968,2.137800009222701,0.0,True,ok,4178,4178
1745,65,6.5,14,215688.5258086,215688.5554328,29.13879998959601,29.624199989484623,22.312300017802045,5.339800001820549,0.0,True,ok,4169,4169
1746,66,6.6000000000000005,14,215688.5587791,215688.5839565,24.547599983634427,25.177399977110326,21.125400002347305,2.010399999562651,0.0,True,ok,4168,4168
1747,67,6.7,14,215688.5924948,215688.61836,25.21669998532161,25.865200004773214,21.376899996539578,2.260800014482811,0.0,True,ok,4086,4086
1748,68,6.800000000000001,14,215688.6258446,215688.6512227,24.92070000153035,25.378099991939962,20.752000011270866,2.7685000095516443,0.0,True,ok,4379,4379
1749,69,6.9,14,215688.6592803,215688.6861588,26.42320000450127,26.878500008024275,20.734499994432554,4.255399981047958,0.0,True,ok,4282,4282
1750,70,7.0,14,215688.6923108,215688.7189614,26.21690000523813,26.650600018911064,22.129799996037036,2.6681999734137207,0.0,True,ok,4247,4247
1751,71,7.1000000000000005,14,215688.7254207,215688.7496577,23.724200000287965,24.237000005086884,20.195399993099272,2.1564000053331256,0.0,True,ok,4354,4354
1752,72,7.2,14,215688.7592105,215688.7855689,25.6496999936644,26.358400005847216,21.805700002005324,2.3474999761674553,0.0,True,ok,4628,4628
1753,73,7.300000000000001,14,215688.7922457,215688.8185031,25.620999978855252,26.257399993482977,21.787799982121214,2.4262999941129237,0.0,True,ok,4287,4287
1754,74,7.4,14,215688.8259185,215688.8513834,24.334799993084744,25.464900012593716,20.774500007973984,2.1355999924708158,0.0,True,ok,4455,4455
1755,75,7.5,14,215688.8589871,215688.8830221,23.563900002045557,24.035000009462237,19.96760000474751,2.150799991795793,0.0,True,ok,4560,4560
1756,76,7.6000000000000005,14,215688.8926593,215688.9185001,25.181800010614097,25.84079999360256,21.12739998847246,2.565100003266707,0.0,True,ok,4662,4662
1757,77,7.7,14,215688.9254692,215688.9504955,24.526199995307252,25.026299990713596,20.35259999684058,2.700700017157942,32.80990000348538,True,ok,4381,4381
1758,78,7.800000000000001,14,215688.9587803,215688.9836484,24.214700009906664,24.868100008461624,20.642099989345297,2.1769000159110874,0.0,True,ok,4350,4350
1759,79,7.9,14,215688.9921054,215689.0192677,26.57109999563545,27.16230001533404,20.35130001604557,4.128900007344782,0.0,True,ok,4058,4058
1760,80,8.0,14,215689.0254804,215689.0506176,24.637099995743483,25.137199991149828,21.037600003182888,2.1314000186976045,0.0,True,ok,4074,4074
1761,81,8.1,14,215689.0592579,215689.0854112,25.689200003398582,26.15330001572147,22.028000006685033,2.116400020895526,0.0,True,ok,4079,4079
1762,82,8.200000000000001,14,215689.0922857,215689.1172645,24.492800002917647,24.978800007374957,21.017099992604926,2.079300000332296,0.0,True,ok,4288,4288
1763,83,8.3,14,215689.1259722,215689.1495363,23.082600004272535,23.564100003568456,19.39410000341013,2.2807999921496958,0.0,True,ok,4269,4269
1764,84,8.4,14,215689.1591319,215689.1836694,24.094399996101856,24.537499994039536,20.507799985352904,2.231399994343519,0.0,True,ok,3996,3996
1765,85,8.5,14,215689.1925735,215689.2180262,24.98560000094585,25.452699977904558,20.979200024157763,2.5647000002209097,0.0,True,ok,4318,4318
1766,86,8.6,14,215689.2257418,215689.2538926,27.488600026117638,28.150800004368648,23.674999974900857,1.9914000004064292,0.0,True,ok,4410,4410
1767,87,8.700000000000001,14,215689.259106,215689.2840215,24.441599991405383,24.915499991038814,20.910499995807186,2.0914000051561743,0.0,True,ok,4345,4345
1768,88,8.8,14,215689.2921365,215689.3163231,23.598200001288205,24.186599999666214,20.143000001553446,2.0935999928042293,0.0,True,ok,3995,3995
1769,89,8.9,14,215689.3259441,215689.3499215,23.43179998570122,23.977399978321046,19.961999991210178,2.082099992549047,0.0,True,ok,4114,4114
1770,90,9.0,14,215689.3588138,215689.3828722,23.500399984186515,24.05839998391457,19.995300011942163,2.145200007362291,0.0,True,ok,4407,4407
1771,91,9.1,14,215689.3924276,215689.4178644,24.743499991018325,25.436800002353266,20.776199991814792,2.3935000062920153,0.0,True,ok,4504,4504
1772,92,9.200000000000001,14,215689.4257734,215689.4514901,25.26749999378808,25.716700009070337,21.465099998749793,2.3991999914869666,0.0,True,ok,4602,4602
1773,93,9.3,14,215689.4590825,215689.4852453,25.67449997877702,26.162800000747666,21.466200007125735,2.685999992536381,0.0,True,ok,4719,4719
1774,94,9.4,14,215689.492173,215689.5187082,26.00640000309795,26.535199984209612,22.191999974893406,2.3419999924954027,0.0,True,ok,4623,4623
1775,95,9.5,14,215689.5258582,215689.54986,23.531099985120818,24.0017999894917,19.75279999896884,2.357499994104728,0.0,True,ok,4555,4555
1776,96,9.600000000000001,14,215689.5588018,215689.5858497,26.588600012473762,27.04789998824708,22.225099994102493,2.954900002805516,0.0,True,ok,4902,4902
1777,97,9.700000000000001,14,215689.5924497,215689.6180272,25.10850000544451,25.577499996870756,21.417499985545874,2.129200001945719,0.0,True,ok,4793,4793
1778,98,9.8,14,215689.6257747,215689.6542124,27.887400006875396,28.43770000617951,21.11109998077154,5.11589998495765,0.0,True,ok,4857,4857
1779,99,9.9,14,215689.659034,215689.6823161,22.842199978185818,23.28209998086095,19.27699998486787,2.1145000064279884,0.0,True,ok,4985,4985
1780,100,10.0,14,215689.6921532,215689.7170634,24.414799991063774,24.91019997978583,20.922099996823817,2.0810000132769346,0.0,True,ok,4973,4973
1781,101,10.100000000000001,14,215689.7255427,215689.7549926,29.008700017584488,29.44990000105463,24.936300003901124,2.5581999798305333,0.0,True,ok,4507,4507
1782,102,10.200000000000001,14,215689.758862,215689.7832703,23.971199989318848,24.408299999777228,20.418700005393475,2.216199995018542,0.0,True,ok,4834,4834
1783,103,10.3,14,215689.7925481,215689.8237583,30.762999987928197,31.21019998798147,26.73730000969954,2.4877999967429787,0.0,True,ok,4943,4943
1784,104,10.4,14,215689.8256756,215689.8502145,23.916700010886416,24.538900004699826,20.341499999631196,2.155299996957183,0.0,True,ok,5082,5082
1785,105,10.5,14,215689.8589236,215689.885737,26.375899993581697,26.813400007085875,22.511100018164143,2.450100000714883,0.0,True,ok,4986,4986
1786,106,10.600000000000001,14,215689.8926066,215689.9164379,23.291500023333356,23.831300000892952,19.495799992000684,2.421700017293915,0.0,True,ok,5037,5037
1787,107,10.700000000000001,14,215689.9256704,215689.9519728,25.857999979052693,26.302399986889213,20.693300000857562,3.3719000057317317,0.0,True,ok,5162,5162
1788,108,10.8,14,215689.958965,215689.9875789,28.160500020021573,28.613900009077042,24.680899980012327,2.15280000702478,0.0,True,ok,4884,4884
1789,109,10.9,14,215689.9926417,215690.018418,25.281599984737113,25.776299997232854,21.8237999943085,2.0884000114165246,0.0,True,ok,4890,4890
1790,110,11.0,14,215690.0254545,215690.0507108,24.678299989318475,25.256299995817244,21.17819999693893,2.183000004151836,0.0,True,ok,4848,4848
1791,111,11.100000000000001,14,215690.0590987,215690.0838448,24.291500012623146,24.746100010816008,20.869600004516542,2.0727000082843006,0.0,True,ok,5030,5030
1792,112,11.200000000000001,14,215690.0921691,215690.1167621,24.134899984346703,24.59299998008646,20.398399996338412,2.1247999975457788,0.0,True,ok,5114,5114
1793,113,11.3,14,215690.1257913,215690.1502053,23.99749998585321,24.41399998497218,20.23590001044795,2.34540001838468,0.0,True,ok,5293,5293
1794,114,11.4,14,215690.1592066,215690.1832798,23.546799988253042,24.07320000929758,19.867199996951967,2.2926999954506755,0.0,True,ok,5423,5423
1795,115,11.5,14,215690.1921822,215690.217924,25.292899983469397,25.741799996467307,20.97810001578182,2.94550001854077,0.0,True,ok,5340,5340
1796,116,11.600000000000001,14,215690.2258054,215690.2514819,25.19039998878725,25.676499994006008,21.53379999799654,2.288199990289286,0.0,True,ok,5279,5279
1797,117,11.700000000000001,14,215690.2591028,215690.2867396,27.067899995017797,27.636800019536167,23.34549999795854,2.1835000079590827,0.0,True,ok,5498,5498
1798,118,11.8,14,215690.2921253,215690.3169585,24.380900023970753,24.83320000465028,20.623500022338703,2.3732999979984015,0.0,True,ok,5517,5517
1799,119,11.9,14,215690.3257817,215690.3501515,23.908400005893782,24.369799997657537,20.229300018399954,2.322999993339181,0.0,True,ok,5266,5266
1800,0,0.0,15,215690.3610071,215690.3856009,23.92759997746907,24.593799986178055,20.37630000268109,2.2231999901123345,0.0,True,ok,4708,4708
1801,1,0.1,15,215690.3921453,215690.4162696,23.68800001568161,24.124300020048395,20.183100015856326,2.1421000128611922,0.0,True,ok,4681,4681
1802,2,0.2,15,215690.4259334,215690.4504975,24.01809999719262,24.564099992858246,20.531600021058694,2.042400010395795,0.0,True,ok,4360,4360
1803,3,0.30000000000000004,15,215690.4590708,215690.4845799,24.971699982415885,25.509099999908358,20.59850000659935,3.0494999955408275,0.0,True,ok,4532,4532
1804,4,0.4,15,215690.4921897,215690.5165894,23.821900016628206,24.399700021604076,20.34830002230592,2.087799977743998,0.0,True,ok,4533,4533
1805,5,0.5,15,215690.5254675,215690.5520688,26.009199995314702,26.601299992762506,21.812599996337667,2.8335000097285956,0.0,True,ok,4334,4334
1806,6,0.6000000000000001,15,215690.5588548,215690.5842922,24.987799988593906,25.43739997781813,21.522600000025705,2.157799986889586,0.0,True,ok,4462,4462
1807,7,0.7000000000000001,15,215690.5925759,215690.618992,25.962599989725277,26.416100008646026,22.532699978910387,2.082999999402091,0.0,True,ok,4479,4479
1808,8,0.8,15,215690.62575,215690.6533027,27.08520001033321,27.552699990337715,23.421799996867776,2.1773000189568847,0.0,True,ok,4534,4534
1809,9,0.9,15,215690.6590388,215690.6827034,23.192099994048476,23.664600012125447,19.67989999684505,2.1883999870624393,0.0,True,ok,4491,4491
1810,10,1.0,15,215690.6920842,215690.7166102,24.03170001343824,24.525999993784353,19.81520000845194,2.820399997290224,0.0,True,ok,4600,4600
1811,11,1.1,15,215690.7254751,215690.7496159,23.72479997575283,24.140800000168383,20.3124999825377,2.0068000012543052,0.0,True,ok,4781,4781
1812,12,1.2000000000000002,15,215690.7588202,215690.7844445,24.946199991973117,25.62430000398308,21.590899996226653,2.0188000053167343,0.0,True,ok,5044,5044
1813,13,1.3,15,215690.7924057,215690.8163549,23.30539998365566,23.949199996422976,19.647200009785593,2.3215000110212713,0.0,True,ok,4620,4620
1814,14,1.4000000000000001,15,215690.8257702,215690.8524989,25.59780000592582,26.728700002422556,21.65060001425445,2.386099979048595,0.0,True,ok,4785,4785
1815,15,1.5,15,215690.8592841,215690.8888207,29.096299986122176,29.536599991843104,25.250600010622293,2.4785000132396817,0.0,True,ok,5045,5045
1816,16,1.6,15,215690.8922223,215690.9182706,25.39930000784807,26.04830000200309,20.9051999845542,2.99579999409616,0.0,True,ok,5382,5382
1817,17,1.7000000000000002,15,215690.9258396,215690.951719,25.02450000611134,25.8793999964837,21.471799991559237,2.171699976315722,33.6173000105191,True,ok,5312,5312
1818,18,1.8,15,215690.9588209,215690.984407,25.18419999978505,25.586100004147738,21.451400010846555,2.321199979633093,0.0,True,ok,5363,5363
1819,19,1.9000000000000001,15,215690.9921731,215691.0171956,24.540399987017736,25.022499990882352,20.93080000486225,2.192599989939481,0.0,True,ok,5455,5455
1820,20,2.0,15,215691.0255551,215691.0513577,25.145199993858114,25.802599993767217,21.436499984702095,2.301400003489107,0.0,True,ok,5508,5508
1821,21,2.1,15,215691.0588813,215691.08491,25.40519999456592,26.02869999827817,21.07310001156293,2.1431999921333045,0.0,True,ok,5300,5300
1822,22,2.2,15,215691.0926588,215691.1187899,25.674000004073605,26.1311000213027,21.762899996247143,2.400800003670156,0.0,True,ok,5384,5384
1823,23,2.3000000000000003,15,215691.1259463,215691.1516149,24.71019999939017,25.668600021163,20.833199989283457,2.3713000118732452,0.0,True,ok,5355,5355
1824,24,2.4000000000000004,15,215691.1590183,215691.1852353,25.58310001040809,26.21700000599958,22.063499985961244,2.1935999975539744,0.0,True,ok,5072,5072
1825,25,2.5,15,215691.1924099,215691.2169205,24.037900002440438,24.510600022040308,20.34560000174679,2.361499995458871,0.0,True,ok,4851,4851
1826,26,2.6,15,215691.2256735,215691.2497687,23.505000019213185,24.09520000219345,19.990300002973527,2.153899986296892,0.0,True,ok,4933,4933
1827,27,2.7,15,215691.2590348,215691.2839364,24.242599989520386,24.901600001612678,20.71310000610538,2.1948000066913664,0.0,True,ok,4889,4889
1828,28,2.8000000000000003,15,215691.2925992,215691.318342,24.663400021381676,25.7428000040818,20.98820000537671,2.31280000298284,0.0,True,ok,4508,4508
1829,29,2.9000000000000004,15,215691.325675,215691.3503731,23.993799986783415,24.69809999456629,20.52469999762252,2.1693000162485987,0.0,True,ok,4516,4516
1830,30,3.0,15,215691.3590507,215691.3835426,23.90719999675639,24.491899996064603,19.886900001438335,2.573100005974993,0.0,True,ok,4326,4326
1831,31,3.1,15,215691.3926625,215691.4196658,26.464700000360608,27.003299997886643,22.55600001080893,2.4116999993566424,0.0,True,ok,4407,4407
1832,32,3.2,15,215691.4254095,215691.4533286,27.461100020445883,27.919100015424192,22.051899984944612,4.110800015041605,0.0,True,ok,4113,4113
1833,33,3.3000000000000003,15,215691.458976,215691.4848231,25.442600017413497,25.847100012470037,22.050100000342354,2.1677000040654093,0.0,True,ok,4211,4211
1834,34,3.4000000000000004,15,215691.4922529,215691.5163852,23.677899996982887,24.13229999365285,20.28160000918433,2.1068000060040504,0.0,True,ok,4198,4198
1835,35,3.5,15,215691.5258257,215691.5503799,23.918499995488673,24.554200004786253,20.44170000590384,2.2582999954465777,0.0,True,ok,4125,4125
1836,36,3.6,15,215691.5592085,215691.5848611,24.879600008716807,25.65260001574643,21.066000015707687,2.250099991215393,0.0,True,ok,4267,4267
1837,37,3.7,15,215691.59223,215691.6170486,24.16189998621121,24.818599980790168,20.876299997325987,2.053899981547147,0.0,True,ok,3805,3805
1838,38,3.8000000000000003,15,215691.625558,215691.6507317,24.543500010622665,25.17370000714436,20.975499995984137,2.2923999931663275,0.0,True,ok,3921,3921
1839,39,3.9000000000000004,15,215691.6591261,215691.6852984,25.701700011268258,26.17229998577386,21.674899995559826,2.8027000080328435,0.0,True,ok,3864,3864
1840,40,4.0,15,215691.6924657,215691.7185843,25.65109997522086,26.118599984329194,22.355100023560226,2.0895999914500862,0.0,True,ok,3828,3828
1841,41,4.1000000000000005,15,215691.7257498,215691.7498866,23.54260001447983,24.13679999881424,20.05650001228787,2.266700001200661,0.0,True,ok,3659,3659
1842,42,4.2,15,215691.7588441,215691.7833275,24.059099989244714,24.48339998954907,20.45499999076128,2.366600005188957,0.0,True,ok,3989,3989
1843,43,4.3,15,215691.7922608,215691.820458,27.72650000406429,28.197200008435175,24.46580000105314,2.0201999868731946,0.0,True,ok,4294,4294
1844,44,4.4,15,215691.8256689,215691.8511622,24.83750000828877,25.493299996014684,21.253999992040917,2.332599979126826,0.0,True,ok,4623,4623
1845,45,4.5,15,215691.8590451,215691.8840624,24.076900008367375,25.017300009494647,20.303299999795854,2.505499986000359,33.37619997910224,True,ok,4708,4708
1846,46,4.6000000000000005,15,215691.8925533,215691.9172921,24.18849998502992,24.738800013437867,20.30550001654774,2.4677999899722636,0.0,True,ok,4834,4834
1847,47,4.7,15,215691.92552,215691.9509337,24.953699990874156,25.41370000108145,21.07160000014119,2.509100013412535,0.0,True,ok,4677,4677
1848,48,4.800000000000001,15,215691.958842,215691.987521,28.19179999642074,28.679000010015443,24.282500002300367,2.2480000043287873,0.0,True,ok,4591,4591
1849,49,4.9,15,215691.9923343,215692.0222785,28.863499988801777,29.944199981400743,25.55200000642799,2.0691999816335738,0.0,True,ok,4442,4442
1850,50,5.0,15,215692.0257608,215692.0516205,25.42890000040643,25.85969999199733,21.49039998766966,2.680100005818531,0.0,True,ok,4408,4408
1851,51,5.1000000000000005,15,215692.0591356,215692.0831009,23.575700004585087,23.965300002600998,19.941700011258945,2.3338000173680484,0.0,True,ok,4418,4418
1852,52,5.2,15,215692.0924254,215692.1180062,25.06720001110807,25.580799992894754,21.219999995082617,2.5001000030897558,0.0,True,ok,4600,4600
1853,53,5.300000000000001,15,215692.1258137,215692.1503164,24.066299985861406,24.50269999098964,20.53070001420565,2.139200019882992,0.0,True,ok,4489,4489
1854,54,5.4,15,215692.1591709,215692.185901,26.2479999801144,26.730099983979017,22.542999999132007,2.4480000138282776,0.0,True,ok,4625,4625
1855,55,5.5,15,215692.1922209,215692.2181196,25.29079999658279,25.89869999792427,21.854699996765703,2.1932999952696264,0.0,True,ok,4379,4379
1856,56,5.6000000000000005,15,215692.2258169,215692.2503429,23.869500000728294,24.525999993784353,20.62969998223707,2.0274000125937164,0.0,True,ok,4212,4212
1857,57,5.7,15,215692.2592407,215692.284212,23.92929999041371,24.971300008473918,20.430900010978803,2.317499980563298,0.0,True,ok,4229,4229
1858,58,5.800000000000001,15,215692.2924719,215692.318698,25.74869999079965,26.22609998797998,21.847099997103214,2.624499989906326,0.0,True,ok,4294,4294
1859,59,5.9,15,215692.3258936,215692.3504501,23.90430000377819,24.556499993195757,20.260499994037673,2.343300002394244,0.0,True,ok,4337,4337
1860,60,6.0,15,215692.3588704,215692.383103,23.544700001366436,24.232600000686944,20.01220002421178,2.332599979126826,0.0,True,ok,4334,4334
1861,61,6.1000000000000005,15,215692.3924385,215692.4179119,24.79920000769198,25.47339999000542,20.962399983545765,2.5402999890502542,0.0,True,ok,4169,4169
1862,62,6.2,15,215692.4258187,215692.4536717,27.40250001079403,27.853000006871298,21.24780000303872,3.8058000209275633,0.0,True,ok,4172,4172
1863,63,6.300000000000001,15,215692.4587858,215692.4866365,27.238399983616546,27.850699989357963,20.50109999254346,5.273099988698959,0.0,True,ok,4147,4147
1864,64,6.4,15,215692.4925967,215692.5171922,24.014299997361377,24.595499999122694,20.79260000027716,1.9935999880544841,0.0,True,ok,4178,4178
1865,65,6.5,15,215692.5256642,215692.5512422,24.927399994339794,25.578000000678003,21.500200004084036,2.1726999839302152,0.0,True,ok,4169,4169
1866,66,6.6000000000000005,15,215692.5592903,215692.5841581,24.214700009906664,24.867800006177276,20.803599996725097,2.1118000149726868,0.0,True,ok,4168,4168
1867,67,6.7,15,215692.5922279,215692.6159252,23.22689999709837,23.697299999184906,19.89220001269132,2.099999983329326,0.0,True,ok,4086,4086
1868,68,6.800000000000001,15,215692.6258214,215692.6517796,25.158100004773587,25.958200014429167,21.4982999896165,2.4268999986816198,0.0,True,ok,4379,4379
1869,69,6.9,15,215692.6588506,215692.6830817,23.578599997563288,24.231099989265203,20.09810000890866,2.130799985025078,0.0,True,ok,4282,4282
1870,70,7.0,15,215692.6922505,215692.717139,24.247199995443225,24.888499989174306,20.45630000066012,2.525799995055422,0.0,True,ok,4247,4247
1871,71,7.1000000000000005,15,215692.7259177,215692.7503617,23.78580000367947,24.443999980576336,20.389399986015633,2.1342999825719744,0.0,True,ok,4354,4354
1872,72,7.2,15,215692.7588486,215692.7831683,23.695599986240268,24.319699994521216,20.427799987373874,2.0317000162322074,0.0,True,ok,4628,4628
1873,73,7.300000000000001,15,215692.7922027,215692.8202652,27.569400001084432,28.062500001396984,24.121199996443465,2.0409999997355044,0.0,True,ok,4287,4287
1874,74,7.4,15,215692.8255827,215692.8528103,26.779500010889024,27.22760001779534,23.210200015455484,2.26239999756217,0.0,True,ok,4455,4455
1875,75,7.5,15,215692.8592087,215692.8858858,26.044500002171844,26.677099987864494,20.933899999363348,3.6146999918855727,0.0,True,ok,4560,4560
1876,76,7.6000000000000005,15,215692.8922805,215692.9215324,28.771900018909946,29.251900006784126,25.396900018677115,2.0908000005874783,0.0,True,ok,4662,4662
1877,77,7.7,15,215692.9258854,215692.9504746,23.94139999523759,24.589199980255216,20.081099995877594,2.4853000068105757,0.0,True,ok,4381,4381
1878,78,7.800000000000001,15,215692.9591633,215692.987331,27.7222000004258,28.167700016638264,21.691199974156916,4.770000028656796,0.0,True,ok,4350,4350
1879,79,7.9,15,215692.9921756,215693.0161318,23.376099998131394,23.95619999151677,20.02830000128597,2.114799979608506,0.0,True,ok,4058,4058
1880,80,8.0,15,215693.0254559,215693.0541244,28.030899993609637,28.668499988270923,23.995299998205155,2.1951000089757144,0.0,True,ok,4074,4074
1881,81,8.1,15,215693.0589687,215693.085923,26.4288000180386,26.954300003126264,23.014799982775003,2.207000012276694,0.0,True,ok,4079,4079
1882,82,8.200000000000001,15,215693.0922872,215693.1166658,23.929999995743856,24.378599977353588,20.489399990765378,2.165799989597872,0.0,True,ok,4288,4288
1883,83,8.3,15,215693.1258143,215693.151737,25.29270001105033,25.922700006049126,21.867600007681176,2.100299985613674,0.0,True,ok,4269,4269
1884,84,8.4,15,215693.1591487,215693.1876529,28.04360000300221,28.504199988674372,21.991099987644702,4.386899992823601,0.0,True,ok,3996,3996
1885,85,8.5,15,215693.192559,215693.21763,24.63299999362789,25.071000010939315,20.656899985624477,2.6771000120788813,0.0,True,ok,4318,4318
1886,86,8.6,15,215693.2258095,215693.2501636,23.843200004193932,24.354099994525313,20.424800022738054,2.1367000008467585,0.0,True,ok,4410,4410
1887,87,8.700000000000001,15,215693.2590798,215693.284185,24.04329998535104,25.105200009420514,20.69950001896359,2.051800023764372,0.0,True,ok,4345,4345
1888,88,8.8,15,215693.2928097,215693.3179886,24.693599989404902,25.178899988532066,21.237899985862896,2.2083000221755356,0.0,True,ok,3995,3995
1889,89,8.9,15,215693.3256673,215693.3508366,24.682899995241314,25.16930000274442,21.22100000269711,2.222199982497841,0.0,True,ok,4114,4114
1890,90,9.0,15,215693.3591477,215693.3867757,27.17139999731444,27.628000010736287,22.841500001959503,3.098899993347004,0.0,True,ok,4407,4407
1891,91,9.1,15,215693.392563,215693.4197015,26.56690002186224,27.13850000873208,22.224699991056696,3.0558000144083053,0.0,True,ok,4504,4504
1892,92,9.200000000000001,15,215693.4255694,215693.4505817,24.398699984885752,25.01230000052601,20.76329998089932,2.390799985732883,0.0,True,ok,4602,4602
1893,93,9.3,15,215693.4588267,215693.4833149,23.8717999891378,24.48819999699481,20.235000003594905,2.3320000036619604,0.0,True,ok,4719,4719
1894,94,9.4,15,215693.492492,215693.5164138,23.485800018534064,23.9218000206165,19.657099997857586,2.5796999980229884,0.0,True,ok,4623,4623
1895,95,9.5,15,215693.5254725,215693.549672,23.73960000113584,24.199499981477857,20.116100000450388,2.3187999904621392,0.0,True,ok,4555,4555
1896,96,9.600000000000001,15,215693.5593119,215693.5836324,23.673899995628744,24.32050000061281,20.100599998841062,2.3305000213440508,0.0,True,ok,4902,4902
1897,97,9.700000000000001,15,215693.5921396,215693.6183313,25.745100021595135,26.19170001707971,22.124300012364984,2.181499992730096,0.0,True,ok,4793,4793
1898,98,9.8,15,215693.6259969,215693.6549169,28.34449999500066,28.920000011567026,21.246699994662777,5.310600012307987,0.0,True,ok,4857,4857
1899,99,9.9,15,215693.6589041,215693.6842582,24.8270999873057,25.354099983815104,21.245599986286834,2.146699989680201,0.0,True,ok,4985,4985
1900,100,10.0,15,215693.6923966,215693.7180405,24.75170002435334,25.643900007707998,21.191999985603616,2.194100001361221,0.0,True,ok,4973,4973
1901,101,10.100000000000001,15,215693.7258385,215693.7503574,23.880899971118197,24.51889999792911,20.147399976849556,2.4502000014763325,0.0,True,ok,4507,4507
1902,102,10.200000000000001,15,215693.7591117,215693.7836095,24.057400005403906,24.497800011886284,20.571700006257743,2.189199993154034,0.0,True,ok,4834,4834
1903,103,10.3,15,215693.792086,215693.820781,28.24359998339787,28.694999986328185,23.861800000304356,3.0376000213436782,0.0,True,ok,4943,4943
1904,104,10.4,15,215693.8257922,215693.8537569,27.469799999380484,27.964700013399124,23.925199988298118,2.20459999400191,0.0,True,ok,5082,5082
1905,105,10.5,15,215693.8592332,215693.8856655,25.865600007819012,26.432300015585497,22.06580000347458,2.046600013272837,0.0,True,ok,4986,4986
1906,106,10.600000000000001,15,215693.892195,215693.916698,23.894099984318018,24.50299999327399,20.440599997527897,2.1234000159893185,0.0,True,ok,5037,5037
1907,107,10.700000000000001,15,215693.9255628,215693.9503994,24.132999998982996,24.836600001435727,20.55720001226291,2.1262000082060695,0.0,True,ok,5162,5162
1908,108,10.8,15,215693.9590912,215693.9842999,24.728700023842975,25.208700011717156,20.974700018996373,2.441900025587529,0.0,True,ok,4884,4884
1909,109,10.9,15,215693.9921051,215694.0194586,26.924400008283556,27.35349998692982,21.556199993938208,3.9231000118888915,0.0,True,ok,4890,4890
1910,110,11.0,15,215694.0256168,215694.0524106,26.367100013885647,26.793800003360957,21.90570000675507,3.168000024743378,0.0,True,ok,4848,4848
1911,111,11.100000000000001,15,215694.0588928,215694.0852278,25.81970000755973,26.335000002291054,22.400799993192777,2.092299982905388,0.0,True,ok,5030,5030
1912,112,11.200000000000001,15,215694.0922241,215694.1171965,24.419499997748062,24.97240001684986,20.55570000084117,2.5231000036001205,0.0,True,ok,5114,5114
1913,113,11.3,15,215694.1258903,215694.1527717,25.923200009856373,26.881400001002476,22.190899995621294,2.3335999867413193,0.0,True,ok,5293,5293
1914,114,11.4,15,215694.159185,215694.1860778,26.442800008226186,26.89280000049621,22.71600000676699,2.3338000173680484,0.0,True,ok,5423,5423
1915,115,11.5,15,215694.1926006,215694.21641,23.216400004457682,23.8093999796547,19.485199998598546,2.312500000698492,0.0,True,ok,5340,5340
1916,116,11.600000000000001,15,215694.225639,215694.2515284,25.442899990594015,25.88939998531714,21.71739999903366,2.373399998759851,0.0,True,ok,5279,5279
1917,117,11.700000000000001,15,215694.2590887,215694.2848203,25.120000005699694,25.731600006110966,21.37540001422167,2.3538999957963824,0.0,True,ok,5498,5498
1918,118,11.8,15,215694.2923749,215694.3181796,25.293000013334677,25.804700009757653,21.494099986739457,2.2341000149026513,0.0,True,ok,5517,5517
1919,119,11.9,15,215694.3256741,215694.3516599,25.094700016779825,25.98580002086237,21.366500004660338,2.3357000027317554,0.0,True,ok,5266,5266
1920,0,0.0,16,215694.3613089,215694.3880252,25.74710000772029,26.71629999531433,22.180500003742054,2.299699990544468,0.0,True,ok,4708,4708
1921,1,0.1,16,215694.3921932,215694.4169945,24.342199991224334,24.801299994578585,20.840699988184497,2.1625999943353236,0.0,True,ok,4681,4681
1922,2,0.2,16,215694.4256748,215694.4495815,23.46100000431761,23.906699992949143,20.08460002252832,2.064800006337464,0.0,True,ok,4360,4360
1923,3,0.30000000000000004,16,215694.4588314,215694.4828233,23.532599996542558,23.991900001419708,19.7455000015907,2.4090999795589596,0.0,True,ok,4532,4532
1924,4,0.4,16,215694.4925229,215694.5180007,25.03469999646768,25.47779999440536,20.758200000273064,2.9365999798756093,0.0,True,ok,4533,4533
1925,5,0.5,16,215694.5259105,215694.5508649,24.386700009927154,24.9543999962043,20.73780001956038,2.137400006176904,0.0,True,ok,4334,4334
1926,6,0.6000000000000001,16,215694.5589249,215694.5846826,25.29389999108389,25.75770000112243,21.706100000301376,2.091000002110377,0.0,True,ok,4462,4462
1927,7,0.7000000000000001,16,215694.5922731,215694.6166224,23.72180001111701,24.349300016183406,20.267799991415814,2.143099991371855,0.0,True,ok,4479,4479
1928,8,0.8,16,215694.6256015,215694.6497619,23.710899986326694,24.16039997478947,20.19149999250658,2.1745000267401338,0.0,True,ok,4534,4534
1929,9,0.9,16,215694.6591939,215694.6864156,26.508500013733283,27.22170000197366,21.759700000984594,3.269200009526685,0.0,True,ok,4491,4491
1930,10,1.0,16,215694.692584,215694.7168622,23.816500004613772,24.278199998661876,20.054099994013086,2.291099983267486,0.0,True,ok,4600,4600
1931,11,1.1,16,215694.7258625,215694.7517192,25.15619999030605,25.85669999825768,21.35439999983646,2.235899999504909,0.0,True,ok,4781,4781
1932,12,1.2000000000000002,16,215694.7591899,215694.7837045,23.827900004107505,24.51459999429062,20.342900010291487,2.139899996109307,0.0,True,ok,5044,5044
1933,13,1.3,16,215694.7921909,215694.8185252,25.9072000044398,26.334299996960908,22.34100000350736,2.210199978435412,0.0,True,ok,4620,4620
1934,14,1.4000000000000001,16,215694.8254585,215694.850255,24.313600006280467,24.796499987132847,20.55870002368465,2.4002999998629093,0.0,True,ok,4785,4785
1935,15,1.5,16,215694.8589252,215694.883327,23.642199987079948,24.40179997938685,20.123700000112876,2.146699989680201,0.0,True,ok,5045,5045
1936,16,1.6,16,215694.8924356,215694.9181858,25.269200006732717,25.75020000222139,21.380299993325025,2.297700004419312,0.0,True,ok,5382,5382
1937,17,1.7000000000000002,16,215694.9258344,215694.9521706,25.83779999986291,26.336200011428446,21.675099997082725,2.7097999991383404,0.0,True,ok,5312,5312
1938,18,1.8,16,215694.959285,215694.9875726,27.423399995313957,28.287599998293445,23.897200007922947,2.0456000056583434,0.0,True,ok,5363,5363
1939,19,1.9000000000000001,16,215694.9925083,215695.0173947,24.225400004070252,24.8864000022877,20.15729999402538,2.5986000255215913,0.0,True,ok,5455,5455
1940,20,2.0,16,215695.025803,215695.0516184,25.220600015018135,25.81540000392124,21.08650002628565,2.6501999818719923,0.0,True,ok,5508,5508
1941,21,2.1,16,215695.0588898,215695.0843545,24.88369998172857,25.464699981966987,21.107399981701747,2.3065999848768115,0.0,True,ok,5300,5300
1942,22,2.2,16,215695.0922268,215695.1184446,25.59479998308234,26.217799982987344,21.823599992785603,2.339300001040101,0.0,True,ok,5384,5384
1943,23,2.3000000000000003,16,215695.1257191,215695.1528534,26.693599997088313,27.13430000585504,20.417299994733185,4.655000026104972,0.0,True,ok,5355,5355
1944,24,2.4000000000000004,16,215695.1591217,215695.1843792,24.696300009964034,25.257500004954636,20.912100007990375,2.3384999949485064,0.0,True,ok,5072,5072
1945,25,2.5,16,215695.1922792,215695.2215119,28.522699984023347,29.232699977001175,23.482899996452034,3.0018000106792897,0.0,True,ok,4851,4851
1946,26,2.6,16,215695.2258117,215695.2510989,24.853399983840063,25.287199998274446,20.909100014250726,2.5087999820243567,0.0,True,ok,4933,4933
1947,27,2.7,16,215695.2589892,215695.2832389,23.8285000086762,24.24970001447946,19.81950001209043,2.592400007415563,0.0,True,ok,4889,4889
1948,28,2.8000000000000003,16,215695.2925508,215695.3178237,24.81830000760965,25.272900005802512,21.113700000569224,2.2825000050943345,0.0,True,ok,4508,4508
1949,29,2.9000000000000004,16,215695.3259608,215695.3558302,28.75349999521859,29.869399993913248,24.43190000485629,2.7094999968539923,0.0,True,ok,4516,4516
1950,30,3.0,16,215695.3590376,215695.3838769,24.22410002327524,24.83930002199486,20.866200007731095,1.9978999916929752,0.0,True,ok,4326,4326
1951,31,3.1,16,215695.392329,215695.4165075,23.73549999902025,24.17849999619648,20.273400004953146,2.081899991026148,0.0,True,ok,4407,4407
1952,32,3.2,16,215695.4258832,215695.4511335,24.746400013100356,25.250300008337945,21.14529997925274,2.090699999826029,0.0,True,ok,4113,4113
1953,33,3.3000000000000003,16,215695.4589154,215695.4856697,26.06309999828227,26.754299993626773,22.06110002589412,2.13789998088032,33.03220000816509,True,ok,4211,4211
1954,34,3.4000000000000004,16,215695.4923447,215695.517514,24.574800016125664,25.16930000274442,21.168600011151284,2.0376999746076763,0.0,True,ok,4198,4198
1955,35,3.5,16,215695.525654,215695.5498345,23.56640002108179,24.180500011425465,19.78980001877062,2.467599988449365,0.0,True,ok,4125,4125
1956,36,3.6,16,215695.5591869,215695.5844513,24.832700000843033,25.26439999928698,21.00300000165589,2.4991999962367117,0.0,True,ok,4267,4267
1957,37,3.7,16,215695.5926416,215695.6169368,23.510500002885237,24.29520001169294,20.058599999174476,2.172599983168766,0.0,True,ok,3805,3805
1958,38,3.8000000000000003,16,215695.6255523,215695.6501022,24.113499996019527,24.54989997204393,20.331500010797754,2.5203000113833696,0.0,True,ok,3921,3921
1959,39,3.9000000000000004,16,215695.6591545,215695.6860311,26.25409999745898,26.876599993556738,21.74419999937527,3.100600006291643,0.0,True,ok,3864,3864
1960,40,4.0,16,215695.692679,215695.7176995,24.40070000011474,25.020500004757196,20.205500011797994,2.283000008901581,0.0,True,ok,3828,3828
1961,41,4.1000000000000005,16,215695.7255895,215695.7509873,24.863600003300235,25.39779999642633,21.008599986089393,2.4489999923389405,0.0,True,ok,3659,3659
1962,42,4.2,16,215695.7588649,215695.7844944,25.185500009683892,25.629499985370785,21.44609999959357,2.217200002633035,0.0,True,ok,3989,3989
1963,43,4.3,16,215695.7922434,215695.8193903,26.58299999893643,27.146899985382333,21.587299997918308,3.608600003644824,0.0,True,ok,4294,4294
1964,44,4.4,16,215695.8259167,215695.8527343,26.361099997302517,26.817599980859086,21.233199979178607,3.70110000949353,0.0,True,ok,4623,4623
1965,45,4.5,16,215695.8591214,215695.8849655,25.22140002110973,25.844100018730387,21.27600001404062,2.5602999958209693,0.0,True,ok,4708,4708
1966,46,4.6000000000000005,16,215695.8922771,215695.9164799,23.709000000962988,24.202800006605685,20.155200007138774,2.135899994755164,0.0,True,ok,4834,4834
1967,47,4.7,16,215695.9258002,215695.9534924,26.67759999167174,27.692200004821643,21.629599999869242,3.2330999965779483,0.0,True,ok,4677,4677
1968,48,4.800000000000001,16,215695.9593788,215695.9879278,27.605599985690787,28.54899998055771,24.318700016010553,1.935600012075156,0.0,True,ok,4591,4591
1969,49,4.9,16,215695.9924979,215696.0180607,25.002700014738366,25.562800001353025,21.110500005306676,2.217400004155934,0.0,True,ok,4442,4442
1970,50,5.0,16,215696.0255414,215696.0517914,25.774600013392046,26.249999995343387,21.979300014209002,2.2810999944340438,0.0,True,ok,4408,4408
1971,51,5.1000000000000005,16,215696.0591493,215696.0835925,23.923800006741658,24.443200003588572,20.31409999472089,2.2243999992497265,0.0,True,ok,4418,4418
1972,52,5.2,16,215696.0921113,215696.1177941,25.20799997728318,25.682799983769655,21.642499981680885,2.1739999938290566,0.0,True,ok,4600,4600
1973,53,5.300000000000001,16,215696.125758,215696.1525458,26.339500007452443,26.787799986777827,22.85979999578558,2.0921999821439385,0.0,True,ok,4489,4489
1974,54,5.4,16,215696.159028,215696.1858112,26.131499995244667,26.78320000995882,22.354999993694946,2.3526000150013715,0.0,True,ok,4625,4625
1975,55,5.5,16,215696.1924286,215696.2198116,26.775000005727634,27.38299997872673,22.94840000104159,2.3160999990068376,0.0,True,ok,4379,4379
1976,56,5.6000000000000005,16,215696.225442,215696.2502646,24.214400007622316,24.82260001124814,20.805500011192635,2.0846000115852803,0.0,True,ok,4212,4212
1977,57,5.7,16,215696.2587937,215696.2831393,23.699200013652444,24.34560001711361,20.003800018457696,2.241499983938411,0.0,True,ok,4229,4229
1978,58,5.800000000000001,16,215696.2921626,215696.3165209,23.8969000056386,24.358299997402355,20.105599978705868,2.3797999892849475,0.0,True,ok,4294,4294
1979,59,5.9,16,215696.3255046,215696.3524159,26.249999995343387,26.911299995845184,22.52349999616854,2.271399978781119,0.0,True,ok,4337,4337
1980,60,6.0,16,215696.3588213,215696.384656,25.250500009860843,25.83470000536181,20.657100016251206,2.53060000250116,0.0,True,ok,4334,4334
1981,61,6.1000000000000005,16,215696.3922216,215696.4180035,25.27750001172535,25.781900010770187,21.615499979816377,2.3000999935902655,0.0,True,ok,4169,4169
1982,62,6.2,16,215696.4254984,215696.4563071,29.819599993061274,30.80869998666458,25.86999998311512,2.431800006888807,0.0,True,ok,4172,4172
1983,63,6.300000000000001,16,215696.4590995,215696.4843671,24.583799997344613,25.267599994549528,20.916100009344518,2.2994000173639506,0.0,True,ok,4147,4147
1984,64,6.4,16,215696.4925495,215696.5170505,23.996800009626895,24.501000007148832,20.32000001054257,2.2182999819051474,0.0,True,ok,4178,4178
1985,65,6.5,16,215696.5256877,215696.5506554,24.50420000241138,24.967700010165572,20.959299989044666,2.0957000087946653,0.0,True,ok,4169,4169
1986,66,6.6000000000000005,16,215696.5589204,215696.5836313,24.239699996542186,24.710899975616485,20.301700016716495,2.55129998549819,0.0,True,ok,4168,4168
1987,67,6.7,16,215696.5926206,215696.6211539,28.059499978553504,28.533300006529316,24.278700002469122,2.355999982682988,0.0,True,ok,4086,4086
1988,68,6.800000000000001,16,215696.6255853,215696.6520346,25.80969998962246,26.449299999512732,20.002799981739372,4.3372999934945256,0.0,True,ok,4379,4379
1989,69,6.9,16,215696.6589121,215696.6832703,23.771400010446087,24.358199996640906,20.03860002150759,2.1203999931458384,0.0,True,ok,4282,4282
1990,70,7.0,16,215696.6924532,215696.716809,23.75429999665357,24.355800007469952,20.128400006797165,2.1943000028841197,0.0,True,ok,4247,4247
1991,71,7.1000000000000005,16,215696.7254521,215696.7499779,23.805900011211634,24.525799992261454,20.12920001288876,2.2384999901987612,0.0,True,ok,4354,4354
1992,72,7.2,16,215696.7587944,215696.786514,27.023700007703155,27.71960000973195,20.940399990649894,4.657699988456443,0.0,True,ok,4628,4628
1993,73,7.300000000000001,16,215696.7921934,215696.8169033,24.039500014623627,24.709899997105822,20.488000009208918,2.075600001262501,0.0,True,ok,4287,4287
1994,74,7.4,16,215696.8254909,215696.8501712,24.010499997530133,24.680300004547462,19.94960001320578,2.5317000108771026,0.0,True,ok,4455,4455
1995,75,7.5,16,215696.8591285,215696.8848567,25.142300000879914,25.72820000932552,20.16630000434816,3.521899983752519,0.0,True,ok,4560,4560
1996,76,7.6000000000000005,16,215696.8921401,215696.9168474,23.98109997739084,24.70729997730814,20.254200004274026,2.2592000022996217,0.0,True,ok,4662,4662
1997,77,7.7,16,215696.9258739,215696.9522846,25.92790001654066,26.410699996631593,21.60199999343604,2.3994999937713146,0.0,True,ok,4381,4381
1998,78,7.800000000000001,16,215696.9591464,215696.9834195,23.81549999699928,24.27309998893179,20.279299991670996,2.1143000049050897,0.0,True,ok,4350,4350
1999,79,7.9,16,215696.9921368,215697.018394,25.389300019014627,26.25720002106391,21.774799999548122,2.18390001100488,0.0,True,ok,4058,4058
2000,80,8.0,16,215697.0257376,215697.0520357,25.836799992248416,26.298100012354553,21.92640001885593,2.474699984304607,0.0,True,ok,4074,4074
2001,81,8.1,16,215697.0592157,215697.0841328,24.054199981037527,24.917100003222004,20.093799976166338,2.557100000558421,0.0,True,ok,4079,4079
2002,82,8.200000000000001,16,215697.0922811,215697.1175887,24.762299988651648,25.307600008090958,21.296299993991852,2.003300003707409,0.0,True,ok,4288,4288
2003,83,8.3,16,215697.1256194,215697.1530942,27.030099998228252,27.47480000834912,23.53519998723641,2.065100008621812,0.0,True,ok,4269,4269
2004,84,8.4,16,215697.1591693,215697.1878742,28.268699999898672,28.704900003504008,24.84060000278987,1.9876000005751848,0.0,True,ok,3996,3996
2005,85,8.5,16,215697.1924503,215697.219107,26.20680001564324,26.656700007151812,22.52769999904558,2.2341000149026513,0.0,True,ok,4318,4318
2006,86,8.6,16,215697.2257822,215697.2517556,25.436700001591817,25.973400013754144,21.042400010628626,2.718000003369525,0.0,True,ok,4410,4410
2007,87,8.700000000000001,16,215697.2590718,215697.2834207,23.83329998701811,24.34889998403378,19.941499980632216,2.0662000169977546,0.0,True,ok,4345,4345
2008,88,8.8,16,215697.2921113,215697.3171293,24.560899997595698,25.018000014824793,21.00479998625815,2.1635000011883676,0.0,True,ok,3995,3995
2009,89,8.9,16,215697.3256758,215697.3522678,26.03169999201782,26.59199998015538,22.614099987549707,2.0559000258799642,0.0,True,ok,4114,4114
2010,90,9.0,16,215697.3588836,215697.3835636,24.125500000081956,24.679999973159283,20.757799997227266,1.9818000146187842,0.0,True,ok,4407,4407
2011,91,9.1,16,215697.3924712,215697.4175189,24.57520001917146,25.047700008144602,20.84640000248328,2.1883000154048204,0.0,True,ok,4504,4504
2012,92,9.200000000000001,16,215697.4255601,215697.4499788,23.832000006223097,24.418699991656467,20.049799990374595,2.306199981831014,0.0,True,ok,4602,4602
2013,93,9.3,16,215697.459042,215697.4837835,24.13840001099743,24.74150000489317,20.126399991568178,2.5301999994553626,0.0,True,ok,4719,4719
2014,94,9.4,16,215697.4923623,215697.5169207,23.999800003366545,24.558400007663295,20.19599999766797,2.3210999788716435,0.0,True,ok,4623,4623
2015,95,9.5,16,215697.5254524,215697.5547364,28.750900004524738,29.28399998927489,22.81220001168549,4.349000024376437,0.0,True,ok,4555,4555
2016,96,9.600000000000001,16,215697.5588876,215697.5844437,25.038699997821823,25.55610000854358,20.92300000367686,2.706999977817759,0.0,True,ok,4902,4902
2017,97,9.700000000000001,16,215697.592373,215697.6193866,26.070000021718442,27.013600018108264,22.540600009961054,2.1072999807074666,0.0,True,ok,4793,4793
2018,98,9.8,16,215697.6254773,215697.6513801,25.469399988651276,25.90280000003986,21.61659998819232,2.363500010687858,0.0,True,ok,4857,4857
2019,99,9.9,16,215697.6592971,215697.6849659,24.93959999992512,25.66879999358207,21.25079999677837,2.237400010926649,0.0,True,ok,4985,4985
2020,100,10.0,16,215697.6922494,215697.7173335,24.653600004967302,25.084100023377687,21.067299996502697,2.074399992125109,0.0,True,ok,4973,4973
2021,101,10.100000000000001,16,215697.7255951,215697.7506396,24.623600009363145,25.044500012882054,20.95889998599887,2.1747999999206513,0.0,True,ok,4507,4507
2022,102,10.200000000000001,16,215697.7592146,215697.7846983,24.447300005704165,25.48370001022704,20.509100024355575,2.4105999909806997,0.0,True,ok,4834,4834
2023,103,10.3,16,215697.7922198,215697.8169211,24.251599999843165,24.70129998982884,20.36149997729808,2.4124000046867877,0.0,True,ok,4943,4943
2024,104,10.4,16,215697.8255175,215697.8504705,24.38290001009591,24.95300001464784,20.63119999365881,2.099999983329326,0.0,True,ok,5082,5082
2025,105,10.5,16,215697.858834,215697.8864089,26.805700006661937,27.574899984756485,21.05630000005476,3.486400004476309,0.0,True,ok,4986,4986
2026,106,10.600000000000001,16,215697.8923376,215697.9186634,25.341700005810708,26.325799990445375,21.891400014283136,2.0351999846752733,0.0,True,ok,5037,5037
2027,107,10.700000000000001,16,215697.925726,215697.9520541,25.75480000814423,26.32810000795871,22.16790002421476,2.1733999892603606,0.0,True,ok,5162,5162
2028,108,10.8,16,215697.9591193,215697.9842275,24.490300012985244,25.108200003160164,20.56609999272041,2.4913000233937055,0.0,True,ok,4884,4884
2029,109,10.9,16,215697.9923531,215698.0161573,23.37100001750514,23.804199998266995,19.652899994980544,2.1646000095643103,0.0,True,ok,4890,4890
2030,110,11.0,16,215698.0256636,215698.0520049,25.915500009432435,26.3412999920547,22.36309999716468,2.2114999883342534,0.0,True,ok,4848,4848
2031,111,11.100000000000001,16,215698.0593302,215698.0848244,24.876499985111877,25.49420000286773,21.359899983508512,2.1533999824896455,0.0,True,ok,5030,5030
2032,112,11.200000000000001,16,215698.0927078,215698.1193583,25.501800002530217,26.650499989045784,22.017099981894717,2.0867999992333353,0.0,True,ok,5114,5114
2033,113,11.3,16,215698.1255136,215698.1544769,28.34160000202246,28.963299992028624,24.687299999641255,2.189000020734966,0.0,True,ok,5293,5293
2034,114,11.4,16,215698.1591942,215698.1864537,26.66610002052039,27.259499998763204,22.298900003079325,2.672899980098009,0.0,True,ok,5423,5423
2035,115,11.5,16,215698.1925616,215698.2184932,24.9828000087291,25.931599986506626,20.36039999802597,2.298799983691424,33.36739999940619,True,ok,5340,5340
2036,116,11.600000000000001,16,215698.2255325,215698.2493989,23.291999998036772,23.866400006227195,19.443700002739206,2.294900012202561,0.0,True,ok,5279,5279
2037,117,11.700000000000001,16,215698.2588009,215698.2875281,28.26759999152273,28.727199998684227,24.41539999563247,2.4495999969076365,0.0,True,ok,5498,5498
2038,118,11.8,16,215698.2920713,215698.317026,24.27930000703782,24.95469999848865,20.535399991786107,2.2743000008631498,0.0,True,ok,5517,5517
2039,119,11.9,16,215698.3258732,215698.3504666,23.95299999625422,24.59340001223609,20.015499991131946,2.4301999947056174,0.0,True,ok,5266,5266
2040,0,0.0,17,215698.3613469,215698.38723,25.33559998846613,25.883099995553493,20.886899990728125,3.081000002566725,0.0,True,ok,4708,4708
2041,1,0.1,17,215698.3922185,215698.419026,25.84799999021925,26.807499991264194,21.067599998787045,3.340099996421486,0.0,True,ok,4681,4681
2042,2,0.2,17,215698.4257224,215698.4506411,24.43600000697188,24.918700015405193,20.70670001558028,2.068699977826327,33.50389999104664,True,ok,4360,4360
2043,3,0.30000000000000004,17,215698.4590918,215698.4845849,24.946399993496016,25.493099994491786,20.814699993934482,2.741300006164238,0.0,True,ok,4532,4532
2044,4,0.4,17,215698.4924719,215698.5165335,23.48329999949783,24.061599979177117,19.545899995137006,2.5350000069011003,0.0,True,ok,4533,4533
2045,5,0.5,17,215698.5254974,215698.5528636,26.903299993136898,27.366199996322393,22.563700011232868,2.8531999851111323,0.0,True,ok,4334,4334
2046,6,0.6000000000000001,17,215698.5588987,215698.584921,25.530499988235533,26.022300007753074,20.396399981109425,3.5478999780025333,0.0,True,ok,4462,4462
2047,7,0.7000000000000001,17,215698.5925083,215698.6166281,23.54840000043623,24.119799985783175,20.013200002722442,2.1464000164996833,0.0,True,ok,4479,4479
2048,8,0.8,17,215698.6260309,215698.6511331,23.908400005893782,25.102200015680864,20.297500013839453,2.1504000178538263,0.0,True,ok,4534,4534
2049,9,0.9,17,215698.6590471,215698.6855825,25.898100022459403,26.53540001483634,21.181699994485825,2.7267999830655754,0.0,True,ok,4491,4491
2050,10,1.0,17,215698.6924795,215698.7222684,29.331899975659326,29.78889999212697,24.90409999154508,2.9995999939274043,0.0,True,ok,4600,4600
2051,11,1.1,17,215698.7255447,215698.7524986,26.285700005246326,26.953900000080466,21.377400000346825,2.903400018112734,0.0,True,ok,4781,4781
2052,12,1.2000000000000002,17,215698.759,215698.7834879,23.966999986441806,24.48789999471046,20.11700000730343,2.458600007230416,0.0,True,ok,5044,5044
2053,13,1.3,17,215698.7924327,215698.8172364,23.840900015784428,24.80370001285337,20.14390000840649,2.3074000200722367,0.0,True,ok,4620,4620
2054,14,1.4000000000000001,17,215698.8259408,215698.851602,25.20080000977032,25.66120002302341,21.47879998665303,2.3218999849632382,0.0,True,ok,4785,4785
2055,15,1.5,17,215698.8588497,215698.8839435,23.97539999219589,25.09380000992678,20.352499996079132,2.199699985794723,0.0,True,ok,5045,5045
2056,16,1.6,17,215698.8923434,215698.9171685,24.235099990619346,24.825100001180544,20.403999980771914,2.381799975410104,0.0,True,ok,5382,5382
2057,17,1.7000000000000002,17,215698.9259338,215698.9506823,24.284099985379726,24.74849999998696,20.78389999223873,2.068500005407259,0.0,True,ok,5312,5312
2058,18,1.8,17,215698.9592876,215698.9839973,24.222200008807704,24.709699995582923,20.207099994877353,2.2372000094037503,0.0,True,ok,5363,5363
2059,19,1.9000000000000001,17,215698.9922981,215699.0167313,23.962600011145696,24.43320001475513,20.13640000950545,2.360899990890175,0.0,True,ok,5455,5455
2060,20,2.0,17,215699.0258321,215699.0515169,25.195500027621165,25.684800028102472,21.470500010764226,2.3119999968912452,0.0,True,ok,5508,5508
2061,21,2.1,17,215699.058778,215699.0839941,24.799499980872497,25.216099980752915,21.150699991267174,2.1566000068560243,0.0,True,ok,5300,5300
2062,22,2.2,17,215699.0922849,215699.1197624,27.028099982999265,27.477499999804422,21.661999984644353,3.9121999870985746,0.0,True,ok,5384,5384
2063,23,2.3000000000000003,17,215699.1255943,215699.1501505,24.115400010487065,24.55619999091141,20.306099992012605,2.3449999862350523,0.0,True,ok,5355,5355
2064,24,2.4000000000000004,17,215699.1592361,215699.1833633,23.478299990529194,24.127199983922765,19.778499990934506,2.3215999826788902,0.0,True,ok,5072,5072
2065,25,2.5,17,215699.1926044,215699.2185393,25.313499994808808,25.934899982530624,21.368599991546944,2.33510002726689,0.0,True,ok,4851,4851
2066,26,2.6,17,215699.2259287,215699.2514794,25.08379999198951,25.550699996529147,21.043999993707985,2.345900022191927,0.0,True,ok,4933,4933
2067,27,2.7,17,215699.2592733,215699.2841241,24.101599992718548,24.85079999314621,20.62850000220351,1.9946999964304268,0.0,True,ok,4889,4889
2068,28,2.8000000000000003,17,215699.292292,215699.318277,25.476900016656145,25.985000014770776,20.670199999585748,2.3782000062055886,0.0,True,ok,4508,4508
2069,29,2.9000000000000004,17,215699.32579,215699.3505092,24.09670001361519,24.71920000971295,20.66110001760535,2.0383000082802027,0.0,True,ok,4516,4516
2070,30,3.0,17,215699.35894,215699.3861726,26.055199996335432,27.232599997660145,22.67310000024736,2.073400013614446,0.0,True,ok,4326,4326
2071,31,3.1,17,215699.3920353,215699.4169022,24.411899998085573,24.866899999324232,20.868799998424947,2.1533000108320266,0.0,True,ok,4407,4407
2072,32,3.2,17,215699.4256889,215699.4500434,23.894699988886714,24.35449999757111,20.451199990930036,2.123800019035116,0.0,True,ok,4113,4113
2073,33,3.3000000000000003,17,215699.459127,215699.4830442,23.43739999923855,23.917199985589832,19.944500003475696,2.1764999837614596,0.0,True,ok,4211,4211
2074,34,3.4000000000000004,17,215699.4925141,215699.5177662,24.777800019364804,25.252099992940202,20.79580002464354,2.4699000059626997,0.0,True,ok,4198,4198
2075,35,3.5,17,215699.5258797,215699.5516675,25.14849998988211,25.787799997488037,21.344699984183535,2.298799983691424,0.0,True,ok,4125,4125
2076,36,3.6,17,215699.5592405,215699.5845672,24.85860002343543,25.32670000800863,21.30570000736043,2.283500012708828,0.0,True,ok,4267,4267
2077,37,3.7,17,215699.5924939,215699.6184039,25.486200000159442,25.909999996656552,22.105199983343482,2.09349999204278,0.0,True,ok,3805,3805
2078,38,3.8000000000000003,17,215699.6259124,215699.6511816,24.645400000736117,25.269200006732717,20.98530001239851,2.3440000077243894,0.0,True,ok,3921,3921
2079,39,3.9000000000000004,17,215699.6592655,215699.684796,25.086899986490607,25.530499988235533,21.519400004763156,2.27719999384135,0.0,True,ok,3864,3864
2080,40,4.0,17,215699.6926666,215699.7187347,25.418800010811538,26.068100007250905,21.731500019086525,2.290900010848418,0.0,True,ok,3828,3828
2081,41,4.1000000000000005,17,215699.7255685,215699.7524483,26.40189998783171,26.879799988819286,22.69360001082532,2.301400003489107,0.0,True,ok,3659,3659
2082,42,4.2,17,215699.7591774,215699.7844185,24.608300009276718,25.241099996492267,20.744499983265996,2.5535000022500753,0.0,True,ok,3989,3989
2083,43,4.3,17,215699.7925324,215699.8201171,27.09869999671355,27.58470000117086,23.405699990689754,2.150799991795793,0.0,True,ok,4294,4294
2084,44,4.4,17,215699.8256834,215699.8518648,25.71919999900274,26.18139999685809,21.956400014460087,2.4292999878525734,0.0,True,ok,4623,4623
2085,45,4.5,17,215699.8590534,215699.8845206,24.83909999136813,25.46720000100322,21.04170000529848,2.528400014853105,0.0,True,ok,4708,4708
2086,46,4.6000000000000005,17,215699.8927144,215699.919727,26.592300011543557,27.01260001049377,20.917999994708225,3.8241999864112586,0.0,True,ok,4834,4834
2087,47,4.7,17,215699.9254888,215699.9534001,27.4304999911692,27.911299985134974,23.433700000168756,2.317700011190027,0.0,True,ok,4677,4677
2088,48,4.800000000000001,17,215699.9590527,215699.9840338,24.33240000391379,24.98109999578446,20.963899994967505,2.042700012680143,0.0,True,ok,4591,4591
2089,49,4.9,17,215699.9924457,215700.0178763,24.76209998712875,25.430600013351068,20.61649999814108,2.209700003731996,0.0,True,ok,4442,4442
2090,50,5.0,17,215700.025812,215700.0505544,24.14399999543093,24.742399982642382,20.29220000258647,2.386199979810044,0.0,True,ok,4408,4408
2091,51,5.1000000000000005,17,215700.0593507,215700.0873883,27.278900000965223,28.03759998641908,23.248399986186996,2.576299972133711,0.0,True,ok,4418,4418
2092,52,5.2,17,215700.0923208,215700.1189561,26.12189998035319,26.635299989720806,22.198000020580366,2.4766000278759748,0.0,True,ok,4600,4600
2093,53,5.300000000000001,17,215700.1258825,215700.1539928,27.498100011143833,28.1103000161238,23.583499976666644,2.550600009271875,0.0,True,ok,4489,4489
2094,54,5.4,17,215700.1589557,215700.1870317,27.6111000275705,28.076000016881153,23.611599986907095,2.5338999985251576,0.0,True,ok,4625,4625
2095,55,5.5,17,215700.1925871,215700.2282851,34.94329997920431,35.69799999240786,30.28720000293106,2.751799998804927,0.0,True,ok,4379,4379
2096,56,5.6000000000000005,17,215700.2258924,215700.2627821,34.482000017305836,36.889700015308335,30.52850000676699,2.5368000206071883,0.0,True,ok,4212,4212
2097,57,5.7,17,215700.2588885,215700.2910427,28.24839999084361,32.15420001652092,24.440799985313788,2.5511999847367406,0.0,True,ok,4229,4229
2098,58,5.800000000000001,17,215700.2920661,215700.3176062,24.95930000441149,25.54010000312701,21.36199999949895,2.2920999908819795,0.0,True,ok,4294,4294
2099,59,5.9,17,215700.325708,215700.3571299,30.9553999977652,31.42189999925904,26.708399993367493,2.7575999847613275,0.0,True,ok,4337,4337
2100,60,6.0,17,215700.3590259,215700.3883611,28.040100005455315,29.335200000787154,24.29820000543259,2.4200000043492764,0.0,True,ok,4334,4334
2101,61,6.1000000000000005,17,215700.3926327,215700.4207196,27.4671999795828,28.08689998346381,23.63740000873804,2.551899990066886,0.0,True,ok,4169,4169
2102,62,6.2,17,215700.4256056,215700.451062,24.99490001355298,25.456400006078184,21.61339999292977,2.088699984597042,0.0,True,ok,4172,4172
2103,63,6.300000000000001,17,215700.4588354,215700.4823422,22.97099999850616,23.506800003815442,19.433200010098517,2.2672999766655266,0.0,True,ok,4147,4147
2104,64,6.4,17,215700.492164,215700.5184528,25.63459999510087,26.288799999747425,21.94079998298548,2.4238000041805208,0.0,True,ok,4178,4178
2105,65,6.5,17,215700.5254128,215700.5495355,23.54699998977594,24.122700007865205,19.944600004237145,2.307399990968406,0.0,True,ok,4169,4169
2106,66,6.6000000000000005,17,215700.5589623,215700.5842019,24.76939998450689,25.239599985070527,21.23710000887513,2.2200999956112355,0.0,True,ok,4168,4168
2107,67,6.7,17,215700.5924747,215700.6172031,23.885700007667765,24.728399992454797,20.567100000334904,2.0334000000730157,0.0,True,ok,4086,4086
2108,68,6.800000000000001,17,215700.6258991,215700.652586,26.057900016894564,26.68690000427887,22.330299980239943,2.427300001727417,0.0,True,ok,4379,4379
2109,69,6.9,17,215700.6591651,215700.6844002,24.602799996500835,25.235100009012967,20.94859999488108,2.205199998570606,0.0,True,ok,4282,4282
2110,70,7.0,17,215700.692429,215700.7168591,23.68620000197552,24.43010002025403,19.692800007760525,2.484199998434633,0.0,True,ok,4247,4247
2111,71,7.1000000000000005,17,215700.7259166,215700.7499451,23.559900000691414,24.02849998907186,20.168300019577146,2.0988000032957643,0.0,True,ok,4354,4354
2112,72,7.2,17,215700.7590238,215700.7860282,26.561100006802008,27.004400006262586,23.043799999868497,2.2262999846134335,0.0,True,ok,4628,4628
2113,73,7.300000000000001,17,215700.7924215,215700.818229,25.398199999472126,25.807500001974404,21.889800002099946,2.223099989350885,0.0,True,ok,4287,4287
2114,74,7.4,17,215700.825713,215700.8518521,25.482400000328198,26.139099994907156,22.03150000423193,2.1523000032175332,0.0,True,ok,4455,4455
2115,75,7.5,17,215700.8592022,215700.8855375,25.752199988346547,26.3353000045754,22.36770000308752,2.0769000111613423,0.0,True,ok,4560,4560
2116,76,7.6000000000000005,17,215700.8923577,215700.9224868,29.13149999221787,30.129099992336705,24.334799993084744,3.357899986440316,0.0,True,ok,4662,4662
2117,77,7.7,17,215700.9255143,215700.9493137,23.113400005968288,23.799399990821257,19.6179999911692,2.1945000044070184,0.0,True,ok,4381,4381
2118,78,7.800000000000001,17,215700.958982,215700.9891209,29.548399994382635,30.13889997964725,25.794000015594065,2.470099978381768,0.0,True,ok,4350,4350
2119,79,7.9,17,215700.9921758,215701.0171066,24.241299979621544,24.93079999112524,20.458399987546727,2.503800002159551,0.0,True,ok,4058,4058
2120,80,8.0,17,215701.0255718,215701.0516641,25.61390001210384,26.09229998779483,22.17650000238791,2.154399990104139,0.0,True,ok,4074,4074
2121,81,8.1,17,215701.058878,215701.0838997,24.572700000135228,25.021699984790757,21.196400019107386,2.139099990017712,0.0,True,ok,4079,4079
2122,82,8.200000000000001,17,215701.0924007,215701.1187061,25.835100008407608,26.305400009732693,22.108100005425513,2.4228999973274767,0.0,True,ok,4288,4288
2123,83,8.3,17,215701.1257417,215701.1522715,25.487100007012486,26.52980000129901,22.087300021667033,2.13939999230206,0.0,True,ok,4269,4269
2124,84,8.4,17,215701.1588608,215701.1835551,24.036799994064495,24.694299994735047,20.672399987233803,2.1281999943312258,0.0,True,ok,3996,3996
2125,85,8.5,17,215701.1922761,215701.2169455,24.187800008803606,24.669400008860976,20.431900018593296,2.3347999958787113,0.0,True,ok,4318,4318
2126,86,8.6,17,215701.2257586,215701.2502379,23.98880000691861,24.47930001653731,20.06660000188276,2.6504000124987215,0.0,True,ok,4410,4410
2127,87,8.700000000000001,17,215701.2592506,215701.2835028,23.678400000790134,24.25220000441186,20.080299989786,2.2812999959569424,0.0,True,ok,4345,4345
2128,88,8.8,17,215701.2923093,215701.3172164,24.385099997743964,24.90709998528473,21.005899994634092,2.120500023011118,0.0,True,ok,3995,3995
2129,89,8.9,17,215701.3259236,215701.3517406,25.177399977110326,25.8169999870006,21.755299996584654,2.180599985877052,0.0,True,ok,4114,4114
2130,90,9.0,17,215701.358948,215701.3850944,25.60940000694245,26.146399992285296,20.216900011291727,4.126600018935278,0.0,True,ok,4407,4407
2131,91,9.1,17,215701.3923391,215701.416742,23.749599989969283,24.402899987762794,20.14549999148585,2.2947000106796622,0.0,True,ok,4504,4504
2132,92,9.200000000000001,17,215701.4257334,215701.4513465,25.011399993672967,25.613099976908416,20.790499984286726,2.92169998283498,0.0,True,ok,4602,4602
2133,93,9.3,17,215701.4590193,215701.4857312,26.0376000078395,26.71189999091439,22.519899997860193,2.2047999955248088,0.0,True,ok,4719,4719
2134,94,9.4,17,215701.4924096,215701.5174963,24.496500001987442,25.08669998496771,20.939099980751052,2.27730002370663,0.0,True,ok,4623,4623
2135,95,9.5,17,215701.5255245,215701.5505822,24.5604999945499,25.057699996978045,21.01080000284128,2.2686000156681985,0.0,True,ok,4555,4555
2136,96,9.600000000000001,17,215701.5590438,215701.584644,24.972799990791827,25.600199995096773,21.44489999045618,2.302799985045567,0.0,True,ok,4902,4902
2137,97,9.700000000000001,17,215701.5925649,215701.6172117,24.20360001269728,24.646800011396408,20.701600005850196,2.227299992227927,0.0,True,ok,4793,4793
2138,98,9.8,17,215701.6258734,215701.6515389,25.041300017619506,25.665500026661903,21.301900007529184,2.1752000029664487,0.0,True,ok,4857,4857
2139,99,9.9,17,215701.6592029,215701.6835161,23.714199982350692,24.31320000323467,20.186299982015043,2.2499999904539436,0.0,True,ok,4985,4985
2140,100,10.0,17,215701.692334,215701.7194697,26.597500022035092,27.13570001651533,20.777300000190735,4.535999993095174,0.0,True,ok,4973,4973
2141,101,10.100000000000001,17,215701.7256762,215701.7503723,24.173200014047325,24.696100008441135,20.67110000643879,2.244099974632263,0.0,True,ok,4507,4507
2142,102,10.200000000000001,17,215701.7590135,215701.7833398,23.880099994130433,24.32629998656921,20.45350000844337,2.1477999980561435,0.0,True,ok,4834,4834
2143,103,10.3,17,215701.7926503,215701.8170242,23.91289998195134,24.37389999977313,20.4461999819614,2.1603000059258193,0.0,True,ok,4943,4943
2144,104,10.4,17,215701.8254784,215701.8493397,23.31920000142418,23.86130002560094,19.879200001014397,2.1507000201381743,0.0,True,ok,5082,5082
2145,105,10.5,17,215701.8589874,215701.8833887,23.919300001580268,24.401300004683435,20.449800009373575,2.221700007794425,0.0,True,ok,4986,4986
2146,106,10.600000000000001,17,215701.8923512,215701.9184231,25.543600000673905,26.07190000708215,22.233700001379475,2.0623999880626798,0.0,True,ok,5037,5037
2147,107,10.700000000000001,17,215701.9260078,215701.9536501,26.61410000291653,27.64230000320822,20.461500011151657,4.3895000126212835,0.0,True,ok,5162,5162
2148,108,10.8,17,215701.9589215,215701.9873749,27.64809998916462,28.453400009311736,24.19450000161305,2.2247000015340745,0.0,True,ok,4884,4884
2149,109,10.9,17,215701.9925157,215702.0169393,23.809899983461946,24.423599999863654,20.182899985229596,2.2433999984059483,0.0,True,ok,4890,4890
2150,110,11.0,17,215702.025938,215702.0503138,23.406899999827147,24.375799985136837,19.72029998432845,2.432400011457503,0.0,True,ok,4848,4848
2151,111,11.100000000000001,17,215702.0590954,215702.0836042,23.5143999743741,24.50879997923039,20.102800015592948,2.1198999893385917,0.0,True,ok,5030,5030
2152,112,11.200000000000001,17,215702.0924868,215702.1181757,25.205599988112226,25.688900001114234,21.894000004976988,2.0252999966032803,0.0,True,ok,5114,5114
2153,113,11.3,17,215702.1255508,215702.1525218,26.474099984625354,26.97099998476915,21.649700007401407,3.500200022244826,0.0,True,ok,5293,5293
2154,114,11.4,17,215702.1590676,215702.1837874,24.097199988318607,24.719799985177815,19.591899996157736,2.9445999825838953,0.0,True,ok,5423,5423
2155,115,11.5,17,215702.1924342,215702.2185097,25.534699991112575,26.075500005390495,22.004999977070838,2.2170000011101365,0.0,True,ok,5340,5340
2156,116,11.600000000000001,17,215702.2258919,215702.251303,24.919699993915856,25.4111000103876,21.294500009389594,2.2666000004392117,0.0,True,ok,5279,5279
2157,117,11.700000000000001,17,215702.2589232,215702.2842142,24.547899985918775,25.29099999810569,20.892400003504008,2.344700013054535,0.0,True,ok,5498,5498
2158,118,11.8,17,215702.292365,215702.3178982,24.865400017006323,25.533200008794665,21.12009999109432,2.376599994022399,0.0,True,ok,5517,5517
2159,119,11.9,17,215702.3256256,215702.3503093,24.194099998567253,24.68370000133291,20.45079998788424,2.397299977019429,0.0,True,ok,5266,5266
2160,0,0.0,18,215702.362271,215702.3880014,25.135899981250986,25.730399996973574,20.651300001190975,2.8590000001713634,0.0,True,ok,4708,4708
2161,1,0.1,18,215702.3921648,215702.4160364,23.239800008013844,23.87160001671873,19.62830001139082,2.1821999980602413,0.0,True,ok,4681,4681
2162,2,0.2,18,215702.4255203,215702.4515802,25.354199984576553,26.05990000301972,21.934600023087114,2.1308999857865274,0.0,True,ok,4360,4360
2163,3,0.30000000000000004,18,215702.4590812,215702.4880437,28.172099991934374,28.96249998593703,24.565600004279986,2.3068999871611595,0.0,True,ok,4532,4532
2164,4,0.4,18,215702.4920619,215702.5172359,24.548400018829852,25.17400000942871,19.94549998198636,2.285499998833984,0.0,True,ok,4533,4533
2165,5,0.5,18,215702.5257674,215702.5530291,26.447700016433373,27.26170001551509,21.192299987887964,3.4007999929599464,0.0,True,ok,4334,4334
2166,6,0.6000000000000001,18,215702.5591328,215702.5837779,24.12220000405796,24.64509999845177,20.79880001838319,2.054499986115843,0.0,True,ok,4462,4462
2167,7,0.7000000000000001,18,215702.5924942,215702.619274,25.887600000714883,26.77979998406954,22.187700000358745,2.204899996286258,0.0,True,ok,4479,4479
2168,8,0.8,18,215702.6255825,215702.6518108,25.792399974307045,26.228299975628033,21.50109998183325,2.9516999784391373,0.0,True,ok,4534,4534
2169,9,0.9,18,215702.6588533,215702.6835764,24.076900008367375,24.723100010305643,20.704199996544048,2.0585000165738165,0.0,True,ok,4491,4491
2170,10,1.0,18,215702.6922107,215702.7172531,24.497800011886284,25.042399996891618,21.009999996749684,2.1672000002581626,0.0,True,ok,4600,4600
2171,11,1.1,18,215702.7255878,215702.7544761,28.249199996935204,28.88830000301823,24.593600013758987,1.9751999934669584,0.0,True,ok,4781,4781
2172,12,1.2000000000000002,18,215702.7590744,215702.7841512,24.49959999648854,25.076799996895716,21.019900013925508,2.1454999805428088,0.0,True,ok,5044,5044
2173,13,1.3,18,215702.7922234,215702.8202529,27.30590000282973,28.029500012053177,22.064599994337186,3.560099983587861,0.0,True,ok,4620,4620
2174,14,1.4000000000000001,18,215702.8255528,215702.8506774,24.52190002077259,25.124600011622533,20.500399987213314,2.5326000177301466,0.0,True,ok,4785,4785
2175,15,1.5,18,215702.8587734,215702.8841551,24.927399994339794,25.381700019352138,20.74680000077933,2.7467999898362905,0.0,True,ok,5045,5045
2176,16,1.6,18,215702.8921588,215702.9167526,24.15439998731017,24.593799986178055,20.571200002450496,2.1718000061810017,0.0,True,ok,5382,5382
2177,17,1.7000000000000002,18,215702.9255992,215702.9509539,24.410499987425283,25.3546999883838,20.566899998812005,2.3800999915692955,0.0,True,ok,5312,5312
2178,18,1.8,18,215702.9590807,215702.9862434,26.702200004365295,27.162699989276007,22.847199987154454,2.32170001254417,0.0,True,ok,5363,5363
2179,19,1.9000000000000001,18,215702.9925283,215703.0195247,26.36540000094101,26.9964000035543,21.561000001383945,2.3713000118732452,0.0,True,ok,5455,5455
2180,20,2.0,18,215703.0255146,215703.0506455,24.64190000318922,25.13090000138618,20.55750001454726,2.5582999805919826,0.0,True,ok,5508,5508
2181,21,2.1,18,215703.0589114,215703.0826853,23.30719999736175,23.77390000037849,19.83129998552613,2.0949000027030706,0.0,True,ok,5300,5300
2182,22,2.2,18,215703.0925883,215703.1169383,23.94099999219179,24.34999999240972,20.131700002821162,2.3938000085763633,0.0,True,ok,5384,5384
2183,23,2.3000000000000003,18,215703.125939,215703.1547615,27.908199990633875,28.822499996749684,23.01810000790283,3.1361000146716833,0.0,True,ok,5355,5355
2184,24,2.4000000000000004,18,215703.1592172,215703.1844266,24.289099994348362,25.20939998794347,20.624900003895164,2.363500010687858,0.0,True,ok,5072,5072
2185,25,2.5,18,215703.1924975,215703.2170699,23.900100000901148,24.57240002695471,20.228799985488877,2.3132000060286373,0.0,True,ok,4851,4851
2186,26,2.6,18,215703.2256495,215703.2513216,25.2156000060495,25.672099989606068,21.779999980935827,2.0834000024478883,0.0,True,ok,4933,4933
2187,27,2.7,18,215703.2591488,215703.2842161,24.623600009363145,25.06730001186952,20.855700015090406,2.2022000048309565,0.0,True,ok,4889,4889
2188,28,2.8000000000000003,18,215703.2924529,215703.3173453,24.184499983675778,24.892399989767,20.461799984332174,2.2701999987475574,0.0,True,ok,4508,4508
2189,29,2.9000000000000004,18,215703.3258998,215703.3518928,25.3458000079263,25.993000017479062,21.442400000523776,2.517799992347136,0.0,True,ok,4516,4516
2190,30,3.0,18,215703.3589358,215703.3823606,23.00019998801872,23.424799990607426,19.644899992272258,2.063699997961521,0.0,True,ok,4326,4326
2191,31,3.1,18,215703.3926284,215703.4179028,24.41819998784922,25.27439998812042,21.11729999887757,2.0293999987188727,0.0,True,ok,4407,4407
2192,32,3.2,18,215703.4257083,215703.4510543,24.633599998196587,25.3460000094492,21.13969999481924,2.145799982827157,0.0,True,ok,4113,4113
2193,33,3.3000000000000003,18,215703.4591124,215703.4835497,23.978699988219887,24.43729998776689,20.567100000334904,2.11719999788329,0.0,True,ok,4211,4211
2194,34,3.4000000000000004,18,215703.4923465,215703.5177706,24.209000024711713,25.424100022064522,20.845599996391684,2.0782000210601836,0.0,True,ok,4198,4198
2195,35,3.5,18,215703.52569,215703.549767,23.406899999827147,24.076999980024993,19.818600005237386,2.302600012626499,0.0,True,ok,4125,4125
2196,36,3.6,18,215703.559241,215703.5845242,24.81259999331087,25.283199996920303,20.854699978372082,2.458699978888035,0.0,True,ok,4267,4267
2197,37,3.7,18,215703.5927341,215703.618237,24.546899978304282,25.50289998180233,20.399699977133423,2.8768999909516424,33.4930999961216,True,ok,3805,3805
2198,38,3.8000000000000003,18,215703.6258283,215703.6523531,26.12080000108108,26.524800021434203,20.34819999244064,4.372900002636015,0.0,True,ok,3921,3921
2199,39,3.9000000000000004,18,215703.6593376,215703.687902,27.761900011682883,28.564400010509416,23.96520000183955,2.1831000049132854,0.0,True,ok,3864,3864
2200,40,4.0,18,215703.6925769,215703.7170106,23.88960000826046,24.433699989458546,20.078200002899393,2.5520999915897846,0.0,True,ok,3828,3828
2201,41,4.1000000000000005,18,215703.7255586,215703.750062,24.04930000193417,24.503399996319786,20.66270000068471,2.1254000021144748,0.0,True,ok,3659,3659
2202,42,4.2,18,215703.7590543,215703.7835105,24.013000016566366,24.456200015265495,20.35570002044551,2.362400002311915,0.0,True,ok,3989,3989
2203,43,4.3,18,215703.7923233,215703.8192592,26.483000023290515,26.935900008538738,22.34690001932904,2.4892000074032694,0.0,True,ok,4294,4294
2204,44,4.4,18,215703.8256888,215703.851245,24.95630001067184,25.55620000930503,21.13639999879524,2.481400006217882,0.0,True,ok,4623,4623
2205,45,4.5,18,215703.8590093,215703.8854454,25.798699993174523,26.43609998631291,21.9173000077717,2.5661000108812004,0.0,True,ok,4708,4708
2206,46,4.6000000000000005,18,215703.8924235,215703.9181683,25.28490000986494,25.744800019310787,21.60169999115169,2.2917000169400126,0.0,True,ok,4834,4834
2207,47,4.7,18,215703.9253978,215703.9502742,24.075099994661286,24.87640001345426,20.23120000376366,2.452899992931634,0.0,True,ok,4677,4677
2208,48,4.800000000000001,18,215703.959114,215703.9837512,24.15009998367168,24.637199996504933,20.78219997929409,2.059699996607378,0.0,True,ok,4591,4591
2209,49,4.9,18,215703.9925449,215704.0176183,24.611599976196885,25.07340000011027,21.125700004631653,2.1243999944999814,0.0,True,ok,4442,4442
2210,50,5.0,18,215704.0258598,215704.0500803,23.683799983700737,24.220499995863065,20.001199998660013,2.3384999949485064,0.0,True,ok,4408,4408
2211,51,5.1000000000000005,18,215704.0592281,215704.0848601,24.997000000439584,25.63200000440702,20.30539998668246,3.366799996001646,0.0,True,ok,4418,4418
2212,52,5.2,18,215704.0925572,215704.1180151,25.032099976669997,25.457899988396093,21.519500005524606,1.9904999935533851,0.0,True,ok,4600,4600
2213,53,5.300000000000001,18,215704.1257478,215704.1536421,27.407899993704632,27.89430000120774,23.94450001884252,2.157100010663271,0.0,True,ok,4489,4489
2214,54,5.4,18,215704.1588483,215704.1848365,25.33560001756996,25.988200010033324,21.629399998346344,2.3400000063702464,0.0,True,ok,4625,4625
2215,55,5.5,18,215704.1922647,215704.2163566,23.62999998149462,24.091900006169453,19.949400011682883,2.3218000133056194,0.0,True,ok,4379,4379
2216,56,5.6000000000000005,18,215704.2256199,215704.2512394,24.714200000744313,25.619499996537343,21.12789999227971,2.162399992812425,0.0,True,ok,4212,4212
2217,57,5.7,18,215704.2591088,215704.2828707,23.290300014195964,23.76189999631606,19.635999982710928,2.3378000187221915,0.0,True,ok,4229,4229
2218,58,5.800000000000001,18,215704.2925606,215704.3181245,25.144599989289418,25.563899980625138,20.719299995107576,2.9218999843578786,0.0,True,ok,4294,4294
2219,59,5.9,18,215704.3255709,215704.3515773,25.476799986790866,26.00640000309795,21.64349998929538,2.435300004435703,0.0,True,ok,4337,4337
2220,60,6.0,18,215704.358862,215704.3847533,25.254499982111156,25.891299999784678,21.700599987525493,2.2702999995090067,0.0,True,ok,4334,4334
2221,61,6.1000000000000005,18,215704.3922093,215704.4188794,26.26000001328066,26.670100021874532,21.89080000971444,3.0528999923262745,0.0,True,ok,4169,4169
2222,62,6.2,18,215704.42553,215704.4511079,25.001000001793727,25.577899999916553,21.525499993003905,2.1179000032134354,0.0,True,ok,4172,4172
2223,63,6.300000000000001,18,215704.4593652,215704.4842406,24.437199987005442,24.875400005839765,20.58100001886487,2.5059999898076057,0.0,True,ok,4147,4147
2224,64,6.4,18,215704.4924569,215704.5203366,27.43210000335239,27.879699977347627,23.038599989376962,2.140500000678003,0.0,True,ok,4178,4178
2225,65,6.5,18,215704.5257769,215704.5533516,27.13720002793707,27.574700012337416,22.390500002074987,2.8282999992370605,0.0,True,ok,4169,4169
2226,66,6.6000000000000005,18,215704.5594652,215704.5840497,23.86549999937415,24.58450000267476,20.285499980673194,2.1930999937467277,0.0,True,ok,4168,4168
2227,67,6.7,18,215704.5926243,215704.6238198,30.72100001736544,31.195499992463738,26.91770001547411,2.1437999967020005,0.0,True,ok,4086,4086
2228,68,6.800000000000001,18,215704.6257593,215704.6553281,29.00829998543486,29.568800004199147,25.062300002900884,2.413700014585629,0.0,True,ok,4379,4379
2229,69,6.9,18,215704.659213,215704.6839725,24.27620001253672,24.759499996434897,20.562799996696413,2.293400000780821,0.0,True,ok,4282,4282
2230,70,7.0,18,215704.6925578,215704.7180621,24.84369999729097,25.50429999246262,21.08750000479631,2.3496999929193407,0.0,True,ok,4247,4247
2231,71,7.1000000000000005,18,215704.725703,215704.7499641,23.630399984540418,24.26109998486936,20.059900009073317,2.1397999953478575,0.0,True,ok,4354,4354
2232,72,7.2,18,215704.7592521,215704.7850494,25.195099995471537,25.797300011618063,21.416999981738627,2.4299999931827188,0.0,True,ok,4628,4628
2233,73,7.300000000000001,18,215704.7923862,215704.8188842,26.024799997685477,26.498000021092594,22.43869999074377,2.217500004917383,0.0,True,ok,4287,4287
2234,74,7.4,18,215704.8257414,215704.8522446,26.091900013852865,26.5032000024803,20.277600007830188,2.7880000125151128,0.0,True,ok,4455,4455
2235,75,7.5,18,215704.8590492,215704.8845791,25.067000009585172,25.529900012770668,21.447400009492412,2.0112000056542456,0.0,True,ok,4560,4560
2236,76,7.6000000000000005,18,215704.8921772,215704.9177018,25.075000012293458,25.524600001517683,21.502100018551573,2.137100003892556,0.0,True,ok,4662,4662
2237,77,7.7,18,215704.9255936,215704.9528538,26.668600010452792,27.26020000409335,21.192499989410862,2.160999982152134,0.0,True,ok,4381,4381
2238,78,7.800000000000001,18,215704.9588023,215704.9839602,24.485600006300956,25.15790000325069,20.903399999951944,2.1434999944176525,0.0,True,ok,4350,4350
2239,79,7.9,18,215704.992425,215705.0229766,30.02320000086911,30.551600008038804,25.44660001876764,2.902899985201657,0.0,True,ok,4058,4058
2240,80,8.0,18,215705.0257219,215705.0522912,26.136100001167506,26.569300011033192,22.525600012158975,2.218699984950945,0.0,True,ok,4074,4074
2241,81,8.1,18,215705.0589593,215705.0865307,27.017999993404374,27.57140001631342,23.61069998005405,2.074000018183142,0.0,True,ok,4079,4079
2242,82,8.200000000000001,18,215705.0922872,215705.118053,25.241399998776615,25.765800004592165,21.633299998939037,2.1613000135403126,0.0,True,ok,4288,4288
2243,83,8.3,18,215705.1256384,215705.1514884,25.38880001520738,25.850000005448237,21.502799994777888,2.3541999980807304,0.0,True,ok,4269,4269
2244,84,8.4,18,215705.1592512,215705.1840565,24.23760000965558,24.805299995932728,20.60770001844503,2.3064000124577433,0.0,True,ok,3996,3996
2245,85,8.5,18,215705.1928662,215705.2192352,25.906399998348206,26.368999999249354,21.42110001295805,3.0784000118728727,0.0,True,ok,4318,4318
2246,86,8.6,18,215705.2257186,215705.2524509,26.06160001596436,26.732300000730902,20.737599988933653,3.8975999923422933,0.0,True,ok,4410,4410
2247,87,8.700000000000001,18,215705.2590747,215705.2844744,24.844300001859665,25.399699981790036,21.33670001057908,2.0667000208050013,0.0,True,ok,4345,4345
2248,88,8.8,18,215705.2925426,215705.3177355,24.73259999533184,25.192900007823482,20.439899992197752,2.8737999964505434,0.0,True,ok,3995,3995
2249,89,8.9,18,215705.3259296,215705.3508883,24.27759999409318,24.958699999842793,19.742000004043803,3.1556999892927706,0.0,True,ok,4114,4114
2250,90,9.0,18,215705.3588347,215705.3848994,25.484499987214804,26.064700010465458,21.97219998924993,2.1177999733481556,0.0,True,ok,4407,4407
2251,91,9.1,18,215705.3924069,215705.418945,25.903200003085658,26.538100006291643,22.070199978770688,2.345799992326647,0.0,True,ok,4504,4504
2252,92,9.200000000000001,18,215705.4258178,215705.456161,29.877299995860085,30.34320002188906,25.54270002292469,2.8907999803777784,0.0,True,ok,4602,4602
2253,93,9.3,18,215705.4590329,215705.4845645,24.949599988758564,25.531599996611476,20.987900003092363,2.334300021175295,0.0,True,ok,4719,4719
2254,94,9.4,18,215705.4922801,215705.5173448,24.4273999996949,25.064699992071837,20.68899999721907,2.302000008057803,0.0,True,ok,4623,4623
2255,95,9.5,18,215705.5255542,215705.5506174,24.563200015109032,25.063200009753928,20.555199997033924,2.4827999877743423,0.0,True,ok,4555,4555
2256,96,9.600000000000001,18,215705.5591274,215705.5878395,28.096499998355284,28.7121000001207,24.42889998201281,2.239900000859052,0.0,True,ok,4902,4902
2257,97,9.700000000000001,18,215705.5921924,215705.6167703,24.137300002621487,24.577899981522933,20.54560001124628,2.156800008378923,0.0,True,ok,4793,4793
2258,98,9.8,18,215705.6258018,215705.6518896,25.648500013630837,26.087800011737272,21.63440000731498,2.5591999874450266,0.0,True,ok,4857,4857
2259,99,9.9,18,215705.6588666,215705.6863655,26.46130000357516,27.498900017235428,22.964000003412366,2.04320001648739,0.0,True,ok,4985,4985
2260,100,10.0,18,215705.6923253,215705.7176444,24.87449999898672,25.31909997924231,21.28320001065731,2.1111000096425414,0.0,True,ok,4973,4973
2261,101,10.100000000000001,18,215705.725523,215705.7506688,24.67909999541007,25.14579999842681,21.094700001413003,2.1542999893426895,0.0,True,ok,4507,4507
2262,102,10.200000000000001,18,215705.7590079,215705.7845952,24.84349999576807,25.58730001328513,21.19439997477457,2.0981999987270683,0.0,True,ok,4834,4834
2263,103,10.3,18,215705.7924802,215705.8179081,24.35319998767227,25.427899992791936,20.47849999507889,2.393199974903837,0.0,True,ok,4943,4943
2264,104,10.4,18,215705.8259154,215705.8515825,25.016100000357255,25.66710000974126,21.391099988250062,2.120899996953085,0.0,True,ok,5082,5082
2265,105,10.5,18,215705.8591781,215705.8848722,25.239499984309077,25.69409998250194,21.626199973979965,2.091300004394725,0.0,True,ok,4986,4986
2266,106,10.600000000000001,18,215705.8922691,215705.9185404,25.84369998658076,26.271299982909113,22.249800007557496,2.138199983164668,0.0,True,ok,5037,5037
2267,107,10.700000000000001,18,215705.9256604,215705.9562857,30.161700007738546,30.625299987150356,24.856099975295365,3.6185999924782664,0.0,True,ok,5162,5162
2268,108,10.8,18,215705.9589523,215705.9833777,23.967100016307086,24.425400013569742,20.18219997989945,2.348500012885779,0.0,True,ok,4884,4884
2269,109,10.9,18,215705.9923302,215706.0205511,27.66469999914989,28.220899985171854,23.18869999726303,3.0224999936763197,0.0,True,ok,4890,4890
2270,110,11.0,18,215706.0257203,215706.0549209,28.632900008233264,29.200599994510412,24.61250001215376,2.1967999928165227,0.0,True,ok,4848,4848
2271,111,11.100000000000001,18,215706.0587973,215706.0830035,23.668000008910894,24.20620000339113,19.49199999216944,2.552700025262311,0.0,True,ok,5030,5030
2272,112,11.200000000000001,18,215706.0924297,215706.1182519,25.227600010111928,25.822200026595965,21.408000000519678,2.3572999925818294,0.0,True,ok,5114,5114
2273,113,11.3,18,215706.1257608,215706.1505985,24.226500012446195,24.83770000981167,20.344600023236126,2.3289000091608614,0.0,True,ok,5293,5293
2274,114,11.4,18,215706.1590929,215706.1849319,24.879900011001155,25.8390000090003,20.943300012731925,2.4320000084117055,0.0,True,ok,5423,5423
2275,115,11.5,18,215706.1924853,215706.2183088,25.3857999923639,25.823499978287145,21.6194000095129,2.266399998916313,0.0,True,ok,5340,5340
2276,116,11.600000000000001,18,215706.2257701,215706.2513408,24.930199986556545,25.570700003299862,20.934200001647696,2.338399994187057,0.0,True,ok,5279,5279
2277,117,11.700000000000001,18,215706.2590881,215706.2847532,25.01379998284392,25.665099994512275,21.178800001507625,2.3277000000234693,0.0,True,ok,5498,5498
2278,118,11.8,18,215706.2922122,215706.3203168,27.472999994643033,28.10460000182502,21.96179999737069,3.7646999990101904,0.0,True,ok,5517,5517
2279,119,11.9,18,215706.3255534,215706.3526202,25.672699994174764,27.066799986641854,21.90690001589246,2.267399977426976,0.0,True,ok,5266,5266
2280,0,0.0,19,215706.3629848,215706.3896242,25.66300000762567,26.6393999918364,22.048099985113367,2.230399986729026,0.0,True,ok,4708,4708
2281,1,0.1,19,215706.3925483,215706.4178641,24.74289998644963,25.315799983218312,21.10390001325868,2.1112000104039907,0.0,True,ok,4681,4681
2282,2,0.2,19,215706.4255551,215706.4499452,23.943900014273822,24.3901000067126,20.390799996675923,2.139299991540611,0.0,True,ok,4360,4360
2283,3,0.30000000000000004,19,215706.4592458,215706.4846082,24.891800014302135,25.362399988807738,21.10550002544187,2.1872000070288777,0.0,True,ok,4532,4532
2284,4,0.4,19,215706.4926457,215706.5195697,25.973000010708347,26.924000005237758,20.641100010834634,3.7939999892842025,0.0,True,ok,4533,4533
2285,5,0.5,19,215706.5256247,215706.5512037,25.12669999850914,25.578999979188666,21.195099980104715,2.4840999976731837,0.0,True,ok,4334,4334
2286,6,0.6000000000000001,19,215706.5589617,215706.5844139,24.982300004921854,25.452200003201142,21.305000002030283,2.153400011593476,0.0,True,ok,4462,4462
2287,7,0.7000000000000001,19,215706.5924057,215706.6185904,25.253300002077594,26.184699992882088,20.9737999830395,2.732199995080009,0.0,True,ok,4479,4479
2288,8,0.8,19,215706.6257876,215706.6502732,24.066900019533932,24.485600006300956,20.337200025096536,2.128100022673607,0.0,True,ok,4534,4534
2289,9,0.9,19,215706.6589622,215706.6836553,24.015000002691522,24.693100014701486,20.441400003619492,2.1240999922156334,0.0,True,ok,4491,4491
2290,10,1.0,19,215706.6923761,215706.7168954,23.954300006153062,24.51930000097491,19.647999986773357,2.818699984345585,0.0,True,ok,4600,4600
2291,11,1.1,19,215706.7259499,215706.7526249,26.011999987531453,26.67500000097789,21.896099991863593,2.6562999992165715,0.0,True,ok,4781,4781
2292,12,1.2000000000000002,19,215706.7588105,215706.7845249,25.078799983020872,25.714399991557002,21.49939999799244,2.129500004230067,0.0,True,ok,5044,5044
2293,13,1.3,19,215706.7925798,215706.8184265,25.337799976114184,25.84669998032041,21.71420000377111,2.1784999989904463,0.0,True,ok,4620,4620
2294,14,1.4000000000000001,19,215706.8256292,215706.8512145,24.907899991376325,25.585299998056144,21.173100016312674,2.2465000220108777,0.0,True,ok,4785,4785
2295,15,1.5,19,215706.8593087,215706.884152,24.381700000958517,24.843300023349002,20.92320000519976,1.9902999920304865,0.0,True,ok,5045,5045
2296,16,1.6,19,215706.8924052,215706.9175023,24.627800012240186,25.09710000595078,20.511900016572326,2.5519000191707164,0.0,True,ok,5382,5382
2297,17,1.7000000000000002,19,215706.9254709,215706.9508774,24.983000010252,25.40650000446476,21.084299980429932,2.377099997829646,0.0,True,ok,5312,5312
2298,18,1.8,19,215706.9590338,215706.9829981,23.252899991348386,23.964299994986504,19.514699990395457,2.150099986465648,0.0,True,ok,5363,5363
2299,19,1.9000000000000001,19,215706.9925838,215707.0194528,26.406300021335483,26.86900002299808,20.0030000123661,2.395299990894273,0.0,True,ok,5455,5455
2300,20,2.0,19,215707.0257062,215707.051659,25.284299976192415,25.952800002414733,21.447199978865683,2.322099986486137,0.0,True,ok,5508,5508
2301,21,2.1,19,215707.0590614,215707.0847035,25.201000011293218,25.64209999400191,21.61500000511296,2.033500000834465,0.0,True,ok,5300,5300
2302,22,2.2,19,215707.0925424,215707.1174656,24.453299993183464,24.923199991462752,20.540700003039092,2.383399987593293,0.0,True,ok,5384,5384
2303,23,2.3000000000000003,19,215707.1256264,215707.154034,27.74610000778921,28.407600009813905,23.73260000604205,2.286600007209927,0.0,True,ok,5355,5355
2304,24,2.4000000000000004,19,215707.1590194,215707.1863814,26.89540002029389,27.362000022549182,22.466099995654076,2.7577000146266073,0.0,True,ok,5072,5072
2305,25,2.5,19,215707.1924725,215707.2195463,26.47910002269782,27.073800010839477,21.85639998060651,3.1737999815959483,0.0,True,ok,4851,4851
2306,26,2.6,19,215707.2258175,215707.2513257,24.93819998926483,25.508199993055314,21.250999998301268,2.0927000150550157,0.0,True,ok,4933,4933
2307,27,2.7,19,215707.259169,215707.2859482,26.29259999957867,26.779200008604676,22.436500003095716,2.404200000455603,0.0,True,ok,4889,4889
2308,28,2.8000000000000003,19,215707.2921791,215707.3174108,24.61069999844767,25.23169998312369,20.867800019914284,2.2757000115234405,0.0,True,ok,4508,4508
2309,29,2.9000000000000004,19,215707.3256365,215707.3527869,26.247000001603737,27.15040001203306,22.650099999736995,2.179000002797693,0.0,True,ok,4516,4516
2310,30,3.0,19,215707.3591009,215707.3848503,25.245800003176555,25.749399996129796,21.711000008508563,2.141200006008148,0.0,True,ok,4326,4326
2311,31,3.1,19,215707.3924449,215707.4170964,24.217300000600517,24.651499988976866,20.75880000484176,2.052800002275035,0.0,True,ok,4407,4407
2312,32,3.2,19,215707.4255406,215707.4508178,24.811700015561655,25.277200009441003,21.2257000093814,2.1948999783489853,0.0,True,ok,4113,4113
2313,33,3.3000000000000003,19,215707.4587708,215707.483826,24.40510000451468,25.05520000704564,20.472100004553795,2.511200000299141,0.0,True,ok,4211,4211
2314,34,3.4000000000000004,19,215707.4925347,215707.5169692,23.779299983289093,24.43449999555014,20.384899980854243,2.066399989416823,0.0,True,ok,4198,4198
2315,35,3.5,19,215707.5257779,215707.5510505,24.810700007947162,25.272600003518164,21.221700008027256,2.291699987836182,0.0,True,ok,4125,4125
2316,36,3.6,19,215707.5592844,215707.5842331,24.50729999691248,24.94870001100935,20.763699983945116,2.432500012218952,0.0,True,ok,4267,4267
2317,37,3.7,19,215707.5926964,215707.6207372,27.47760000056587,28.04079998168163,21.187499980442226,4.812800005311146,0.0,True,ok,3805,3805
2318,38,3.8000000000000003,19,215707.6255003,215707.6494919,23.343100008787587,23.99159999913536,19.770099985180423,2.2578999924007803,0.0,True,ok,3921,3921
2319,39,3.9000000000000004,19,215707.6589898,215707.6831974,23.755100002745166,24.207600014051422,20.02089997404255,2.2504999942611903,0.0,True,ok,3864,3864
2320,40,4.0,19,215707.6923936,215707.7169735,24.127600016072392,24.57989999675192,20.715000020572916,2.088299981551245,0.0,True,ok,3828,3828
2321,41,4.1000000000000005,19,215707.7256577,215707.7496125,23.447099985787645,23.954799980856478,19.873300014296547,2.24910001270473,0.0,True,ok,3659,3659
2322,42,4.2,19,215707.7589408,215707.7857072,26.016000017989427,26.76639999845065,22.439600026700646,2.2548999986611307,0.0,True,ok,3989,3989
2323,43,4.3,19,215707.7926021,215707.8161574,23.083000007318333,23.555299994768575,19.61179997306317,2.1194000146351755,0.0,True,ok,4294,4294
2324,44,4.4,19,215707.8258823,215707.8515413,25.20640002330765,25.659000006271526,21.565900009591132,2.2635000059381127,0.0,True,ok,4623,4623
2325,45,4.5,19,215707.8591791,215707.8853794,25.76209997641854,26.200299995252863,21.6937999939546,2.692799986107275,0.0,True,ok,4708,4708
2326,46,4.6000000000000005,19,215707.8922504,215707.9168931,23.994199989829212,24.642699980176985,20.63000001362525,1.9691000052262098,0.0,True,ok,4834,4834
2327,47,4.7,19,215707.9258574,215707.9502521,23.765699996147305,24.39470001263544,19.95399998850189,2.332599979126826,0.0,True,ok,4677,4677
2328,48,4.800000000000001,19,215707.9592345,215707.9868959,27.035999984946102,27.66139997402206,23.347700014710426,1.9943999941460788,0.0,True,ok,4591,4591
2329,49,4.9,19,215707.9926054,215708.0163447,23.155700007919222,23.739299998851493,19.81950001209043,2.0161000138614327,0.0,True,ok,4442,4442
2330,50,5.0,19,215708.0257051,215708.0533726,27.217800001380965,27.66749999136664,23.417499993229285,2.3278000007849187,0.0,True,ok,4408,4408
2331,51,5.1000000000000005,19,215708.0590736,215708.0843592,24.820399994496256,25.285600015195087,20.602500007953495,2.9107999871484935,0.0,True,ok,4418,4418
2332,52,5.2,19,215708.09265,215708.1172288,23.885800008429214,24.578799988375977,20.267999992938712,2.3092000046744943,0.0,True,ok,4600,4600
2333,53,5.300000000000001,19,215708.1258857,215708.1540143,27.19930000603199,28.128600009949878,21.99000000837259,3.8215999957174063,0.0,True,ok,4489,4489
2334,54,5.4,19,215708.1588112,215708.1840862,24.72919999854639,25.274999992689118,21.14700002130121,2.200899994932115,0.0,True,ok,4625,4625
2335,55,5.5,19,215708.1922064,215708.2184482,25.622499990276992,26.241799991112202,20.2415999956429,3.862700017634779,0.0,True,ok,4379,4379
2336,56,5.6000000000000005,19,215708.2257968,215708.2506306,24.069000006420538,24.833800009218976,20.5677000049036,1.9836999999824911,0.0,True,ok,4212,4212
2337,57,5.7,19,215708.2587836,215708.2851192,25.90150001924485,26.33560000685975,22.10840000770986,2.5399000151082873,0.0,True,ok,4229,4229
2338,58,5.800000000000001,19,215708.292615,215708.3169422,23.801200004527345,24.327199993422255,20.2784999855794,2.202499978011474,0.0,True,ok,4294,4294
2339,59,5.9,19,215708.3255081,215708.3527342,26.6422999848146,27.22609997726977,22.714899998391047,2.366900007473305,0.0,True,ok,4337,4337
2340,60,6.0,19,215708.3588492,215708.3874776,28.16699998220429,28.628399973968044,23.4684000024572,2.6268000074196607,0.0,True,ok,4334,4334
2341,61,6.1000000000000005,19,215708.3922947,215708.4168694,24.091500003123656,24.574700015364215,20.492499985266477,2.1979000011924654,0.0,True,ok,4169,4169
2342,62,6.2,19,215708.4257014,215708.4520441,25.894399994285777,26.34270000271499,22.495799988973886,2.0841000077780336,0.0,True,ok,4172,4172
2343,63,6.300000000000001,19,215708.458945,215708.4852466,25.58750001480803,26.30160000990145,21.71889998135157,2.4862999853212386,0.0,True,ok,4147,4147
2344,64,6.4,19,215708.4923573,215708.5172551,24.268100009066984,24.897800001781434,20.712300000013784,2.290900010848418,0.0,True,ok,4178,4178
2345,65,6.5,19,215708.5258382,215708.5504388,23.91040002112277,24.60060000885278,20.466500020120293,2.138999989256263,0.0,True,ok,4169,4169
2346,66,6.6000000000000005,19,215708.5592693,215708.584944,25.134700001217425,25.67470000940375,20.046699995873496,2.0530000037979335,0.0,True,ok,4168,4168
2347,67,6.7,19,215708.5926309,215708.6165943,23.498800001107156,23.96339998813346,20.087999990209937,2.1280000219121575,0.0,True,ok,4086,4086
2348,68,6.800000000000001,19,215708.625491,215708.6504294,24.198600003728643,24.93839999078773,20.35119998618029,2.515900006983429,0.0,True,ok,4379,4379
2349,69,6.9,19,215708.6591715,215708.6868915,27.042800007620826,27.719999983673915,21.476199995959178,4.1754999838303775,0.0,True,ok,4282,4282
2350,70,7.0,19,215708.6924909,215708.721129,28.223500004969537,28.6381000187248,24.71739999600686,2.1835000079590827,0.0,True,ok,4247,4247
2351,71,7.1000000000000005,19,215708.7254515,215708.7498615,23.874200007412583,24.409999983618036,20.41040000040084,2.15129999560304,0.0,True,ok,4354,4354
2352,72,7.2,19,215708.759172,215708.7834979,23.871999990660697,24.325900012627244,20.405300019774586,2.13060001260601,0.0,True,ok,4628,4628
2353,73,7.300000000000001,19,215708.7923654,215708.8163852,23.430600005667657,24.01980001013726,20.074600004591048,2.0115999795962125,0.0,True,ok,4287,4287
2354,74,7.4,19,215708.8257311,215708.8503161,24.128999997628853,24.585000006482005,20.685600000433624,2.084500010823831,0.0,True,ok,4455,4455
2355,75,7.5,19,215708.8592509,215708.8835537,23.633900011191145,24.30280001135543,20.082600007299334,2.1665000240318477,0.0,True,ok,4560,4560
2356,76,7.6000000000000005,19,215708.8922488,215708.9167502,24.056099995505065,24.50140001019463,20.535800023935735,2.0478999940678477,0.0,True,ok,4662,4662
2357,77,7.7,19,215708.9259294,215708.954333,27.809299994260073,28.40360000845976,20.695500017609447,5.460699991090223,0.0,True,ok,4381,4381
2358,78,7.800000000000001,19,215708.9589492,215708.9844681,25.0852000026498,25.518900016322732,21.485699980985373,2.12020002072677,0.0,True,ok,4350,4350
2359,79,7.9,19,215708.9926152,215709.017649,24.563899991335347,25.033799989614636,21.106300002429634,2.1578000159934163,0.0,True,ok,4058,4058
2360,80,8.0,19,215709.0256964,215709.0504183,24.123200011672452,24.72190000116825,20.660399983171374,2.1607999806292355,0.0,True,ok,4074,4074
2361,81,8.1,19,215709.0587842,215709.0827927,23.45810001133941,24.008500011404976,20.04329999908805,2.144500002032146,0.0,True,ok,4079,4079
2362,82,8.200000000000001,19,215709.0924597,215709.1173078,24.223900021752343,24.84810000169091,20.78410002286546,2.0995999802835286,0.0,True,ok,4288,4288
2363,83,8.3,19,215709.1258296,215709.1498346,23.29230000032112,24.00499998475425,19.811500009382144,2.158300019800663,0.0,True,ok,4269,4269
2364,84,8.4,19,215709.1592141,215709.1839941,24.192199984099716,24.78000000701286,20.642899995436892,2.1567999792750925,0.0,True,ok,3996,3996
2365,85,8.5,19,215709.1923048,215709.2214348,28.68410001974553,29.13000000989996,24.532000010367483,2.8562000079546124,0.0,True,ok,4318,4318
2366,86,8.6,19,215709.2256857,215709.251298,25.174699985655025,25.61229999992065,21.776999987196177,2.1089999936521053,0.0,True,ok,4410,4410
2367,87,8.700000000000001,19,215709.2590337,215709.2849073,24.864000006346032,25.873600010527298,21.51140000205487,1.9977999909315258,0.0,True,ok,4345,4345
2368,88,8.8,19,215709.2924716,215709.3182682,25.253600004361942,25.796600006287917,20.645799988415092,3.2374000002164394,0.0,True,ok,3995,3995
2369,89,8.9,19,215709.3258468,215709.3511768,24.878700001863763,25.330000004032627,21.382100007031113,2.18239999958314,0.0,True,ok,4114,4114
2370,90,9.0,19,215709.3591114,215709.3836166,23.889900010544807,24.505200010025874,20.59600001666695,2.0266999781597406,0.0,True,ok,4407,4407
2371,91,9.1,19,215709.392206,215709.4162733,23.53240002412349,24.06730002257973,19.982800004072487,2.209800004493445,0.0,True,ok,4504,4504
2372,92,9.200000000000001,19,215709.4255161,215709.4523662,26.395400025648996,26.850100024603307,20.68899999721907,4.3744000140577555,0.0,True,ok,4602,4602
2373,93,9.3,19,215709.4590386,215709.4839659,24.46419998886995,24.927299993578345,20.67559998249635,2.4364999844692647,0.0,True,ok,4719,4719
2374,94,9.4,19,215709.4926324,215709.5184834,25.348199997097254,25.8509999839589,20.9276000095997,3.1036000000312924,0.0,True,ok,4623,4623
2375,95,9.5,19,215709.5254291,215709.5506082,24.49079998768866,25.179099990054965,20.69530001608655,2.4950999941211194,0.0,True,ok,4555,4555
2376,96,9.600000000000001,19,215709.5592459,215709.5848263,24.766100017586723,25.580400018952787,21.138600015547127,2.3551000049337745,0.0,True,ok,4902,4902
2377,97,9.700000000000001,19,215709.5921209,215709.6170884,24.3960999941919,24.967500008642673,20.960900001227856,2.1225000091362745,0.0,True,ok,4793,4793
2378,98,9.8,19,215709.6255404,215709.6513311,25.223900011042133,25.790699990466237,21.920800005318597,2.0192999800201505,0.0,True,ok,4857,4857
2379,99,9.9,19,215709.6590601,215709.6833789,23.809100006474182,24.31879998766817,20.340600021881983,2.0179999992251396,0.0,True,ok,4985,4985
2380,100,10.0,19,215709.6922073,215709.7181516,25.47340001910925,25.94430002500303,21.959800011245534,2.219299989519641,0.0,True,ok,4973,4973
2381,101,10.100000000000001,19,215709.7255561,215709.749491,23.509699996793643,23.934900003951043,20.12930001365021,2.114400005666539,0.0,True,ok,4507,4507
2382,102,10.200000000000001,19,215709.7588362,215709.7829935,23.56030000373721,24.157300009392202,20.02689999062568,2.2631000028923154,0.0,True,ok,4834,4834
2383,103,10.3,19,215709.7925701,215709.8180603,24.90729998680763,25.490200001513585,21.47140001761727,2.128899999661371,0.0,True,ok,4943,4943
2384,104,10.4,19,215709.8259263,215709.8505866,24.02290000463836,24.660299997776747,20.552300004055724,2.1126000210642815,0.0,True,ok,5082,5082
2385,105,10.5,19,215709.8592525,215709.8854839,25.515899993479252,26.231399999232963,21.953799994662404,2.2874999849591404,0.0,True,ok,4986,4986
2386,106,10.600000000000001,19,215709.8927606,215709.9196438,26.373000000603497,26.883200014708564,23.025000002235174,2.107900014379993,0.0,True,ok,5037,5037
2387,107,10.700000000000001,19,215709.9257634,215709.951808,25.617600011173636,26.044600002933294,21.67300001019612,2.4212999851442873,0.0,True,ok,5162,5162
2388,108,10.8,19,215709.9590529,215709.9853926,25.674100004835054,26.339700008975342,22.06700001261197,2.2976000036578625,0.0,True,ok,4884,4884
2389,109,10.9,19,215709.9920777,215710.0162215,23.677199991652742,24.143799993908033,20.29049998964183,2.103600010741502,0.0,True,ok,4890,4890
2390,110,11.0,19,215710.0256771,215710.050222,24.023199977818877,24.544899992179126,20.50230000168085,2.29800000670366,0.0,True,ok,4848,4848
2391,111,11.100000000000001,19,215710.0589646,215710.0853458,25.9354000154417,26.38120000483468,20.495500008109957,3.9812999893911183,0.0,True,ok,5030,5030
2392,112,11.200000000000001,19,215710.0923564,215710.1180407,25.19889999530278,25.684299995191395,21.443999983603135,2.1672000002581626,0.0,True,ok,5114,5114
2393,113,11.3,19,215710.1256334,215710.1496214,23.36609998019412,23.988000000827014,19.45180000620894,2.1715000038966537,0.0,True,ok,5293,5293
2394,114,11.4,19,215710.1591891,215710.1889401,29.06040000380017,29.750999994575977,25.517100002616644,2.2880999895278364,0.0,True,ok,5423,5423
2395,115,11.5,19,215710.1923935,215710.2167318,23.872699995990843,24.33829999063164,20.290899992687628,2.3227999918162823,0.0,True,ok,5340,5340
2396,116,11.600000000000001,19,215710.2254493,215710.2493789,23.240699985763058,23.92959999269806,19.72170002409257,2.2585999977309257,0.0,True,ok,5279,5279
2397,117,11.700000000000001,19,215710.2592354,215710.2864345,26.771900011226535,27.19910000450909,23.13669997965917,2.354900003410876,0.0,True,ok,5498,5498
2398,118,11.8,19,215710.2922563,215710.3174628,24.760200001765043,25.2065000240691,21.217800007434562,2.2313000226859003,0.0,True,ok,5517,5517
2399,119,11.9,19,215710.3258923,215710.354512,27.996999997412786,28.619699995033443,23.382100014714524,3.1159000063780695,0.0,True,ok,5266,5266
2400,0,0.0,20,215710.3613622,215710.3885634,26.734399987617508,27.201199991395697,22.329900006297976,3.1454999989364296,0.0,True,ok,4708,4708
2401,1,0.1,20,215710.3924924,215710.4178177,24.856100004399195,25.32530002645217,21.31609999923967,2.041500003542751,0.0,True,ok,4681,4681
2402,2,0.2,20,215710.4257933,215710.4499027,23.55620000162162,24.109399993903935,20.08010001736693,2.198799978941679,0.0,True,ok,4360,4360
2403,3,0.30000000000000004,20,215710.4590923,215710.4836184,23.88200000859797,24.526099994545802,20.269200002076104,2.3357000027317554,0.0,True,ok,4532,4532
2404,4,0.4,20,215710.4922141,215710.5161307,23.323100002016872,23.916600010124967,19.924299995182082,2.1345000131987035,0.0,True,ok,4533,4533
2405,5,0.5,20,215710.525845,215710.552499,25.68810002412647,26.65400001569651,21.521499991649762,2.744500001426786,0.0,True,ok,4334,4334
2406,6,0.6000000000000001,20,215710.5588827,215710.5888043,29.318999993847683,29.921600013040006,24.688899982720613,3.3656000159680843,0.0,True,ok,4462,4462
2407,7,0.7000000000000001,20,215710.5922654,215710.6221862,29.39479998894967,29.92080000694841,24.84339999500662,3.2221000001300126,0.0,True,ok,4479,4479
2408,8,0.8,20,215710.6259,215710.6518122,25.325800001155585,25.912199984304607,21.089999994728714,2.92470000567846,0.0,True,ok,4534,4534
2409,9,0.9,20,215710.6592159,215710.6843044,24.50999998836778,25.088499998673797,21.212799998465925,2.0318999886512756,0.0,True,ok,4491,4491
2410,10,1.0,20,215710.692629,215710.721592,28.50609997403808,28.962999989744276,24.671999999554828,2.521799993701279,0.0,True,ok,4600,4600
2411,11,1.1,20,215710.72598,215710.7497935,23.19330000318587,23.813500010874122,19.762799987802282,2.1428999898489565,0.0,True,ok,4781,4781
2412,12,1.2000000000000002,20,215710.7590607,215710.7836246,24.121099995682016,24.563900020439178,20.54689999204129,2.2687999880872667,0.0,True,ok,5044,5044
2413,13,1.3,20,215710.7924486,215710.8227538,29.65849998872727,30.305199994472787,25.294499995652586,2.942899998743087,0.0,True,ok,4620,4620
2414,14,1.4000000000000001,20,215710.8257537,215710.852186,25.6775000016205,26.432300015585497,22.028899984434247,2.3255000123754144,0.0,True,ok,4785,4785
2415,15,1.5,20,215710.8591598,215710.8849587,25.333399971714243,25.798899994697422,21.07709998381324,2.0933999912813306,0.0,True,ok,5045,5045
2416,16,1.6,20,215710.892609,215710.9166423,23.52789998985827,24.0332999965176,19.821199995931238,2.3489000159315765,0.0,True,ok,5382,5382
2417,17,1.7000000000000002,20,215710.9256286,215710.9530513,26.96990000549704,27.422699989983812,23.58729997649789,2.0466999849304557,0.0,True,ok,5312,5312
2418,18,1.8,20,215710.9592282,215710.9830768,23.359700018772855,23.848600016208366,19.92190000601113,2.1139999735169113,0.0,True,ok,5363,5363
2419,19,1.9000000000000001,20,215710.9927146,215711.0176453,24.331799999345094,24.93069999036379,20.586500002536923,2.3896000056993216,0.0,True,ok,5455,5455
2420,20,2.0,20,215711.0256443,215711.0503579,24.227899994002655,24.713599996175617,20.326800004113466,2.3929000017233193,0.0,True,ok,5508,5508
2421,21,2.1,20,215711.0591156,215711.0829465,23.312800010899082,23.830900026950985,19.814700004644692,2.142600016668439,0.0,True,ok,5300,5300
2422,22,2.2,20,215711.0926116,215711.1188044,25.032400008058175,26.192799996351823,19.874800025718287,3.778799989959225,0.0,True,ok,5384,5384
2423,23,2.3000000000000003,20,215711.1257116,215711.1527892,26.53569998801686,27.07759998156689,22.859100019559264,2.29800000670366,0.0,True,ok,5355,5355
2424,24,2.4000000000000004,20,215711.1590211,215711.1857246,26.07040002476424,26.703500014264137,21.677699987776577,3.022400022018701,0.0,True,ok,5072,5072
2425,25,2.5,20,215711.1924092,215711.2176095,24.749499978497624,25.20029997685924,20.61209999374114,2.791200007777661,0.0,True,ok,4851,4851
2426,26,2.6,20,215711.2257783,215711.2498556,23.633900011191145,24.077300011413172,20.18980000866577,2.126600011251867,0.0,True,ok,4933,4933
2427,27,2.7,20,215711.2588568,215711.2829123,23.39729998493567,24.05549999093637,19.842099980451167,2.2424999915529042,0.0,True,ok,4889,4889
2428,28,2.8000000000000003,20,215711.2922906,215711.3193313,26.540899998508394,27.04070002073422,22.358100017299876,2.901100000599399,0.0,True,ok,4508,4508
2429,29,2.9000000000000004,20,215711.3256398,215711.356001,29.933800018625334,30.36120001343079,26.534900011029094,2.127699990523979,0.0,True,ok,4516,4516
2430,30,3.0,20,215711.3590484,215711.3854984,25.985399988712743,26.450000004842877,22.628200007602572,2.1228000114206225,0.0,True,ok,4326,4326
2431,31,3.1,20,215711.3920979,215711.4211028,28.560200007632375,29.004899988649413,24.500400002580136,2.8128999983891845,0.0,True,ok,4407,4407
2432,32,3.2,20,215711.4261023,215711.4523642,25.51159998984076,26.261899998644367,22.21070000086911,2.0785999950021505,0.0,True,ok,4113,4113
2433,33,3.3000000000000003,20,215711.4589202,215711.4836595,24.08780000405386,24.739299988141283,20.76159999705851,2.1129999950062484,0.0,True,ok,4211,4211
2434,34,3.4000000000000004,20,215711.4923667,215711.5168214,23.789200000464916,24.454700003843755,20.078100002137944,2.441199991153553,0.0,True,ok,4198,4198
2435,35,3.5,20,215711.5258777,215711.5510058,24.593799986178055,25.1280999800656,21.04039999539964,2.303699991898611,0.0,True,ok,4125,4125
2436,36,3.6,20,215711.5588747,215711.5863664,27.014699997380376,27.491700020618737,23.513899999670684,2.1594999998342246,0.0,True,ok,4267,4267
2437,37,3.7,20,215711.5924482,215711.6170781,24.034900008700788,24.629899999126792,20.421399996848777,2.2757999831810594,0.0,True,ok,3805,3805
2438,38,3.8000000000000003,20,215711.62599,215711.653058,26.6078999848105,27.067999995779246,23.030299984384328,2.308199997060001,0.0,True,ok,3921,3921
2439,39,3.9000000000000004,20,215711.6588258,215711.6837698,24.356900015845895,24.944000004325062,20.72770000086166,2.2767999907955527,0.0,True,ok,3864,3864
2440,40,4.0,20,215711.692347,215711.7163425,23.34690000861883,23.995499999728054,20.03730001160875,2.0788999972864985,0.0,True,ok,3828,3828
2441,41,4.1000000000000005,20,215711.7256508,215711.7500593,23.808300000382587,24.408499972196296,20.199499995214865,2.376400021603331,0.0,True,ok,3659,3659
2442,42,4.2,20,215711.7589935,215711.7833144,23.852999991504475,24.320900003658608,20.22359997499734,2.35130000510253,0.0,True,ok,3989,3989
2443,43,4.3,20,215711.7925277,215711.817079,24.106900003971532,24.551300011808053,20.45969999744557,2.363300009164959,0.0,True,ok,4294,4294
2444,44,4.4,20,215711.8256557,215711.8497586,23.51430000271648,24.10290000261739,19.78810000582598,2.3898000072222203,0.0,True,ok,4623,4623
2445,45,4.5,20,215711.859094,215711.8862302,26.144100003875792,27.136199991218746,22.35610000207089,2.512200007913634,0.0,True,ok,4708,4708
2446,46,4.6000000000000005,20,215711.8921186,215711.9172226,24.473500001477078,25.104000000283122,21.030799980508164,2.1619000181090087,0.0,True,ok,4834,4834
2447,47,4.7,20,215711.925951,215711.9508956,24.35749999131076,24.944599979789928,20.78700001584366,2.2767999907955527,0.0,True,ok,4677,4677
2448,48,4.800000000000001,20,215711.9588383,215711.9853665,26.071400003274903,26.52820001821965,21.197800000663847,3.2749000238254666,0.0,True,ok,4591,4591
2449,49,4.9,20,215711.9925525,215712.0191862,26.156599982641637,26.633699977537617,22.808699985034764,2.1092999959364533,0.0,True,ok,4442,4442
2450,50,5.0,20,215712.0255427,215712.0551714,29.098400002112612,29.628699994646013,25.430900015635416,2.3592999787069857,0.0,True,ok,4408,4408
2451,51,5.1000000000000005,20,215712.0589621,215712.0830514,23.61810000729747,24.08929998637177,19.61069999379106,2.685900020878762,0.0,True,ok,4418,4418
2452,52,5.2,20,215712.0922837,215712.1206799,27.974700002232566,28.39619998121634,21.42259999527596,5.149200005689636,0.0,True,ok,4600,4600
2453,53,5.300000000000001,20,215712.1256146,215712.1502627,24.21089998097159,24.64809999219142,20.766600006027147,2.123900019796565,0.0,True,ok,4489,4489
2454,54,5.4,20,215712.1592093,215712.1837412,23.94439998897724,24.531899980502203,20.386400021379814,2.2350999934133142,0.0,True,ok,4625,4625
2455,55,5.5,20,215712.1926647,215712.2173612,24.076399975456297,24.696499982383102,20.449799980269745,2.3311999975703657,0.0,True,ok,4379,4379
2456,56,5.6000000000000005,20,215712.2256898,215712.2513928,25.225400022463873,25.7030000211671,21.814800013089553,2.1140000026207417,0.0,True,ok,4212,4212
2457,57,5.7,20,215712.2591854,215712.283033,23.264800023753196,23.847600008593872,19.736899994313717,2.1698999917134643,0.0,True,ok,4229,4229
2458,58,5.800000000000001,20,215712.2925794,215712.3178797,24.677199980942532,25.300299981608987,20.70669998647645,2.617300022393465,0.0,True,ok,4294,4294
2459,59,5.9,20,215712.3258886,215712.3519545,25.502199976472184,26.06589999049902,20.118199987336993,3.8167000166140497,0.0,True,ok,4337,4337
2460,60,6.0,20,215712.3588819,215712.38622,26.659600000130013,27.338099986081943,22.85060001304373,2.5421000027563423,0.0,True,ok,4334,4334
2461,61,6.1000000000000005,20,215712.3921815,215712.4275935,34.89060001447797,35.41199999745004,30.318600009195507,2.546000003349036,0.0,True,ok,4169,4169
2462,62,6.2,20,215712.425996,215712.4611812,33.57470000628382,35.18519998760894,29.49439999065362,2.6991000049747527,0.0,True,ok,4172,4172
2463,63,6.300000000000001,20,215712.45896,215712.4869857,25.793900014832616,28.025700012221932,21.67749998625368,2.609699993627146,0.0,True,ok,4147,4147
2464,64,6.4,20,215712.4923887,215712.5201413,27.170199988177046,27.752599999075755,23.256500018760562,2.61649998719804,0.0,True,ok,4178,4178
2465,65,6.5,20,215712.5257535,215712.5521668,25.92809998895973,26.413299987325445,22.4504999932833,2.1548999939113855,0.0,True,ok,4169,4169
2466,66,6.6000000000000005,20,215712.5590744,215712.5846777,25.12649999698624,25.603300018701702,21.63460000883788,2.1317999926395714,0.0,True,ok,4168,4168
2467,67,6.7,20,215712.5925015,215712.6172318,24.094899999909103,24.730299977818504,20.57530000456609,2.187999984016642,0.0,True,ok,4086,4086
2468,68,6.800000000000001,20,215712.6259705,215712.6518882,25.468299980275333,25.91769999708049,21.777199988719076,2.3535000218544155,0.0,True,ok,4379,4379
2469,69,6.9,20,215712.6589077,215712.685254,25.38420000928454,26.346300001023337,21.70280000427738,2.3154999944381416,0.0,True,ok,4282,4282
2470,70,7.0,20,215712.692305,215712.718639,25.841099995886907,26.33399999467656,22.168800001963973,2.3135000083129853,0.0,True,ok,4247,4247
2471,71,7.1000000000000005,20,215712.7259417,215712.7608171,34.31990000535734,34.87540001515299,29.94780000881292,2.3862000089138746,0.0,True,ok,4354,4354
2472,72,7.2,20,215712.7592746,215712.7855474,24.719600012758747,26.272800023434684,20.389600016642362,2.1594999998342246,0.0,True,ok,4628,4628
2473,73,7.300000000000001,20,215712.7922024,215712.8163282,23.513899999670684,24.125799973262474,19.880900013959035,2.2844999912194908,0.0,True,ok,4287,4287
2474,74,7.4,20,215712.8255315,215712.8506187,24.061600008280948,25.087199988774955,20.61040000990033,2.0917000074405223,0.0,True,ok,4455,4455
2475,75,7.5,20,215712.859044,215712.8868391,27.311400015605614,27.79510000254959,21.513899991987273,4.27440000930801,0.0,True,ok,4560,4560
2476,76,7.6000000000000005,20,215712.8926115,215712.9197138,26.567099994281307,27.102299995021895,22.577399999136105,2.2763999877497554,0.0,True,ok,4662,4662
2477,77,7.7,20,215712.9259375,215712.950998,24.601199984317645,25.060499989194795,21.141700010048226,2.0693999831564724,0.0,True,ok,4381,4381
2478,78,7.800000000000001,20,215712.9592208,215712.9831212,23.45099998638034,23.900400003185496,19.92300001438707,2.1866000024601817,0.0,True,ok,4350,4350
2479,79,7.9,20,215712.9923944,215713.0191274,26.061100012157112,26.733000006061047,20.111899997573346,4.096299991942942,0.0,True,ok,4058,4058
2480,80,8.0,20,215713.025916,215713.0500864,23.65099999587983,24.170399992726743,19.884199980879202,2.0986000017728657,0.0,True,ok,4074,4074
2481,81,8.1,20,215713.05902,215713.0839733,24.448400014080107,24.95330001693219,21.0922000114806,2.028599992627278,0.0,True,ok,4079,4079
2482,82,8.200000000000001,20,215713.0923842,215713.1171928,24.191200005589053,24.808600021060556,20.701400004327297,2.084200008539483,0.0,True,ok,4288,4288
2483,83,8.3,20,215713.1257616,215713.1510699,24.58549998118542,25.308299984317273,20.409099990502,2.8058999741915613,0.0,True,ok,4269,4269
2484,84,8.4,20,215713.1592268,215713.1856234,25.76799999224022,26.396600005682558,21.04739999049343,2.7608000091277063,0.0,True,ok,3996,3996
2485,85,8.5,20,215713.1922908,215713.2177932,24.909300002036616,25.502399977995083,21.127000014530495,2.407299994956702,0.0,True,ok,4318,4318
2486,86,8.6,20,215713.2254837,215713.2533646,27.404099993873388,27.88090001558885,21.164400008274242,4.758499999297783,0.0,True,ok,4410,4410
2487,87,8.700000000000001,20,215713.259113,215713.286645,27.079999999841675,27.531999978236854,23.528999998234212,2.1871000062674284,0.0,True,ok,4345,4345
2488,88,8.8,20,215713.2924594,215713.3176696,24.541699996916577,25.210199994035065,21.076200006064028,2.1124999911990017,0.0,True,ok,3995,3995
2489,89,8.9,20,215713.3258248,215713.3506056,24.20499999425374,24.780799984000623,20.785900007467717,2.0440999942366034,0.0,True,ok,4114,4114
2490,90,9.0,20,215713.3591818,215713.3877409,27.821900002891198,28.559099999256432,23.66429998073727,2.785699995001778,0.0,True,ok,4407,4407
2491,91,9.1,20,215713.3921535,215713.4211936,28.403200005413964,29.040099994745106,21.907700021984056,4.459399991901591,0.0,True,ok,4504,4504
2492,92,9.200000000000001,20,215713.4258896,215713.4519704,25.62579998630099,26.08079998753965,21.595500002149493,2.2678999812342227,0.0,True,ok,4602,4602
2493,93,9.3,20,215713.4587855,215713.4831671,23.7720999866724,24.381600000197068,19.919099984690547,2.3327000089921057,0.0,True,ok,4719,4719
2494,94,9.4,20,215713.4920591,215713.5161775,23.59289999003522,24.118399975122884,19.852400000672787,2.3160000273492187,0.0,True,ok,4623,4623
2495,95,9.5,20,215713.5258742,215713.5512289,24.725399998715147,25.35470001748763,20.359799993457273,2.834999992046505,0.0,True,ok,4555,4555
2496,96,9.600000000000001,20,215713.5592684,215713.5844762,24.626700003864244,25.20780000486411,20.9084999805782,2.3499999952036887,0.0,True,ok,4902,4902
2497,97,9.700000000000001,20,215713.5925921,215713.6180568,25.011800025822595,25.464700011070818,21.44630000111647,2.2142999805510044,0.0,True,ok,4793,4793
2498,98,9.8,20,215713.6257582,215713.6503022,24.075099994661286,24.54399998532608,20.315500005381182,2.293099998496473,0.0,True,ok,4857,4857
2499,99,9.9,20,215713.659078,215713.6883519,28.527699992991984,29.273899999679998,22.316799993859604,3.5404999798629433,0.0,True,ok,4985,4985
2500,100,10.0,20,215713.6922057,215713.72584,33.07340000174008,33.63429999444634,27.656599995680153,3.6487999896053225,0.0,True,ok,4973,4973
2501,101,10.100000000000001,20,215713.7256319,215713.7536892,27.452100010123104,28.05730002000928,23.91010001883842,2.1194000146351755,0.0,True,ok,4507,4507
2502,102,10.200000000000001,20,215713.7592716,215713.7835775,23.75429999665357,24.30590000585653,19.909199996618554,2.2709000040777028,0.0,True,ok,4834,4834
2503,103,10.3,20,215713.7921464,215713.8200653,27.395900018746033,27.918900013901293,23.07920000748709,2.6790999982040375,0.0,True,ok,4943,4943
2504,104,10.4,20,215713.8257711,215713.8543391,27.70010000676848,28.568000008817762,24.246799992397428,1.9890000112354755,0.0,True,ok,5082,5082
2505,105,10.5,20,215713.8591105,215713.8855543,25.968600006308407,26.44380001584068,22.16309998766519,2.3643000167794526,0.0,True,ok,4986,4986
2506,106,10.600000000000001,20,215713.8922066,215713.9162999,23.491200001444668,24.093300016829744,20.071000006282702,1.9890999828930944,0.0,True,ok,5037,5037
2507,107,10.700000000000001,20,215713.9254914,215713.9522094,26.220800005830824,26.71800000825897,21.23119999305345,3.187700000125915,0.0,True,ok,5162,5162
2508,108,10.8,20,215713.9590027,215713.9844347,24.829799978761002,25.431999994907528,21.062799991341308,2.349400019738823,0.0,True,ok,4884,4884
2509,109,10.9,20,215713.9923357,215714.0167906,23.87599999201484,24.454900005366653,20.224399981088936,2.1542000176850706,0.0,True,ok,4890,4890
2510,110,11.0,20,215714.025649,215714.0501463,23.92939999117516,24.497300008079037,20.148900017375126,2.3876999912317842,0.0,True,ok,4848,4848
2511,111,11.100000000000001,20,215714.0592004,215714.0902216,30.437399982474744,31.021200004033744,26.875999988988042,2.185499994084239,0.0,True,ok,5030,5030
2512,112,11.200000000000001,20,215714.0922382,215714.1175961,24.89369999966584,25.357899983646348,21.426599996630102,2.024800021899864,0.0,True,ok,5114,5114
2513,113,11.3,20,215714.1258551,215714.1591499,32.39959999336861,33.29479999956675,28.13550000428222,2.522599999792874,0.0,True,ok,5293,5293
2514,114,11.4,20,215714.1587129,215714.1836864,24.479900021106005,24.973499996121973,20.569799991790205,2.3802000214345753,0.0,True,ok,5423,5423
2515,115,11.5,20,215714.1926044,215714.2209514,27.63629998662509,28.346999984933063,23.10859999852255,2.74239998543635,0.0,True,ok,5340,5340
2516,116,11.600000000000001,20,215714.2256038,215714.2508804,24.669400008860976,25.276600004872307,20.87440001196228,2.228800003649667,0.0,True,ok,5279,5279
2517,117,11.700000000000001,20,215714.2587953,215714.2858864,26.63040001061745,27.09109999705106,21.465999976499006,2.9267999925650656,0.0,True,ok,5498,5498
2518,118,11.8,20,215714.2924784,215714.3176606,24.747599993133917,25.182200013659894,20.841399993514642,2.210000006016344,0.0,True,ok,5517,5517
2519,119,11.9,20,215714.3256602,215714.3504163,24.28499999223277,24.75609999964945,20.457299979170784,2.329700015252456,0.0,True,ok,5266,5266
2520,0,0.0,21,215714.3618215,215714.3864464,23.985099978744984,24.624899990158156,20.31000002170913,2.2683999850414693,0.0,True,ok,4708,4708
2521,1,0.1,21,215714.3921937,215714.4180432,25.173300004098564,25.84950000164099,21.56470000045374,2.153899986296892,0.0,True,ok,4681,4681
2522,2,0.2,21,215714.4259017,215714.4529349,26.477200008230284,27.03320002183318,22.76490000076592,2.1015000238548964,0.0,True,ok,4360,4360
2523,3,0.30000000000000004,21,215714.4592097,215714.4876361,27.7817000169307,28.426400007447228,24.181799992220476,2.196599991293624,0.0,True,ok,4532,4532
2524,4,0.4,21,215714.4925544,215714.5198997,26.89269999973476,27.345300011802465,23.49219997995533,1.984699978493154,0.0,True,ok,4533,4533
2525,5,0.5,21,215714.5259424,215714.5528874,26.46439999807626,26.944999990519136,22.775799996452406,2.2947000106796622,0.0,True,ok,4334,4334
2526,6,0.6000000000000001,21,215714.5588116,215714.5843316,25.04509998834692,25.519999995594844,21.452899993164465,2.1855999948456883,0.0,True,ok,4462,4462
2527,7,0.7000000000000001,21,215714.5923469,215714.6176131,24.838500015903264,25.266200012993068,21.245900017675012,2.1738999930676073,0.0,True,ok,4479,4479
2528,8,0.8,21,215714.625775,215714.6529353,26.68969999649562,27.160300000105053,23.06390000740066,2.11569998646155,0.0,True,ok,4534,4534
2529,9,0.9,21,215714.6592631,215714.6858559,25.903300003847107,26.592799986246973,22.16329998918809,2.156800008378923,0.0,True,ok,4491,4491
2530,10,1.0,21,215714.6920743,215714.7177161,25.02280002227053,25.641800020821393,21.084000007249415,2.34100001398474,0.0,True,ok,4600,4600
2531,11,1.1,21,215714.725562,215714.752525,26.389999984530732,26.962999982060865,22.575499984668568,2.1186999802011997,0.0,True,ok,4781,4781
2532,12,1.2000000000000002,21,215714.7588022,215714.7847729,25.331299984827638,25.970699993195012,21.556699997745454,2.1995999850332737,0.0,True,ok,5044,5044
2533,13,1.3,21,215714.7923679,215714.8183353,25.32779998728074,25.967399997171015,21.41059999121353,2.3819999769330025,0.0,True,ok,4620,4620
2534,14,1.4000000000000001,21,215714.8258468,215714.8508663,24.4269999966491,25.019499997142702,20.554799993988127,2.211099985288456,0.0,True,ok,4785,4785
2535,15,1.5,21,215714.8589839,215714.883557,23.962999985087663,24.573100003181025,20.33650001976639,2.1272999874781817,0.0,True,ok,5045,5045
2536,16,1.6,21,215714.8920679,215714.9246779,32.14210001169704,32.61000002385117,28.247400012332946,2.316500002052635,0.0,True,ok,5382,5382
2537,17,1.7000000000000002,21,215714.9260036,215714.9528851,26.262500003213063,26.881500001763925,21.871900011319667,2.8703999996650964,0.0,True,ok,5312,5312
2538,18,1.8,21,215714.9591801,215714.9828711,23.17519998177886,23.69099998031743,19.48630000697449,2.0237999851815403,0.0,True,ok,5363,5363
2539,19,1.9000000000000001,21,215714.9924543,215715.0187009,25.226600002497435,26.24659999855794,21.063399995910004,2.549400000134483,0.0,True,ok,5455,5455
2540,20,2.0,21,215715.0258274,215715.0566903,29.66890000971034,30.862899991916493,25.568700017174706,2.5295999948866665,0.0,True,ok,5508,5508
2541,21,2.1,21,215715.0588382,215715.0841396,24.836500000674278,25.30139998998493,21.014700003433973,2.134700014721602,0.0,True,ok,5300,5300
2542,22,2.2,21,215715.0921686,215715.1219128,29.260700015584007,29.744200001005083,24.866499996278435,2.817700005834922,0.0,True,ok,5384,5384
2543,23,2.3000000000000003,21,215715.1257253,215715.151313,25.07190001779236,25.587700016330928,21.113499999046326,2.360500016948208,0.0,True,ok,5355,5355
2544,24,2.4000000000000004,21,215715.1592095,215715.184127,24.4300999911502,24.91749997716397,20.756800018716604,2.1983000042382628,0.0,True,ok,5072,5072
2545,25,2.5,21,215715.1922021,215715.2222737,28.932299988809973,30.071599991060793,24.216099991463125,2.551500016124919,0.0,True,ok,4851,4851
2546,26,2.6,21,215715.2258637,215715.2505237,24.060199997620657,24.6599999954924,19.431499997153878,3.1267000013031065,0.0,True,ok,4933,4933
2547,27,2.7,21,215715.258987,215715.2845808,24.967100005596876,25.593800004571676,21.394999988842756,2.1197999885771424,0.0,True,ok,4889,4889
2548,28,2.8000000000000003,21,215715.2922945,215715.3172229,24.322699988260865,24.928400001954287,20.24300000630319,2.416800009086728,0.0,True,ok,4508,4508
2549,29,2.9000000000000004,21,215715.3257994,215715.3498923,23.493199987569824,24.092900013783947,19.903400010662153,2.152899978682399,0.0,True,ok,4516,4516
2550,30,3.0,21,215715.359146,215715.3837393,23.949700000230223,24.59330001147464,20.433800003957003,2.1086999913677573,0.0,True,ok,4326,4326
2551,31,3.1,21,215715.3925563,215715.4167025,23.53499998571351,24.146199983078986,19.98529999400489,2.135699993232265,0.0,True,ok,4407,4407
2552,32,3.2,21,215715.4259151,215715.4513968,25.045999995199963,25.481699994998053,20.93500000773929,2.539599983720109,0.0,True,ok,4113,4113
2553,33,3.3000000000000003,21,215715.4591827,215715.4845231,24.692100007086992,25.340399995911866,21.123499987879768,2.1407000022009015,0.0,True,ok,4211,4211
2554,34,3.4000000000000004,21,215715.4926083,215715.517544,24.090599996270612,24.935699999332428,20.547699998132885,2.1940000005997717,0.0,True,ok,4198,4198
2555,35,3.5,21,215715.5255595,215715.5506362,24.38580000307411,25.076699996134266,20.810999994864687,2.1955999836791307,0.0,True,ok,4125,4125
2556,36,3.6,21,215715.5588575,215715.5840544,24.752600002102554,25.196900009177625,21.19280002079904,2.240999980131164,0.0,True,ok,4267,4267
2557,37,3.7,21,215715.5922103,215715.6188898,26.07480000006035,26.67950000613928,22.624399978667498,2.1283999958541244,0.0,True,ok,3805,3805
2558,38,3.8000000000000003,21,215715.6257296,215715.649903,23.562900023534894,24.173400015570223,19.869400013703853,2.3539999965578318,0.0,True,ok,3921,3921
2559,39,3.9000000000000004,21,215715.6590776,215715.6831261,23.547599994344637,24.048499995842576,19.784600008279085,2.354900003410876,33.34799999720417,True,ok,3864,3864
2560,40,4.0,21,215715.6923886,215715.7168722,23.953800002345815,24.48359999107197,20.211700000800192,2.3450999869965017,0.0,True,ok,3828,3828
2561,41,4.1000000000000005,21,215715.7258393,215715.7500239,23.552300001028925,24.184600013541058,20.00330001465045,2.2031999833416194,0.0,True,ok,3659,3659
2562,42,4.2,21,215715.7588632,215715.7838854,24.048999999649823,25.022199988598004,20.426200004294515,2.3196999973151833,0.0,True,ok,3989,3989
2563,43,4.3,21,215715.7923689,215715.8171754,24.246100016171113,24.80650000507012,19.603700027801096,3.283099998952821,0.0,True,ok,4294,4294
2564,44,4.4,21,215715.8260639,215715.8505995,24.01540000573732,24.53560000867583,20.062800002051517,2.5599999935366213,0.0,True,ok,4623,4623
2565,45,4.5,21,215715.8590522,215715.8853713,25.83790000062436,26.31910002673976,21.979199984343722,2.442099998006597,0.0,True,ok,4708,4708
2566,46,4.6000000000000005,21,215715.8925769,215715.9168923,23.728700005449355,24.315400019986555,19.96879998478107,2.12309998460114,0.0,True,ok,4834,4834
2567,47,4.7,21,215715.9256383,215715.9511059,24.808799993479624,25.467600004049018,20.907300000544637,2.277100022183731,0.0,True,ok,4677,4677
2568,48,4.800000000000001,21,215715.9590222,215715.9836816,24.189699994167313,24.659399990923703,20.64940001582727,2.1847000170964748,0.0,True,ok,4591,4591
2569,49,4.9,21,215715.9923188,215716.0170469,24.069200007943437,24.72809999017045,20.672399987233803,2.003900008276105,0.0,True,ok,4442,4442
2570,50,5.0,21,215716.0258235,215716.0509167,24.48970000841655,25.093200005358085,20.77050000661984,2.3104000138118863,0.0,True,ok,4408,4408
2571,51,5.1000000000000005,21,215716.0591812,215716.0852184,25.368800008436665,26.037200004793704,20.92779998201877,2.2829999797977507,0.0,True,ok,4418,4418
2572,52,5.2,21,215716.0925408,215716.1178624,24.876499985111877,25.321599998278543,21.42860001185909,2.1095999982208014,0.0,True,ok,4600,4600
2573,53,5.300000000000001,21,215716.125543,215716.1502679,24.24339999561198,24.7248999949079,20.805400010431185,2.0986000017728657,0.0,True,ok,4489,4489
2574,54,5.4,21,215716.1591324,215716.1855647,25.801299983868375,26.432299986481667,20.561299985274673,3.7293999921530485,0.0,True,ok,4625,4625
2575,55,5.5,21,215716.1924945,215716.2184302,25.35480001824908,25.93570001772605,21.703000005800277,2.3006000265013427,0.0,True,ok,4379,4379
2576,56,5.6000000000000005,21,215716.2255894,215716.2532668,27.04389998689294,27.677399979438633,21.408200002042577,2.3385999957099557,0.0,True,ok,4212,4212
2577,57,5.7,21,215716.2589361,215716.2848753,25.51500001573004,25.939200015272945,21.39149999129586,2.811700018355623,0.0,True,ok,4229,4229
2578,58,5.800000000000001,21,215716.2925072,215716.3183023,25.249099999200553,25.795099994866177,21.543300012126565,2.302900014910847,0.0,True,ok,4294,4294
2579,59,5.9,21,215716.3259297,215716.3524079,25.988400011556223,26.478200015844777,22.22129999427125,2.337799989618361,0.0,True,ok,4337,4337
2580,60,6.0,21,215716.359056,215716.3832736,23.21220000158064,24.217600002884865,19.638099998701364,2.231399994343519,0.0,True,ok,4334,4334
2581,61,6.1000000000000005,21,215716.3921816,215716.4184817,25.82860001712106,26.30009999847971,22.204200009582564,2.280400018207729,0.0,True,ok,4169,4169
2582,62,6.2,21,215716.425959,215716.4506741,24.058699986198917,24.715100007597357,20.654299994930625,2.051500021480024,0.0,True,ok,4172,4172
2583,63,6.300000000000001,21,215716.4591359,215716.4833856,23.672100011026487,24.24970001447946,20.042299991473556,2.285800001118332,0.0,True,ok,4147,4147
2584,64,6.4,21,215716.4924845,215716.5173701,24.413199978880584,24.885599996196106,20.557699986966327,2.3056000063661486,0.0,True,ok,4178,4178
2585,65,6.5,21,215716.5255354,215716.5518988,25.873700011288747,26.363400014815852,22.472399985417724,2.0329000253695995,0.0,True,ok,4169,4169
2586,66,6.6000000000000005,21,215716.5591186,215716.5850664,25.112600007560104,25.947799993446097,21.45820000441745,2.316599973710254,0.0,True,ok,4168,4168
2587,67,6.7,21,215716.5925455,215716.6173542,24.34889998403378,24.808699992718175,20.907800004351884,2.07570000202395,0.0,True,ok,4086,4086
2588,68,6.800000000000001,21,215716.6256474,215716.6513544,25.028100004419684,25.706999993417412,20.870900014415383,2.6615000097081065,0.0,True,ok,4379,4379
2589,69,6.9,21,215716.6588938,215716.6831422,23.525800002971664,24.248400004580617,20.006400009151548,2.1305000118445605,0.0,True,ok,4282,4282
2590,70,7.0,21,215716.6922307,215716.7174212,24.70560002257116,25.19050001865253,21.13639999879524,2.1906000038143247,0.0,True,ok,4247,4247
2591,71,7.1000000000000005,21,215716.7257956,215716.7507679,24.325500009581447,24.97229998698458,20.756200014147907,2.0725999784190208,0.0,True,ok,4354,4354
2592,72,7.2,21,215716.758897,215716.7827098,23.33369999541901,23.812800005543977,19.735399982891977,2.149899984942749,0.0,True,ok,4628,4628
2593,73,7.300000000000001,21,215716.792268,215716.8175584,24.664600001415238,25.290400022640824,21.18849998805672,2.126600011251867,0.0,True,ok,4287,4287
2594,74,7.4,21,215716.8258257,215716.8550618,28.62749999621883,29.236099973786622,25.260499998694286,1.9870999967679381,0.0,True,ok,4455,4455
2595,75,7.5,21,215716.8589414,215716.8862298,26.68650000123307,27.28840001509525,23.07029999792576,2.233599981991574,0.0,True,ok,4560,4560
2596,76,7.6000000000000005,21,215716.8927217,215716.9173818,23.599900014232844,24.66010002535768,20.033099979627877,2.1826999727636576,0.0,True,ok,4662,4662
2597,77,7.7,21,215716.9258676,215716.951739,24.739400018006563,25.871400022879243,21.148900006664917,2.218300011008978,0.0,True,ok,4381,4381
2598,78,7.800000000000001,21,215716.9588774,215716.9840916,24.72230000421405,25.214199995389208,21.31300000473857,2.039800019701943,0.0,True,ok,4350,4350
2599,79,7.9,21,215716.9923478,215717.0166193,23.634100012714043,24.27150000585243,20.10240001254715,2.1795000066049397,0.0,True,ok,4058,4058
2600,80,8.0,21,215717.0256528,215717.0504157,24.150600016582757,24.762900022324175,20.380100002512336,2.4139999877661467,0.0,True,ok,4074,4074
2601,81,8.1,21,215717.0591667,215717.0853287,25.665099994512275,26.16199999465607,20.93940001213923,3.434499987633899,0.0,True,ok,4079,4079
2602,82,8.200000000000001,21,215717.0923099,215717.1173606,24.514200020348653,25.050700001884252,20.882200013147667,2.0933999912813306,0.0,True,ok,4288,4288
2603,83,8.3,21,215717.1260039,215717.1524763,24.738899985095486,26.472400000784546,21.301999979186803,2.0970999903511256,0.0,True,ok,4269,4269
2604,84,8.4,21,215717.1588999,215717.1836439,24.291900015668944,24.74399999482557,20.868899999186397,2.128100022673607,0.0,True,ok,3996,3996
2605,85,8.5,21,215717.1925356,215717.2172174,23.657899990212172,24.68179998686537,20.01650002785027,2.319899998838082,33.63570000510663,True,ok,4318,4318
2606,86,8.6,21,215717.225411,215717.2505354,24.716499989153817,25.124400010099635,21.11739999963902,2.1130999957676977,0.0,True,ok,4410,4410
2607,87,8.700000000000001,21,215717.259212,215717.2873091,27.608700009295717,28.09710000292398,24.203800014220178,2.0388000120874494,0.0,True,ok,4345,4345
2608,88,8.8,21,215717.2922265,215717.3174379,24.711100006243214,25.211400003172457,21.40019999933429,1.9955000025220215,0.0,True,ok,3995,3995
2609,89,8.9,21,215717.3258426,215717.3508551,24.55460000783205,25.01250000204891,21.086599997943267,2.151900000171736,0.0,True,ok,4114,4114
2610,90,9.0,21,215717.3588149,215717.3863629,26.881800004048273,27.547999983653426,21.857699990505353,3.6958999990019947,0.0,True,ok,4407,4407
2611,91,9.1,21,215717.3921251,215717.4166171,23.929800023324788,24.491999996826053,20.24289997643791,2.3013000027276576,0.0,True,ok,4504,4504
2612,92,9.200000000000001,21,215717.425731,215717.4499401,23.533100000349805,24.209099996369332,19.975500006694347,2.203800017014146,0.0,True,ok,4602,4602
2613,93,9.3,21,215717.4588559,215717.483991,24.5324999850709,25.13509997515939,20.366799988551065,2.3388999979943037,0.0,True,ok,4719,4719
2614,94,9.4,21,215717.4922102,215717.5189655,26.287799992132932,26.755300001241267,21.04319998761639,3.897499991580844,0.0,True,ok,4623,4623
2615,95,9.5,21,215717.5257413,215717.5523166,25.988499983213842,26.57529999851249,22.081500006606802,2.5499000039417297,0.0,True,ok,4555,4555
2616,96,9.600000000000001,21,215717.5589562,215717.5848216,25.40959999896586,25.865400006296113,21.457800001371652,2.5033999991137534,0.0,True,ok,4902,4902
2617,97,9.700000000000001,21,215717.592225,215717.6219802,29.30289998766966,29.75519999745302,25.906499999109656,2.0582000142894685,0.0,True,ok,4793,4793
2618,98,9.8,21,215717.6260052,215717.6520896,25.130299996817484,26.084399985847995,21.67729998473078,2.074399992125109,0.0,True,ok,4857,4857
2619,99,9.9,21,215717.6589515,215717.6840414,24.435500003164634,25.089900009334087,21.053100004792213,2.0468999864533544,0.0,True,ok,4985,4985
2620,100,10.0,21,215717.6926086,215717.7179194,24.841299979016185,25.310800003353506,21.464499994181097,2.079600002616644,0.0,True,ok,4973,4973
2621,101,10.100000000000001,21,215717.7256373,215717.7513453,25.140899990219623,25.708000001031905,21.516699984204024,2.0426999835763127,0.0,True,ok,4507,4507
2622,102,10.200000000000001,21,215717.7591189,215717.7848691,25.287399999797344,25.75020000222139,21.557000000029802,2.386399981332943,0.0,True,ok,4834,4834
2623,103,10.3,21,215717.7921016,215717.8170234,24.32340002269484,24.921800009906292,20.928100013406947,2.065500011667609,0.0,True,ok,4943,4943
2624,104,10.4,21,215717.8257432,215717.8499083,23.677999997744337,24.16510001057759,20.190599985653535,2.1699999924749136,0.0,True,ok,5082,5082
2625,105,10.5,21,215717.8591664,215717.8893881,29.55080001265742,30.22169999894686,26.079500006744638,2.196700021158904,0.0,True,ok,4986,4986
2626,106,10.600000000000001,21,215717.8925174,215717.9171233,23.982299986528233,24.605899991001934,20.662800001446158,2.0101999980397522,0.0,True,ok,5037,5037
2627,107,10.700000000000001,21,215717.9257525,215717.9514744,25.112100003752857,25.72189999045804,20.878300012554973,2.8049999964423478,0.0,True,ok,5162,5162
2628,108,10.8,21,215717.9590716,215717.9848663,25.1873999950476,25.79469999182038,20.815899973968044,3.086599987000227,0.0,True,ok,4884,4884
2629,109,10.9,21,215717.9923758,215718.0181619,25.327599985757843,25.786099984543398,21.978900011163205,2.0500999817159027,0.0,True,ok,4890,4890
2630,110,11.0,21,215718.0258953,215718.0509728,24.459100008243695,25.07750000222586,20.90390000375919,2.290300006279722,0.0,True,ok,4848,4848
2631,111,11.100000000000001,21,215718.0592549,215718.0837419,23.898699990240857,24.486999987857416,20.501599996350706,2.1173999994061887,0.0,True,ok,5030,5030
2632,112,11.200000000000001,21,215718.0925041,215718.1168148,23.613200028194115,24.310700013302267,20.211499999277294,2.083300001686439,0.0,True,ok,5114,5114
2633,113,11.3,21,215718.1256713,215718.1529568,26.269200025126338,27.28550002211705,19.98110002023168,3.2500999805051833,0.0,True,ok,5293,5293
2634,114,11.4,21,215718.1589303,215718.1835241,23.386499990010634,24.593799986178055,19.74810002138838,2.315599995199591,0.0,True,ok,5423,5423
2635,115,11.5,21,215718.1924008,215718.2181361,25.080999999772757,25.73530000518076,20.58370001032017,3.0617000011261553,0.0,True,ok,5340,5340
2636,116,11.600000000000001,21,215718.2255889,215718.2503917,24.235700024291873,24.802800006000325,20.270500011974946,2.288700023200363,0.0,True,ok,5279,5279
2637,117,11.700000000000001,21,215718.2591406,215718.2844184,24.692000006325543,25.27779998490587,21.11420000437647,2.2093000006861985,0.0,True,ok,5498,5498
2638,118,11.8,21,215718.29223,215718.3171438,24.3276999972295,24.913800007198006,20.679100009147078,2.3206000041682273,0.0,True,ok,5517,5517
2639,119,11.9,21,215718.3255757,215718.3498798,23.729899985482916,24.30409999215044,20.18829999724403,2.2597999777644873,0.0,True,ok,5266,5266
2640,0,0.0,22,215718.3617454,215718.3854925,23.20029999827966,23.74710000003688,19.72149999346584,2.2569000138901174,0.0,True,ok,4708,4708
2641,1,0.1,22,215718.3927113,215718.4164424,23.217699985252693,23.73109999462031,19.698599993716925,2.1929999929852784,0.0,True,ok,4681,4681
2642,2,0.2,22,215718.4256217,215718.4492822,23.198499984573573,23.660499980906025,19.84620001167059,2.067900000838563,0.0,True,ok,4360,4360
2643,3,0.30000000000000004,22,215718.4589342,215718.4840659,24.650500010466203,25.131700007477775,20.04740000120364,2.3899999796412885,0.0,True,ok,4532,4532
2644,4,0.4,22,215718.4924939,215718.516895,23.935900011565536,24.401100003160536,20.346500008599833,2.285399998072535,0.0,True,ok,4533,4533
2645,5,0.5,22,215718.525537,215718.5505422,24.534500000299886,25.00520000467077,20.61640002648346,2.502099989214912,0.0,True,ok,4334,4334
2646,6,0.6000000000000001,22,215718.5590348,215718.5843859,24.871200002962723,25.351099990075454,21.422899997560307,2.161899989005178,0.0,True,ok,4462,4462
2647,7,0.7000000000000001,22,215718.5928926,215718.6201877,26.742599991848692,27.295100007904693,23.309599986532703,2.1420999837573618,0.0,True,ok,4479,4479
2648,8,0.8,22,215718.6259502,215718.6509419,24.210400006268173,24.99170001829043,20.775999990291893,2.116299991030246,0.0,True,ok,4534,4534
2649,9,0.9,22,215718.6589564,215718.6848351,24.62260000174865,25.878699991153553,21.15579997189343,2.163900004234165,0.0,True,ok,4491,4491
2650,10,1.0,22,215718.6923029,215718.7170204,24.22430002479814,24.71750002587214,20.676100015407428,2.2410000092349946,0.0,True,ok,4600,4600
2651,11,1.1,22,215718.725442,215718.7556912,29.80119999847375,30.249200004618615,26.386599987745285,2.1087000204715878,0.0,True,ok,4781,4781
2652,12,1.2000000000000002,22,215718.7588964,215718.7843641,24.98849999392405,25.467700004810467,19.569800002500415,2.914599986979738,0.0,True,ok,5044,5044
2653,13,1.3,22,215718.7921543,215718.8187381,25.977899989811704,26.583800005028024,22.48349998262711,2.191000006860122,0.0,True,ok,4620,4620
2654,14,1.4000000000000001,22,215718.8258311,215718.8500431,23.452000023098662,24.212000018451363,19.78110001073219,2.334399992832914,0.0,True,ok,4785,4785
2655,15,1.5,22,215718.8594708,215718.8850527,24.94410000508651,25.581900001270697,20.1056000078097,3.519000019878149,0.0,True,ok,5045,5045
2656,16,1.6,22,215718.8921732,215718.9172221,24.4700999755878,25.048899988178164,20.735900005092844,2.356299984967336,0.0,True,ok,5382,5382
2657,17,1.7000000000000002,22,215718.9255755,215718.9494738,23.45700000296347,23.89829998719506,19.93350000702776,2.185799996368587,0.0,True,ok,5312,5312
2658,18,1.8,22,215718.9589254,215718.9837279,23.53529998799786,24.802500003715977,19.874999998137355,2.3187999904621392,0.0,True,ok,5363,5363
2659,19,1.9000000000000001,22,215718.9924273,215719.0182279,25.150900008156896,25.80060000764206,21.605400019325316,2.1847999887540936,0.0,True,ok,5455,5455
2660,20,2.0,22,215719.0257652,215719.0514599,25.229299993952736,25.694699987070635,21.533299994189292,2.3273999977391213,0.0,True,ok,5508,5508
2661,21,2.1,22,215719.0589077,215719.0895138,29.893899976741523,30.606099986471236,26.10439999261871,2.3144000151660293,0.0,True,ok,5300,5300
2662,22,2.2,22,215719.0925854,215719.1221418,29.090600000927225,29.55639999709092,24.367400008486584,2.6445999974384904,0.0,True,ok,5384,5384
2663,23,2.3000000000000003,22,215719.1255187,215719.1511785,25.10440000332892,25.65980001236312,21.31129999179393,2.4190999974962324,0.0,True,ok,5355,5355
2664,24,2.4000000000000004,22,215719.1588464,215719.1841588,24.660399998538196,25.312399986432865,20.95259999623522,2.394900016952306,0.0,True,ok,5072,5072
2665,25,2.5,22,215719.1922284,215719.2175061,24.812699994072318,25.27769998414442,20.170000003417954,3.335199988214299,0.0,True,ok,4851,4851
2666,26,2.6,22,215719.2257763,215719.2501504,23.894800018751994,24.37410000129603,20.31600000918843,2.25650001084432,0.0,True,ok,4933,4933
2667,27,2.7,22,215719.2590586,215719.28453,24.221600004239008,25.471400003880262,20.784799999091774,2.1430000197142363,0.0,True,ok,4889,4889
2668,28,2.8000000000000003,22,215719.2924823,215719.3184665,25.43770000920631,25.98420000867918,21.73680000123568,2.280899992911145,0.0,True,ok,4508,4508
2669,29,2.9000000000000004,22,215719.3256982,215719.3549211,28.56949999113567,29.22289998969063,24.53100000275299,2.1254000021144748,0.0,True,ok,4516,4516
2670,30,3.0,22,215719.359085,215719.3838557,24.115200008964166,24.77069999440573,20.840799988945946,2.0336000015959144,0.0,True,ok,4326,4326
2671,31,3.1,22,215719.3923381,215719.4174525,24.523200001567602,25.11439999216236,21.16609999211505,1.9667000160552561,0.0,True,ok,4407,4407
2672,32,3.2,22,215719.425966,215719.4510495,24.602799996500835,25.08349998970516,21.18109998991713,2.176200010580942,0.0,True,ok,4113,4113
2673,33,3.3000000000000003,22,215719.4587954,215719.4832413,23.782400006894022,24.445900024147704,20.070600003236905,2.427900006296113,0.0,True,ok,4211,4211
2674,34,3.4000000000000004,22,215719.4923621,215719.5159618,23.122600017813966,23.599700012709945,19.844999973429367,2.0474999910220504,0.0,True,ok,4198,4198
2675,35,3.5,22,215719.5255212,215719.5502626,24.096300010569394,24.74140000413172,20.51569998729974,2.389599976595491,0.0,True,ok,4125,4125
2676,36,3.6,22,215719.5593289,215719.5863686,26.55320000485517,27.039699984015897,23.036700004013255,2.325499983271584,0.0,True,ok,4267,4267
2677,37,3.7,22,215719.592173,215719.6197985,27.179099997738376,27.625499991700053,23.549299978185445,2.4139999877661467,0.0,True,ok,3805,3805
2678,38,3.8000000000000003,22,215719.6258008,215719.6508679,24.36660000239499,25.06710001034662,20.85050000459887,2.2353999956976622,0.0,True,ok,3921,3921
2679,39,3.9000000000000004,22,215719.6589534,215719.6853766,25.422500009881333,26.42320000450127,21.522299997741356,2.4019000120460987,0.0,True,ok,3864,3864
2680,40,4.0,22,215719.6924946,215719.7180826,25.13819999876432,25.588000018615276,21.36310000787489,2.365199994528666,0.0,True,ok,3828,3828
2681,41,4.1000000000000005,22,215719.7255927,215719.7514961,25.312300014775246,25.903400004608557,21.983800019370392,2.1204999939072877,0.0,True,ok,3659,3659
2682,42,4.2,22,215719.7588851,215719.7844668,25.05709999240935,25.581699999747798,21.167400002013892,2.520799986086786,0.0,True,ok,3989,3989
2683,43,4.3,22,215719.7924211,215719.8172339,24.360999988857657,24.812799994833767,20.94860002398491,2.1453000081237406,0.0,True,ok,4294,4294
2684,44,4.4,22,215719.8255022,215719.8504071,24.435200000880286,24.904899997636676,20.799499994609505,2.3842999944463372,0.0,True,ok,4623,4623
2685,45,4.5,22,215719.8588046,215719.8894449,30.125200020847842,30.640300014056265,24.964000011095777,3.906099998857826,0.0,True,ok,4708,4708
2686,46,4.6000000000000005,22,215719.8924281,215719.9204418,27.5268999976106,28.013700008159503,22.602899989578873,3.319300012663007,0.0,True,ok,4834,4834
2687,47,4.7,22,215719.9254365,215719.9504809,24.386400007642806,25.044400012120605,19.894199998816475,2.3874999897088856,0.0,True,ok,4677,4677
2688,48,4.800000000000001,22,215719.9590434,215719.9836125,24.105299991788343,24.569099972723052,20.937199995387346,1.9680999976117164,0.0,True,ok,4591,4591
2689,49,4.9,22,215719.9924404,215720.017706,24.777700018603355,25.26560000842437,21.21229999465868,2.2754000092390925,0.0,True,ok,4442,4442
2690,50,5.0,22,215720.0255592,215720.0512235,25.027700001373887,25.66429998842068,21.214400010649115,2.427800005534664,0.0,True,ok,4408,4408
2691,51,5.1000000000000005,22,215720.0589199,215720.0835804,24.226300010923296,24.660499999299645,20.31560000614263,2.444199984893203,0.0,True,ok,4418,4418
2692,52,5.2,22,215720.09223,215720.1207202,28.01880001788959,28.490199998486787,24.035500013269484,2.13649999932386,0.0,True,ok,4600,4600
2693,53,5.300000000000001,22,215720.1258166,215720.1497214,23.42720000888221,23.904800007585436,19.876000005751848,2.309899980900809,0.0,True,ok,4489,4489
2694,54,5.4,22,215720.1591797,215720.1845512,24.908100022003055,25.371500028995797,21.156600007088855,2.3498999944422394,0.0,True,ok,4625,4625
2695,55,5.5,22,215720.1924259,215720.2169857,24.067799997283146,24.559800018323585,20.47249997849576,2.330000017536804,0.0,True,ok,4379,4379
2696,56,5.6000000000000005,22,215720.2254631,215720.2568039,30.665199999930337,31.340799992904067,26.47650000290014,2.835199993569404,0.0,True,ok,4212,4212
2697,57,5.7,22,215720.2590564,215720.2870424,27.481800003442913,27.98600000096485,23.973100003786385,2.295399986905977,0.0,True,ok,4229,4229
2698,58,5.800000000000001,22,215720.2926498,215720.3211321,28.01860001636669,28.48230002564378,23.066299996571615,3.1279000104404986,0.0,True,ok,4294,4294
2699,59,5.9,22,215720.3257651,215720.3519894,25.644499983172864,26.22430000337772,22.007199993822724,2.302300010342151,0.0,True,ok,4337,4337
2700,60,6.0,22,215720.3590985,215720.3835882,23.887299990747124,24.48970000841655,20.302699995227158,2.360400016186759,0.0,True,ok,4334,4334
2701,61,6.1000000000000005,22,215720.3923796,215720.418377,25.375800003530458,25.997399992775172,21.61950001027435,2.365199994528666,0.0,True,ok,4169,4169
2702,62,6.2,22,215720.4254845,215720.449832,23.86740001384169,24.347500002477318,20.082100003492087,2.4130000092554837,0.0,True,ok,4172,4172
2703,63,6.300000000000001,22,215720.4589464,215720.4843778,24.924500001361594,25.431399990338832,21.365199994761497,2.1578000159934163,0.0,True,ok,4147,4147
2704,64,6.4,22,215720.4924775,215720.5188326,25.920300016878173,26.355100009823218,22.615900001255795,2.030799980275333,0.0,True,ok,4178,4178
2705,65,6.5,22,215720.5254738,215720.5509539,24.659300019266084,25.480100011918694,20.89079999132082,2.243299997644499,0.0,True,ok,4169,4169
2706,66,6.6000000000000005,22,215720.5591376,215720.5834684,23.687100008828565,24.3307999917306,20.40460001444444,2.0366999960970134,0.0,True,ok,4168,4168
2707,67,6.7,22,215720.5922188,215720.616987,24.054599984083325,24.768199975369498,20.165199995972216,2.459699986502528,0.0,True,ok,4086,4086
2708,68,6.800000000000001,22,215720.6257239,215720.6519762,25.755199982086197,26.25229998375289,21.867899980861694,2.4664000084158033,0.0,True,ok,4379,4379
2709,69,6.9,22,215720.6591468,215720.6829772,23.376099998131394,23.830399994039908,19.932700000936165,2.0050999883096665,0.0,True,ok,4282,4282
2710,70,7.0,22,215720.6924975,215720.7195813,26.5965000144206,27.08380002877675,21.264799986965954,4.0302999841514975,0.0,True,ok,4247,4247
2711,71,7.1000000000000005,22,215720.7255413,215720.7494731,23.34690000861883,23.931800009449944,19.744799996260554,2.273499994771555,0.0,True,ok,4354,4354
2712,72,7.2,22,215720.7591118,215720.7875182,27.92540000518784,28.406400000676513,23.64800000214018,2.996700000949204,0.0,True,ok,4628,4628
2713,73,7.300000000000001,22,215720.7924838,215720.8173192,24.282800004584715,24.835399992298335,20.962599985068664,2.0223000028636307,0.0,True,ok,4287,4287
2714,74,7.4,22,215720.8255603,215720.8503037,24.1012999904342,24.743399990256876,20.22990002296865,2.4997999717015773,0.0,True,ok,4455,4455
2715,75,7.5,22,215720.859031,215720.8832978,23.436999996192753,24.266799999168143,19.946100015658885,2.1893999946769327,0.0,True,ok,4560,4560
2716,76,7.6000000000000005,22,215720.8925537,215720.9180167,24.974699976155534,25.46299999812618,21.033500001067296,2.6262000028509647,0.0,True,ok,4662,4662
2717,77,7.7,22,215720.9257222,215720.949837,23.664899985305965,24.11480000591837,20.288199972128496,2.0926999859511852,0.0,True,ok,4381,4381
2718,78,7.800000000000001,22,215720.9589631,215720.9852237,25.72229999350384,26.260599988745525,22.37369999056682,2.0407999982126057,0.0,True,ok,4350,4350
2719,79,7.9,22,215720.992544,215721.0204201,27.389299997594208,27.87609997903928,23.09360000072047,2.739799994742498,0.0,True,ok,4058,4058
2720,80,8.0,22,215721.0257081,215721.0540157,27.682800020556897,28.30760000506416,24.047299986705184,2.3508999729529023,0.0,True,ok,4074,4074
2721,81,8.1,22,215721.0590249,215721.0833369,23.8373999891337,24.311999994097278,20.406600000569597,2.142000012099743,0.0,True,ok,4079,4079
2722,82,8.200000000000001,22,215721.0925456,215721.117806,24.762899993220344,25.260399997932836,20.99859999725595,2.445499994792044,0.0,True,ok,4288,4288
2723,83,8.3,22,215721.1255396,215721.1504943,24.466900009429082,24.95469999848865,21.08010000665672,2.1132999972905964,0.0,True,ok,4269,4269
2724,84,8.4,22,215721.1589483,215721.1848233,25.20189998904243,25.874999992083758,20.6447999808006,2.1223999792709947,0.0,True,ok,3996,3996
2725,85,8.5,22,215721.1925386,215721.2170477,23.45349997631274,24.509099981514737,19.884999986970797,2.289199997903779,0.0,True,ok,4318,4318
2726,86,8.6,22,215721.2259141,215721.2515213,25.143500010017306,25.607199990190566,21.592600009171292,2.2748000046703964,0.0,True,ok,4410,4410
2727,87,8.700000000000001,22,215721.2591068,215721.2856672,26.04219998465851,26.560400001471862,21.631799987517297,3.073900006711483,0.0,True,ok,4345,4345
2728,88,8.8,22,215721.2925208,215721.3173906,24.388099991483614,24.869799992302433,20.82410000730306,2.2763999877497554,0.0,True,ok,3995,3995
2729,89,8.9,22,215721.3256205,215721.3517131,24.814500007778406,26.09260001918301,20.889700012048706,2.37800000468269,0.0,True,ok,4114,4114
2730,90,9.0,22,215721.3592199,215721.383107,23.24650000082329,23.887099989224225,19.796600012341514,2.131600020220503,0.0,True,ok,4407,4407
2731,91,9.1,22,215721.3925372,215721.4196297,26.515599980484694,27.09249997860752,21.503500000108033,3.576399991288781,0.0,True,ok,4504,4504
2732,92,9.200000000000001,22,215721.4256366,215721.4517529,25.656200014054775,26.11629999591969,22.097799985203892,2.228999976068735,0.0,True,ok,4602,4602
2733,93,9.3,22,215721.4591998,215721.4896451,29.801700002280995,30.44529998442158,25.435100018512458,2.8267999878153205,0.0,True,ok,4719,4719
2734,94,9.4,22,215721.4922725,215721.5165062,23.649999988265336,24.233699979959056,19.54530001967214,2.621099993120879,0.0,True,ok,4623,4623
2735,95,9.5,22,215721.5258216,215721.5513463,24.977199995191768,25.524700002279133,21.174299996346235,2.4435999803245068,0.0,True,ok,4555,4555
2736,96,9.600000000000001,22,215721.559148,215721.5844659,24.749200005317107,25.31789999920875,21.025000023655593,2.360899990890175,0.0,True,ok,4902,4902
2737,97,9.700000000000001,22,215721.5924568,215721.6169301,24.041399999987334,24.47329999995418,20.623000018531457,2.119099983246997,0.0,True,ok,4793,4793
2738,98,9.8,22,215721.6255056,215721.6622303,36.05049999896437,36.72469998127781,31.73299998161383,2.901400002883747,0.0,True,ok,4857,4857
2739,99,9.9,22,215721.6591999,215721.6856699,23.428300017258152,26.470000011613593,19.747099984670058,2.306199981831014,0.0,True,ok,4985,4985
2740,100,10.0,22,215721.6922948,215721.7174065,24.643900018418208,25.11170000070706,21.116700023412704,2.161499985959381,0.0,True,ok,4973,4973
2741,101,10.100000000000001,22,215721.7254663,215721.7508537,24.93380001396872,25.38740000454709,21.438499999931082,2.0207000197842717,0.0,True,ok,4507,4507
2742,102,10.200000000000001,22,215721.7587968,215721.7830101,23.773000022629276,24.213300028350204,20.082300005014986,2.327299996977672,0.0,True,ok,4834,4834
2743,103,10.3,22,215721.7925778,215721.8170592,23.963799991179258,24.481400003423914,19.659699988551438,2.8609000146389008,0.0,True,ok,4943,4943
2744,104,10.4,22,215721.8255259,215721.8515053,25.397199991857633,25.979400001233444,21.654699987266213,2.1200999908614904,0.0,True,ok,5082,5082
2745,105,10.5,22,215721.8588165,215721.8840643,24.77959997486323,25.24779998930171,21.3647999917157,2.0451000018510967,0.0,True,ok,4986,4986
2746,106,10.600000000000001,22,215721.8923517,215721.9214612,28.64829997997731,29.109499999321997,22.495999990496784,4.688800021540374,0.0,True,ok,5037,5037
2747,107,10.700000000000001,22,215721.925444,215721.949791,23.807099991245195,24.34699999867007,20.25669999420643,2.1367000008467585,0.0,True,ok,5162,5162
2748,108,10.8,22,215721.9590689,215721.9839855,24.36780001153238,24.916599999414757,20.769599999766797,2.2767999907955527,0.0,True,ok,4884,4884
2749,109,10.9,22,215721.9924147,215722.017206,24.291999987326562,24.791299976641312,20.75999998487532,2.1383999846875668,0.0,True,ok,4890,4890
2750,110,11.0,22,215722.0255091,215722.0514871,25.51189999212511,25.977999990573153,21.713800000725314,2.304299996467307,0.0,True,ok,4848,4848
2751,111,11.100000000000001,22,215722.0590987,215722.0854056,25.77859998564236,26.306899992050603,22.26090000476688,2.1173999994061887,0.0,True,ok,5030,5030
2752,112,11.200000000000001,22,215722.0925041,215722.1168901,23.9337999955751,24.38600000459701,20.114999992074445,2.394900016952306,0.0,True,ok,5114,5114
2753,113,11.3,22,215722.1259765,215722.1536029,26.65710001019761,27.626399998553097,22.783299995353445,2.4228999973274767,0.0,True,ok,5293,5293
2754,114,11.4,22,215722.1589657,215722.1841387,24.728899996262044,25.173000001814216,20.281099976273254,2.459999988786876,0.0,True,ok,5423,5423
2755,115,11.5,22,215722.1925634,215722.2171133,23.91600000555627,24.549900001147762,20.09510001516901,2.36459998995997,0.0,True,ok,5340,5340
2756,116,11.600000000000001,22,215722.2254735,215722.2502728,24.374900007387623,24.79930000845343,20.595399982994422,2.369399997405708,0.0,True,ok,5279,5279
2757,117,11.700000000000001,22,215722.2591714,215722.2852136,25.476899987552315,26.04220001376234,21.131699992110953,2.7003000141121447,0.0,True,ok,5498,5498
2758,118,11.8,22,215722.2924645,215722.318888,25.976200005970895,26.423500006785616,22.239399986574426,2.2841999889351428,0.0,True,ok,5517,5517
2759,119,11.9,22,215722.3255336,215722.3534866,27.327800024067983,27.953000011621043,23.058799997670576,2.8040999895893037,0.0,True,ok,5266,5266
2760,0,0.0,23,215722.3613133,215722.3863633,24.472799996146932,25.049999996554106,20.73670001118444,2.3917999933473766,0.0,True,ok,4708,4708
2761,1,0.1,23,215722.3921876,215722.4172956,24.493100005201995,25.108000001637265,20.62840000144206,2.486699988367036,0.0,True,ok,4681,4681
2762,2,0.2,23,215722.4259382,215722.4531028,26.57720001298003,27.164600003743544,20.843999984208494,4.325000016251579,0.0,True,ok,4360,4360
2763,3,0.30000000000000004,23,215722.4592269,215722.4856146,25.92980000190437,26.387699996121228,21.81939998990856,2.599800005555153,0.0,True,ok,4532,4532
2764,4,0.4,23,215722.4923668,215722.5197246,26.78289997857064,27.35779999056831,21.924400003626943,3.344600001582876,0.0,True,ok,4533,4533
2765,5,0.5,23,215722.5259215,215722.5501744,23.583300004247576,24.252900009742007,19.843999994918704,2.36320000840351,0.0,True,ok,4334,4334
2766,6,0.6000000000000001,23,215722.5592676,215722.5831475,23.254600004293025,23.879899992607534,19.693899987032637,2.1382999839261174,0.0,True,ok,4462,4462
2767,7,0.7000000000000001,23,215722.5923008,215722.6163466,23.44779999111779,24.045800004387274,19.847999996272847,2.231399994343519,0.0,True,ok,4479,4479
2768,8,0.8,23,215722.6259175,215722.6510939,24.729099997784942,25.176399998599663,19.44880001246929,2.486300014425069,0.0,True,ok,4534,4534
2769,9,0.9,23,215722.6588804,215722.6843952,25.04939999198541,25.51479998510331,20.4655000125058,3.111500001978129,0.0,True,ok,4491,4491
2770,10,1.0,23,215722.6922263,215722.7166241,23.924299981445074,24.39780000713654,20.0151999888476,2.4468000046908855,0.0,True,ok,4600,4600
2771,11,1.1,23,215722.7258137,215722.7501249,23.59579998301342,24.311199988005683,20.012399996630847,2.1603000059258193,0.0,True,ok,4781,4781
2772,12,1.2000000000000002,23,215722.7591469,215722.7839143,24.32920000865124,24.767399998381734,20.805500011192635,2.119699987815693,0.0,True,ok,5044,5044
2773,13,1.3,23,215722.7926055,215722.8170551,24.011400004383177,24.44959999411367,20.24009998422116,2.3249999794643372,0.0,True,ok,4620,4620
2774,14,1.4000000000000001,23,215722.8256031,215722.8498717,23.62409999477677,24.2685999837704,19.859799998812377,2.349700022023171,0.0,True,ok,4785,4785
2775,15,1.5,23,215722.8591925,215722.8829386,23.195399990072474,23.746099992422387,19.56300000892952,2.129800006514415,0.0,True,ok,5045,5045
2776,16,1.6,23,215722.8925228,215722.9178679,24.88659997470677,25.345100002596155,20.184599998174235,2.34990002354607,0.0,True,ok,5382,5382
2777,17,1.7000000000000002,23,215722.9256244,215722.9526241,26.525900000706315,26.999699999578297,21.515500004170462,3.3276999893132597,0.0,True,ok,5312,5312
2778,18,1.8,23,215722.9590632,215722.9852818,25.735800008988008,26.21860001818277,19.615900004282594,3.0120999726932496,0.0,True,ok,5363,5363
2779,19,1.9000000000000001,23,215722.9923586,215723.0236527,30.814700003247708,31.294100015657023,25.81239998107776,3.143700014334172,0.0,True,ok,5455,5455
2780,20,2.0,23,215723.0254136,215723.0535001,27.647500013699755,28.086500009521842,23.58100001583807,2.593799988972023,0.0,True,ok,5508,5508
2781,21,2.1,23,215723.0590705,215723.0835339,23.81509999395348,24.463400011882186,20.293899986427277,1.9998000061605126,0.0,True,ok,5300,5300
2782,22,2.2,23,215723.0925358,215723.1188393,25.847700017038733,26.303499995265156,21.85970000573434,2.313700009835884,0.0,True,ok,5384,5384
2783,23,2.3000000000000003,23,215723.1259262,215723.155863,29.48219998506829,29.936799983261153,24.481600004946813,3.1463000050280243,0.0,True,ok,5355,5355
2784,24,2.4000000000000004,23,215723.1592506,215723.1896287,29.342299996642396,30.378099996596575,24.136499996529892,3.730399999767542,0.0,True,ok,5072,5072
2785,25,2.5,23,215723.1923383,215723.217342,24.453299993183464,25.00369999324903,20.319000002928078,2.6762000052258372,0.0,True,ok,4851,4851
2786,26,2.6,23,215723.2257477,215723.2527081,26.377699978183955,26.960399991367012,22.712400008458644,2.199200011091307,0.0,True,ok,4933,4933
2787,27,2.7,23,215723.2590641,215723.2859898,26.45269999629818,26.925699989078566,22.262000013142824,2.7544999902602285,0.0,True,ok,4889,4889
2788,28,2.8000000000000003,23,215723.2924066,215723.3238388,30.96699999878183,31.43219999037683,25.705499981995672,3.831900015939027,0.0,True,ok,4508,4508
2789,29,2.9000000000000004,23,215723.3260541,215723.3529577,26.434200000949204,26.903599995421246,21.3279000017792,3.587999992305413,0.0,True,ok,4516,4516
2790,30,3.0,23,215723.3589114,215723.3847203,25.032500008819625,25.808900012634695,20.82860001246445,2.788900019368157,0.0,True,ok,4326,4326
2791,31,3.1,23,215723.392384,215723.4189673,26.131499995244667,26.583300001220778,22.638200025539845,2.088099980028346,0.0,True,ok,4407,4407
2792,32,3.2,23,215723.425563,215723.4507557,24.752299999818206,25.192700006300583,21.12170000327751,2.0892999891657382,0.0,True,ok,4113,4113
2793,33,3.3000000000000003,23,215723.4588521,215723.48591,26.600199984386563,27.057899977080524,23.174200003268197,2.013199991779402,0.0,True,ok,4211,4211
2794,34,3.4000000000000004,23,215723.4924648,215723.5198297,26.77840000251308,27.364900015527382,23.139299999456853,2.1031000069342554,0.0,True,ok,4198,4198
2795,35,3.5,23,215723.5254321,215723.5510027,24.918000010075048,25.570600002538413,20.961200003512204,2.569799980847165,0.0,True,ok,4125,4125
2796,36,3.6,23,215723.5590636,215723.5840484,24.38439999241382,24.984799994854257,20.823400001972914,2.2284000006038696,0.0,True,ok,4267,4267
2797,37,3.7,23,215723.5924376,215723.6171634,24.057599977822974,24.725800001760945,20.6416999862995,2.0989000040572137,0.0,True,ok,3805,3805
2798,38,3.8000000000000003,23,215723.6254278,215723.6495415,23.54249998461455,24.113699997542426,19.885399990016595,2.316800004336983,0.0,True,ok,3921,3921
2799,39,3.9000000000000004,23,215723.6589906,215723.6828276,23.345299996435642,23.836999986087903,19.73780000116676,2.246399992145598,0.0,True,ok,3864,3864
2800,40,4.0,23,215723.692598,215723.71741,24.340700008906424,24.812000017846003,20.76889999443665,2.226999989943579,0.0,True,ok,3828,3828
2801,41,4.1000000000000005,23,215723.7256409,215723.7510862,24.80330000980757,25.4453000088688,20.47740001580678,2.588200004538521,0.0,True,ok,3659,3659
2802,42,4.2,23,215723.7592819,215723.7843204,24.01690001715906,25.038499996298924,19.94530000956729,2.66689999261871,33.64100001635961,True,ok,3989,3989
2803,43,4.3,23,215723.792277,215723.816953,24.1325999959372,24.67600000090897,20.161099993856624,2.61799999861978,0.0,True,ok,4294,4294
2804,44,4.4,23,215723.8259933,215723.8513638,24.404299998423085,25.370499992277473,20.54090000456199,2.4039999989327043,0.0,True,ok,4623,4623
2805,45,4.5,23,215723.8590926,215723.887077,27.491799992276356,27.98439998878166,23.52319998317398,2.565100003266707,0.0,True,ok,4708,4708
2806,46,4.6000000000000005,23,215723.8926339,215723.9195902,26.481100008822978,26.95630001835525,22.966899996390566,2.093799994327128,0.0,True,ok,4834,4834
2807,47,4.7,23,215723.92574,215723.9509504,24.778899998636916,25.210399995557964,21.14969998365268,2.202000003308058,0.0,True,ok,4677,4677
2808,48,4.800000000000001,23,215723.959075,215723.9840663,23.7353999982588,24.991300015244633,20.359699992695823,1.9574000034481287,0.0,True,ok,4591,4591
2809,49,4.9,23,215723.9924831,215724.0189566,25.962799991248176,26.47349998005666,20.944300020346418,3.607099992223084,33.408100018277764,True,ok,4442,4442
2810,50,5.0,23,215724.0255605,215724.0508436,24.836700002197176,25.283099996158853,21.126000006916,2.2336000110954046,0.0,True,ok,4408,4408
2811,51,5.1000000000000005,23,215724.0591377,215724.0854604,25.879499997245148,26.322699995944276,22.185799985891208,2.2945000091567636,0.0,True,ok,4418,4418
2812,52,5.2,23,215724.0924509,215724.1174131,24.513999989721924,24.96219999738969,20.802799990633503,2.0973000209778547,0.0,True,ok,4600,4600
2813,53,5.300000000000001,23,215724.125508,215724.1491707,23.018699983367696,23.66269999765791,19.525400013662875,2.09650001488626,0.0,True,ok,4489,4489
2814,54,5.4,23,215724.159113,215724.1840947,24.351100000785664,24.981700000353158,20.71710000745952,2.200700022513047,0.0,True,ok,4625,4625
2815,55,5.5,23,215724.1930148,215724.2187286,25.26439999928698,25.713800016092137,21.534100000280887,2.338800026336685,0.0,True,ok,4379,4379
2816,56,5.6000000000000005,23,215724.2255172,215724.2523506,26.402599993161857,26.83340001385659,22.854899987578392,2.1720000077039003,0.0,True,ok,4212,4212
2817,57,5.7,23,215724.2590136,215724.2841384,24.643099983222783,25.1247999840416,20.997799991164356,2.2760999854654074,0.0,True,ok,4229,4229
2818,58,5.800000000000001,23,215724.2925502,215724.3174775,24.485400004778057,24.927299993578345,20.70990001084283,2.355300006456673,0.0,True,ok,4294,4294
2819,59,5.9,23,215724.3258332,215724.3524398,25.997299992013723,26.60659997491166,21.99300000211224,2.522900002077222,0.0,True,ok,4337,4337
2820,60,6.0,23,215724.3588978,215724.3843492,24.758699990343302,25.451399997109547,20.768299989867955,2.3994000221136957,0.0,True,ok,4334,4334
2821,61,6.1000000000000005,23,215724.3924649,215724.4172962,24.35009999317117,24.831299990182742,20.60489999712445,2.3747000086586922,0.0,True,ok,4169,4169
2822,62,6.2,23,215724.425489,215724.4493033,23.277200001757592,23.814300016965717,19.725099991774186,2.1890999923925847,0.0,True,ok,4172,4172
2823,63,6.300000000000001,23,215724.4590572,215724.4833989,23.742199991829693,24.341699987417087,20.116800005780533,2.260500012198463,0.0,True,ok,4147,4147
2824,64,6.4,23,215724.4924151,215724.5172289,24.2063999758102,24.81380000244826,20.493199990596622,2.328500006115064,0.0,True,ok,4178,4178
2825,65,6.5,23,215724.5259751,215724.5515907,25.115600001299754,25.61559999594465,21.430699998745695,2.2837999858893454,0.0,True,ok,4169,4169
2826,66,6.6000000000000005,23,215724.5587851,215724.5884011,29.07039999263361,29.61599998525344,25.67910001380369,2.0102999988012016,0.0,True,ok,4168,4168
2827,67,6.7,23,215724.5924172,215724.6204818,27.59499999228865,28.06459998828359,23.423000006005168,2.6480999949853867,0.0,True,ok,4086,4086
2828,68,6.800000000000001,23,215724.6256093,215724.6517081,25.497800001176074,26.098799979081377,21.79150001029484,2.276299986988306,0.0,True,ok,4379,4379
2829,69,6.9,23,215724.6592086,215724.6844562,24.774199991952628,25.247599987778813,20.60029999120161,2.734300011070445,0.0,True,ok,4282,4282
2830,70,7.0,23,215724.6921702,215724.7173895,24.5236000046134,25.219300005119294,20.050999999511987,2.815700019709766,0.0,True,ok,4247,4247
2831,71,7.1000000000000005,23,215724.725722,215724.7517902,25.577699998393655,26.068200008012354,20.420600019861013,3.5211999784223735,0.0,True,ok,4354,4354
2832,72,7.2,23,215724.7591298,215724.7840804,24.343099998077378,24.950599996373057,20.810199988773093,2.122700010659173,0.0,True,ok,4628,4628
2833,73,7.300000000000001,23,215724.7922548,215724.8174497,24.645299999974668,25.19489999394864,20.444199995836243,2.781099989078939,0.0,True,ok,4287,4287
2834,74,7.4,23,215724.8259867,215724.8504246,23.771400010446087,24.437900021439418,20.205800014082342,2.133100002538413,0.0,True,ok,4455,4455
2835,75,7.5,23,215724.8588841,215724.885115,25.607100018532947,26.230900024529546,22.008400002960116,2.1473000233527273,0.0,True,ok,4560,4560
2836,76,7.6000000000000005,23,215724.8923703,215724.9180178,25.203299999702722,25.647500006016344,21.372799994423985,2.387399988947436,0.0,True,ok,4662,4662
2837,77,7.7,23,215724.9259544,215724.9504054,23.94290000665933,24.45100000477396,20.448199997190386,2.085100015392527,0.0,True,ok,4381,4381
2838,78,7.800000000000001,23,215724.9591724,215724.9838391,23.983499995665625,24.666699988301843,20.403900009114295,2.0867999992333353,0.0,True,ok,4350,4350
2839,79,7.9,23,215724.9922018,215725.0171843,24.30140000069514,24.982500006444752,20.285800012061372,2.1521000016946346,0.0,True,ok,4058,4058
2840,80,8.0,23,215725.0258609,215725.0505889,24.208499991800636,24.727999989409,20.795100019313395,2.0293999987188727,0.0,True,ok,4074,4074
2841,81,8.1,23,215725.0592628,215725.0861728,26.47029998479411,26.909999985946342,23.04179998463951,2.0619999850168824,0.0,True,ok,4079,4079
2842,82,8.200000000000001,23,215725.0926254,215725.1177174,24.46399998734705,25.091999996220693,20.941399998264387,2.0664000185206532,0.0,True,ok,4288,4288
2843,83,8.3,23,215725.1256861,215725.1500349,23.309199983486906,24.34880001237616,19.836100022075698,2.0911000028718263,0.0,True,ok,4269,4269
2844,84,8.4,23,215725.1588501,215725.1861621,26.767100003780797,27.31199999107048,22.93499998631887,2.4763999972492456,0.0,True,ok,3996,3996
2845,85,8.5,23,215725.1921446,215725.2174693,24.75189999677241,25.324699992779642,20.989300013752654,2.348899986827746,0.0,True,ok,4318,4318
2846,86,8.6,23,215725.2254266,215725.2504316,24.370400002226233,25.00500000314787,20.72490000864491,2.206700009992346,0.0,True,ok,4410,4410
2847,87,8.700000000000001,23,215725.2592628,215725.2832269,23.25990001554601,23.964099993463606,19.498299981933087,2.1664999949280173,0.0,True,ok,4345,4345
2848,88,8.8,23,215725.2923551,215725.3177058,24.767599999904633,25.350699987029657,21.3930000027176,1.9936999888159335,0.0,True,ok,3995,3995
2849,89,8.9,23,215725.3255553,215725.3521073,26.085799996508285,26.55199999571778,22.58119999896735,2.099300007103011,0.0,True,ok,4114,4114
2850,90,9.0,23,215725.3589068,215725.3841711,24.74580000853166,25.26430002762936,21.3590000057593,2.0072000043001026,0.0,True,ok,4407,4407
2851,91,9.1,23,215725.3921826,215725.4173094,24.530500028049573,25.12680002837442,20.720900007290766,2.3224000178743154,0.0,True,ok,4504,4504
2852,92,9.200000000000001,23,215725.4257899,215725.4497763,23.500399984186515,23.986399988643825,19.821800000499934,2.294900012202561,0.0,True,ok,4602,4602
2853,93,9.3,23,215725.4591643,215725.4839698,24.304499995196238,24.805499997455627,20.431599987205118,2.3595999809913337,0.0,True,ok,4719,4719
2854,94,9.4,23,215725.4922419,215725.5172067,23.89809998567216,24.96479998808354,19.942000013543293,2.499599999282509,0.0,True,ok,4623,4623
2855,95,9.5,23,215725.5257444,215725.5502908,24.055899993982166,24.546400003600866,19.818500004475936,2.7513000241015106,0.0,True,ok,4555,4555
2856,96,9.600000000000001,23,215725.5588084,215725.5833755,24.115299980621785,24.567099986597896,20.44029999524355,2.2695999941788614,0.0,True,ok,4902,4902
2857,97,9.700000000000001,23,215725.5922992,215725.6188738,26.127199991606176,26.574599993182346,21.801499999128282,2.737400005571544,0.0,True,ok,4793,4793
2858,98,9.8,23,215725.6259691,215725.6504474,23.71760000823997,24.478300008922815,20.155999984126538,2.1499999857041985,0.0,True,ok,4857,4857
2859,99,9.9,23,215725.6590252,215725.6833308,23.63440001499839,24.30560000357218,20.259100012481213,2.020200015977025,0.0,True,ok,4985,4985
2860,100,10.0,23,215725.6923795,215725.7162192,23.378599988063797,23.839700006647035,19.837799976812676,2.147599996533245,0.0,True,ok,4973,4973
2861,101,10.100000000000001,23,215725.7259074,215725.7498715,23.52070002234541,23.964100022567436,20.09340000222437,2.068500005407259,0.0,True,ok,4507,4507
2862,102,10.200000000000001,23,215725.759231,215725.7836734,23.863100010203198,24.442399997496977,20.04630002193153,2.36020001466386,0.0,True,ok,4834,4834
2863,103,10.3,23,215725.7925836,215725.8181421,25.103199994191527,25.558499997714534,21.620499988785014,2.108899992890656,0.0,True,ok,4943,4943
2864,104,10.4,23,215725.8255697,215725.8519822,25.801799987675622,26.41249998123385,21.737700008088723,2.6895999908447266,0.0,True,ok,5082,5082
2865,105,10.5,23,215725.8589033,215725.8826548,23.14549998845905,23.75150000443682,19.837700005155057,1.999600004637614,0.0,True,ok,4986,4986
2866,106,10.600000000000001,23,215725.8924708,215725.9216881,28.81700001307763,29.21730000525713,25.130699999863282,2.1693999879062176,0.0,True,ok,5037,5037
2867,107,10.700000000000001,23,215725.9254966,215725.9495052,23.378199985018,24.008600012166426,19.923699990613386,2.0939000241924077,0.0,True,ok,5162,5162
2868,108,10.8,23,215725.9591165,215725.9839276,24.220899998908862,24.81110001099296,20.691800018539652,2.218900015577674,0.0,True,ok,4884,4884
2869,109,10.9,23,215725.9924633,215726.0163243,23.409799992805347,23.86099999421276,19.993199995951727,2.100599987898022,0.0,True,ok,4890,4890
2870,110,11.0,23,215726.0254353,215726.049645,23.709700006293133,24.209700000938028,20.1334000157658,2.2393999970518053,0.0,True,ok,4848,4848
2871,111,11.100000000000001,23,215726.0590967,215726.0843938,24.86720000160858,25.29710001545027,21.185999998124316,2.2250000038184226,0.0,True,ok,5030,5030
2872,112,11.200000000000001,23,215726.0923525,215726.1171209,24.296199990203604,24.768399976892397,20.71720000822097,2.2492999851237983,0.0,True,ok,5114,5114
2873,113,11.3,23,215726.1254636,215726.1540302,27.925900008995086,28.56659999815747,20.62100000330247,4.620200023055077,0.0,True,ok,5293,5293
2874,114,11.4,23,215726.1588481,215726.1843993,25.097899982938543,25.551200000336394,21.1659999913536,2.5639000232331455,0.0,True,ok,5423,5423
2875,115,11.5,23,215726.1924695,215726.2173182,24.183200002880767,24.848700006259605,20.565699989674613,2.2758999839425087,0.0,True,ok,5340,5340
2876,116,11.600000000000001,23,215726.2254598,215726.2501608,24.128199991537258,24.700999987544492,20.45509999152273,2.3224999895319343,0.0,True,ok,5279,5279
2877,117,11.700000000000001,23,215726.2590934,215726.2829682,23.285499977646396,23.874799982877448,19.547700008843094,2.3527999874204397,0.0,True,ok,5498,5498
2878,118,11.8,23,215726.2925807,215726.31718,24.150700017344207,24.59929999895394,20.37490002112463,2.25650001084432,0.0,True,ok,5517,5517
2879,119,11.9,23,215726.3256303,215726.3550864,28.967599995667115,29.456099990056828,24.35469999909401,2.7197999879717827,0.0,True,ok,5266,5266
2880,0,0.0,24,215726.3616012,215726.3874534,25.17420001095161,25.852199993096292,21.183200005907565,2.653400006238371,0.0,True,ok,4708,4708
2881,1,0.1,24,215726.3922531,215726.4197846,27.095900004496798,27.531500003533438,23.18849999574013,2.094099996611476,0.0,True,ok,4681,4681
2882,2,0.2,24,215726.4254774,215726.4507716,24.849100009305403,25.29420002247207,21.45649999147281,2.064500004053116,0.0,True,ok,4360,4360
2883,3,0.30000000000000004,24,215726.4587557,215726.4828336,23.359799990430474,24.077899986878037,19.54560002195649,2.2916000161785632,0.0,True,ok,4532,4532
2884,4,0.4,24,215726.4922837,215726.5180484,25.26409999700263,25.764699996216223,21.676199976354837,2.1504000178538263,0.0,True,ok,4533,4533
2885,5,0.5,24,215726.5259213,215726.5498532,23.45070001319982,23.931900010211393,19.654600007925183,2.3062000109348446,0.0,True,ok,4334,4334
2886,6,0.6000000000000001,24,215726.5592615,215726.5829972,23.254200001247227,23.735700000543147,19.7539999790024,2.1127999934833497,0.0,True,ok,4462,4462
2887,7,0.7000000000000001,24,215726.5922543,215726.6171903,24.457399995299056,24.936000001616776,20.442200009711087,2.1216000022832304,0.0,True,ok,4479,4479
2888,8,0.8,24,215726.625955,215726.6526124,26.017600001068786,26.657400012481958,22.544400009792298,2.1238999906927347,0.0,True,ok,4534,4534
2889,9,0.9,24,215726.6591498,215726.6879856,28.395900008035824,28.835800010710955,25.075400015339255,2.0204000174999237,0.0,True,ok,4491,4491
2890,10,1.0,24,215726.6925374,215726.7185707,25.067000009585172,26.03330000420101,21.321400010492653,2.261300018290058,0.0,True,ok,4600,4600
2891,11,1.1,24,215726.7255915,215726.7499692,23.88490000157617,24.377699999604374,20.336999994469807,2.206900011515245,0.0,True,ok,4781,4781
2892,12,1.2000000000000002,24,215726.7590916,215726.785311,25.764800026081502,26.219400024274364,22.332699998514727,2.119699987815693,0.0,True,ok,5044,5044
2893,13,1.3,24,215726.7924123,215726.8190265,25.698099983856082,26.61419997457415,21.76650002365932,2.591199998278171,0.0,True,ok,4620,4620
2894,14,1.4000000000000001,24,215726.8258958,215726.8496973,23.313799989409745,23.801500006811693,19.659999990835786,2.3501999967265874,0.0,True,ok,4785,4785
2895,15,1.5,24,215726.8591651,215726.8855546,25.915200007148087,26.389500009827316,22.056399990106,2.264500013552606,0.0,True,ok,5045,5045
2896,16,1.6,24,215726.8925513,215726.9177342,24.221699975896627,25.18289998988621,20.193200005451217,2.668200002517551,33.38619999703951,True,ok,5382,5382
2897,17,1.7000000000000002,24,215726.9255584,215726.9511607,25.19010001560673,25.60230001108721,21.57039998564869,2.236800006357953,0.0,True,ok,5312,5312
2898,18,1.8,24,215726.9588759,215726.9829284,23.590699973283336,24.05249999719672,20.068599988007918,2.129200001945719,0.0,True,ok,5363,5363
2899,19,1.9000000000000001,24,215726.9924383,215727.0184869,24.810100003378466,26.048600004287437,21.065899985842407,2.3400000063702464,0.0,True,ok,5455,5455
2900,20,2.0,24,215727.0259422,215727.0517068,25.271099992096424,25.764599995454773,21.590299991657957,2.28169999900274,0.0,True,ok,5508,5508
2901,21,2.1,24,215727.0587522,215727.0839616,24.59019998786971,25.20939998794347,20.999600004870445,2.1387000160757452,0.0,True,ok,5300,5300
2902,22,2.2,24,215727.0921152,215727.1177211,24.91039998130873,25.605899980291724,20.565200014971197,2.8030000103171915,0.0,True,ok,5384,5384
2903,23,2.3000000000000003,24,215727.1258601,215727.1493775,23.012699995888397,23.51739999721758,19.409800006542355,2.232200000435114,0.0,True,ok,5355,5355
2904,24,2.4000000000000004,24,215727.1589397,215727.1886548,29.230999993160367,29.71510001225397,24.978000001283363,2.2150000149849802,0.0,True,ok,5072,5072
2905,25,2.5,24,215727.1926078,215727.2195982,26.074399997014552,26.99039998697117,22.458799998275936,2.2809999936725944,0.0,True,ok,4851,4851
2906,26,2.6,24,215727.2257093,215727.2511214,24.75900002173148,25.412100018002093,21.32489997893572,2.1004999871365726,0.0,True,ok,4933,4933
2907,27,2.7,24,215727.2593676,215727.2871611,26.651599997421727,27.7934999903664,23.07289998861961,2.2609999869018793,0.0,True,ok,4889,4889
2908,28,2.8000000000000003,24,215727.2924352,215727.3226684,29.26050001406111,30.233199999202043,25.73399999528192,2.2524000087287277,0.0,True,ok,4508,4508
2909,29,2.9000000000000004,24,215727.3255623,215727.3530449,26.975199987646192,27.482600009534508,23.32659999956377,2.3407999833580106,0.0,True,ok,4516,4516
2910,30,3.0,24,215727.3589691,215727.3834779,23.81680000689812,24.50880000833422,20.36180000868626,2.1385999862104654,0.0,True,ok,4326,4326
2911,31,3.1,24,215727.3923753,215727.4212288,28.388600010657683,28.853499999968335,23.02290001534857,4.043100023409352,0.0,True,ok,4407,4407
2912,32,3.2,24,215727.4254136,215727.4500447,24.186299997381866,24.631100008264184,20.231600006809458,2.110700006596744,0.0,True,ok,4113,4113
2913,33,3.3000000000000003,24,215727.4590938,215727.4829592,23.284499999135733,23.865399998612702,19.828699994832277,2.1911999792791903,0.0,True,ok,4211,4211
2914,34,3.4000000000000004,24,215727.4923689,215727.5163947,23.46730002318509,24.02579999761656,20.060200011357665,2.138999989256263,0.0,True,ok,4198,4198
2915,35,3.5,24,215727.5254548,215727.5509993,25.041199987754226,25.54450000752695,21.462100005010143,2.280599990626797,0.0,True,ok,4125,4125
2916,36,3.6,24,215727.5587819,215727.5863022,27.0528000255581,27.520300005562603,23.50139999180101,2.350700000533834,0.0,True,ok,4267,4267
2917,37,3.7,24,215727.5927863,215727.6187641,25.504100020043552,25.977800018154085,21.50269999401644,2.7950000076089054,0.0,True,ok,3805,3805
2918,38,3.8000000000000003,24,215727.6257682,215727.6499482,23.694400006206706,24.18000000761822,20.126399991568178,2.3301999899558723,0.0,True,ok,3921,3921
2919,39,3.9000000000000004,24,215727.6588149,215727.6839199,24.618800001917407,25.105000007897615,21.041200001491234,2.346000022953376,0.0,True,ok,3864,3864
2920,40,4.0,24,215727.6924515,215727.7158104,22.825299995020032,23.35889998357743,19.51139999437146,2.097799995681271,0.0,True,ok,3828,3828
2921,41,4.1000000000000005,24,215727.7254874,215727.7501823,24.223699991125613,24.694899999303743,20.657299988670275,2.280299988342449,0.0,True,ok,3659,3659
2922,42,4.2,24,215727.7589113,215727.7831308,23.779200011631474,24.21949998824857,20.206799992593005,2.1841000125277787,0.0,True,ok,3989,3989
2923,43,4.3,24,215727.7923293,215727.8210255,28.232799988472834,28.696199995465577,24.90560000296682,2.0853000169154257,0.0,True,ok,4294,4294
2924,44,4.4,24,215727.8255103,215727.8509508,24.91780000855215,25.44050000142306,21.33810002123937,2.293800003826618,0.0,True,ok,4623,4623
2925,45,4.5,24,215727.858956,215727.8855185,26.08239999972284,26.562499988358468,22.314800007734448,2.5658000085968524,0.0,True,ok,4708,4708
2926,46,4.6000000000000005,24,215727.8922711,215727.919761,26.99630000279285,27.48990000691265,23.61250002286397,2.1302000095602125,0.0,True,ok,4834,4834
2927,47,4.7,24,215727.9257941,215727.9494595,23.068899987265468,23.66539998911321,19.53670001239516,2.291200013132766,0.0,True,ok,4677,4677
2928,48,4.800000000000001,24,215727.9592176,215727.9850464,25.220399984391406,25.82879998954013,21.947400004137307,2.0317000162322074,0.0,True,ok,4591,4591
2929,49,4.9,24,215727.9925939,215728.0175582,24.010299996007234,24.964299984276295,20.02960001118481,2.7006999880541116,0.0,True,ok,4442,4442
2930,50,5.0,24,215728.0257645,215728.0504534,24.00490001309663,24.688900011824444,20.499900012509897,2.2991999867372215,0.0,True,ok,4408,4408
2931,51,5.1000000000000005,24,215728.0591079,215728.08401,24.433699989458546,24.902100005419925,20.904400007566437,2.294600009918213,0.0,True,ok,4418,4418
2932,52,5.2,24,215728.0925756,215728.1177388,24.00070001021959,25.163200014503673,20.639700000174344,2.15280000702478,0.0,True,ok,4600,4600
2933,53,5.300000000000001,24,215728.1257656,215728.1493547,23.104799998691306,23.589099990203977,19.759499991778284,2.1317999926395714,0.0,True,ok,4489,4489
2934,54,5.4,24,215728.1591877,215728.1845313,24.842600018018857,25.343600020278245,21.282800007611513,2.3114999930839986,0.0,True,ok,4625,4625
2935,55,5.5,24,215728.1923553,215728.2160666,23.07920000748709,23.711299989372492,19.465799996396527,2.382499980740249,0.0,True,ok,4379,4379
2936,56,5.6000000000000005,24,215728.2256682,215728.2512872,25.177300005452707,25.618999992730096,21.73680000123568,2.1001999848522246,0.0,True,ok,4212,4212
2937,57,5.7,24,215728.259127,215728.2860922,26.506599999265745,26.96519999881275,22.49810000648722,2.7621999906841666,0.0,True,ok,4229,4229
2938,58,5.800000000000001,24,215728.292593,215728.3172544,24.08810000633821,24.66140000615269,20.530999987386167,2.246399992145598,0.0,True,ok,4294,4294
2939,59,5.9,24,215728.3256341,215728.3507102,24.586899991845712,25.07609999156557,20.98069997737184,2.2360000002663583,0.0,True,ok,4337,4337
2940,60,6.0,24,215728.3590755,215728.3866052,27.042900008382276,27.52970001893118,23.636300000362098,2.191699983086437,0.0,True,ok,4334,4334
2941,61,6.1000000000000005,24,215728.392459,215728.4173288,24.337799986824393,24.869799992302433,20.52160000312142,2.496800007065758,0.0,True,ok,4169,4169
2942,62,6.2,24,215728.4255013,215728.4493342,23.32199999364093,23.83290001307614,19.941699982155114,2.1246999967843294,0.0,True,ok,4172,4172
2943,63,6.300000000000001,24,215728.4589785,215728.482828,23.165199992945418,23.84949999395758,19.559699983801693,2.37800000468269,0.0,True,ok,4147,4147
2944,64,6.4,24,215728.4923431,215728.5177469,24.929900013376027,25.40380001300946,21.061500010546297,2.4990999954752624,0.0,True,ok,4178,4178
2945,65,6.5,24,215728.5259107,215728.5497553,23.29989999998361,23.844599985750392,19.45920000434853,2.564800000982359,0.0,True,ok,4169,4169
2946,66,6.6000000000000005,24,215728.5592626,215728.5848904,24.736099992878735,25.627800001529977,21.41950000077486,2.0992000063415617,0.0,True,ok,4168,4168
2947,67,6.7,24,215728.5923404,215728.6177042,24.81970001826994,25.36379999946803,21.42110001295805,2.137200004654005,0.0,True,ok,4086,4086
2948,68,6.800000000000001,24,215728.626179,215728.6549359,28.04380000452511,28.756899992004037,24.473800003761426,2.209800004493445,0.0,True,ok,4379,4379
2949,69,6.9,24,215728.659051,215728.6841643,24.34420000645332,25.11330001289025,20.916499983286485,2.140299999155104,0.0,True,ok,4282,4282
2950,70,7.0,24,215728.692438,215728.7184986,25.503400014713407,26.060600008349866,21.68599999276921,2.375599986407906,0.0,True,ok,4247,4247
2951,71,7.1000000000000005,24,215728.7253922,215728.750882,24.86999999382533,25.489799998467788,20.559900003718212,2.9959000239614397,0.0,True,ok,4354,4354
2952,72,7.2,24,215728.7589392,215728.7893923,29.786800005240366,30.4531000147108,26.40939998673275,2.1246999967843294,0.0,True,ok,4628,4628
2953,73,7.300000000000001,24,215728.7925008,215728.8184884,25.363900000229478,25.98760000546463,21.91740000853315,2.1832000056747347,0.0,True,ok,4287,4287
2954,74,7.4,24,215728.8255336,215728.8528305,26.81089998804964,27.29689999250695,23.417099990183488,2.122100006090477,0.0,True,ok,4455,4455
2955,75,7.5,24,215728.8590775,215728.8849446,25.241199997253716,25.86709999013692,21.81050000945106,2.1590999967884272,0.0,True,ok,4560,4560
2956,76,7.6000000000000005,24,215728.8921635,215728.9167305,24.097699992125854,24.567000014940277,20.68159999907948,2.152500004740432,0.0,True,ok,4662,4662
2957,77,7.7,24,215728.9257441,215728.9496821,23.440000019036233,23.937999998452142,20.106500014662743,2.0904999983031303,0.0,True,ok,4381,4381
2958,78,7.800000000000001,24,215728.9590668,215728.9827583,23.09510001214221,23.691500013228506,19.522099988535047,2.157599985366687,0.0,True,ok,4350,4350
2959,79,7.9,24,215728.9923041,215729.0163112,23.39149999897927,24.007100000744686,19.60169998346828,2.494300017133355,0.0,True,ok,4058,4058
2960,80,8.0,24,215729.025892,215729.0513464,24.833800009218976,25.454399990849197,21.400600002380088,2.160699979867786,0.0,True,ok,4074,4074
2961,81,8.1,24,215729.0590841,215729.0843474,24.81689999694936,25.263299990911037,21.43870000145398,2.1835000079590827,0.0,True,ok,4079,4079
2962,82,8.200000000000001,24,215729.0925181,215729.1169636,23.93960001063533,24.445500021101907,20.53509998950176,2.130199980456382,0.0,True,ok,4288,4288
2963,83,8.3,24,215729.1255509,215729.1493725,23.27159998822026,23.821599985240027,19.93959999526851,2.1066999761387706,0.0,True,ok,4269,4269
2964,84,8.4,24,215729.1591028,215729.1849756,25.330299977213144,25.872799975331873,21.587299997918308,2.151599997887388,0.0,True,ok,3996,3996
2965,85,8.5,24,215729.1925194,215729.2195986,26.59309998853132,27.07919999375008,20.69070001016371,4.530500009423122,0.0,True,ok,4318,4318
2966,86,8.6,24,215729.2258843,215729.2502464,23.645300010684878,24.36210002633743,20.004899997729808,2.2237000230234116,0.0,True,ok,4410,4410
2967,87,8.700000000000001,24,215729.2588936,215729.2840952,24.576299998443574,25.201600015861914,20.884400000795722,2.368899993598461,0.0,True,ok,4345,4345
2968,88,8.8,24,215729.2923998,215729.3177919,24.76809997460805,25.392099982127547,21.36640000389889,2.187600010074675,0.0,True,ok,3995,3995
2969,89,8.9,24,215729.3256757,215729.3495752,23.28660001512617,23.89949999633245,19.792500010225922,2.2729999909643084,0.0,True,ok,4114,4114
2970,90,9.0,24,215729.3593563,215729.383048,23.20179998059757,23.691699985647574,19.78679999592714,2.136900002369657,0.0,True,ok,4407,4407
2971,91,9.1,24,215729.392317,215729.4162969,23.469099978683516,23.97989999735728,19.842200010316446,2.343699976336211,0.0,True,ok,4504,4504
2972,92,9.200000000000001,24,215729.4260218,215729.4496319,23.028299998259172,23.610100004589185,19.43719998234883,2.2286000021267682,0.0,True,ok,4602,4602
2973,93,9.3,24,215729.4589277,215729.48503,25.438500015297905,26.102300005732104,21.058899990748614,3.0528999923262745,0.0,True,ok,4719,4719
2974,94,9.4,24,215729.4925365,215729.5189068,25.68089999840595,26.370299980044365,20.18830002634786,4.170799977146089,0.0,True,ok,4623,4623
2975,95,9.5,24,215729.5259688,215729.5507544,24.196899990784004,24.78559999144636,20.740100007969886,2.174399996874854,0.0,True,ok,4555,4555
2976,96,9.600000000000001,24,215729.5588057,215729.5833069,23.809799982700497,24.5011999795679,20.102799986489117,2.366300002904609,0.0,True,ok,4902,4902
2977,97,9.700000000000001,24,215729.5920911,215729.6191547,26.444299990544096,27.063599991379306,22.476599988294765,2.669100009370595,0.0,True,ok,4793,4793
2978,98,9.8,24,215729.6254405,215729.650412,24.504699977114797,24.971499980892986,21.01969998329878,2.132499997969717,0.0,True,ok,4857,4857
2979,99,9.9,24,215729.6590256,215729.6851742,25.664800021331757,26.14860000903718,22.150600008899346,2.116400020895526,0.0,True,ok,4985,4985
2980,100,10.0,24,215729.6922432,215729.717082,24.315099988598377,24.838799989083782,20.76179999858141,2.201199997216463,0.0,True,ok,4973,4973
2981,101,10.100000000000001,24,215729.7258828,215729.7501943,23.825199983548373,24.31149999029003,20.212400006130338,2.2883999918121845,0.0,True,ok,4507,4507
2982,102,10.200000000000001,24,215729.7592902,215729.7851378,25.397099991096184,25.847600016277283,21.51570000569336,2.4993999977596104,0.0,True,ok,4834,4834
2983,103,10.3,24,215729.7925371,215729.8185782,25.34449999802746,26.041100005386397,21.834799990756437,2.149199979612604,0.0,True,ok,4943,4943
2984,104,10.4,24,215729.8255085,215729.8509716,25.009100005263463,25.46309999888763,21.397899981820956,2.1868000039830804,0.0,True,ok,5082,5082
2985,105,10.5,24,215729.8591695,215729.8858281,26.156999985687435,26.65859999251552,21.88769998610951,2.8357999981381,0.0,True,ok,4986,4986
2986,106,10.600000000000001,24,215729.8925102,215729.9173482,24.38269997946918,24.837999982992187,21.000799984904006,2.07129999762401,0.0,True,ok,5037,5037
2987,107,10.700000000000001,24,215729.9257181,215729.9501093,23.88650001375936,24.391199985984713,20.033199980389327,2.2819000005256385,0.0,True,ok,5162,5162
2988,108,10.8,24,215729.9589788,215729.9833523,23.819300025934353,24.373500025831163,20.086899981833994,2.28610000340268,0.0,True,ok,4884,4884
2989,109,10.9,24,215729.9922697,215730.0187631,25.946600013412535,26.493400015169755,22.418699983973056,2.1877999824937433,0.0,True,ok,4890,4890
2990,110,11.0,24,215730.0256353,215730.0501932,24.106099997879937,24.557900003856048,20.570199994836003,2.262099995277822,0.0,True,ok,4848,4848
2991,111,11.100000000000001,24,215730.0591897,215730.0832576,23.485299985622987,24.067899998044595,19.985799997812137,2.187900012359023,0.0,True,ok,5030,5030
2992,112,11.200000000000001,24,215730.0925103,215730.1172268,24.043200013693422,24.716500018257648,20.552400004817173,2.1603000059258193,0.0,True,ok,5114,5114
2993,113,11.3,24,215730.125812,215730.1512384,24.776200007181615,25.426399981370196,20.95419997931458,2.330399991478771,0.0,True,ok,5293,5293
2994,114,11.4,24,215730.1590904,215730.1834049,23.705100000370294,24.31449998402968,19.886900001438335,2.4574999988544732,0.0,True,ok,5423,5423
2995,115,11.5,24,215730.1921006,215730.2168964,24.143399990862235,24.795800010906532,20.14379997854121,2.6362999924458563,0.0,True,ok,5340,5340
2996,116,11.600000000000001,24,215730.2259164,215730.2512465,24.664800002938136,25.330100004794076,20.9644999995362,2.2194000193849206,0.0,True,ok,5279,5279
2997,117,11.700000000000001,24,215730.2588878,215730.2887766,28.820500010624528,29.888799996115267,25.019499997142702,2.43130000308156,0.0,True,ok,5498,5498
2998,118,11.8,24,215730.292291,215730.3182087,25.02559998538345,25.91769999708049,20.694500009994954,2.9119999962858856,0.0,True,ok,5517,5517
2999,119,11.9,24,215730.3259445,215730.3507471,24.080899980617687,24.802600004477426,20.398299995576963,2.3287000076379627,0.0,True,ok,5266,5266
3000,0,0.0,25,215730.3612052,215730.3853452,23.5769999853801,24.13999999407679,19.95560000068508,2.306099981069565,0.0,True,ok,4708,4708
3001,1,0.1,25,215730.3925091,215730.4176452,24.220799998147413,25.136100011877716,19.914499978767708,2.175699977669865,31.303900002967566,True,ok,4681,4681
3002,2,0.2,25,215730.4255756,215730.4501942,23.855900013586506,24.61860000039451,20.36920000682585,2.155900001525879,0.0,True,ok,4360,4360
3003,3,0.30000000000000004,25,215730.4591377,215730.4840829,23.98129997891374,24.945199984358624,20.390599995153025,2.2252000053413212,0.0,True,ok,4532,4532
3004,4,0.4,25,215730.4925723,215730.5198212,26.75910000107251,27.248900005361065,22.72499998798594,2.668599976459518,0.0,True,ok,4533,4533
3005,5,0.5,25,215730.5259899,215730.5532498,26.573599985567853,27.259900001809,22.97980000730604,2.2733999940101057,0.0,True,ok,4334,4334
3006,6,0.6000000000000001,25,215730.5588786,215730.5839688,24.401100003160536,25.090200011618435,20.15010002651252,2.1915000106673688,0.0,True,ok,4462,4462
3007,7,0.7000000000000001,25,215730.592288,215730.6166841,23.772900021867827,24.3960999941919,20.181800005957484,2.1529000077862293,0.0,True,ok,4479,4479
3008,8,0.8,25,215730.6257555,215730.6508254,24.428300006547943,25.069900002563372,20.75579998199828,2.1951000089757144,0.0,True,ok,4534,4534
3009,9,0.9,25,215730.6592273,215730.6844127,24.099100002786145,25.185400008922443,20.341800001915544,2.1004999871365726,33.471800008555874,True,ok,4491,4491
3010,10,1.0,25,215730.6923427,215730.7188748,26.046099985251203,26.532099989708513,20.79409998259507,2.3252999817486852,0.0,True,ok,4600,4600
3011,11,1.1,25,215730.7259559,215730.7524302,25.882099987939,26.474299986148253,22.32950000325218,2.166399994166568,0.0,True,ok,4781,4781
3012,12,1.2000000000000002,25,215730.7589568,215730.7862312,26.392400002805516,27.274399995803833,21.692900016205385,2.862900000764057,0.0,True,ok,5044,5044
3013,13,1.3,25,215730.7926502,215730.817424,24.326200014911592,24.77380001801066,20.64319999772124,2.330399991478771,0.0,True,ok,4620,4620
3014,14,1.4000000000000001,25,215730.8254518,215730.8505726,24.61669998592697,25.12080001179129,20.851300010690466,2.335600001970306,0.0,True,ok,4785,4785
3015,15,1.5,25,215730.8590904,215730.8852062,25.637400016421452,26.115800021216273,21.681300015188754,2.356800017878413,0.0,True,ok,5045,5045
3016,16,1.6,25,215730.8924429,215730.9201748,27.151000016601756,27.731900016078725,22.43010001257062,3.27139999717474,0.0,True,ok,5382,5382
3017,17,1.7000000000000002,25,215730.9258173,215730.9532439,26.829300011740997,27.426599990576506,22.782000014558434,2.579599997261539,0.0,True,ok,5312,5312
3018,18,1.8,25,215730.9591178,215730.9847299,24.917000002460554,25.612099998397753,20.264500024495646,3.0079999996814877,0.0,True,ok,5363,5363
3019,19,1.9000000000000001,25,215730.9925218,215731.0184678,25.478399998974055,25.94599997974001,20.93670002068393,3.0617000011261553,0.0,True,ok,5455,5455
3020,20,2.0,25,215731.0259358,215731.0517811,25.369899987708777,25.84529999876395,21.15879999473691,2.533999999286607,0.0,True,ok,5508,5508
3021,21,2.1,25,215731.0589547,215731.0832621,23.832200007745996,24.30739998817444,20.07870000670664,2.2348000202327967,0.0,True,ok,5300,5300
3022,22,2.2,25,215731.0923509,215731.1184836,25.69390001008287,26.13270000438206,21.8522000068333,2.380499994615093,0.0,True,ok,5384,5384
3023,23,2.3000000000000003,25,215731.1256614,215731.1497977,23.664599983021617,24.136299995006993,19.82959997258149,2.3116999946068972,0.0,True,ok,5355,5355
3024,24,2.4000000000000004,25,215731.1592322,215731.1851712,25.470900000073016,25.938999984646216,21.435300004668534,2.3631999792996794,0.0,True,ok,5072,5072
3025,25,2.5,25,215731.1925786,215731.2221456,29.092300013871863,29.56700001959689,25.407700013602152,2.263600006699562,0.0,True,ok,4851,4851
3026,26,2.6,25,215731.2259937,215731.2518998,25.301899993792176,25.90609999606386,21.71159998397343,2.164800011087209,0.0,True,ok,4933,4933
3027,27,2.7,25,215731.2588855,215731.2849505,25.594400009140372,26.065000012749806,22.050100000342354,2.126900013536215,0.0,True,ok,4889,4889
3028,28,2.8000000000000003,25,215731.292218,215731.3214348,28.776499995728955,29.216800001449883,24.382400006288663,2.614600001834333,0.0,True,ok,4508,4508
3029,29,2.9000000000000004,25,215731.3258637,215731.3508417,24.518400023225695,24.978000001283363,20.913299988023937,2.115000010235235,0.0,True,ok,4516,4516
3030,30,3.0,25,215731.3592152,215731.3840591,23.8686999946367,24.843899998813868,20.433500001672655,2.060200000414625,0.0,True,ok,4326,4326
3031,31,3.1,25,215731.3922562,215731.4202752,27.37740002339706,28.019000019412488,23.629599978448823,2.292799996212125,0.0,True,ok,4407,4407
3032,32,3.2,25,215731.4256477,215731.4521125,25.435799994738773,26.464800001122057,21.88009998644702,2.2210000024642795,0.0,True,ok,4113,4113
3033,33,3.3000000000000003,25,215731.4591038,215731.4836351,24.091800005408004,24.531300005037338,20.34690001164563,2.285399998072535,0.0,True,ok,4211,4211
3034,34,3.4000000000000004,25,215731.492407,215731.5194459,26.55459998641163,27.038899977924302,20.550900022499263,4.645900015020743,0.0,True,ok,4198,4198
3035,35,3.5,25,215731.525994,215731.5551449,28.712899977108464,29.150899994419888,24.76359999855049,2.3006999981589615,0.0,True,ok,4125,4125
3036,36,3.6,25,215731.5590033,215731.5839205,24.30730001651682,24.917200003983453,20.73970000492409,2.271900011692196,0.0,True,ok,4267,4267
3037,37,3.7,25,215731.5923462,215731.6168098,23.93560000928119,24.463600013405085,20.487100002355874,2.1696999901905656,0.0,True,ok,3805,3805
3038,38,3.8000000000000003,25,215731.6259727,215731.650663,24.18870001565665,24.690299993380904,20.554800023091957,2.290400007041171,0.0,True,ok,3921,3921
3039,39,3.9000000000000004,25,215731.6587946,215731.6839069,24.48779999394901,25.112300005275756,20.864699996309355,2.3262000177055597,0.0,True,ok,3864,3864
3040,40,4.0,25,215731.6923839,215731.7182885,25.221100018825382,25.90460001374595,20.596200018189847,2.278400002978742,0.0,True,ok,3828,3828
3041,41,4.1000000000000005,25,215731.7257844,215731.750417,24.16629999061115,24.632599990582094,20.436299993889406,2.1601000044029206,0.0,True,ok,3659,3659
3042,42,4.2,25,215731.7590444,215731.7840475,24.041500000748783,25.003099988680333,20.244999992428347,2.455899986671284,33.259999996516854,True,ok,3989,3989
3043,43,4.3,25,215731.7925185,215731.8164437,23.528199992142618,23.925199988298118,20.095599989872426,2.0788999972864985,0.0,True,ok,4294,4294
3044,44,4.4,25,215731.8255342,215731.8508403,24.67600000090897,25.306099996669218,21.016900020185858,2.263399976072833,0.0,True,ok,4623,4623
3045,45,4.5,25,215731.8589258,215731.8841976,24.299100012285635,25.27179999742657,20.483800006331876,2.412200003163889,0.0,True,ok,4708,4708
3046,46,4.6000000000000005,25,215731.8924143,215731.9164053,23.45659999991767,23.990999994566664,19.902800006093457,2.154000016162172,0.0,True,ok,4834,4834
3047,47,4.7,25,215731.9257728,215731.9508593,24.62110001943074,25.08650001254864,20.866399980150163,2.3061000101733953,0.0,True,ok,4677,4677
3048,48,4.800000000000001,25,215731.9591814,215731.9847688,24.92480000364594,25.58740001404658,20.919400005368516,2.06679999246262,0.0,True,ok,4591,4591
3049,49,4.9,25,215731.9921809,215732.0194771,26.6671999997925,27.296199987176806,22.406800009775907,2.869099989766255,0.0,True,ok,4442,4442
3050,50,5.0,25,215732.0256405,215732.0521821,25.96499997889623,26.54159997473471,21.57230000011623,3.0008000030647963,0.0,True,ok,4408,4408
3051,51,5.1000000000000005,25,215732.0591016,215732.0843674,24.807400011923164,25.26580000994727,20.832000009249896,2.6023000245913863,0.0,True,ok,4418,4418
3052,52,5.2,25,215732.0924263,215732.1175182,24.43159997346811,25.091899995459244,20.815500000026077,2.16609999188222,0.0,True,ok,4600,4600
3053,53,5.300000000000001,25,215732.125845,215732.1512736,24.987000011606142,25.42859999812208,20.477599988225847,3.1339999986812472,0.0,True,ok,4489,4489
3054,54,5.4,25,215732.1588339,215732.1841058,24.80079999077134,25.27189999818802,21.18979999795556,2.2310000204015523,0.0,True,ok,4625,4625
3055,55,5.5,25,215732.1925516,215732.2176715,24.51739998650737,25.119900004938245,20.228999987011775,2.888999995775521,0.0,True,ok,4379,4379
3056,56,5.6000000000000005,25,215732.2256678,215732.2508514,24.653400003444403,25.183599995216355,21.14240001537837,2.1587999945040792,0.0,True,ok,4212,4212
3057,57,5.7,25,215732.2589663,215732.2862762,26.839800004381686,27.309900004183874,20.707299991045147,4.742999997688457,0.0,True,ok,4229,4229
3058,58,5.800000000000001,25,215732.2924818,215732.3182451,25.285700015956536,25.763300014659762,21.17369999177754,2.5523999938741326,0.0,True,ok,4294,4294
3059,59,5.9,25,215732.325976,215732.3510871,24.62999999988824,25.111099996138364,20.82679999875836,2.18390001100488,0.0,True,ok,4337,4337
3060,60,6.0,25,215732.3587886,215732.384763,25.434300012420863,25.974400021368638,21.604199981084093,2.32759999926202,0.0,True,ok,4334,4334
3061,61,6.1000000000000005,25,215732.3927556,215732.4203435,26.57410001847893,27.587899996433407,22.943300020415336,2.2589000000152737,0.0,True,ok,4169,4169
3062,62,6.2,25,215732.4255347,215732.4546017,28.602000005776063,29.066999995848164,24.68499998212792,2.365199994528666,0.0,True,ok,4172,4172
3063,63,6.300000000000001,25,215732.4589956,215732.4835696,24.037900002440438,24.57400001003407,20.331399980932474,2.3327000089921057,0.0,True,ok,4147,4147
3064,64,6.4,25,215732.4926579,215732.5177529,24.622299999464303,25.094999989960343,21.174099994823337,2.072399976896122,0.0,True,ok,4178,4178
3065,65,6.5,25,215732.5257775,215732.5544132,28.033000009600073,28.635700000450015,23.941699997521937,2.3714999842923135,0.0,True,ok,4169,4169
3066,66,6.6000000000000005,25,215732.5587934,215732.5841443,24.622199998702854,25.350899988552555,21.008500014431775,2.1892000222578645,0.0,True,ok,4168,4168
3067,67,6.7,25,215732.5921769,215732.6175258,24.8641999787651,25.34889997332357,21.388100023614243,2.051099989330396,0.0,True,ok,4086,4086
3068,68,6.800000000000001,25,215732.6255552,215732.6520435,25.82750000874512,26.48830000543967,21.929899987298995,2.4547000066377223,0.0,True,ok,4379,4379
3069,69,6.9,25,215732.6589347,215732.6863464,26.70580000267364,27.411699993535876,21.204399992711842,4.029600007925183,0.0,True,ok,4282,4282
3070,70,7.0,25,215732.6924537,215732.7168295,23.90839997678995,24.375799985136837,20.082300005014986,2.376599994022399,0.0,True,ok,4247,4247
3071,71,7.1000000000000005,25,215732.725596,215732.7494474,23.346700007095933,23.851400008425117,19.80490001733415,2.1025000023655593,0.0,True,ok,4354,4354
3072,72,7.2,25,215732.7589911,215732.783336,23.779399984050542,24.344899982679635,19.874000019626692,2.46690001222305,0.0,True,ok,4628,4628
3073,73,7.300000000000001,25,215732.792293,215732.8176019,24.619200004963204,25.30889998888597,20.60610000626184,2.278100000694394,0.0,True,ok,4287,4287
3074,74,7.4,25,215732.825743,215732.8505796,24.21850000973791,24.836600001435727,19.961899990448728,2.79880000744015,0.0,True,ok,4455,4455
3075,75,7.5,25,215732.8589615,215732.8829183,23.29509999253787,23.956799996085465,19.707800005562603,1.9900999905075878,0.0,True,ok,4560,4560
3076,76,7.6000000000000005,25,215732.8922779,215732.9177378,24.72359998500906,25.45989997452125,20.971199992345646,2.0779999904334545,0.0,True,ok,4662,4662
3077,77,7.7,25,215732.9258604,215732.9503024,23.89369998127222,24.44199999445118,20.235200005117804,2.1437999967020005,0.0,True,ok,4381,4381
3078,78,7.800000000000001,25,215732.9588924,215732.9833195,23.8064999866765,24.42709999741055,20.220500009600073,2.1541000169236213,0.0,True,ok,4350,4350
3079,79,7.9,25,215732.9924483,215733.0190443,26.102099975105375,26.59599998150952,22.23890001187101,2.165799989597872,0.0,True,ok,4058,4058
3080,80,8.0,25,215733.0255579,215733.0540482,28.021999984048307,28.490299999248236,24.129800003720447,2.3942000116221607,0.0,True,ok,4074,4074
3081,81,8.1,25,215733.0591345,215733.0831592,23.571199999423698,24.024699989240617,19.96620002319105,2.0954000065103173,0.0,True,ok,4079,4079
3082,82,8.200000000000001,25,215733.0922253,215733.1161969,23.38880000752397,23.971599992364645,19.776699977228418,2.1866000024601817,0.0,True,ok,4288,4288
3083,83,8.3,25,215733.125666,215733.151102,24.958299996796995,25.43599999626167,21.30709998891689,2.1471000218298286,0.0,True,ok,4269,4269
3084,84,8.4,25,215733.1592225,215733.184144,24.440999986836687,24.921500007621944,20.911700004944578,2.142799989087507,0.0,True,ok,3996,3996
3085,85,8.5,25,215733.1922669,215733.2180819,25.335900019854307,25.815000000875443,21.5856000140775,2.2672000050079077,0.0,True,ok,4318,4318
3086,86,8.6,25,215733.2258153,215733.2523963,26.071500004036352,26.581000012811273,22.55739999236539,2.069599984679371,0.0,True,ok,4410,4410
3087,87,8.700000000000001,25,215733.2591731,215733.2852452,24.91940002073534,26.072100008605048,21.355600008973852,2.092399983666837,0.0,True,ok,4345,4345
3088,88,8.8,25,215733.2922335,215733.3176642,24.915100017096847,25.430700014112517,20.39419999346137,2.1812999912071973,0.0,True,ok,3995,3995
3089,89,8.9,25,215733.3256296,215733.3503545,24.247599998489022,24.7248999949079,20.521200000075623,2.3080999962985516,0.0,True,ok,4114,4114
3090,90,9.0,25,215733.3588992,215733.3852608,25.763899990124628,26.361600001109764,21.944400010397658,2.340500010177493,0.0,True,ok,4407,4407
3091,91,9.1,25,215733.3925071,215733.4192474,26.060199976200238,26.740299974335358,22.287400002824143,2.3181999858934432,0.0,True,ok,4504,4504
3092,92,9.200000000000001,25,215733.4257915,215733.4501167,23.73839999199845,24.3252000072971,19.968700013123453,2.324899978702888,0.0,True,ok,4602,4602
3093,93,9.3,25,215733.4591326,215733.4847597,24.940399976912886,25.62709999619983,21.061300009023398,2.408200001809746,0.0,True,ok,4719,4719
3094,94,9.4,25,215733.4925066,215733.5175645,24.57230002619326,25.057899998500943,20.70980001008138,2.3680999875068665,0.0,True,ok,4623,4623
3095,95,9.5,25,215733.5261737,215733.5505597,23.87909998651594,24.38600000459701,19.973200018284842,2.2455000143963844,0.0,True,ok,4555,4555
3096,96,9.600000000000001,25,215733.5589906,215733.5842022,24.73239999380894,25.211600004695356,20.946400007233024,2.3350999981630594,0.0,True,ok,4902,4902
3097,97,9.700000000000001,25,215733.5925082,215733.6216563,28.521200001705438,29.148100002203137,23.330500000156462,2.996899973368272,0.0,True,ok,4793,4793
3098,98,9.8,25,215733.6254582,215733.6535121,27.57710000150837,28.053899994120002,23.510400002123788,2.415299997664988,0.0,True,ok,4857,4857
3099,99,9.9,25,215733.6590495,215733.6957299,36.20890001184307,36.68039999320172,32.16090000933036,2.6033000031020492,0.0,True,ok,4985,4985
3100,100,10.0,25,215733.6922734,215733.719917,24.177600018447265,27.64360001310706,20.627299993066117,2.121500001521781,0.0,True,ok,4973,4973
3101,101,10.100000000000001,25,215733.7256454,215733.7526412,26.528399990638718,26.995799998985603,22.930300008738413,2.1613999851979315,0.0,True,ok,4507,4507
3102,102,10.200000000000001,25,215733.7592748,215733.7881292,28.273100004298612,28.85440000682138,24.174999998649582,2.6974000211339444,0.0,True,ok,4834,4834
3103,103,10.3,25,215733.792553,215733.8189116,25.744000013219193,26.358600007370114,21.80479999515228,2.4867999891284853,0.0,True,ok,4943,4943
3104,104,10.4,25,215733.8256249,215733.8517568,25.47160000540316,26.131899998290464,20.44480000040494,3.5704999754671007,0.0,True,ok,5082,5082
3105,105,10.5,25,215733.8592162,215733.8830283,23.160200013080612,23.81210000021383,19.49350000359118,2.1428999898489565,0.0,True,ok,4986,4986
3106,106,10.600000000000001,25,215733.8922259,215733.9180771,25.419400015380234,25.85120001458563,21.88919999753125,2.136600000085309,0.0,True,ok,5037,5037
3107,107,10.700000000000001,25,215733.9258352,215733.9553012,28.67200001492165,29.46600000723265,25.11469999444671,2.137599978595972,0.0,True,ok,5162,5162
3108,108,10.8,25,215733.9589182,215733.9843885,24.707699980353937,25.47029999550432,20.94819999183528,2.337700017960742,0.0,True,ok,4884,4884
3109,109,10.9,25,215733.9922706,215734.0161046,23.16790001350455,23.834000021452084,19.65329999802634,2.147599996533245,0.0,True,ok,4890,4890
3110,110,11.0,25,215734.0256729,215734.052958,26.74750000005588,27.28509998996742,21.8520000053104,2.741600008448586,0.0,True,ok,4848,4848
3111,111,11.100000000000001,25,215734.0591107,215734.0838045,24.046100006671622,24.6937999909278,20.27440001256764,2.199300011852756,0.0,True,ok,5030,5030
3112,112,11.200000000000001,25,215734.0924325,215734.1179191,25.033900019479915,25.48660000320524,21.59270000993274,2.044100023340434,0.0,True,ok,5114,5114
3113,113,11.3,25,215734.1258042,215734.1516581,25.389699992956594,25.8538999769371,21.37970001786016,2.2758999839425087,0.0,True,ok,5293,5293
3114,114,11.4,25,215734.1588432,215734.1836068,24.13410000735894,24.76359999855049,20.256799994967878,2.4178000167012215,0.0,True,ok,5423,5423
3115,115,11.5,25,215734.1923126,215734.216672,23.869600001489744,24.359400005778298,20.089500001631677,2.34390000696294,0.0,True,ok,5340,5340
3116,116,11.600000000000001,25,215734.2259072,215734.250941,24.597300012828782,25.033800018718466,20.814599993173033,2.3702000034973025,0.0,True,ok,5279,5279
3117,117,11.700000000000001,25,215734.2592841,215734.2850159,24.67470002011396,25.731800007633865,20.97060001688078,2.294000005349517,0.0,True,ok,5498,5498
3118,118,11.8,25,215734.2922932,215734.3169866,24.072300002444535,24.693399987882003,20.338600006652996,2.2684000141453,0.0,True,ok,5517,5517
3119,119,11.9,25,215734.3256917,215734.3503448,24.060800002189353,24.653100001160055,20.172899996396154,2.280100015923381,0.0,True,ok,5266,5266
3120,0,0.0,26,215734.3620144,215734.3862195,23.66890001576394,24.20510002411902,19.987600011518225,2.316199999768287,0.0,True,ok,4708,4708
3121,1,0.1,26,215734.3925491,215734.4179404,24.4951999920886,25.391299976035953,20.706600014818832,2.2589000000152737,0.0,True,ok,4681,4681
3122,2,0.2,26,215734.4255914,215734.4494794,23.30719999736175,23.88799999607727,19.827699987217784,2.122100006090477,0.0,True,ok,4360,4360
3123,3,0.30000000000000004,26,215734.459224,215734.4884884,28.793800011044368,29.264400014653802,23.851300007663667,3.40919999871403,0.0,True,ok,4532,4532
3124,4,0.4,26,215734.4926817,215734.5207688,27.430799993453547,28.087099984986708,23.872700025094673,2.122799982316792,0.0,True,ok,4533,4533
3125,5,0.5,26,215734.5255482,215734.5538964,27.405700006056577,28.348199994070455,23.046999995131046,2.8350000211503357,0.0,True,ok,4334,4334
3126,6,0.6000000000000001,26,215734.5592513,215734.5860585,26.207299990346655,26.807199988979846,21.77200000733137,3.0030999914743006,0.0,True,ok,4462,4462
3127,7,0.7000000000000001,26,215734.592549,215734.6166819,23.681199993006885,24.132899998221546,19.889599992893636,2.3480000090785325,0.0,True,ok,4479,4479
3128,8,0.8,26,215734.625582,215734.6505575,24.532099982025102,24.97549998224713,21.093299990752712,2.0308000093791634,0.0,True,ok,4534,4534
3129,9,0.9,26,215734.6588916,215734.6831723,23.783699987689033,24.28069998859428,20.217099983710796,2.2038999886717647,0.0,True,ok,4491,4491
3130,10,1.0,26,215734.6922481,215734.7164558,23.7098999787122,24.20769998570904,19.730900006834418,2.3769999970681965,0.0,True,ok,4600,4600
3131,11,1.1,26,215734.7259763,215734.7537432,26.94160002283752,27.76690002065152,20.924399985233322,4.573099984554574,0.0,True,ok,4781,4781
3132,12,1.2000000000000002,26,215734.7589734,215734.7851477,25.72949999012053,26.174300001002848,22.09809998748824,2.0966000156477094,0.0,True,ok,5044,5044
3133,13,1.3,26,215734.7922696,215734.8214967,28.621000004932284,29.227099992567673,24.54260000376962,2.5807999772951007,0.0,True,ok,4620,4620
3134,14,1.4000000000000001,26,215734.8254346,215734.8526118,26.704799995059147,27.17719998327084,21.82840000023134,3.286499995738268,0.0,True,ok,4785,4785
3135,15,1.5,26,215734.8587637,215734.8833746,24.03190001496114,24.61089999997057,20.47269998001866,2.1672000002581626,0.0,True,ok,5045,5045
3136,16,1.6,26,215734.8926064,215734.9176108,24.530099995899945,25.004399998579174,20.46959998551756,2.477799978805706,0.0,True,ok,5382,5382
3137,17,1.7000000000000002,26,215734.9254404,215734.9494932,23.59029999934137,24.052799999481067,20.025700010592118,2.117899974109605,0.0,True,ok,5312,5312
3138,18,1.8,26,215734.9591167,215734.9839231,24.193799996282905,24.80640000430867,20.652800012612715,2.087199973175302,0.0,True,ok,5363,5363
3139,19,1.9000000000000001,26,215734.9923306,215735.018523,25.60059999814257,26.192399993306026,21.833800012245774,2.3179999843705446,0.0,True,ok,5455,5455
3140,20,2.0,26,215735.0259652,215735.0515608,24.98710001236759,25.595599989173934,21.206900011748075,2.330099989194423,0.0,True,ok,5508,5508
3141,21,2.1,26,215735.0590324,215735.0841781,24.680300004547462,25.14569999766536,21.0384999809321,2.1806999866385013,0.0,True,ok,5300,5300
3142,22,2.2,26,215735.0924874,215735.1169735,23.912400007247925,24.486100010108203,20.06529999198392,2.3434000031556934,0.0,True,ok,5384,5384
3143,23,2.3000000000000003,26,215735.1259471,215735.1499599,23.417300020810217,24.012800015043467,19.534399994881824,2.3080999962985516,0.0,True,ok,5355,5355
3144,24,2.4000000000000004,26,215735.1589641,215735.1839701,24.534399999538437,25.006000010762364,19.824300019536167,3.297599992947653,0.0,True,ok,5072,5072
3145,25,2.5,26,215735.1921715,215735.2177429,25.097799982177094,25.571399979526177,20.72929998394102,2.7791000029537827,0.0,True,ok,4851,4851
3146,26,2.6,26,215735.2257838,215735.2510713,24.83000000938773,25.287500000558794,21.017299994127825,2.1587999945040792,0.0,True,ok,4933,4933
3147,27,2.7,26,215735.2588458,215735.2835729,23.962299979757518,24.727099982555956,20.38970001740381,2.1807999873999506,0.0,True,ok,4889,4889
3148,28,2.8000000000000003,26,215735.2923856,215735.3170224,23.9646999980323,24.636799993459135,20.312200009357184,2.275900013046339,0.0,True,ok,4508,4508
3149,29,2.9000000000000004,26,215735.3259001,215735.3511464,24.638700007926673,25.2463000069838,21.046999987447634,2.1902000007685274,0.0,True,ok,4516,4516
3150,30,3.0,26,215735.3592831,215735.3859238,25.883299997076392,26.64070000173524,21.738799987360835,2.687200001673773,0.0,True,ok,4326,4326
3151,31,3.1,26,215735.3922256,215735.4197245,26.85840000049211,27.498900017235428,23.30850000726059,1.9555999897420406,0.0,True,ok,4407,4407
3152,32,3.2,26,215735.4256642,215735.4520096,25.406000000657514,26.345399994170293,20.645799988415092,2.1899999992456287,33.43860001768917,True,ok,4113,4113
3153,33,3.3000000000000003,26,215735.4592025,215735.4829159,23.32350000506267,23.713400005362928,19.806800002697855,2.2037999879103154,0.0,True,ok,4211,4211
3154,34,3.4000000000000004,26,215735.4922578,215735.516693,23.834999999962747,24.435200000880286,20.017500006360933,2.5074999721255153,0.0,True,ok,4198,4198
3155,35,3.5,26,215735.5255219,215735.5512156,24.94859998114407,25.69369997945614,21.158000017749146,2.52169999293983,0.0,True,ok,4125,4125
3156,36,3.6,26,215735.5592213,215735.5855213,25.816700013820082,26.29999999771826,22.307900013402104,2.2589000000152737,0.0,True,ok,4267,4267
3157,37,3.7,26,215735.5923915,215735.6174516,24.34110001195222,25.06010001525283,20.936200016876683,2.0579999836627394,0.0,True,ok,3805,3805
3158,38,3.8000000000000003,26,215735.6257848,215735.6500933,23.725900013232604,24.30849999655038,20.146399998338893,2.2403000039048493,0.0,True,ok,3921,3921
3159,39,3.9000000000000004,26,215735.6588378,215735.6843958,25.08359999046661,25.557999993907288,21.08919998863712,2.6086999860126525,0.0,True,ok,3864,3864
3160,40,4.0,26,215735.6924263,215735.7184652,25.463600002694875,26.038900017738342,22.005799983162433,2.1995999850332737,0.0,True,ok,3828,3828
3161,41,4.1000000000000005,26,215735.7257779,215735.7494851,23.12950001214631,23.70720001636073,19.81219998560846,2.073899988317862,0.0,True,ok,3659,3659
3162,42,4.2,26,215735.7591075,215735.7844655,24.60629999404773,25.358000013511628,20.396699983393773,2.3706999782007188,0.0,True,ok,3989,3989
3163,43,4.3,26,215735.792561,215735.8193753,26.357099995948374,26.81429998483509,21.77660001325421,1.9698000105563551,0.0,True,ok,4294,4294
3164,44,4.4,26,215735.825604,215735.8502792,24.12650000769645,24.675199994817376,20.087899989448488,2.571599994553253,0.0,True,ok,4623,4623
3165,45,4.5,26,215735.8589942,215735.884609,25.13240001280792,25.614799989853054,21.09960000962019,2.4895000096876174,0.0,True,ok,4708,4708
3166,46,4.6000000000000005,26,215735.8923678,215735.9183991,25.43300000252202,26.031299988972023,21.320900006685406,2.7523000026121736,0.0,True,ok,4834,4834
3167,47,4.7,26,215735.9258905,215735.9518447,25.47610001056455,25.954200013075024,21.81199999176897,2.3253000108525157,0.0,True,ok,4677,4677
3168,48,4.800000000000001,26,215735.9590175,215735.9844029,24.860800011083484,25.385400018421933,21.44030001363717,2.159600000595674,0.0,True,ok,4591,4591
3169,49,4.9,26,215735.9925961,215736.0183959,25.343999994220212,25.799800001550466,21.52029998251237,2.5126000109594315,0.0,True,ok,4442,4442
3170,50,5.0,26,215736.0260299,215736.050262,23.603800014825538,24.232099996879697,20.036200003232807,2.291399985551834,0.0,True,ok,4408,4408
3171,51,5.1000000000000005,26,215736.0590757,215736.0839872,24.47909998591058,24.91149998968467,20.873900008155033,2.329400012968108,0.0,True,ok,4418,4418
3172,52,5.2,26,215736.0925666,215736.1191543,26.004599989391863,26.587699976516888,21.294000005582348,3.048699989449233,0.0,True,ok,4600,4600
3173,53,5.300000000000001,26,215736.1259008,215736.1497898,23.41069999965839,23.889000003691763,20.028600003570318,2.097799995681271,0.0,True,ok,4489,4489
3174,54,5.4,26,215736.1592475,215736.1836327,23.888900002930313,24.385199998505414,20.20589998573996,2.3941000108607113,0.0,True,ok,4625,4625
3175,55,5.5,26,215736.1925988,215736.2180705,24.865500017767772,25.47170000616461,20.85220001754351,2.7249999984633178,0.0,True,ok,4379,4379
3176,56,5.6000000000000005,26,215736.2260145,215736.2510897,24.43920000223443,25.075200013816357,21.060700004454702,2.1087000204715878,0.0,True,ok,4212,4212
3177,57,5.7,26,215736.2589003,215736.2867298,27.24080000189133,27.829500002553686,23.752600012812763,2.2536999895237386,0.0,True,ok,4229,4229
3178,58,5.800000000000001,26,215736.2921492,215736.3165964,23.992100002942607,24.447200004942715,20.41919998009689,2.2788000060245395,0.0,True,ok,4294,4294
3179,59,5.9,26,215736.3258183,215736.349619,23.20809999946505,23.800699971616268,19.556300016120076,2.3144000151660293,0.0,True,ok,4337,4337
3180,60,6.0,26,215736.3588872,215736.3930639,33.67050000815652,34.176699991803616,28.86779999244027,3.173900011461228,0.0,True,ok,4334,4334
3181,61,6.1000000000000005,26,215736.3921069,215736.4210967,28.0174000072293,28.989800019189715,24.334999994607642,2.310900017619133,0.0,True,ok,4169,4169
3182,62,6.2,26,215736.4257024,215736.4516915,25.434100010897964,25.989099987782538,21.94129998679273,2.2080000198911875,0.0,True,ok,4172,4172
3183,63,6.300000000000001,26,215736.4587773,215736.4859431,26.550100010354072,27.165800012880936,22.70979998866096,2.5551999860908836,0.0,True,ok,4147,4147
3184,64,6.4,26,215736.4922019,215736.5194216,26.58620002330281,27.219700015848503,22.5440000067465,2.5304000009782612,0.0,True,ok,4178,4178
3185,65,6.5,26,215736.525757,215736.5673555,40.77950000646524,41.598500014515594,36.84000001521781,2.5052999844774604,0.0,True,ok,4169,4169
3186,66,6.6000000000000005,26,215736.5587461,215736.5988764,31.506600003922358,40.13030001078732,27.68199998536147,2.277799998410046,0.0,True,ok,4168,4168
3187,67,6.7,26,215736.5924701,215736.624993,26.099700015038252,32.52290000091307,22.68660001573153,2.1243999944999814,0.0,True,ok,4086,4086
3188,68,6.800000000000001,26,215736.6258957,215736.653892,27.36350000486709,27.99629999208264,23.525800002971664,2.567800023825839,0.0,True,ok,4379,4379
3189,69,6.9,26,215736.6589981,215736.6842295,24.325600010342896,25.231400009943172,20.888200000626966,1.9731000065803528,33.10239998972975,True,ok,4282,4282
3190,70,7.0,26,215736.6925699,215736.7168409,23.72319999267347,24.270999972941354,19.82970000244677,2.5024000206030905,0.0,True,ok,4247,4247
3191,71,7.1000000000000005,26,215736.7258514,215736.7516629,25.352800003020093,25.811500003328547,20.18829999724403,2.4329999869223684,0.0,True,ok,4354,4354
3192,72,7.2,26,215736.7591513,215736.7838138,23.59440000145696,24.6624999854248,19.96159998816438,2.267399977426976,0.0,True,ok,4628,4628
3193,73,7.300000000000001,26,215736.7922518,215736.8181716,25.438599986955523,25.919799983967096,21.646599983796477,2.4960999726317823,0.0,True,ok,4287,4287
3194,74,7.4,26,215736.8259938,215736.8505693,24.109099991619587,24.57549999235198,20.60910000000149,2.148500003386289,0.0,True,ok,4455,4455
3195,75,7.5,26,215736.8588414,215736.8841816,24.869500019121915,25.340199994388968,20.69220002158545,2.207399986218661,0.0,True,ok,4560,4560
3196,76,7.6000000000000005,26,215736.8925503,215736.9177516,24.125900003127754,25.201300013577566,20.773900003405288,2.092299982905388,0.0,True,ok,4662,4662
3197,77,7.7,26,215736.9255779,215736.9492866,23.189300001831725,23.70869999867864,19.710399996256456,2.0960000110790133,0.0,True,ok,4381,4381
3198,78,7.800000000000001,26,215736.9588852,215736.982565,23.038300016196445,23.679800011450425,19.396599993342534,2.2148999851197004,0.0,True,ok,4350,4350
3199,79,7.9,26,215736.9924304,215737.0181927,25.174799986416474,25.76230000704527,20.073199993930757,3.8460000068880618,0.0,True,ok,4058,4058
3200,80,8.0,26,215737.025442,215737.049184,23.31290001166053,23.741999990306795,19.906000001356006,2.1604000066872686,0.0,True,ok,4074,4074
3201,81,8.1,26,215737.0591969,215737.0846104,24.624999990919605,25.413499999558553,21.30710001802072,2.13060001260601,0.0,True,ok,4079,4079
3202,82,8.200000000000001,26,215737.0921014,215737.116242,23.46699999179691,24.140599998645484,20.138699997914955,2.053700009128079,0.0,True,ok,4288,4288
3203,83,8.3,26,215737.1254234,215737.1505436,24.30570000433363,25.120200007222593,20.767300011357293,2.2698999964632094,0.0,True,ok,4269,4269
3204,84,8.4,26,215737.1589824,215737.1838342,24.353899993002415,24.851800000760704,20.898499991744757,2.116899995598942,0.0,True,ok,3996,3996
3205,85,8.5,26,215737.1924142,215737.2191353,25.776099995709956,26.721100002760068,22.35910002491437,2.134000009391457,0.0,True,ok,4318,4318
3206,86,8.6,26,215737.2260292,215737.2528447,25.736100011272356,26.81549999397248,21.174499997869134,3.274599992437288,0.0,True,ok,4410,4410
3207,87,8.700000000000001,26,215737.2589427,215737.2826889,23.09230001992546,23.746200022287667,19.62839998304844,2.0385999814607203,0.0,True,ok,4345,4345
3208,88,8.8,26,215737.2922772,215737.3205098,27.44499998516403,28.232599986949936,24.116399988997728,2.0308000093791634,0.0,True,ok,3995,3995
3209,89,8.9,26,215737.325661,215737.3521379,25.99909997661598,26.476899976842105,22.691099991789088,2.1222000068519264,0.0,True,ok,4114,4114
3210,90,9.0,26,215737.3592735,215737.3849912,25.066400005016476,25.717699987581,21.779100003186613,2.0269000087864697,0.0,True,ok,4407,4407
3211,91,9.1,26,215737.3922488,215737.4231832,30.453800020040944,30.93440001248382,26.990000013029203,2.1650000126101077,0.0,True,ok,4504,4504
3212,92,9.200000000000001,26,215737.4255863,215737.4504412,24.214899982325733,24.854899995261803,20.568700012518093,2.376700023887679,0.0,True,ok,4602,4602
3213,93,9.3,26,215737.4588925,215737.4847458,25.16530000139028,25.853300001472235,21.490999992238358,2.390999987255782,0.0,True,ok,4719,4719
3214,94,9.4,26,215737.4922426,215737.5185848,25.865600007819012,26.342199998907745,22.426200011977926,2.1946000051684678,0.0,True,ok,4623,4623
3215,95,9.5,26,215737.5256202,215737.5511035,24.72340001258999,25.483300007181242,21.16770000429824,2.279000007547438,0.0,True,ok,4555,4555
3216,96,9.600000000000001,26,215737.5590607,215737.5861294,26.55500001856126,27.06870000110939,23.115300020435825,2.234399988083169,0.0,True,ok,4902,4902
3217,97,9.700000000000001,26,215737.5924412,215737.6186218,25.70270001888275,26.180600019870326,22.248499997658655,2.125800005160272,0.0,True,ok,4793,4793
3218,98,9.8,26,215737.6258212,215737.6501281,23.14990002196282,24.306900013471022,19.8165999900084,2.067299996269867,0.0,True,ok,4857,4857
3219,99,9.9,26,215737.6588646,215737.6829496,23.53530001710169,24.08500001183711,20.055800006957725,2.1567000076174736,0.0,True,ok,4985,4985
3220,100,10.0,26,215737.6922252,215737.7160815,23.401299986289814,23.856299987528473,20.13489999808371,2.028899994911626,0.0,True,ok,4973,4973
3221,101,10.100000000000001,26,215737.7255408,215737.7515437,25.549899990437552,26.002900005551055,22.214800002984703,2.0841000077780336,0.0,True,ok,4507,4507
3222,102,10.200000000000001,26,215737.758857,215737.7829836,23.56779997353442,24.12659997935407,20.209699985571206,2.1129000233486295,0.0,True,ok,4834,4834
3223,103,10.3,26,215737.7922629,215737.8164702,23.577899992233142,24.207299982663244,20.1764999947045,2.1176000009290874,0.0,True,ok,4943,4943
3224,104,10.4,26,215737.8259463,215737.8570097,30.052499991143122,31.06340000522323,25.311100005637854,3.461299987975508,0.0,True,ok,5082,5082
3225,105,10.5,26,215737.8588989,215737.8833882,23.97209999617189,24.48929997626692,20.51409997511655,2.2078999900259078,0.0,True,ok,4986,4986
3226,106,10.600000000000001,26,215737.8925018,215737.9159616,22.764399996958673,23.45979999518022,19.41619999706745,2.1004999871365726,0.0,True,ok,5037,5037
3227,107,10.700000000000001,26,215737.9258643,215737.9511595,24.603199999546632,25.29520000098273,20.891199994366616,2.273199992487207,0.0,True,ok,5162,5162
3228,108,10.8,26,215737.959235,215737.9839755,24.066600017249584,24.740500026382506,20.636900007957593,2.165299985790625,0.0,True,ok,4884,4884
3229,109,10.9,26,215737.9925629,215738.018587,25.56199999526143,26.024099992355332,22.206800000276417,1.9923000072594732,0.0,True,ok,4890,4890
3230,110,11.0,26,215738.0259103,215738.0498489,23.469200008548796,23.938600003020838,19.918100006179884,2.33510002726689,0.0,True,ok,4848,4848
3231,111,11.100000000000001,26,215738.0592112,215738.0847901,25.08069999748841,25.578900007531047,21.714100003009662,2.0884000114165246,0.0,True,ok,5030,5030
3232,112,11.200000000000001,26,215738.0925641,215738.1177901,24.76040000328794,25.22599999792874,21.307199989678338,2.138300013029948,0.0,True,ok,5114,5114
3233,113,11.3,26,215738.1255773,215738.1538158,27.603399998042732,28.238500002771616,20.674600003985688,5.605600017588586,0.0,True,ok,5293,5293
3234,114,11.4,26,215738.1591808,215738.1841494,24.277000018628314,24.968600017018616,20.51849997951649,2.3373000149149448,0.0,True,ok,5423,5423
3235,115,11.5,26,215738.1924261,215738.2163341,23.2108999916818,23.908000002847984,19.38949999748729,2.512400009436533,0.0,True,ok,5340,5340
3236,116,11.600000000000001,26,215738.2257798,215738.2508869,24.614199995994568,25.10709999478422,20.969600009266287,2.310600015334785,0.0,True,ok,5279,5279
3237,117,11.700000000000001,26,215738.2591381,215738.2837947,23.96520000183955,24.65659999870695,20.363300020108,2.2579999931622297,0.0,True,ok,5498,5498
3238,118,11.8,26,215738.2924828,215738.3166997,23.677199991652742,24.21689999755472,20.05219997954555,2.2841999889351428,0.0,True,ok,5517,5517
3239,119,11.9,26,215738.3259161,215738.3516012,25.212200009264052,25.68510000128299,21.69789999607019,2.191600011428818,0.0,True,ok,5266,5266
3240,0,0.0,27,215738.3614282,215738.3863537,24.229700007708743,24.925500008976087,20.69819997996092,2.29049997869879,0.0,True,ok,4708,4708
3241,1,0.1,27,215738.3924995,215738.4235555,30.08549998048693,31.05599997797981,26.5460999798961,2.2791000083088875,0.0,True,ok,4681,4681
3242,2,0.2,27,215738.4257133,215738.4501276,23.957900004461408,24.414299987256527,19.818900007521734,2.8282999992370605,0.0,True,ok,4360,4360
3243,3,0.30000000000000004,27,215738.4588248,215738.4835192,24.214800010668114,24.694399995496497,20.354899985250086,2.520400012144819,0.0,True,ok,4532,4532
3244,4,0.4,27,215738.4923746,215738.5163805,23.262899980181828,24.005899991607293,19.8787999979686,2.102700003888458,0.0,True,ok,4533,4533
3245,5,0.5,27,215738.525701,215738.5534597,26.613199996063486,27.758699987316504,21.837599982973188,3.482200001599267,0.0,True,ok,4334,4334
3246,6,0.6000000000000001,27,215738.5589423,215738.5848271,25.364500004798174,25.884800008498132,22.00759999686852,2.0416000043042004,0.0,True,ok,4462,4462
3247,7,0.7000000000000001,27,215738.5922881,215738.6162954,23.539199988590553,24.007300002267584,20.1451999892015,2.135399990947917,0.0,True,ok,4479,4479
3248,8,0.8,27,215738.6257857,215738.6512011,24.813099997118115,25.41540001402609,21.349600021494552,2.1815000218339264,0.0,True,ok,4534,4534
3249,9,0.9,27,215738.6588156,215738.683692,24.259500001790002,24.876399984350428,20.82110001356341,2.0915000059176236,0.0,True,ok,4491,4491
3250,10,1.0,27,215738.6925724,215738.7193042,26.27030000439845,26.731799996923655,22.383400006219745,2.4157000007107854,0.0,True,ok,4600,4600
3251,11,1.1,27,215738.7259358,215738.7497176,23.34720001090318,23.781800002325326,19.781900016823784,2.097199991112575,0.0,True,ok,4781,4781
3252,12,1.2000000000000002,27,215738.7592178,215738.784415,24.742500012507662,25.197200011461973,21.257499989587814,2.156800008378923,0.0,True,ok,5044,5044
3253,13,1.3,27,215738.7921294,215738.818431,25.57830000296235,26.30159998079762,21.893199998885393,2.368799992837012,0.0,True,ok,4620,4620
3254,14,1.4000000000000001,27,215738.8254818,215738.8498915,23.699399986071512,24.409699981333688,19.75569999194704,2.6403999945614487,0.0,True,ok,4785,4785
3255,15,1.5,27,215738.859075,215738.8853034,25.76520000002347,26.228400005493313,21.990999986883253,2.4126999778673053,0.0,True,ok,5045,5045
3256,16,1.6,27,215738.8926036,215738.9173416,24.15760001167655,24.738000007346272,20.30089998152107,2.3021000088192523,0.0,True,ok,5382,5382
3257,17,1.7000000000000002,27,215738.926,215738.9505172,23.890399985248223,24.517199984984472,20.13779999106191,2.3527999874204397,0.0,True,ok,5312,5312
3258,18,1.8,27,215738.958936,215738.9830849,23.548299999674782,24.14890000363812,19.723499979590997,2.237100008642301,0.0,True,ok,5363,5363
3259,19,1.9000000000000001,27,215738.9922913,215739.0176513,24.74590000929311,25.359999999636784,20.994999998947605,2.361000020755455,0.0,True,ok,5455,5455
3260,20,2.0,27,215739.0255373,215739.0507021,24.722700007259846,25.16479999758303,21.036599995568395,2.3270999954547733,0.0,True,ok,5508,5508
3261,21,2.1,27,215739.0589207,215739.0850797,25.100799975916743,26.15900000091642,21.574599988525733,2.1059999999124557,0.0,True,ok,5300,5300
3262,22,2.2,27,215739.0921599,215739.1194179,26.79629999329336,27.257999987341464,22.955699998419732,2.426699997158721,0.0,True,ok,5384,5384
3263,23,2.3000000000000003,27,215739.1259421,215739.1521254,25.182099983794615,26.183299982221797,21.504800010006875,2.2883000201545656,0.0,True,ok,5355,5355
3264,24,2.4000000000000004,27,215739.1590048,215739.1837822,24.306500010425225,24.777400016319007,20.646699995268136,2.2523999796248972,0.0,True,ok,5072,5072
3265,25,2.5,27,215739.192534,215739.2169876,23.849899997003376,24.453599995467812,20.12339999782853,2.2794999822508544,0.0,True,ok,4851,4851
3266,26,2.6,27,215739.2255178,215739.2506394,24.53240001341328,25.121600017882884,20.63579999958165,2.503800002159551,0.0,True,ok,4933,4933
3267,27,2.7,27,215739.2588749,215739.2853629,26.038100011646748,26.48800000315532,22.407300013583153,2.12309998460114,0.0,True,ok,4889,4889
3268,28,2.8000000000000003,27,215739.2923668,215739.320146,27.17120002489537,27.779200026998296,21.781900024507195,4.042200016556308,0.0,True,ok,4508,4508
3269,29,2.9000000000000004,27,215739.3256565,215739.3536116,27.527900005225092,27.95509999850765,23.98850000463426,2.199699985794723,0.0,True,ok,4516,4516
3270,30,3.0,27,215739.3590038,215739.3857177,26.22460000566207,26.713900006143376,22.694100014632568,2.276599989272654,0.0,True,ok,4326,4326
3271,31,3.1,27,215739.3924963,215739.4163395,23.408099979860708,23.843200004193932,19.943299994338304,2.1597000013571233,0.0,True,ok,4407,4407
3272,32,3.2,27,215739.4258237,215739.4507076,24.1944000008516,24.883899983251467,20.70829999865964,2.089799992972985,0.0,True,ok,4113,4113
3273,33,3.3000000000000003,27,215739.4592346,215739.4839505,24.21999999205582,24.71589998458512,20.60640000854619,2.268599986564368,0.0,True,ok,4211,4211
3274,34,3.4000000000000004,27,215739.4926631,215739.5169178,23.788100021192804,24.254699994344264,20.018800016259775,2.4557000142522156,0.0,True,ok,4198,4198
3275,35,3.5,27,215739.5253885,215739.5517008,25.688599998829886,26.312299974961206,20.78570000594482,2.3876999912317842,0.0,True,ok,4125,4125
3276,36,3.6,27,215739.5591471,215739.5839493,23.850400000810623,24.80220000143163,20.297399983974174,2.312500000698492,0.0,True,ok,4267,4267
3277,37,3.7,27,215739.5921452,215739.6171988,24.564499995904043,25.053599994862452,21.171799977310002,2.095300005748868,0.0,True,ok,3805,3805
3278,38,3.8000000000000003,27,215739.6256096,215739.6512237,25.15150001272559,25.61409998452291,21.52619999833405,2.3209000064525753,0.0,True,ok,3921,3921
3279,39,3.9000000000000004,27,215739.6589202,215739.6866262,26.908500003628433,27.70600002259016,21.70719997957349,3.340600000228733,0.0,True,ok,3864,3864
3280,40,4.0,27,215739.6924122,215739.7179275,24.914299981901422,25.515299988910556,21.159600000828505,2.0195000106468797,0.0,True,ok,3828,3828
3281,41,4.1000000000000005,27,215739.7258139,215739.751502,25.101000006543472,25.68809999502264,20.696099993074313,3.0140999879222363,0.0,True,ok,3659,3659
3282,42,4.2,27,215739.7587554,215739.7828589,23.691999987931922,24.103500007186085,20.181800005957484,2.20309998258017,0.0,True,ok,3989,3989
3283,43,4.3,27,215739.7925435,215739.8174548,24.35740001965314,24.911300017265603,20.999800006393343,2.0369999983813614,0.0,True,ok,4294,4294
3284,44,4.4,27,215739.8257268,215739.8545286,27.94910001102835,28.801800013752654,24.32080000289716,2.3216999834403396,0.0,True,ok,4623,4623
3285,45,4.5,27,215739.8591641,215739.8857186,26.105400000233203,26.554500014754012,22.290299995802343,2.4751000164542347,0.0,True,ok,4708,4708
3286,46,4.6000000000000005,27,215739.8925699,215739.9165557,23.307499999646097,23.98580001317896,19.67259999946691,2.142300014384091,0.0,True,ok,4834,4834
3287,47,4.7,27,215739.9259437,215739.954377,27.692099974956363,28.43330000177957,23.95140001317486,2.265199989778921,0.0,True,ok,4677,4677
3288,48,4.800000000000001,27,215739.9590819,215739.983347,23.620299994945526,24.265100015327334,20.07400000002235,2.1841999841853976,0.0,True,ok,4591,4591
3289,49,4.9,27,215739.9924941,215740.0194521,26.439800014486536,26.95800000219606,21.201099996687844,3.888500010361895,0.0,True,ok,4442,4442
3290,50,5.0,27,215740.0258063,215740.0507391,24.517999991076067,24.932800006354228,21.015800011809915,2.1732999884989113,0.0,True,ok,4408,4408
3291,51,5.1000000000000005,27,215740.058908,215740.0877602,28.049199987435713,28.852199990069494,24.39179999055341,2.310399984708056,0.0,True,ok,4418,4418
3292,52,5.2,27,215740.0923753,215740.1174793,24.494900018908083,25.104000000283122,20.750399999087676,2.375399984885007,0.0,True,ok,4600,4600
3293,53,5.300000000000001,27,215740.1260096,215740.1505016,23.968399997102097,24.491999996826053,20.225799991749227,2.397100004600361,0.0,True,ok,4489,4489
3294,54,5.4,27,215740.1588677,215740.1851121,25.691999995615333,26.244400010909885,21.556899999268353,2.8267000161577016,0.0,True,ok,4625,4625
3295,55,5.5,27,215740.192168,215740.2179319,25.35300000454299,25.763899990124628,20.15580001170747,3.253500006394461,0.0,True,ok,4379,4379
3296,56,5.6000000000000005,27,215740.2259744,215740.2499421,23.065099987434223,23.96769999177195,19.612400006735697,2.1712000016123056,0.0,True,ok,4212,4212
3297,57,5.7,27,215740.2589951,215740.2846016,24.91909998934716,25.60649998486042,21.30830002715811,2.3234999971464276,0.0,True,ok,4229,4229
3298,58,5.800000000000001,27,215740.2921597,215740.3183712,25.730499997735023,26.211499993223697,22.038299997802824,2.3199999995995313,0.0,True,ok,4294,4294
3299,59,5.9,27,215740.3258496,215740.3522045,25.885599985485896,26.35490000830032,22.192099975654855,2.344899985473603,0.0,True,ok,4337,4337
3300,60,6.0,27,215740.3588481,215740.3857301,26.386600016849115,26.88200000557117,21.82680001715198,2.6156000094488263,0.0,True,ok,4334,4334
3301,61,6.1000000000000005,27,215740.3923799,215740.4168392,24.023300007684156,24.459300009766594,19.781699986197054,2.3806999961379915,0.0,True,ok,4169,4169
3302,62,6.2,27,215740.4256892,215740.4493238,23.082800005795434,23.63460001652129,19.6371000201907,2.065200009383261,0.0,True,ok,4172,4172
3303,63,6.300000000000001,27,215740.4588392,215740.4840081,24.510499992175028,25.168899999698624,20.779799990123138,2.326399990124628,0.0,True,ok,4147,4147
3304,64,6.4,27,215740.4922084,215740.5205719,27.896300016436726,28.363499994156882,22.166000009747222,2.7783000259660184,0.0,True,ok,4178,4178
3305,65,6.5,27,215740.5255972,215740.5510764,24.9887999962084,25.47920000506565,21.431100001791492,2.207200013799593,0.0,True,ok,4169,4169
3306,66,6.6000000000000005,27,215740.5591673,215740.5848005,25.1873999950476,25.63319998444058,21.294700010912493,2.4151999969035387,0.0,True,ok,4168,4168
3307,67,6.7,27,215740.592641,215740.6207036,27.309800003422424,28.062600002158433,23.29799998551607,2.227099990705028,0.0,True,ok,4086,4086
3308,68,6.800000000000001,27,215740.6256022,215740.6518161,25.738900003489107,26.21390001149848,21.86530001927167,2.439300005789846,0.0,True,ok,4379,4379
3309,69,6.9,27,215740.6589674,215740.6848647,25.435099989408627,25.897299987263978,21.395199990365654,2.664100000401959,0.0,True,ok,4282,4282
3310,70,7.0,27,215740.6923492,215740.7183183,24.8892999952659,25.969100010115653,21.25039999373257,2.3065000132191926,0.0,True,ok,4247,4247
3311,71,7.1000000000000005,27,215740.7258626,215740.7540261,27.71049999864772,28.163500013761222,23.75160000519827,2.160999982152134,0.0,True,ok,4354,4354
3312,72,7.2,27,215740.7589402,215740.7849688,25.146900006802753,26.02859999751672,21.45220001693815,2.2532999864779413,0.0,True,ok,4628,4628
3313,73,7.300000000000001,27,215740.792528,215740.8162027,23.21369998389855,23.67470000172034,19.823399983579293,1.9939999911002815,0.0,True,ok,4287,4287
3314,74,7.4,27,215740.8259462,215740.8509699,24.338599992915988,25.023700000019744,20.907199999783188,2.0124000147916377,0.0,True,ok,4455,4455
3315,75,7.5,27,215740.8588027,215740.8877947,28.522599983261898,28.99199997773394,23.400100006256253,3.485299996100366,0.0,True,ok,4560,4560
3316,76,7.6000000000000005,27,215740.8921706,215740.9172324,24.491600022884086,25.061799999093637,20.893900014925748,2.164399978937581,0.0,True,ok,4662,4662
3317,77,7.7,27,215740.9256345,215740.9508248,24.73659999668598,25.19030001712963,21.183100005146116,2.075099997455254,0.0,True,ok,4381,4381
3318,78,7.800000000000001,27,215740.9589493,215740.9872727,27.73410000372678,28.323400008957833,24.104700016323477,2.023099979851395,0.0,True,ok,4350,4350
3319,79,7.9,27,215740.9925033,215741.0177199,24.632599990582094,25.216600013663992,21.05660000233911,2.195000008214265,0.0,True,ok,4058,4058
3320,80,8.0,27,215741.025697,215741.0511938,25.01549999578856,25.49679999356158,21.46980000543408,2.1474999957717955,0.0,True,ok,4074,4074
3321,81,8.1,27,215741.05905,215741.0836396,23.96520000183955,24.589599983301014,20.475099998293445,2.1495000110007823,0.0,True,ok,4079,4079
3322,82,8.200000000000001,27,215741.0925035,215741.1175391,24.418999993940815,25.035600003320724,20.844100014073774,2.1678000048268586,0.0,True,ok,4288,4288
3323,83,8.3,27,215741.1258099,215741.1502912,23.835800006054342,24.481300002662465,20.1707000087481,2.1667999972123653,0.0,True,ok,4269,4269
3324,84,8.4,27,215741.1588729,215741.1831466,23.80210001138039,24.273699993500486,20.045500015839934,2.231399994343519,0.0,True,ok,3996,3996
3325,85,8.5,27,215741.1921849,215741.2174008,24.51610000571236,25.215900008333847,20.796299999346957,2.282000001287088,0.0,True,ok,4318,4318
3326,86,8.6,27,215741.2256214,215741.2500148,23.777800000971183,24.3934000027366,20.28299999074079,2.0604000019375235,0.0,True,ok,4410,4410
3327,87,8.700000000000001,27,215741.2592665,215741.2849856,25.097800011280924,25.71909999824129,20.713400008389726,2.9052000027149916,0.0,True,ok,4345,4345
3328,88,8.8,27,215741.2921737,215741.3172058,24.318800016772002,25.032100005773827,19.718399998964742,3.173800010699779,0.0,True,ok,3995,3995
3329,89,8.9,27,215741.3257625,215741.3670247,40.744400001131,41.26220001489855,36.562499997671694,2.589300012914464,0.0,True,ok,4114,4114
3330,90,9.0,27,215741.3587953,215741.4014447,34.402299992507324,42.64939998392947,29.794000001857057,2.789399994071573,0.0,True,ok,4407,4407
3331,91,9.1,27,215741.3925166,215741.4308476,29.377799975918606,38.33099998882972,25.50129999872297,2.3407999833580106,0.0,True,ok,4504,4504
3332,92,9.200000000000001,27,215741.425686,215741.4562412,25.3828999993857,30.55520000634715,21.10839998931624,2.712700021220371,0.0,True,ok,4602,4602
3333,93,9.3,27,215741.4592297,215741.489072,29.35779999825172,29.84229999128729,25.339800020447,2.530099998693913,0.0,True,ok,4719,4719
3334,94,9.4,27,215741.4926686,215741.5179191,24.654700013343245,25.250500009860843,20.97070001764223,2.279300009831786,0.0,True,ok,4623,4623
3335,95,9.5,27,215741.5254472,215741.5529654,27.047900017350912,27.518200018675998,23.256200016476214,2.3665000044275075,0.0,True,ok,4555,4555
3336,96,9.600000000000001,27,215741.5591486,215741.5906694,31.053299986524507,31.520799995632842,26.760299981106073,2.8510999982245266,0.0,True,ok,4902,4902
3337,97,9.700000000000001,27,215741.5922318,215741.6212755,28.546399989863858,29.04369999305345,23.952500021550804,3.1497000018134713,0.0,True,ok,4793,4793
3338,98,9.8,27,215741.6253977,215741.651659,25.802899996051565,26.26129999407567,21.96469999034889,2.358300000196323,0.0,True,ok,4857,4857
3339,99,9.9,27,215741.6588203,215741.6876287,28.185200004372746,28.80839997669682,24.056499998550862,2.207099983934313,0.0,True,ok,4985,4985
3340,100,10.0,27,215741.6925028,215741.7182075,25.162500009173527,25.704700005007908,21.584300004178658,2.0755000005010515,0.0,True,ok,4973,4973
3341,101,10.100000000000001,27,215741.7255132,215741.7510249,25.059500010684133,25.51169999060221,21.059199993032962,2.400899975327775,0.0,True,ok,4507,4507
3342,102,10.200000000000001,27,215741.7589512,215741.7850766,25.511300016660243,26.12540000700392,21.387400018284097,2.1927999914623797,0.0,True,ok,4834,4834
3343,103,10.3,27,215741.7924204,215741.8162306,23.337599996011704,23.810200014850125,19.71870000124909,2.143999998224899,0.0,True,ok,4943,4943
3344,104,10.4,27,215741.8257617,215741.8521765,25.943799992091954,26.414799998747185,20.701400004327297,3.6746000114362687,0.0,True,ok,5082,5082
3345,105,10.5,27,215741.8589721,215741.883574,24.097600020468235,24.60190001875162,20.10100000188686,2.12910000118427,33.21039999718778,True,ok,4986,4986
3346,106,10.600000000000001,27,215741.8923836,215741.9165782,23.603800014825538,24.1946000023745,19.971300003817305,2.1606000082101673,0.0,True,ok,5037,5037
3347,107,10.700000000000001,27,215741.9258796,215741.9522208,25.711400026921183,26.341200020397082,21.5485000226181,2.6957000081893057,0.0,True,ok,5162,5162
3348,108,10.8,27,215741.9588833,215741.9850845,25.728499982506037,26.201200002105907,21.909500006586313,2.370400005020201,0.0,True,ok,4884,4884
3349,109,10.9,27,215741.992357,215742.0167113,23.764100013067946,24.354299996048212,20.17199998954311,2.1346999856177717,0.0,True,ok,4890,4890
3350,110,11.0,27,215742.0256744,215742.059917,33.41960001853295,34.24259999883361,28.571599978022277,3.124099981505424,0.0,True,ok,4848,4848
3351,111,11.100000000000001,27,215742.059194,215742.092206,32.27279998827726,33.01199999987148,27.649399999063462,2.572800003690645,0.0,True,ok,5030,5030
3352,112,11.200000000000001,27,215742.0925629,215742.1287845,35.61170000466518,36.221599992131814,30.746000004000962,3.0097000126261264,0.0,True,ok,5114,5114
3353,113,11.3,27,215742.1260396,215742.1636857,34.883700020145625,37.64610001235269,30.867100023897365,2.5504000077489763,0.0,True,ok,5293,5293
3354,114,11.4,27,215742.159789,215742.1894452,25.75030000298284,29.656200000317767,21.91009998205118,2.370400005020201,0.0,True,ok,5423,5423
3355,115,11.5,27,215742.1923789,215742.2182818,25.398599973414093,25.90289997169748,21.451600012369454,2.475899993441999,0.0,True,ok,5340,5340
3356,116,11.600000000000001,27,215742.2254639,215742.2561524,30.173999984981492,30.68850000272505,26.523299980908632,2.1847000170964748,0.0,True,ok,5279,5279
3357,117,11.700000000000001,27,215742.2590326,215742.2917629,32.22899997490458,32.73029997944832,27.690499991877005,2.3013000027276576,0.0,True,ok,5498,5498
3358,118,11.8,27,215742.2920224,215742.3230593,30.419599992455915,31.036899978062138,25.674400007119402,2.950299996882677,0.0,True,ok,5517,5517
3359,119,11.9,27,215742.325452,215742.3605069,34.430300001986325,35.05490001407452,30.177599983289838,2.5425999774597585,0.0,True,ok,5266,5266
3360,0,0.0,28,215742.3620343,215742.3949294,31.68839999125339,32.89510001195595,27.175000024726614,2.980799996294081,0.0,True,ok,4708,4708
3361,1,0.1,28,215742.3922118,215742.418327,23.387399996863678,26.115199987543747,19.791600003372878,2.1454999805428088,0.0,True,ok,4681,4681
3362,2,0.2,28,215742.4256549,215742.4612463,34.79869998409413,35.59139999561012,29.341000015847385,2.460499992594123,0.0,True,ok,4360,4360
3363,3,0.30000000000000004,28,215742.4590922,215742.4977632,36.502799979643896,38.67099998751655,32.53029999905266,2.491299994289875,0.0,True,ok,4532,4532
3364,4,0.4,28,215742.492308,215742.5228556,25.080099992919713,30.54760000668466,21.245800016913563,2.3123999999370426,0.0,True,ok,4533,4533
3365,5,0.5,28,215742.5256109,215742.5605979,34.27500001271255,34.98700002091937,29.779700009385124,2.765499986708164,0.0,True,ok,4334,4334
3366,6,0.6000000000000001,28,215742.5589203,215742.5902629,29.64860000065528,31.342599977506325,25.455800001509488,2.641099999891594,0.0,True,ok,4462,4462
3367,7,0.7000000000000001,28,215742.5923718,215742.6189313,26.088400016305968,26.559499994618818,22.33939999132417,2.1302000095602125,0.0,True,ok,4479,4479
3368,8,0.8,28,215742.6256056,215742.6525069,26.39939999789931,26.90129997790791,22.210299997823313,2.5476000155322254,0.0,True,ok,4534,4534
3369,9,0.9,28,215742.65908,215742.6847302,25.046199996722862,25.650199997471645,21.111999987624586,2.5061000196728855,0.0,True,ok,4491,4491
3370,10,1.0,28,215742.6926099,215742.7216386,28.532399999676272,29.028699995251372,24.672800005646423,2.3270000237971544,0.0,True,ok,4600,4600
3371,11,1.1,28,215742.7257339,215742.7527595,26.567799999611452,27.025599993066862,23.026699986075982,2.091799979098141,0.0,True,ok,4781,4781
3372,12,1.2000000000000002,28,215742.759286,215742.7868717,26.803399989148602,27.585700008785352,21.597999992081895,2.4884000013116747,0.0,True,ok,5044,5044
3373,13,1.3,28,215742.7922768,215742.8195845,26.686299999710172,27.307699987431988,23.00810001906939,2.2219999809749424,0.0,True,ok,4620,4620
3374,14,1.4000000000000001,28,215742.8257,215742.8558875,29.558499983977526,30.18750000046566,25.463700003456324,2.634099975693971,0.0,True,ok,4785,4785
3375,15,1.5,28,215742.8589686,215742.8842667,24.603900004876778,25.298100023064762,20.666500000515953,2.1858999971300364,0.0,True,ok,5045,5045
3376,16,1.6,28,215742.8924947,215742.9178169,24.84379999805242,25.32220000284724,20.955100015271455,2.383500017458573,0.0,True,ok,5382,5382
3377,17,1.7000000000000002,28,215742.9258805,215742.9508881,24.427199998172,25.007599993841723,20.657200017012656,2.2618999937549233,0.0,True,ok,5312,5312
3378,18,1.8,28,215742.9589064,215742.9854886,26.099000009708107,26.582200021948665,22.057099995436147,2.4664000084158033,0.0,True,ok,5363,5363
3379,19,1.9000000000000001,28,215742.9927622,215743.0183418,24.73679999820888,25.57959998375736,20.854600006714463,2.3490999883506447,0.0,True,ok,5455,5455
3380,20,2.0,28,215743.0258436,215743.054028,27.71030002622865,28.18440002738498,20.929999998770654,5.296299990732223,0.0,True,ok,5508,5508
3381,21,2.1,28,215743.0588307,215743.087734,28.420899994671345,28.90330000082031,22.56919999490492,4.184299992630258,0.0,True,ok,5300,5300
3382,22,2.2,28,215743.0922343,215743.1171092,24.390599981416017,24.874899972928688,20.519399986369535,2.357499994104728,0.0,True,ok,5384,5384
3383,23,2.3000000000000003,28,215743.1255651,215743.1506581,24.574999988544732,25.093000003835186,20.662900002207607,2.3677000135648996,0.0,True,ok,5355,5355
3384,24,2.4000000000000004,28,215743.1590835,215743.1859892,26.260599988745525,26.90569998230785,22.461599990492687,2.375099982600659,0.0,True,ok,5072,5072
3385,25,2.5,28,215743.1923742,215743.2196913,26.62750001763925,27.317100000800565,22.64349997858517,2.313899982254952,0.0,True,ok,4851,4851
3386,26,2.6,28,215743.2256859,215743.2516046,25.02129998174496,25.918700004694983,21.338999998988584,2.1670999994967133,0.0,True,ok,4933,4933
3387,27,2.7,28,215743.2594102,215743.2843701,24.310800014063716,24.959900008980185,20.830900000873953,2.040299994405359,0.0,True,ok,4889,4889
3388,28,2.8000000000000003,28,215743.2922469,215743.3186778,25.572200014721602,26.430900004925206,21.728099993197247,2.4231999996118248,0.0,True,ok,4508,4508
3389,29,2.9000000000000004,28,215743.3256524,215743.3539161,27.77270000660792,28.263699990930036,24.08210001885891,2.27719999384135,0.0,True,ok,4516,4516
3390,30,3.0,28,215743.3592326,215743.3840483,24.332100001629442,24.815700016915798,20.564200007356703,2.0874000038020313,0.0,True,ok,4326,4326
3391,31,3.1,28,215743.3925942,215743.4204278,27.339300024323165,27.83360000466928,23.75459999893792,2.1659000194631517,0.0,True,ok,4407,4407
3392,32,3.2,28,215743.4256507,215743.4496856,23.55610000086017,24.034900008700788,19.956100004492328,2.2143999813124537,0.0,True,ok,4113,4113
3393,33,3.3000000000000003,28,215743.4590018,215743.4865648,26.121600007172674,27.563000010559335,22.558500000741333,2.1846999879926443,0.0,True,ok,4211,4211
3394,34,3.4000000000000004,28,215743.4922751,215743.5177193,24.912799999583513,25.444200000492856,21.20769998873584,2.0941999973729253,0.0,True,ok,4198,4198
3395,35,3.5,28,215743.5256456,215743.5513533,25.19749998464249,25.707699998747557,21.517799992579967,2.3378999903798103,0.0,True,ok,4125,4125
3396,36,3.6,28,215743.5589312,215743.5838974,24.50440000393428,24.966199998743832,20.864799997070804,2.3166000028140843,0.0,True,ok,4267,4267
3397,37,3.7,28,215743.5923964,215743.6170236,24.134700011927634,24.62720000767149,20.725300011690706,2.08760000532493,0.0,True,ok,3805,3805
3398,38,3.8000000000000003,28,215743.6255985,215743.6515152,25.26860000216402,25.916700018569827,21.190200001001358,2.6513999910093844,0.0,True,ok,3921,3921
3399,39,3.9000000000000004,28,215743.659068,215743.6833005,23.604400019394234,24.232499999925494,19.92170000448823,2.404800005024299,0.0,True,ok,3864,3864
3400,40,4.0,28,215743.6921405,215743.7175264,24.736499995924532,25.38589999312535,21.397000004071742,1.9992000015918165,0.0,True,ok,3828,3828
3401,41,4.1000000000000005,28,215743.7255376,215743.7513962,25.203900004271418,25.85860001272522,21.279700013110414,2.455299982102588,0.0,True,ok,3659,3659
3402,42,4.2,28,215743.7589265,215743.784126,24.773200013441965,25.199499999871477,21.21050001005642,2.2299000120256096,0.0,True,ok,3989,3989
3403,43,4.3,28,215743.7922022,215743.8164604,23.528599995188415,24.25819999189116,20.1422999962233,2.069899986963719,0.0,True,ok,4294,4294
3404,44,4.4,28,215743.8256613,215743.8507049,24.46279997820966,25.04359997692518,20.67860000533983,2.1812999912071973,0.0,True,ok,4623,4623
3405,45,4.5,28,215743.8595143,215743.884351,24.208699993323535,24.836699973093346,20.15120000578463,2.501700015272945,0.0,True,ok,4708,4708
3406,46,4.6000000000000005,28,215743.892371,215743.919631,26.690800004871562,27.26000000257045,23.157000017818063,2.1573999838437885,0.0,True,ok,4834,4834
3407,47,4.7,28,215743.9259567,215743.9533198,26.893600006587803,27.363100001821294,22.343000018736348,3.2171999919228256,0.0,True,ok,4677,4677
3408,48,4.800000000000001,28,215743.9588127,215743.9889424,29.641400004038587,30.1296999969054,26.1398000002373,2.0918999798595905,0.0,True,ok,4591,4591
3409,49,4.9,28,215743.9924956,215744.0194473,26.48800000315532,26.95170001243241,23.024599999189377,2.115000010235235,0.0,True,ok,4442,4442
3410,50,5.0,28,215744.0255334,215744.0511861,25.002699985634536,25.65269998740405,21.387999993748963,2.2702999995090067,0.0,True,ok,4408,4408
3411,51,5.1000000000000005,28,215744.0588682,215744.0843917,24.827999994158745,25.52349999314174,21.020500018494204,2.478000009432435,0.0,True,ok,4418,4418
3412,52,5.2,28,215744.0925109,215744.1170063,23.962399980518967,24.4953999936115,20.518099976470694,2.1013999939896166,0.0,True,ok,4600,4600
3413,53,5.300000000000001,28,215744.1259538,215744.1507619,24.147999996785074,24.80810001725331,20.53790001082234,2.3133000067900866,0.0,True,ok,4489,4489
3414,54,5.4,28,215744.1588153,215744.1837907,24.50569998472929,24.97539998148568,20.653899991884828,2.5504000077489763,0.0,True,ok,4625,4625
3415,55,5.5,28,215744.1921452,215744.2186017,25.965600012568757,26.456499996129423,22.264800005359575,2.311599993845448,0.0,True,ok,4379,4379
3416,56,5.6000000000000005,28,215744.2255997,215744.2514938,25.154300004942343,25.89409999200143,21.692399983294308,2.1277999912854284,0.0,True,ok,4212,4212
3417,57,5.7,28,215744.2588111,215744.2832881,23.83750001899898,24.476999999023974,20.2193999721203,2.3375000164378434,0.0,True,ok,4229,4229
3418,58,5.800000000000001,28,215744.2922048,215744.3167609,24.05690000159666,24.55609999014996,20.151600008830428,2.467899990733713,0.0,True,ok,4294,4294
3419,59,5.9,28,215744.3256607,215744.3495399,23.38979998603463,23.87919998727739,19.64279997628182,2.3597999825142324,0.0,True,ok,4337,4337
3420,60,6.0,28,215744.3590912,215744.3849402,24.588100000983104,25.848999997833744,20.829299988690764,2.2455999860540032,0.0,True,ok,4334,4334
3421,61,6.1000000000000005,28,215744.3925512,215744.4186585,25.58010001666844,26.10730001470074,21.940100006759167,2.318399987416342,0.0,True,ok,4169,4169
3422,62,6.2,28,215744.4257118,215744.4506559,24.465299997245893,24.94410000508651,20.67430000170134,2.4508000060450286,0.0,True,ok,4172,4172
3423,63,6.300000000000001,28,215744.4590212,215744.483141,23.51880000787787,24.119800014887005,19.947699998738244,2.301700005773455,0.0,True,ok,4147,4147
3424,64,6.4,28,215744.4925309,215744.5183694,25.335699989227578,25.838500005193055,21.881100023165345,2.1489000064320862,0.0,True,ok,4178,4178
3425,65,6.5,28,215744.5258226,215744.5514113,25.126099993940443,25.58869999484159,21.578899992164224,2.153299981728196,0.0,True,ok,4169,4169
3426,66,6.6000000000000005,28,215744.5591804,215744.5835862,23.850099998526275,24.405799980740994,20.325699995737523,2.201800001785159,0.0,True,ok,4168,4168
3427,67,6.7,28,215744.592535,215744.6174231,24.242599989520386,24.88809998612851,20.87890001712367,2.0280000171624124,0.0,True,ok,4086,4086
3428,68,6.800000000000001,28,215744.6255388,215744.6508225,24.817400000756606,25.28370000072755,20.78709998750128,2.4884999729692936,0.0,True,ok,4379,4379
3429,69,6.9,28,215744.6589118,215744.6832659,23.63179999520071,24.354099994525313,20.05819999612868,2.1985999774187803,0.0,True,ok,4282,4282
3430,70,7.0,28,215744.6923999,215744.7175806,24.570600013248622,25.180700002238154,20.977700012736022,2.2671000042464584,0.0,True,ok,4247,4247
3431,71,7.1000000000000005,28,215744.7259843,215744.750609,24.04620000743307,24.624700017739087,20.699000015156344,2.00910001876764,0.0,True,ok,4354,4354
3432,72,7.2,28,215744.7596134,215744.7858631,25.731800007633865,26.24969999305904,22.12030001101084,2.2504999942611903,0.0,True,ok,4628,4628
3433,73,7.300000000000001,28,215744.7924874,215744.8167952,23.820899979909882,24.307799991220236,20.40919999126345,2.112200018018484,0.0,True,ok,4287,4287
3434,74,7.4,28,215744.8258532,215744.8503628,23.92209999379702,24.509600014425814,20.208300004014745,2.351500006625429,0.0,True,ok,4455,4455
3435,75,7.5,28,215744.8592405,215744.8845665,24.767399998381734,25.326000002678484,20.53509998950176,2.078199991956353,0.0,True,ok,4560,4560
3436,76,7.6000000000000005,28,215744.8925538,215744.9196182,26.54019999317825,27.0643999974709,22.748999996110797,2.2643999836873263,0.0,True,ok,4662,4662
3437,77,7.7,28,215744.9259239,215744.9510531,24.598699994385242,25.129199988441542,21.12489999854006,2.1456000104080886,0.0,True,ok,4381,4381
3438,78,7.800000000000001,28,215744.9592725,215744.9838587,23.89849998871796,24.586199986515567,20.480899984249845,2.1250999998301268,0.0,True,ok,4350,4350
3439,79,7.9,28,215744.99263,215745.0174414,24.258000019472092,24.811400013277307,20.92299997457303,2.052299998467788,0.0,True,ok,4058,4058
3440,80,8.0,28,215745.0256426,215745.050403,24.264900013804436,24.76040000328794,20.962600014172494,2.0077000081073493,0.0,True,ok,4074,4074
3441,81,8.1,28,215745.05928,215745.0870664,27.262600022368133,27.786400023614988,23.90140001079999,2.0182000007480383,0.0,True,ok,4079,4079
3442,82,8.200000000000001,28,215745.0926828,215745.1186366,25.428099994314834,25.953800010029227,21.52770000975579,2.5818999856710434,0.0,True,ok,4288,4288
3443,83,8.3,28,215745.1257545,215745.1507915,24.29529998335056,25.036999984877184,20.883899996988475,2.0856999908573925,0.0,True,ok,4269,4269
3444,84,8.4,28,215745.1591491,215745.1837719,24.037900002440438,24.62279997416772,20.86099999723956,1.938400004291907,0.0,True,ok,3996,3996
3445,85,8.5,28,215745.1924721,215745.218913,25.808399979723617,26.44089999375865,22.29100000113249,2.188899990869686,0.0,True,ok,4318,4318
3446,86,8.6,28,215745.2254624,215745.2504192,24.480099993525073,24.956799985375255,21.079700003610924,2.0881999807897955,0.0,True,ok,4410,4410
3447,87,8.700000000000001,28,215745.2589927,215745.2826622,23.02280001458712,23.669500020332634,19.585800007916987,2.1459000126924366,0.0,True,ok,4345,4345
3448,88,8.8,28,215745.2923871,215745.3219205,29.07649998087436,29.533399996580556,25.447599997278303,2.0644999749492854,0.0,True,ok,3995,3995
3449,89,8.9,28,215745.325842,215745.3513057,24.863600003300235,25.463700003456324,21.08310000039637,2.144900005077943,0.0,True,ok,4114,4114
3450,90,9.0,28,215745.358993,215745.3846459,25.198499992256984,25.652899988926947,21.498700021766126,2.4161000037565827,0.0,True,ok,4407,4407
3451,91,9.1,28,215745.3925091,215745.4179365,24.87029999610968,25.42739998898469,20.629300008295104,2.9122999985702336,0.0,True,ok,4504,4504
3452,92,9.200000000000001,28,215745.4255876,215745.4515577,25.377499987371266,25.970099988626316,21.795299981022254,2.277000021422282,0.0,True,ok,4602,4602
3453,93,9.3,28,215745.4590904,215745.4903109,30.47960001276806,31.22050000820309,26.900500000920147,2.303399989614263,0.0,True,ok,4719,4719
3454,94,9.4,28,215745.4924066,215745.5201559,27.106699999421835,27.749300003051758,23.5677000018768,2.1810999896842986,0.0,True,ok,4623,4623
3455,95,9.5,28,215745.5259549,215745.551384,24.7590999933891,25.429100001929328,21.168900013435632,2.30540000484325,0.0,True,ok,4555,4555
3456,96,9.600000000000001,28,215745.5589654,215745.5849339,25.497499998891726,25.968500005546957,21.756400004960597,2.375399984885007,0.0,True,ok,4902,4902
3457,97,9.700000000000001,28,215745.5925532,215745.6210599,28.04209999158047,28.506700007710606,22.855999995954335,3.8701000157743692,0.0,True,ok,4793,4793
3458,98,9.8,28,215745.6255531,215745.6495836,23.396300006425008,24.030500004300848,20.088199991732836,2.0149000047240406,0.0,True,ok,4857,4857
3459,99,9.9,28,215745.6589426,215745.6878891,28.46040000440553,28.946499980520457,25.054500001715496,2.090699999826029,0.0,True,ok,4985,4985
3460,100,10.0,28,215745.6925282,215745.717359,24.341799988178536,24.830800015479326,20.885399979306385,2.135099988663569,0.0,True,ok,4973,4973
3461,101,10.100000000000001,28,215745.7259734,215745.7501027,23.41110000270419,24.1292999999132,19.96320000034757,2.1681000071112067,0.0,True,ok,4507,4507
3462,102,10.200000000000001,28,215745.7587686,215745.7833438,23.91299998271279,24.57519999006763,20.556100003886968,2.061200008029118,0.0,True,ok,4834,4834
3463,103,10.3,28,215745.7922633,215745.8205696,27.63060000143014,28.30629999516532,24.16500000981614,2.1630999981425703,0.0,True,ok,4943,4943
3464,104,10.4,28,215745.8257848,215745.8512879,24.899300013203174,25.50310001242906,20.625999983167276,2.068000001600012,0.0,True,ok,5082,5082
3465,105,10.5,28,215745.8592441,215745.8864908,26.644500001566485,27.24670001771301,23.383699997793883,1.9953000009991229,0.0,True,ok,4986,4986
3466,106,10.600000000000001,28,215745.8926297,215745.9170416,23.781600000802428,24.411899998085573,20.15259998734109,2.3441000084858388,0.0,True,ok,5037,5037
3467,107,10.700000000000001,28,215745.9256731,215745.9507114,24.52049998100847,25.038299994776025,21.218399982899427,2.0232999813742936,0.0,True,ok,5162,5162
3468,108,10.8,28,215745.9593143,215745.9838112,23.554900020826608,24.49690000503324,20.012399996630847,2.299999992828816,0.0,True,ok,4884,4884
3469,109,10.9,28,215745.9923215,215746.0165985,23.57399999164045,24.276999989524484,20.255799987353384,2.071599999908358,0.0,True,ok,4890,4890
3470,110,11.0,28,215746.0254508,215746.0521999,26.285700005246326,26.74910001223907,20.165499998256564,4.655700002331287,0.0,True,ok,4848,4848
3471,111,11.100000000000001,28,215746.058986,215746.0832437,23.598400002811104,24.257700017187744,19.70239999354817,2.6353000139351934,0.0,True,ok,5030,5030
3472,112,11.200000000000001,28,215746.0923218,215746.1172409,24.371999985305592,24.91909998934716,20.25949998642318,2.6369999977760017,0.0,True,ok,5114,5114
3473,113,11.3,28,215746.1256802,215746.1525035,26.339500007452443,26.823299995157868,22.71169997402467,2.3099000100046396,0.0,True,ok,5293,5293
3474,114,11.4,28,215746.159027,215746.1850097,25.484500016318634,25.98270002636127,21.863700007088482,2.339300001040101,0.0,True,ok,5423,5423
3475,115,11.5,28,215746.192407,215746.2176797,24.745400005485862,25.272700004279613,21.144800004549325,2.329199982341379,0.0,True,ok,5340,5340
3476,116,11.600000000000001,28,215746.2262772,215746.2522545,25.553299987223,25.977299985243008,21.97649999288842,2.3105000145733356,0.0,True,ok,5279,5279
3477,117,11.700000000000001,28,215746.2590033,215746.2839222,24.29990001837723,24.91890001692809,20.69489998393692,2.292899996973574,0.0,True,ok,5498,5498
3478,118,11.8,28,215746.2924278,215746.3170287,23.3695000060834,24.600899982033297,19.818799977656454,2.2464999929070473,0.0,True,ok,5517,5517
3479,119,11.9,28,215746.3256147,215746.3520054,25.14740001061,26.390699989860877,21.34119998663664,2.5127999833784997,0.0,True,ok,5266,5266
3480,0,0.0,29,215746.3619586,215746.3865485,24.05380000709556,24.589900014689192,20.27740000630729,2.5547000113874674,0.0,True,ok,4708,4708
3481,1,0.1,29,215746.3921349,215746.4165913,23.867999989306554,24.456399987684563,20.34230000572279,2.1958999859634787,0.0,True,ok,4681,4681
3482,2,0.2,29,215746.4260345,215746.4516463,24.55599998938851,25.611799996113405,21.159099997021258,2.1314000186976045,0.0,True,ok,4360,4360
3483,3,0.30000000000000004,29,215746.4587892,215746.4849501,25.68489999976009,26.16090001538396,22.123799979453906,2.339300001040101,0.0,True,ok,4532,4532
3484,4,0.4,29,215746.4922043,215746.5170732,23.897600010968745,24.86889998544939,20.513499999651685,2.137700008461252,0.0,True,ok,4533,4533
3485,5,0.5,29,215746.5256265,215746.5523712,25.893699988955632,26.74470000783913,20.111999998334795,4.5612999820150435,0.0,True,ok,4334,4334
3486,6,0.6000000000000001,29,215746.5590023,215746.5839616,24.49830001569353,24.95930000441149,21.05489998939447,2.1943000028841197,0.0,True,ok,4462,4462
3487,7,0.7000000000000001,29,215746.5924221,215746.6161492,23.251700011314824,23.727100022369996,19.848299998557195,2.142699988326058,33.419799990952015,True,ok,4479,4479
3488,8,0.8,29,215746.6255485,215746.6525616,26.304800005163997,27.013100014301017,22.74580000084825,2.2521000064443797,0.0,True,ok,4534,4534
3489,9,0.9,29,215746.6590968,215746.6833206,23.294199985684827,24.223799991887063,20.039399998495355,1.9927000103052706,0.0,True,ok,4491,4491
3490,10,1.0,29,215746.6925721,215746.7180826,25.08790002320893,25.51050001056865,21.479099988937378,2.3228999925777316,0.0,True,ok,4600,4600
3491,11,1.1,29,215746.7257209,215746.7506825,24.177499988581985,24.961599992820993,20.681099995272234,2.095600008033216,0.0,True,ok,4781,4781
3492,12,1.2000000000000002,29,215746.7591702,215746.7828893,23.109100002329797,23.71909999055788,19.777400011662394,2.0440999942366034,0.0,True,ok,5044,5044
3493,13,1.3,29,215746.7925857,215746.8167969,23.744500009343028,24.211200012359768,20.12460000696592,2.3354000004474074,0.0,True,ok,4620,4620
3494,14,1.4000000000000001,29,215746.8259724,215746.8497057,23.153400019509718,23.733300011372194,19.61490002577193,2.22979998216033,0.0,True,ok,4785,4785
3495,15,1.5,29,215746.8588539,215746.8830795,23.75609998125583,24.22560000559315,19.827999989502132,2.18239999958314,0.0,True,ok,5045,5045
3496,16,1.6,29,215746.8924377,215746.9186884,25.11479999520816,26.250700000673532,21.39310000347905,2.3601999855600297,0.0,True,ok,5382,5382
3497,17,1.7000000000000002,29,215746.9256085,215746.9561271,29.68540001893416,30.518600018694997,25.59930001734756,2.771200001006946,0.0,True,ok,5312,5312
3498,18,1.8,29,215746.9591101,215746.9847892,25.064000015845522,25.67910001380369,21.254799998132512,2.2129999997559935,0.0,True,ok,5363,5363
3499,19,1.9000000000000001,29,215746.9924216,215747.0182055,25.24230000562966,25.783899996895343,21.57650000299327,2.3204000026453286,0.0,True,ok,5455,5455
3500,20,2.0,29,215747.0259422,215747.0503951,23.540499998489395,24.452899990137666,19.882599997799844,2.3400999780278653,0.0,True,ok,5508,5508
3501,21,2.1,29,215747.0589284,215747.0851172,25.497199996607378,26.18880002410151,21.234399988316,2.2713000071235,0.0,True,ok,5300,5300
3502,22,2.2,29,215747.0924619,215747.1164259,23.417299991706386,23.963999992702156,19.600800005719066,2.4693000013940036,0.0,True,ok,5384,5384
3503,23,2.3000000000000003,29,215747.1257713,215747.1516407,25.39019999676384,25.869400007650256,21.727399987867102,2.300100022694096,0.0,True,ok,5355,5355
3504,24,2.4000000000000004,29,215747.1591363,215747.1840243,24.21799997682683,24.88799998536706,20.727299997815862,2.2123999951872975,0.0,True,ok,5072,5072
3505,25,2.5,29,215747.1927018,215747.2176992,23.837899992940947,24.99740000348538,20.160899992333725,2.343600004678592,0.0,True,ok,4851,4851
3506,26,2.6,29,215747.2257382,215747.2495959,23.26539999921806,23.857699998188764,19.85789998434484,2.1083999890834093,0.0,True,ok,4933,4933
3507,27,2.7,29,215747.2591062,215747.2841821,24.596500006737188,25.07589999004267,20.96300001721829,2.304199995705858,0.0,True,ok,4889,4889
3508,28,2.8000000000000003,29,215747.2925086,215747.3175078,24.30580000509508,24.99920001719147,20.690300007117912,2.3313999990932643,0.0,True,ok,4508,4508
3509,29,2.9000000000000004,29,215747.3259973,215747.3572496,30.631900008302182,31.252299988409504,25.48630000092089,3.1328999903053045,0.0,True,ok,4516,4516
3510,30,3.0,29,215747.3590269,215747.3830514,23.536099994089454,24.024499987717718,19.6830999921076,2.5991000002250075,0.0,True,ok,4326,4326
3511,31,3.1,29,215747.3924813,215747.4164796,23.456399998394772,23.998300021048635,20.043700002133846,2.1569000091403723,0.0,True,ok,4407,4407
3512,32,3.2,29,215747.4258963,215747.4497186,23.36469999863766,23.822299990570173,19.845000002533197,2.2319999989122152,0.0,True,ok,4113,4113
3513,33,3.3000000000000003,29,215747.4593165,215747.4838533,23.69229999021627,24.53679998870939,20.332800020696595,2.096299984259531,0.0,True,ok,4211,4211
3514,34,3.4000000000000004,29,215747.4922694,215747.5176504,24.8864000022877,25.380999984918162,21.638200007146224,1.9985999970231205,0.0,True,ok,4198,4198
3515,35,3.5,29,215747.5257572,215747.5502773,23.973200004547834,24.520100007066503,20.415600010892376,2.281000022776425,0.0,True,ok,4125,4125
3516,36,3.6,29,215747.5591939,215747.5831452,23.54100000229664,23.951300012413412,20.01779997954145,2.3228999925777316,33.43670000322163,True,ok,4267,4267
3517,37,3.7,29,215747.5926195,215747.618153,24.629299994558096,25.533499981975183,21.12750001833774,2.2551000001840293,33.425600006012246,True,ok,3805,3805
3518,38,3.8000000000000003,29,215747.6255736,215747.6508831,24.841699982061982,25.309499993454665,20.89079999132082,2.619299979414791,0.0,True,ok,3921,3921
3519,39,3.9000000000000004,29,215747.659109,215747.6834801,23.803200019756332,24.37110000755638,20.322700001997873,2.255600003991276,0.0,True,ok,3864,3864
3520,40,4.0,29,215747.6921704,215747.7175973,24.816000019200146,25.426900014281273,20.935500011546537,2.655500022228807,0.0,True,ok,3828,3828
3521,41,4.1000000000000005,29,215747.7255681,215747.7496515,23.522899980889633,24.08339999965392,20.2106999931857,2.0954000065103173,0.0,True,ok,3659,3659
3522,42,4.2,29,215747.7589598,215747.7835887,24.1636999999173,24.6288999915123,20.60310001252219,2.3139000113587826,0.0,True,ok,3989,3989
3523,43,4.3,29,215747.7922948,215747.8166332,23.638700018636882,24.33840002049692,20.230099995387718,2.168200007872656,0.0,True,ok,4294,4294
3524,44,4.4,29,215747.8259326,215747.8533327,26.668500009691343,27.400099992519245,22.759799991035834,2.6205999893136322,0.0,True,ok,4623,4623
3525,45,4.5,29,215747.8589356,215747.8847841,25.403200008440763,25.848499994026497,21.046499983640388,2.8504999936558306,0.0,True,ok,4708,4708
3526,46,4.6000000000000005,29,215747.8924614,215747.9171974,24.28919999510981,24.735999992117286,20.81079999334179,2.1419999829959124,0.0,True,ok,4834,4834
3527,47,4.7,29,215747.9258659,215747.952265,25.82569999503903,26.39909999561496,21.585999988019466,2.892699994845316,0.0,True,ok,4677,4677
3528,48,4.800000000000001,29,215747.958959,215747.9867756,26.854399999137968,27.816599991638213,23.565299983602017,2.0401999936439097,0.0,True,ok,4591,4591
3529,49,4.9,29,215747.9925771,215748.0180113,24.396900000283495,25.434200011659414,21.0642000020016,2.0420000073499978,0.0,True,ok,4442,4442
3530,50,5.0,29,215748.0258983,215748.0523754,25.464800011832267,26.477100007468835,21.743599994806573,2.246000018203631,0.0,True,ok,4408,4408
3531,51,5.1000000000000005,29,215748.0592296,215748.0833284,23.58269999967888,24.098800000501797,19.956200005253777,2.308499999344349,0.0,True,ok,4418,4418
3532,52,5.2,29,215748.0924246,215748.1165918,23.182200005976483,24.167199997464195,19.807500008028,2.07280000904575,33.1949999963399,True,ok,4600,4600
3533,53,5.300000000000001,29,215748.1258965,215748.1511109,24.7442000254523,25.214400026015937,21.178800001507625,2.2059000039007515,0.0,True,ok,4489,4489
3534,54,5.4,29,215748.1589464,215748.1834254,23.873600002843887,24.47899998514913,20.18410002347082,2.3828000121284276,0.0,True,ok,4625,4625
3535,55,5.5,29,215748.1922524,215748.2164256,23.61539998673834,24.173199984943494,20.05200000712648,2.286700007971376,0.0,True,ok,4379,4379
3536,56,5.6000000000000005,29,215748.2256772,215748.2505665,23.6270000168588,24.8892999952659,20.28629998676479,2.0815999887418,0.0,True,ok,4212,4212
3537,57,5.7,29,215748.2591877,215748.2851952,24.93420001701452,26.007500011473894,21.031000011134893,2.594399993540719,0.0,True,ok,4229,4229
3538,58,5.800000000000001,29,215748.2924613,215748.3167318,23.592500016093254,24.270499998237938,19.906499976059422,2.3376999888569117,0.0,True,ok,4294,4294
3539,59,5.9,29,215748.3259307,215748.3544517,27.823699987493455,28.52100000018254,22.82270000432618,3.1692000047769397,33.46939999028109,True,ok,4337,4337
3540,60,6.0,29,215748.3589144,215748.3830819,23.65370001643896,24.167499999748543,19.930200011003762,2.456899994285777,0.0,True,ok,4334,4334
3541,61,6.1000000000000005,29,215748.3923633,215748.4168958,23.866100003942847,24.53250001417473,20.159400010015815,2.3530999897047877,0.0,True,ok,4169,4169
3542,62,6.2,29,215748.4258758,215748.450339,23.774400004185736,24.463200010359287,20.206699991831556,2.2561000077985227,0.0,True,ok,4172,4172
3543,63,6.300000000000001,29,215748.4591758,215748.4853807,25.733699992997572,26.2049000011757,22.04309997614473,2.4004000006243587,0.0,True,ok,4147,4147
3544,64,6.4,29,215748.4922206,215748.5178507,25.181800010614097,25.63010001904331,21.70420001493767,2.1868000039830804,0.0,True,ok,4178,4178
3545,65,6.5,29,215748.5258373,215748.5499803,23.454400012269616,24.14300001692027,20.022699987748638,2.102700003888458,0.0,True,ok,4169,4169
3546,66,6.6000000000000005,29,215748.5591422,215748.5851316,25.494800007436424,25.989399990066886,22.019900003215298,2.1689999848604202,0.0,True,ok,4168,4168
3547,67,6.7,29,215748.5921986,215748.6179374,25.27620000182651,25.738800002727658,21.772799984319136,2.138499985449016,0.0,True,ok,4086,4086
3548,68,6.800000000000001,29,215748.6259101,215748.6529919,26.14279999397695,27.081799984443933,22.13530000881292,2.514099993277341,0.0,True,ok,4379,4379
3549,69,6.9,29,215748.6590595,215748.6836139,23.915300000226125,24.55440000630915,19.94229998672381,2.5037999730557203,0.0,True,ok,4282,4282
3550,70,7.0,29,215748.6924628,215748.7175353,24.274299998069182,25.072499993257225,20.476699981372803,2.3141000128816813,0.0,True,ok,4247,4247
3551,71,7.1000000000000005,29,215748.7257578,215748.762027,35.52730000228621,36.2691999762319,30.95970000140369,3.204000007826835,0.0,True,ok,4354,4354
3552,72,7.2,29,215748.759271,215748.7853312,23.294499987969175,26.06020000530407,19.893799995770678,2.055500022834167,0.0,True,ok,4628,4628
3553,73,7.300000000000001,29,215748.792177,215748.8172739,24.631400010548532,25.09690000442788,21.174100023927167,2.115500014042482,0.0,True,ok,4287,4287
3554,74,7.4,29,215748.8256535,215748.8535711,27.439999976195395,27.91759997489862,23.72070000274107,2.2837000142317265,0.0,True,ok,4455,4455
3555,75,7.5,29,215748.8592308,215748.8870314,26.908300002105534,27.80059998622164,23.051299998769537,2.5132999871857464,33.57729999697767,True,ok,4560,4560
3556,76,7.6000000000000005,29,215748.8922162,215748.9162071,23.470699990866706,23.990899993805215,19.92299998528324,2.0690000092145056,0.0,True,ok,4662,4662
3557,77,7.7,29,215748.9256913,215748.9500474,23.783699987689033,24.35609998065047,20.015399990370497,2.445099991746247,0.0,True,ok,4381,4381
3558,78,7.800000000000001,29,215748.9589632,215748.9861149,26.522900006966665,27.15169999282807,20.632400002796203,3.4229999873787165,0.0,True,ok,4350,4350
3559,79,7.9,29,215748.992305,215749.0175458,24.63439997518435,25.24079999420792,20.69629999459721,2.5849000085145235,0.0,True,ok,4058,4058
3560,80,8.0,29,215749.025825,215749.0508212,23.941700026625767,24.99620002345182,20.55310001014732,2.0132000208832324,0.0,True,ok,4074,4074
3561,81,8.1,29,215749.0593333,215749.0829819,23.148099979152903,23.648599977605045,19.645199994556606,2.1658999903593212,0.0,True,ok,4079,4079
3562,82,8.200000000000001,29,215749.0921811,215749.1162578,23.443099984433502,24.076700006844476,19.951900001615286,2.136199997039512,0.0,True,ok,4288,4288
3563,83,8.3,29,215749.1256456,215749.1495257,23.03449998726137,23.880099994130433,19.52480000909418,2.1379000099841505,0.0,True,ok,4269,4269
3564,84,8.4,29,215749.1591376,215749.1831065,23.412899987306446,23.968899971805513,19.742699980270118,2.2985000105109066,0.0,True,ok,3996,3996
3565,85,8.5,29,215749.1922508,215749.2168712,24.15010001277551,24.620400014100596,20.264799997676164,2.501199982361868,0.0,True,ok,4318,4318
3566,86,8.6,29,215749.2255676,215749.2515701,25.267599994549528,26.002500002505258,21.5574000030756,2.305100002558902,0.0,True,ok,4410,4410
3567,87,8.700000000000001,29,215749.259008,215749.2838515,24.09399999305606,24.84349999576807,20.69969999138266,1.9675999938044697,0.0,True,ok,4345,4345
3568,88,8.8,29,215749.2925549,215749.3167492,23.685599997406825,24.194300000090152,20.21370001602918,2.147899998817593,0.0,True,ok,3995,3995
3569,89,8.9,29,215749.3255012,215749.3514023,25.253400002839044,25.901100016199052,21.38830002513714,2.0988000032957643,0.0,True,ok,4114,4114
3570,90,9.0,29,215749.3588638,215749.3832368,23.735599999781698,24.372999992920086,20.00739998766221,2.1554999984800816,0.0,True,ok,4407,4407
3571,91,9.1,29,215749.3922066,215749.4162373,23.514100001193583,24.030700005823746,19.86549998400733,2.2499999904539436,0.0,True,ok,4504,4504
3572,92,9.200000000000001,29,215749.4258933,215749.4526518,26.270200003637,26.758499996503815,22.525200009113178,2.380599995376542,0.0,True,ok,4602,4602
3573,93,9.3,29,215749.4592454,215749.484295,24.385199998505414,25.04959999350831,20.507700013695285,2.4726999981794506,0.0,True,ok,4719,4719
3574,94,9.4,29,215749.4922425,215749.5171739,24.356600013561547,24.931399995693937,20.666399999754503,2.3030000156722963,0.0,True,ok,4623,4623
3575,95,9.5,29,215749.5255936,215749.550755,24.55020000343211,25.161400000797585,20.79860001686029,2.3555999796371907,0.0,True,ok,4555,4555
3576,96,9.600000000000001,29,215749.5587788,215749.5831229,23.885299975518137,24.34409997658804,20.202099985908717,2.3006000265013427,0.0,True,ok,4902,4902
3577,97,9.700000000000001,29,215749.5923736,215749.6192256,26.14460000768304,26.852000009967014,21.759199997177348,2.4090000079013407,0.0,True,ok,4793,4793
3578,98,9.8,29,215749.6255845,215749.6494449,23.21799998753704,23.860399989644065,19.67589999549091,2.1225999807938933,0.0,True,ok,4857,4857
3579,99,9.9,29,215749.659245,215749.6850618,25.315500010037795,25.81680001458153,20.328400016296655,3.528000001097098,0.0,True,ok,4985,4985
3580,100,10.0,29,215749.6922899,215749.7176542,24.756800004979596,25.364300003275275,21.09829999972135,2.1973999973852187,0.0,True,ok,4973,4973
3581,101,10.100000000000001,29,215749.7257316,215749.7501185,23.88059999793768,24.386900011450052,20.368199999211356,2.0948000019416213,0.0,True,ok,4507,4507
3582,102,10.200000000000001,29,215749.7587532,215749.783216,23.693099996307865,24.46280000731349,20.14380000764504,2.1376999793574214,0.0,True,ok,4834,4834
3583,103,10.3,29,215749.7921552,215749.8182439,25.585099996533245,26.088699989486486,21.950399997876957,2.1705000253859907,0.0,True,ok,4943,4943
3584,104,10.4,29,215749.8257689,215749.8506824,24.430899997241795,24.913500004913658,20.763499982422218,2.215299988165498,0.0,True,ok,5082,5082
3585,105,10.5,29,215749.8587772,215749.88365,24.2257000063546,24.872800015145913,20.628999976906925,2.15869999374263,0.0,True,ok,4986,4986
3586,106,10.600000000000001,29,215749.8921736,215749.9178756,25.205299985827878,25.701999984448776,21.41349998419173,2.1591999975498766,0.0,True,ok,5037,5037
3587,107,10.700000000000001,29,215749.9258331,215749.950094,23.75309998751618,24.260900012450293,20.027099992148578,2.2510999988298863,0.0,True,ok,5162,5162
3588,108,10.8,29,215749.9588289,215749.9838441,24.32349999435246,25.01519999350421,20.57069999864325,2.159600000595674,0.0,True,ok,4884,4884
3589,109,10.9,29,215749.9924698,215750.0178658,24.863300001015887,25.39600001182407,21.37200001743622,2.092800015816465,0.0,True,ok,4890,4890
3590,110,11.0,29,215750.0258383,215750.0533765,26.89089998602867,27.538199996342883,23.19589999387972,2.322999993339181,0.0,True,ok,4848,4848
3591,111,11.100000000000001,29,215750.0588036,215750.0829934,23.710499983280897,24.189799994928762,20.090899983188137,2.2049999970477074,0.0,True,ok,5030,5030
3592,112,11.200000000000001,29,215750.0925074,215750.116182,23.21690000826493,23.67460000095889,19.52309999614954,2.248500008136034,0.0,True,ok,5114,5114
3593,113,11.3,29,215750.1254564,215750.1507169,24.600300006568432,25.260499998694286,20.876099995803088,2.21800000872463,0.0,True,ok,5293,5293
3594,114,11.4,29,215750.1589245,215750.1866955,27.24239998497069,27.77099999366328,23.527600016677752,2.246699994429946,0.0,True,ok,5423,5423
3595,115,11.5,29,215750.1922944,215750.2180623,25.139400007901713,25.76789999147877,19.67430001241155,3.7718999956268817,0.0,True,ok,5340,5340
3596,116,11.600000000000001,29,215750.2254761,215750.2516363,25.732200010679662,26.160200010053813,20.85380000062287,3.4380999859422445,0.0,True,ok,5279,5279
3597,117,11.700000000000001,29,215750.259263,215750.2837747,23.90989998821169,24.51169997220859,19.97220001067035,2.410500019323081,0.0,True,ok,5498,5498
3598,118,11.8,29,215750.2926507,215750.3170569,23.944800021126866,24.406200012890622,20.097600005101413,2.330099989194423,0.0,True,ok,5517,5517
3599,119,11.9,29,215750.3256908,215750.3507723,24.614199995994568,25.081500003580004,20.756700017955154,2.3532000195700675,0.0,True,ok,5266,5266
3600,0,0.0,30,215750.3616177,215750.3855398,23.473899986129254,23.92209999379702,19.690200017066672,2.4092999810818583,0.0,True,ok,4708,4708
3601,1,0.1,30,215750.392369,215750.4167041,23.856500018155202,24.33509999536909,20.211600000038743,2.1755000052507967,0.0,True,ok,4681,4681
3602,2,0.2,30,215750.4258013,215750.4511922,24.748299998464063,25.390900002093986,20.981600013328716,2.2379000147338957,0.0,True,ok,4360,4360
3603,3,0.30000000000000004,30,215750.459166,215750.4905073,30.856700002914295,31.341300025815144,25.835300009930506,3.5151999909430742,0.0,True,ok,4532,4532
3604,4,0.4,30,215750.4925449,215750.5175206,24.501000007148832,24.975700012873858,20.960699999704957,2.1352999901864678,0.0,True,ok,4533,4533
3605,5,0.5,30,215750.5255444,215750.5523462,26.326899998821318,26.801800006069243,21.794899977976456,3.111899975920096,0.0,True,ok,4334,4334
3606,6,0.6000000000000001,30,215750.5591612,215750.5856119,26.01669999421574,26.450699981069192,22.194999997736886,2.230699989013374,0.0,True,ok,4462,4462
3607,7,0.7000000000000001,30,215750.5920869,215750.6179979,25.438500015297905,25.911000004271045,21.143199992366135,2.8310999914538115,0.0,True,ok,4479,4479
3608,8,0.8,30,215750.6259121,215750.6501683,23.577199986902997,24.256200005766004,19.754599983571097,2.317400008905679,0.0,True,ok,4534,4534
3609,9,0.9,30,215750.6590525,215750.6847837,25.063300010515377,25.73120000306517,20.85830000578426,2.7763000107370317,0.0,True,ok,4491,4491
3610,10,1.0,30,215750.6924575,215750.7170515,24.157999985618517,24.593999987700954,20.090100006200373,2.500400005374104,33.404999994672835,True,ok,4600,4600
3611,11,1.1,30,215750.7257805,215750.7555241,29.365900001721457,29.743599996436387,25.444099999731407,2.0924000127706677,0.0,True,ok,4781,4781
3612,12,1.2000000000000002,30,215750.7590221,215750.7900016,30.468699987977743,30.979499977547675,26.6958000138402,2.2877999872434884,0.0,True,ok,5044,5044
3613,13,1.3,30,215750.7924835,215750.8170883,23.88340001925826,24.60480001172982,20.15880000544712,2.2661999973934144,0.0,True,ok,4620,4620
3614,14,1.4000000000000001,30,215750.8254739,215750.8510352,25.118399993516505,25.561299989931285,21.028899995144457,2.583299996331334,0.0,True,ok,4785,4785
3615,15,1.5,30,215750.8588802,215750.8833054,23.928400012664497,24.425200012046844,20.311999978730455,2.1139999735169113,0.0,True,ok,5045,5045
3616,16,1.6,30,215750.8924302,215750.9194849,26.57990000443533,27.054699981817976,22.304599988274276,2.580599975772202,0.0,True,ok,5382,5382
3617,17,1.7000000000000002,30,215750.9257389,215750.9514492,25.133399991318583,25.71029998944141,20.866300008492544,2.7259999769739807,0.0,True,ok,5312,5312
3618,18,1.8,30,215750.9592972,215750.9877083,27.893099992070347,28.4111000073608,21.90560000599362,3.01360001321882,0.0,True,ok,5363,5363
3619,19,1.9000000000000001,30,215750.9922712,215751.021303,28.565999993588775,29.03179998975247,24.102099996525794,2.9209999775048345,0.0,True,ok,5455,5455
3620,20,2.0,30,215751.025992,215751.0514991,24.648599995998666,25.50709998467937,20.5707999994047,2.5246999866794795,0.0,True,ok,5508,5508
3621,21,2.1,30,215751.0589851,215751.0836912,24.239499995019287,24.706099997274578,20.337699999799952,2.1180000039748847,0.0,True,ok,5300,5300
3622,22,2.2,30,215751.0923603,215751.1197098,26.85999998357147,27.349499985575676,21.592399978544563,3.483700013021007,0.0,True,ok,5384,5384
3623,23,2.3000000000000003,30,215751.125609,215751.1506458,24.281099991640076,25.036799983354285,20.28029999928549,2.31430001440458,0.0,True,ok,5355,5355
3624,24,2.4000000000000004,30,215751.1592215,215751.1837708,24.085500015644357,24.549299996579066,20.071900013135746,2.511900005629286,0.0,True,ok,5072,5072
3625,25,2.5,30,215751.1921975,215751.2159926,23.336099984589964,23.795099987182766,19.54539999132976,2.2945999808143824,0.0,True,ok,4851,4851
3626,26,2.6,30,215751.2254363,215751.2507736,24.887400009902194,25.337300001410767,21.284100017510355,2.1558000007644296,0.0,True,ok,4933,4933
3627,27,2.7,30,215751.2593385,215751.2839318,23.458799987565726,24.59329998237081,19.887100002961233,2.1293000027071685,0.0,True,ok,4889,4889
3628,28,2.8000000000000003,30,215751.2922744,215751.3164166,23.654699994949624,24.142199981724843,19.942799990531057,2.2798999852966517,0.0,True,ok,4508,4508
3629,29,2.9000000000000004,30,215751.3259066,215751.3518265,25.417299999389797,25.919900013832375,21.3678999862168,2.3212000087369233,0.0,True,ok,4516,4516
3630,30,3.0,30,215751.3590161,215751.3833932,23.762600001646206,24.377099995035678,20.091500016860664,2.1309999865479767,0.0,True,ok,4326,4326
3631,31,3.1,30,215751.3925128,215751.4169709,23.995499999728054,24.4581000006292,19.997800001874566,2.5609000003896654,0.0,True,ok,4407,4407
3632,32,3.2,30,215751.425648,215751.4520712,25.85090001230128,26.42320000450127,22.075499990023673,2.1912999800406396,0.0,True,ok,4113,4113
3633,33,3.3000000000000003,30,215751.4590106,215751.486028,26.53560001635924,27.017400017939508,22.92780001880601,2.2046999947633594,0.0,True,ok,4211,4211
3634,34,3.4000000000000004,30,215751.4924948,215751.5195127,26.42000000923872,27.017899992642924,22.882699995534495,2.1166999940760434,0.0,True,ok,4198,4198
3635,35,3.5,30,215751.5254508,215751.5521222,26.01989998947829,26.671400002669543,22.472600016044453,2.1841999841853976,0.0,True,ok,4125,4125
3636,36,3.6,30,215751.5591176,215751.5861739,26.444099989021197,27.056299994001165,21.491699997568503,3.2282999891322106,0.0,True,ok,4267,4267
3637,37,3.7,30,215751.5924688,215751.6166322,23.581999994348735,24.16339999763295,19.999100011773407,2.0997000101488084,0.0,True,ok,3805,3805
3638,38,3.8000000000000003,30,215751.6255208,215751.6501474,24.096200009807944,24.626600003102794,20.300400006817654,2.429100015433505,0.0,True,ok,3921,3921
3639,39,3.9000000000000004,30,215751.6590395,215751.6836073,24.048799998126924,24.56779999192804,20.2788999886252,2.4185999936889857,0.0,True,ok,3864,3864
3640,40,4.0,30,215751.6923762,215751.7165781,23.628299997653812,24.20189999975264,20.19729997846298,2.0988000032957643,0.0,True,ok,3828,3828
3641,41,4.1000000000000005,30,215751.7256943,215751.7521217,25.410000002011657,26.42740000737831,21.9543999992311,2.1353000192902982,0.0,True,ok,3659,3659
3642,42,4.2,30,215751.7590107,215751.790797,31.219500000588596,31.7862999800127,26.45549998851493,2.14540000888519,0.0,True,ok,3989,3989
3643,43,4.3,30,215751.7923987,215751.818557,25.39749999414198,26.158299995586276,21.851800003787503,2.1779000235255808,0.0,True,ok,4294,4294
3644,44,4.4,30,215751.8259901,215751.8511753,24.704699986614287,25.185199978295714,20.996600011130795,2.3342999920714647,0.0,True,ok,4623,4623
3645,45,4.5,30,215751.8589961,215751.8859274,26.330299995606765,26.9313000026159,21.656900004018098,3.2863000233191997,0.0,True,ok,4708,4708
3646,46,4.6000000000000005,30,215751.8925081,215751.9171415,24.22890000161715,24.63339999667369,20.711799996206537,2.1293000027071685,0.0,True,ok,4834,4834
3647,47,4.7,30,215751.9258478,215751.9512924,24.27309998893179,25.444599974434823,20.335899986093864,2.510099991923198,0.0,True,ok,4677,4677
3648,48,4.800000000000001,30,215751.9589879,215751.9856343,26.056300004711375,26.646400016034022,22.64489998924546,1.9976999901700765,0.0,True,ok,4591,4591
3649,49,4.9,30,215751.9924405,215752.0192424,26.352200016845018,26.801900006830692,21.916300000157207,3.0650000262539834,0.0,True,ok,4442,4442
3650,50,5.0,30,215752.0257219,215752.0521559,25.964699976611882,26.433999999426305,22.17819998622872,2.4544000043533742,0.0,True,ok,4408,4408
3651,51,5.1000000000000005,30,215752.0590341,215752.0843045,24.77540000109002,25.27039998676628,20.867300016107038,2.4572999973315746,0.0,True,ok,4418,4418
3652,52,5.2,30,215752.0922102,215752.1173367,24.705299991182983,25.12649999698624,21.018800005549565,2.203999989433214,0.0,True,ok,4600,4600
3653,53,5.300000000000001,30,215752.125647,215752.1508556,24.635099980514497,25.208599981851876,21.174800000153482,2.0275000133551657,0.0,True,ok,4489,4489
3654,54,5.4,30,215752.1590158,215752.1856951,25.99900000495836,26.67930000461638,21.601299988105893,2.6406999968457967,0.0,True,ok,4625,4625
3655,55,5.5,30,215752.1924734,215752.2175495,24.499199993442744,25.07609999156557,20.939900015946478,2.2026999795343727,0.0,True,ok,4379,4379
3656,56,5.6000000000000005,30,215752.2259402,215752.2506424,24.004700011573732,24.702199996681884,20.664599986048415,2.019300009123981,0.0,True,ok,4212,4212
3657,57,5.7,30,215752.2593673,215752.2837926,23.790900013409555,24.425300012808293,20.08320001186803,2.3893000034149736,0.0,True,ok,4229,4229
3658,58,5.800000000000001,30,215752.2922221,215752.3168482,24.167499999748543,24.626099999295548,20.452600001590326,2.330099989194423,0.0,True,ok,4294,4294
3659,59,5.9,30,215752.3255916,215752.3500165,23.81679997779429,24.424899980658665,20.082400005776435,2.291500015417114,0.0,True,ok,4337,4337
3660,60,6.0,30,215752.3591115,215752.3846088,24.93370001320727,25.497299997368827,21.170199994230643,2.424100006464869,0.0,True,ok,4334,4334
3661,61,6.1000000000000005,30,215752.3924002,215752.4199229,27.091500000096858,27.522699994733557,23.110999987693503,2.5707999884616584,0.0,True,ok,4169,4169
3662,62,6.2,30,215752.4254939,215752.4521181,26.161199988564476,26.62419999251142,21.827599994139746,3.000099997734651,0.0,True,ok,4172,4172
3663,63,6.300000000000001,30,215752.4589233,215752.4839922,24.579199991421774,25.06889999494888,20.805799984373152,2.44020001264289,0.0,True,ok,4147,4147
3664,64,6.4,30,215752.4923373,215752.5179856,24.65109998593107,25.648299983004108,20.531599991954863,2.7483000012580305,0.0,True,ok,4178,4178
3665,65,6.5,30,215752.5257794,215752.5497988,23.574199993163347,24.019400007091463,20.10860000154935,2.118900010827929,0.0,True,ok,4169,4169
3666,66,6.6000000000000005,30,215752.5595886,215752.5889828,28.832699987106025,29.394199984380975,24.448500014841557,3.0289999849628657,0.0,True,ok,4168,4168
3667,67,6.7,30,215752.5923912,215752.6170582,24.10300000337884,24.66699999058619,20.524999999906868,2.1318999934010208,0.0,True,ok,4086,4086
3668,68,6.800000000000001,30,215752.6256237,215752.6504948,24.40920000663027,24.871100002201274,20.05230000941083,2.990699984366074,0.0,True,ok,4379,4379
3669,69,6.9,30,215752.6593221,215752.6860603,26.281300000846386,26.738200016552582,22.88949998910539,2.014400000916794,0.0,True,ok,4282,4282
3670,70,7.0,30,215752.692279,215752.7167104,23.851300007663667,24.43140000104904,20.233300019754097,2.267300005769357,0.0,True,ok,4247,4247
3671,71,7.1000000000000005,30,215752.7256802,215752.7497802,23.52960000280291,24.10000000963919,19.988000014564022,2.183000004151836,0.0,True,ok,4354,4354
3672,72,7.2,30,215752.7590645,215752.7844086,24.917300004744902,25.344100024085492,21.33499999763444,2.0530000037979335,0.0,True,ok,4628,4628
3673,73,7.300000000000001,30,215752.7923729,215752.8182966,25.402599974768236,25.92369998455979,21.920899976976216,2.114499977324158,0.0,True,ok,4287,4287
3674,74,7.4,30,215752.8256817,215752.8500507,23.789000028045848,24.369000020669773,20.260099990991876,2.1200000192038715,0.0,True,ok,4455,4455
3675,75,7.5,30,215752.8591561,215752.8893108,29.08700000261888,30.154700012644753,25.2156000060495,2.5043000059667975,0.0,True,ok,4560,4560
3676,76,7.6000000000000005,30,215752.8921694,215752.9176332,24.823600018862635,25.463800004217774,20.87149998988025,2.4637999886181206,0.0,True,ok,4662,4662
3677,77,7.7,30,215752.9254928,215752.950186,24.10249999957159,24.693200015462935,20.670700003392994,2.0713000267278403,0.0,True,ok,4381,4381
3678,78,7.800000000000001,30,215752.9590544,215752.9860713,26.30599998519756,27.01689998502843,22.84319998580031,2.082999999402091,0.0,True,ok,4350,4350
3679,79,7.9,30,215752.9925746,215753.0174045,24.180599983083084,24.82989997952245,20.75130000594072,2.0997000101488084,0.0,True,ok,4058,4058
3680,80,8.0,30,215753.0256634,215753.0526158,26.475199993001297,26.952399988658726,22.982199996476993,2.144199999747798,0.0,True,ok,4074,4074
3681,81,8.1,30,215753.0592803,215753.0848993,25.12240002397448,25.619000021833926,21.290000004228204,2.195200009737164,33.616899978369474,True,ok,4079,4079
3682,82,8.200000000000001,30,215753.0921791,215753.1164915,23.85510000749491,24.312399997143075,20.088000019313768,2.3234999971464276,0.0,True,ok,4288,4288
3683,83,8.3,30,215753.1255053,215753.149466,23.41389999492094,23.96069999667816,19.8476999939885,2.2384000185411423,0.0,True,ok,4269,4269
3684,84,8.4,30,215753.1591325,215753.1841153,24.376100016525015,24.9828000087291,20.939200010616332,2.16020000516437,0.0,True,ok,3996,3996
3685,85,8.5,30,215753.1925251,215753.2201739,26.41699998639524,27.648799994494766,22.441000008257106,2.597600017907098,0.0,True,ok,4318,4318
3686,86,8.6,30,215753.2256607,215753.2502498,23.998700024094433,24.589100008597597,20.364299998618662,2.2407000069506466,0.0,True,ok,4410,4410
3687,87,8.700000000000001,30,215753.2592091,215753.2852676,25.057999999262393,26.05849999235943,21.484199998667464,2.203699987148866,0.0,True,ok,4345,4345
3688,88,8.8,30,215753.2922021,215753.3167957,24.13229999365285,24.593599984655157,20.762500003911555,2.112899994244799,0.0,True,ok,3995,3995
3689,89,8.9,30,215753.3258134,215753.3514803,24.928700004238635,25.666900008218363,21.276999992551282,2.2407000069506466,0.0,True,ok,4114,4114
3690,90,9.0,30,215753.3592048,215753.383907,24.056399997789413,24.702199996681884,20.54689999204129,2.195900015067309,0.0,True,ok,4407,4407
3691,91,9.1,30,215753.392553,215753.4169746,23.774700006470084,24.421599984634668,20.19720000680536,2.1880000131204724,0.0,True,ok,4504,4504
3692,92,9.200000000000001,30,215753.4255173,215753.4504768,24.379400012549013,24.959500005934387,20.42669997899793,2.477499976521358,0.0,True,ok,4602,4602
3693,93,9.3,30,215753.4591622,215753.4846339,24.95759999146685,25.47170000616461,21.23889999347739,2.3424999963026494,0.0,True,ok,4719,4719
3694,94,9.4,30,215753.4925143,215753.5175152,24.518799997167662,25.000900001032278,20.861799974227324,2.3625000030733645,0.0,True,ok,4623,4623
3695,95,9.5,30,215753.5256998,215753.5500844,23.925199988298118,24.384599993936718,20.147999981418252,2.3412999871652573,0.0,True,ok,4555,4555
3696,96,9.600000000000001,30,215753.5592757,215753.5877272,27.834200009237975,28.4514999948442,23.727400024654344,2.7756000054068863,0.0,True,ok,4902,4902
3697,97,9.700000000000001,30,215753.5921279,215753.6161086,23.526699980720878,23.980700003448874,19.968000007793307,2.0417000050656497,0.0,True,ok,4793,4793
3698,98,9.8,30,215753.625637,215753.6506776,24.45980001357384,25.04060001228936,20.48639999702573,2.6218000275548548,0.0,True,ok,4857,4857
3699,99,9.9,30,215753.6592488,215753.6834327,23.73240000451915,24.183900008210912,20.304900011979043,2.098499971907586,0.0,True,ok,4985,4985
3700,100,10.0,30,215753.6924027,215753.7183911,24.93849999154918,25.988400011556223,21.399299992481247,2.154000016162172,0.0,True,ok,4973,4973
3701,101,10.100000000000001,30,215753.7256947,215753.7512473,25.038200023118407,25.552600010996684,21.67900002677925,2.042600011918694,0.0,True,ok,4507,4507
3702,102,10.200000000000001,30,215753.759158,215753.783479,23.81549999699928,24.321000004420057,20.443599991267547,2.089700021315366,0.0,True,ok,4834,4834
3703,103,10.3,30,215753.7925118,215753.8170544,23.99469999363646,24.54259997466579,20.582099998136982,2.0997000101488084,0.0,True,ok,4943,4943
3704,104,10.4,30,215753.825861,215753.8508571,24.37110000755638,24.99610002269037,20.427499985089526,2.10829998832196,0.0,True,ok,5082,5082
3705,105,10.5,30,215753.8589452,215753.8851533,25.68070002598688,26.20810002554208,21.96210002875887,2.3978000099305063,0.0,True,ok,4986,4986
3706,106,10.600000000000001,30,215753.8921808,215753.9165912,23.80619998439215,24.410399986663833,20.199100021272898,2.2742000001017004,0.0,True,ok,5037,5037
3707,107,10.700000000000001,30,215753.9258372,215753.952958,26.408900012029335,27.1208000194747,20.71280000382103,4.282400012016296,0.0,True,ok,5162,5162
3708,108,10.8,30,215753.9589439,215753.9836426,24.178000021493062,24.698699999134988,20.418300002347678,2.458900009514764,0.0,True,ok,4884,4884
3709,109,10.9,30,215753.9923667,215754.0166753,23.689699999522418,24.30859999731183,20.24300000630319,2.145200007362291,0.0,True,ok,4890,4890
3710,110,11.0,30,215754.0257727,215754.0535598,27.284899988444522,27.787099999841303,21.622000000206754,2.6926999853458256,0.0,True,ok,4848,4848
3711,111,11.100000000000001,30,215754.0587876,215754.0831697,23.894299985840917,24.382100004004315,20.313299988629296,2.1861999994143844,0.0,True,ok,5030,5030
3712,112,11.200000000000001,30,215754.0922844,215754.1177787,25.043899979209527,25.494300003629178,21.17830002680421,2.4307999992743134,0.0,True,ok,5114,5114
3713,113,11.3,30,215754.1255947,215754.1510639,24.984699994092807,25.469200016232207,21.339200000511482,2.285800001118332,0.0,True,ok,5293,5293
3714,114,11.4,30,215754.15922,215754.1841444,24.467700015520677,24.924400000600144,20.380700007081032,2.7876000094693154,0.0,True,ok,5423,5423
3715,115,11.5,30,215754.1922439,215754.2169137,24.14709998993203,24.669799982802942,20.61960002174601,2.2523999796248972,0.0,True,ok,5340,5340
3716,116,11.600000000000001,30,215754.2257518,215754.2516688,25.46849998179823,25.916999991750345,21.875399979762733,2.3181999858934432,0.0,True,ok,5279,5279
3717,117,11.700000000000001,30,215754.2587471,215754.2835109,24.260799982585013,24.763800000073388,20.55270000710152,2.3710000095888972,0.0,True,ok,5498,5498
3718,118,11.8,30,215754.2925537,215754.3248954,31.81580000091344,32.3416999890469,28.18310001748614,2.3166000028140843,0.0,True,ok,5517,5517
3719,119,11.9,30,215754.3257169,215754.3531874,26.968799997121096,27.47050000471063,23.38539998163469,2.2656999935861677,0.0,True,ok,5266,5266
3720,0,0.0,31,215754.3616783,215754.3866737,23.77699999487959,24.995400017360225,20.15300001949072,2.3355000012088567,0.0,True,ok,4708,4708
3721,1,0.1,31,215754.3926086,215754.4194428,25.83919998141937,26.834199990844354,22.303400008240715,2.20760001684539,0.0,True,ok,4681,4681
3722,2,0.2,31,215754.4256823,215754.4499037,23.73970000189729,24.22140000271611,20.338600006652996,2.0960000110790133,0.0,True,ok,4360,4360
3723,3,0.30000000000000004,31,215754.4594273,215754.4881911,27.969200018560514,28.76380001544021,22.79459999408573,3.612000000430271,0.0,True,ok,4532,4532
3724,4,0.4,31,215754.4923749,215754.5161802,23.26290000928566,23.805300006642938,19.886699999915436,2.082399994833395,0.0,True,ok,4533,4533
3725,5,0.5,31,215754.5257375,215754.554986,28.807599999709055,29.24850000999868,25.358100014273077,2.1739000221714377,0.0,True,ok,4334,4334
3726,6,0.6000000000000001,31,215754.5593751,215754.5877319,27.904900023713708,28.356800001347438,24.011700006667525,2.605600020615384,0.0,True,ok,4462,4462
3727,7,0.7000000000000001,31,215754.5922851,215754.617482,24.565700005041435,25.196900009177625,21.128000022144988,2.1447000035550445,0.0,True,ok,4479,4479
3728,8,0.8,31,215754.6256621,215754.6505871,24.319800024386495,24.92500000516884,20.942699979059398,2.0932999905198812,0.0,True,ok,4534,4534
3729,9,0.9,31,215754.6592491,215754.6835766,23.842799972044304,24.327499995706603,20.366500015370548,2.2019000025466084,0.0,True,ok,4491,4491
3730,10,1.0,31,215754.6926579,215754.7196904,25.888800009852275,27.032499987399206,21.945799991954118,2.5243000127375126,0.0,True,ok,4600,4600
3731,11,1.1,31,215754.7257283,215754.7495383,23.35000000311993,23.810000013327226,19.888400012860075,2.1498000132851303,0.0,True,ok,4781,4781
3732,12,1.2000000000000002,31,215754.758784,215754.7825372,23.288500000489876,23.75319998827763,19.63709999108687,2.174099994590506,0.0,True,ok,5044,5044
3733,13,1.3,31,215754.7924781,215754.8171175,24.189599993405864,24.639400013256818,20.703300018794835,2.1775000204797834,0.0,True,ok,4620,4620
3734,14,1.4000000000000001,31,215754.8258228,215754.8496757,23.368699999991804,23.852900019846857,19.647100009024143,2.419299999019131,0.0,True,ok,4785,4785
3735,15,1.5,31,215754.8589414,215754.8836765,24.207100010244176,24.735100014368072,20.763900014571846,2.1345999848563224,0.0,True,ok,5045,5045
3736,16,1.6,31,215754.8923166,215754.9176453,24.856300005922094,25.328700023237616,21.224800002528355,2.300799998920411,0.0,True,ok,5382,5382
3737,17,1.7000000000000002,31,215754.9258201,215754.9520378,25.607599993236363,26.217699982225895,20.013899978948757,3.731600008904934,0.0,True,ok,5312,5312
3738,18,1.8,31,215754.9588476,215754.9825223,23.200099996756762,23.67470000172034,19.66539997374639,2.16609999188222,0.0,True,ok,5363,5363
3739,19,1.9000000000000001,31,215754.992192,215755.0169222,24.26269999705255,24.730200006160885,20.55889999610372,2.3244000039994717,0.0,True,ok,5455,5455
3740,20,2.0,31,215755.0258785,215755.0496094,23.15880000242032,23.73090002220124,19.350299990037456,2.3763999924995005,0.0,True,ok,5508,5508
3741,21,2.1,31,215755.058856,215755.0837959,24.48799999547191,24.93990000220947,20.26540000224486,2.8630000015255064,0.0,True,ok,5300,5300
3742,22,2.2,31,215755.092562,215755.1242714,31.126300018513575,31.7094000056386,27.23020000848919,2.5102999934460968,0.0,True,ok,5384,5384
3743,23,2.3000000000000003,31,215755.1258179,215755.1513716,25.074999983189628,25.553699990268797,21.347300003981218,2.3719000164419413,0.0,True,ok,5355,5355
3744,24,2.4000000000000004,31,215755.1590591,215755.1837006,24.142300011590123,24.641500000143424,20.576899987645447,2.2739999985788018,0.0,True,ok,5072,5072
3745,25,2.5,31,215755.1923693,215755.2168142,23.85229998617433,24.44489998742938,20.216100005200133,2.3818000045139343,0.0,True,ok,4851,4851
3746,26,2.6,31,215755.2256411,215755.250224,24.124299990944564,24.58289999049157,20.740400010254234,2.1143999765627086,0.0,True,ok,4933,4933
3747,27,2.7,31,215755.2593883,215755.2931368,33.17459998652339,33.748499990906566,29.321500012883916,2.3326000082306564,0.0,True,ok,4889,4889
3748,28,2.8000000000000003,31,215755.2922116,215755.324923,31.772600021213293,32.71140001015738,27.637299994239584,2.7077999839093536,0.0,True,ok,4508,4508
3749,29,2.9000000000000004,31,215755.3257609,215755.3520804,25.611500022932887,26.319500000681728,22.229700000025332,2.088500012177974,0.0,True,ok,4516,4516
3750,30,3.0,31,215755.3587871,215755.3839771,24.536499986425042,25.18999998574145,20.55290000862442,2.4662999785505235,0.0,True,ok,4326,4326
3751,31,3.1,31,215755.3924443,215755.4178913,24.795299977995455,25.446999992709607,21.448899991810322,2.0736000151373446,0.0,True,ok,4407,4407
3752,32,3.2,31,215755.4255559,215755.4551348,28.936499991687015,29.57889999379404,25.08930000476539,2.452799992170185,0.0,True,ok,4113,4113
3753,33,3.3000000000000003,31,215755.4592339,215755.4881293,28.39799999492243,28.895399998873472,25.08059999672696,2.0905999990645796,0.0,True,ok,4211,4211
3754,34,3.4000000000000004,31,215755.4920851,215755.5164199,23.71909999055788,24.334799993084744,20.319099974585697,2.175999979954213,0.0,True,ok,4198,4198
3755,35,3.5,31,215755.5256415,215755.5509935,24.894799978937954,25.351999996928498,20.42079999228008,3.2697999849915504,0.0,True,ok,4125,4125
3756,36,3.6,31,215755.5593115,215755.5836735,23.88329998939298,24.36199999647215,20.33629998913966,2.2689999896101654,0.0,True,ok,4267,4267
3757,37,3.7,31,215755.5923079,215755.618283,25.49809997435659,25.975099997594953,22.211599978618324,2.087000000756234,0.0,True,ok,3805,3805
3758,38,3.8000000000000003,31,215755.6256329,215755.6541909,28.03650000714697,28.55800001998432,24.35759999207221,2.443800010951236,0.0,True,ok,3921,3921
3759,39,3.9000000000000004,31,215755.6591961,215755.6858225,26.1369000072591,26.626400009263307,21.96800001547672,2.9670999792870134,0.0,True,ok,3864,3864
3760,40,4.0,31,215755.6922817,215755.7187064,25.895899976603687,26.424699986819178,22.33939999132417,2.3332000127993524,0.0,True,ok,3828,3828
3761,41,4.1000000000000005,31,215755.7253888,215755.7533181,27.348200004780665,27.929300005780533,23.62849999917671,2.351900009671226,0.0,True,ok,3659,3659
3762,42,4.2,31,215755.7588288,215755.7868374,27.318699983879924,28.008599998429418,23.544499999843538,2.5525999953970313,0.0,True,ok,3989,3989
3763,43,4.3,31,215755.7924807,215755.8167126,23.72510000714101,24.231899995356798,20.36160000716336,2.0998999825678766,0.0,True,ok,4294,4294
3764,44,4.4,31,215755.8260067,215755.8502572,23.602800007211044,24.250500020571053,20.02969998284243,2.315899997483939,0.0,True,ok,4623,4623
3765,45,4.5,31,215755.8589162,215755.8847501,25.23589998600073,25.833899999270216,21.451399981742725,2.530300000216812,0.0,True,ok,4708,4708
3766,46,4.6000000000000005,31,215755.8925725,215755.9179502,24.583199992775917,25.377700017997995,20.559099997626618,2.757900016149506,0.0,True,ok,4834,4834
3767,47,4.7,31,215755.9256042,215755.9521563,26.071199972648174,26.552099996479228,21.956499986117706,2.6710999954957515,0.0,True,ok,4677,4677
3768,48,4.800000000000001,31,215755.959224,215756.0005129,40.76210001949221,41.28890001447871,36.68160000233911,2.693699992960319,0.0,True,ok,4591,4591
3769,49,4.9,31,215755.9921703,215756.0285619,28.03190000122413,36.39159997692332,24.350800027605146,2.4677999899722636,0.0,True,ok,4442,4442
3770,50,5.0,31,215756.0256731,215756.0596181,31.047399999806657,33.94500000285916,27.008700009901077,2.5947000249288976,0.0,True,ok,4408,4408
3771,51,5.1000000000000005,31,215756.0592548,215756.0886775,28.90299999853596,29.422699997667223,25.27620000182651,2.3581999994348735,0.0,True,ok,4418,4418
3772,52,5.2,31,215756.0920873,215756.1163653,23.866900010034442,24.277999997138977,19.900099985534325,2.0892000175081193,0.0,True,ok,4600,4600
3773,53,5.300000000000001,31,215756.1259024,215756.150719,23.99320001131855,24.81659999466501,20.564299979014322,2.164999983506277,0.0,True,ok,4489,4489
3774,54,5.4,31,215756.1589509,215756.1836038,24.060199997620657,24.652899999637157,20.61780000803992,2.1893999946769327,0.0,True,ok,4625,4625
3775,55,5.5,31,215756.1923485,215756.2173871,24.438500026008114,25.038600026164204,20.803999999770895,2.370700007304549,0.0,True,ok,4379,4379
3776,56,5.6000000000000005,31,215756.225766,215756.2500482,23.79729997483082,24.28220000001602,20.41520000784658,2.1588999952655286,0.0,True,ok,4212,4212
3777,57,5.7,31,215756.2591836,215756.2845367,24.8864000022877,25.35310000530444,21.244100003968924,2.3919999948702753,0.0,True,ok,4229,4229
3778,58,5.800000000000001,31,215756.2925719,215756.3185177,25.353600009111688,25.94580000732094,21.787300007417798,2.2492999851237983,0.0,True,ok,4294,4294
3779,59,5.9,31,215756.3259794,215756.3503753,23.743900004774332,24.39590002177283,20.05940000526607,2.3277000000234693,0.0,True,ok,4337,4337
3780,60,6.0,31,215756.359001,215756.3844768,24.922400014474988,25.475800008280203,21.246999996947125,2.370799978962168,0.0,True,ok,4334,4334
3781,61,6.1000000000000005,31,215756.3926156,215756.4173721,24.295100010931492,24.756500002695248,20.541400008369237,2.309100003913045,0.0,True,ok,4169,4169
3782,62,6.2,31,215756.425634,215756.4489849,22.91729999706149,23.350899980869144,19.482700008666143,2.0542999845929444,0.0,True,ok,4172,4172
3783,63,6.300000000000001,31,215756.4593308,215756.48443,24.07900002435781,25.099200021941215,20.37189999828115,2.4748000141698867,0.0,True,ok,4147,4147
3784,64,6.4,31,215756.492555,215756.5176701,24.55599998938851,25.115099997492507,21.127099986188114,2.1858999971300364,0.0,True,ok,4178,4178
3785,65,6.5,31,215756.5259339,215756.5520283,25.364400004036725,26.094400003785267,21.328100003302097,2.3284999770112336,0.0,True,ok,4169,4169
3786,66,6.6000000000000005,31,215756.5593851,215756.5867142,26.859100005822256,27.329100004862994,23.41520000481978,2.1795000066049397,0.0,True,ok,4168,4168
3787,67,6.7,31,215756.5924615,215756.6179166,24.900899996282533,25.455099996179342,21.568199998000637,2.0077000081073493,0.0,True,ok,4086,4086
3788,68,6.800000000000001,31,215756.6255424,215756.6528123,26.81389998178929,27.269899990642443,22.944900003494695,2.3258000146597624,0.0,True,ok,4379,4379
3789,69,6.9,31,215756.6591857,215756.6828795,22.76660001371056,23.69380000163801,19.171000021742657,2.2111999860499054,33.64330000476912,True,ok,4282,4282
3790,70,7.0,31,215756.6920584,215756.7176667,25.159499986330047,25.60829999856651,20.810100017115474,3.0516999831888825,0.0,True,ok,4247,4247
3791,71,7.1000000000000005,31,215756.7258732,215756.7499874,23.685199994361028,24.114200001349673,20.25349999894388,2.10390001302585,0.0,True,ok,4354,4354
3792,72,7.2,31,215756.7588868,215756.7853472,25.969200010877103,26.460399996722117,22.648100013611838,2.019000006839633,0.0,True,ok,4628,4628
3793,73,7.300000000000001,31,215756.7923804,215756.8170523,24.036699993303046,24.67189999879338,20.414600003277883,2.1680000063497573,0.0,True,ok,4287,4287
3794,74,7.4,31,215756.8257346,215756.8495474,23.314099991694093,23.812800005543977,19.831899990094826,2.167300001019612,0.0,True,ok,4455,4455
3795,75,7.5,31,215756.8593811,215756.8846841,24.666599987540394,25.30300000216812,20.947700017131865,2.4096000124700367,0.0,True,ok,4560,4560
3796,76,7.6000000000000005,31,215756.8927741,215756.9179274,24.65989999473095,25.15329999732785,21.160699980100617,2.0693000114988536,0.0,True,ok,4662,4662
3797,77,7.7,31,215756.9256469,215756.9511639,25.05550000932999,25.517000001855195,20.913500018650666,2.7864000003319234,0.0,True,ok,4381,4381
3798,78,7.800000000000001,31,215756.9592559,215756.9833769,23.629200004506856,24.120999994920567,20.15399999800138,2.194100001361221,0.0,True,ok,4350,4350
3799,79,7.9,31,215756.9922222,215757.0192933,26.487600000109524,27.071099990280345,23.11760000884533,2.0939999958500266,0.0,True,ok,4058,4058
3800,80,8.0,31,215757.0256311,215757.0505012,24.206699978094548,24.87009999458678,20.80150000983849,2.143999998224899,0.0,True,ok,4074,4074
3801,81,8.1,31,215757.0593018,215757.083377,23.5365999978967,24.075199995422736,20.189300004858524,2.1243999944999814,0.0,True,ok,4079,4079
3802,82,8.200000000000001,31,215757.0921741,215757.1213991,28.5415000107605,29.225000005681068,24.344700010260567,2.3477000067941844,0.0,True,ok,4288,4288
3803,83,8.3,31,215757.1254943,215757.1524506,26.509499992243946,26.95629998925142,22.46840001316741,2.5526000245008618,0.0,True,ok,4269,4269
3804,84,8.4,31,215757.1592376,215757.1850366,25.294800027040765,25.7990000245627,20.962799986591563,3.070599981583655,0.0,True,ok,3996,3996
3805,85,8.5,31,215757.1924703,215757.2168476,23.685299995122477,24.377299996558577,20.032000000355765,2.176299982238561,0.0,True,ok,4318,4318
3806,86,8.6,31,215757.2256603,215757.2526168,26.20529997511767,26.95649999077432,22.851400019135326,1.9905999943148345,0.0,True,ok,4410,4410
3807,87,8.700000000000001,31,215757.258862,215757.2841654,24.331699998583645,25.303400005213916,20.634999993490055,2.3295999853871763,0.0,True,ok,4345,4345
3808,88,8.8,31,215757.2923258,215757.3186386,25.79760001390241,26.312800007872283,22.496300021884963,1.9932000141125172,0.0,True,ok,3995,3995
3809,89,8.9,31,215757.3257763,215757.3506636,24.258599994936958,24.887300009140745,20.967100019333884,1.9675999938044697,0.0,True,ok,4114,4114
3810,90,9.0,31,215757.3589576,215757.3873672,27.542600000742823,28.40959999593906,22.157900006277487,4.081599996425211,0.0,True,ok,4407,4407
3811,91,9.1,31,215757.3922468,215757.4177679,24.929100007284433,25.521100003970787,20.20169998286292,2.4606999941170216,0.0,True,ok,4504,4504
3812,92,9.200000000000001,31,215757.4256708,215757.449756,23.206899990327656,24.085199984256178,19.50070000020787,2.283000008901581,0.0,True,ok,4602,4602
3813,93,9.3,31,215757.4591281,215757.4853096,25.501999974949285,26.18149999761954,20.23549997829832,3.7897999864071608,0.0,True,ok,4719,4719
3814,94,9.4,31,215757.4925022,215757.517613,24.622400000225753,25.110799993854016,20.735400001285598,2.368499990552664,0.0,True,ok,4623,4623
3815,95,9.5,31,215757.5258745,215757.5514826,25.143700011540204,25.60810002614744,21.446500002639368,2.3277000000234693,0.0,True,ok,4555,4555
3816,96,9.600000000000001,31,215757.5590986,215757.5839901,24.135800020303577,24.891500012017787,20.43890001368709,2.316199999768287,0.0,True,ok,4902,4902
3817,97,9.700000000000001,31,215757.5925058,215757.6165673,23.390499991364777,24.061499978415668,19.945999985793605,2.088200009893626,0.0,True,ok,4793,4793
3818,98,9.8,31,215757.6258206,215757.6517897,25.48479998949915,25.969100010115653,21.99320000363514,2.143299992894754,0.0,True,ok,4857,4857
3819,99,9.9,31,215757.6588039,215757.6831149,23.799399990821257,24.310999986482784,20.265099999960512,2.141800010576844,0.0,True,ok,4985,4985
3820,100,10.0,31,215757.6924403,215757.7186185,25.691699993330985,26.178200001595542,21.04009999311529,2.7061000000685453,0.0,True,ok,4973,4973
3821,101,10.100000000000001,31,215757.7259052,215757.7522844,25.385399989318103,26.379199989605695,21.542900009080768,2.464799996232614,0.0,True,ok,4507,4507
3822,102,10.200000000000001,31,215757.7589285,215757.7841739,24.64330001384951,25.245400000130758,21.278199972584844,1.9754999957513064,0.0,True,ok,4834,4834
3823,103,10.3,31,215757.7922357,215757.8193114,26.60969999851659,27.075699996203184,23.18699998431839,2.0493000047281384,0.0,True,ok,4943,4943
3824,104,10.4,31,215757.8256112,215757.8505376,24.4300999911502,24.9263999867253,20.82959999097511,2.1961999882478267,0.0,True,ok,5082,5082
3825,105,10.5,31,215757.8592601,215757.8843497,24.132999998982996,25.08960000704974,20.61240002512932,2.1250999998301268,0.0,True,ok,4986,4986
3826,106,10.600000000000001,31,215757.8923295,215757.916413,23.41829999932088,24.08350000041537,19.935599993914366,2.10089999018237,0.0,True,ok,5037,5037
3827,107,10.700000000000001,31,215757.9256732,215757.9502567,24.083199998131022,24.583499995060265,20.49369999440387,2.193799999076873,0.0,True,ok,5162,5162
3828,108,10.8,31,215757.9592368,215757.9841591,24.241599981905892,24.922299984609708,20.112500002142042,2.586000016890466,0.0,True,ok,4884,4884
3829,109,10.9,31,215757.9923384,215758.0192457,26.426299999002367,26.90729999449104,21.617599995806813,2.4081000010482967,0.0,True,ok,4890,4890
3830,110,11.0,31,215758.0258038,215758.0513879,25.135100004263222,25.58409998891875,21.52489998843521,2.2810999944340438,0.0,True,ok,4848,4848
3831,111,11.100000000000001,31,215758.0589174,215758.0833755,23.851499980082735,24.4581000006292,20.34859999548644,2.107099979184568,0.0,True,ok,5030,5030
3832,112,11.200000000000001,31,215758.0924902,215758.1168897,23.80640001501888,24.399499990977347,20.33060000394471,2.10240000160411,0.0,True,ok,5114,5114
3833,113,11.3,31,215758.1256271,215758.1507819,24.672800005646423,25.15480000874959,20.964299998013303,2.26540002040565,0.0,True,ok,5293,5293
3834,114,11.4,31,215758.1592624,215758.1843742,24.583699996583164,25.11180000146851,20.659899979364127,2.265799994347617,0.0,True,ok,5423,5423
3835,115,11.5,31,215758.1921232,215758.2184403,25.860199995804578,26.317100011510774,21.766899997601286,2.608199982205406,0.0,True,ok,5340,5340
3836,116,11.600000000000001,31,215758.2256746,215758.2528712,26.149600016651675,27.19660001457669,21.39710000483319,3.3076000108849257,0.0,True,ok,5279,5279
3837,117,11.700000000000001,31,215758.2587412,215758.2849293,25.577899999916553,26.188099989667535,21.654600015608594,2.482900017639622,0.0,True,ok,5498,5498
3838,118,11.8,31,215758.2924671,215758.3179736,24.746899987803772,25.506500009214506,20.818900025915354,2.4449999909847975,0.0,True,ok,5517,5517
3839,119,11.9,31,215758.3260497,215758.3514266,24.900800024624914,25.3769000119064,21.163999976124614,2.2798999852966517,0.0,True,ok,5266,5266
3840,0,0.0,32,215758.3615067,215758.3870969,25.02860000822693,25.59020000626333,21.28299998003058,2.3384999949485064,0.0,True,ok,4708,4708
3841,1,0.1,32,215758.3923724,215758.4176652,24.824899999657646,25.292799982707947,21.059000020613894,2.13950002216734,0.0,True,ok,4681,4681
3842,2,0.2,32,215758.4259521,215758.4509069,24.107599980197847,24.9547999992501,20.641199982492253,2.072000002954155,33.579699986148626,True,ok,4360,4360
3843,3,0.30000000000000004,32,215758.4589049,215758.4845136,25.13250001356937,25.608700001612306,21.436700015328825,2.322699991054833,0.0,True,ok,4532,4532
3844,4,0.4,32,215758.4925501,215758.5179862,24.94139998452738,25.43609999702312,21.458799979882315,2.1010999917052686,0.0,True,ok,4533,4533
3845,5,0.5,32,215758.5254825,215758.5536898,27.721899998141453,28.207299998030066,24.006999999983236,2.344400010770187,0.0,True,ok,4334,4334
3846,6,0.6000000000000001,32,215758.5591773,215758.5836331,23.97390000987798,24.455800012219697,20.473300013691187,2.092899987474084,0.0,True,ok,4462,4462
3847,7,0.7000000000000001,32,215758.592164,215758.6166135,23.765499994624406,24.44949999335222,20.24010001332499,2.1345999848563224,0.0,True,ok,4479,4479
3848,8,0.8,32,215758.6255569,215758.6500076,23.94559999811463,24.45070000248961,20.367899996927008,2.145899983588606,0.0,True,ok,4534,4534
3849,9,0.9,32,215758.6590738,215758.6845443,24.999399989610538,25.47049999702722,21.132399997441098,2.318399987416342,0.0,True,ok,4491,4491
3850,10,1.0,32,215758.692348,215758.716667,23.864899994805455,24.31899998919107,20.084899995708838,2.368899993598461,0.0,True,ok,4600,4600
3851,11,1.1,32,215758.725471,215758.7500753,24.165699986042455,24.604299978818744,20.550200017169118,2.0121999841649085,0.0,True,ok,4781,4781
3852,12,1.2000000000000002,32,215758.7591322,215758.784398,24.82259998214431,25.26579998084344,21.302799985278398,2.076699980534613,0.0,True,ok,5044,5044
3853,13,1.3,32,215758.7925093,215758.8175238,24.494200013577938,25.014500017277896,20.805200008908287,2.2769999923184514,0.0,True,ok,4620,4620
3854,14,1.4000000000000001,32,215758.8258983,215758.8530392,26.64789999835193,27.140899997903034,22.91739999782294,2.2908000100869685,0.0,True,ok,4785,4785
3855,15,1.5,32,215758.8589482,215758.8862113,26.630900014424697,27.26309999707155,22.33969999360852,2.228999976068735,0.0,True,ok,5045,5045
3856,16,1.6,32,215758.8925427,215758.9177286,24.68659999431111,25.18590001272969,20.304000005126,2.408500004094094,0.0,True,ok,5382,5382
3857,17,1.7000000000000002,32,215758.925612,215758.9521924,26.051900000311434,26.580400008242577,22.435499995481223,2.079900004900992,0.0,True,ok,5312,5312
3858,18,1.8,32,215758.9592294,215758.9861481,26.401200011605397,26.918699993984774,20.768599992152303,4.040200001327321,0.0,True,ok,5363,5363
3859,19,1.9000000000000001,32,215758.9921029,215759.0175113,24.934999994002283,25.408399989828467,20.28300001984462,3.1313000072259456,0.0,True,ok,5455,5455
3860,20,2.0,32,215759.0256138,215759.0510141,24.783800006844103,25.400299986358732,20.830500026931986,2.441099990392104,0.0,True,ok,5508,5508
3861,21,2.1,32,215759.0587488,215759.0847127,25.488399987807497,25.963899999624118,21.816400025272742,2.1348999871406704,0.0,True,ok,5300,5300
3862,22,2.2,32,215759.0926023,215759.1167228,23.570600023958832,24.12050002021715,19.690099987201393,2.3883999965619296,0.0,True,ok,5384,5384
3863,23,2.3000000000000003,32,215759.1260356,215759.1505795,23.88620001147501,24.543900013668463,19.62070001172833,2.305799978785217,33.433300006436184,True,ok,5355,5355
3864,24,2.4000000000000004,32,215759.1591743,215759.1843417,24.213199998484924,25.167399988276884,20.083599985809997,2.477700007148087,0.0,True,ok,5072,5072
3865,25,2.5,32,215759.1924263,215759.2210836,28.198799991514534,28.65729999030009,21.96179999737069,4.556599975330755,0.0,True,ok,4851,4851
3866,26,2.6,32,215759.2254633,215759.2502835,24.175900005502626,24.820199992973357,20.4061999975238,2.1257999760564417,0.0,True,ok,4933,4933
3867,27,2.7,32,215759.2592306,215759.2859989,26.277400000253692,26.76830001291819,22.621900017838925,2.1721000084653497,0.0,True,ok,4889,4889
3868,28,2.8000000000000003,32,215759.2928518,215759.3177813,24.462100001983345,24.9294999812264,20.496200013440102,2.4901999859139323,0.0,True,ok,4508,4508
3869,29,2.9000000000000004,32,215759.325692,215759.3500755,23.88180000707507,24.383499985560775,20.223600004101172,2.1714000031352043,0.0,True,ok,4516,4516
3870,30,3.0,32,215759.3593219,215759.384384,23.953399999300018,25.062100001377985,20.366699987789616,2.175099973101169,0.0,True,ok,4326,4326
3871,31,3.1,32,215759.3921586,215759.4172442,24.48330001789145,25.085600005695596,20.787999994354323,2.228699973784387,0.0,True,ok,4407,4407
3872,32,3.2,32,215759.4255696,215759.4509238,24.83899999060668,25.354200013680384,21.387499989941716,2.06979998620227,0.0,True,ok,4113,4113
3873,33,3.3000000000000003,32,215759.4590817,215759.4853031,25.608500000089407,26.22139998129569,22.110799996880814,2.096200012601912,0.0,True,ok,4211,4211
3874,34,3.4000000000000004,32,215759.492422,215759.5176711,24.62150002247654,25.249099999200553,21.059899998363107,2.1638000034727156,0.0,True,ok,4198,4198
3875,35,3.5,32,215759.5256207,215759.5515256,25.021899986313656,25.904899986926466,20.48149998881854,2.9445000109262764,0.0,True,ok,4125,4125
3876,36,3.6,32,215759.5587644,215759.5831996,23.92039998085238,24.435200000880286,20.364099997095764,2.196599991293624,0.0,True,ok,4267,4267
3877,37,3.7,32,215759.592203,215759.6176798,25.007399992318824,25.476799986790866,21.532499988097697,2.0493000047281384,0.0,True,ok,3805,3805
3878,38,3.8000000000000003,32,215759.6258702,215759.6509427,24.411700025666505,25.072500022361055,19.895700010238215,2.3321000044234097,0.0,True,ok,3921,3921
3879,39,3.9000000000000004,32,215759.6588766,215759.6832788,23.920899984659627,24.40219998243265,20.236700016539544,2.326600020751357,0.0,True,ok,3864,3864
3880,40,4.0,32,215759.6924401,215759.7183586,25.342399982037023,25.918499974068254,20.424899994395673,3.569599997717887,0.0,True,ok,3828,3828
3881,41,4.1000000000000005,32,215759.7254617,215759.7496344,23.737200011964887,24.172700010240078,20.21630000672303,2.171000000089407,0.0,True,ok,3659,3659
3882,42,4.2,32,215759.7590231,215759.7860445,26.114300009794533,27.02140001929365,22.484200017061085,2.239599998574704,0.0,True,ok,3989,3989
3883,43,4.3,32,215759.7925671,215759.8210958,27.940900006797165,28.528700000606477,21.21810000971891,5.116600019391626,0.0,True,ok,4294,4294
3884,44,4.4,32,215759.8258821,215759.8513732,24.924100027419627,25.49110000836663,20.65960000618361,2.7981000021100044,0.0,True,ok,4623,4623
3885,45,4.5,32,215759.8589619,215759.8835195,24.08770000329241,24.5576000015717,20.23709999048151,2.4153999984264374,0.0,True,ok,4708,4708
3886,46,4.6000000000000005,32,215759.8925524,215759.9170296,23.836900014430285,24.477200000546873,19.886699999915436,2.364100015256554,0.0,True,ok,4834,4834
3887,47,4.7,32,215759.9259557,215759.9510441,23.967299988726154,25.088399997912347,20.270999986678362,2.3079999955371022,0.0,True,ok,4677,4677
3888,48,4.800000000000001,32,215759.9589922,215759.9829447,23.331699980190024,23.952499992446974,19.937199976993725,1.975999999558553,0.0,True,ok,4591,4591
3889,49,4.9,32,215759.9925426,215760.0179174,24.946399993496016,25.374799995915964,20.986499992432073,2.4027999897953123,0.0,True,ok,4442,4442
3890,50,5.0,32,215760.0255825,215760.0509133,24.301899975398555,25.33079998102039,20.277999981772155,2.5932999851647764,0.0,True,ok,4408,4408
3891,51,5.1000000000000005,32,215760.0590609,215760.0832059,23.64620001753792,24.145000003045425,19.90810001734644,2.3407000117003918,0.0,True,ok,4418,4418
3892,52,5.2,32,215760.0921448,215760.120797,28.12360000098124,28.652200009673834,23.629200004506856,2.7166999934706837,0.0,True,ok,4600,4600
3893,53,5.300000000000001,32,215760.1254195,215760.1492559,23.213200009195134,23.836400010623038,19.68299999134615,2.151900000171736,0.0,True,ok,4489,4489
3894,54,5.4,32,215760.1590399,215760.1875737,28.02150000934489,28.533800010336563,24.34400000493042,2.2982000082265586,0.0,True,ok,4625,4625
3895,55,5.5,32,215760.1926018,215760.2214251,28.270999988308176,28.82330000284128,24.586699990322813,2.307599992491305,0.0,True,ok,4379,4379
3896,56,5.6000000000000005,32,215760.22589,215760.2545128,28.168599994387478,28.622799989534542,23.995600000489503,2.0865999977104366,0.0,True,ok,4212,4212
3897,57,5.7,32,215760.2593104,215760.288876,29.01890000794083,29.5656000089366,24.598000018158928,3.0341999954544008,0.0,True,ok,4229,4229
3898,58,5.800000000000001,32,215760.2926753,215760.3243328,31.067200005054474,31.65749998879619,26.54170000459999,3.107700002146885,0.0,True,ok,4294,4294
3899,59,5.9,32,215760.32575,215760.3524046,26.186400005826727,26.654600020265207,22.118599998066202,2.3370000126305968,0.0,True,ok,4337,4337
3900,60,6.0,32,215760.3587855,215760.3871717,27.94909998192452,28.3861999923829,24.360799987334758,2.2560000070370734,0.0,True,ok,4334,4334
3901,61,6.1000000000000005,32,215760.3931346,215760.4185349,24.94269999442622,25.400300015462562,20.367199991596863,3.0559000151697546,0.0,True,ok,4169,4169
3902,62,6.2,32,215760.4256403,215760.449539,23.378799989586696,23.898699990240857,19.66560000437312,2.199800015660003,0.0,True,ok,4172,4172
3903,63,6.300000000000001,32,215760.4592544,215760.490079,29.66020000167191,30.82460002042353,25.97710001282394,2.295599988428876,0.0,True,ok,4147,4147
3904,64,6.4,32,215760.4923405,215760.5222292,29.25269998377189,29.888699995353818,24.625400023069233,3.264400002080947,0.0,True,ok,4178,4178
3905,65,6.5,32,215760.525729,215760.5521806,25.730199995450675,26.451600017026067,22.20649999799207,2.1197999885771424,0.0,True,ok,4169,4169
3906,66,6.6000000000000005,32,215760.5587639,215760.5842697,24.869799992302433,25.50580000388436,21.404200000688434,2.0751999982167035,0.0,True,ok,4168,4168
3907,67,6.7,32,215760.5923708,215760.6161886,23.331799980951473,23.817799985408783,19.806700001936406,2.09500000346452,0.0,True,ok,4086,4086
3908,68,6.800000000000001,32,215760.6256984,215760.6500315,23.611799988429993,24.333100009243935,19.801899994490668,2.3908999864943326,0.0,True,ok,4379,4379
3909,69,6.9,32,215760.6593757,215760.6844842,24.076500005321577,25.10850000544451,19.72890002070926,2.833300008205697,33.67730000172742,True,ok,4282,4282
3910,70,7.0,32,215760.6923063,215760.7178977,25.057199993170798,25.591399986296892,19.750700012082234,3.882799996063113,0.0,True,ok,4247,4247
3911,71,7.1000000000000005,32,215760.7255149,215760.7535802,27.066499984357506,28.065299993613735,22.22850001999177,3.408099990338087,0.0,True,ok,4354,4354
3912,72,7.2,32,215760.7590721,215760.7856086,25.931700016371906,26.536500023212284,22.38999999826774,2.1382999839261174,0.0,True,ok,4628,4628
3913,73,7.300000000000001,32,215760.7923297,215760.8167846,23.97079998627305,24.454900005366653,20.467700000153854,2.0902999967802316,0.0,True,ok,4287,4287
3914,74,7.4,32,215760.8259048,215760.8565729,30.164900003001094,30.668099992908537,26.164000009885058,2.6317999872844666,0.0,True,ok,4455,4455
3915,75,7.5,32,215760.8589373,215760.8836915,24.274900002637878,24.754199985181913,20.565100014209747,2.288299991050735,0.0,True,ok,4560,4560
3916,76,7.6000000000000005,32,215760.8921978,215760.9175132,24.316800001543015,25.315399980172515,20.972500002244487,1.9737999828066677,0.0,True,ok,4662,4662
3917,77,7.7,32,215760.9257626,215760.9505093,24.1723999788519,24.746699986280873,20.769399998243898,2.0259000011719763,0.0,True,ok,4381,4381
3918,78,7.800000000000001,32,215760.9589523,215760.9855673,26.11169998999685,26.615000009769574,22.295700007816777,2.2123999951872975,0.0,True,ok,4350,4350
3919,79,7.9,32,215760.992354,215761.0187259,25.75010000145994,26.371900021331385,22.391799982869998,1.9888000097125769,0.0,True,ok,4058,4058
3920,80,8.0,32,215761.0258991,215761.0503911,23.894599988125265,24.491999996826053,20.452799974009395,2.0409999997355044,0.0,True,ok,4074,4074
3921,81,8.1,32,215761.0593324,215761.08609,25.71029998944141,26.75759998965077,22.227700013900176,2.1348000154830515,0.0,True,ok,4079,4079
3922,82,8.200000000000001,32,215761.0924473,215761.121189,28.246100002434105,28.74169999267906,23.254200001247227,3.247000015107915,0.0,True,ok,4288,4288
3923,83,8.3,32,215761.1257551,215761.1520325,25.667899986729026,26.277400000253692,21.977600001264364,2.2678000095766038,0.0,True,ok,4269,4269
3924,84,8.4,32,215761.1589022,215761.1888758,29.276199988089502,29.973600001540035,25.920199987012893,1.9932000141125172,0.0,True,ok,3996,3996
3925,85,8.5,32,215761.1924453,215761.2190653,25.97280000918545,26.62000001873821,22.133400023449212,2.4074999964796007,0.0,True,ok,4318,4318
3926,86,8.6,32,215761.2258521,215761.2514731,25.147000007564202,25.621000007959083,21.57520002219826,2.154499990865588,0.0,True,ok,4410,4410
3927,87,8.700000000000001,32,215761.2588957,215761.2887043,29.033800004981458,29.80859999661334,25.6496999936644,1.9764000026043504,0.0,True,ok,4345,4345
3928,88,8.8,32,215761.2924572,215761.3187668,25.834999978542328,26.309599983505905,22.05229998799041,2.427500003250316,0.0,True,ok,3995,3995
3929,89,8.9,32,215761.3254878,215761.3539225,27.95050002168864,28.434700012439862,23.001000023214146,3.553899994585663,0.0,True,ok,4114,4114
3930,90,9.0,32,215761.3591183,215761.3835822,24.020100012421608,24.463900015689433,20.220500009600073,2.2329000057652593,0.0,True,ok,4407,4407
3931,91,9.1,32,215761.3921528,215761.4171492,24.345099984202534,24.99639999587089,20.442399982130155,2.4692000006325543,0.0,True,ok,4504,4504
3932,92,9.200000000000001,32,215761.4256877,215761.4520541,25.896399980410933,26.3664000085555,22.1900999895297,2.3179000127129257,0.0,True,ok,4602,4602
3933,93,9.3,32,215761.4593144,215761.4844504,24.663199990754947,25.135999982012436,21.066299988888204,2.1892999939154834,0.0,True,ok,4719,4719
3934,94,9.4,32,215761.4924544,215761.5175409,24.555400013923645,25.08650001254864,20.7972000062,2.3096999793779105,0.0,True,ok,4623,4623
3935,95,9.5,32,215761.5259054,215761.5507837,24.35629998217337,24.878299998817965,20.53050001268275,2.4044000019785017,0.0,True,ok,4555,4555
3936,96,9.600000000000001,32,215761.5590158,215761.5836739,24.176000006264076,24.65809998102486,20.29360001324676,2.3167000035755336,0.0,True,ok,4902,4902
3937,97,9.700000000000001,32,215761.5923867,215761.6178343,24.74439999787137,25.447599997278303,21.04449999751523,2.1283999958541244,0.0,True,ok,4793,4793
3938,98,9.8,32,215761.6256971,215761.6518796,25.707900000270456,26.182499976130202,21.308699971996248,2.128599997377023,0.0,True,ok,4857,4857
3939,99,9.9,32,215761.658742,215761.6833351,24.13560001878068,24.59310000995174,20.504400017671287,2.2493000142276287,0.0,True,ok,4985,4985
3940,100,10.0,32,215761.692531,215761.7197426,26.337499992223457,27.211599983274937,21.114900009706616,3.594799985876307,0.0,True,ok,4973,4973
3941,101,10.100000000000001,32,215761.7254412,215761.7513465,25.45700001064688,25.905300019076094,20.61360000516288,2.3822000075597316,0.0,True,ok,4507,4507
3942,102,10.200000000000001,32,215761.7592098,215761.786422,26.00529999472201,27.212200016947463,22.325499972794205,2.3392000002786517,0.0,True,ok,4834,4834
3943,103,10.3,32,215761.7921905,215761.8186862,25.837199995294213,26.49569997447543,22.335599991492927,2.13350000558421,0.0,True,ok,4943,4943
3944,104,10.4,32,215761.8255384,215761.8544241,28.42610000516288,28.885699983220547,24.602400022558868,2.445999998599291,0.0,True,ok,5082,5082
3945,105,10.5,32,215761.8592157,215761.8849066,24.650000006658956,25.69089998723939,21.116799995070323,2.054799988400191,33.67730000172742,True,ok,4986,4986
3946,106,10.600000000000001,32,215761.8922344,215761.9180716,25.31150000868365,25.837199995294213,21.54230000451207,2.3933000047691166,0.0,True,ok,5037,5037
3947,107,10.700000000000001,32,215761.9255255,215761.9508376,24.79919997858815,25.312099984148517,20.341399998869747,3.117200016276911,0.0,True,ok,5162,5162
3948,108,10.8,32,215761.9591244,215761.9843117,24.61820002645254,25.18730002338998,20.97680000588298,2.3236999986693263,0.0,True,ok,4884,4884
3949,109,10.9,32,215761.9925005,215762.0186979,25.64509998774156,26.197400002274662,21.933999989414588,2.3984000144992024,0.0,True,ok,4890,4890
3950,110,11.0,32,215762.0258729,215762.0556855,29.347300005611032,29.81259999796748,25.01250000204891,2.3885999980848283,0.0,True,ok,4848,4848
3951,111,11.100000000000001,32,215762.0589335,215762.0854285,25.906700000632554,26.494999998249114,22.196699981577694,2.353400021092966,0.0,True,ok,5030,5030
3952,112,11.200000000000001,32,215762.0925308,215762.1224219,29.290200007380918,29.891100013628602,25.546600023517385,1.9950999994762242,0.0,True,ok,5114,5114
3953,113,11.3,32,215762.125868,215762.1546849,28.322799975285307,28.816899983212352,23.963899991940707,2.859200001694262,0.0,True,ok,5293,5293
3954,114,11.4,32,215762.1589718,215762.1839271,24.49390001129359,24.955300003057346,20.507799985352904,2.602399996249005,0.0,True,ok,5423,5423
3955,115,11.5,32,215762.1923484,215762.2161793,23.312600009376183,23.830899997847155,19.549099990399554,2.435200003674254,0.0,True,ok,5340,5340
3956,116,11.600000000000001,32,215762.2256262,215762.2521969,26.121300004888326,26.570699992589653,20.975699997507036,2.676700009033084,0.0,True,ok,5279,5279
3957,117,11.700000000000001,32,215762.2592618,215762.2857453,25.789300008909777,26.48349999799393,22.095799999078736,2.321199979633093,0.0,True,ok,5498,5498
3958,118,11.8,32,215762.2925774,215762.3164329,23.371399991447106,23.85550001054071,19.70209999126382,2.2931000276003033,0.0,True,ok,5517,5517
3959,119,11.9,32,215762.3256395,215762.3547256,28.595899988431484,29.086099995765835,24.020499986363575,2.337799989618361,0.0,True,ok,5266,5266
3960,0,0.0,33,215762.3624595,215762.3908283,27.429500012658536,28.368800005409867,21.334300021408126,4.72930000978522,0.0,True,ok,4708,4708
3961,1,0.1,33,215762.3923055,215762.416596,23.829199984902516,24.290500005008653,20.329699997091666,2.1448999759741127,0.0,True,ok,4681,4681
3962,2,0.2,33,215762.4255497,215762.4516963,25.696400000015274,26.146599993808195,21.31159999407828,3.0229999974835664,33.24420002172701,True,ok,4360,4360
3963,3,0.30000000000000004,33,215762.4592942,215762.4836988,23.696299991570413,24.404600000707433,19.88300000084564,2.4850999761838466,0.0,True,ok,4532,4532
3964,4,0.4,33,215762.4923602,215762.5202391,27.33430001535453,27.878900000359863,21.592299977783114,3.9439000247512013,0.0,True,ok,4533,4533
3965,5,0.5,33,215762.5254805,215762.5536623,27.393700001994148,28.1818000075873,22.88040000712499,3.194499993696809,0.0,True,ok,4334,4334
3966,6,0.6000000000000001,33,215762.5595386,215762.5852415,25.066600006539375,25.70289999130182,21.70400001341477,1.9786999910138547,0.0,True,ok,4462,4462
3967,7,0.7000000000000001,33,215762.592276,215762.6204274,27.540399983990937,28.151399979833513,21.495599998161197,4.144799982896075,0.0,True,ok,4479,4479
3968,8,0.8,33,215762.6256805,215762.6509843,24.51460002339445,25.303800008259714,21.052500000223517,2.024299988988787,0.0,True,ok,4534,4534
3969,9,0.9,33,215762.6591577,215762.6843792,24.730100005399436,25.22150002187118,21.226500015472993,2.1895999961998314,0.0,True,ok,4491,4491
3970,10,1.0,33,215762.6925023,215762.7195248,26.40800000517629,27.022499998565763,22.81519997632131,2.26089998614043,0.0,True,ok,4600,4600
3971,11,1.1,33,215762.7264215,215762.7516155,24.53830000013113,25.193999987095594,20.52320001530461,2.580100001068786,0.0,True,ok,4781,4781
3972,12,1.2000000000000002,33,215762.7589662,215762.7884626,28.955499990843236,29.496400005882606,25.62579998630099,2.001299988478422,0.0,True,ok,5044,5044
3973,13,1.3,33,215762.7924307,215762.8184801,25.552099978085607,26.0493999812752,20.759499981068075,3.4887999936472625,0.0,True,ok,4620,4620
3974,14,1.4000000000000001,33,215762.8258031,215762.8521901,25.903800007654354,26.387000019894913,21.99869998730719,2.359099977184087,0.0,True,ok,4785,4785
3975,15,1.5,33,215762.8588718,215762.8880449,28.706799988867715,29.173099988838658,24.74279998568818,2.1010000200476497,0.0,True,ok,5045,5045
3976,16,1.6,33,215762.8926455,215762.9175952,24.47760000359267,24.949700018623844,20.15860000392422,2.5991000002250075,0.0,True,ok,5382,5382
3977,17,1.7000000000000002,33,215762.9255554,215762.9570407,30.87510002660565,31.485300016356632,26.07480000006035,3.415000013774261,0.0,True,ok,5312,5312
3978,18,1.8,33,215762.9590473,215762.986887,27.310000004945323,27.839699992910028,22.62689999770373,3.2337000011466444,0.0,True,ok,5363,5363
3979,19,1.9000000000000001,33,215762.9924268,215763.0189951,25.748399988515303,26.5683000034187,22.14689998072572,2.2084999945946038,0.0,True,ok,5455,5455
3980,20,2.0,33,215763.0256886,215763.049803,23.633600008906797,24.11440000287257,19.647899986011907,2.5803999742493033,0.0,True,ok,5508,5508
3981,21,2.1,33,215763.0589866,215763.0851789,25.059199979295954,26.192299992544577,20.697500003734604,2.9824999801348895,0.0,True,ok,5300,5300
3982,22,2.2,33,215763.0924673,215763.11796,24.931499996455386,25.49269999144599,20.84459998877719,2.645100001245737,0.0,True,ok,5384,5384
3983,23,2.3000000000000003,33,215763.1257037,215763.1501623,23.891499993624166,24.458600004436448,20.08190000196919,2.2993000166025013,0.0,True,ok,5355,5355
3984,24,2.4000000000000004,33,215763.1594075,215763.1852944,25.204200006555766,25.886899995384738,21.302000008290634,2.6171999925281852,0.0,True,ok,5072,5072
3985,25,2.5,33,215763.1923845,215763.2185464,25.718199991388246,26.16189999389462,21.88760001445189,2.5166999839711934,0.0,True,ok,4851,4851
3986,26,2.6,33,215763.225892,215763.2542224,27.85099999164231,28.330400004051626,21.17809999617748,4.937699995934963,0.0,True,ok,4933,4933
3987,27,2.7,33,215763.2589527,215763.2851343,25.616099999751896,26.18159999838099,22.21070000086911,2.0340000046417117,0.0,True,ok,4889,4889
3988,28,2.8000000000000003,33,215763.292494,215763.3169968,23.83309998549521,24.50279999175109,20.07850000518374,2.431000000797212,0.0,True,ok,4508,4508
3989,29,2.9000000000000004,33,215763.3258819,215763.3494525,22.93370000552386,23.570599994855,19.49820001027547,2.126199979102239,0.0,True,ok,4516,4516
3990,30,3.0,33,215763.3589682,215763.385463,26.011700014350936,26.494800025830045,21.101599995745346,3.3316999906674027,0.0,True,ok,4326,4326
3991,31,3.1,33,215763.3921527,215763.4179532,25.36629998940043,25.80050000688061,21.79729999625124,2.1345000131987035,0.0,True,ok,4407,4407
3992,32,3.2,33,215763.4255382,215763.452527,26.432499988004565,26.98879997478798,21.65229999809526,3.4690999891608953,0.0,True,ok,4113,4113
3993,33,3.3000000000000003,33,215763.4591465,215763.4842105,24.46149999741465,25.063999986741692,21.17200000793673,2.0001000084448606,0.0,True,ok,4211,4211
3994,34,3.4000000000000004,33,215763.492202,215763.5203533,27.264900010777637,28.151300008175895,23.909400013508275,2.1019000269006938,0.0,True,ok,4198,4198
3995,35,3.5,33,215763.5257937,215763.5510731,24.798800004646182,25.279399997089058,21.336099976906553,2.233299979707226,0.0,True,ok,4125,4125
3996,36,3.6,33,215763.5589094,215763.5850636,25.48490001936443,26.154200022574514,21.998600015649572,2.3082999978214502,0.0,True,ok,4267,4267
3997,37,3.7,33,215763.5925564,215763.6214265,27.677000005496666,28.870100009953603,24.19019999797456,2.2966999968048185,0.0,True,ok,3805,3805
3998,38,3.8000000000000003,33,215763.6255239,215763.6519831,25.856499996734783,26.459199987584725,22.35009998548776,2.2366000048350543,0.0,True,ok,3921,3921
3999,39,3.9000000000000004,33,215763.6592561,215763.6849815,25.257400004193187,25.725399988004938,21.781899995403364,2.2792999807279557,0.0,True,ok,3864,3864
4000,40,4.0,33,215763.6924232,215763.7177885,24.844500003382564,25.36530001088977,21.543000009842217,2.1217000030446798,0.0,True,ok,3828,3828
4001,41,4.1000000000000005,33,215763.7257039,215763.7549752,28.812399978050962,29.271299979882315,22.756799997296184,4.872399993473664,0.0,True,ok,3659,3659
4002,42,4.2,33,215763.7591562,215763.7883325,28.333399997791275,29.176300013205037,22.506300010718405,4.48629999300465,0.0,True,ok,3989,3989
4003,43,4.3,33,215763.7923901,215763.8176172,24.545399995986372,25.22710000630468,21.328500006347895,2.0016999915242195,0.0,True,ok,4294,4294
4004,44,4.4,33,215763.8258243,215763.8521118,25.822199997492135,26.287499989848584,22.31319999555126,2.273499994771555,0.0,True,ok,4623,4623
4005,45,4.5,33,215763.8590918,215763.8852245,25.654400000348687,26.13270000438206,21.965599997201934,2.4344999983441085,0.0,True,ok,4708,4708
4006,46,4.6000000000000005,33,215763.8923017,215763.916794,23.312299977988005,24.4922999991104,19.782699993811548,2.144199999747798,0.0,True,ok,4834,4834
4007,47,4.7,33,215763.9256572,215763.9525863,26.475399994524196,26.929100014967844,22.55600001080893,2.6157000102102757,0.0,True,ok,4677,4677
4008,48,4.800000000000001,33,215763.9591469,215763.9857932,26.182400004472584,26.646300015272573,22.715600003721192,2.224299998488277,0.0,True,ok,4591,4591
4009,49,4.9,33,215763.992544,215764.0240429,30.782700021518394,31.49890000349842,27.269300015177578,2.08020000718534,0.0,True,ok,4442,4442
4010,50,5.0,33,215764.0256284,215764.0544094,28.030999994371086,28.781000000890344,23.171399981947616,3.564000013284385,0.0,True,ok,4408,4408
4011,51,5.1000000000000005,33,215764.0588932,215764.0844832,24.948199978098273,25.5899999756366,20.334600005298853,3.3867000020109117,0.0,True,ok,4418,4418
4012,52,5.2,33,215764.0925092,215764.1217315,28.156999993370846,29.222299985121936,24.28640000289306,2.6292999973520637,0.0,True,ok,4600,4600
4013,53,5.300000000000001,33,215764.1255548,215764.1515284,25.46899998560548,25.973599986173213,20.802499988349155,2.7378000086173415,0.0,True,ok,4489,4489
4014,54,5.4,33,215764.1592237,215764.1844041,24.586299987277016,25.180399999953806,20.704399998066947,2.3776000016368926,0.0,True,ok,4625,4625
4015,55,5.5,33,215764.19212,215764.2195136,26.981899980455637,27.3936000012327,23.578699998324737,2.182099997298792,0.0,True,ok,4379,4379
4016,56,5.6000000000000005,33,215764.225744,215764.2514456,25.211500003933907,25.70160001050681,21.96320000803098,2.0465999841690063,0.0,True,ok,4212,4212
4017,57,5.7,33,215764.2593198,215764.286716,26.924600009806454,27.39619999192655,22.580600023502484,3.137899999273941,0.0,True,ok,4229,4229
4018,58,5.800000000000001,33,215764.2927577,215764.3243403,30.699599999934435,31.582600000547245,26.51200001128018,2.874600002542138,0.0,True,ok,4294,4294
4019,59,5.9,33,215764.3258145,215764.3535063,27.14589997776784,27.691799972672015,23.275299987290055,2.4591999826952815,0.0,True,ok,4337,4337
4020,60,6.0,33,215764.3591746,215764.3839787,24.333200010005385,24.804100015899166,20.244300016202033,2.386600011959672,0.0,True,ok,4334,4334
4021,61,6.1000000000000005,33,215764.3921083,215764.420947,27.757100004237145,28.838700003689155,24.22740001929924,2.283300011185929,0.0,True,ok,4169,4169
4022,62,6.2,33,215764.4257627,215764.4524613,26.26720000989735,26.69860000605695,23.057100013829768,1.9762000010814518,0.0,True,ok,4172,4172
4023,63,6.300000000000001,33,215764.4589598,215764.4873879,27.35330001451075,28.428100020391867,22.21660001669079,3.92180000199005,0.0,True,ok,4147,4147
4024,64,6.4,33,215764.4926794,215764.5209044,27.76690002065152,28.225000016391277,22.965799988014624,2.9377999890130013,0.0,True,ok,4178,4178
4025,65,6.5,33,215764.5255932,215764.5519039,25.697399978525937,26.310699991881847,21.890100004384294,2.5470999826211482,0.0,True,ok,4169,4169
4026,66,6.6000000000000005,33,215764.5592439,215764.5854149,25.396700017154217,26.17100000497885,22.005100006936118,2.1970999951008707,0.0,True,ok,4168,4168
4027,67,6.7,33,215764.5925071,215764.6157345,22.788900008890778,23.227400000905618,19.53809999395162,2.0141999993938953,0.0,True,ok,4086,4086
4028,68,6.800000000000001,33,215764.6258668,215764.6541861,27.838899986818433,28.31930000684224,24.37830000417307,2.230000012787059,0.0,True,ok,4379,4379
4029,69,6.9,33,215764.6591093,215764.6866584,26.862300001084805,27.54909999202937,22.158500010846183,3.4625999978743494,0.0,True,ok,4282,4282
4030,70,7.0,33,215764.692202,215764.7220652,29.436000011628494,29.86320000491105,24.292699992656708,3.7768999754916877,0.0,True,ok,4247,4247
4031,71,7.1000000000000005,33,215764.7259262,215764.7541241,27.240199997322634,28.19790001376532,22.801199986133724,3.1802000012248755,0.0,True,ok,4354,4354
4032,72,7.2,33,215764.7589391,215764.7880623,28.444099996704608,29.123200016329065,23.989600013010204,2.3387000255752355,0.0,True,ok,4628,4628
4033,73,7.300000000000001,33,215764.7923093,215764.8189149,26.08800001326017,26.605599996400997,22.356800007401034,2.4037000257521868,0.0,True,ok,4287,4287
4034,74,7.4,33,215764.8257346,215764.8525415,26.340600015828386,26.80690001579933,22.90440001524985,1.940299989655614,0.0,True,ok,4455,4455
4035,75,7.5,33,215764.8590207,215764.8859131,26.266700006090105,26.89239999745041,22.276500007137656,2.2819000005256385,0.0,True,ok,4560,4560
4036,76,7.6000000000000005,33,215764.8923268,215764.9172471,24.47609999217093,24.920299998484552,20.027699996717274,2.6341000047978014,0.0,True,ok,4662,4662
4037,77,7.7,33,215764.9255574,215764.9516023,25.63589997589588,26.04489997611381,20.257600001059473,4.06249999650754,0.0,True,ok,4381,4381
4038,78,7.800000000000001,33,215764.9590626,215764.9844075,24.34409997658804,25.344899971969426,20.60160000110045,2.3742000048514456,0.0,True,ok,4350,4350
4039,79,7.9,33,215764.9921781,215765.0223137,29.376299993600696,30.13560001272708,26.016400021035224,2.1013999939896166,0.0,True,ok,4058,4058
4040,80,8.0,33,215765.0257063,215765.0557888,29.608899989398196,30.08250001585111,25.49379999982193,2.699099975870922,0.0,True,ok,4074,4074
4041,81,8.1,33,215765.0588891,215765.0901764,30.837700003758073,31.287299992982298,27.47020000242628,2.1315999911166728,0.0,True,ok,4079,4079
4042,82,8.200000000000001,33,215765.0925771,215765.1199572,26.899099990259856,27.38009998574853,23.513499996624887,2.130400011083111,0.0,True,ok,4288,4288
4043,83,8.3,33,215765.1259784,215765.1581397,31.692200020188466,32.16130001237616,27.780600008554757,2.484800003003329,0.0,True,ok,4269,4269
4044,84,8.4,33,215765.1590345,215765.1923729,32.856899983016774,33.338400011416525,29.544100019847974,2.060800004983321,0.0,True,ok,3996,3996
4045,85,8.5,33,215765.1923285,215765.2187255,25.72929998859763,26.396999979624525,22.258799988776445,2.1647999819833785,0.0,True,ok,4318,4318
4046,86,8.6,33,215765.2258343,215765.2578051,31.320200010668486,31.970799987902865,27.99930001492612,1.9668999884743243,0.0,True,ok,4410,4410
4047,87,8.700000000000001,33,215765.2588602,215765.2925343,33.08419999666512,33.67410000646487,28.73730001738295,2.9605999880004674,0.0,True,ok,4345,4345
4048,88,8.8,33,215765.2922439,215765.3274669,34.56269999151118,35.222999984398484,30.476899992208928,2.7626000228337944,0.0,True,ok,3995,3995
4049,89,8.9,33,215765.3256931,215765.3610975,33.61799998674542,35.40439999778755,29.22769999713637,2.9195000242907554,0.0,True,ok,4114,4114
4050,90,9.0,33,215765.3587959,215765.3904485,29.341299989027902,31.652599980589002,25.86880000308156,2.0472999894991517,0.0,True,ok,4407,4407
4051,91,9.1,33,215765.3923333,215765.4233931,30.36679999786429,31.059800006914884,26.903499994659796,2.1807000157423317,0.0,True,ok,4504,4504
4052,92,9.200000000000001,33,215765.42599,215765.4616286,35.062899987678975,35.63860000576824,30.702699994435534,3.0881999991834164,0.0,True,ok,4602,4602
4053,93,9.3,33,215765.4589818,215765.4956299,33.944499999051914,36.648099980084226,30.015199998160824,2.615500008687377,0.0,True,ok,4719,4719
4054,94,9.4,33,215765.4928062,215765.5241696,28.530199982924387,31.363399990368634,24.017899995669723,3.1996000034268945,0.0,True,ok,4623,4623
4055,95,9.5,33,215765.5255484,215765.5567017,30.59059998486191,31.153299991274253,27.12220000103116,2.2265000152401626,0.0,True,ok,4555,4555
4056,96,9.600000000000001,33,215765.5592946,215765.5923346,32.53929998027161,33.03999998024665,28.392699983669445,2.8395999979693443,0.0,True,ok,4902,4902
4057,97,9.700000000000001,33,215765.5924941,215765.6190566,25.99349999218248,26.562499988358468,22.188100003404543,2.2981000074651092,0.0,True,ok,4793,4793
4058,98,9.8,33,215765.6258994,215765.6516811,25.178899988532066,25.781699980143458,21.70079998904839,2.125500002875924,0.0,True,ok,4857,4857
4059,99,9.9,33,215765.6588994,215765.6837727,24.26430000923574,24.87329998984933,20.638199988752604,2.27580001228489,0.0,True,ok,4985,4985
4060,100,10.0,33,215765.6926295,215765.7179945,24.506300018401816,25.36500000860542,20.54399999906309,2.5785999896470457,0.0,True,ok,4973,4973
4061,101,10.100000000000001,33,215765.7259451,215765.7536487,26.89389997976832,27.703599975211546,23.48190001794137,2.0979999972041696,0.0,True,ok,4507,4507
4062,102,10.200000000000001,33,215765.7591288,215765.7845804,24.975900014396757,25.451599998632446,21.18690000497736,2.370100002735853,0.0,True,ok,4834,4834
4063,103,10.3,33,215765.792293,215765.818769,25.722899998072535,26.475999999092892,22.08350002183579,2.1946000051684678,0.0,True,ok,4943,4943
4064,104,10.4,33,215765.8256406,215765.8521097,25.979600002756342,26.46910000476055,22.45250000851229,2.1333000040613115,0.0,True,ok,5082,5082
4065,105,10.5,33,215765.8587964,215765.8867747,27.524899982381612,27.978300000540912,23.491500003729016,2.601099986350164,0.0,True,ok,4986,4986
4066,106,10.600000000000001,33,215765.8921184,215765.9175649,24.820699996780604,25.44650001800619,21.36909999535419,2.1025000023655593,0.0,True,ok,5037,5037
4067,107,10.700000000000001,33,215765.9257458,215765.9509307,24.126000003889203,25.184900005115196,20.634599990444258,2.0542999845929444,0.0,True,ok,5162,5162
4068,108,10.8,33,215765.9587167,215765.9849172,25.242400006391108,26.20049999677576,21.655999997165054,2.2551000001840293,0.0,True,ok,4884,4884
4069,109,10.9,33,215765.9923053,215766.018017,25.2463000069838,25.7117000001017,21.67879999615252,2.253799990285188,0.0,True,ok,4890,4890
4070,110,11.0,33,215766.0254976,215766.0507913,24.817299999995157,25.29369998956099,21.23579999897629,2.2979000059422106,0.0,True,ok,4848,4848
4071,111,11.100000000000001,33,215766.0591439,215766.0849588,25.387900008354336,25.814900000113994,21.22980001149699,2.8260000108275563,0.0,True,ok,5030,5030
4072,112,11.200000000000001,33,215766.0927354,215766.1188182,25.64349997555837,26.082800002768636,22.255699994275346,2.0130999910179526,0.0,True,ok,5114,5114
4073,113,11.3,33,215766.1259555,215766.1535183,26.491600001463667,27.562800009036437,22.90579999680631,2.206300006946549,0.0,True,ok,5293,5293
4074,114,11.4,33,215766.1589663,215766.187032,27.423999999882653,28.065699996659532,23.752500012051314,2.3320000036619604,0.0,True,ok,5423,5423
4075,115,11.5,33,215766.1922964,215766.2175907,24.709399993298575,25.294299994129688,21.12469999701716,2.1819999965373427,0.0,True,ok,5340,5340
4076,116,11.600000000000001,33,215766.2256031,215766.250761,24.70129998982884,25.15790000325069,20.698600012110546,2.479200018569827,0.0,True,ok,5279,5279
4077,117,11.700000000000001,33,215766.2591604,215766.2844198,24.836600001435727,25.259400019422174,21.090099995490164,2.3355000012088567,0.0,True,ok,5498,5498
4078,118,11.8,33,215766.2925215,215766.3178286,24.687299999641255,25.30710000428371,20.793700008653104,2.1835999796167016,0.0,True,ok,5517,5517
4079,119,11.9,33,215766.3255188,215766.3519211,25.777700007893145,26.40229999087751,20.897699985653162,3.5164000000804663,0.0,True,ok,5266,5266
4080,0,0.0,34,215766.3617633,215766.3868889,24.546499975258484,25.125599990133196,20.574499998474494,2.635299984831363,0.0,True,ok,4708,4708
4081,1,0.1,34,215766.3922086,215766.417902,25.28049997636117,25.693399977171794,21.774299995740876,2.144500002032146,0.0,True,ok,4681,4681
4082,2,0.2,34,215766.4255628,215766.4562828,29.792599991196766,30.720000009750947,25.622300017857924,2.7415999793447554,0.0,True,ok,4360,4360
4083,3,0.30000000000000004,34,215766.4590633,215766.4860119,26.076800015289336,26.948600017931312,22.092500003054738,2.5550999853294343,0.0,True,ok,4532,4532
4084,4,0.4,34,215766.4925482,215766.5175398,24.388299993006513,24.99159998842515,21.05199999641627,1.9926000095438212,0.0,True,ok,4533,4533
4085,5,0.5,34,215766.5256995,215766.5519148,25.779099989449605,26.21529999305494,21.49820001795888,2.900499996030703,0.0,True,ok,4334,4334
4086,6,0.6000000000000001,34,215766.5589159,215766.5865907,27.232399996137246,27.67479998874478,23.80369999445975,2.1012999932281673,0.0,True,ok,4462,4462
4087,7,0.7000000000000001,34,215766.5924206,215766.6189579,26.081699994392693,26.537300000200048,20.577499992214143,4.16769998264499,0.0,True,ok,4479,4479
4088,8,0.8,34,215766.6256548,215766.6528612,26.764200010802597,27.206400001887232,21.406499989097938,2.6698999863583595,0.0,True,ok,4534,4534
4089,9,0.9,34,215766.658907,215766.6862961,26.891499990597367,27.38909999607131,22.700500005157664,2.1090999944135547,0.0,True,ok,4491,4491
4090,10,1.0,34,215766.6923501,215766.7175948,24.63889998034574,25.244699994800612,20.901899988530204,2.361099992413074,0.0,True,ok,4600,4600
4091,11,1.1,34,215766.725962,215766.7542969,27.831300016259775,28.334900009213015,23.37110001826659,3.007799998158589,0.0,True,ok,4781,4781
4092,12,1.2000000000000002,34,215766.7589716,215766.7844241,24.987600016174838,25.45250000548549,21.486600016942248,2.0893999899271876,0.0,True,ok,5044,5044
4093,13,1.3,34,215766.7927099,215766.8176883,24.078600021312013,24.97840000432916,20.426300005055964,2.2831999813206494,0.0,True,ok,4620,4620
4094,14,1.4000000000000001,34,215766.8256674,215766.8511966,25.040200009243563,25.529200007440522,21.101499994983897,2.3649999930057675,0.0,True,ok,4785,4785
4095,15,1.5,34,215766.8592027,215766.8850087,25.29549997416325,25.805999990552664,21.710800006985664,2.1428999898489565,0.0,True,ok,5045,5045
4096,16,1.6,34,215766.8923085,215766.9198249,26.91459999186918,27.51639997586608,22.93360000476241,2.2726000170223415,0.0,True,ok,5382,5382
4097,17,1.7000000000000002,34,215766.9256869,215766.954487,28.314099996350706,28.800100000808015,24.84800000092946,1.9982000230811536,0.0,True,ok,5312,5312
4098,18,1.8,34,215766.9592372,215766.9850073,25.075300014577806,25.770100008230656,21.339200000511482,2.2314000234473497,0.0,True,ok,5363,5363
4099,19,1.9000000000000001,34,215766.9925488,215767.017678,24.66280001681298,25.129200017545372,21.000599983381107,2.213400002801791,0.0,True,ok,5455,5455
4100,20,2.0,34,215767.0259305,215767.0513828,24.991000012960285,25.45230000396259,21.21199999237433,2.3459999938495457,0.0,True,ok,5508,5508
4101,21,2.1,34,215767.0588953,215767.0852352,25.744700018549338,26.33990001049824,21.90710001741536,2.2287999745458364,0.0,True,ok,5300,5300
4102,22,2.2,34,215767.0924869,215767.1202474,27.21989998826757,27.760500001022592,21.069600014016032,4.43440000526607,0.0,True,ok,5384,5384
4103,23,2.3000000000000003,34,215767.1255075,215767.1524359,26.483199995709583,26.9284000096377,22.485199995571747,2.486699988367036,0.0,True,ok,5355,5355
4104,24,2.4000000000000004,34,215767.1588414,215767.189293,29.999199992744252,30.45160000328906,25.042399996891618,2.6329999964218587,0.0,True,ok,5072,5072
4105,25,2.5,34,215767.1924677,215767.2176217,24.682999996002764,25.154000002657995,20.89529999648221,2.3404999810736626,0.0,True,ok,4851,4851
4106,26,2.6,34,215767.2258769,215767.2530706,26.001799997175112,27.193700021598488,21.989600005326793,2.5628999865148216,0.0,True,ok,4933,4933
4107,27,2.7,34,215767.2590281,215767.2828667,23.381900013191625,23.838599998271093,19.89080000203103,2.0659999863710254,0.0,True,ok,4889,4889
4108,28,2.8000000000000003,34,215767.2926306,215767.3284587,35.11419999995269,35.82810002262704,30.43540002545342,3.2005999819375575,0.0,True,ok,4508,4508
4109,29,2.9000000000000004,34,215767.3259554,215767.3575366,29.066699993563816,31.581199989886954,25.446099985856563,2.261199988424778,0.0,True,ok,4516,4516
4110,30,3.0,34,215767.3590289,215767.3861604,26.492300006793812,27.131499984534457,23.139299999456853,1.96460000006482,0.0,True,ok,4326,4326
4111,31,3.1,34,215767.3925301,215767.4214313,28.348699997877702,28.901199984829873,24.718700005905703,2.13199999416247,0.0,True,ok,4407,4407
4112,32,3.2,34,215767.4255009,215767.4580801,32.13330000289716,32.57920002215542,28.26890000142157,2.398099983111024,0.0,True,ok,4113,4113
4113,33,3.3000000000000003,34,215767.4591188,215767.4939508,34.270400006789714,34.832000004826114,29.255200002808124,2.7818999951705337,0.0,True,ok,4211,4211
4114,34,3.4000000000000004,34,215767.4925274,215767.5250223,31.05869999853894,32.49489999143407,27.50900000683032,2.221700007794425,0.0,True,ok,4198,4198
4115,35,3.5,34,215767.5255594,215767.5580974,31.919100001687184,32.5379999994766,27.362699998775497,3.0288999842014164,0.0,True,ok,4125,4125
4116,36,3.6,34,215767.5591614,215767.5903115,30.674000008730218,31.150100025115535,26.876899995841086,2.4932000087574124,0.0,True,ok,4267,4267
4117,37,3.7,34,215767.5925429,215767.6165467,23.452699999324977,24.003800004720688,19.736799993552268,2.0788999972864985,0.0,True,ok,3805,3805
4118,38,3.8000000000000003,34,215767.6253772,215767.6531846,27.248900005361065,27.807400008896366,22.966699994867668,2.718000003369525,0.0,True,ok,3921,3921
4119,39,3.9000000000000004,34,215767.659106,215767.6948885,35.079099994618446,35.78249999554828,30.70459997979924,2.9892000020481646,0.0,True,ok,3864,3864
4120,40,4.0,34,215767.6924125,215767.7196273,24.727999989409,27.214799978537485,21.282500005327165,2.1126999927219003,0.0,True,ok,3828,3828
4121,41,4.1000000000000005,34,215767.7258012,215767.7571846,30.841999978292733,31.38339999713935,27.062099979957566,2.365799999097362,0.0,True,ok,3659,3659
4122,42,4.2,34,215767.7590662,215767.7836723,24.105399992549792,24.606099992524832,20.135500002652407,2.3049000010360032,0.0,True,ok,3989,3989
4123,43,4.3,34,215767.7925873,215767.8171946,23.99590000277385,24.607300001662225,20.583099976647645,2.0089000172447413,0.0,True,ok,4294,4294
4124,44,4.4,34,215767.8257176,215767.8508703,24.631400010548532,25.152699992759153,20.303199999034405,2.903499989770353,0.0,True,ok,4623,4623
4125,45,4.5,34,215767.8592641,215767.8837852,23.93660001689568,24.521100014680997,19.80030001141131,2.731400018092245,0.0,True,ok,4708,4708
4126,46,4.6000000000000005,34,215767.89237,215767.9172816,24.22750002006069,24.91160001954995,20.705000002635643,2.0804999803658575,0.0,True,ok,4834,4834
4127,47,4.7,34,215767.9255232,215767.9513074,25.26900000520982,25.78419999917969,21.56039999681525,2.2486000088974833,0.0,True,ok,4677,4677
4128,48,4.800000000000001,34,215767.9593838,215767.9936588,33.6234999995213,34.27500001271255,28.73560000443831,2.965899999253452,0.0,True,ok,4591,4591
4129,49,4.9,34,215767.9922616,215768.0199532,26.284200022928417,27.691600000252947,22.056099987821653,2.6599000266287476,0.0,True,ok,4442,4442
4130,50,5.0,34,215768.0256473,215768.0540671,27.943699999013916,28.419799986295402,23.12180001172237,2.588200004538521,0.0,True,ok,4408,4408
4131,51,5.1000000000000005,34,215768.0589063,215768.0865771,27.045800001360476,27.670800016494468,21.602799999527633,3.4750000049825758,33.25899998890236,True,ok,4418,4418
4132,52,5.2,34,215768.0925706,215768.1178627,24.854799994500354,25.292099977377802,21.371200011344627,2.0690999808721244,0.0,True,ok,4600,4600
4133,53,5.300000000000001,34,215768.1255928,215768.15691,30.68679998978041,31.317199987825006,26.74289999413304,2.465599973220378,0.0,True,ok,4489,4489
4134,54,5.4,34,215768.1592575,215768.1953777,35.41360000963323,36.12020000582561,29.888100019888952,3.9053999935276806,0.0,True,ok,4625,4625
4135,55,5.5,34,215768.1923448,215768.2247534,29.364299989538267,32.40860000369139,25.032800011103973,2.6559000252746046,0.0,True,ok,4379,4379
4136,56,5.6000000000000005,34,215768.2259074,215768.2587211,32.214000006206334,32.813700003316626,28.61989999655634,2.010399999562651,0.0,True,ok,4212,4212
4137,57,5.7,34,215768.258919,215768.2947778,35.26040000724606,35.85879999445751,30.739200010430068,3.1082000059541315,0.0,True,ok,4229,4229
4138,58,5.800000000000001,34,215768.2925547,215768.3285023,33.714599994709715,35.947600001236424,29.414899996481836,2.879899984691292,0.0,True,ok,4294,4294
4139,59,5.9,34,215768.3258099,215768.3552174,26.705500000389293,29.407499998342246,22.9012000199873,2.349199989112094,0.0,True,ok,4337,4337
4140,60,6.0,34,215768.3590401,215768.3878731,28.374699992127717,28.832999989390373,24.6849000104703,2.358400000957772,0.0,True,ok,4334,4334
4141,61,6.1000000000000005,34,215768.3924056,215768.4223069,29.456299991579726,29.901300003984943,25.14859999064356,2.7402999985497445,0.0,True,ok,4169,4169
4142,62,6.2,34,215768.4258012,215768.4552093,28.813900018576533,29.408100002910942,25.09410001221113,2.2659999958705157,0.0,True,ok,4172,4172
4143,63,6.300000000000001,34,215768.4592737,215768.4865233,26.65270000579767,27.24960001069121,22.780800005421042,2.511600003344938,0.0,True,ok,4147,4147
4144,64,6.4,34,215768.492459,215768.5183298,25.16190000460483,25.870799989206716,21.636699995724484,2.1578000159934163,0.0,True,ok,4178,4178
4145,65,6.5,34,215768.5255031,215768.5495382,23.60960000078194,24.035099981119856,20.10980001068674,2.1200000192038715,0.0,True,ok,4169,4169
4146,66,6.6000000000000005,34,215768.5593769,215768.5863989,26.047399995150045,27.021999994758517,20.526500011328608,4.056100005982444,33.87379998457618,True,ok,4168,4168
4147,67,6.7,34,215768.5923861,215768.6174767,24.565400002757087,25.090599985560402,20.910999999614432,2.2671000042464584,0.0,True,ok,4086,4086
4148,68,6.800000000000001,34,215768.6258403,215768.6573062,30.808900017291307,31.465900014154613,27.014699997380376,2.2437000006902963,0.0,True,ok,4379,4379
4149,69,6.9,34,215768.6588971,215768.6848735,25.472399982390925,25.976400007493794,21.799299982376397,2.252599981147796,0.0,True,ok,4282,4282
4150,70,7.0,34,215768.6926695,215768.7168755,23.719299992080778,24.206000001868233,19.953300012275577,2.3397000040858984,0.0,True,ok,4247,4247
4151,71,7.1000000000000005,34,215768.7256158,215768.7508563,24.81989999068901,25.24049999192357,21.016099984990433,2.144900005077943,0.0,True,ok,4354,4354
4152,72,7.2,34,215768.7592334,215768.7835544,23.886899987701327,24.321000004420057,20.338500005891547,2.107099979184568,0.0,True,ok,4628,4628
4153,73,7.300000000000001,34,215768.7924752,215768.8171373,24.158100015483797,24.662100011482835,20.416199986357242,2.2982000082265586,0.0,True,ok,4287,4287
4154,74,7.4,34,215768.8258163,215768.8513659,24.947999976575375,25.549599988153204,20.63139999518171,2.798300003632903,0.0,True,ok,4455,4455
4155,75,7.5,34,215768.8589242,215768.883889,24.365899997064844,24.96479998808354,20.805499982088804,2.119399985531345,0.0,True,ok,4560,4560
4156,76,7.6000000000000005,34,215768.8922308,215768.9167541,23.901900014607236,24.52330000232905,20.186100009595975,2.265499992063269,0.0,True,ok,4662,4662
4157,77,7.7,34,215768.9256255,215768.950862,24.78119998704642,25.236499990569428,21.25799999339506,2.1046999900136143,0.0,True,ok,4381,4381
4158,78,7.800000000000001,34,215768.9592796,215768.9838575,23.919300001580268,24.577899981522933,20.29339998262003,2.1726999839302152,0.0,True,ok,4350,4350
4159,79,7.9,34,215768.9922409,215769.0190475,26.144800009205937,26.80660001351498,22.626399993896484,2.1204999939072877,0.0,True,ok,4058,4058
4160,80,8.0,34,215769.0257902,215769.0501791,23.447500017937273,24.38890002667904,19.930100010242313,2.1123999904375523,0.0,True,ok,4074,4074
4161,81,8.1,34,215769.0592247,215769.0879096,28.044100006809458,28.684899996733293,24.407300021266565,2.2548999986611307,0.0,True,ok,4079,4079
4162,82,8.200000000000001,34,215769.0921942,215769.1186588,25.99490000284277,26.46459999959916,22.260500001721084,2.2615000198129565,0.0,True,ok,4288,4288
4163,83,8.3,34,215769.1256314,215769.1507271,24.478500010445714,25.095699995290488,20.407100004376844,2.641099999891594,0.0,True,ok,4269,4269
4164,84,8.4,34,215769.159325,215769.185652,25.690499984193593,26.326999999582767,20.74239999637939,3.312000015284866,0.0,True,ok,3996,3996
4165,85,8.5,34,215769.1923312,215769.2193082,26.515200006542727,26.97700000135228,22.101800015661865,2.7301000081934035,0.0,True,ok,4318,4318
4166,86,8.6,34,215769.2257139,215769.2509974,24.83330000541173,25.28349999920465,21.300399996107444,2.1041999862063676,0.0,True,ok,4410,4410
4167,87,8.700000000000001,34,215769.2587836,215769.2910379,31.768199987709522,32.25429999292828,26.472900004591793,3.785899985814467,0.0,True,ok,4345,4345
4168,88,8.8,34,215769.2923373,215769.3170745,24.274099996546283,24.737200001254678,20.75409999815747,2.1259000059217215,0.0,True,ok,3995,3995
4169,89,8.9,34,215769.325825,215769.3508742,24.334799993084744,25.049199990462512,20.839199976762757,2.111099980538711,0.0,True,ok,4114,4114
4170,90,9.0,34,215769.3587987,215769.3859154,26.635899994289503,27.116699988255277,22.41489998414181,2.7919999847654253,0.0,True,ok,4407,4407
4171,91,9.1,34,215769.3925041,215769.4174419,24.463300011120737,24.937800015322864,19.860100001096725,2.76620002114214,0.0,True,ok,4504,4504
4172,92,9.200000000000001,34,215769.425546,215769.4509532,24.944599979789928,25.407199980691075,20.57680001598783,2.800000016577542,0.0,True,ok,4602,4602
4173,93,9.3,34,215769.4591309,215769.4869899,27.297599997837096,27.858999994350597,23.445699975127354,2.366000000620261,0.0,True,ok,4719,4719
4174,94,9.4,34,215769.4924843,215769.5214863,28.447799995774403,29.001999995671213,24.578000011388212,2.3695999989286065,0.0,True,ok,4623,4623
4175,95,9.5,34,215769.5256668,215769.5544833,28.144199983216822,28.816499980166554,24.168699979782104,2.3526999866589904,0.0,True,ok,4555,4555
4176,96,9.600000000000001,34,215769.5587641,215769.5888868,29.634699982125312,30.12270000181161,25.692000024719164,2.4722999951336533,0.0,True,ok,4902,4902
4177,97,9.700000000000001,34,215769.5922744,215769.6188602,25.92960000038147,26.58579999115318,21.812499995576218,2.4606999941170216,0.0,True,ok,4793,4793
4178,98,9.8,34,215769.6260281,215769.657674,31.030099984491244,31.645899987779558,26.96639997884631,2.4049000057857484,0.0,True,ok,4857,4857
4179,99,9.9,34,215769.6588882,215769.6860859,26.694900006987154,27.1976999938488,23.081499995896593,2.1852000209037215,0.0,True,ok,4985,4985
4180,100,10.0,34,215769.6922791,215769.7192086,26.462100009666756,26.92949998890981,22.834000003058463,2.1818999957758933,0.0,True,ok,4973,4973
4181,101,10.100000000000001,34,215769.7256781,215769.763185,36.58689997973852,37.50690000015311,31.625399977201596,3.372199978912249,0.0,True,ok,4507,4507
4182,102,10.200000000000001,34,215769.7592041,215769.7974174,34.219900000607595,38.21329999482259,30.56539999670349,2.210000006016344,0.0,True,ok,4834,4834
4183,103,10.3,34,215769.7924751,215769.8311826,33.75090000918135,38.707500003511086,29.726099979598075,2.2194999910425395,0.0,True,ok,4943,4943
4184,104,10.4,34,215769.8257833,215769.8698881,38.68499997770414,44.10479997750372,34.42390001146123,2.513999992515892,0.0,True,ok,5082,5082
4185,105,10.5,34,215769.8589165,215769.9051374,35.227499989559874,46.220899996114895,29.462400008924305,2.6243999891448766,0.0,True,ok,4986,4986
4186,106,10.600000000000001,34,215769.8924781,215769.9352327,30.076199996983632,42.75459999917075,26.46160000585951,2.1587999945040792,0.0,True,ok,5037,5037
4187,107,10.700000000000001,34,215769.9255368,215769.9663808,31.13580000353977,40.844000002834946,26.961399998981506,2.772700012428686,0.0,True,ok,5162,5162
4188,108,10.8,34,215769.959159,215769.9905152,24.122600007103756,31.356200022855774,19.872000004397705,2.8805000183638185,0.0,True,ok,4884,4884
4189,109,10.9,34,215769.9922082,215770.01912,26.415900007123128,26.91179999965243,22.98549999250099,2.061200008029118,0.0,True,ok,4890,4890
4190,110,11.0,34,215770.0255303,215770.0545608,28.034399991156533,29.03050000895746,24.092899984680116,2.512100007152185,0.0,True,ok,4848,4848
4191,111,11.100000000000001,34,215770.0590469,215770.088624,28.94729998661205,29.57710000919178,24.79749999474734,2.6926999853458256,0.0,True,ok,5030,5030
4192,112,11.200000000000001,34,215770.0921338,215770.1214932,28.701199975330383,29.35939998133108,23.96640001097694,3.224999993108213,0.0,True,ok,5114,5114
4193,113,11.3,34,215770.1256247,215770.1521249,26.04679999058135,26.500199979636818,22.302199999103323,2.289700001711026,0.0,True,ok,5293,5293
4194,114,11.4,34,215770.1590021,215770.185898,26.19770000455901,26.895899994997308,21.6880000079982,2.226699987659231,0.0,True,ok,5423,5423
4195,115,11.5,34,215770.192267,215770.2192101,26.35490000830032,26.94310000515543,21.77350001875311,2.842299989424646,0.0,True,ok,5340,5340
4196,116,11.600000000000001,34,215770.2260425,215770.2513734,24.840099998982623,25.33090001088567,21.146499988390133,2.285700000356883,0.0,True,ok,5279,5279
4197,117,11.700000000000001,34,215770.2588993,215770.2846544,25.13999998336658,25.755099981324747,21.3989999901969,2.297500002896413,0.0,True,ok,5498,5498
4198,118,11.8,34,215770.2924486,215770.324161,31.21139999711886,31.71239999937825,27.35459999530576,2.383599989116192,0.0,True,ok,5517,5517
4199,119,11.9,34,215770.3257114,215770.3535371,27.324299997417256,27.825700002722442,21.364100015489385,2.3695999989286065,0.0,True,ok,5266,5266
4200,0,0.0,35,215770.3610376,215770.3870922,25.130499998340383,26.054599991766736,21.421399986138567,2.3184000165201724,0.0,True,ok,4708,4708
4201,1,0.1,35,215770.3922088,215770.4217843,29.14640001836233,29.575499997008592,25.296400010120124,2.1767999860458076,0.0,True,ok,4681,4681
4202,2,0.2,35,215770.4257358,215770.4548947,28.564999985974282,29.158899997128174,24.51779998955317,2.271800010930747,0.0,True,ok,4360,4360
4203,3,0.30000000000000004,35,215770.45923,215770.4835418,23.777800000971183,24.31179999257438,19.938899989938363,2.433199988445267,0.0,True,ok,4532,4532
4204,4,0.4,35,215770.4921485,215770.5175486,24.749400006840006,25.400100013939664,21.202900010393932,2.1659000194631517,0.0,True,ok,4533,4533
4205,5,0.5,35,215770.5256412,215770.5523647,26.093399996170774,26.72350002103485,22.125699993921444,2.417100011371076,0.0,True,ok,4334,4334
4206,6,0.6000000000000001,35,215770.5589596,215770.5891427,28.913799993460998,30.18309999606572,25.518100010231137,1.9912999996449798,0.0,True,ok,4462,4462
4207,7,0.7000000000000001,35,215770.5922038,215770.6167749,23.980800004210323,24.57109998795204,20.239300007233396,2.215299988165498,0.0,True,ok,4479,4479
4208,8,0.8,35,215770.6258204,215770.6525845,26.28809999441728,26.764100010041147,22.738799976650625,2.149299980374053,0.0,True,ok,4534,4534
4209,9,0.9,35,215770.6591315,215770.6858977,26.294999988749623,26.766199996927753,22.814099997049198,2.1160000178497285,0.0,True,ok,4491,4491
4210,10,1.0,35,215770.6920798,215770.7171527,24.423599999863654,25.072899996303022,20.739800005685538,2.3167000035755336,0.0,True,ok,4600,4600
4211,11,1.1,35,215770.7260896,215770.7524654,25.134199997410178,26.375799992820248,21.567500021774322,2.1370000031311065,0.0,True,ok,4781,4781
4212,12,1.2000000000000002,35,215770.7593425,215770.787642,27.066400012699887,28.299500001594424,22.857500007376075,2.500700007658452,0.0,True,ok,5044,5044
4213,13,1.3,35,215770.7920904,215770.8165117,23.78119999775663,24.42129998235032,20.054500026162714,2.3348999966401607,0.0,True,ok,4620,4620
4214,14,1.4000000000000001,35,215770.8254002,215770.8516516,25.727800006279722,26.251400006003678,21.441000018967316,2.8390999941620976,0.0,True,ok,4785,4785
4215,15,1.5,35,215770.8592442,215770.8839032,24.060600000666454,24.659000016981736,20.33629998913966,2.30389999342151,0.0,True,ok,5045,5045
4216,16,1.6,35,215770.8922739,215770.9183727,25.556899985531345,26.098799979081377,21.759399998700246,2.2447000083047897,0.0,True,ok,5382,5382
4217,17,1.7000000000000002,35,215770.9256214,215770.951912,25.63789999112487,26.290599984349683,21.257499989587814,2.583599998615682,0.0,True,ok,5312,5312
4218,18,1.8,35,215770.9592183,215770.9847971,25.05840000230819,25.578800006769598,21.47570002125576,2.156500006094575,0.0,True,ok,5363,5363
4219,19,1.9000000000000001,35,215770.992112,215771.0208313,28.23180000996217,28.71929999673739,24.016100011067465,2.374600007897243,0.0,True,ok,5455,5455
4220,20,2.0,35,215771.0257366,215771.0529687,26.772100012749434,27.23210002295673,20.44449999812059,4.717100004199892,0.0,True,ok,5508,5508
4221,21,2.1,35,215771.0591153,215771.0867388,27.146199980052188,27.623499976471066,21.37519998359494,3.77370000933297,0.0,True,ok,5300,5300
4222,22,2.2,35,215771.0921035,215771.123116,30.4898000031244,31.012499995995313,26.553600007900968,2.2792999807279557,0.0,True,ok,5384,5384
4223,23,2.3000000000000003,35,215771.1255336,215771.1518739,25.705000007292256,26.340300013544038,21.867900009965524,2.34089998411946,0.0,True,ok,5355,5355
4224,24,2.4000000000000004,35,215771.1590835,215771.1906852,30.95350001240149,31.601700000464916,26.9057999830693,2.5720999983604997,0.0,True,ok,5072,5072
4225,25,2.5,35,215771.1920966,215771.2177861,25.13409999664873,25.68950000568293,21.50870001059957,2.198100002715364,0.0,True,ok,4851,4851
4226,26,2.6,35,215771.2254728,215771.2533446,27.34440000494942,27.87180000450462,23.271999991266057,2.2396999993361533,0.0,True,ok,4933,4933
4227,27,2.7,35,215771.2590816,215771.2851488,25.605600007111207,26.06720000039786,21.849600016139448,2.1376000076998025,0.0,True,ok,4889,4889
4228,28,2.8000000000000003,35,215771.2923117,215771.3202391,27.164099999936298,27.927399991312996,20.848000014666468,4.798500012839213,0.0,True,ok,4508,4508
4229,29,2.9000000000000004,35,215771.3257833,215771.3536971,27.355400001397356,27.913800004171208,23.86429999023676,2.1488999773282558,0.0,True,ok,4516,4516
4230,30,3.0,35,215771.3587427,215771.3839303,24.54130002297461,25.187600025674328,20.70549997733906,2.36909999512136,0.0,True,ok,4326,4326
4231,31,3.1,35,215771.3923231,215771.4223338,29.522900003939867,30.010699992999434,25.148200016701594,2.526600001147017,0.0,True,ok,4407,4407
4232,32,3.2,35,215771.4259148,215771.4542811,27.866500022355467,28.366300015477464,23.982999991858378,2.5454999995417893,0.0,True,ok,4113,4113
4233,33,3.3000000000000003,35,215771.4587068,215771.4891994,30.03490000264719,30.492599995341152,25.693700008559972,2.6421000075060874,0.0,True,ok,4211,4211
4234,34,3.4000000000000004,35,215771.4923985,215771.5229642,30.098000017460436,30.56569999898784,25.820799986831844,2.526799973566085,0.0,True,ok,4198,4198
4235,35,3.5,35,215771.5254621,215771.5511652,24.99330000136979,25.70310002192855,21.32479997817427,2.3646999907214195,0.0,True,ok,4125,4125
4236,36,3.6,35,215771.5591583,215771.5827443,23.040999978547916,23.585999995702878,19.531099998857826,2.266399998916313,0.0,True,ok,4267,4267
4237,37,3.7,35,215771.5925349,215771.6181373,25.097600009758025,25.60240001184866,21.189599996432662,2.355200005695224,0.0,True,ok,3805,3805
4238,38,3.8000000000000003,35,215771.6259494,215771.6555761,28.851999988546595,29.626699979417026,25.069299997994676,2.5236000074073672,0.0,True,ok,3921,3921
4239,39,3.9000000000000004,35,215771.6588428,215771.6871071,27.490200009196997,28.26429999549873,23.96330001647584,2.2615999914705753,0.0,True,ok,3864,3864
4240,40,4.0,35,215771.6921452,215771.717482,24.832299997797236,25.33679999760352,21.501999988686293,2.0975000225007534,0.0,True,ok,3828,3828
4241,41,4.1000000000000005,35,215771.7255303,215771.7493731,23.382999992463738,23.842800001148134,20.20629998878576,1.9796999986283481,0.0,True,ok,3659,3659
4242,42,4.2,35,215771.7589869,215771.7850603,25.42439999524504,26.07339998940006,20.994999998947605,3.138500003842637,0.0,True,ok,3989,3989
4243,43,4.3,35,215771.7922923,215771.8169242,23.977299977559596,24.63189998525195,20.453900011489168,2.198600006522611,0.0,True,ok,4294,4294
4244,44,4.4,35,215771.825629,215771.8531449,26.967200014041737,27.515900001162663,23.380099999485537,2.3025000118650496,0.0,True,ok,4623,4623
4245,45,4.5,35,215771.8591842,215771.8840711,23.80330002051778,24.886900006094947,19.84140000422485,2.534900006139651,0.0,True,ok,4708,4708
4246,46,4.6000000000000005,35,215771.8922183,215771.9175995,24.78720000362955,25.38120001554489,20.041999989189208,2.2233000199776143,0.0,True,ok,4834,4834
4247,47,4.7,35,215771.9254894,215771.9505312,24.56489999894984,25.041800021426752,20.696799998404458,2.459599985741079,0.0,True,ok,4677,4677
4248,48,4.800000000000001,35,215771.9590813,215771.9844873,24.94450000813231,25.406000000657514,21.479899995028973,2.1505000186152756,0.0,True,ok,4591,4591
4249,49,4.9,35,215771.992378,215772.0187047,25.66899999510497,26.32669999729842,21.78229999844916,2.5978999910876155,0.0,True,ok,4442,4442
4250,50,5.0,35,215772.0258137,215772.0610412,34.74120001192205,35.227500018663704,30.894700001226738,2.4990000238176435,0.0,True,ok,4408,4408
4251,51,5.1000000000000005,35,215772.0593353,215772.0852672,24.21539998613298,25.931899988790974,20.59560001362115,2.322699991054833,0.0,True,ok,4418,4418
4252,52,5.2,35,215772.0923367,215772.1172866,24.4554000091739,24.949899991042912,20.944600022630766,2.2187000140547752,0.0,True,ok,4600,4600
4253,53,5.300000000000001,35,215772.1257801,215772.1516865,25.444800005061552,25.906399998348206,22.08200001041405,2.102099999319762,0.0,True,ok,4489,4489
4254,54,5.4,35,215772.1591796,215772.1888166,29.021300026215613,29.636999999638647,25.146700005279854,2.5562999944668263,0.0,True,ok,4625,4625
4255,55,5.5,35,215772.1924776,215772.2186858,25.66300000762567,26.2081999971997,21.753199980594218,2.2926000237930566,0.0,True,ok,4379,4379
4256,56,5.6000000000000005,35,215772.2259221,215772.2507363,24.217899976065382,24.814199976390228,20.88150000781752,2.1004999871365726,0.0,True,ok,4212,4212
4257,57,5.7,35,215772.2589695,215772.2825297,22.867799998493865,23.560200002975762,19.380400015506893,2.2625999990850687,0.0,True,ok,4229,4229
4258,58,5.800000000000001,35,215772.2926488,215772.3233322,30.01869999570772,30.683399992994964,25.725499988766387,2.593300014268607,0.0,True,ok,4294,4294
4259,59,5.9,35,215772.3255752,215772.3509006,24.847299995599315,25.325399998109788,21.01930000935681,2.4864000151865184,0.0,True,ok,4337,4337
4260,60,6.0,35,215772.3593122,215772.3852312,25.517999980365857,25.91900000697933,21.3676999846939,2.230499987490475,0.0,True,ok,4334,4334
4261,61,6.1000000000000005,35,215772.3924998,215772.421926,28.92410001368262,29.42620002431795,23.46110000507906,4.034700017655268,0.0,True,ok,4169,4169
4262,62,6.2,35,215772.4258554,215772.4506559,24.029699998209253,24.80049998848699,20.20919998176396,2.365699998335913,0.0,True,ok,4172,4172
4263,63,6.300000000000001,35,215772.4592345,215772.4842385,24.53520000563003,25.003999995533377,20.890099985990673,2.255699975648895,0.0,True,ok,4147,4147
4264,64,6.4,35,215772.4925972,215772.5167138,23.510400002123788,24.116599990520626,20.126799994613975,2.139899996109307,0.0,True,ok,4178,4178
4265,65,6.5,35,215772.5258869,215772.5527796,26.215999998385087,26.89269999973476,21.562599984463304,3.0310000001918525,0.0,True,ok,4169,4169
4266,66,6.6000000000000005,35,215772.5592562,215772.5862233,26.42889998969622,26.967099984176457,23.067800007993355,2.126700012013316,0.0,True,ok,4168,4168
4267,67,6.7,35,215772.5923913,215772.6172218,24.352200009161606,24.83050001319498,20.955399988451973,2.1514999971259385,0.0,True,ok,4086,4086
4268,68,6.800000000000001,35,215772.6257577,215772.6525814,26.146499993046746,26.823699998203665,22.543600003700703,2.3034000187180936,0.0,True,ok,4379,4379
4269,69,6.9,35,215772.6591529,215772.6865244,26.856499986024573,27.371499978471547,22.525999986100942,2.993000001879409,0.0,True,ok,4282,4282
4270,70,7.0,35,215772.692421,215772.7168215,23.962000006577,24.40049999859184,20.326700003352016,2.3732999979984015,0.0,True,ok,4247,4247
4271,71,7.1000000000000005,35,215772.7256293,215772.7522834,26.20350001961924,26.65410001645796,20.833499991567805,2.368599991314113,0.0,True,ok,4354,4354
4272,72,7.2,35,215772.7587664,215772.7840947,24.694699997780845,25.32830002019182,21.45060000475496,2.0330999977886677,0.0,True,ok,4628,4628
4273,73,7.300000000000001,35,215772.7921291,215772.8179953,25.227599981008098,25.866199983283877,21.845600014785305,2.1103000035509467,0.0,True,ok,4287,4287
4274,74,7.4,35,215772.8257247,215772.8507504,24.344599980395287,25.0256999861449,20.982899994123727,2.091799979098141,0.0,True,ok,4455,4455
4275,75,7.5,35,215772.8593093,215772.8853823,25.501099997200072,26.073000015458092,22.16639998368919,2.0681000023614615,0.0,True,ok,4560,4560
4276,76,7.6000000000000005,35,215772.8921692,215772.9193236,26.692000014008954,27.154400013387203,23.121100006392226,2.159600000595674,0.0,True,ok,4662,4662
4277,77,7.7,35,215772.9258786,215772.9525204,26.18729998357594,26.641799981007352,22.43750001071021,2.1711000008508563,0.0,True,ok,4381,4381
4278,78,7.800000000000001,35,215772.9589231,215772.9874797,27.969100017799065,28.55660000932403,23.38100000633858,3.1467000080738217,0.0,True,ok,4350,4350
4279,79,7.9,35,215772.9923025,215773.0199921,27.109799993922934,27.68959998502396,23.29379998263903,2.5528999976813793,0.0,True,ok,4058,4058
4280,80,8.0,35,215773.0256893,215773.0529441,26.175899984082207,27.254799992078915,22.885699989274144,2.0856999908573925,0.0,True,ok,4074,4074
4281,81,8.1,35,215773.0591115,215773.084736,25.03180000348948,25.62449997640215,21.74840000225231,2.0597999973688275,0.0,True,ok,4079,4079
4282,82,8.200000000000001,35,215773.0926666,215773.1195656,25.932799995644018,26.899000018602237,21.057399979326874,3.588599996874109,0.0,True,ok,4288,4288
4283,83,8.3,35,215773.1257503,215773.1498282,23.472000000765547,24.077899986878037,20.14819998294115,2.078799996525049,0.0,True,ok,4269,4269
4284,84,8.4,35,215773.159129,215773.1847235,25.04359997692518,25.59449998079799,21.728699997765943,2.141200006008148,0.0,True,ok,3996,3996
4285,85,8.5,35,215773.1921686,215773.2191081,26.492100005270913,26.939499977743253,21.325199981220067,2.2785000037401915,0.0,True,ok,4318,4318
4286,86,8.6,35,215773.2254669,215773.2498834,23.626900016097352,24.416500004008412,19.82980000320822,2.5467999803368,0.0,True,ok,4410,4410
4287,87,8.700000000000001,35,215773.2589546,215773.2858552,26.389999984530732,26.900600001681596,20.740599982673302,4.2252000130247325,0.0,True,ok,4345,4345
4288,88,8.8,35,215773.2924018,215773.3191171,25.731500005349517,26.715300016803667,22.447099996497855,2.0613000087905675,0.0,True,ok,3995,3995
4289,89,8.9,35,215773.3259065,215773.3523138,25.6807999976445,26.407299999846146,20.764099986990914,2.7003999857697636,0.0,True,ok,4114,4114
4290,90,9.0,35,215773.359417,215773.3863293,25.850000005448237,26.912300003459677,22.52349999616854,2.1047000191174448,0.0,True,ok,4407,4407
4291,91,9.1,35,215773.3923542,215773.4180806,24.592000001575798,25.72639999561943,20.99720001569949,2.3080000246409327,0.0,True,ok,4504,4504
4292,92,9.200000000000001,35,215773.425762,215773.4534558,26.472400000784546,27.693799987901002,22.812499984866008,2.3848999990150332,0.0,True,ok,4602,4602
4293,93,9.3,35,215773.4588122,215773.4837913,24.402500013820827,24.979100009659305,20.839600008912385,2.306000009411946,0.0,True,ok,4719,4719
4294,94,9.4,35,215773.4926021,215773.5196545,26.505200017709285,27.05239999340847,20.974699989892542,3.2977999944705516,0.0,True,ok,4623,4623
4295,95,9.5,35,215773.5255238,215773.5504584,24.44809998269193,24.934599990956485,20.003700017696247,2.4596000148449093,0.0,True,ok,4555,4555
4296,96,9.600000000000001,35,215773.5591263,215773.5840748,24.392699997406453,24.94849998038262,20.40890001808293,2.7073000092059374,0.0,True,ok,4902,4902
4297,97,9.700000000000001,35,215773.5925144,215773.6240999,31.10929997637868,31.585499993525445,27.716699987649918,2.139999996870756,0.0,True,ok,4793,4793
4298,98,9.8,35,215773.6258964,215773.6503828,23.59910000814125,24.48640001239255,19.935600023018196,2.1752000029664487,0.0,True,ok,4857,4857
4299,99,9.9,35,215773.6588937,215773.6833891,23.854500002926216,24.49540002271533,20.499000005656853,2.094000024953857,0.0,True,ok,4985,4985
4300,100,10.0,35,215773.6923201,215773.7186083,25.836799992248416,26.28819999517873,22.52800000132993,2.02980000176467,0.0,True,ok,4973,4973
4301,101,10.100000000000001,35,215773.7257995,215773.7515226,25.208600010955706,25.723099999595433,21.910600014962256,2.042600011918694,0.0,True,ok,4507,4507
4302,102,10.200000000000001,35,215773.7592416,215773.783178,23.320200009038672,23.936400015372783,19.904899992980063,2.143599995179102,0.0,True,ok,4834,4834
4303,103,10.3,35,215773.7924684,215773.8190923,26.0065000038594,26.623899990227073,21.9885999977123,2.6926000136882067,0.0,True,ok,4943,4943
4304,104,10.4,35,215773.82578,215773.8497032,23.463599995011464,23.92319997306913,19.82840002165176,2.331600000616163,0.0,True,ok,5082,5082
4305,105,10.5,35,215773.8591801,215773.8855927,25.708300003316253,26.41260001109913,20.958200009772554,3.496999997878447,0.0,True,ok,4986,4986
4306,106,10.600000000000001,35,215773.8924795,215773.9171151,24.107499979436398,24.635599984321743,20.850200002314523,1.9782000163104385,0.0,True,ok,5037,5037
4307,107,10.700000000000001,35,215773.9257593,215773.9551872,28.937799972482026,29.427899979054928,23.317899991525337,4.377300007035956,0.0,True,ok,5162,5162
4308,108,10.8,35,215773.9591832,215773.9864431,26.658999995561317,27.259900001809,21.225100004812703,3.7011999811511487,0.0,True,ok,4884,4884
4309,109,10.9,35,215773.992905,215774.017822,24.49260000139475,24.917000002460554,21.20500002638437,2.0068000012543052,0.0,True,ok,4890,4890
4310,110,11.0,35,215774.0259003,215774.0517754,25.24489999632351,25.875099992845207,20.992300007492304,2.927800000179559,0.0,True,ok,4848,4848
4311,111,11.100000000000001,35,215774.0593529,215774.0831635,23.21060001850128,23.810600017895922,19.480999995721504,2.142300014384091,0.0,True,ok,5030,5030
4312,112,11.200000000000001,35,215774.0924763,215774.1204977,27.545399992959574,28.02140000858344,23.675100004766136,2.5086000096052885,0.0,True,ok,5114,5114
4313,113,11.3,35,215774.1254418,215774.1572259,31.134200020460412,31.784100021468475,27.520500007085502,2.2609000152442604,0.0,True,ok,5293,5293
4314,114,11.4,35,215774.1588131,215774.194733,35.44300000066869,35.9199000231456,30.372199980774894,3.6183999909553677,0.0,True,ok,5423,5423
4315,115,11.5,35,215774.1921402,215774.2241844,29.43669998785481,32.0441999938339,24.35160000459291,2.567899995483458,0.0,True,ok,5340,5340
4316,116,11.600000000000001,35,215774.2257339,215774.2506188,24.19930000905879,24.88489999086596,20.57649998459965,2.275600010761991,0.0,True,ok,5279,5279
4317,117,11.700000000000001,35,215774.259282,215774.2855651,25.547800003550947,26.283099985448644,21.780000010039657,2.29350000154227,0.0,True,ok,5498,5498
4318,118,11.8,35,215774.2925891,215774.319397,26.191400014795363,26.807900023413822,22.391200007405132,2.41060002008453,0.0,True,ok,5517,5517
4319,119,11.9,35,215774.3258864,215774.3529174,26.561200007563457,27.031000005081296,22.73669998976402,2.302000008057803,0.0,True,ok,5266,5266
4320,0,0.0,36,215774.362315,215774.3879404,25.146300002234057,25.625399983255193,21.322499989764765,2.395899995462969,0.0,True,ok,4708,4708
4321,1,0.1,36,215774.392365,215774.4185653,25.733199989190325,26.200299995252863,22.42110000224784,1.9789000216405839,0.0,True,ok,4681,4681
4322,2,0.2,36,215774.4258576,215774.451218,24.574500013841316,25.36040000268258,20.912000007228926,2.241400012280792,0.0,True,ok,4360,4360
4323,3,0.30000000000000004,36,215774.4587877,215774.4871313,27.74009999120608,28.343600017251447,21.525099989958107,4.93819999974221,0.0,True,ok,4532,4532
4324,4,0.4,36,215774.4926451,215774.5178624,24.5918000000529,25.217300018994138,21.225100004812703,2.0875000045634806,0.0,True,ok,4533,4533
4325,5,0.5,36,215774.5257261,215774.5538408,27.637400024104863,28.114700020523742,21.657600009348243,4.701400001067668,0.0,True,ok,4334,4334
4326,6,0.6000000000000001,36,215774.5591357,215774.5830956,23.33360002376139,23.959900019690394,19.730799976969138,2.2846999927423894,0.0,True,ok,4462,4462
4327,7,0.7000000000000001,36,215774.5925259,215774.6205236,27.32679998734966,27.99770000274293,23.185300000477582,2.8645000129472464,0.0,True,ok,4479,4479
4328,8,0.8,36,215774.6254543,215774.6538419,27.76530000846833,28.38760000304319,24.355500005185604,2.1089999936521053,0.0,True,ok,4534,4534
4329,9,0.9,36,215774.6591542,215774.6860586,26.148500008275732,26.90440000151284,22.81199998105876,2.0613000087905675,0.0,True,ok,4491,4491
4330,10,1.0,36,215774.692574,215774.7170879,24.022099998546764,24.513900018064305,20.37929999642074,2.3394000018015504,0.0,True,ok,4600,4600
4331,11,1.1,36,215774.7256005,215774.7505448,24.10260000033304,24.94429997750558,20.574699999997392,2.179900009650737,0.0,True,ok,4781,4781
4332,12,1.2000000000000002,36,215774.7588306,215774.7862712,26.541100000031292,27.44059998076409,20.691000012448058,4.5273000141605735,0.0,True,ok,5044,5044
4333,13,1.3,36,215774.79239,215774.8167299,23.7042999942787,24.33990000281483,19.910700008040294,2.3333000135608017,0.0,True,ok,4620,4620
4334,14,1.4000000000000001,36,215774.8256695,215774.8517097,25.399399979505688,26.040199998533353,21.69829999911599,2.274400001624599,0.0,True,ok,4785,4785
4335,15,1.5,36,215774.8590024,215774.8857676,25.69989999756217,26.76520001841709,22.193499986315146,2.1293000027071685,0.0,True,ok,5045,5045
4336,16,1.6,36,215774.8926232,215774.9176209,24.268100009066984,24.99770000576973,20.512100018095225,2.3421999940183014,0.0,True,ok,5382,5382
4337,17,1.7000000000000002,36,215774.9254718,215774.9520259,25.88349999859929,26.554100011708215,21.980700024869293,2.498099987860769,0.0,True,ok,5312,5312
4338,18,1.8,36,215774.9590656,215774.9886022,28.817999991588295,29.536599991843104,22.64760000980459,3.4505999938119203,0.0,True,ok,5363,5363
4339,19,1.9000000000000001,36,215774.9924108,215775.0181424,25.254499982111156,25.731599977007136,21.364999993238598,2.2757000115234405,0.0,True,ok,5455,5455
4340,20,2.0,36,215775.0256226,215775.0537885,27.687900001183152,28.165900002932176,22.27580000180751,4.0287000010721385,33.21179997874424,True,ok,5508,5508
4341,21,2.1,36,215775.0591709,215775.0844773,24.67019998584874,25.306399998953566,21.135699993465096,2.101499994751066,0.0,True,ok,5300,5300
4342,22,2.2,36,215775.0925027,215775.1194279,26.30140000837855,26.92520001437515,22.56320000742562,2.305100002558902,0.0,True,ok,5384,5384
4343,23,2.3000000000000003,36,215775.1259003,215775.1512452,24.70280000125058,25.344900001073256,20.986599993193522,2.2467000235337764,0.0,True,ok,5355,5355
4344,24,2.4000000000000004,36,215775.1593623,215775.1870541,27.040100016165525,27.691800001775846,23.376299999654293,2.29210001998581,0.0,True,ok,5072,5072
4345,25,2.5,36,215775.1923272,215775.218464,25.60960000846535,26.13680000649765,21.937299985438585,2.3385999957099557,0.0,True,ok,4851,4851
4346,26,2.6,36,215775.2260105,215775.2615919,34.8768999974709,35.581400006776676,30.287900008261204,3.1909999961499125,0.0,True,ok,4933,4933
4347,27,2.7,36,215775.2589739,215775.2883738,26.771699980599806,29.399899998679757,23.22559998719953,2.052900003036484,0.0,True,ok,4889,4889
4348,28,2.8000000000000003,36,215775.2925358,215775.3196587,26.544699998339638,27.122900006361306,20.595000009052455,4.5203999907244,0.0,True,ok,4508,4508
4349,29,2.9000000000000004,36,215775.3258848,215775.3510762,24.478499981341884,25.191399996401742,20.76479999232106,2.3581999994348735,0.0,True,ok,4516,4516
4350,30,3.0,36,215775.3592385,215775.3852312,25.31169998110272,25.992699986090884,21.864899987122044,2.1373000054154545,0.0,True,ok,4326,4326
4351,31,3.1,36,215775.3925167,215775.4173306,24.17089999653399,24.81390000320971,20.755300007294863,2.1173999994061887,0.0,True,ok,4407,4407
4352,32,3.2,36,215775.4256731,215775.4506559,24.531500006560236,24.9828000087291,21.145000006072223,2.091300004394725,0.0,True,ok,4113,4113
4353,33,3.3000000000000003,36,215775.4591109,215775.483469,23.86429999023676,24.358099995879456,20.41040000040084,2.132900001015514,0.0,True,ok,4211,4211
4354,34,3.4000000000000004,36,215775.4924905,215775.5165056,23.392800008878112,24.01510000345297,19.976200012024492,2.1056999976281077,0.0,True,ok,4198,4198
4355,35,3.5,36,215775.5257788,215775.553054,26.691699982620776,27.275200001895428,21.368299989262596,3.8954000046942383,0.0,True,ok,4125,4125
4356,36,3.6,36,215775.5588352,215775.583579,24.28489999147132,24.743799993302673,20.498600002611056,2.2527000110130757,0.0,True,ok,4267,4267
4357,37,3.7,36,215775.5925095,215775.6186569,25.20200001890771,26.14739999989979,21.466700010932982,2.4624000070616603,33.67430000798777,True,ok,3805,3805
4358,38,3.8000000000000003,36,215775.62548,215775.6496407,23.755700007313862,24.16070000617765,19.993099995190278,2.365699998335913,0.0,True,ok,3921,3921
4359,39,3.9000000000000004,36,215775.6589125,215775.6846776,24.569999979576096,25.76509999926202,20.91269998345524,2.324500004760921,0.0,True,ok,3864,3864
4360,40,4.0,36,215775.6923394,215775.7169242,23.967300017829984,24.584800004959106,20.233899995218962,2.2465999936684966,0.0,True,ok,3828,3828
4361,41,4.1000000000000005,36,215775.725552,215775.7546844,28.596699994523078,29.132399999070913,23.52040002006106,2.525600022636354,0.0,True,ok,3659,3659
4362,42,4.2,36,215775.7590424,215775.7899086,29.99229999841191,30.86620001704432,26.257799996528774,2.4339999945368618,0.0,True,ok,3989,3989
4363,43,4.3,36,215775.7925468,215775.8184421,25.371600000653416,25.89530000113882,21.938599995337427,2.1591999975498766,0.0,True,ok,4294,4294
4364,44,4.4,36,215775.8255751,215775.8530367,26.96669998113066,27.4615999951493,22.172999975737184,3.2476999913342297,0.0,True,ok,4623,4623
4365,45,4.5,36,215775.8592026,215775.890294,30.494000006001443,31.09140001470223,24.619300005724654,4.474100016523153,0.0,True,ok,4708,4708
4366,46,4.6000000000000005,36,215775.8926774,215775.9214305,28.318399999989197,28.753099992172793,24.85680000972934,2.0909000013489276,0.0,True,ok,4834,4834
4367,47,4.7,36,215775.925445,215775.9520732,25.979099998949096,26.628199993865564,22.371799976099283,2.246699994429946,0.0,True,ok,4677,4677
4368,48,4.800000000000001,36,215775.9589299,215775.9829048,23.191100015537813,23.974900017492473,19.776000001002103,2.127399988239631,0.0,True,ok,4591,4591
4369,49,4.9,36,215775.9923327,215776.0198903,27.10750000551343,27.5575999985449,23.546200012788177,2.187900012359023,0.0,True,ok,4442,4442
4370,50,5.0,36,215776.0256086,215776.0560645,30.03500000340864,30.45590000692755,24.917999980971217,3.7620000075548887,0.0,True,ok,4408,4408
4371,51,5.1000000000000005,36,215776.0589407,215776.0884331,29.010600002948195,29.492400004528463,24.309000000357628,3.332899999804795,0.0,True,ok,4418,4418
4372,52,5.2,36,215776.0922228,215776.1188993,26.222599990433082,26.6764999832958,21.61789999809116,2.508800011128187,0.0,True,ok,4600,4600
4373,53,5.300000000000001,36,215776.1254728,215776.1551014,29.14760002749972,29.628600022988394,25.302499998360872,2.498900023056194,0.0,True,ok,4489,4489
4374,54,5.4,36,215776.1588599,215776.1882117,28.868499997770414,29.351800010772422,25.19739998388104,2.311200019903481,0.0,True,ok,4625,4625
4375,55,5.5,36,215776.1924477,215776.2204874,27.266399993095547,28.039699973305687,23.410000023432076,2.3554000072181225,0.0,True,ok,4379,4379
4376,56,5.6000000000000005,36,215776.2258183,215776.2517652,25.349500006996095,25.946899986593053,21.048599999630824,2.844400005415082,0.0,True,ok,4212,4212
4377,57,5.7,36,215776.2588133,215776.2868091,27.547900011995807,27.995800017379224,21.038300008513033,5.191699980059639,0.0,True,ok,4229,4229
4378,58,5.800000000000001,36,215776.2921183,215776.3171415,24.408600002061576,25.023199996212497,20.74670000001788,2.2812999959569424,0.0,True,ok,4294,4294
4379,59,5.9,36,215776.325531,215776.3510043,24.862099991878495,25.47329998924397,21.195500012254342,2.237100008642301,0.0,True,ok,4337,4337
4380,60,6.0,36,215776.3589963,215776.3863738,26.707899989560246,27.377499995054677,21.900799998547882,3.3976999984588474,0.0,True,ok,4334,4334
4381,61,6.1000000000000005,36,215776.3926112,215776.4198017,26.621999975759536,27.19049999723211,22.174799989443272,2.824700000928715,0.0,True,ok,4169,4169
4382,62,6.2,36,215776.4257045,215776.4534011,27.24700001999736,27.696600009221584,23.678300000028685,2.246699994429946,0.0,True,ok,4172,4172
4383,63,6.300000000000001,36,215776.4590357,215776.4861158,26.625200000125915,27.080100000603124,23.023799993097782,2.270700002554804,0.0,True,ok,4147,4147
4384,64,6.4,36,215776.4925862,215776.5178733,24.634100002003834,25.287099997512996,20.91009999276139,2.38690001424402,0.0,True,ok,4178,4178
4385,65,6.5,36,215776.5259004,215776.5528422,26.035699993371964,26.941799995256588,21.685100015019998,2.9761000187136233,0.0,True,ok,4169,4169
4386,66,6.6000000000000005,36,215776.5589007,215776.5843168,24.592900008428842,25.416099990252405,20.88929997989908,2.210199978435412,0.0,True,ok,4168,4168
4387,67,6.7,36,215776.592409,215776.6216477,28.574900003150105,29.238699993584305,25.219200004357845,1.9534000020939857,0.0,True,ok,4086,4086
4388,68,6.800000000000001,36,215776.6255261,215776.6516973,25.34729999024421,26.17120000650175,21.37360000051558,2.578999992692843,0.0,True,ok,4379,4379
4389,69,6.9,36,215776.6589563,215776.6860984,26.661000010790303,27.142100007040426,22.08330002031289,3.1728000030852854,0.0,True,ok,4282,4282
4390,70,7.0,36,215776.6924343,215776.7181725,24.736099992878735,25.73819999815896,20.979900000384077,2.3298999876715243,0.0,True,ok,4247,4247
4391,71,7.1000000000000005,36,215776.7254751,215776.7509496,24.79600001242943,25.474500027485192,21.21949999127537,2.208599995356053,0.0,True,ok,4354,4354
4392,72,7.2,36,215776.7589515,215776.7851056,25.58899999712594,26.154099992709234,21.08919998863712,3.116100007900968,0.0,True,ok,4628,4628
4393,73,7.300000000000001,36,215776.7923237,215776.8164901,23.713400005362928,24.1663999913726,20.16320000984706,2.178700000513345,0.0,True,ok,4287,4287
4394,74,7.4,36,215776.8256357,215776.851211,24.970300000859424,25.5753000092227,21.199900016654283,2.166399994166568,0.0,True,ok,4455,4455
4395,75,7.5,36,215776.8592817,215776.8844393,24.58420000039041,25.15760000096634,20.80170001136139,2.227800025139004,0.0,True,ok,4560,4560
4396,76,7.6000000000000005,36,215776.8921865,215776.9180058,25.22599999792874,25.819300004513934,21.264300012262538,2.449799998430535,0.0,True,ok,4662,4662
4397,77,7.7,36,215776.9254877,215776.9508574,24.90249997936189,25.36969998618588,21.25079999677837,2.2243999992497265,0.0,True,ok,4381,4381
4398,78,7.800000000000001,36,215776.9587575,215776.983652,24.107699980959296,24.894500005757436,20.39249998051673,2.290900010848418,0.0,True,ok,4350,4350
4399,79,7.9,36,215776.9924206,215777.0189282,25.99340002052486,26.50760000688024,20.58550002402626,3.997000021627173,0.0,True,ok,4058,4058
4400,80,8.0,36,215777.0255901,215777.0525552,25.878100015688688,26.9650999980513,22.383000003173947,2.1100000012665987,0.0,True,ok,4074,4074
4401,81,8.1,36,215777.0592223,215777.0894912,29.638699983479455,30.26889998000115,24.40080000087619,3.0661000055260956,0.0,True,ok,4079,4079
4402,82,8.200000000000001,36,215777.0926049,215777.1169594,23.83900000131689,24.35449999757111,20.2700000081677,2.170300023863092,0.0,True,ok,4288,4288
4403,83,8.3,36,215777.1259342,215777.1533138,26.74750000005588,27.379599981941283,22.05520001007244,2.7237999893259257,0.0,True,ok,4269,4269
4404,84,8.4,36,215777.1588862,215777.1841696,24.288599990541115,25.2833999984432,20.458500017412007,2.467299986165017,0.0,True,ok,3996,3996
4405,85,8.5,36,215777.1924942,215777.2194955,26.518900005612522,27.001300011761487,22.755400015739724,2.3108000168576837,0.0,True,ok,4318,4318
4406,86,8.6,36,215777.2259282,215777.2525257,26.00199999869801,26.59749999293126,22.052799991797656,2.0425000111572444,0.0,True,ok,4410,4410
4407,87,8.700000000000001,36,215777.2589832,215777.287838,28.163399983895943,28.854799980763346,24.615800008177757,2.1349999879021198,0.0,True,ok,4345,4345
4408,88,8.8,36,215777.292296,215777.3186933,25.932899996405467,26.397300011012703,22.213099990040064,2.368700021179393,0.0,True,ok,3995,3995
4409,89,8.9,36,215777.3254931,215777.349793,23.724300001049414,24.2998999892734,20.270899985916913,2.0392999867908657,0.0,True,ok,4114,4114
4410,90,9.0,36,215777.3589114,215777.3848091,25.220800016541034,25.897700019413605,21.725700004026294,2.1169999963603914,0.0,True,ok,4407,4407
4411,91,9.1,36,215777.3925253,215777.4175359,24.550500005716458,25.010599987581372,20.565800019539893,2.350099995965138,0.0,True,ok,4504,4504
4412,92,9.200000000000001,36,215777.4255642,215777.4500577,24.05390000785701,24.493500008247793,19.92459999746643,2.3428999993484467,0.0,True,ok,4602,4602
4413,93,9.3,36,215777.4589237,215777.4842015,24.735899991355836,25.27779998490587,20.442300010472536,2.8246000001672655,0.0,True,ok,4719,4719
4414,94,9.4,36,215777.4923945,215777.5201751,27.152800001204014,27.780600008554757,22.427699994295835,3.236999997170642,0.0,True,ok,4623,4623
4415,95,9.5,36,215777.5255508,215777.5521191,25.721699988935143,26.5683000034187,21.0271000105422,3.1903999915812165,0.0,True,ok,4555,4555
4416,96,9.600000000000001,36,215777.5593434,215777.5883353,28.170300007332116,28.99190000607632,24.45100000477396,2.290000003995374,0.0,True,ok,4902,4902
4417,97,9.700000000000001,36,215777.5923668,215777.6185142,25.67350000026636,26.14739999989979,22.05940001294948,2.158000017516315,0.0,True,ok,4793,4793
4418,98,9.8,36,215777.6255017,215777.6502877,23.6952000122983,24.78599999449216,20.13779999106191,2.0795999735128134,0.0,True,ok,4857,4857
4419,99,9.9,36,215777.6590136,215777.6872948,27.78030000627041,28.281200007768348,23.329699994064867,2.843499998562038,0.0,True,ok,4985,4985
4420,100,10.0,36,215777.6924541,215777.7223921,29.514299996662885,29.937999992398545,26.007600012235343,2.0046000136062503,0.0,True,ok,4973,4973
4421,101,10.100000000000001,36,215777.7254824,215777.754523,28.56400000746362,29.040599998552352,24.485500005539507,2.402999991318211,0.0,True,ok,4507,4507
4422,102,10.200000000000001,36,215777.759097,215777.7910319,31.477400014409795,31.934900005580857,27.33579999767244,2.6362999924458563,0.0,True,ok,4834,4834
4423,103,10.3,36,215777.7925065,215777.8180608,25.040999986231327,25.554299994837493,21.46990000619553,2.100200013956055,0.0,True,ok,4943,4943
4424,104,10.4,36,215777.8259541,215777.8504599,23.808399972040206,24.50579998549074,20.112500002142042,2.1849999902769923,0.0,True,ok,5082,5082
4425,105,10.5,36,215777.8588219,215777.8828044,23.48939998773858,23.98249998805113,19.78959998814389,2.234799991128966,0.0,True,ok,4986,4986
4426,106,10.600000000000001,36,215777.8924341,215777.9166267,23.56619999045506,24.192599987145513,19.985799997812137,2.1286999981384724,0.0,True,ok,5037,5037
4427,107,10.700000000000001,36,215777.9257243,215777.9499696,23.789500002749264,24.245300010079518,19.947799999499694,2.1489000064320862,0.0,True,ok,5162,5162
4428,108,10.8,36,215777.9590461,215777.9840703,24.41400001407601,25.02420000382699,20.740000007208437,2.185199991799891,0.0,True,ok,4884,4884
4429,109,10.9,36,215777.9925209,215778.0167317,23.67450000019744,24.21079998021014,20.194600016111508,2.0583999867085367,0.0,True,ok,4890,4890
4430,110,11.0,36,215778.0258722,215778.0568334,30.095000023720786,30.96120001282543,24.76080000633374,2.201800001785159,0.0,True,ok,4848,4848
4431,111,11.100000000000001,36,215778.0593296,215778.0852739,25.284400006057695,25.94430002500303,21.695500006899238,2.136600000085309,0.0,True,ok,5030,5030
4432,112,11.200000000000001,36,215778.0920482,215778.1162717,23.767000006046146,24.223500018706545,20.232300012139603,2.101499994751066,0.0,True,ok,5114,5114
4433,113,11.3,36,215778.1256824,215778.1556585,29.49559999979101,29.97610002057627,25.620200001867488,2.1791000035591424,0.0,True,ok,5293,5293
4434,114,11.4,36,215778.1592984,215778.1837214,23.93690001918003,24.42300002439879,20.02409999840893,2.362300001550466,0.0,True,ok,5423,5423
4435,115,11.5,36,215778.192114,215778.2182318,25.418900011572987,26.11780000734143,20.30699999886565,3.611800028011203,0.0,True,ok,5340,5340
4436,116,11.600000000000001,36,215778.2254578,215778.2515815,25.428299995837733,26.12369999405928,21.41230000415817,2.3648000205866992,0.0,True,ok,5279,5279
4437,117,11.700000000000001,36,215778.2589219,215778.2916521,32.12209997582249,32.73019997868687,28.340999997453764,2.3218999849632382,0.0,True,ok,5498,5498
4438,118,11.8,36,215778.2924951,215778.3201219,26.8258000141941,27.626800001598895,22.99430000130087,2.3184999881777912,0.0,True,ok,5517,5517
4439,119,11.9,36,215778.3254893,215778.3539516,27.830200007883832,28.462299989769235,24.090399994747713,2.2240999969653785,0.0,True,ok,5266,5266
4440,0,0.0,37,215778.3629806,215778.3880645,24.446199997328222,25.083899992750958,19.50530000613071,3.4869000082835555,0.0,True,ok,4708,4708
4441,1,0.1,37,215778.3925041,215778.4222888,29.170900001190603,29.78470001835376,24.700899986783043,3.0214000144042075,0.0,True,ok,4681,4681
4442,2,0.2,37,215778.4254634,215778.451695,25.684599997475743,26.23160000075586,21.95449999999255,2.2541999933309853,0.0,True,ok,4360,4360
4443,3,0.30000000000000004,37,215778.4588964,215778.4826421,23.17969998694025,23.74569998937659,19.4447000103537,2.2557000047527254,0.0,True,ok,4532,4532
4444,4,0.4,37,215778.4925088,215778.5170593,24.039600015385076,24.550500005716458,20.52780002122745,2.074499992886558,0.0,True,ok,4533,4533
4445,5,0.5,37,215778.5255545,215778.5506021,24.424600007478148,25.047600007383153,20.739900006446987,2.297200000612065,0.0,True,ok,4334,4334
4446,6,0.6000000000000001,37,215778.5591016,215778.5843783,24.56369998981245,25.276700005633757,21.13640002789907,1.9964999810326844,0.0,True,ok,4462,4462
4447,7,0.7000000000000001,37,215778.5921619,215778.6191874,26.223799999570474,27.025500021409243,21.343600004911423,3.2082000107038766,0.0,True,ok,4479,4479
4448,8,0.8,37,215778.6257682,215778.6503041,23.57410002150573,24.535900010960177,19.844299997203052,2.308800001628697,0.0,True,ok,4534,4534
4449,9,0.9,37,215778.6587975,215778.6845427,25.12669999850914,25.745200022356585,21.46129999891855,2.0828000269830227,0.0,True,ok,4491,4491
4450,10,1.0,37,215778.6926102,215778.7170128,23.77820000401698,24.402600014582276,19.975899980636314,2.340599981835112,0.0,True,ok,4600,4600
4451,11,1.1,37,215778.7254521,215778.7500852,23.940700019011274,24.63309999438934,20.083800016436726,2.1724999824073166,0.0,True,ok,4781,4781
4452,12,1.2000000000000002,37,215778.7589309,215778.7899174,30.499899992719293,30.9865000017453,27.000000001862645,2.059699996607378,0.0,True,ok,5044,5044
4453,13,1.3,37,215778.7922028,215778.8187838,25.93239999259822,26.581000012811273,22.115300002042204,2.358900004765019,0.0,True,ok,4620,4620
4454,14,1.4000000000000001,37,215778.8255486,215778.8551583,29.145599983166903,29.60969999548979,25.260300026275218,2.4437000101897866,0.0,True,ok,4785,4785
4455,15,1.5,37,215778.8590755,215778.8839071,24.171299999579787,24.83160002157092,20.61530001810752,2.1012000215705484,0.0,True,ok,5045,5045
4456,16,1.6,37,215778.8925734,215778.918569,25.49999998882413,25.995600008172914,21.55730000231415,2.386399981332943,0.0,True,ok,5382,5382
4457,17,1.7000000000000002,37,215778.9254545,215778.9511688,25.207400001818314,25.714300019899383,21.49670000653714,2.1763000113423914,0.0,True,ok,5312,5312
4458,18,1.8,37,215778.9589081,215778.9876907,28.303800005232915,28.782600013073534,22.750299976905808,3.72469998546876,0.0,True,ok,5363,5363
4459,19,1.9000000000000001,37,215778.9924347,215779.0179307,24.976200016681105,25.496000016573817,20.56149998679757,2.8784000023733824,0.0,True,ok,5455,5455
4460,20,2.0,37,215779.0258524,215779.0511024,24.76080000633374,25.250000006053597,20.916700013913214,2.3157999967224896,0.0,True,ok,5508,5508
4461,21,2.1,37,215779.0589093,215779.0833597,23.969699977897108,24.450400000205263,20.246999978553504,2.164699981221929,0.0,True,ok,5300,5300
4462,22,2.2,37,215779.0926072,215779.117291,24.03590001631528,24.683800002094358,20.019699994008988,2.343999978620559,0.0,True,ok,5384,5384
4463,23,2.3000000000000003,37,215779.125457,215779.1502134,24.14279998629354,24.756400001933798,20.315400004619732,2.311200019903481,0.0,True,ok,5355,5355
4464,24,2.4000000000000004,37,215779.1588571,215779.1827551,23.23739998973906,23.89799998491071,19.508700002916157,2.3241999733727425,0.0,True,ok,5072,5072
4465,25,2.5,37,215779.1924482,215779.2167863,23.589100019307807,24.33810001821257,19.609799986938015,2.5058999890461564,0.0,True,ok,4851,4851
4466,26,2.6,37,215779.2254169,215779.2497992,23.743199999444187,24.382300005527213,20.070700003998354,2.2102000075392425,0.0,True,ok,4933,4933
4467,27,2.7,37,215779.2593473,215779.2858208,25.5470999982208,26.47350000916049,21.627299982355908,2.300299995113164,0.0,True,ok,4889,4889
4468,28,2.8000000000000003,37,215779.292335,215779.3218385,28.684699995210394,29.503500001737848,24.682999996002764,2.464499993948266,0.0,True,ok,4508,4508
4469,29,2.9000000000000004,37,215779.3259915,215779.3519242,25.24339998490177,25.93269999488257,21.54570000129752,2.2354999964591116,0.0,True,ok,4516,4516
4470,30,3.0,37,215779.3591512,215779.3836958,23.89830001629889,24.544599989894778,20.323499978985637,2.208899997640401,0.0,True,ok,4326,4326
4471,31,3.1,37,215779.3921499,215779.4177162,24.91040001041256,25.56629999889992,21.327400027075782,2.1539000154007226,0.0,True,ok,4407,4407
4472,32,3.2,37,215779.4255164,215779.4521062,26.130400015972555,26.589800021611154,20.940399990649894,2.58250001934357,0.0,True,ok,4113,4113
4473,33,3.3000000000000003,37,215779.4591021,215779.4846816,24.9232999922242,25.579500012099743,21.08149998821318,2.4526999914087355,0.0,True,ok,4211,4211
4474,34,3.4000000000000004,37,215779.4926047,215779.5171006,23.556600004667416,24.495899997418746,19.833700003800914,2.368899993598461,33.502600010251626,True,ok,4198,4198
4475,35,3.5,37,215779.5256373,215779.5523171,26.071300002513453,26.679800008423626,21.983500017086044,2.6239000144414604,0.0,True,ok,4125,4125
4476,36,3.6,37,215779.5592115,215779.588157,28.465299983508885,28.945500002009794,23.25959998415783,3.898399998433888,0.0,True,ok,4267,4267
4477,37,3.7,37,215779.5923837,215779.6169926,24.138700013281778,24.608900013845414,20.76009998563677,2.0758000027853996,0.0,True,ok,3805,3805
4478,38,3.8000000000000003,37,215779.6257035,215779.6513917,25.239499984309077,25.68819999578409,20.372800005134195,3.340399998705834,0.0,True,ok,3921,3921
4479,39,3.9000000000000004,37,215779.6590622,215779.6829721,23.38590001454577,23.909900017315522,19.83130001462996,2.284200018038973,0.0,True,ok,3864,3864
4480,40,4.0,37,215779.692491,215779.7174813,24.016100011067465,24.99030000763014,20.57930000592023,2.0785999950021505,0.0,True,ok,3828,3828
4481,41,4.1000000000000005,37,215779.7254364,215779.7491318,23.09519998379983,23.69539998471737,19.727099977899343,2.111099980538711,0.0,True,ok,3659,3659
4482,42,4.2,37,215779.7587445,215779.7839352,24.596499977633357,25.190699991071597,20.786399982171133,2.2852999973110855,0.0,True,ok,3989,3989
4483,43,4.3,37,215779.7926319,215779.8186987,25.236999994376674,26.066799997352064,20.50519999465905,3.302800003439188,0.0,True,ok,4294,4294
4484,44,4.4,37,215779.8256045,215779.8508518,24.792400014121085,25.247300014598295,21.244100003968924,2.2607000137213618,0.0,True,ok,4623,4623
4485,45,4.5,37,215779.8590622,215779.8873417,27.150899986736476,28.27949999482371,22.930500010261312,2.45199998607859,0.0,True,ok,4708,4708
4486,46,4.6000000000000005,37,215779.8926012,215779.9194948,26.41540000331588,26.893600006587803,22.284100006800145,2.671199996257201,0.0,True,ok,4834,4834
4487,47,4.7,37,215779.9257017,215779.9514336,25.272099999710917,25.731900008395314,21.017099992604926,2.8520000050775707,0.0,True,ok,4677,4677
4488,48,4.800000000000001,37,215779.9591528,215779.9853453,25.723300001118332,26.192499994067475,22.23440000670962,2.149100007954985,0.0,True,ok,4591,4591
4489,49,4.9,37,215779.9921762,215780.0239944,31.310299993492663,31.818199990084395,26.361399999586865,3.619099996285513,0.0,True,ok,4442,4442
4490,50,5.0,37,215780.0257207,215780.053037,26.689999998779967,27.31629999470897,20.756499987328425,4.554899991489947,0.0,True,ok,4408,4408
4491,51,5.1000000000000005,37,215780.0592698,215780.0835357,23.439399985363707,24.2658999923151,19.698199990671128,2.390699984971434,0.0,True,ok,4418,4418
4492,52,5.2,37,215780.0922283,215780.1177034,24.870799999916926,25.475100002950057,21.432000008644536,2.097199991112575,0.0,True,ok,4600,4600
4493,53,5.300000000000001,37,215780.1258603,215780.1565675,29.951300006359816,30.707199999596924,25.49550001276657,2.9710000089835376,0.0,True,ok,4489,4489
4494,54,5.4,37,215780.159282,215780.1848405,24.905300000682473,25.558499997714534,21.215499989921227,2.3363999789580703,0.0,True,ok,4625,4625
4495,55,5.5,37,215780.1925367,215780.2176259,24.629099993035197,25.089200004003942,20.991800003685057,2.273199992487207,0.0,True,ok,4379,4379
4496,56,5.6000000000000005,37,215780.2255799,215780.2512753,24.941899988334626,25.69539999240078,20.411100005730987,2.366400003666058,0.0,True,ok,4212,4212
4497,57,5.7,37,215780.2589688,215780.283611,24.136099993484095,24.64220000547357,20.596100017428398,2.267399977426976,0.0,True,ok,4229,4229
4498,58,5.800000000000001,37,215780.2922806,215780.3199475,27.20689997659065,27.666899986797944,23.494900000514463,2.176899986807257,0.0,True,ok,4294,4294
4499,59,5.9,37,215780.3256678,215780.3536511,27.418300014687702,27.98330000950955,23.767600010614842,2.2547999978996813,0.0,True,ok,4337,4337
4500,60,6.0,37,215780.359201,215780.3840792,24.27590001025237,24.878199998056516,20.800700003746897,2.1963000181131065,0.0,True,ok,4334,4334
4501,61,6.1000000000000005,37,215780.3925456,215780.4182912,25.121400016359985,25.74559999629855,21.491099992999807,2.2939000045880675,0.0,True,ok,4169,4169
4502,62,6.2,37,215780.4258824,215780.4557012,29.08979999483563,29.81879998696968,24.873699992895126,2.828500000759959,0.0,True,ok,4172,4172
4503,63,6.300000000000001,37,215780.4588923,215780.4833663,23.679300007643178,24.474000005284324,19.96740000322461,2.4302999954670668,0.0,True,ok,4147,4147
4504,64,6.4,37,215780.4925727,215780.517726,24.205399997299537,25.15329999732785,20.714599988423288,2.1917000121902674,0.0,True,ok,4178,4178
4505,65,6.5,37,215780.5256282,215780.5503631,24.010599998291582,24.734899983741343,20.57790002436377,2.1083999890834093,0.0,True,ok,4169,4169
4506,66,6.6000000000000005,37,215780.5593107,215780.5857202,25.859200017293915,26.40950001659803,21.860599983483553,2.7025999734178185,0.0,True,ok,4168,4168
4507,67,6.7,37,215780.5921445,215780.6167105,23.89830001629889,24.566000007325783,19.98979999916628,2.2262000129558146,0.0,True,ok,4086,4086
4508,68,6.800000000000001,37,215780.6256401,215780.6498107,23.527000012109056,24.170599994249642,19.756599998800084,2.1772999898530543,0.0,True,ok,4379,4379
4509,69,6.9,37,215780.6589226,215780.6852928,25.89109999826178,26.370199979282916,22.362799994880334,2.1745999983977526,0.0,True,ok,4282,4282
4510,70,7.0,37,215780.6922567,215780.7172825,24.360200011869892,25.02580001601018,20.80469997599721,2.239299996290356,0.0,True,ok,4247,4247
4511,71,7.1000000000000005,37,215780.7261631,215780.7567491,30.086299986578524,30.5860000080429,26.179499982390553,2.606900001410395,0.0,True,ok,4354,4354
4512,72,7.2,37,215780.7591479,215780.7881625,28.411899984348565,29.014599975198507,24.526799999875948,2.581499982625246,0.0,True,ok,4628,4628
4513,73,7.300000000000001,37,215780.7925258,215780.8196117,26.46019999519922,27.085899986559525,22.866100014653057,2.1087999921292067,0.0,True,ok,4287,4287
4514,74,7.4,37,215780.8257744,215780.8507824,24.52489998540841,25.00799999688752,19.78810000582598,2.3444999824278057,0.0,True,ok,4455,4455
4515,75,7.5,37,215780.8589485,215780.8858605,26.253700023517013,26.91200000117533,22.882999997818843,2.0183000015094876,0.0,True,ok,4560,4560
4516,76,7.6000000000000005,37,215780.8923237,215780.9192548,26.43920000991784,26.931100001093,21.590999996988103,3.399400011403486,0.0,True,ok,4662,4662
4517,77,7.7,37,215780.9258037,215780.9539583,27.67939999466762,28.154600004199892,23.50730000762269,2.8594000032171607,0.0,True,ok,4381,4381
4518,78,7.800000000000001,37,215780.9592271,215780.9842372,24.373299995204434,25.010100012877956,20.74829998309724,2.1209999977145344,0.0,True,ok,4350,4350
4519,79,7.9,37,215780.992553,215781.0181837,25.129100016783923,25.630700023612007,21.45499998005107,2.3890000011306256,0.0,True,ok,4058,4058
4520,80,8.0,37,215781.0255921,215781.0508977,24.82580000651069,25.3056000219658,20.473199983825907,2.0963999850209802,0.0,True,ok,4074,4074
4521,81,8.1,37,215781.0591004,215781.0874732,27.92520000366494,28.37280000676401,22.9467999888584,2.9371999844443053,0.0,True,ok,4079,4079
4522,82,8.200000000000001,37,215781.0925567,215781.1165293,23.3439999865368,23.97259999997914,19.44900001399219,2.5687000015750527,0.0,True,ok,4288,4288
4523,83,8.3,37,215781.1255878,215781.1502668,24.1068999748677,24.67899999464862,20.263299986254424,2.46389998937957,0.0,True,ok,4269,4269
4524,84,8.4,37,215781.1592606,215781.1849428,24.777899991022423,25.68220000830479,21.427700005006045,2.0912000036332756,0.0,True,ok,3996,3996
4525,85,8.5,37,215781.1923423,215781.2225014,29.14750002673827,30.159100017044693,24.034000001847744,3.4460999886505306,0.0,True,ok,4318,4318
4526,86,8.6,37,215781.2258617,215781.2529381,26.59799999673851,27.07640000153333,23.119800025597215,2.1966999920550734,0.0,True,ok,4410,4410
4527,87,8.700000000000001,37,215781.259143,215781.2846648,24.788100010482594,25.521800009300932,21.408600005088374,2.085599990095943,0.0,True,ok,4345,4345
4528,88,8.8,37,215781.2921997,215781.3164756,23.720199998933822,24.27590001025237,20.384500006912276,2.0828999986406416,33.056699990993366,True,ok,3995,3995
4529,89,8.9,37,215781.3256079,215781.3500007,23.956800025189295,24.392799998167902,19.905699999071658,2.792700019199401,0.0,True,ok,4114,4114
4530,90,9.0,37,215781.3589078,215781.3829808,23.586499999510124,24.07300000777468,20.19710000604391,2.117800002451986,0.0,True,ok,4407,4407
4531,91,9.1,37,215781.3922859,215781.417545,24.539000005461276,25.259100017137825,20.89379998506047,2.331600000616163,0.0,True,ok,4504,4504
4532,92,9.200000000000001,37,215781.425721,215781.4566317,30.382800003280863,30.91070000664331,25.20040000672452,3.790799994021654,0.0,True,ok,4602,4602
4533,93,9.3,37,215781.4587648,215781.4853769,26.167300005909055,26.612100016791373,22.36460000858642,2.5350000069011003,0.0,True,ok,4719,4719
4534,94,9.4,37,215781.4923934,215781.5198548,26.482599991140887,27.4613999936264,21.18080001673661,3.910400002496317,0.0,True,ok,4623,4623
4535,95,9.5,37,215781.5258804,215781.5538337,27.466899977298453,27.95329998480156,21.071700000902638,4.987299995264038,0.0,True,ok,4555,4555
4536,96,9.600000000000001,37,215781.5589917,215781.5850473,25.389499991433695,26.05559999938123,20.67719999467954,3.4231000172439963,0.0,True,ok,4902,4902
4537,97,9.700000000000001,37,215781.5923241,215781.6171966,24.17810002225451,24.872500012861565,20.16179999918677,2.7196999872103333,0.0,True,ok,4793,4793
4538,98,9.8,37,215781.6256797,215781.6519767,25.82760000950657,26.29700000397861,21.947699977317825,2.4692000006325543,0.0,True,ok,4857,4857
4539,99,9.9,37,215781.659298,215781.6859493,26.19010000489652,26.65129999513738,22.635100001934916,2.1231000137049705,0.0,True,ok,4985,4985
4540,100,10.0,37,215781.692143,215781.7186591,26.049100008094683,26.51610001339577,22.338500013574958,2.40759999724105,0.0,True,ok,4973,4973
4541,101,10.100000000000001,37,215781.725673,215781.7544046,28.18630001274869,28.731600003084168,22.23269999376498,4.5532999793067575,0.0,True,ok,4507,4507
4542,102,10.200000000000001,37,215781.759058,215781.7860346,26.457600004505366,26.976599998306483,21.003999980166554,3.826100000878796,0.0,True,ok,4834,4834
4543,103,10.3,37,215781.7925608,215781.8175675,24.55159998498857,25.00669998698868,21.113599999807775,2.1481000003404915,0.0,True,ok,4943,4943
4544,104,10.4,37,215781.8257935,215781.8518996,25.656000012531877,26.10610000556335,20.381099981023,3.9702999929431826,0.0,True,ok,5082,5082
4545,105,10.5,37,215781.8591782,215781.8853859,25.680000020656735,26.207700022496283,22.30120002059266,2.1146000071894377,0.0,True,ok,4986,4986
4546,106,10.600000000000001,37,215781.8925657,215781.9182435,25.217499991413206,25.67780000390485,21.915299992542714,2.048299997113645,0.0,True,ok,5037,5037
4547,107,10.700000000000001,37,215781.9258669,215781.9513252,24.9799000157509,25.45829999144189,21.664599975338206,2.057400008197874,0.0,True,ok,5162,5162
4548,108,10.8,37,215781.9593395,215781.9853595,25.352199998451397,26.01999999023974,21.79759999853559,2.312199998414144,0.0,True,ok,4884,4884
4549,109,10.9,37,215781.9922552,215782.0182918,25.00659998622723,26.036600000225008,21.626300003845245,2.142999990610406,0.0,True,ok,4890,4890
4550,110,11.0,37,215782.0257806,215782.0556332,28.684600023552775,29.852600011508912,25.186499988194555,2.2428999945987016,0.0,True,ok,4848,4848
4551,111,11.100000000000001,37,215782.0588089,215782.083543,24.180099979275838,24.73409997764975,20.36619998398237,2.439300005789846,0.0,True,ok,5030,5030
4552,112,11.200000000000001,37,215782.092344,215782.1194369,26.49859999655746,27.092899981653318,23.179099982371554,2.103000006172806,0.0,True,ok,5114,5114
4553,113,11.3,37,215782.1256485,215782.1522362,25.93720000004396,26.587700005620718,22.46999999624677,2.1754000044893473,0.0,True,ok,5293,5293
4554,114,11.4,37,215782.1591981,215782.1898652,30.211699981009588,30.667099985294044,24.90570000372827,3.9859999960754067,0.0,True,ok,5423,5423
4555,115,11.5,37,215782.1926623,215782.2234453,30.257900012657046,30.783000023802742,24.392599996645004,4.585699993185699,0.0,True,ok,5340,5340
4556,116,11.600000000000001,37,215782.2255172,215782.2522836,26.307100022677332,26.766400027554482,22.542100021382794,2.3840999929234385,0.0,True,ok,5279,5279
4557,117,11.700000000000001,37,215782.259135,215782.2848266,25.214799999957904,25.691599992569536,21.259900007862598,2.5037000013981014,0.0,True,ok,5498,5498
4558,118,11.8,37,215782.2921207,215782.3198069,27.22309998353012,27.686199988238513,23.49219997995533,2.457399998093024,0.0,True,ok,5517,5517
4559,119,11.9,37,215782.3258071,215782.3550511,28.82330000284128,29.24400000483729,23.370099981548265,4.128599975956604,0.0,True,ok,5266,5266
4560,0,0.0,38,215782.3614773,215782.3859851,24.018900003284216,24.507800000719726,20.451100019272417,2.3233999963849783,0.0,True,ok,4708,4708
4561,1,0.1,38,215782.3922568,215782.416349,23.35770000354387,24.0922000084538,19.849600008456036,2.0361999922897667,0.0,True,ok,4681,4681
4562,2,0.2,38,215782.4259178,215782.4517227,24.95890000136569,25.80490001128055,21.11440000589937,2.4696000036783516,0.0,True,ok,4360,4360
4563,3,0.30000000000000004,38,215782.4589945,215782.4843477,24.35160000459291,25.35320000606589,20.842600002652034,2.2345000179484487,0.0,True,ok,4532,4532
4564,4,0.4,38,215782.4924675,215782.5176097,24.646900012157857,25.142200000118464,21.371000009821728,2.0269000087864697,0.0,True,ok,4533,4533
4565,5,0.5,38,215782.5254413,215782.5509838,25.060399988433346,25.542499992297962,21.35739999357611,2.3385999957099557,0.0,True,ok,4334,4334
4566,6,0.6000000000000001,38,215782.5591267,215782.5848487,24.60639999480918,25.72199999121949,20.469200011575595,2.3341000196523964,33.68540000519715,True,ok,4462,4462
4567,7,0.7000000000000001,38,215782.5925816,215782.6185656,25.391999981366098,25.983999978052452,20.33219998702407,3.7860999873373657,0.0,True,ok,4479,4479
4568,8,0.8,38,215782.6256863,215782.6516236,25.466699997195974,25.937300000805408,22.000699973432347,2.213800005847588,0.0,True,ok,4534,4534
4569,9,0.9,38,215782.6588922,215782.6842146,24.64350001537241,25.322400004370138,21.230499987723306,2.138999989256263,0.0,True,ok,4491,4491
4570,10,1.0,38,215782.6923238,215782.722131,28.67219998734072,29.807199985953048,25.075400015339255,2.301799977431074,0.0,True,ok,4600,4600
4571,11,1.1,38,215782.7257803,215782.7564213,30.163299990817904,30.64099999028258,26.656400004867464,2.1865000016987324,0.0,True,ok,4781,4781
4572,12,1.2000000000000002,38,215782.7587151,215782.7839766,24.53530000639148,25.26150000630878,21.15270000649616,2.090099995257333,0.0,True,ok,5044,5044
4573,13,1.3,38,215782.7924125,215782.8230852,30.198899999959394,30.672699998831376,24.09520000219345,4.690500005381182,0.0,True,ok,4620,4620
4574,14,1.4000000000000001,38,215782.8258113,215782.8513289,24.925600009737536,25.51760000642389,20.87859998573549,2.7249999984633178,0.0,True,ok,4785,4785
4575,15,1.5,38,215782.8587952,215782.884736,25.463300000410527,25.940799998352304,21.454699977766722,2.660199999809265,0.0,True,ok,5045,5045
4576,16,1.6,38,215782.8924023,215782.9177709,24.756600003456697,25.368600006913766,20.803899999009445,2.4107000208459795,0.0,True,ok,5382,5382
4577,17,1.7000000000000002,38,215782.9260039,215782.9525633,25.284800009103492,26.55939999385737,21.916600002441555,2.033500000834465,0.0,True,ok,5312,5312
4578,18,1.8,38,215782.959013,215782.9845942,25.10450000409037,25.58119999594055,21.629599999869242,2.126700012013316,0.0,True,ok,5363,5363
4579,19,1.9000000000000001,38,215782.9921403,215783.0189431,26.329100015573204,26.802800013683736,22.758500010240823,2.22829999984242,0.0,True,ok,5455,5455
4580,20,2.0,38,215783.0255316,215783.0499087,23.752199980663136,24.377099995035678,19.85670000431128,2.3677000135648996,0.0,True,ok,5508,5508
4581,21,2.1,38,215783.058862,215783.0841818,24.811999988742173,25.319799984572455,21.242499991785735,2.109600027324632,0.0,True,ok,5300,5300
4582,22,2.2,38,215783.0923166,215783.1203148,26.73730000969954,27.998200006550178,20.943400013493374,4.409200017107651,0.0,True,ok,5384,5384
4583,23,2.3000000000000003,38,215783.1257568,215783.151494,25.11779998894781,25.737199990544468,21.05790001223795,2.514599997084588,0.0,True,ok,5355,5355
4584,24,2.4000000000000004,38,215783.1592276,215783.1840782,24.162599991541356,24.850599991623312,20.586500002536923,2.2609999869018793,0.0,True,ok,5072,5072
4585,25,2.5,38,215783.1924933,215783.2169038,23.951999988639727,24.410499987425283,20.310499996412545,2.3335000150837004,0.0,True,ok,4851,4851
4586,26,2.6,38,215783.225973,215783.2510203,24.574899987783283,25.047300005098805,21.18260000133887,1.9991000008303672,0.0,True,ok,4933,4933
4587,27,2.7,38,215783.2587807,215783.2895364,30.116200010525063,30.755699990550056,26.38299998943694,2.279300009831786,0.0,True,ok,4889,4889
4588,28,2.8000000000000003,38,215783.2923769,215783.3179975,25.093300006119534,25.620600004913285,21.39750000787899,2.3108999885153025,0.0,True,ok,4508,4508
4589,29,2.9000000000000004,38,215783.3259475,215783.3571152,30.471200007013977,31.167699984507635,26.994100015144795,2.203900017775595,0.0,True,ok,4516,4516
4590,30,3.0,38,215783.358961,215783.3836277,24.19610001379624,24.666700017405674,20.682400005171075,2.1784999989904463,0.0,True,ok,4326,4326
4591,31,3.1,38,215783.3922996,215783.416963,24.17540000169538,24.663399992277846,20.75600001262501,2.121500001521781,0.0,True,ok,4407,4407
4592,32,3.2,38,215783.4256569,215783.4514456,25.373399985255674,25.78869997523725,22.142100002383813,1.9981999939773232,0.0,True,ok,4113,4113
4593,33,3.3000000000000003,38,215783.4587874,215783.4843922,25.10399997117929,25.60479997191578,21.661999984644353,2.212499995948747,0.0,True,ok,4211,4211
4594,34,3.4000000000000004,38,215783.4924963,215783.5166391,23.564300005091354,24.14280001539737,20.1793999876827,2.1343999833334237,0.0,True,ok,4198,4198
4595,35,3.5,38,215783.5255898,215783.5526788,26.58450001035817,27.089000010164455,22.758299979614094,2.566300012404099,0.0,True,ok,4125,4125
4596,36,3.6,38,215783.5591326,215783.5849026,25.28810000512749,25.770000007469207,21.33940000203438,2.211500017438084,0.0,True,ok,4267,4267
4597,37,3.7,38,215783.5925472,215783.6174367,24.275100004160777,24.8894999967888,20.768299989867955,2.139699994586408,0.0,True,ok,3805,3805
4598,38,3.8000000000000003,38,215783.6257813,215783.6531008,26.73400001367554,27.31949998997152,21.445099991979077,4.036999976960942,0.0,True,ok,3921,3921
4599,39,3.9000000000000004,38,215783.6589559,215783.6854989,25.647700007539243,26.54300001449883,21.642300009261817,2.617399994051084,0.0,True,ok,3864,3864
4600,40,4.0,38,215783.6922864,215783.717542,24.78000000701286,25.2555999904871,21.481100004166365,2.0969999895896763,0.0,True,ok,3828,3828
4601,41,4.1000000000000005,38,215783.7254804,215783.7514044,25.420700025279075,25.924000015947968,20.866000006208196,2.1173999994061887,0.0,True,ok,3659,3659
4602,42,4.2,38,215783.7587967,215783.7848344,25.54430000600405,26.03769997949712,20.684299990534782,3.617899987148121,0.0,True,ok,3989,3989
4603,43,4.3,38,215783.792376,215783.8161329,23.210000013932586,23.756900016451254,19.795000000158325,2.1601000044029206,0.0,True,ok,4294,4294
4604,44,4.4,38,215783.8257124,215783.8531559,27.000400004908442,27.443500002846122,22.85649999976158,2.7907000039704144,0.0,True,ok,4623,4623
4605,45,4.5,38,215783.8588746,215783.8858397,26.346500002546236,26.9650999980513,22.102300019469112,2.9224999889265746,0.0,True,ok,4708,4708
4606,46,4.6000000000000005,38,215783.8922736,215783.9165547,23.662199993850663,24.281099991640076,20.16620000358671,2.2157999919727445,0.0,True,ok,4834,4834
4607,47,4.7,38,215783.9255869,215783.9506699,24.441299989121035,25.082999985897914,20.688099990366027,2.4286000116262585,0.0,True,ok,4677,4677
4608,48,4.800000000000001,38,215783.9589579,215783.9859366,26.245899993227795,26.97869998519309,21.60060001187958,3.324300021631643,0.0,True,ok,4591,4591
4609,49,4.9,38,215783.9924378,215784.0196301,26.739599998109043,27.192299981834367,21.080900012748316,4.315500002121553,0.0,True,ok,4442,4442
4610,50,5.0,38,215784.0257692,215784.0508469,24.600900011137128,25.07770000374876,21.087000000989065,2.206900011515245,0.0,True,ok,4408,4408
4611,51,5.1000000000000005,38,215784.0590145,215784.083513,23.497499991208315,24.4984999881126,19.82960000168532,2.3372999858111143,0.0,True,ok,4418,4418
4612,52,5.2,38,215784.0923602,215784.1194988,26.54150000307709,27.1385999803897,21.79589998559095,3.447799972491339,0.0,True,ok,4600,4600
4613,53,5.300000000000001,38,215784.1257604,215784.1513051,24.634000001242384,25.544700009049848,21.150299988221377,2.2143999813124537,33.4001999872271,True,ok,4489,4489
4614,54,5.4,38,215784.1591752,215784.1835371,23.9593000151217,24.3618999957107,20.32459998736158,2.294799982337281,0.0,True,ok,4625,4625
4615,55,5.5,38,215784.1925441,215784.2181376,24.922699987655506,25.59350000228733,21.33190000313334,2.285800001118332,0.0,True,ok,4379,4379
4616,56,5.6000000000000005,38,215784.2258733,215784.2505616,23.993799986783415,24.688300007255748,20.732899982249364,2.010399999562651,0.0,True,ok,4212,4212
4617,57,5.7,38,215784.2594538,215784.2853537,25.437999982386827,25.89989997795783,21.779900009278208,2.3465999984182417,0.0,True,ok,4229,4229
4618,58,5.800000000000001,38,215784.2926875,215784.3172864,24.112800019793212,24.59889999590814,20.31739999074489,2.356500015594065,0.0,True,ok,4294,4294
4619,59,5.9,38,215784.3255584,215784.3524664,26.322700025048107,26.907999999821186,22.00609998544678,2.7036999817937613,0.0,True,ok,4337,4337
4620,60,6.0,38,215784.3589861,215784.3883902,28.892300004372373,29.4041000015568,20.874299982097,5.673699983162805,0.0,True,ok,4334,4334
4621,61,6.1000000000000005,38,215784.3921322,215784.4192317,26.48970001609996,27.099500002805144,22.13220001431182,2.8848999936599284,0.0,True,ok,4169,4169
4622,62,6.2,38,215784.42576,215784.4508461,24.627499980852008,25.086099980399013,21.08489998499863,2.192100015236065,0.0,True,ok,4172,4172
4623,63,6.300000000000001,38,215784.45922,215784.485517,25.597100000595674,26.29700000397861,21.99720000498928,2.2969999990891665,0.0,True,ok,4147,4147
4624,64,6.4,38,215784.4923903,215784.5173428,24.3192000198178,24.952500010840595,20.892600005026907,2.1360999962780625,0.0,True,ok,4178,4178
4625,65,6.5,38,215784.5256874,215784.5526516,26.482800021767616,26.964200020302087,21.36600000085309,3.776300000026822,0.0,True,ok,4169,4169
4626,66,6.6000000000000005,38,215784.5589304,215784.5840345,24.46869999403134,25.10410000104457,20.70559997810051,2.0650999795179814,0.0,True,ok,4168,4168
4627,67,6.7,38,215784.5922074,215784.6186376,25.730699999257922,26.43019999959506,21.594899997580796,2.1271000150591135,0.0,True,ok,4086,4086
4628,68,6.800000000000001,38,215784.6255791,215784.6552792,29.250699997646734,29.70010001445189,23.96789999329485,3.944800002500415,0.0,True,ok,4379,4379
4629,69,6.9,38,215784.6589981,215784.6849901,25.526900019031018,25.99200000986457,21.916300000157207,2.0862999954260886,0.0,True,ok,4282,4282
4630,70,7.0,38,215784.692339,215784.7205949,27.735899988329038,28.25589998974465,23.84939999319613,2.4381000257562846,0.0,True,ok,4247,4247
4631,71,7.1000000000000005,38,215784.7255794,215784.7508589,24.676500004716218,25.279499997850507,20.382100017741323,2.271600009407848,0.0,True,ok,4354,4354
4632,72,7.2,38,215784.7591715,215784.7869175,27.085499983513728,27.74600000702776,21.79709999472834,3.657799999928102,0.0,True,ok,4628,4628
4633,73,7.300000000000001,38,215784.7923278,215784.8165569,23.51900000940077,24.229100003140047,20.179799990728498,1.999799977056682,0.0,True,ok,4287,4287
4634,74,7.4,38,215784.8258357,215784.8609539,34.59090000251308,35.11820000130683,30.428500002017245,2.573799982201308,0.0,True,ok,4455,4455
4635,75,7.5,38,215784.8589714,215784.8877832,26.814800017746165,28.811800002586097,23.28320001834072,2.151900000171736,0.0,True,ok,4560,4560
4636,76,7.6000000000000005,38,215784.8922418,215784.9164228,23.601099994266406,24.18099998612888,20.0092000013683,2.172800013795495,0.0,True,ok,4662,4662
4637,77,7.7,38,215784.9256522,215784.950876,24.307499988935888,25.223799981176853,20.83290001610294,2.157100010663271,0.0,True,ok,4381,4381
4638,78,7.800000000000001,38,215784.9591272,215784.9840634,24.309300002641976,24.936200003139675,20.967099990230054,1.9958000048063695,0.0,True,ok,4350,4350
4639,79,7.9,38,215784.992405,215785.0181342,24.628100014524534,25.729200016940013,21.054300013929605,2.123999991454184,0.0,True,ok,4058,4058
4640,80,8.0,38,215785.0257159,215785.0562817,30.065200000535697,30.565799999749288,26.42579999519512,1.9716000242624432,0.0,True,ok,4074,4074
4641,81,8.1,38,215785.0591726,215785.0847401,24.950699997134507,25.567499978933483,21.473799977684394,2.1792999759782106,0.0,True,ok,4079,4079
4642,82,8.200000000000001,38,215785.092322,215785.1166691,23.891899996669963,24.34709999943152,20.43299999786541,1.9628000154625624,0.0,True,ok,4288,4288
4643,83,8.3,38,215785.1256377,215785.1541984,27.717100019799545,28.56070001143962,24.066199985099956,2.2988999844528735,0.0,True,ok,4269,4269
4644,84,8.4,38,215785.1590412,215785.1871818,27.518599992617965,28.140599984908476,22.844099992653355,3.2383000070694834,0.0,True,ok,3996,3996
4645,85,8.5,38,215785.1922573,215785.2173769,24.636699992697686,25.119600002653897,20.950500009348616,2.289000025484711,0.0,True,ok,4318,4318
4646,86,8.6,38,215785.2257199,215785.2545383,27.801700023701414,28.818400023737922,24.314999987836927,2.14389999746345,0.0,True,ok,4410,4410
4647,87,8.700000000000001,38,215785.2590901,215785.2839035,24.336500006029382,24.813399999402463,20.96170000731945,1.9933999865315855,0.0,True,ok,4345,4345
4648,88,8.8,38,215785.292454,215785.3208326,27.757100004237145,28.37859999272041,22.536100004799664,3.8594999932684004,0.0,True,ok,3995,3995
4649,89,8.9,38,215785.3259103,215785.3504555,24.115800013532862,24.545200023567304,20.516900025540963,2.1023000008426607,0.0,True,ok,4114,4114
4650,90,9.0,38,215785.3591918,215785.3859698,26.257799996528774,26.777999999467283,22.2836000029929,2.619800012325868,33.28150001470931,True,ok,4407,4407
4651,91,9.1,38,215785.3922766,215785.4177964,24.782399996183813,25.519799994071946,20.106600015424192,3.285200014943257,0.0,True,ok,4504,4504
4652,92,9.200000000000001,38,215785.4259285,215785.4532813,26.633700006641448,27.352800010703504,23.050499992677942,2.212499995948747,0.0,True,ok,4602,4602
4653,93,9.3,38,215785.4588209,215785.4896028,30.09869999368675,30.78189998632297,25.727300002472475,2.9033999890089035,0.0,True,ok,4719,4719
4654,94,9.4,38,215785.4922566,215785.5188101,25.476900016656145,26.55350000713952,21.833600010722876,2.2207000001799315,0.0,True,ok,4623,4623
4655,95,9.5,38,215785.5257027,215785.5531868,26.81860001757741,27.484100020956248,23.166099999798462,2.206300006946549,0.0,True,ok,4555,4555
4656,96,9.600000000000001,38,215785.5591804,215785.5833893,23.712199996225536,24.208899994846433,20.039800001541153,2.2849999950267375,0.0,True,ok,4902,4902
4657,97,9.700000000000001,38,215785.592163,215785.6167489,23.86300000944175,24.58590001333505,20.372800005134195,2.1135999995749444,0.0,True,ok,4793,4793
4658,98,9.8,38,215785.6258447,215785.6516297,25.30159999150783,25.785000005271286,21.291799988830462,2.522700000554323,0.0,True,ok,4857,4857
4659,99,9.9,38,215785.6589346,215785.6836213,24.045600002864376,24.68669999507256,20.11260000290349,2.2908999817445874,0.0,True,ok,4985,4985
4660,100,10.0,38,215785.6923073,215785.7171426,24.334200017619878,24.835300020640716,20.688599994173273,2.19419997301884,0.0,True,ok,4973,4973
4661,101,10.100000000000001,38,215785.7258384,215785.7541706,27.724899991881102,28.332200017757714,23.609700001543388,2.694599999813363,0.0,True,ok,4507,4507
4662,102,10.200000000000001,38,215785.759307,215785.7851491,24.92210001219064,25.8421000035014,21.357100020395592,2.125700004398823,0.0,True,ok,4834,4834
4663,103,10.3,38,215785.7926625,215785.817831,24.53999998397194,25.168499996652827,20.82999999402091,2.1495000110007823,0.0,True,ok,4943,4943
4664,104,10.4,38,215785.8255731,215785.8506664,24.46570000029169,25.093299977015704,20.864599995547906,2.131699991878122,0.0,True,ok,5082,5082
4665,105,10.5,38,215785.8587433,215785.8863005,27.070899988757446,27.557199995499104,21.144800004549325,4.452499997569248,0.0,True,ok,4986,4986
4666,106,10.600000000000001,38,215785.8920386,215785.9190264,26.410399994347245,26.987799996277317,20.78240000992082,3.6057999823242426,0.0,True,ok,5037,5037
4667,107,10.700000000000001,38,215785.9259502,215785.9508522,24.469500000122935,24.902000004658476,20.595099980710074,2.434099995298311,0.0,True,ok,5162,5162
4668,108,10.8,38,215785.9592346,215785.9854088,25.592500023776665,26.1742000002414,21.90979997976683,2.298499981407076,0.0,True,ok,4884,4884
4669,109,10.9,38,215785.992552,215786.0177367,24.70590002485551,25.184700003592297,21.122100006323308,2.1865000016987324,0.0,True,ok,4890,4890
4670,110,11.0,38,215786.0254025,215786.0524406,26.40229999087751,27.038100000936538,22.58570000412874,2.251900004921481,0.0,True,ok,4848,4848
4671,111,11.100000000000001,38,215786.0589921,215786.0849333,25.47900000354275,25.9412000013981,21.836400002939627,2.19870000728406,0.0,True,ok,5030,5030
4672,112,11.200000000000001,38,215786.0923423,215786.120822,28.065599995898083,28.479700005846098,24.081499985186383,2.3295000137295574,0.0,True,ok,5114,5114
4673,113,11.3,38,215786.1258129,215786.1556092,29.206200008047745,29.796300019370392,25.474199996097013,2.288400020916015,0.0,True,ok,5293,5293
4674,114,11.4,38,215786.1590906,215786.1834789,23.903299996163696,24.388299993006513,19.68170001055114,2.492899977369234,0.0,True,ok,5423,5423
4675,115,11.5,38,215786.1923868,215786.22221,29.066899995086715,29.82320002047345,25.309799995739013,2.2652999905403703,0.0,True,ok,5340,5340
4676,116,11.600000000000001,38,215786.2254581,215786.2508893,24.789499992039055,25.431199988815933,20.987399999285117,2.3230999941006303,0.0,True,ok,5279,5279
4677,117,11.700000000000001,38,215786.2591201,215786.2841055,24.47599999140948,24.985399999422953,20.56020000600256,2.2511999995913357,0.0,True,ok,5498,5498
4678,118,11.8,38,215786.2921318,215786.3169088,24.300200020661578,24.77700001327321,20.514700008789077,2.2871000110171735,0.0,True,ok,5517,5517
4679,119,11.9,38,215786.3253881,215786.3525741,26.483099994948134,27.18599999207072,21.39139999053441,2.7233000146225095,0.0,True,ok,5266,5266
4680,0,0.0,39,215786.3615558,215786.386994,24.304599995957687,25.438200013013557,20.07549998234026,2.507299999706447,0.0,True,ok,4708,4708
4681,1,0.1,39,215786.3926076,215786.4236605,30.561599996872246,31.05290001258254,26.4778999844566,2.6439999928697944,0.0,True,ok,4681,4681
4682,2,0.2,39,215786.425761,215786.4505279,24.184899986721575,24.766899994574487,19.96780000627041,2.6408999983686954,0.0,True,ok,4360,4360
4683,3,0.30000000000000004,39,215786.4588085,215786.4890789,29.58770000259392,30.27039999142289,25.789099978283048,2.3796000168658793,0.0,True,ok,4532,4532
4684,4,0.4,39,215786.4924315,215786.5206593,27.747999993152916,28.22780000860803,24.033800000324845,2.2298000112641603,0.0,True,ok,4533,4533
4685,5,0.5,39,215786.5257834,215786.5512732,25.020500004757196,25.489799998467788,21.359799982747063,2.179300005082041,0.0,True,ok,4334,4334
4686,6,0.6000000000000001,39,215786.5592329,215786.5872236,27.340900007402524,27.99070000764914,23.154800001066178,2.05500001902692,0.0,True,ok,4462,4462
4687,7,0.7000000000000001,39,215786.5925782,215786.6169651,23.904600006062537,24.386899982346222,20.23429999826476,2.151699998648837,0.0,True,ok,4479,4479
4688,8,0.8,39,215786.6255262,215786.6522847,26.2821999785956,26.758499996503815,22.397900000214577,2.362100000027567,0.0,True,ok,4534,4534
4689,9,0.9,39,215786.6589049,215786.6865419,27.121200022520497,27.637000021059066,23.27430000877939,2.3302999907173216,0.0,True,ok,4491,4491
4690,10,1.0,39,215786.6923431,215786.7194837,26.65129999513738,27.140599995618686,22.86120000644587,2.2987000120338053,0.0,True,ok,4600,4600
4691,11,1.1,39,215786.7258756,215786.7508662,23.824999982025474,24.990599980810657,20.16749998438172,2.1523000032175332,0.0,True,ok,4781,4781
4692,12,1.2000000000000002,39,215786.7588087,215786.7845253,25.238700007321313,25.716600008308887,21.49360001203604,2.2093000006861985,0.0,True,ok,5044,5044
4693,13,1.3,39,215786.7927127,215786.8189476,25.235000008251518,26.23489999677986,21.235399995930493,2.3570999910589308,0.0,True,ok,4620,4620
4694,14,1.4000000000000001,39,215786.8258283,215786.8510676,24.71609998610802,25.23929998278618,20.845799997914582,2.2760999854654074,0.0,True,ok,4785,4785
4695,15,1.5,39,215786.8591908,215786.8833972,23.709300003247336,24.20640000491403,19.824799994239584,2.1792999759782106,0.0,True,ok,5045,5045
4696,16,1.6,39,215786.8925661,215786.9187302,25.65409999806434,26.164100010646507,21.224800002528355,2.3487999860662967,0.0,True,ok,5382,5382
4697,17,1.7000000000000002,39,215786.925958,215786.954583,27.95800002058968,28.625000006286427,22.530300018843263,3.8892000156920403,0.0,True,ok,5312,5312
4698,18,1.8,39,215786.9592657,215786.9844818,24.64489999692887,25.216100009856746,20.50370001234114,2.5517000176478177,0.0,True,ok,5363,5363
4699,19,1.9000000000000001,39,215786.9921965,215787.0171165,24.44500001729466,24.919999996200204,20.534500014036894,2.3247999779414386,0.0,True,ok,5455,5455
4700,20,2.0,39,215787.0256388,215787.0536927,27.559699985431507,28.053899994120002,21.938599995337427,3.8773999840486795,0.0,True,ok,5508,5508
4701,21,2.1,39,215787.0590768,215787.0850352,25.356600002851337,25.958399986848235,21.628000016789883,2.1662000217474997,0.0,True,ok,5300,5300
4702,22,2.2,39,215787.0925009,215787.1184409,25.46259999508038,25.93999999226071,20.86389999021776,3.0069999920669943,0.0,True,ok,5384,5384
4703,23,2.3000000000000003,39,215787.1258228,215787.1530821,26.769999996758997,27.259299997240305,20.312000007834285,4.866299976129085,0.0,True,ok,5355,5355
4704,24,2.4000000000000004,39,215787.1592836,215787.1850439,25.183300022035837,25.760300020920113,21.354699973016977,2.3614000238012522,0.0,True,ok,5072,5072
4705,25,2.5,39,215787.1921817,215787.2208079,28.138400026364252,28.62620001542382,21.54419998987578,5.070499988505617,0.0,True,ok,4851,4851
4706,26,2.6,39,215787.2257303,215787.2499003,23.509499995270744,24.169999989680946,19.873599987477064,2.147699997294694,0.0,True,ok,4933,4933
4707,27,2.7,39,215787.2591618,215787.2851689,25.51920001860708,26.007100008428097,21.681499987607822,2.1917999838478863,0.0,True,ok,4889,4889
4708,28,2.8000000000000003,39,215787.2921766,215787.3193744,26.610499975504354,27.19779999461025,20.85499998065643,3.3722999796736985,0.0,True,ok,4508,4508
4709,29,2.9000000000000004,39,215787.3256112,215787.351278,25.160199991660193,25.666799978353083,21.44449998741038,2.144300000509247,0.0,True,ok,4516,4516
4710,30,3.0,39,215787.3587986,215787.3844365,25.09979999740608,25.63789999112487,21.402199985459447,2.178399998228997,0.0,True,ok,4326,4326
4711,31,3.1,39,215787.3920559,215787.4163585,23.75019999453798,24.3025999807287,20.030599989695475,2.2724999871570617,0.0,True,ok,4407,4407
4712,32,3.2,39,215787.4257066,215787.45306,26.596699986839667,27.35339998616837,23.008899996057153,2.2000000171829015,0.0,True,ok,4113,4113
4713,33,3.3000000000000003,39,215787.4591508,215787.4902665,29.94010000838898,31.115700025111437,26.162599999224767,2.3994999937713146,0.0,True,ok,4211,4211
4714,34,3.4000000000000004,39,215787.492292,215787.5214767,28.619099990464747,29.18469998985529,25.079999992158264,2.1850000193808228,0.0,True,ok,4198,4198
4715,35,3.5,39,215787.5257235,215787.5519608,25.771999993594363,26.237299985950813,21.8806000193581,2.4732000019866973,0.0,True,ok,4125,4125
4716,36,3.6,39,215787.5593246,215787.5851719,25.34699998795986,25.847299984889105,21.322799992049113,2.567200019257143,0.0,True,ok,4267,4267
4717,37,3.7,39,215787.5923167,215787.6176075,24.675499997101724,25.29079999658279,21.031100011896342,2.119999990100041,0.0,True,ok,3805,3805
4718,38,3.8000000000000003,39,215787.6256142,215787.6509034,24.826300010317937,25.289200013503432,21.025200025178492,2.435500005958602,0.0,True,ok,3921,3921
4719,39,3.9000000000000004,39,215787.6589484,215787.682725,23.286699986783788,23.77659999183379,19.67290000175126,2.316199999768287,0.0,True,ok,3864,3864
4720,40,4.0,39,215787.6923683,215787.7173239,24.474300007568672,24.955600005341694,21.031100011896342,2.074799995170906,0.0,True,ok,3828,3828
4721,41,4.1000000000000005,39,215787.7257305,215787.7522907,25.78409999841824,26.560199999948964,21.204500022577122,3.2420000061392784,0.0,True,ok,3659,3659
4722,42,4.2,39,215787.759171,215787.7849909,25.380699982633814,25.8198999799788,21.677000011550263,2.34979999368079,0.0,True,ok,3989,3989
4723,43,4.3,39,215787.7924598,215787.8194667,26.48509998107329,27.00689999619499,23.119499994209036,1.999900006921962,0.0,True,ok,4294,4294
4724,44,4.4,39,215787.8258132,215787.8519571,25.677400000859052,26.143900002352893,21.778399997856468,2.4655000015627593,0.0,True,ok,4623,4623
4725,45,4.5,39,215787.8592339,215787.8868163,26.850199996260926,27.582399983657524,22.82710000872612,2.365399996051565,0.0,True,ok,4708,4708
4726,46,4.6000000000000005,39,215787.892637,215787.9194693,25.877999985823408,26.832299976376817,22.372499981429428,2.091900008963421,0.0,True,ok,4834,4834
4727,47,4.7,39,215787.9256576,215787.9508701,24.60199999040924,25.2125000115484,20.883699995465577,2.3156999959610403,0.0,True,ok,4677,4677
4728,48,4.800000000000001,39,215787.9590797,215787.9862819,26.730099983979017,27.20219999901019,23.133199982112274,2.076899982057512,0.0,True,ok,4591,4591
4729,49,4.9,39,215787.9923021,215788.0174977,24.657600006321445,25.195599999278784,21.106000000145286,2.1689999848604202,0.0,True,ok,4442,4442
4730,50,5.0,39,215788.0257024,215788.0515139,24.806200002785772,25.811500003328547,21.16490001208149,2.221200003987178,0.0,True,ok,4408,4408
4731,51,5.1000000000000005,39,215788.0592765,215788.0864657,26.544899999862537,27.1892000164371,22.887099999934435,2.2444000060204417,0.0,True,ok,4418,4418
4732,52,5.2,39,215788.0921677,215788.1164231,23.755400005029514,24.25539999967441,20.26530000148341,2.12760001886636,32.89120001136325,True,ok,4600,4600
4733,53,5.300000000000001,39,215788.1255638,215788.1504178,24.454900005366653,24.85400001751259,20.852699992246926,2.1148999803699553,0.0,True,ok,4489,4489
4734,54,5.4,39,215788.1590265,215788.1847105,25.12669999850914,25.683999992907047,21.196199988480657,2.5442999904043972,0.0,True,ok,4625,4625
4735,55,5.5,39,215788.1920907,215788.2178441,25.198299990734085,25.75339999748394,21.33069999399595,2.447200007736683,0.0,True,ok,4379,4379
4736,56,5.6000000000000005,39,215788.2255664,215788.2524073,25.867999996989965,26.8408999836538,22.46849998482503,2.1170999971218407,0.0,True,ok,4212,4212
4737,57,5.7,39,215788.2589926,215788.2883752,28.800500003853813,29.382600012468174,24.530399998184294,2.2912999847903848,0.0,True,ok,4229,4229
4738,58,5.800000000000001,39,215788.2923088,215788.3223193,29.5656000089366,30.010499991476536,25.696099997730926,2.5465999788139015,0.0,True,ok,4294,4294
4739,59,5.9,39,215788.3255576,215788.3546455,28.485999995609745,29.087899980368093,23.756800015689805,3.2355000148527324,0.0,True,ok,4337,4337
4740,60,6.0,39,215788.3591343,215788.3868274,26.97990002343431,27.693100011674687,21.01949998177588,4.51289999182336,0.0,True,ok,4334,4334
4741,61,6.1000000000000005,39,215788.3924733,215788.4170768,24.103099975036457,24.60350000183098,20.61350000440143,2.131699991878122,0.0,True,ok,4169,4169
4742,62,6.2,39,215788.425768,215788.4528844,26.4749999914784,27.11640001507476,21.93499999702908,3.229599999031052,0.0,True,ok,4172,4172
4743,63,6.300000000000001,39,215788.4591274,215788.4844821,24.441299989121035,25.3546999883838,20.666199998231605,2.306600013980642,0.0,True,ok,4147,4147
4744,64,6.4,39,215788.492134,215788.5200631,27.160400000866503,27.929100004257634,23.19159999024123,2.603500004624948,0.0,True,ok,4178,4178
4745,65,6.5,39,215788.5256587,215788.5549866,28.686100005870685,29.327900003409013,24.861799989594147,2.190400002291426,0.0,True,ok,4169,4169
4746,66,6.6000000000000005,39,215788.5589585,215788.5839146,24.341599986655638,24.95609998004511,20.798100013053045,2.102099999319762,0.0,True,ok,4168,4168
4747,67,6.7,39,215788.5922904,215788.6215839,28.81849999539554,29.293500003404915,25.414999981876463,2.1018000261392444,0.0,True,ok,4086,4086
4748,68,6.800000000000001,39,215788.6255448,215788.6551542,29.148700006771833,29.609400022309273,24.511299998266622,3.1447999936062843,0.0,True,ok,4379,4379
4749,69,6.9,39,215788.6589074,215788.6849649,25.45970000210218,26.057499984744936,21.05080001638271,2.0991000055801123,0.0,True,ok,4282,4282
4750,70,7.0,39,215788.6926095,215788.717102,23.904800007585436,24.4925000006333,20.2669000136666,2.29800000670366,0.0,True,ok,4247,4247
4751,71,7.1000000000000005,39,215788.7254793,215788.7511621,24.439700006041676,25.682800012873486,20.627999998396263,2.4616000009700656,0.0,True,ok,4354,4354
4752,72,7.2,39,215788.7589359,215788.7843081,24.749900010647252,25.372200005222112,21.226000011665747,2.215599990449846,0.0,True,ok,4628,4628
4753,73,7.300000000000001,39,215788.7922592,215788.8174007,24.603900004876778,25.14149999478832,21.10990000073798,2.136600000085309,0.0,True,ok,4287,4287
4754,74,7.4,39,215788.8255804,215788.85062,24.381900002481416,25.039600004674867,20.86399999097921,2.0366999960970134,0.0,True,ok,4455,4455
4755,75,7.5,39,215788.8590657,215788.8863733,26.185099995927885,27.30759998667054,22.37540000351146,2.1764000121038407,0.0,True,ok,4560,4560
4756,76,7.6000000000000005,39,215788.8923483,215788.9204572,27.6570999994874,28.10890000546351,24.28489999147132,1.9937999895773828,0.0,True,ok,4662,4662
4757,77,7.7,39,215788.9257941,215788.9533312,26.61110000917688,27.53709998796694,21.786499972222373,3.337600006489083,0.0,True,ok,4381,4381
4758,78,7.800000000000001,39,215788.9587175,215788.9843201,25.08339998894371,25.602599984267727,21.686699998099357,2.0034000044688582,0.0,True,ok,4350,4350
4759,79,7.9,39,215788.9926033,215789.016206,22.9692000139039,23.602700006449595,19.63550000800751,1.9494000007398427,0.0,True,ok,4058,4058
4760,80,8.0,39,215789.0256778,215789.0514042,25.204000005032867,25.72639999561943,21.67459999327548,2.1409000037238,0.0,True,ok,4074,4074
4761,81,8.1,39,215789.0590619,215789.0828022,23.063600005116314,23.740299977362156,19.794899999396876,1.9511000136844814,0.0,True,ok,4079,4079
4762,82,8.200000000000001,39,215789.0924489,215789.1163798,23.421999998390675,23.9309000025969,19.757600006414577,2.034700009971857,0.0,True,ok,4288,4288
4763,83,8.3,39,215789.1258982,215789.1514321,24.872200010577217,25.53390001412481,20.74259999790229,2.7587999938987195,0.0,True,ok,4269,4269
4764,84,8.4,39,215789.1590006,215789.1851001,25.514200009638444,26.099500013515353,22.061700001358986,2.137100003892556,0.0,True,ok,3996,3996
4765,85,8.5,39,215789.1925013,215789.2169231,23.95740000065416,24.421800015261397,20.25060000596568,2.3449000145774335,0.0,True,ok,4318,4318
4766,86,8.6,39,215789.2258332,215789.2511384,24.78289999999106,25.305199989816174,21.27160000964068,2.093199989758432,0.0,True,ok,4410,4410
4767,87,8.700000000000001,39,215789.2587729,215789.2833174,23.93510000547394,24.544499989133328,20.42960000107996,2.152599976398051,0.0,True,ok,4345,4345
4768,88,8.8,39,215789.2923716,215789.3172056,24.34420000645332,24.834000010741875,20.766600006027147,2.3070000170264393,0.0,True,ok,3995,3995
4769,89,8.9,39,215789.32554,215789.3536495,27.53250001114793,28.109500010032207,22.909499995876104,3.32469999557361,0.0,True,ok,4114,4114
4770,90,9.0,39,215789.3591572,215789.3846599,25.022300018463284,25.50270000938326,21.299000014550984,2.41499999538064,0.0,True,ok,4407,4407
4771,91,9.1,39,215789.3923794,215789.4193356,26.39939999789931,26.95619998848997,20.802500017452985,4.084299987880513,0.0,True,ok,4504,4504
4772,92,9.200000000000001,39,215789.4254963,215789.453714,27.74910000152886,28.217699989909306,24.10710000549443,2.3219999857246876,0.0,True,ok,4602,4602
4773,93,9.3,39,215789.4590231,215789.4877868,27.901299996301532,28.76369998557493,23.47159999771975,3.0237000028137118,0.0,True,ok,4719,4719
4774,94,9.4,39,215789.4921032,215789.5163349,23.777900001732633,24.2316999938339,20.32009998220019,2.136600000085309,0.0,True,ok,4623,4623
4775,95,9.5,39,215789.5259346,215789.5528788,26.465400005690753,26.94419998442754,22.79730001464486,2.272599987918511,0.0,True,ok,4555,4555
4776,96,9.600000000000001,39,215789.5587397,215789.5885881,29.373500001383945,29.84840000863187,25.91450000181794,2.1603000059258193,0.0,True,ok,4902,4902
4777,97,9.700000000000001,39,215789.5923267,215789.6208104,27.828599995700642,28.48370000720024,23.332599987043068,2.3025000118650496,0.0,True,ok,4793,4793
4778,98,9.8,39,215789.6257919,215789.6545057,28.235299978405237,28.713799983961508,24.752700002864003,2.174699999159202,0.0,True,ok,4857,4857
4779,99,9.9,39,215789.6588485,215789.6849656,25.51320000202395,26.117100002011284,21.9828000117559,2.1831999765709043,0.0,True,ok,4985,4985
4780,100,10.0,39,215789.6922609,215789.7182598,25.398400000995025,25.998900004196912,21.969699999317527,2.079300000332296,0.0,True,ok,4973,4973
4781,101,10.100000000000001,39,215789.7255736,215789.7512287,24.865100014721975,25.655100005678833,20.901899988530204,2.4796999932732433,0.0,True,ok,4507,4507
4782,102,10.200000000000001,39,215789.7588741,215789.7903723,30.541299987817183,31.498199998168275,26.30290001980029,2.7566000062506646,0.0,True,ok,4834,4834
4783,103,10.3,39,215789.7924423,215789.8200258,26.823899999726564,27.583499992033467,23.401399987051263,2.117899974109605,0.0,True,ok,4943,4943
4784,104,10.4,39,215789.8259862,215789.8531285,26.712299993960187,27.142299979459494,23.141800018493086,2.034799981629476,0.0,True,ok,5082,5082
4785,105,10.5,39,215789.8588109,215789.8852437,25.413399998797104,26.432799990288913,21.670299989636987,2.436100010527298,0.0,True,ok,4986,4986
4786,106,10.600000000000001,39,215789.8924428,215789.9176143,24.478700011968613,25.171500019496307,21.0637999989558,2.1023000008426607,0.0,True,ok,5037,5037
4787,107,10.700000000000001,39,215789.9257749,215789.9555981,29.38769999309443,29.82319999136962,25.763000012375414,2.326999994693324,0.0,True,ok,5162,5162
4788,108,10.8,39,215789.9591752,215789.9869146,27.20250000129454,27.739400014979765,23.62839999841526,2.3070000170264393,0.0,True,ok,4884,4884
4789,109,10.9,39,215789.9924909,215790.0164845,23.50270000169985,23.993599985260516,19.879800005583093,2.186700003221631,0.0,True,ok,4890,4890
4790,110,11.0,39,215790.0255402,215790.052541,26.364000019384548,27.00080000795424,22.235500015085563,2.763500000583008,0.0,True,ok,4848,4848
4791,111,11.100000000000001,39,215790.059093,215790.0844602,24.722500005736947,25.367200025357306,20.98859997931868,2.1957999852020293,0.0,True,ok,5030,5030
4792,112,11.200000000000001,39,215790.092326,215790.1198061,26.91169999889098,27.480099990498275,23.62880000146106,1.9829999946523458,0.0,True,ok,5114,5114
4793,113,11.3,39,215790.1256048,215790.1515225,25.225299992598593,25.91769999708049,20.95119998557493,2.8070000116713345,0.0,True,ok,5293,5293
4794,114,11.4,39,215790.1591637,215790.1862374,26.11639999668114,27.073699980974197,22.4817999987863,2.288499992573634,0.0,True,ok,5423,5423
4795,115,11.5,39,215790.1921916,215790.2181441,25.25090001290664,25.952500000130385,21.503500000108033,2.4080000002868474,0.0,True,ok,5340,5340
4796,116,11.600000000000001,39,215790.2257409,215790.2505034,24.166699993656948,24.762499990174547,20.233899995218962,2.641099999891594,0.0,True,ok,5279,5279
4797,117,11.700000000000001,39,215790.259216,215790.2865476,26.891799992881715,27.331599994795397,23.214399989228696,2.181799995014444,0.0,True,ok,5498,5498
4798,118,11.8,39,215790.2922451,215790.3208662,28.15329999430105,28.621100005693734,22.897699993336573,3.1805000035092235,0.0,True,ok,5517,5517
4799,119,11.9,39,215790.3256409,215790.3510161,24.90280001075007,25.37519999896176,21.04049999616109,2.5582000089343637,0.0,True,ok,5266,5266
4800,0,0.0,40,215790.3621405,215790.3867699,23.97820001351647,24.629400024423376,20.48010000726208,2.2221000108402222,0.0,True,ok,4708,4708
4801,1,0.1,40,215790.3925393,215790.423038,29.487499996321276,30.49870001268573,26.03350000572391,2.1729999862145633,0.0,True,ok,4681,4681
4802,2,0.2,40,215790.4259135,215790.4508488,23.785100027453154,24.93530002539046,20.30259999446571,2.167300001019612,0.0,True,ok,4360,4360
4803,3,0.30000000000000004,40,215790.458816,215790.4834381,24.172000004909933,24.622099997941405,20.318100025178865,2.3588000040035695,0.0,True,ok,4532,4532
4804,4,0.4,40,215790.4922023,215790.5176334,24.478500010445714,25.431100017158315,21.129699976881966,2.067900000838563,0.0,True,ok,4533,4533
4805,5,0.5,40,215790.5256842,215790.5518259,25.660300016170368,26.14170001470484,22.055600013118237,2.293199999257922,0.0,True,ok,4334,4334
4806,6,0.6000000000000001,40,215790.5592587,215790.5858197,26.093099993886426,26.561000006040558,21.56349999131635,3.2241999870166183,0.0,True,ok,4462,4462
4807,7,0.7000000000000001,40,215790.5922707,215790.6180216,25.189900014083833,25.750900007551536,21.57059998717159,2.3302999907173216,0.0,True,ok,4479,4479
4808,8,0.8,40,215790.625609,215790.6534045,27.07189999637194,27.795499976491556,23.7265000178013,2.0364999945741147,0.0,True,ok,4534,4534
4809,9,0.9,40,215790.6589677,215790.6838376,24.367300007725134,24.869899993063882,20.921000017551705,2.134700014721602,0.0,True,ok,4491,4491
4810,10,1.0,40,215790.692379,215790.7206429,27.149300003657117,28.263900021556765,23.37979999720119,2.4004000006243587,0.0,True,ok,4600,4600
4811,11,1.1,40,215790.725887,215790.7520493,25.75450000585988,26.16229999694042,20.832300011534244,3.539400000590831,0.0,True,ok,4781,4781
4812,12,1.2000000000000002,40,215790.7590411,215790.7846054,24.947800004156306,25.564299983670935,20.74830001220107,2.500800008419901,0.0,True,ok,5044,5044
4813,13,1.3,40,215790.792454,215790.8195736,26.229799987049773,27.119599981233478,21.40050000161864,3.540300007443875,0.0,True,ok,4620,4620
4814,14,1.4000000000000001,40,215790.8255686,215790.8497508,23.739099997328594,24.182199995266274,19.929900008719414,2.474900014931336,0.0,True,ok,4785,4785
4815,15,1.5,40,215790.8589567,215790.8839004,24.46590000181459,24.943700002040714,21.11440000589937,1.972600002773106,0.0,True,ok,5045,5045
4816,16,1.6,40,215790.8925436,215790.9264513,33.43189999577589,33.90770000987686,28.62029999960214,2.78690000413917,0.0,True,ok,5382,5382
4817,17,1.7000000000000002,40,215790.925799,215790.9514777,25.01250000204891,25.678700010757893,20.893100008834153,2.7756000054068863,0.0,True,ok,5312,5312
4818,18,1.8,40,215790.9589041,215790.9833396,23.970600013853982,24.435500003164634,20.453000004636124,2.1541000169236213,0.0,True,ok,5363,5363
4819,19,1.9000000000000001,40,215790.9922519,215791.0163821,23.47030001692474,24.130200006766245,19.738300004974008,2.4145999923348427,0.0,True,ok,5455,5455
4820,20,2.0,40,215791.0256795,215791.0500357,23.840799985919148,24.35620001051575,20.167300011962652,2.3407000117003918,0.0,True,ok,5508,5508
4821,21,2.1,40,215791.0591072,215791.0884392,28.814999997848645,29.331999976420775,24.894400004995987,2.3401999787893146,0.0,True,ok,5300,5300
4822,22,2.2,40,215791.0921106,215791.117898,25.301999994553626,25.78739999444224,21.267900010570884,2.525999996578321,0.0,True,ok,5384,5384
4823,23,2.3000000000000003,40,215791.1257614,215791.157394,30.99840000504628,31.632600002922118,25.772199995117262,2.7867000026162714,0.0,True,ok,5355,5355
4824,24,2.4000000000000004,40,215791.1589441,215791.18706,27.512900007423013,28.115900000557303,23.420499986968935,2.8113000153098255,0.0,True,ok,5072,5072
4825,25,2.5,40,215791.192108,215791.2171545,24.43779999157414,25.04649999900721,20.764300017617643,2.3631000076420605,0.0,True,ok,4851,4851
4826,26,2.6,40,215791.2259694,215791.2538236,27.34770000097342,27.85420001600869,23.98420000099577,2.0112000056542456,0.0,True,ok,4933,4933
4827,27,2.7,40,215791.2590305,215791.2887998,29.28700001211837,29.769300017505884,24.359800008824095,3.155199985485524,0.0,True,ok,4889,4889
4828,28,2.8000000000000003,40,215791.2926506,215791.3207812,27.65989999170415,28.130599996075034,23.903599998448044,2.423300000373274,0.0,True,ok,4508,4508
4829,29,2.9000000000000004,40,215791.3254911,215791.3522422,26.12809999845922,26.751099998364225,21.866299997782335,2.9575999942608178,0.0,True,ok,4516,4516
4830,30,3.0,40,215791.3591665,215791.3825899,22.88330000010319,23.423399979947135,19.4476000033319,2.1532000100705773,0.0,True,ok,4326,4326
4831,31,3.1,40,215791.3922655,215791.4181676,25.25850001256913,25.902099994709715,21.867699979338795,2.1355999924708158,0.0,True,ok,4407,4407
4832,32,3.2,40,215791.4258737,215791.4495819,23.087500012479722,23.708199994871393,19.71720001893118,2.1188000100664794,0.0,True,ok,4113,4113
4833,33,3.3000000000000003,40,215791.4593866,215791.4876542,27.372299984563142,28.26759999152273,23.59480000450276,2.4739999789744616,0.0,True,ok,4211,4211
4834,34,3.4000000000000004,40,215791.4920892,215791.5202665,27.667200018186122,28.17730000242591,23.870800010627136,2.0607000042218715,0.0,True,ok,4198,4198
4835,35,3.5,40,215791.5257261,215791.5517446,25.32650000648573,26.01850000792183,21.68350000283681,2.402999991318211,0.0,True,ok,4125,4125
4836,36,3.6,40,215791.5588768,215791.5850089,25.65689999028109,26.132099999813363,21.45649999147281,2.992699999595061,0.0,True,ok,4267,4267
4837,37,3.7,40,215791.5925169,215791.6178762,24.777899991022423,25.35929999430664,21.105799998622388,2.441399992676452,0.0,True,ok,3805,3805
4838,38,3.8000000000000003,40,215791.6253845,215791.6503044,24.30570000433363,24.919900024542585,20.795499993255362,2.263399976072833,0.0,True,ok,3921,3921
4839,39,3.9000000000000004,40,215791.6587601,215791.6911754,31.801599980099127,32.415299996500835,28.18610001122579,2.151099994080141,0.0,True,ok,3864,3864
4840,40,4.0,40,215791.6924484,215791.7163589,23.41510000405833,23.910500021884218,20.09649999672547,2.1391999907791615,0.0,True,ok,3828,3828
4841,41,4.1000000000000005,40,215791.7256458,215791.7536389,26.755099999718368,27.993099996820092,23.320100008277223,2.0549999899230897,0.0,True,ok,3659,3659
4842,42,4.2,40,215791.7592958,215791.7886977,28.23779999744147,29.401899984804913,24.740099994232878,2.279900014400482,0.0,True,ok,3989,3989
4843,43,4.3,40,215791.7921468,215791.8167681,24.05680000083521,24.62129999184981,20.03870002226904,2.1169999963603914,0.0,True,ok,4294,4294
4844,44,4.4,40,215791.8256971,215791.8563124,29.936199978692457,30.615299998316914,26.102399977389723,2.5744999875314534,0.0,True,ok,4623,4623
4845,45,4.5,40,215791.8591789,215791.8856,25.93530001468025,26.421100017614663,21.96320000803098,2.6904999976977706,0.0,True,ok,4708,4708
4846,46,4.6000000000000005,40,215791.8926058,215791.9186772,25.066100002732128,26.071400003274903,20.82120001432486,2.2077999892644584,0.0,True,ok,4834,4834
4847,47,4.7,40,215791.9259214,215791.9509211,23.980700003448874,24.999700020998716,20.37230000132695,2.2902000055182725,0.0,True,ok,4677,4677
4848,48,4.800000000000001,40,215791.9590395,215791.9842283,24.711199977900833,25.18879997660406,21.433199988678098,2.039699989836663,0.0,True,ok,4591,4591
4849,49,4.9,40,215791.9924222,215792.0170871,24.04629997909069,24.664899974595755,20.459799998207018,2.3056999780237675,0.0,True,ok,4442,4442
4850,50,5.0,40,215792.0257586,215792.0529384,26.71330000157468,27.17980000306852,21.014700003433973,4.033400007756427,0.0,True,ok,4408,4408
4851,51,5.1000000000000005,40,215792.0592563,215792.0850841,25.368500006152317,25.827799981925637,21.561300003668293,2.5203000113833696,0.0,True,ok,4418,4418
4852,52,5.2,40,215792.092572,215792.1175887,24.560299993027,25.01670000492595,21.07729998533614,2.2490000119432807,0.0,True,ok,4600,4600
4853,53,5.300000000000001,40,215792.1259305,215792.1550002,28.63039998919703,29.069699987303466,24.402899987762794,2.9553000058513135,0.0,True,ok,4489,4489
4854,54,5.4,40,215792.1592743,215792.1853594,25.45680000912398,26.08509999117814,21.90379999228753,2.279000007547438,0.0,True,ok,4625,4625
4855,55,5.5,40,215792.1921066,215792.2169107,24.115000007441267,24.804099986795336,20.24780001374893,2.5452999980188906,0.0,True,ok,4379,4379
4856,56,5.6000000000000005,40,215792.2258489,215792.2524348,25.946200010366738,26.58589999191463,21.974400006001815,2.2299000120256096,0.0,True,ok,4212,4212
4857,57,5.7,40,215792.2592572,215792.2866031,26.729899982456118,27.34589998726733,23.25989998644218,2.244399976916611,0.0,True,ok,4229,4229
4858,58,5.800000000000001,40,215792.2919787,215792.3166166,24.066599988145754,24.637900001835078,20.334000000730157,2.467299986165017,0.0,True,ok,4294,4294
4859,59,5.9,40,215792.3257139,215792.3513306,25.09690000442788,25.61670000432059,21.250099991448224,2.525699994293973,0.0,True,ok,4337,4337
4860,60,6.0,40,215792.3591468,215792.3854992,25.853200000710785,26.352399989264086,22.24459999706596,2.344700013054535,0.0,True,ok,4334,4334
4861,61,6.1000000000000005,40,215792.3925364,215792.418612,25.60090000042692,26.075600006151944,21.947600005660206,2.387500018812716,0.0,True,ok,4169,4169
4862,62,6.2,40,215792.4258213,215792.4524622,25.95459998701699,26.64089997415431,20.139600004768,4.542200011201203,0.0,True,ok,4172,4172
4863,63,6.300000000000001,40,215792.459189,215792.4834094,23.65690001170151,24.220400024205446,19.766500015975907,2.440400014165789,0.0,True,ok,4147,4147
4864,64,6.4,40,215792.4925182,215792.5164034,23.408899985952303,23.88520000386052,20.130199991399422,1.9790000224020332,0.0,True,ok,4178,4178
4865,65,6.5,40,215792.5256262,215792.5498556,23.74569998937659,24.229400005424395,20.021900010760874,2.123800019035116,0.0,True,ok,4169,4169
4866,66,6.6000000000000005,40,215792.5590705,215792.5857399,25.66020001540892,26.669400016544387,22.168499999679625,2.2003999911248684,0.0,True,ok,4168,4168
4867,67,6.7,40,215792.5922914,215792.6193412,26.07310001621954,27.04980000271462,22.68319998984225,2.1105000050738454,0.0,True,ok,4086,4086
4868,68,6.800000000000001,40,215792.6257838,215792.6502332,23.97989999735728,24.44939999259077,20.430600008694455,2.2173000033944845,0.0,True,ok,4379,4379
4869,69,6.9,40,215792.65893,215792.688432,28.991099999984726,29.501999990316108,25.563900009728968,2.0936000219080597,0.0,True,ok,4282,4282
4870,70,7.0,40,215792.6922014,215792.7163384,23.479900002712384,24.13700000033714,19.65360000031069,2.5135999894700944,0.0,True,ok,4247,4247
4871,71,7.1000000000000005,40,215792.7255661,215792.7499371,23.716600000625476,24.3709999776911,20.03419998800382,2.3206000041682273,0.0,True,ok,4354,4354
4872,72,7.2,40,215792.7589472,215792.7845879,24.703500006580725,25.64070001244545,21.367200009990484,2.0459000079426914,0.0,True,ok,4628,4628
4873,73,7.300000000000001,40,215792.7923356,215792.8162967,23.19020000868477,23.961099999723956,19.756599998800084,2.1185000077821314,0.0,True,ok,4287,4287
4874,74,7.4,40,215792.8260466,215792.8508582,24.314299982506782,24.811599985696375,20.884400000795722,2.079300000332296,0.0,True,ok,4455,4455
4875,75,7.5,40,215792.8591547,215792.8862355,26.01709999726154,27.08079997682944,20.41329999337904,4.255700012436137,0.0,True,ok,4560,4560
4876,76,7.6000000000000005,40,215792.8920936,215792.9184306,25.854599982267246,26.33699998841621,21.792600018670782,2.732499997364357,0.0,True,ok,4662,4662
4877,77,7.7,40,215792.9254492,215792.950616,24.51469999505207,25.166799983708188,21.066699991934,2.1346999856177717,0.0,True,ok,4381,4381
4878,78,7.800000000000001,40,215792.9590064,215792.9852012,25.70729999570176,26.19480001158081,22.33979999436997,2.061200008029118,0.0,True,ok,4350,4350
4879,79,7.9,40,215792.9922689,215793.0190719,25.916799990227446,26.802999986102805,21.9883999961894,2.3825000098440796,0.0,True,ok,4058,4058
4880,80,8.0,40,215793.0254459,215793.0511607,25.094800017541274,25.7147999946028,21.683700004359707,2.0908000005874783,0.0,True,ok,4074,4074
4881,81,8.1,40,215793.0593036,215793.0857815,25.98010000656359,26.47790001356043,22.57659999304451,2.05500001902692,0.0,True,ok,4079,4079
4882,82,8.200000000000001,40,215793.0923139,215793.1187329,25.791299995034933,26.419000001624227,21.44469998893328,2.7165999927092344,0.0,True,ok,4288,4288
4883,83,8.3,40,215793.125836,215793.1497764,23.48329999949783,23.940400016726926,19.731000007595867,2.2908999817445874,0.0,True,ok,4269,4269
4884,84,8.4,40,215793.1592973,215793.1885936,28.759800014086068,29.296299995621666,24.146300012944266,3.1747999892104417,0.0,True,ok,3996,3996
4885,85,8.5,40,215793.1921355,215793.2213536,28.62140000797808,29.218100011348724,24.944800010416657,2.3632999800611287,0.0,True,ok,4318,4318
4886,86,8.6,40,215793.2255905,215793.2518141,25.491999986115843,26.223599998047575,22.017100010998547,2.1601000044029206,0.0,True,ok,4410,4410
4887,87,8.700000000000001,40,215793.2591216,215793.2866986,27.091799973277375,27.57700000074692,21.295699989423156,3.815600008238107,0.0,True,ok,4345,4345
4888,88,8.8,40,215793.2921224,215793.3230836,29.973700002301484,30.96120001282543,26.390699989860877,2.2764999885112047,0.0,True,ok,3995,3995
4889,89,8.9,40,215793.3257676,215793.3513124,24.91629999713041,25.544799980707467,21.26410001073964,2.0164000161457807,0.0,True,ok,4114,4114
4890,90,9.0,40,215793.3591929,215793.3886025,28.740599984303117,29.40959998522885,22.682299982989207,4.731099994387478,0.0,True,ok,4407,4407
4891,91,9.1,40,215793.3921324,215793.4189722,26.29259999957867,26.839799975277856,22.223600011784583,2.448400016874075,0.0,True,ok,4504,4504
4892,92,9.200000000000001,40,215793.4258731,215793.4522991,25.691799994092435,26.42599999671802,21.426099992822856,2.916700002970174,0.0,True,ok,4602,4602
4893,93,9.3,40,215793.4590173,215793.4848979,25.176600000122562,25.88060000562109,20.13029999216087,3.6678999895229936,0.0,True,ok,4719,4719
4894,94,9.4,40,215793.4924863,215793.5186228,25.02410000306554,26.136500004213303,21.233600011328235,2.33349998597987,0.0,True,ok,4623,4623
4895,95,9.5,40,215793.5258547,215793.5506053,24.122700007865205,24.750599986873567,20.405100018251687,2.375299984123558,0.0,True,ok,4555,4555
4896,96,9.600000000000001,40,215793.558984,215793.5843588,24.871300003724173,25.374799995915964,21.17650001309812,2.3258999863173813,0.0,True,ok,4902,4902
4897,97,9.700000000000001,40,215793.5921299,215793.6162377,23.488799983169883,24.107799981720746,20.04599999054335,2.0755999721586704,0.0,True,ok,4793,4793
4898,98,9.8,40,215793.625803,215793.6523188,25.50870002596639,26.515800011111423,20.89819998946041,3.2272999815177172,0.0,True,ok,4857,4857
4899,99,9.9,40,215793.6590071,215793.6849211,25.443299993639812,25.913999998010695,21.924100001342595,2.0917000074405223,0.0,True,ok,4985,4985
4900,100,10.0,40,215793.6926734,215793.7189319,25.63589997589588,26.25850000185892,22.107700002379715,2.1092999959364533,0.0,True,ok,4973,4973
4901,101,10.100000000000001,40,215793.7256676,215793.7509853,24.835599993821234,25.31769999768585,21.328699978766963,2.1063000021968037,0.0,True,ok,4507,4507
4902,102,10.200000000000001,40,215793.7594079,215793.7857935,25.40199999930337,26.38559998013079,21.85639998060651,2.150099986465648,0.0,True,ok,4834,4834
4903,103,10.3,40,215793.7923986,215793.8186237,25.72669999790378,26.225100009469315,21.328299975721166,2.8774999955203384,0.0,True,ok,4943,4943
4904,104,10.4,40,215793.8257435,215793.8509717,24.641299998620525,25.228200014680624,20.94539999961853,2.12910000118427,0.0,True,ok,5082,5082
4905,105,10.5,40,215793.8593189,215793.8851417,25.146300002234057,25.82280000206083,21.040899999206886,2.351800008909777,0.0,True,ok,4986,4986
4906,106,10.600000000000001,40,215793.8921275,215793.9223698,29.7668999992311,30.24230001028627,26.26600000075996,2.092599985189736,0.0,True,ok,5037,5037
4907,107,10.700000000000001,40,215793.9255307,215793.9524177,26.23329998459667,26.886999985435978,22.761500003980473,2.1023000008426607,0.0,True,ok,5162,5162
4908,108,10.8,40,215793.9592663,215793.9851235,24.759899999480695,25.85720000206493,21.067199995741248,2.3397000040858984,0.0,True,ok,4884,4884
4909,109,10.9,40,215793.9926059,215794.0215977,28.55940000154078,28.99179997621104,24.507499998435378,2.5810999795794487,0.0,True,ok,4890,4890
4910,110,11.0,40,215794.0256133,215794.0516267,25.305399991339073,26.013399998191744,21.504800010006875,2.460299991071224,0.0,True,ok,4848,4848
4911,111,11.100000000000001,40,215794.0589861,215794.0843117,24.718000000575557,25.325599999632686,20.900200004689395,2.358099998673424,0.0,True,ok,5030,5030
4912,112,11.200000000000001,40,215794.0925293,215794.1176292,24.65849998407066,25.09989999816753,21.05529999244027,2.1078000136185437,0.0,True,ok,5114,5114
4913,113,11.3,40,215794.1258676,215794.1555547,29.250799998408183,29.68710000277497,23.593399993842468,3.0092999804764986,0.0,True,ok,5293,5293
4914,114,11.4,40,215794.1589264,215794.1894537,29.79669999331236,30.527299997629598,24.63910001097247,2.2849999950267375,0.0,True,ok,5423,5423
4915,115,11.5,40,215794.1924375,215794.222255,29.204299993580207,29.81750000617467,25.598599982913584,2.1670999994967133,0.0,True,ok,5340,5340
4916,116,11.600000000000001,40,215794.2255019,215794.2526323,26.612999994540587,27.130400005262345,22.41949999006465,2.658600016729906,0.0,True,ok,5279,5279
4917,117,11.700000000000001,40,215794.2590083,215794.2844596,24.806799978250638,25.451299996348098,20.981499983463436,2.3347999958787113,0.0,True,ok,5498,5498
4918,118,11.8,40,215794.2923596,215794.3195941,26.25540000735782,27.234500012127683,22.45229997788556,2.325700013898313,0.0,True,ok,5517,5517
4919,119,11.9,40,215794.3258214,215794.3498935,23.4714999969583,24.072100000921637,19.70229999278672,2.3327999806497246,0.0,True,ok,5266,5266
4920,0,0.0,41,215794.361735,215794.385897,23.635199991986156,24.16199998697266,19.852600002195686,2.3652999952901155,0.0,True,ok,4708,4708
4921,1,0.1,41,215794.3925806,215794.4183681,25.27170002576895,25.78750002430752,21.405700012110174,2.4305999977514148,0.0,True,ok,4681,4681
4922,2,0.2,41,215794.4256008,215794.4512499,25.08790002320893,25.649100018199533,21.33529999991879,2.184200013289228,0.0,True,ok,4360,4360
4923,3,0.30000000000000004,41,215794.4591049,215794.483727,24.156900006346405,24.622100027045235,20.474899996770546,2.2544999956153333,0.0,True,ok,4532,4532
4924,4,0.4,41,215794.4922124,215794.5177832,24.968499987153336,25.57080000406131,21.444200014229864,2.067399997031316,0.0,True,ok,4533,4533
4925,5,0.5,41,215794.5255691,215794.5525612,26.261899998644367,26.99209999991581,21.58090000739321,2.781699993647635,0.0,True,ok,4334,4334
4926,6,0.6000000000000001,41,215794.5589439,215794.5858503,26.261899998644367,26.906400016741827,22.47719999286346,2.2390999947674572,0.0,True,ok,4462,4462
4927,7,0.7000000000000001,41,215794.5921527,215794.6188593,26.23320001293905,26.706600008765236,22.766699985368177,2.0710000244434923,0.0,True,ok,4479,4479
4928,8,0.8,41,215794.6258451,215794.6530812,26.757399988127872,27.23609999520704,23.202299984404817,2.143599995179102,0.0,True,ok,4534,4534
4929,9,0.9,41,215794.6592029,215794.6859627,26.27790000406094,26.759800006402656,21.807100012665614,3.0821000109426677,0.0,True,ok,4491,4491
4930,10,1.0,41,215794.6922587,215794.7178734,25.170399982016534,25.614699989091605,21.421999990707263,2.2882000193931162,0.0,True,ok,4600,4600
4931,11,1.1,41,215794.7258052,215794.7544028,28.114599990658462,28.597600001376122,23.17060000495985,3.287100000306964,0.0,True,ok,4781,4781
4932,12,1.2000000000000002,41,215794.7592229,215794.7862895,26.62880002753809,27.066600014222786,21.217000001342967,3.939099988201633,0.0,True,ok,5044,5044
4933,13,1.3,41,215794.7925995,215794.8171024,24.076700006844476,24.50289999251254,19.654000003356487,2.347000001464039,0.0,True,ok,4620,4620
4934,14,1.4000000000000001,41,215794.825461,215794.8511694,25.209899991750717,25.708400004077703,21.322899992810562,2.3967000015545636,0.0,True,ok,4785,4785
4935,15,1.5,41,215794.859079,215794.8849006,25.37529999972321,25.82160002202727,21.7560000019148,2.148800005670637,0.0,True,ok,5045,5045
4936,16,1.6,41,215794.89217,215794.917602,24.8837000108324,25.431999994907528,21.00490001612343,2.3101000115275383,0.0,True,ok,5382,5382
4937,17,1.7000000000000002,41,215794.925866,215794.9516339,25.320199987618253,25.76789999147877,21.772800013422966,2.023999986704439,0.0,True,ok,5312,5312
4938,18,1.8,41,215794.9588868,215794.9862109,26.837200013687834,27.324099995894358,23.02250001230277,2.0902999967802316,0.0,True,ok,5363,5363
4939,19,1.9000000000000001,41,215794.9920454,215795.0205651,28.067000006558374,28.51970001938753,21.185899997362867,4.690899979323149,0.0,True,ok,5455,5455
4940,20,2.0,41,215795.0260539,215795.0516875,25.155200011795387,25.633600016590208,21.411300025647506,2.2518999758176506,0.0,True,ok,5508,5508
4941,21,2.1,41,215795.0590553,215795.085606,26.106800010893494,26.550700014922768,22.43000001180917,2.122100006090477,0.0,True,ok,5300,5300
4942,22,2.2,41,215795.0924134,215795.1183698,25.43619999778457,25.95640000072308,21.5293999935966,2.3160999990068376,0.0,True,ok,5384,5384
4943,23,2.3000000000000003,41,215795.1254943,215795.1618465,35.51270000752993,36.35219999705441,31.455500022275373,2.521300018997863,0.0,True,ok,5355,5355
4944,24,2.4000000000000004,41,215795.1589512,215795.1868898,25.033900019479915,27.93860001838766,21.220499998889863,2.3963999992702156,0.0,True,ok,5072,5072
4945,25,2.5,41,215795.1925462,215795.2175397,24.444400012725964,24.993500002892688,20.232500013662502,2.732799999648705,0.0,True,ok,4851,4851
4946,26,2.6,41,215795.2258953,215795.251934,25.54410000448115,26.038699987111613,21.58249999047257,2.348599984543398,0.0,True,ok,4933,4933
4947,27,2.7,41,215795.2591456,215795.284695,24.902000004658476,25.549400015734136,21.279100008541718,2.127099985955283,0.0,True,ok,4889,4889
4948,28,2.8000000000000003,41,215795.2924216,215795.318906,25.811500003328547,26.484400004846975,21.994000009726733,2.322399988770485,0.0,True,ok,4508,4508
4949,29,2.9000000000000004,41,215795.3257955,215795.3506608,24.41959999850951,24.865300016244873,20.381099981023,2.0998999825678766,0.0,True,ok,4516,4516
4950,30,3.0,41,215795.3588382,215795.3890329,29.71950001665391,30.194700026186183,25.191399996401742,2.4477000115439296,0.0,True,ok,4326,4326
4951,31,3.1,41,215795.3927022,215795.4195878,26.27039997605607,26.885599974775687,22.637699992628768,2.1004999871365726,0.0,True,ok,4407,4407
4952,32,3.2,41,215795.4255007,215795.4529246,26.924799982225522,27.423899999121204,23.213200009195134,2.2299999836832285,0.0,True,ok,4113,4113
4953,33,3.3000000000000003,41,215795.4590191,215795.4840759,24.512699979823083,25.056799990125,20.824899984290823,1.9835999992210418,0.0,True,ok,4211,4211
4954,34,3.4000000000000004,41,215795.492205,215795.5187708,26.128700003027916,26.565800013486296,22.633899992797524,2.0623999880626798,0.0,True,ok,4198,4198
4955,35,3.5,41,215795.5255887,215795.5533771,27.302100002998486,27.788400009740144,23.656000004848465,2.240999980131164,0.0,True,ok,4125,4125
4956,36,3.6,41,215795.5590723,215795.5869167,27.13540001423098,27.844399999594316,23.49380002124235,2.2438000014517456,0.0,True,ok,4267,4267
4957,37,3.7,41,215795.5926434,215795.6183971,25.232500018319115,25.753699999768287,21.725700004026294,2.1440999989863485,0.0,True,ok,3805,3805
4958,38,3.8000000000000003,41,215795.6255721,215795.6531618,26.96210000431165,27.589700010139495,23.141999990912154,2.282100002048537,0.0,True,ok,3921,3921
4959,39,3.9000000000000004,41,215795.6588294,215795.6844702,25.19050001865253,25.6408000132069,21.499900001799688,2.2911000123713166,0.0,True,ok,3864,3864
4960,40,4.0,41,215795.6921134,215795.7185891,26.027799991425127,26.475699996808544,21.36329998029396,2.8781999717466533,0.0,True,ok,3828,3828
4961,41,4.1000000000000005,41,215795.7259396,215795.7524159,25.854600011371076,26.47630000137724,22.489899973152205,2.0345999801065773,0.0,True,ok,3659,3659
4962,42,4.2,41,215795.7592237,215795.7865112,26.749500015284866,27.287500008242205,22.748999996110797,2.614900004118681,0.0,True,ok,3989,3989
4963,43,4.3,41,215795.7924478,215795.8168706,23.389700014377013,24.42280002287589,19.872500008204952,2.123399986885488,0.0,True,ok,4294,4294
4964,44,4.4,41,215795.8256195,215795.8518285,25.55469999788329,26.208999974187464,21.828800003277138,2.312500000698492,0.0,True,ok,4623,4623
4965,45,4.5,41,215795.8590813,215795.885659,26.13250000285916,26.577699987683445,22.04330000677146,2.6325000217184424,0.0,True,ok,4708,4708
4966,46,4.6000000000000005,41,215795.8921533,215795.9157276,23.022199980914593,23.574299993924797,19.464200013317168,2.158999996026978,0.0,True,ok,4834,4834
4967,47,4.7,41,215795.9255153,215795.9540072,27.916699997149408,28.491899982327595,22.62679999694228,3.8514000189024955,0.0,True,ok,4677,4677
4968,48,4.800000000000001,41,215795.9589838,215795.9848164,25.374400021973997,25.832600018475205,20.90689999749884,2.899100014474243,0.0,True,ok,4591,4591
4969,49,4.9,41,215795.9924446,215796.0187739,25.63029999146238,26.329299987992272,21.05939999455586,3.118299995549023,0.0,True,ok,4442,4442
4970,50,5.0,41,215796.0258251,215796.0538427,27.066500013461336,28.017600008752197,21.885099995415658,3.772900003241375,0.0,True,ok,4408,4408
4971,51,5.1000000000000005,41,215796.0590384,215796.0856054,25.577599997632205,26.566999993519858,21.336899982998148,2.4190999974962324,0.0,True,ok,4418,4418
4972,52,5.2,41,215796.0925169,215796.1203742,27.395699988119304,27.85729998140596,23.912500008009374,1.9731000065803528,0.0,True,ok,4600,4600
4973,53,5.300000000000001,41,215796.1256003,215796.1529341,26.87460000743158,27.333800011547282,22.573199996259063,2.822699985699728,0.0,True,ok,4489,4489
4974,54,5.4,41,215796.1591895,215796.1883201,28.23769999668002,29.130599985364825,24.587499996414408,2.23869999172166,0.0,True,ok,4625,4625
4975,55,5.5,41,215796.1921698,215796.2222352,29.592899983981624,30.065400002058595,25.849099998595193,2.2427000221796334,0.0,True,ok,4379,4379
4976,56,5.6000000000000005,41,215796.225511,215796.251463,25.280999980168417,25.95199999632314,21.84470000793226,2.056199999060482,0.0,True,ok,4212,4212
4977,57,5.7,41,215796.2591534,215796.2857569,26.172100013354793,26.60350000951439,22.465899994131178,2.361099992413074,0.0,True,ok,4229,4229
4978,58,5.800000000000001,41,215796.292592,215796.3198634,26.80079999845475,27.271399972960353,23.09949998743832,2.285800001118332,0.0,True,ok,4294,4294
4979,59,5.9,41,215796.3256249,215796.3548876,28.757099993526936,29.262700001709163,24.034900008700788,3.0376000213436782,0.0,True,ok,4337,4337
4980,60,6.0,41,215796.3590719,215796.3900252,30.489199998555705,30.953300010878593,24.6259999985341,4.534999985480681,0.0,True,ok,4334,4334
4981,61,6.1000000000000005,41,215796.3926473,215796.4239744,30.67370000644587,31.32710000500083,26.16500001749955,3.091499995207414,0.0,True,ok,4169,4169
4982,62,6.2,41,215796.4254669,215796.4524391,26.46759999333881,26.972199993906543,22.91460000560619,2.1644000080414116,0.0,True,ok,4172,4172
4983,63,6.300000000000001,41,215796.4590034,215796.4857836,26.308399974368513,26.78019998711534,22.66990000498481,2.269700024044141,0.0,True,ok,4147,4147
4984,64,6.4,41,215796.4927178,215796.5185583,25.412800023332238,25.84050002042204,20.688200020231307,3.33659999887459,0.0,True,ok,4178,4178
4985,65,6.5,41,215796.5256226,215796.5522513,25.956899975426495,26.62869999767281,22.494000004371628,2.051699993899092,0.0,True,ok,4169,4169
4986,66,6.6000000000000005,41,215796.5588383,215796.5850199,25.500799994915724,26.18159999838099,21.99750000727363,2.0364999945741147,0.0,True,ok,4168,4168
4987,67,6.7,41,215796.5925156,215796.6237285,30.690800020238385,31.2129000085406,27.277400018647313,2.0284000202082098,0.0,True,ok,4086,4086
4988,68,6.800000000000001,41,215796.6259066,215796.6519368,25.37089999532327,26.03019998059608,21.282100002281368,2.6273000112269074,0.0,True,ok,4379,4379
4989,69,6.9,41,215796.658969,215796.6875,28.072199987946078,28.53099998901598,24.14399999543093,2.3400000063702464,0.0,True,ok,4282,4282
4990,70,7.0,41,215796.692537,215796.7184984,25.468100007856265,25.961400009691715,21.79729999625124,2.299299987498671,0.0,True,ok,4247,4247
4991,71,7.1000000000000005,41,215796.7259943,215796.7552591,28.388000006088987,29.26479998859577,24.605499987956136,2.1142000041436404,0.0,True,ok,4354,4354
4992,72,7.2,41,215796.7590363,215796.7849168,25.377400015713647,25.88050000485964,21.60490001551807,2.3299000167753547,0.0,True,ok,4628,4628
4993,73,7.300000000000001,41,215796.7922954,215796.8176118,24.675300024682656,25.31640001689084,21.204299991950393,2.059200021903962,0.0,True,ok,4287,4287
4994,74,7.4,41,215796.8257697,215796.8508255,24.488700000802055,25.055800011614338,20.990799996070564,2.038400009041652,0.0,True,ok,4455,4455
4995,75,7.5,41,215796.8591172,215796.8858181,25.753599999006838,26.700900023570284,22.1468000090681,2.1698999917134643,0.0,True,ok,4560,4560
4996,76,7.6000000000000005,41,215796.8924071,215796.9207456,27.869799989275634,28.33849997841753,21.459000010509044,4.21069998992607,0.0,True,ok,4662,4662
4997,77,7.7,41,215796.9255127,215796.9521041,26.149399986024946,26.591400004690513,22.30089998920448,2.2807999921496958,0.0,True,ok,4381,4381
4998,78,7.800000000000001,41,215796.9590669,215796.9837327,24.20939999865368,24.66580001055263,20.65200000652112,2.129200001945719,0.0,True,ok,4350,4350
4999,79,7.9,41,215796.9925409,215797.0174177,23.869600001489744,24.876799987396225,20.344599994132295,2.1216000022832304,0.0,True,ok,4058,4058
5000,80,8.0,41,215797.0256517,215797.052847,26.2644000176806,27.195300004677847,20.21960000274703,4.6796000096946955,0.0,True,ok,4074,4074
5001,81,8.1,41,215797.0591438,215797.0849848,25.229299993952736,25.840999995125458,21.589700016193092,2.2911999840289354,0.0,True,ok,4079,4079
5002,82,8.200000000000001,41,215797.0923357,215797.1173199,24.299299984704703,24.98419999028556,20.69370000390336,2.1926999907009304,0.0,True,ok,4288,4288
5003,83,8.3,41,215797.1258678,215797.1504676,23.99169999989681,24.599800002761185,20.418600004632026,2.0881000091321766,0.0,True,ok,4269,4269
5004,84,8.4,41,215797.1591969,215797.1836849,23.95899998373352,24.48799999547191,20.482399995671585,2.1052999945823103,0.0,True,ok,3996,3996
5005,85,8.5,41,215797.1923275,215797.2240998,31.30309999687597,31.772299989825115,26.896600000327453,2.7854000218212605,0.0,True,ok,4318,4318
5006,86,8.6,41,215797.2258005,215797.2517185,25.423099985346198,25.917999999364838,21.715299983043224,2.1514999971259385,0.0,True,ok,4410,4410
5007,87,8.700000000000001,41,215797.2591832,215797.2840031,24.361699994187802,24.81990001979284,20.852399989962578,2.1425999875646085,0.0,True,ok,4345,4345
5008,88,8.8,41,215797.2922033,215797.3176768,24.9206000007689,25.4735000198707,21.512600011192262,2.0158000115770847,0.0,True,ok,3995,3995
5009,89,8.9,41,215797.3257813,215797.3513636,24.933100008638576,25.582300004316494,20.90850000968203,2.4107999925035983,0.0,True,ok,4114,4114
5010,90,9.0,41,215797.3589594,215797.3876862,28.302799997618422,28.72679999563843,24.838499986799434,2.071700000669807,0.0,True,ok,4407,4407
5011,91,9.1,41,215797.3922761,215797.4170412,24.306900013471022,24.76510000997223,20.30080000986345,2.5630000163801014,0.0,True,ok,4504,4504
5012,92,9.200000000000001,41,215797.4256194,215797.4515487,25.205899990396574,25.92929999809712,21.603900007903576,2.1858999971300364,0.0,True,ok,4602,4602
5013,93,9.3,41,215797.4591654,215797.4859995,26.345599995693192,26.834099990082905,22.6494999951683,2.220800000941381,0.0,True,ok,4719,4719
5014,94,9.4,41,215797.4921874,215797.5179252,25.10410000104457,25.737799995113164,21.427300001960248,2.2655000211670995,0.0,True,ok,4623,4623
5015,95,9.5,41,215797.5259216,215797.5505198,24.06269998755306,24.598199990577996,20.295700000133365,2.3717000149190426,0.0,True,ok,4555,4555
5016,96,9.600000000000001,41,215797.5587878,215797.5846739,25.42420002282597,25.886100018396974,21.309600007953122,2.768899983493611,0.0,True,ok,4902,4902
5017,97,9.700000000000001,41,215797.5921484,215797.6160967,23.360999999567866,23.948299989569932,19.839699991280213,2.1093999966979027,0.0,True,ok,4793,4793
5018,98,9.8,41,215797.6257332,215797.6515493,25.285600015195087,25.816100009251386,21.456899994518608,2.3412000155076385,0.0,True,ok,4857,4857
5019,99,9.9,41,215797.6587864,215797.6874145,28.097699978388846,28.628100000787526,24.106500000925735,2.4216999881900847,0.0,True,ok,4985,4985
5020,100,10.0,41,215797.6924511,215797.7168196,23.75759999267757,24.368499987758696,20.1484999852255,2.1988000080455095,0.0,True,ok,4973,4973
5021,101,10.100000000000001,41,215797.7257242,215797.752854,26.558799989288673,27.12980000069365,23.020399996312335,2.155299996957183,0.0,True,ok,4507,4507
5022,102,10.200000000000001,41,215797.758723,215797.7857553,26.58889998565428,27.032299985876307,22.612200002186,2.6110000035259873,0.0,True,ok,4834,4834
5023,103,10.3,41,215797.792566,215797.8203799,26.574499992420897,27.81390000018291,23.072099982528016,2.143800025805831,0.0,True,ok,4943,4943
5024,104,10.4,41,215797.8255626,215797.8516668,25.453500013099983,26.10420002019964,21.83290000539273,2.168899984098971,0.0,True,ok,5082,5082
5025,105,10.5,41,215797.8588474,215797.8872756,27.706299995770678,28.428199992049485,23.28910000505857,2.7854999934788793,0.0,True,ok,4986,4986
5026,106,10.600000000000001,41,215797.892429,215797.9187601,25.857700005872175,26.33110000169836,21.896200021728873,2.3637000122107565,0.0,True,ok,5037,5037
5027,107,10.700000000000001,41,215797.9254754,215797.956604,30.493400001432747,31.12860000692308,25.68530000280589,2.6066999998874962,0.0,True,ok,5162,5162
5028,108,10.8,41,215797.958827,215797.9869328,27.588400000240654,28.10580001096241,24.01090000057593,2.199200011091307,0.0,True,ok,4884,4884
5029,109,10.9,41,215797.9923753,215798.0199859,27.157100004842505,27.610599994659424,23.696100019151345,2.1456000104080886,0.0,True,ok,4890,4890
5030,110,11.0,41,215798.0254842,215798.0546868,28.745199990225956,29.20259998063557,25.162399979308248,2.285099995788187,0.0,True,ok,4848,4848
5031,111,11.100000000000001,41,215798.0591372,215798.083674,23.902699991595,24.53679998870939,20.427999988896772,2.130199980456382,0.0,True,ok,5030,5030
5032,112,11.200000000000001,41,215798.0922419,215798.117821,24.983499984955415,25.579099979950115,21.448400017106906,2.1132999972905964,0.0,True,ok,5114,5114
5033,113,11.3,41,215798.1255436,215798.154512,28.486199997132644,28.96840000175871,24.35459999833256,2.299299987498671,0.0,True,ok,5293,5293
5034,114,11.4,41,215798.1588991,215798.187578,28.215099999215454,28.678900009253994,23.9677999925334,2.2650999890174717,0.0,True,ok,5423,5423
5035,115,11.5,41,215798.1925277,215798.2183133,25.169100001221523,25.78559998073615,21.245200012344867,2.5529999984428287,0.0,True,ok,5340,5340
5036,116,11.600000000000001,41,215798.2260284,215798.2529278,26.017600001068786,26.899399992544204,22.3425000149291,2.321799984201789,0.0,True,ok,5279,5279
5037,117,11.700000000000001,41,215798.2589981,215798.2843392,24.842700018780306,25.341100001242012,19.749999977648258,3.707700001541525,0.0,True,ok,5498,5498
5038,118,11.8,41,215798.2926273,215798.3183541,25.082999985897914,25.72679999866523,21.37939998647198,2.3056000063661486,0.0,True,ok,5517,5517
5039,119,11.9,41,215798.3254478,215798.3494495,23.408400011248887,24.001700017834082,19.411100016441196,2.614299999549985,0.0,True,ok,5266,5266
5040,0,0.0,42,215798.3611833,215798.3886243,26.478299987502396,27.44099998380989,20.399500004714355,3.620600007707253,0.0,True,ok,4708,4708
5041,1,0.1,42,215798.3925561,215798.4164322,23.40490001370199,23.87609999277629,20.051700004842132,2.0336000015959144,0.0,True,ok,4681,4681
5042,2,0.2,42,215798.4259333,215798.4538547,26.921499986201525,27.921400003833696,23.339999985182658,2.2393999970518053,0.0,True,ok,4360,4360
5043,3,0.30000000000000004,42,215798.4589537,215798.4849794,25.56650000042282,26.02570000453852,20.461899985093623,2.665100008016452,0.0,True,ok,4532,4532
5044,4,0.4,42,215798.4926144,215798.522022,28.92979999887757,29.407599999103695,24.783600005321205,2.814800012856722,0.0,True,ok,4533,4533
5045,5,0.5,42,215798.5255395,215798.5550213,28.84820001781918,29.481800011126325,24.976600019726902,2.343000000109896,0.0,True,ok,4334,4334
5046,6,0.6000000000000001,42,215798.5591239,215798.5834925,23.88049999717623,24.368600017623976,20.342899981187657,2.205700002377853,0.0,True,ok,4462,4462
5047,7,0.7000000000000001,42,215798.5925408,215798.6182918,25.120300007984042,25.751000008312985,20.842600002652034,2.188599988585338,0.0,True,ok,4479,4479
5048,8,0.8,42,215798.6255237,215798.6515954,25.545500015141442,26.07170000555925,22.062200005166233,2.12760001886636,0.0,True,ok,4534,4534
5049,9,0.9,42,215798.6590427,215798.6837806,24.26740000373684,24.737900006584823,20.815700001548976,2.0801999780815095,0.0,True,ok,4491,4491
5050,10,1.0,42,215798.6920915,215798.7158758,23.236999986693263,23.78429999225773,19.60770000005141,2.275600010761991,0.0,True,ok,4600,4600
5051,11,1.1,42,215798.7256963,215798.7508986,24.74739999161102,25.20229999208823,21.362200001021847,2.035999990766868,0.0,True,ok,4781,4781
5052,12,1.2000000000000002,42,215798.7590129,215798.789232,29.790300002787262,30.219100008253008,24.777399987215176,2.9543999989982694,0.0,True,ok,5044,5044
5053,13,1.3,42,215798.7927383,215798.8186929,25.158100004773587,25.95460001612082,21.414100017864257,2.350500028114766,0.0,True,ok,4620,4620
5054,14,1.4000000000000001,42,215798.8256528,215798.849591,23.411900008795783,23.93819999997504,19.675100018503144,2.3573999933432788,0.0,True,ok,4785,4785
5055,15,1.5,42,215798.8590151,215798.8839074,24.380200018640608,24.89230001810938,20.891199994366616,2.115300012519583,0.0,True,ok,5045,5045
5056,16,1.6,42,215798.8925076,215798.9276892,34.56299999379553,35.181600018404424,29.210800013970584,3.1974000157788396,0.0,True,ok,5382,5382
5057,17,1.7000000000000002,42,215798.925494,215798.9571289,29.42629999597557,31.634899991331622,25.588200020138174,2.3375000164378434,0.0,True,ok,5312,5312
5058,18,1.8,42,215798.9590147,215798.9891255,29.534800007240847,30.11079999851063,26.053299981867895,2.112100017257035,0.0,True,ok,5363,5363
5059,19,1.9000000000000001,42,215798.9922321,215799.0180418,25.14310000697151,25.80970001872629,21.559300017543137,2.222000010078773,0.0,True,ok,5455,5455
5060,20,2.0,42,215799.0256936,215799.0505492,24.087600002530962,24.85560000059195,20.31279998482205,2.3766999947838485,0.0,True,ok,5508,5508
5061,21,2.1,42,215799.0591964,215799.0873196,27.09279998089187,28.123199997935444,23.27449998119846,2.323599997907877,0.0,True,ok,5300,5300
5062,22,2.2,42,215799.0923091,215799.1200611,27.07029998418875,27.75199999450706,22.95439998852089,2.3404000094160438,0.0,True,ok,5384,5384
5063,23,2.3000000000000003,42,215799.1256831,215799.1517728,25.51479998510331,26.08969999710098,21.826599986525252,2.2637999791186303,0.0,True,ok,5355,5355
5064,24,2.4000000000000004,42,215799.1588689,215799.1880914,28.75800000037998,29.222499986644834,24.938800022937357,2.519399975426495,0.0,True,ok,5072,5072
5065,25,2.5,42,215799.1924781,215799.2212792,28.361499978927895,28.80109997931868,24.66719999210909,2.3766999947838485,0.0,True,ok,4851,4851
5066,26,2.6,42,215799.2257849,215799.2553874,29.118199978256598,29.6024999988731,25.742099998751655,2.062600018689409,0.0,True,ok,4933,4933
5067,27,2.7,42,215799.2589798,215799.2852125,25.52339999238029,26.232699980027974,22.00500000617467,2.1659999911207706,0.0,True,ok,4889,4889
5068,28,2.8000000000000003,42,215799.2925476,215799.3162474,23.212700005387887,23.69980001822114,19.590799987781793,2.304599998751655,0.0,True,ok,4508,4508
5069,29,2.9000000000000004,42,215799.3260852,215799.3554622,28.646499995375052,29.37699999893084,24.904999998398125,2.1707999985665083,0.0,True,ok,4516,4516
5070,30,3.0,42,215799.3591518,215799.3883421,28.775399987353012,29.190300003392622,24.171199998818338,2.985900006024167,0.0,True,ok,4326,4326
5071,31,3.1,42,215799.3922474,215799.4196131,26.885500003118068,27.365699992515147,22.68950000870973,2.900499996030703,0.0,True,ok,4407,4407
5072,32,3.2,42,215799.425944,215799.4504561,23.646099987672642,24.512100004358217,19.82250000583008,2.543299982789904,33.696599974064156,True,ok,4113,4113
5073,33,3.3000000000000003,42,215799.459039,215799.4847148,25.27179999742657,25.675799988675863,21.79120000801049,2.1813999919686466,0.0,True,ok,4211,4211
5074,34,3.4000000000000004,42,215799.492102,215799.5172065,24.57399998093024,25.10450000409037,21.027799986768514,2.134300011675805,0.0,True,ok,4198,4198
5075,35,3.5,42,215799.5259161,215799.5505732,24.17969997623004,24.657099973410368,20.507899986114353,2.2486999805551022,0.0,True,ok,4125,4125
5076,36,3.6,42,215799.5590388,215799.5841037,24.365499994019046,25.064899993594736,20.52180000464432,2.5983000232372433,0.0,True,ok,4267,4267
5077,37,3.7,42,215799.5921991,215799.6188228,25.937400001566857,26.623699988704175,21.008500014431775,3.6074999952688813,0.0,True,ok,3805,3805
5078,38,3.8000000000000003,42,215799.6255734,215799.6497496,23.692500020843,24.176200007786974,20.016199996462092,2.310699986992404,0.0,True,ok,3921,3921
5079,39,3.9000000000000004,42,215799.6590832,215799.6832881,23.31759998924099,24.20489999349229,19.5436000067275,2.4605000216979533,0.0,True,ok,3864,3864
5080,40,4.0,42,215799.6922311,215799.7162843,23.569999990286306,24.053200002526864,20.124200003920123,2.204299991717562,0.0,True,ok,3828,3828
5081,41,4.1000000000000005,42,215799.7255206,215799.7514677,25.481399992713705,25.94709998811595,20.680699992226437,3.6105999897699803,0.0,True,ok,3659,3659
5082,42,4.2,42,215799.7590139,215799.7838872,24.273499991977587,24.87329998984933,20.52009999169968,2.3298999876715243,0.0,True,ok,3989,3989
5083,43,4.3,42,215799.7927095,215799.8192776,25.584000017261133,26.5681000018958,22.266300016781315,2.07129999762401,0.0,True,ok,4294,4294
5084,44,4.4,42,215799.8257248,215799.8549163,28.54890000890009,29.191500012530014,24.29249999113381,2.887800015741959,0.0,True,ok,4623,4623
5085,45,4.5,42,215799.8591055,215799.8832271,23.55930002522655,24.121599999489263,19.804999988991767,2.4816999793983996,0.0,True,ok,4708,4708
5086,46,4.6000000000000005,42,215799.8921373,215799.9195713,26.970300008542836,27.434000017819926,22.729599993908778,2.1385999862104654,0.0,True,ok,4834,4834
5087,47,4.7,42,215799.9258272,215799.9554245,29.152399976737797,29.597299988381565,24.684499978320673,3.054399974644184,0.0,True,ok,4677,4677
5088,48,4.800000000000001,42,215799.9590484,215799.9870603,27.53870000015013,28.011899994453415,22.74730001226999,3.5509000008460134,0.0,True,ok,4591,4591
5089,49,4.9,42,215799.9925763,215800.016971,23.71890001813881,24.39470001263544,20.43280002544634,2.0046000136062503,0.0,True,ok,4442,4442
5090,50,5.0,42,215800.0258591,215800.0501098,23.771700012730435,24.25070002209395,20.257500000298023,2.2631000028923154,0.0,True,ok,4408,4408
5091,51,5.1000000000000005,42,215800.0590597,215800.0843554,24.4955999951344,25.29570000478998,19.567000010283664,3.523099992889911,0.0,True,ok,4418,4418
5092,52,5.2,42,215800.092929,215800.1187006,25.34860000014305,25.771599990548566,21.922500018263236,2.1789000020362437,0.0,True,ok,4600,4600
5093,53,5.300000000000001,42,215800.125495,215800.1508808,24.93220000178553,25.38580002146773,21.29360000253655,2.124899998307228,0.0,True,ok,4489,4489
5094,54,5.4,42,215800.1588778,215800.1842756,24.764200003119186,25.39780002553016,21.21069998247549,2.2641999821644276,0.0,True,ok,4625,4625
5095,55,5.5,42,215800.1924462,215800.219805,26.78750001359731,27.358799998182803,23.238599998876452,2.153599984012544,0.0,True,ok,4379,4379
5096,56,5.6000000000000005,42,215800.2258377,215800.2511252,24.63030000217259,25.287500000558794,21.317000006092712,2.0952000049874187,0.0,True,ok,4212,4212
5097,57,5.7,42,215800.2591369,215800.2935311,33.9869000017643,34.39420001814142,30.15659999800846,2.351999981328845,0.0,True,ok,4229,4229
5098,58,5.800000000000001,42,215800.2924271,215800.3183864,24.84510000795126,25.95929999370128,21.201000025030226,2.3355000012088567,0.0,True,ok,4294,4294
5099,59,5.9,42,215800.3260484,215800.3527988,26.281300000846386,26.75040002213791,22.697699983837083,2.2803000174462795,0.0,True,ok,4337,4337
5100,60,6.0,42,215800.3591626,215800.3842546,24.126900010742247,25.091999996220693,20.673200022429228,2.1954000112600625,0.0,True,ok,4334,4334
5101,61,6.1000000000000005,42,215800.3924697,215800.4190805,26.098100002855062,26.610800006892532,21.50410000467673,3.3131999953184277,0.0,True,ok,4169,4169
5102,62,6.2,42,215800.42584,215800.4518842,25.603300018701702,26.044199999887496,21.09070000005886,3.281399986008182,0.0,True,ok,4172,4172
5103,63,6.300000000000001,42,215800.4591534,215800.4849599,25.35780001198873,25.80649999435991,21.70399998431094,2.3825999815016985,0.0,True,ok,4147,4147
5104,64,6.4,42,215800.4922608,215800.5202227,27.495099988300353,27.961899992078543,23.80500000435859,2.443500008666888,0.0,True,ok,4178,4178
5105,65,6.5,42,215800.5255465,215800.5528913,26.412100007291883,27.344800007995218,22.733999998308718,2.259000000776723,0.0,True,ok,4169,4169
5106,66,6.6000000000000005,42,215800.5593446,215800.5862725,26.469199976418167,26.92789997672662,20.86109999800101,4.400500009069219,0.0,True,ok,4168,4168
5107,67,6.7,42,215800.5924515,215800.6217003,28.762999980244786,29.248799983179197,24.253199982922524,2.929399983258918,0.0,True,ok,4086,4086
5108,68,6.800000000000001,42,215800.6255325,215800.654731,28.599699988262728,29.198499978519976,23.756500013405457,3.4084999933838844,0.0,True,ok,4379,4379
5109,69,6.9,42,215800.6588003,215800.6852802,25.916900020092726,26.479899999685585,22.005799983162433,2.6502999826334417,0.0,True,ok,4282,4282
5110,70,7.0,42,215800.6924025,215800.717279,24.439600005280226,24.876500014215708,20.451099990168586,2.6997999812010676,0.0,True,ok,4247,4247
5111,71,7.1000000000000005,42,215800.7255993,215800.7508509,24.62699997704476,25.251599989132956,21.24629999161698,2.0773999858647585,0.0,True,ok,4354,4354
5112,72,7.2,42,215800.7588642,215800.7856146,26.15930000320077,26.75039999303408,22.234799980651587,2.578399988124147,0.0,True,ok,4628,4628
5113,73,7.300000000000001,42,215800.7924978,215800.8245208,31.4428000128828,32.02300000702962,27.39619999192655,2.5422000035177916,0.0,True,ok,4287,4287
5114,74,7.4,42,215800.8254485,215800.8493979,23.25969998491928,23.949399997945875,20.015399990370497,1.9912999996449798,0.0,True,ok,4455,4455
5115,75,7.5,42,215800.8590618,215800.8842812,24.72080002189614,25.219400005880743,21.222100011073053,2.222900016931817,0.0,True,ok,4560,4560
5116,76,7.6000000000000005,42,215800.8926277,215800.9188528,25.76489999773912,26.225100009469315,21.222999988822266,3.2709999941289425,0.0,True,ok,4662,4662
5117,77,7.7,42,215800.9257332,215800.952691,25.781100004678592,26.95780000067316,22.509700007503852,2.0443999965209514,0.0,True,ok,4381,4381
5118,78,7.800000000000001,42,215800.9590247,215800.9857611,26.161399990087375,26.736400002846494,22.257300006458536,2.610299998195842,0.0,True,ok,4350,4350
5119,79,7.9,42,215800.9927205,215801.0172461,23.79040000960231,24.525599990738556,20.38380000158213,2.1410000044852495,0.0,True,ok,4058,4058
5120,80,8.0,42,215801.0258389,215801.0523966,26.0407000023406,26.55769998091273,21.832099999301136,2.6394999877084047,0.0,True,ok,4074,4074
5121,81,8.1,42,215801.0587874,215801.0840834,24.792100011836737,25.296000007074326,21.179999981541187,2.364899992244318,0.0,True,ok,4079,4079
5122,82,8.200000000000001,42,215801.0925034,215801.1189892,25.468500010902062,26.485800015507266,22.03299998654984,2.138999989256263,0.0,True,ok,4288,4288
5123,83,8.3,42,215801.1254688,215801.1504189,24.4583000021521,24.95010002166964,21.027799986768514,2.1216000022832304,0.0,True,ok,4269,4269
5124,84,8.4,42,215801.1591614,215801.183366,23.44920000177808,24.204600020311773,20.154699974227697,1.958100008778274,0.0,True,ok,3996,3996
5125,85,8.5,42,215801.1920534,215801.2191517,26.413100014906377,27.09829999366775,22.891700005857274,2.2536999895237386,0.0,True,ok,4318,4318
5126,86,8.6,42,215801.2254967,215801.2513115,25.345300004119053,25.814799999352545,21.73529998981394,2.1393000206444412,0.0,True,ok,4410,4410
5127,87,8.700000000000001,42,215801.2590048,215801.2828573,23.380799975711852,23.85249998769723,19.93199999560602,2.1727999846916646,0.0,True,ok,4345,4345
5128,88,8.8,42,215801.2921972,215801.3172526,23.883000016212463,25.05540000856854,20.477000012760982,2.1283999958541244,0.0,True,ok,3995,3995
5129,89,8.9,42,215801.3259181,215801.3520972,25.63640000880696,26.179100008448586,22.306200000457466,2.0447999995667487,0.0,True,ok,4114,4114
5130,90,9.0,42,215801.3590796,215801.3867951,27.160500001627952,27.715500007616356,20.690300007117912,4.049000010127202,0.0,True,ok,4407,4407
5131,91,9.1,42,215801.3921544,215801.4180863,25.46449998044409,25.931899988790974,21.34229999501258,2.431200002320111,0.0,True,ok,4504,4504
5132,92,9.200000000000001,42,215801.4259541,215801.4520899,25.421099999221042,26.135799998883158,21.63609999115579,2.2216999786905944,0.0,True,ok,4602,4602
5133,93,9.3,42,215801.4590757,215801.4842182,24.681000009877607,25.142500002402812,20.918199996231124,2.3997999960556626,0.0,True,ok,4719,4719
5134,94,9.4,42,215801.4921439,215801.5173501,24.72230000421405,25.206200021784753,21.24179998645559,2.1744999976363033,0.0,True,ok,4623,4623
5135,95,9.5,42,215801.5258799,215801.5513091,24.688800011062995,25.429200002690777,21.08500001486391,2.1795000066049397,0.0,True,ok,4555,4555
5136,96,9.600000000000001,42,215801.5592154,215801.5859901,26.27939998637885,26.774700003443286,22.613100009039044,2.289700001711026,0.0,True,ok,4902,4902
5137,97,9.700000000000001,42,215801.5922241,215801.6164616,23.61689999816008,24.23750000889413,20.207099994877353,2.0963999850209802,0.0,True,ok,4793,4793
5138,98,9.8,42,215801.6258789,215801.6505042,24.113399995258078,24.625299993203953,20.512300019618124,2.198799978941679,0.0,True,ok,4857,4857
5139,99,9.9,42,215801.6587794,215801.6871888,27.82279998064041,28.409399994416162,24.055699992459267,2.3625000030733645,0.0,True,ok,4985,4985
5140,100,10.0,42,215801.6925149,215801.7177352,24.540700018405914,25.220300012733787,21.076600009109825,2.067900000838563,0.0,True,ok,4973,4973
5141,101,10.100000000000001,42,215801.7256175,215801.7520969,25.3606999758631,26.47939999587834,21.87269998830743,2.144600002793595,0.0,True,ok,4507,4507
5142,102,10.200000000000001,42,215801.7591887,215801.7832149,23.398399993311614,24.026200000662357,19.932299997890368,2.130000008037314,0.0,True,ok,4834,4834
5143,103,10.3,42,215801.7921478,215801.8171119,24.41980000003241,24.964099982753396,20.91859999927692,2.1068000060040504,0.0,True,ok,4943,4943
5144,104,10.4,42,215801.8253094,215801.8493938,23.456299997633323,24.084399978164583,19.926700013456866,2.165799989597872,0.0,True,ok,5082,5082
5145,105,10.5,42,215801.8588969,215801.8835642,23.94990000175312,24.66729999287054,20.121299981838092,2.1880999847780913,0.0,True,ok,4986,4986
5146,106,10.600000000000001,42,215801.8925313,215801.9179946,24.959899979876354,25.463300000410527,20.482400024775416,3.1026999931782484,0.0,True,ok,5037,5037
5147,107,10.700000000000001,42,215801.925823,215801.9508877,24.60039997822605,25.064699992071837,21.152200002688915,1.9920000049751252,0.0,True,ok,5162,5162
5148,108,10.8,42,215801.9590803,215801.9856461,25.91449997271411,26.565799984382465,22.165500005939975,2.2690999903716147,0.0,True,ok,4884,4884
5149,109,10.9,42,215801.992236,215802.0180067,25.08069999748841,25.770700012799352,21.548099990468472,2.1376000076998025,0.0,True,ok,4890,4890
5150,110,11.0,42,215802.025912,215802.0532276,26.86589999939315,27.315599989378825,20.894399989629164,3.460699983406812,0.0,True,ok,4848,4848
5151,111,11.100000000000001,42,215802.0590025,215802.0843146,24.83170002233237,25.312100013252348,21.196800022153184,2.1940000005997717,0.0,True,ok,5030,5030
5152,112,11.200000000000001,42,215802.0926491,215802.1174253,24.155799997970462,24.776200007181615,20.55419998941943,2.1416000090539455,0.0,True,ok,5114,5114
5153,113,11.3,42,215802.1257952,215802.1531281,26.842799998121336,27.33290000469424,22.601300006499514,2.8495999868027866,0.0,True,ok,5293,5293
5154,114,11.4,42,215802.1588719,215802.1846473,25.20499998354353,25.77539999037981,21.53359999647364,2.2709000040777028,0.0,True,ok,5423,5423
5155,115,11.5,42,215802.1925985,215802.2194084,26.34320000652224,26.80990000953898,22.645899996859953,2.2402000031434,0.0,True,ok,5340,5340
5156,116,11.600000000000001,42,215802.2259024,215802.2555529,29.210899985628203,29.650499986018986,25.515900022583082,2.3236999986693263,0.0,True,ok,5279,5279
5157,117,11.700000000000001,42,215802.2592063,215802.2886672,28.97419998771511,29.460899997502565,23.734999995213002,3.0636000155936927,0.0,True,ok,5498,5498
5158,118,11.8,42,215802.2922416,215802.3179039,25.177500006975606,25.662300002295524,21.48469997337088,2.2450999822467566,0.0,True,ok,5517,5517
5159,119,11.9,42,215802.3258167,215802.3498713,23.605399997904897,24.054599984083325,19.73810000345111,2.3765000223647803,0.0,True,ok,5266,5266
5160,0,0.0,43,215802.3611188,215802.3863172,24.743099987972528,25.198399991495535,20.944999996572733,2.446300000883639,0.0,True,ok,4708,4708
5161,1,0.1,43,215802.3924818,215802.4180886,25.15600001788698,25.6068000162486,21.240700007183477,2.3757000162731856,0.0,True,ok,4681,4681
5162,2,0.2,43,215802.4256868,215802.4524927,26.21859998907894,26.805899979081005,22.702100017340854,2.1754000044893473,0.0,True,ok,4360,4360
5163,3,0.30000000000000004,43,215802.4593033,215802.4851189,25.357199978316203,25.81559997634031,21.678199991583824,2.3034999903757125,0.0,True,ok,4532,4532
5164,4,0.4,43,215802.492345,215802.5174793,24.605700018582866,25.134299998171628,21.143399993889034,2.160800009733066,0.0,True,ok,4533,4533
5165,5,0.5,43,215802.5257181,215802.5533917,27.071399992564693,27.67360000871122,21.052900003269315,4.5402999967336655,0.0,True,ok,4334,4334
5166,6,0.6000000000000001,43,215802.5589507,215802.5844182,24.898699979530647,25.46749997418374,21.325599984265864,2.226099983090535,0.0,True,ok,4462,4462
5167,7,0.7000000000000001,43,215802.592454,215802.6207782,27.900900022359565,28.324200015049428,24.317300005350262,2.090699999826029,0.0,True,ok,4479,4479
5168,8,0.8,43,215802.6257005,215802.6508001,24.621999997179955,25.09959999588318,20.97059998777695,2.2437000006902963,0.0,True,ok,4534,4534
5169,9,0.9,43,215802.6590731,215802.6856052,26.08929999405518,26.532100018812343,22.609999985434115,2.155299996957183,0.0,True,ok,4491,4491
5170,10,1.0,43,215802.6922881,215802.721233,28.47219997784123,28.944899997441098,24.743599991779774,2.298499981407076,0.0,True,ok,4600,4600
5171,11,1.1,43,215802.7258963,215802.7548603,28.500999993411824,28.96399999735877,25.011899997480214,2.1246999967843294,0.0,True,ok,4781,4781
5172,12,1.2000000000000002,43,215802.7588387,215802.7831499,23.746199993183836,24.311199988005683,20.28150000842288,2.1028000046499074,0.0,True,ok,5044,5044
5173,13,1.3,43,215802.7925243,215802.8213401,28.313099988736212,28.81580000394024,24.35609998065047,2.5943000218831003,0.0,True,ok,4620,4620
5174,14,1.4000000000000001,43,215802.8256896,215802.8507435,24.57219999632798,25.0538999971468,20.835100003750995,2.290700009325519,0.0,True,ok,4785,4785
5175,15,1.5,43,215802.859215,215802.8840796,23.71619999757968,24.864599981810898,19.859899999573827,2.4160000029951334,0.0,True,ok,5045,5045
5176,16,1.6,43,215802.8924594,215802.9184533,25.546699995175004,25.993899995228276,21.74570001079701,2.342699997825548,0.0,True,ok,5382,5382
5177,17,1.7000000000000002,43,215802.9257945,215802.9520183,25.781100004678592,26.223799999570474,22.17670000391081,2.1388000168371946,0.0,True,ok,5312,5312
5178,18,1.8,43,215802.9590555,215802.98564,25.956700003007427,26.58450001035817,22.390400001313537,2.1210999984759837,0.0,True,ok,5363,5363
5179,19,1.9000000000000001,43,215802.9922126,215803.0180987,25.44210001360625,25.886100018396974,21.281099994666874,2.3065999848768115,0.0,True,ok,5455,5455
5180,20,2.0,43,215803.0258247,215803.0516797,25.226700003258884,25.855000014416873,21.444199985126033,2.278900006785989,0.0,True,ok,5508,5508
5181,21,2.1,43,215803.0592115,215803.084058,24.26850001211278,24.84650001861155,19.993800000520423,2.7145999774802476,0.0,True,ok,5300,5300
5182,22,2.2,43,215803.0923477,215803.1195977,26.294799987226725,27.249999984633178,22.26280001923442,2.3256000131368637,33.13620001426898,True,ok,5384,5384
5183,23,2.3000000000000003,43,215803.1258457,215803.1526605,26.267100009135902,26.814799988642335,20.814299990888685,3.7671000172849745,0.0,True,ok,5355,5355
5184,24,2.4000000000000004,43,215803.1588924,215803.1883215,28.970199986360967,29.42909998819232,23.354100005235523,4.20919997850433,0.0,True,ok,5072,5072
5185,25,2.5,43,215803.192521,215803.2195617,26.58309999969788,27.04070002073422,22.332699998514727,2.841300010913983,0.0,True,ok,4851,4851
5186,26,2.6,43,215803.2257351,215803.2515469,25.168799998937175,25.811800005612895,21.672199975000694,2.0846000115852803,0.0,True,ok,4933,4933
5187,27,2.7,43,215803.2592659,215803.2833259,23.412700014887378,24.05999999609776,19.855299993650988,2.13199999416247,0.0,True,ok,4889,4889
5188,28,2.8000000000000003,43,215803.2925578,215803.3176743,24.641399999381974,25.116499979048967,20.937299996148795,2.299899992067367,0.0,True,ok,4508,4508
5189,29,2.9000000000000004,43,215803.3259941,215803.3529718,26.339300005929545,26.977699977578595,22.789600014220923,2.0411000004969537,0.0,True,ok,4516,4516
5190,30,3.0,43,215803.3588158,215803.3843912,25.086999987252057,25.57540000998415,21.225699980277568,2.4006000021472573,0.0,True,ok,4326,4326
5191,31,3.1,43,215803.3922781,215803.4172499,24.367300007725134,24.971800012281165,20.864500023890287,2.10679997690022,0.0,True,ok,4407,4407
5192,32,3.2,43,215803.4255614,215803.4501496,24.00499998475425,24.588199972640723,20.676100015407428,1.979099994059652,0.0,True,ok,4113,4113
5193,33,3.3000000000000003,43,215803.4592657,215803.4864773,26.735099992947653,27.211600012378767,21.599400002742186,3.758100006962195,0.0,True,ok,4211,4211
5194,34,3.4000000000000004,43,215803.49234,215803.5204049,27.25429998827167,28.064899990567937,23.50700000533834,2.407899999525398,0.0,True,ok,4198,4198
5195,35,3.5,43,215803.5259473,215803.5512136,24.84779999940656,25.266300013754517,21.261699992464855,2.2520000056829304,0.0,True,ok,4125,4125
5196,36,3.6,43,215803.5589738,215803.5846204,24.57560002221726,25.6465999991633,20.916200010105968,2.350700000533834,0.0,True,ok,4267,4267
5197,37,3.7,43,215803.5922824,215803.6172418,24.49969999724999,24.959400005172938,21.032299991929904,2.024899993557483,0.0,True,ok,3805,3805
5198,38,3.8000000000000003,43,215803.625588,215803.6500158,23.873400001320988,24.427800002740696,20.198200014419854,2.3474000045098364,0.0,True,ok,3921,3921
5199,39,3.9000000000000004,43,215803.6591556,215803.6833305,23.70260001043789,24.174899997888133,19.91989999078214,2.457399998093024,0.0,True,ok,3864,3864
5200,40,4.0,43,215803.6922104,215803.7186351,25.805000012042,26.424699986819178,22.230500006116927,2.1118000149726868,0.0,True,ok,3828,3828
5201,41,4.1000000000000005,43,215803.7257393,215803.7530479,26.73110002069734,27.308600023388863,22.842500009573996,2.4726999981794506,0.0,True,ok,3659,3659
5202,42,4.2,43,215803.7591236,215803.7911943,31.185100000584498,32.07069999189116,27.65860001090914,2.156699978513643,0.0,True,ok,3989,3989
5203,43,4.3,43,215803.7926443,215803.81802,24.832800001604483,25.37570000276901,21.311799995601177,2.157700015231967,0.0,True,ok,4294,4294
5204,44,4.4,43,215803.8255261,215803.852142,26.023999991593882,26.615899987518787,22.2209999919869,2.2597000061068684,0.0,True,ok,4623,4623
5205,45,4.5,43,215803.8590182,215803.8842179,24.061699979938567,25.199700001394376,19.935499993152916,2.720499993301928,0.0,True,ok,4708,4708
5206,46,4.6000000000000005,43,215803.8921642,215803.9176241,25.02999998978339,25.45990000362508,21.433499990962446,2.13500001700595,0.0,True,ok,4834,4834
5207,47,4.7,43,215803.9256951,215803.9508871,24.585400009527802,25.192000000970438,20.344899996416643,2.7150999812874943,0.0,True,ok,4677,4677
5208,48,4.800000000000001,43,215803.9588708,215803.9890433,29.705900000408292,30.172500002663583,25.92529999674298,2.426500024739653,0.0,True,ok,4591,4591
5209,49,4.9,43,215803.9925047,215804.0197723,26.782300003105775,27.26760000223294,22.76200000778772,2.130000008037314,0.0,True,ok,4442,4442
5210,50,5.0,43,215804.0257819,215804.05391,27.475699986098334,28.1280999770388,22.61049998924136,3.5023999807890505,0.0,True,ok,4408,4408
5211,51,5.1000000000000005,43,215804.0591814,215804.0878623,28.17419997882098,28.68089999537915,24.40930000739172,2.270000026328489,0.0,True,ok,4418,4418
5212,52,5.2,43,215804.0922811,215804.1195448,26.802499982295558,27.263700001640245,21.491199993761256,3.923500014934689,0.0,True,ok,4600,4600
5213,53,5.300000000000001,43,215804.1255096,215804.1508162,24.890200002118945,25.306600000476465,20.9644999995362,2.5289000186603516,33.22850001859479,True,ok,4489,4489
5214,54,5.4,43,215804.1587973,215804.1838939,24.660099996253848,25.0965999730397,20.926999975927174,2.333400014322251,0.0,True,ok,4625,4625
5215,55,5.5,43,215804.1921677,215804.2167181,23.87920001638122,24.55040000495501,20.218999998178333,2.2866999788675457,0.0,True,ok,4379,4379
5216,56,5.6000000000000005,43,215804.2255188,215804.2502106,24.23909999197349,24.691800004802644,20.904599979985505,1.9817999855149537,0.0,True,ok,4212,4212
5217,57,5.7,43,215804.2589007,215804.2875873,27.684400003636256,28.68660000967793,23.952399991685525,2.3133000067900866,0.0,True,ok,4229,4229
5218,58,5.800000000000001,43,215804.2924917,215804.3192847,26.210000010905787,26.792999997269362,21.543000009842217,2.3539999965578318,0.0,True,ok,4294,4294
5219,59,5.9,43,215804.3259045,215804.3523094,25.260200025513768,26.404900010675192,21.43449999857694,2.3772000276949257,0.0,True,ok,4337,4337
5220,60,6.0,43,215804.3589529,215804.3838809,24.484199995640665,24.92799999890849,20.244199986336753,2.744400000665337,0.0,True,ok,4334,4334
5221,61,6.1000000000000005,43,215804.3926197,215804.4184964,25.33830000902526,25.876700005028397,21.766599995316938,2.1883999870624393,0.0,True,ok,4169,4169
5222,62,6.2,43,215804.425571,215804.4511454,24.93549999780953,25.574400002369657,21.369900001445785,2.107900014379993,0.0,True,ok,4172,4172
5223,63,6.300000000000001,43,215804.4589231,215804.4834114,23.97680000285618,24.488299997756258,20.266499981516972,2.2677000088151544,0.0,True,ok,4147,4147
5224,64,6.4,43,215804.4925265,215804.5168969,23.67910000612028,24.370400002226233,20.160800020676106,2.1231999853625894,0.0,True,ok,4178,4178
5225,65,6.5,43,215804.5255503,215804.5517032,25.660700019216165,26.152900012675673,22.14109999476932,2.146699989680201,0.0,True,ok,4169,4169
5226,66,6.6000000000000005,43,215804.5589629,215804.5842009,24.75309997680597,25.238000001991168,20.68330001202412,2.1529000077862293,0.0,True,ok,4168,4168
5227,67,6.7,43,215804.5925228,215804.6169588,23.87190001900308,24.43600000697188,20.06370000890456,2.3207000049296767,0.0,True,ok,4086,4086
5228,68,6.800000000000001,43,215804.625893,215804.6518816,25.53109999280423,25.98860001307912,21.802399976877496,2.298499981407076,0.0,True,ok,4379,4379
5229,69,6.9,43,215804.6592659,215804.6837627,24.033599998801947,24.49680000427179,20.4772999859415,2.001400018343702,0.0,True,ok,4282,4282
5230,70,7.0,43,215804.6922617,215804.7197772,26.767300005303696,27.515499998116866,23.09669999522157,2.2748000046703964,0.0,True,ok,4247,4247
5231,71,7.1000000000000005,43,215804.7259957,215804.7502606,23.58400000957772,24.264900013804436,19.87290001125075,2.226399985374883,0.0,True,ok,4354,4354
5232,72,7.2,43,215804.7588819,215804.7860297,26.696499990066513,27.147799992235377,23.189700004877523,2.1087999921292067,0.0,True,ok,4628,4628
5233,73,7.300000000000001,43,215804.7922803,215804.820219,27.46019998448901,27.93869999004528,21.593500016024336,4.409400018630549,0.0,True,ok,4287,4287
5234,74,7.4,43,215804.8256556,215804.8510445,24.755100021138787,25.38890001596883,20.969699980923906,2.3219000140670687,0.0,True,ok,4455,4455
5235,75,7.5,43,215804.8591422,215804.8858681,26.244500011671335,26.725900010205805,22.554900002432987,2.1004000154789537,0.0,True,ok,4560,4560
5236,76,7.6000000000000005,43,215804.8925308,215804.923688,30.568200018024072,31.157200020970777,24.664700002176687,4.053399985423312,0.0,True,ok,4662,4662
5237,77,7.7,43,215804.9255919,215804.9531981,27.149400004418567,27.606199990259483,23.074900003848597,2.6314000133424997,0.0,True,ok,4381,4381
5238,78,7.800000000000001,43,215804.958968,215804.9875398,27.679699996951967,28.571800008649006,23.49110000068322,2.000899985432625,0.0,True,ok,4350,4350
5239,79,7.9,43,215804.9925688,215805.018247,25.195199996232986,25.678200006950647,21.67159999953583,2.023300010478124,0.0,True,ok,4058,4058
5240,80,8.0,43,215805.0255997,215805.0526954,26.598500000545755,27.0957000029739,22.515200020279735,2.543800015700981,0.0,True,ok,4074,4074
5241,81,8.1,43,215805.0589394,215805.0849667,25.562900002114475,26.02729998761788,21.82860000175424,2.2954000160098076,0.0,True,ok,4079,4079
5242,82,8.200000000000001,43,215805.0920909,215805.1201882,27.57249999558553,28.09730000444688,24.156700004823506,2.0200000144541264,0.0,True,ok,4288,4288
5243,83,8.3,43,215805.1256745,215805.1519474,25.15940001467243,26.272899995092303,20.24149999488145,3.48620000295341,0.0,True,ok,4269,4269
5244,84,8.4,43,215805.1593056,215805.18492,25.14310000697151,25.614399986807257,21.34530001785606,2.3127000022213906,0.0,True,ok,3996,3996
5245,85,8.5,43,215805.1922655,215805.2198261,27.10019997903146,27.56059999228455,23.36329998797737,2.3071999894455075,0.0,True,ok,4318,4318
5246,86,8.6,43,215805.2257409,215805.2576688,31.02900000521913,31.927900010487065,27.356999984476715,1.9806000054813921,0.0,True,ok,4410,4410
5247,87,8.700000000000001,43,215805.2592057,215805.2890376,29.33880002819933,29.831900028511882,24.962399998912588,2.5670999893918633,0.0,True,ok,4345,4345
5248,88,8.8,43,215805.2922805,215805.3178039,25.085500004934147,25.52339999238029,21.427899977425113,2.2370000078808516,0.0,True,ok,3995,3995
5249,89,8.9,43,215805.3260584,215805.3503692,23.64470000611618,24.310799984959885,20.14530001906678,2.085100015392527,0.0,True,ok,4114,4114
5250,90,9.0,43,215805.3590543,215805.3846324,24.967600009404123,25.578100001439452,20.919100003084168,2.650500013260171,0.0,True,ok,4407,4407
5251,91,9.1,43,215805.3923178,215805.4175276,24.566999985836446,25.209799990989268,20.845399994868785,2.207300014561042,0.0,True,ok,4504,4504
5252,92,9.200000000000001,43,215805.4257664,215805.4574399,31.20090000447817,31.67349999421276,27.063899993663654,2.655899996170774,0.0,True,ok,4602,4602
5253,93,9.3,43,215805.4591947,215805.4869303,27.262199990218505,27.73559998604469,20.86839999537915,4.6901000023353845,0.0,True,ok,4719,4719
5254,94,9.4,43,215805.4924479,215805.517257,24.309100001119077,24.809099995763972,20.26390001992695,2.598399994894862,0.0,True,ok,4623,4623
5255,95,9.5,43,215805.5257264,215805.5545474,27.790899999672547,28.821000014431775,23.711100016953424,2.540499990573153,0.0,True,ok,4555,4555
5256,96,9.600000000000001,43,215805.5592905,215805.5877744,28.001999977277592,28.48389997961931,21.04589997907169,5.432200006907806,0.0,True,ok,4902,4902
5257,97,9.700000000000001,43,215805.5924668,215805.6172247,24.28919999510981,24.757899984251708,20.55429999018088,2.158399991458282,0.0,True,ok,4793,4793
5258,98,9.8,43,215805.6255543,215805.6503172,24.291799985803664,24.762899993220344,19.97359999222681,2.818800014210865,0.0,True,ok,4857,4857
5259,99,9.9,43,215805.6590188,215805.684482,24.858700024196878,25.463199999649078,21.316600003046915,2.1302999812178314,0.0,True,ok,4985,4985
5260,100,10.0,43,215805.6926277,215805.7167956,23.68959999876097,24.16790000279434,20.080500020412728,2.1203999931458384,0.0,True,ok,4973,4973
5261,101,10.100000000000001,43,215805.7256762,215805.7517973,25.386699999216944,26.121100003365427,21.839499997440726,2.0827999978791922,0.0,True,ok,4507,4507
5262,102,10.200000000000001,43,215805.7591804,215805.7879268,28.27959999558516,28.746399999363348,22.799999976996332,4.047299997182563,0.0,True,ok,4834,4834
5263,103,10.3,43,215805.7924047,215805.8187375,25.675799988675863,26.332799985539168,21.574299986241385,2.6292999973520637,0.0,True,ok,4943,4943
5264,104,10.4,43,215805.8256614,215805.8509717,24.854300019796938,25.31029999954626,21.072500006994233,2.316999976756051,0.0,True,ok,5082,5082
5265,105,10.5,43,215805.8587864,215805.8825167,23.28059999854304,23.730299988528714,19.60440000402741,2.189499995438382,0.0,True,ok,4986,4986
5266,106,10.600000000000001,43,215805.8924968,215805.9176967,24.713499995414168,25.199900002917275,21.100400015711784,2.127999992808327,0.0,True,ok,5037,5037
5267,107,10.700000000000001,43,215805.925562,215805.950736,24.61560000665486,25.17400000942871,20.735700003569946,2.135899994755164,0.0,True,ok,5162,5162
5268,108,10.8,43,215805.9589069,215805.9845673,25.20500001264736,25.660400016931817,21.616999991238117,2.185499994084239,0.0,True,ok,4884,4884
5269,109,10.9,43,215805.9924248,215806.0241156,31.06190002290532,31.690800009528175,27.41880001849495,2.2398000000976026,0.0,True,ok,4890,4890
5270,110,11.0,43,215806.0257768,215806.0498712,23.58000000822358,24.094399996101856,19.99139998224564,2.242099988507107,0.0,True,ok,4848,4848
5271,111,11.100000000000001,43,215806.0589423,215806.0841338,24.56079999683425,25.19149999716319,20.478099992033094,2.505300013581291,0.0,True,ok,5030,5030
5272,112,11.200000000000001,43,215806.0926102,215806.1192643,25.72800000780262,26.65410001645796,22.131900012027472,2.013100020121783,0.0,True,ok,5114,5114
5273,113,11.3,43,215806.1259157,215806.1510046,24.114899977575988,25.088900001719594,20.38699999684468,2.2364999749697745,0.0,True,ok,5293,5293
5274,114,11.4,43,215806.1588457,215806.1852712,25.77519998885691,26.425499992910773,21.606900001643226,2.659299992956221,0.0,True,ok,5423,5423
5275,115,11.5,43,215806.1925907,215806.217494,24.34299999731593,24.903300014557317,20.48340000328608,2.2889999963808805,0.0,True,ok,5340,5340
5276,116,11.600000000000001,43,215806.2256627,215806.2511966,25.054900004761294,25.53390001412481,21.292999997967854,2.29800000670366,0.0,True,ok,5279,5279
5277,117,11.700000000000001,43,215806.2588572,215806.2852642,25.949400005629286,26.406999997561797,21.839299995917827,2.3278000007849187,0.0,True,ok,5498,5498
5278,118,11.8,43,215806.2925473,215806.319157,26.13859999109991,26.60969999851659,21.97209998848848,2.6769999822136015,0.0,True,ok,5517,5517
5279,119,11.9,43,215806.3258598,215806.3513625,25.029899989021942,25.50269998027943,20.342900010291487,3.190899995388463,0.0,True,ok,5266,5266
5280,0,0.0,44,215806.3623798,215806.3876252,24.739400018006563,25.245400000130758,20.839900011196733,2.545099996495992,0.0,True,ok,4708,4708
5281,1,0.1,44,215806.3925982,215806.4168703,23.85239998693578,24.272099981317297,20.31560000614263,2.114700007950887,0.0,True,ok,4681,4681
5282,2,0.2,44,215806.425593,215806.4493974,23.317999992286786,23.804399999789894,19.83269999618642,2.112100017257035,0.0,True,ok,4360,4360
5283,3,0.30000000000000004,44,215806.4592455,215806.4842109,24.484399997163564,24.965399992652237,20.76759998453781,2.278900006785989,0.0,True,ok,4532,4532
5284,4,0.4,44,215806.4922464,215806.5176695,24.65989999473095,25.423099985346198,21.09390002442524,2.1600000036414713,0.0,True,ok,4533,4533
5285,5,0.5,44,215806.5256313,215806.5524764,26.171799981966615,26.84509998653084,22.426000010455027,2.3904000117909163,0.0,True,ok,4334,4334
5286,6,0.6000000000000001,44,215806.5588523,215806.5835252,24.228399997809902,24.672900006407872,20.47440002206713,2.15869999374263,0.0,True,ok,4462,4462
5287,7,0.7000000000000001,44,215806.5924346,215806.6177078,24.80970000033267,25.27320000808686,21.060099999886006,2.3719000164419413,0.0,True,ok,4479,4479
5288,8,0.8,44,215806.6258176,215806.6547708,28.522700013127178,28.953200002433732,23.417499993229285,2.5468999810982496,0.0,True,ok,4534,4534
5289,9,0.9,44,215806.6591367,215806.6842091,24.66570000979118,25.072399992495775,20.888500002911314,2.317400008905679,0.0,True,ok,4491,4491
5290,10,1.0,44,215806.692174,215806.7166742,23.996700008865446,24.500200001057237,20.2642000222113,2.3289000091608614,0.0,True,ok,4600,4600
5291,11,1.1,44,215806.7258621,215806.7503637,24.03910001157783,24.501600011717528,20.49049999914132,2.1063000021968037,0.0,True,ok,4781,4781
5292,12,1.2000000000000002,44,215806.7588654,215806.7863686,27.05100001185201,27.50319999177009,22.057199996197596,3.2223000016529113,0.0,True,ok,5044,5044
5293,13,1.3,44,215806.7925933,215806.8235874,30.44259999296628,30.994100001407787,25.835900014499202,2.819899993482977,0.0,True,ok,4620,4620
5294,14,1.4000000000000001,44,215806.825548,215806.8548791,28.658099996391684,29.33109999867156,25.031299999682233,2.211899991380051,0.0,True,ok,4785,4785
5295,15,1.5,44,215806.8590977,215806.888013,28.31169997807592,28.915299975778908,22.650099999736995,4.074199998285621,0.0,True,ok,5045,5045
5296,16,1.6,44,215806.8925155,215806.9204805,27.473699999973178,27.965000015683472,23.595700011355802,2.1932999952696264,0.0,True,ok,5382,5382
5297,17,1.7000000000000002,44,215806.9259516,215806.9560405,29.62479999405332,30.088900006376207,25.682500010589138,2.2981000074651092,0.0,True,ok,5312,5312
5298,18,1.8,44,215806.958878,215806.9844343,24.857899989001453,25.55629998096265,21.173000015551224,2.2222000116016716,0.0,True,ok,5363,5363
5299,19,1.9000000000000001,44,215806.9925024,215807.0184164,25.283299997681752,25.913999998010695,21.574499987764284,2.2785999753978103,0.0,True,ok,5455,5455
5300,20,2.0,44,215807.0258154,215807.0595394,33.27800001716241,33.72400000807829,29.443600011290982,2.3204000026453286,0.0,True,ok,5508,5508
5301,21,2.1,44,215807.0589454,215807.0831252,23.380900005577132,24.17980000609532,19.726500002434477,2.150999993318692,0.0,True,ok,5300,5300
5302,22,2.2,44,215807.0925009,215807.1215232,28.55790001922287,29.022300004726276,22.796500008553267,3.700300003401935,0.0,True,ok,5384,5384
5303,23,2.3000000000000003,44,215807.1258215,215807.1538966,27.568999998038635,28.07510001002811,23.863100010203198,2.2960000205785036,0.0,True,ok,5355,5355
5304,24,2.4000000000000004,44,215807.1588983,215807.1840872,24.65520001715049,25.18890000646934,20.928399986587465,2.3104000138118863,0.0,True,ok,5072,5072
5305,25,2.5,44,215807.1926251,215807.2171977,23.900100000901148,24.57259999937378,20.00930000212975,2.3404999810736626,0.0,True,ok,4851,4851
5306,26,2.6,44,215807.2254693,215807.2508364,24.879799981135875,25.367099995492026,21.120999997947365,2.3267999931704253,0.0,True,ok,4933,4933
5307,27,2.7,44,215807.2588208,215807.282943,23.693099996307865,24.12220000405796,20.116600004257634,2.1715000038966537,0.0,True,ok,4889,4889
5308,28,2.8000000000000003,44,215807.2924256,215807.3200369,27.147899992996827,27.61129999998957,23.025200003758073,2.6846000109799206,0.0,True,ok,4508,4508
5309,29,2.9000000000000004,44,215807.3257179,215807.3496013,23.38729999610223,23.88339999015443,19.8787999979686,2.1434999944176525,0.0,True,ok,4516,4516
5310,30,3.0,44,215807.3590342,215807.3844716,24.977199995191768,25.437400006921962,21.39749997877516,2.151699998648837,0.0,True,ok,4326,4326
5311,31,3.1,44,215807.3925904,215807.4204642,27.151199989020824,27.873799990629777,23.810299986507744,1.9863999914377928,0.0,True,ok,4407,4407
5312,32,3.2,44,215807.4260781,215807.459076,32.353199989302084,32.99790000892244,28.805000009015203,2.217800007201731,0.0,True,ok,4113,4113
5313,33,3.3000000000000003,44,215807.4591048,215807.4827604,23.112499999115244,23.655600001802668,19.83099998324178,1.965800009202212,0.0,True,ok,4211,4211
5314,34,3.4000000000000004,44,215807.492183,215807.5188385,25.76940000290051,26.65549999801442,22.110999998403713,2.170000021578744,0.0,True,ok,4198,4198
5315,35,3.5,44,215807.5257166,215807.5519055,25.715600000694394,26.18889999575913,21.29800000693649,3.004099999088794,0.0,True,ok,4125,4125
5316,36,3.6,44,215807.5589458,215807.5856996,26.296399999409914,26.753799989819527,22.138600004836917,2.9393000004347414,0.0,True,ok,4267,4267
5317,37,3.7,44,215807.5922878,215807.6189391,26.19050000794232,26.65129999513738,22.678100009215996,2.2228999878279865,0.0,True,ok,3805,3805
5318,38,3.8000000000000003,44,215807.6255235,215807.6529813,26.849199988646433,27.457799995318055,23.354100005235523,2.211200015153736,0.0,True,ok,3921,3921
5319,39,3.9000000000000004,44,215807.6589105,215807.6850463,25.6465999991633,26.135799998883158,21.795099979499355,2.567500021541491,0.0,True,ok,3864,3864
5320,40,4.0,44,215807.6923427,215807.7222775,29.34929999173619,29.934799997135997,25.681300001451746,2.282700006617233,0.0,True,ok,3828,3828
5321,41,4.1000000000000005,44,215807.7256814,215807.7511015,24.949100014055148,25.42009999160655,20.890999992843717,2.651400020113215,0.0,True,ok,3659,3659
5322,42,4.2,44,215807.7590394,215807.789796,30.010499991476536,30.7565999974031,26.344000012613833,2.345700020669028,0.0,True,ok,3989,3989
5323,43,4.3,44,215807.7923952,215807.8185787,25.578800006769598,26.183500012848526,21.47460001287982,2.6962000119965523,0.0,True,ok,4294,4294
5324,44,4.4,44,215807.8255518,215807.8539493,27.684600005159155,28.397500020219013,23.986600019270554,2.2705999726895243,0.0,True,ok,4623,4623
5325,45,4.5,44,215807.8591587,215807.883374,23.55610000086017,24.21529998537153,19.779800000833347,2.4656000023242086,0.0,True,ok,4708,4708
5326,46,4.6000000000000005,44,215807.8920699,215807.9190037,26.4123999804724,26.933799992548302,22.846700012451038,2.1980000019539148,0.0,True,ok,4834,4834
5327,47,4.7,44,215807.9254484,215807.9538643,27.849300007801503,28.41590001480654,22.73799999966286,3.226800006814301,0.0,True,ok,4677,4677
5328,48,4.800000000000001,44,215807.9590346,215807.9865327,26.990799990016967,27.498099982040003,23.331400007009506,2.297700004419312,0.0,True,ok,4591,4591
5329,49,4.9,44,215807.9922626,215808.0195753,26.801599975442514,27.312699996400625,23.400999984005466,2.088800014462322,0.0,True,ok,4442,4442
5330,50,5.0,44,215808.0259744,215808.0548545,28.416299988748506,28.880099998787045,24.048299994319677,2.364499989198521,0.0,True,ok,4408,4408
5331,51,5.1000000000000005,44,215808.0589905,215808.0860905,26.62310001323931,27.10000000661239,22.672100021736696,2.636799996253103,0.0,True,ok,4418,4418
5332,52,5.2,44,215808.0926768,215808.1191502,26.019099983386695,26.47339997929521,20.294599991757423,3.997100022388622,0.0,True,ok,4600,4600
5333,53,5.300000000000001,44,215808.1256991,215808.1509646,24.703700008103624,25.265500007662922,20.91270001255907,2.4560999881941825,0.0,True,ok,4489,4489
5334,54,5.4,44,215808.1591066,215808.1852803,25.624800007790327,26.173699996434152,21.988199994666502,2.347600006032735,0.0,True,ok,4625,4625
5335,55,5.5,44,215808.192267,215808.2164336,23.586700001033023,24.1665999928955,19.822800008114427,2.321100007975474,0.0,True,ok,4379,4379
5336,56,5.6000000000000005,44,215808.2258227,215808.2516536,25.37979997578077,25.830899976426736,21.578500018222257,2.227599994512275,0.0,True,ok,4212,4212
5337,57,5.7,44,215808.2587468,215808.2829564,23.577600019052625,24.20960000017658,20.032100001117215,2.2868000087328255,0.0,True,ok,4229,4229
5338,58,5.800000000000001,44,215808.2924015,215808.3169189,23.857499996665865,24.5174000156112,20.26560000376776,2.279500011354685,0.0,True,ok,4294,4294
5339,59,5.9,44,215808.3258982,215808.3526112,26.095900015207008,26.712999999290332,22.420499997679144,2.349499991396442,0.0,True,ok,4337,4337
5340,60,6.0,44,215808.3589548,215808.386574,27.14449999621138,27.619200001936406,23.13850002246909,2.7415999793447554,0.0,True,ok,4334,4334
5341,61,6.1000000000000005,44,215808.3921605,215808.4178244,25.184700003592297,25.663900014478713,21.720899996580556,2.171199972508475,0.0,True,ok,4169,4169
5342,62,6.2,44,215808.4256996,215808.4524103,26.038899988634512,26.710700010880828,22.282500023720786,2.4138999870046973,0.0,True,ok,4172,4172
5343,63,6.300000000000001,44,215808.4594128,215808.4844315,24.42259999224916,25.018699991051108,20.301999989897013,2.844899980118498,0.0,True,ok,4147,4147
5344,64,6.4,44,215808.4922584,215808.5183485,25.025099981576204,26.090100000146776,21.669000008841977,2.0819000201299787,0.0,True,ok,4178,4178
5345,65,6.5,44,215808.5257211,215808.5547395,28.48069998435676,29.01839997502975,24.704000010387972,2.4372999905608594,0.0,True,ok,4169,4169
5346,66,6.6000000000000005,44,215808.5588839,215808.5862991,26.5060999954585,27.415199991082773,23.058999999193475,2.0305999787524343,0.0,True,ok,4168,4168
5347,67,6.7,44,215808.5925683,215808.6166928,23.664699983783066,24.124499992467463,20.311900007072836,2.1003999863751233,0.0,True,ok,4086,4086
5348,68,6.800000000000001,44,215808.625501,215808.6512799,25.11299998150207,25.778899987926707,20.708900003228337,2.3130000045057386,0.0,True,ok,4379,4379
5349,69,6.9,44,215808.6591062,215808.6875235,27.94480000738986,28.417299996363,24.051399988820776,2.431999979307875,0.0,True,ok,4282,4282
5350,70,7.0,44,215808.6924066,215808.7169879,24.074099987046793,24.58130000741221,19.89060000050813,2.731100015807897,0.0,True,ok,4247,4247
5351,71,7.1000000000000005,44,215808.7255245,215808.7501486,23.995099996682256,24.62409998406656,19.388799992157146,2.4332999892067164,0.0,True,ok,4354,4354
5352,72,7.2,44,215808.7591809,215808.78601,26.366300007794052,26.8291000102181,21.56039999681525,3.5211000067647547,0.0,True,ok,4628,4628
5353,73,7.300000000000001,44,215808.7921648,215808.8174925,24.306300008902326,25.327700015623122,20.907300000544637,2.144900005077943,0.0,True,ok,4287,4287
5354,74,7.4,44,215808.8257,215808.8495197,23.33399999770336,23.81969999987632,19.93189999484457,2.1163999917916954,0.0,True,ok,4455,4455
5355,75,7.5,44,215808.8591473,215808.8866366,26.23169997241348,27.489299973240122,20.696999999927357,4.086399974767119,0.0,True,ok,4560,4560
5356,76,7.6000000000000005,44,215808.8924714,215808.9196037,26.383599994005635,27.132299990626052,22.86719999392517,2.21950002014637,0.0,True,ok,4662,4662
5357,77,7.7,44,215808.9255976,215808.9534729,27.272900013485923,27.875300002051517,24.05379997799173,2.003900008276105,0.0,True,ok,4381,4381
5358,78,7.800000000000001,44,215808.9589005,215808.9833364,23.85510000749491,24.43590000621043,20.25209998828359,2.33499999740161,0.0,True,ok,4350,4350
5359,79,7.9,44,215808.9924735,215809.0204564,27.279600006295368,27.98290000646375,23.895699996501207,2.0761000050697476,0.0,True,ok,4058,4058
5360,80,8.0,44,215809.0255073,215809.049645,23.467499995604157,24.137700005667284,20.097200002055615,2.092899987474084,0.0,True,ok,4074,4074
5361,81,8.1,44,215809.059088,215809.0836381,23.93080000183545,24.55010000267066,20.52289998391643,2.1687999833375216,0.0,True,ok,4079,4079
5362,82,8.200000000000001,44,215809.0925981,215809.1180675,24.676900007762015,25.469400017755106,20.77649999409914,2.144199999747798,0.0,True,ok,4288,4288
5363,83,8.3,44,215809.1255364,215809.1516787,25.525900011416525,26.142299990169704,22.126600000774488,2.153299981728196,0.0,True,ok,4269,4269
5364,84,8.4,44,215809.1590031,215809.1855457,26.075100002344698,26.542599982349202,20.883999997749925,4.0484999772161245,0.0,True,ok,3996,3996
5365,85,8.5,44,215809.1922716,215809.2187301,25.952700001653284,26.45849998225458,21.660300000803545,3.032400010852143,0.0,True,ok,4318,4318
5366,86,8.6,44,215809.225524,215809.2528064,26.772100012749434,27.28239999851212,23.480000003473833,2.0237999851815403,0.0,True,ok,4410,4410
5367,87,8.700000000000001,44,215809.2588809,215809.283922,24.46129999589175,25.041100016096607,21.0330999980215,2.003000001423061,0.0,True,ok,4345,4345
5368,88,8.8,44,215809.2922934,215809.3180726,24.37540001119487,25.779199990211055,20.347300014691427,2.497000008588657,0.0,True,ok,3995,3995
5369,89,8.9,44,215809.3257838,215809.3505086,24.016000010306016,24.72479999414645,20.574699999997392,2.1096999989822507,0.0,True,ok,4114,4114
5370,90,9.0,44,215809.3589088,215809.3825878,23.189100000308827,23.67900000535883,19.747399986954406,2.2182999819051474,0.0,True,ok,4407,4407
5371,91,9.1,44,215809.3923272,215809.4167197,23.380500002531335,24.392499995883554,19.704599981196225,2.3987999884411693,0.0,True,ok,4504,4504
5372,92,9.200000000000001,44,215809.4258855,215809.4495403,23.08949999860488,23.654799995711073,19.60170001257211,2.2530000132974237,0.0,True,ok,4602,4602
5373,93,9.3,44,215809.4588443,215809.4826299,23.097299999790266,23.78560000215657,19.630700000561774,2.178099995944649,0.0,True,ok,4719,4719
5374,94,9.4,44,215809.4921941,215809.5177398,24.968500016257167,25.54570001666434,21.378899982664734,2.1991000103298575,0.0,True,ok,4623,4623
5375,95,9.5,44,215809.5255878,215809.5537103,27.62140001868829,28.12250002170913,24.09660001285374,2.2712000063620508,0.0,True,ok,4555,4555
5376,96,9.600000000000001,44,215809.5588343,215809.5868804,27.3592000012286,28.046099992934614,23.79610002390109,2.15869999374263,0.0,True,ok,4902,4902
5377,97,9.700000000000001,44,215809.5922247,215809.6169058,24.100600014207885,24.681100010639057,20.733100012876093,2.070999995339662,0.0,True,ok,4793,4793
5378,98,9.8,44,215809.6254322,215809.6505712,24.62440001545474,25.139000004855916,21.316700003808364,1.9690000044647604,0.0,True,ok,4857,4857
5379,99,9.9,44,215809.6588937,215809.6848375,25.22860001772642,25.943800021195784,21.730300009949133,2.0145000016782433,0.0,True,ok,4985,4985
5380,100,10.0,44,215809.6927585,215809.7201661,26.70770001714118,27.407600020524114,23.167100007412955,2.252599981147796,0.0,True,ok,4973,4973
5381,101,10.100000000000001,44,215809.7257994,215809.7563913,29.989900009240955,30.59189999476075,26.629900006810203,2.109499997459352,0.0,True,ok,4507,4507
5382,102,10.200000000000001,44,215809.7591944,215809.783689,23.781500000040978,24.494600016623735,20.453000004636124,2.047099987976253,0.0,True,ok,4834,4834
5383,103,10.3,44,215809.7922018,215809.8166278,23.759800009429455,24.425999989034608,20.482299994910136,1.9834999984595925,0.0,True,ok,4943,4943
5384,104,10.4,44,215809.8262594,215809.8534756,26.686899975175038,27.216199989197776,23.10570000554435,2.141200006008148,0.0,True,ok,5082,5082
5385,105,10.5,44,215809.8590571,215809.887962,28.412300016498193,28.9049000130035,24.349499988602474,2.3999999975785613,0.0,True,ok,4986,4986
5386,106,10.600000000000001,44,215809.8925041,215809.9231687,29.938200023025274,30.66460002446547,26.020899997092783,2.3929000017233193,0.0,True,ok,5037,5037
5387,107,10.700000000000001,44,215809.9257333,215809.9497616,23.54590001050383,24.028299987548962,20.251599984476343,2.023000008193776,0.0,True,ok,5162,5162
5388,108,10.8,44,215809.959037,215809.9853073,25.752599991392344,26.27030000439845,21.051699994131923,3.0300999933388084,0.0,True,ok,4884,4884
5389,109,10.9,44,215809.9921375,215810.0191468,26.51190001051873,27.009300014469773,22.372799983713776,2.667900000233203,0.0,True,ok,4890,4890
5390,110,11.0,44,215810.0254007,215810.0504327,24.495799996657297,25.032000005012378,20.92039998387918,2.325199980987236,0.0,True,ok,4848,4848
5391,111,11.100000000000001,44,215810.0588123,215810.0837048,24.376199988182634,24.89249999052845,20.93960001366213,2.1801999828312546,0.0,True,ok,5030,5030
5392,112,11.200000000000001,44,215810.0923691,215810.119206,25.88090000790544,26.836900011403486,22.484399989480153,2.1068000060040504,0.0,True,ok,5114,5114
5393,113,11.3,44,215810.1255798,215810.1506041,24.546200002077967,25.02430000458844,20.847100007813424,2.331299998331815,0.0,True,ok,5293,5293
5394,114,11.4,44,215810.1588253,215810.1868296,27.381199994124472,28.004299994790927,20.92050001374446,5.115000007208437,0.0,True,ok,5423,5423
5395,115,11.5,44,215810.1923554,215810.2171133,24.22989998012781,24.757899984251708,19.9129999964498,2.979599987156689,0.0,True,ok,5340,5340
5396,116,11.600000000000001,44,215810.225733,215810.2519335,25.695099990116432,26.20049999677576,21.838300017407164,2.533099992433563,0.0,True,ok,5279,5279
5397,117,11.700000000000001,44,215810.2590414,215810.2895906,29.915399994933978,30.54920001886785,25.176099996315315,3.270199988037348,0.0,True,ok,5498,5498
5398,118,11.8,44,215810.2926017,215810.3167861,23.602500004926696,24.18440001201816,19.958199991378933,2.299099985975772,0.0,True,ok,5517,5517
5399,119,11.9,44,215810.3255413,215810.3500435,23.81220000097528,24.502199987182394,20.174299977952614,2.3058000078890473,0.0,True,ok,5266,5266
