sequence,source_index,source_time_s,replay_cycle,capture_s,output_s,processing_ms,frame_age_ms,core_ms,distance_render_ms,depth_age_ms,depth_valid,depth_status,edge_pixels,valid_depth_edge_pixels
0,0,0.0,0,215812.9498264,215812.9782456,27.600500005064532,28.419200010830536,3.793100011534989,7.597000017995015,0.0,True,ok,4708,4708
1,1,0.1,0,215812.9735833,215812.9850149,6.750900007318705,11.431600025389344,3.350199986016378,1.9380000012461096,0.0,True,ok,4681,4681
2,2,0.2,0,215813.0071644,215813.0142535,6.580200017197058,7.089099992299452,3.251700021792203,2.019900013692677,0.0,True,ok,4360,4360
3,3,0.30000000000000004,0,215813.0406037,215813.0477793,6.334999983664602,7.175599981565028,2.9328999808058143,2.125500002875924,33.43929999391548,True,ok,4532,4532
4,4,0.4,0,215813.073677,215813.0800429,5.927999998675659,6.3658999861218035,2.8955000161658973,1.8178999889642,0.0,True,ok,4533,4533
5,5,0.5,0,215813.1067498,215813.1137658,6.308899988653138,7.015999988652766,3.003700025146827,2.05939999432303,0.0,True,ok,4334,4334
6,6,0.6000000000000001,0,215813.140256,215813.1472831,6.262799986870959,7.027099985862151,3.111099998932332,1.9437000155448914,0.0,True,ok,4462,4462
7,7,0.7000000000000001,0,215813.1739411,215813.1807544,6.169500004034489,6.813300016801804,2.9181999852880836,2.032500022323802,0.0,True,ok,4479,4479
8,8,0.8,0,215813.207241,215813.2141267,6.2006000080145895,6.885700015118346,3.0573000258300453,1.9459000031929463,0.0,True,ok,4534,4534
9,9,0.9,0,215813.2401544,215813.246676,5.960400012554601,6.521600007545203,2.845600014552474,1.872599998023361,0.0,True,ok,4491,4491
10,10,1.0,0,215813.2733726,215813.2806444,6.473499990534037,7.271799986483529,3.045899997232482,2.0124999864492565,0.0,True,ok,4600,4600
11,11,1.1,0,215813.3070761,215813.314563,6.996699987212196,7.4868999945465475,3.945400007069111,1.824399980250746,0.0,True,ok,4781,4781
12,12,1.2000000000000002,0,215813.3401808,215813.3472081,6.372799980454147,7.0272999873850495,3.2768999808467925,1.8530999950598925,0.0,True,ok,5044,5044
13,13,1.3,0,215813.373832,215813.3806324,6.204299977980554,6.800399976782501,2.9420999926514924,2.0422000088728964,0.0,True,ok,4620,4620
14,14,1.4000000000000001,0,215813.4067892,215813.4134065,6.139500008430332,6.617300008656457,2.8645999846048653,2.0647000055760145,0.0,True,ok,4785,4785
15,15,1.5,0,215813.4402589,215813.4470173,6.0374999884516,6.758400006219745,2.908099995693192,1.867000013589859,0.0,True,ok,5045,5045
16,16,1.6,0,215813.4735144,215813.4810123,6.814799999119714,7.497900020098314,3.351999999722466,2.044200024101883,0.0,True,ok,5382,5382
17,17,1.7000000000000002,0,215813.5071762,215813.514472,6.648800015682355,7.295800023712218,3.364999982295558,1.9896999874617904,0.0,True,ok,5312,5312
18,18,1.8,0,215813.5402244,215813.5481217,7.1693999925628304,7.897300005424768,2.9681000160053372,1.8393999780528247,0.0,True,ok,5363,5363
19,19,1.9000000000000001,0,215813.5735444,215813.5803988,6.390399998053908,6.854400009615347,3.0481000139843673,2.0309999817982316,0.0,True,ok,5455,5455
20,20,2.0,0,215813.607121,215813.6140482,6.290799996349961,6.927199981873855,3.020900010596961,2.02240000362508,0.0,True,ok,5508,5508
21,21,2.1,0,215813.6405586,215813.6472085,6.059700011974201,6.649900024058297,2.8298000106588006,1.9071999995503575,0.0,True,ok,5300,5300
22,22,2.2,0,215813.6738223,215813.6807091,6.40199999907054,6.886799994390458,3.029200015589595,2.0505000138655305,0.0,True,ok,5384,5384
23,23,2.3000000000000003,0,215813.7069068,215813.7146906,7.075000001350418,7.7837999851908535,3.0949999927543104,2.6368999970145524,0.0,True,ok,5355,5355
24,24,2.4000000000000004,0,215813.7405844,215813.7490354,7.275999989360571,8.45100000151433,3.713400015840307,2.335299999685958,0.0,True,ok,5072,5072
25,25,2.5,0,215813.7736701,215813.7807882,6.4165999938268214,7.118100009392947,2.806300006341189,2.3201000003609806,0.0,True,ok,4851,4851
26,26,2.6,0,215813.8071218,215813.814708,6.89239997882396,7.586199993966147,3.700800007209182,1.9014999852515757,0.0,True,ok,4933,4933
27,27,2.7,0,215813.8404064,215813.8476465,6.4144000061787665,7.2401000070385635,3.2506000134162605,1.879699993878603,0.0,True,ok,4889,4889
28,28,2.8000000000000003,0,215813.8736806,215813.8811873,6.875399994896725,7.506699999794364,3.02689999807626,2.5402999890502542,0.0,True,ok,4508,4508
29,29,2.9000000000000004,0,215813.907145,215813.9140235,6.27610000083223,6.878499989397824,3.0866000161040574,1.9616000063251704,0.0,True,ok,4516,4516
30,30,3.0,0,215813.9401376,215813.9471728,6.396299984771758,7.035199989331886,2.98099999781698,1.943399984156713,0.0,True,ok,4326,4326
31,31,3.1,0,215813.9735417,215813.9805302,6.3418000063393265,6.988500012084842,2.9962999979034066,2.091300004394725,0.0,True,ok,4407,4407
32,32,3.2,0,215814.0072306,215814.0140119,6.238500005565584,6.78130000596866,3.0968000064603984,1.8977999861817807,0.0,True,ok,4113,4113
33,33,3.3000000000000003,0,215814.0404693,215814.0477706,6.7749000154435635,7.30130000738427,3.218500001821667,2.243799972347915,0.0,True,ok,4211,4211
34,34,3.4000000000000004,0,215814.0737101,215814.0809056,6.599600019399077,7.195500016678125,3.3999999868683517,1.9631999894045293,0.0,True,ok,4198,4198
35,35,3.5,0,215814.1067751,215814.1137582,6.382199993822724,6.983100000070408,3.1170000147540122,2.0369000267237425,0.0,True,ok,4125,4125
36,36,3.6,0,215814.140566,215814.1474811,6.248199992114678,6.915100006153807,2.834899991285056,2.04459999804385,0.0,True,ok,4267,4267
37,37,3.7,0,215814.1735703,215814.180558,6.237399997189641,6.987700005993247,3.0143999902065843,2.002499997615814,0.0,True,ok,3805,3805
38,38,3.8000000000000003,0,215814.2071467,215814.2143642,6.62569998530671,7.217499980470166,3.0508999770972878,2.3800999915692955,0.0,True,ok,3921,3921
39,39,3.9000000000000004,0,215814.2403578,215814.2477896,6.704799976432696,7.431799982441589,3.379400004632771,2.1097999997437,0.0,True,ok,3864,3864
40,40,4.0,0,215814.2734829,215814.2805303,6.479999981820583,7.047399994917214,3.3790000015869737,1.9310999778099358,0.0,True,ok,3828,3828
41,41,4.1000000000000005,0,215814.3072406,215814.3141459,6.319399981293827,6.905299989739433,3.281200013589114,1.8594999855849892,0.0,True,ok,3659,3659
42,42,4.2,0,215814.3402829,215814.3472947,6.533200008561835,7.0118000148795545,3.124499984551221,2.204899996286258,0.0,True,ok,3989,3989
43,43,4.3,0,215814.37366,215814.3802286,6.10870000673458,6.568599987076595,3.0515000107698143,1.8616000015754253,0.0,True,ok,4294,4294
44,44,4.4,0,215814.4071291,215814.4152708,6.780499999877065,8.141700003761798,2.9543999989982694,2.3813000007066876,0.0,True,ok,4623,4623
45,45,4.5,0,215814.4404677,215814.448239,7.148199976654723,7.771299977321178,3.284999984316528,2.601799991680309,0.0,True,ok,4708,4708
46,46,4.6000000000000005,0,215814.4738782,215814.4806892,6.322899978840724,6.8109999992884696,3.173800010699779,1.8379999964963645,0.0,True,ok,4834,4834
47,47,4.7,0,215814.5072593,215814.5144348,6.439499993575737,7.175499980803579,3.045999997993931,2.0645999757107347,0.0,True,ok,4677,4677
48,48,4.800000000000001,0,215814.5404518,215814.5484437,6.759600015357137,7.991899998160079,3.6290999851189554,1.9215999927837402,0.0,True,ok,4591,4591
49,49,4.9,0,215814.5737464,215814.580024,5.719599983422086,6.2775999831501395,2.7249999984633178,1.8134000129066408,0.0,True,ok,4442,4442
50,50,5.0,0,215814.6068675,215814.6141264,6.777600006898865,7.258900004671887,3.4650000161491334,2.021799999056384,0.0,True,ok,4408,4408
51,51,5.1000000000000005,0,215814.6401456,215814.6472329,6.552699982421473,7.087300007697195,3.0338999931700528,2.0929000165779144,0.0,True,ok,4418,4418
52,52,5.2,0,215814.6738996,215814.6806336,6.037899991497397,6.733999995049089,2.879800013033673,1.8988999945577234,0.0,True,ok,4600,4600
53,53,5.300000000000001,0,215814.7068384,215814.7141839,6.666600005701184,7.345500023802742,3.13649998861365,2.155599999241531,0.0,True,ok,4489,4489
54,54,5.4,0,215814.7405057,215814.7479953,6.406499975128099,7.489599986001849,3.1698000093456358,2.022100001340732,0.0,True,ok,4625,4625
55,55,5.5,0,215814.7735948,215814.7805037,6.441499979700893,6.908899988047779,3.0721999937668443,2.0592999935615808,0.0,True,ok,4379,4379
56,56,5.6000000000000005,0,215814.8073081,215814.8141052,6.132000009529293,6.7971000098623335,2.9901999805588275,1.9138999923598021,33.713299984810874,True,ok,4212,4212
57,57,5.7,0,215814.8404431,215814.8479343,6.449799984693527,7.491199998185039,3.0237000028137118,2.0661000162363052,0.0,True,ok,4229,4229
58,58,5.800000000000001,0,215814.8739074,215814.8812011,6.581699999514967,7.293700007721782,3.2712999964132905,2.048599999397993,0.0,True,ok,4294,4294
59,59,5.9,0,215814.906951,215814.9140869,6.664400018053129,7.135899999411777,2.9374999867286533,2.3241000017151237,0.0,True,ok,4337,4337
60,60,6.0,0,215814.9405177,215814.9484003,7.1878999879118055,7.882600009907037,3.214800002751872,2.5787999911699444,0.0,True,ok,4334,4334
61,61,6.1000000000000005,0,215814.9737559,215814.9818393,6.955499993637204,8.083399996394292,3.3909000048879534,2.2899000032339245,0.0,True,ok,4169,4169
62,62,6.2,0,215815.006791,215815.0145436,6.841599999461323,7.752600009553134,3.6014000070281327,1.9144999969284981,0.0,True,ok,4172,4172
63,63,6.300000000000001,0,215815.0402385,215815.0473333,6.093600008171052,7.094800006598234,2.853699988918379,1.994000020204112,0.0,True,ok,4147,4147
64,64,6.4,0,215815.0735173,215815.0808079,6.479800009401515,7.290599984116852,3.052300016861409,2.123800019035116,0.0,True,ok,4178,4178
65,65,6.5,0,215815.1070109,215815.1138928,6.274299987126142,6.881899986183271,3.0331999878399074,1.978199987206608,0.0,True,ok,4169,4169
66,66,6.6000000000000005,0,215815.1407389,215815.1477563,6.320699991192669,7.0173999993130565,3.0722999945282936,1.9870999967679381,0.0,True,ok,4168,4168
67,67,6.7,0,215815.1740491,215815.1821567,7.106800010660663,8.107600006042048,3.334200009703636,2.4756999919191003,0.0,True,ok,4086,4086
68,68,6.800000000000001,0,215815.207101,215815.2148186,7.078800001181662,7.717600004980341,3.384099982213229,2.3446000122930855,0.0,True,ok,4379,4379
69,69,6.9,0,215815.2403783,215815.2473406,6.458799995016307,6.962300016311929,2.977600001031533,2.1598000021185726,0.0,True,ok,4282,4282
70,70,7.0,0,215815.273648,215815.2827317,7.828300003893673,9.08369998796843,4.315699974540621,2.205500000854954,0.0,True,ok,4247,4247
71,71,7.1000000000000005,0,215815.3071116,215815.3142741,6.5008999954443425,7.162499998230487,3.1448000227101147,2.021199994487688,0.0,True,ok,4354,4354
72,72,7.2,0,215815.3404781,215815.3477422,6.509900005767122,7.264100015163422,3.2751000253483653,1.9383000035304576,33.366499992553145,True,ok,4628,4628
73,73,7.300000000000001,0,215815.373955,215815.3808494,6.3251000246964395,6.894400023156777,2.958900004159659,2.0554999937303364,33.47689998918213,True,ok,4287,4287
74,74,7.4,0,215815.406981,215815.4139668,6.518100009998307,6.98579999152571,3.250899986596778,1.945500000147149,33.02600001916289,True,ok,4455,4455
75,75,7.5,0,215815.4407326,215815.4474919,6.377000012435019,6.759300013072789,2.93510002666153,1.97639997350052,0.0,True,ok,4560,4560
76,76,7.6000000000000005,0,215815.4736313,215815.4818797,7.588500011479482,8.248400001320988,3.0015000083949417,3.287400002591312,0.0,True,ok,4662,4662
77,77,7.7,0,215815.5074161,215815.5148058,6.227699981536716,7.389699982013553,2.966000000014901,1.9764000026043504,0.0,True,ok,4381,4381
78,78,7.800000000000001,0,215815.5402196,215815.5469241,6.1707999848295,6.704500003252178,3.024100005859509,1.8416999955661595,0.0,True,ok,4350,4350
79,79,7.9,0,215815.5734906,215815.5809595,6.4252000011038035,7.468899973900989,2.9679999861400574,2.196299989009276,0.0,True,ok,4058,4058
80,80,8.0,0,215815.6070297,215815.6142574,6.517100002383813,7.227699999930337,3.2734999840613455,1.9229000026825815,0.0,True,ok,4074,4074
81,81,8.1,0,215815.6402987,215815.6474346,6.58269997802563,7.135899999411777,3.3573000109754503,1.8945000192616135,0.0,True,ok,4080,4080
82,82,8.200000000000001,0,215815.6734604,215815.6804365,6.463800003984943,6.976100004976615,3.1180999940261245,1.9911999988835305,0.0,True,ok,4288,4288
83,83,8.3,0,215815.707104,215815.713895,6.134600000223145,6.790999992517754,2.980799996294081,1.8595000146888196,0.0,True,ok,4269,4269
84,84,8.4,0,215815.7403167,215815.7481296,7.253199990373105,7.812900003045797,4.031299991765991,1.947999990079552,0.0,True,ok,3996,3996
85,85,8.5,0,215815.7738475,215815.7806844,6.257000000914559,6.836899992777035,2.882000000681728,2.0504999847617,0.0,True,ok,4318,4318
86,86,8.6,0,215815.8068911,215815.8136893,6.292600010056049,6.798200018238276,3.085900010773912,1.867099985247478,0.0,True,ok,4410,4410
87,87,8.700000000000001,0,215815.8404962,215815.8473302,6.324499991023913,6.833999999798834,3.0521000153385103,1.9762000010814518,0.0,True,ok,4345,4345
88,88,8.8,0,215815.8737473,215815.8804993,6.172099994728342,6.751999986590818,3.0186999938450754,1.8702000088524073,0.0,True,ok,3995,3995
89,89,8.9,0,215815.9068121,215815.9137108,6.103099993197247,6.898699997691438,2.908700000261888,1.8579000025056303,0.0,True,ok,4114,4114
90,90,9.0,0,215815.9403148,215815.947211,6.406600004993379,6.896199978655204,3.194899996742606,1.8494999967515469,0.0,True,ok,4407,4407
91,91,9.1,0,215815.973726,215815.9818027,7.348100014496595,8.076700003584847,2.9440000071190298,2.9688999929931015,0.0,True,ok,4504,4504
92,92,9.200000000000001,0,215816.007233,215816.0146644,6.7273000022396445,7.431399979395792,3.251300018746406,2.1197999885771424,0.0,True,ok,4602,4602
93,93,9.3,0,215816.0402467,215816.0472001,6.218099995749071,6.9534000067505985,2.8190999873913825,2.0401999936439097,0.0,True,ok,4719,4719
94,94,9.4,0,215816.0735134,215816.0805953,6.544100004248321,7.081899995682761,2.925399981904775,2.0726000075228512,0.0,True,ok,4623,4623
95,95,9.5,0,215816.1071896,215816.1140711,6.222900003194809,6.8814999831374735,2.8550999995786697,2.0280000171624124,0.0,True,ok,4555,4555
96,96,9.600000000000001,0,215816.1404361,215816.1480688,6.917499995324761,7.6326999987941235,3.384900017408654,2.1037000115029514,0.0,True,ok,4902,4902
97,97,9.700000000000001,0,215816.173797,215816.1809464,6.450600019888952,7.149400014895946,2.979400014737621,1.9063999934587628,0.0,True,ok,4793,4793
98,98,9.8,0,215816.2068666,215816.2141312,6.634299992583692,7.264599989866838,2.97359999967739,2.31430001440458,0.0,True,ok,4857,4857
99,99,9.9,0,215816.2402455,215816.2478564,6.714799994369969,7.610900007421151,3.41949998983182,1.932200015289709,0.0,True,ok,4985,4985
100,100,10.0,0,215816.2738465,215816.2806822,6.135100004030392,6.835700012743473,2.874900004826486,1.856200018664822,0.0,True,ok,4973,4973
101,101,10.100000000000001,0,215816.307087,215816.315999,7.5311000109650195,8.91200001933612,4.138799995416775,2.027999988058582,0.0,True,ok,4507,4507
102,102,10.200000000000001,0,215816.3401451,215816.3473829,6.623100023716688,7.237800018629059,3.4055000287480652,1.8794999923557043,0.0,True,ok,4834,4834
103,103,10.3,0,215816.3737859,215816.3808864,6.595200014999136,7.1004999917931855,3.2798000029288232,1.906199991935864,0.0,True,ok,4943,4943
104,104,10.4,0,215816.4069464,215816.4139908,6.388300011167303,7.044400001177564,3.051899984711781,1.9287999894004315,0.0,True,ok,5082,5082
105,105,10.5,0,215816.440404,215816.4474443,6.131899979664013,7.040299999061972,2.9519999807234854,1.823099999455735,0.0,True,ok,4986,4986
106,106,10.600000000000001,0,215816.473792,215816.4812312,6.760000018402934,7.43920000968501,2.9836999892722815,2.2819000005256385,0.0,True,ok,5037,5037
107,107,10.700000000000001,0,215816.5069755,215816.5159389,8.314500009873882,8.963400003267452,3.1321000133175403,3.6951999936718494,0.0,True,ok,5162,5162
108,108,10.8,0,215816.5406102,215816.5486589,6.856199994217604,8.048699994105846,3.2113000052049756,2.3215000110212713,33.634699997492135,True,ok,4884,4884
109,109,10.9,0,215816.5736723,215816.5811632,6.84940000064671,7.4908999959006906,3.352400002768263,2.0702000183518976,0.0,True,ok,4890,4890
110,110,11.0,0,215816.6072064,215816.6141843,6.232000014279038,6.977900018682703,2.889600000344217,2.0212999952491373,0.0,True,ok,4848,4848
111,111,11.100000000000001,0,215816.6402569,215816.6469661,6.001300003845245,6.709200009936467,2.792700019199401,1.8299000221304595,0.0,True,ok,5030,5030
112,112,11.200000000000001,0,215816.673704,215816.6805819,6.230500002857298,6.877900013932958,2.8574999887496233,1.8622000061441213,0.0,True,ok,5114,5114
113,113,11.3,0,215816.7071064,215816.7141891,6.400199985364452,7.082700001774356,2.9226000187918544,2.080699981888756,0.0,True,ok,5293,5293
114,114,11.4,0,215816.7400625,215816.7474303,6.685799977276474,7.367799989879131,3.073600004427135,2.22829999984242,0.0,True,ok,5423,5423
115,115,11.5,0,215816.7735821,215816.7805813,6.363299995427951,6.999200006248429,2.9335999861359596,2.0373000006657094,0.0,True,ok,5340,5340
116,116,11.600000000000001,0,215816.806816,215816.813786,6.485500023700297,6.970000016735867,2.934599993750453,2.0656999840866774,0.0,True,ok,5279,5279
117,117,11.700000000000001,0,215816.8400139,215816.8469137,6.404399988241494,6.89980000606738,2.882000000681728,2.0751999982167035,0.0,True,ok,5498,5498
118,118,11.8,0,215816.8735464,215816.8811098,6.771799991838634,7.563399994978681,2.9436000040732324,2.2348999918904155,0.0,True,ok,5517,5517
119,119,11.9,0,215816.9072625,215816.9149416,7.196399994427338,7.67910000286065,3.1291999912355095,2.61950001004152,0.0,True,ok,5266,5266
120,0,0.0,1,215816.9443296,215816.9516024,6.680999998934567,7.272799994098023,2.80170000041835,2.544199989642948,0.0,True,ok,4708,4708
121,1,0.1,1,215816.9734554,215816.9805589,6.635099998675287,7.103499985532835,3.3973999961744994,1.8777000077534467,0.0,True,ok,4681,4681
122,2,0.2,1,215817.0071316,215817.0160092,7.788899994920939,8.877599990228191,4.579100001137704,1.8216000171378255,0.0,True,ok,4360,4360
123,3,0.30000000000000004,1,215817.0401699,215817.048174,7.256999990204349,8.004100003745407,3.5857000038959086,2.267999981995672,0.0,True,ok,4532,4532
124,4,0.4,1,215817.0738719,215817.0806782,6.383600004483014,6.806299992604181,3.2115000067278743,1.8225999956484884,0.0,True,ok,4533,4533
125,5,0.5,1,215817.1071701,215817.1142818,6.524700002046302,7.11169998976402,3.0064000166021287,2.077899989672005,0.0,True,ok,4334,4334
126,6,0.6000000000000001,1,215817.1401638,215817.1467049,6.006999989040196,6.541099981404841,2.781699993647635,1.8804999999701977,0.0,True,ok,4462,4462
127,7,0.7000000000000001,1,215817.1736692,215817.1804668,6.1989999958314,6.79759998456575,2.876600017771125,1.9244999857619405,0.0,True,ok,4479,4479
128,8,0.8,1,215817.2072262,215817.2147037,6.945600005565211,7.477500010281801,3.370199992787093,2.0631999941542745,33.55699998792261,True,ok,4534,4534
129,9,0.9,1,215817.2402509,215817.2471313,6.332100019790232,6.880400003865361,3.083499992499128,1.9119999778922647,0.0,True,ok,4491,4491
130,10,1.0,1,215817.2739904,215817.2810731,6.471300002885982,7.082700001774356,2.8357999981381,2.2143999813124537,0.0,True,ok,4600,4600
131,11,1.1,1,215817.3069074,215817.3135532,6.069299997761846,6.6457999928388745,2.8310999914538115,1.8521999882068485,0.0,True,ok,4781,4781
132,12,1.2000000000000002,1,215817.3403226,215817.3473149,6.536699977004901,6.992299982812256,3.0186000221874565,2.135399990947917,0.0,True,ok,5044,5044
133,13,1.3,1,215817.3737293,215817.3826303,7.841000013286248,8.901000022888184,4.36330001684837,2.0841999794356525,0.0,True,ok,4620,4620
134,14,1.4000000000000001,1,215817.4072758,215817.4144571,6.695899995975196,7.18129999586381,3.1861999887041748,2.06389999948442,0.0,True,ok,4785,4785
135,15,1.5,1,215817.4400612,215817.4470061,6.309799995506182,6.944900000235066,2.817000000504777,1.9283999863546342,0.0,True,ok,5045,5045
136,16,1.6,1,215817.4733962,215817.4807662,6.894099991768599,7.370000006631017,3.1824999896343797,2.1696999901905656,0.0,True,ok,5382,5382
137,17,1.7000000000000002,1,215817.5070383,215817.51443,6.836800021119416,7.39169999724254,3.3595999993849546,2.012599987210706,0.0,True,ok,5312,5312
138,18,1.8,1,215817.5405434,215817.5483709,6.689700006972998,7.827499997802079,3.324099991004914,1.888300001155585,0.0,True,ok,5363,5363
139,19,1.9000000000000001,1,215817.5735217,215817.5806089,6.467500003054738,7.0872000069357455,2.8947000100743026,2.1643000072799623,0.0,True,ok,5455,5455
140,20,2.0,1,215817.6073435,215817.614653,6.827700010035187,7.309499982511625,3.2593999931123108,2.1112999820616096,0.0,True,ok,5508,5508
141,21,2.1,1,215817.6403186,215817.6479381,6.963899999391288,7.619500014698133,3.4364000021014363,1.9923000072594732,0.0,True,ok,5300,5300
142,22,2.2,1,215817.6739123,215817.6810089,6.6433000029064715,7.096599991200492,3.017099981661886,2.1691000147257,0.0,True,ok,5384,5384
143,23,2.3000000000000003,1,215817.7068999,215817.7149737,7.5502000108826905,8.073800010606647,3.5911000159103423,2.3292999831028283,0.0,True,ok,5355,5355
144,24,2.4000000000000004,1,215817.7405808,215817.7481912,6.586500006960705,7.610400003613904,2.7947999769821763,2.1800999820698053,0.0,True,ok,5072,5072
145,25,2.5,1,215817.7737405,215817.7819047,7.420100009767339,8.164200000464916,3.857500007143244,2.194100001361221,0.0,True,ok,4851,4851
146,26,2.6,1,215817.8072535,215817.8139647,6.1793000204488635,6.711199996061623,2.776700013782829,1.9849000091198832,33.513000002130866,True,ok,4933,4933
147,27,2.7,1,215817.8407292,215817.8473172,6.054900004528463,6.588000018382445,2.798399975290522,1.879699993878603,0.0,True,ok,4889,4889
148,28,2.8000000000000003,1,215817.8738431,215817.8808421,6.3282000191975385,6.999000004725531,2.8657000220846385,2.0924000127706677,33.11390001908876,True,ok,4508,4508
149,29,2.9000000000000004,1,215817.9069543,215817.9138551,6.072299991501495,6.900799984578043,2.8667000005953014,1.867399987531826,33.11119999852963,True,ok,4516,4516
150,30,3.0,1,215817.9401448,215817.9469896,6.338499981211498,6.844799994723871,3.009300009580329,1.9757999980356544,0.0,True,ok,4326,4326
151,31,3.1,1,215817.9738081,215817.9804233,6.1187999963294715,6.615199992666021,2.9168000037316233,1.8633999861776829,0.0,True,ok,4407,4407
152,32,3.2,1,215818.0068855,215818.0141309,6.594100006623194,7.245399989187717,3.2504999835509807,1.8873000226449221,0.0,True,ok,4113,4113
153,33,3.3000000000000003,1,215818.0402547,215818.0489871,8.05389997549355,8.732399990549311,2.8811999945901334,3.8647000037599355,0.0,True,ok,4211,4211
154,34,3.4000000000000004,1,215818.0736229,215818.0805909,6.552000006195158,6.96800000150688,3.479000006336719,1.8226999964099377,0.0,True,ok,4198,4198
155,35,3.5,1,215818.1071047,215818.1139523,6.233899999642745,6.847599986940622,2.843800000846386,2.1283999958541244,0.0,True,ok,4125,4125
156,36,3.6,1,215818.1405294,215818.1478973,6.8839000014122576,7.367899990640581,3.5109000164084136,2.1031999785918742,0.0,True,ok,4267,4267
157,37,3.7,1,215818.1738227,215818.1808174,6.511799991130829,6.99470000108704,3.304699988802895,1.8959000008180737,0.0,True,ok,3805,3805
158,38,3.8000000000000003,1,215818.2071427,215818.2141416,6.3532000058330595,6.998900003964081,2.8947000100743026,2.2116000181995332,0.0,True,ok,3921,3921
159,39,3.9000000000000004,1,215818.2399944,215818.2472561,6.751500011887401,7.2616999968886375,3.1639999942854047,2.194100001361221,0.0,True,ok,3864,3864
160,40,4.0,1,215818.2738176,215818.2817276,7.429099990986288,7.909999985713512,4.005199996754527,2.140500000678003,0.0,True,ok,3828,3828
161,41,4.1000000000000005,1,215818.3067759,215818.3139326,6.611599994357675,7.156699983170256,3.5229000204708427,1.8398000102024525,0.0,True,ok,3659,3659
162,42,4.2,1,215818.3405772,215818.3473349,6.139900011476129,6.757700000889599,2.8455999854486436,2.0253999973647296,0.0,True,ok,3989,3989
163,43,4.3,1,215818.3736987,215818.380845,6.683300016447902,7.146300020394847,3.4454999840818346,1.89200000022538,33.12149998964742,True,ok,4294,4294
164,44,4.4,1,215818.4068898,215818.413917,6.609100004425272,7.0271999866236,3.3730999857652932,2.0038999791722745,0.0,True,ok,4623,4623
165,45,4.5,1,215818.4402746,215818.4475328,6.655800010776147,7.258199999341741,3.048699989449233,2.282400004332885,0.0,True,ok,4708,4708
166,46,4.6000000000000005,1,215818.473833,215818.4835238,9.032200003275648,9.690800012322143,4.073499992955476,3.5939000081270933,0.0,True,ok,4834,4834
167,47,4.7,1,215818.5068578,215818.5142818,6.756899994798005,7.423999981256202,2.94100001337938,2.448799990816042,0.0,True,ok,4677,4677
168,48,4.800000000000001,1,215818.5403838,215818.5475125,6.441100005758926,7.128700002795085,3.3204999926965684,1.8841000273823738,0.0,True,ok,4591,4591
169,49,4.9,1,215818.5736245,215818.5803093,6.254200008697808,6.684800027869642,3.202599997166544,1.7883999971672893,0.0,True,ok,4442,4442
170,50,5.0,1,215818.6070937,215818.6140321,6.28790000337176,6.93840000894852,3.0175999854691327,1.9975000177510083,0.0,True,ok,4408,4408
171,51,5.1000000000000005,1,215818.6406834,215818.6489217,7.767200004309416,8.238299982622266,4.350800008978695,2.1895999961998314,0.0,True,ok,4418,4418
172,52,5.2,1,215818.673864,215818.680843,6.337300001177937,6.978999997954816,3.1612000020686537,1.8405999871902168,0.0,True,ok,4600,4600
173,53,5.300000000000001,1,215818.7069117,215818.7136586,6.084399996325374,6.746900005964562,2.952300012111664,1.8732999742496759,0.0,True,ok,4489,4489
174,54,5.4,1,215818.7406956,215818.7485727,7.165199989685789,7.877099997131154,2.848400006769225,3.044399985810742,0.0,True,ok,4625,4625
175,55,5.5,1,215818.773494,215818.7799821,6.00940000731498,6.488100014394149,2.7750000008381903,2.0006000122521073,0.0,True,ok,4379,4379
176,56,5.6000000000000005,1,215818.8072561,215818.8146199,6.097899982705712,7.363799988524988,2.9008999990765005,1.9813000108115375,0.0,True,ok,4212,4212
177,57,5.7,1,215818.8402787,215818.8471596,6.165600003441796,6.880900007672608,2.904499997384846,2.040899998974055,0.0,True,ok,4229,4229
178,58,5.800000000000001,1,215818.8739068,215818.8817409,6.728299980750307,7.834099989850074,3.4007999929599464,2.0583999867085367,0.0,True,ok,4294,4294
179,59,5.9,1,215818.9071979,215818.914089,6.270999991102144,6.891099998028949,2.819299988914281,2.065899985609576,0.0,True,ok,4337,4337
180,60,6.0,1,215818.9402502,215818.9473455,6.4897999982349575,7.095300010405481,3.199099999619648,2.0938999950885773,0.0,True,ok,4334,4334
181,61,6.1000000000000005,1,215818.9739001,215818.9808214,6.179100018925965,6.921299995156005,2.8740999987348914,2.002199995331466,0.0,True,ok,4169,4169
182,62,6.2,1,215819.0071627,215819.014344,6.663799984380603,7.18129999586381,2.961500023957342,2.376799995545298,33.262599987210706,True,ok,4172,4172
183,63,6.300000000000001,1,215819.0401637,215819.0469821,6.36060000397265,6.81839999742806,3.041899995878339,2.04309998662211,33.00100000342354,True,ok,4147,4147
184,64,6.4,1,215819.0737225,215819.0802932,6.064800021704286,6.5707000030670315,2.8725999873131514,1.9873999990522861,0.0,True,ok,4178,4178
185,65,6.5,1,215819.1070684,215819.1137181,5.99910001619719,6.649700022535399,2.9316000000108033,1.8273000023327768,0.0,True,ok,4169,4169
186,66,6.6000000000000005,1,215819.1404791,215819.1473154,6.155400013085455,6.836300017312169,2.93059999239631,2.007399976719171,0.0,True,ok,4168,4168
187,67,6.7,1,215819.1734957,215819.1811741,7.202300010249019,7.678399997530505,3.213800024241209,2.740500000072643,0.0,True,ok,4086,4086
188,68,6.800000000000001,1,215819.2073486,215819.2158551,7.329599990043789,8.506499987561256,3.9069000049494207,2.047000016318634,0.0,True,ok,4379,4379
189,69,6.9,1,215819.2404384,215819.2466046,5.748800002038479,6.166199978906661,2.66979998559691,1.811699999962002,0.0,True,ok,4282,4282
190,70,7.0,1,215819.2736876,215819.2810599,6.699899997329339,7.372299995040521,2.8569999849423766,2.4763999972492456,0.0,True,ok,4247,4247
191,71,7.1000000000000005,1,215819.3071616,215819.3142516,6.612299999687821,7.0899999991524965,3.481899999314919,1.8914999964181334,0.0,True,ok,4354,4354
192,72,7.2,1,215819.3404282,215819.3469943,6.03299998329021,6.5660999971441925,2.9332000121939927,1.8490999937057495,0.0,True,ok,4628,4628
193,73,7.300000000000001,1,215819.3735806,215819.3816106,6.918099999893457,8.029999997233972,3.500699996948242,2.1217000030446798,0.0,True,ok,4287,4287
194,74,7.4,1,215819.4070976,215819.4135455,6.0354000015649945,6.44789999932982,2.747799997450784,2.0481999963521957,0.0,True,ok,4455,4455
195,75,7.5,1,215819.4407847,215819.447695,6.0508000024128705,6.910299998708069,2.8797999839298427,1.8654000014066696,0.0,True,ok,4560,4560
196,76,7.6000000000000005,1,215819.4738675,215819.4825833,7.83770001726225,8.715800009667873,4.183800017926842,2.3973999777808785,0.0,True,ok,4662,4662
197,77,7.7,1,215819.5071077,215819.5140562,6.352500000502914,6.9484999985434115,3.0878999968990684,1.8270000000484288,0.0,True,ok,4381,4381
198,78,7.800000000000001,1,215819.5405331,215819.5473628,6.287600001087412,6.829699996160343,3.017900016857311,1.8514000112190843,0.0,True,ok,4350,4350
199,79,7.9,1,215819.5733822,215819.5797657,5.934200016781688,6.383500003721565,2.7674000011757016,1.9668999884743243,0.0,True,ok,4058,4058
200,80,8.0,1,215819.6070713,215819.6144413,6.237899971893057,7.369999977527186,3.0728999990969896,1.90529998508282,33.68910000426695,True,ok,4074,4074
201,81,8.1,1,215819.6405302,215819.6480197,6.235399981960654,7.4894999852404,3.178899991326034,1.8810000037774444,0.0,True,ok,4080,4080
202,82,8.200000000000001,1,215819.6737702,215819.6806549,6.1969000089447945,6.884700007503852,3.041899995878339,1.8882000003941357,0.0,True,ok,4288,4288
203,83,8.3,1,215819.7071883,215819.7150187,7.332699984544888,7.830399990780279,3.9098999986890703,2.1893999946769327,0.0,True,ok,4269,4269
204,84,8.4,1,215819.7402103,215819.7484819,7.761199987726286,8.271600003354251,4.345299996202812,2.216100023360923,0.0,True,ok,3996,3996
205,85,8.5,1,215819.7739847,215819.781276,6.444099999498576,7.291299989446998,3.1705999863334,2.0374000014271587,0.0,True,ok,4318,4318
206,86,8.6,1,215819.8072478,215819.8139898,6.107499997597188,6.741999997757375,2.9884999967180192,1.8495999975129962,0.0,True,ok,4410,4410
207,87,8.700000000000001,1,215819.8406326,215819.8476268,6.26280001597479,6.994199997279793,2.961099991807714,2.0346999808680266,0.0,True,ok,4345,4345
208,88,8.8,1,215819.8738313,215819.8813716,6.23900000937283,7.540299993706867,3.128199983621016,1.9231000042054802,0.0,True,ok,3995,3995
209,89,8.9,1,215819.9070564,215819.9157407,8.074400015175343,8.684300002641976,3.2762999762780964,3.560500015737489,0.0,True,ok,4114,4114
210,90,9.0,1,215819.9401862,215819.946927,6.23610001639463,6.740800017723814,3.1203999824356288,1.903099997434765,0.0,True,ok,4407,4407
211,91,9.1,1,215819.9737075,215819.9807205,6.47309998748824,7.012999994913116,3.031800006283447,2.1772999898530543,0.0,True,ok,4504,4504
212,92,9.200000000000001,1,215820.0067774,215820.0143498,6.8832999968435615,7.572400005301461,3.346599987708032,2.104200015310198,0.0,True,ok,4602,4602
213,93,9.3,1,215820.0404453,215820.047451,6.317899998975918,7.005699997534975,2.9992000199854374,2.05939999432303,0.0,True,ok,4719,4719
214,94,9.4,1,215820.0736563,215820.0805731,6.4455999818164855,6.916799989994615,2.972199989017099,2.2443000052589923,0.0,True,ok,4623,4623
215,95,9.5,1,215820.1073629,215820.1147379,6.505600002128631,7.375000015599653,3.0454999941866845,2.1970999951008707,0.0,True,ok,4555,4555
216,96,9.600000000000001,1,215820.1403757,215820.1477181,6.666000001132488,7.342400000197813,3.3242999925278127,2.086399996187538,0.0,True,ok,4902,4902
217,97,9.700000000000001,1,215820.1737758,215820.1811136,6.662600004347041,7.337799994274974,3.4869999799411744,1.8976000137627125,0.0,True,ok,4793,4793
218,98,9.8,1,215820.2068521,215820.2156016,8.24230001308024,8.749500004341826,3.5638000117614865,3.4106000093743205,0.0,True,ok,4857,4857
219,99,9.9,1,215820.2403456,215820.2471871,6.348199996864423,6.841499998699874,3.0667000100947917,1.9362999883014709,0.0,True,ok,4985,4985
220,100,10.0,1,215820.273321,215820.2804625,6.5919999906327575,7.141500012949109,3.2327999942936003,2.068000001600012,0.0,True,ok,4973,4973
221,101,10.100000000000001,1,215820.3071491,215820.3165758,8.258700021542609,9.426700009498745,5.010299995774403,2.0450000010896474,0.0,True,ok,4507,4507
222,102,10.200000000000001,1,215820.3401198,215820.3468648,6.055100006051362,6.744999991497025,2.9101000109221786,1.9745999888982624,0.0,True,ok,4834,4834
223,103,10.3,1,215820.3737416,215820.3809906,6.6503999987617135,7.249000016599894,3.1017999863252044,2.2891000262461603,0.0,True,ok,4943,4943
224,104,10.4,1,215820.4069815,215820.4138969,6.376899982569739,6.915399979334325,2.9550999752245843,2.20760001684539,0.0,True,ok,5082,5082
225,105,10.5,1,215820.4403924,215820.4476263,6.665300024906173,7.2339000180363655,3.1759999983478338,2.2354999964591116,0.0,True,ok,4986,4986
226,106,10.600000000000001,1,215820.4734959,215820.4826298,8.558900008210912,9.133900020970032,3.3245999948121607,3.801100014243275,0.0,True,ok,5037,5037
227,107,10.700000000000001,1,215820.5071001,215820.5142812,6.661899999016896,7.181100023444742,3.2168000179808587,2.1789000020362437,0.0,True,ok,5162,5162
228,108,10.8,1,215820.5405585,215820.5483984,7.291499990969896,7.839899975806475,3.5669000062625855,2.4990999954752624,0.0,True,ok,4884,4884
229,109,10.9,1,215820.5736646,215820.5809609,6.597400002647191,7.296299998415634,3.2916000054683536,2.08170001860708,0.0,True,ok,4890,4890
230,110,11.0,1,215820.6069384,215820.6142441,6.774100009351969,7.305700011784211,3.3014000218827277,2.213800005847588,0.0,True,ok,4848,4848
231,111,11.100000000000001,1,215820.6405785,215820.650333,9.192500001518056,9.754500002600253,5.203600012464449,2.5414999981876463,0.0,True,ok,5030,5030
232,112,11.200000000000001,1,215820.6736407,215820.680815,6.66579999960959,7.1743000007700175,3.112000005785376,2.2350999934133142,0.0,True,ok,5114,5114
233,113,11.3,1,215820.706944,215820.7145985,6.839299981947988,7.654499990167096,3.2797999738249928,2.207699988503009,0.0,True,ok,5293,5293
234,114,11.4,1,215820.7403873,215820.7470069,6.2175999919418246,6.619599997065961,2.9110000177752227,2.0668000215664506,33.443299995269626,True,ok,5423,5423
235,115,11.5,1,215820.773523,215820.7803385,6.230499973753467,6.815499975346029,2.889399998821318,2.0432999881450087,0.0,True,ok,5340,5340
236,116,11.600000000000001,1,215820.8071538,215820.8141493,6.519899994600564,6.995499978074804,3.0088000057730824,2.3133000067900866,33.63079999689944,True,ok,5279,5279
237,117,11.700000000000001,1,215820.8405299,215820.8475081,6.317399995168671,6.978200020967051,2.8427999932318926,2.250399993499741,0.0,True,ok,5498,5498
238,118,11.8,1,215820.8739089,215820.8807618,6.366200017509982,6.852900027297437,2.924400003394112,2.170099993236363,0.0,True,ok,5517,5517
239,119,11.9,1,215820.9070858,215820.9138254,6.18130000657402,6.739600008586422,2.863500005332753,2.1425999875646085,0.0,True,ok,5266,5266
240,0,0.0,2,215820.9423041,215820.9490515,6.23610001639463,6.747400009771809,2.9832000145688653,2.059099992038682,0.0,True,ok,4708,4708
241,1,0.1,2,215820.9738216,215820.9808858,6.584699993254617,7.064200006425381,3.1464000057894737,2.016899990849197,0.0,True,ok,4681,4681
242,2,0.2,2,215821.0069884,215821.0137102,6.219600007170811,6.7217999894637614,3.055799985304475,1.9124000100418925,0.0,True,ok,4360,4360
243,3,0.30000000000000004,2,215821.0402453,215821.047272,6.350999989081174,7.026699982816353,2.9162999999243766,2.2148999851197004,0.0,True,ok,4532,4532
244,4,0.4,2,215821.07349,215821.0802415,6.340699997963384,6.751499982783571,3.101099980995059,1.9855000136885792,0.0,True,ok,4533,4533
245,5,0.5,2,215821.107464,215821.1152622,6.511500017950311,7.798200007528067,3.2876000041142106,2.012099983403459,0.0,True,ok,4334,4334
246,6,0.6000000000000001,2,215821.1406251,215821.1473927,6.059399980586022,6.767599988961592,2.9227999912109226,1.8856999813579023,0.0,True,ok,4462,4462
247,7,0.7000000000000001,2,215821.1736665,215821.1805291,6.362600019201636,6.8626000138465315,3.0423999996855855,2.1188000100664794,0.0,True,ok,4479,4479
248,8,0.8,2,215821.2075074,215821.2140986,6.080899998778477,6.591200013644993,3.05060000391677,1.8723000248428434,33.84089999599382,True,ok,4534,4534
249,9,0.9,2,215821.2403425,215821.2472155,5.794900003820658,6.873000005725771,2.848100004484877,1.8028999911621213,0.0,True,ok,4491,4491
250,10,1.0,2,215821.2738823,215821.2813762,7.041400007437915,7.49389998964034,3.234800009522587,2.5621000095270574,0.0,True,ok,4600,4600
251,11,1.1,2,215821.3069124,215821.3140097,6.405299995094538,7.097299996530637,3.2771999831311405,1.887099992018193,0.0,True,ok,4781,4781
252,12,1.2000000000000002,2,215821.3407014,215821.3472184,6.055700010620058,6.517000001622364,3.038900002138689,1.8460999999660999,0.0,True,ok,5044,5044
253,13,1.3,2,215821.3740059,215821.3811471,6.697400007396936,7.141200010664761,3.357500012498349,2.0662999886553735,33.30449998611584,True,ok,4620,4620
254,14,1.4000000000000001,2,215821.4070532,215821.4137796,6.210699997609481,6.7263999953866005,2.8705000004265457,2.142600016668439,0.0,True,ok,4785,4785
255,15,1.5,2,215821.4404175,215821.4472966,6.247000012081116,6.87909999396652,3.088400000706315,1.9277999817859381,0.0,True,ok,5045,5045
256,16,1.6,2,215821.4735852,215821.481736,7.5644999742507935,8.150799985742196,4.168100014794618,2.1084999898448586,0.0,True,ok,5382,5382
257,17,1.7000000000000002,2,215821.5072897,215821.5148264,6.8749999918509275,7.536699995398521,3.6885000008624047,1.9106999970972538,0.0,True,ok,5312,5312
258,18,1.8,2,215821.5404941,215821.5471411,5.932699976256117,6.6470000019762665,2.7802999829873443,1.9146999984513968,0.0,True,ok,5363,5363
259,19,1.9000000000000001,2,215821.5739126,215821.5815474,6.993500021053478,7.63480001478456,3.721299988683313,2.0604000019375235,0.0,True,ok,5455,5455
260,20,2.0,2,215821.6069787,215821.614041,6.497099995613098,7.062299991957843,3.035100002307445,2.068000001600012,0.0,True,ok,5508,5508
261,21,2.1,2,215821.6402784,215821.6476229,6.7968000075779855,7.3444999870844185,3.659300011349842,1.867699989816174,0.0,True,ok,5300,5300
262,22,2.2,2,215821.6736113,215821.6807817,6.451399996876717,7.170400000177324,2.959100005682558,2.1985000057611614,0.0,True,ok,5384,5384
263,23,2.3000000000000003,2,215821.7068481,215821.7135758,6.260399997700006,6.727700005285442,2.9394000011961907,2.0650999795179814,0.0,True,ok,5355,5355
264,24,2.4000000000000004,2,215821.7405418,215821.7478128,6.675199983874336,7.2709999803919345,3.342100011650473,2.1311999880708754,0.0,True,ok,5072,5072
265,25,2.5,2,215821.7735222,215821.7809578,6.9836999755352736,7.435599982272834,3.5134000063408166,2.28610000340268,0.0,True,ok,4851,4851
266,26,2.6,2,215821.8071843,215821.8140427,6.385899992892519,6.858399981865659,3.1284000142477453,2.0222000021021813,0.0,True,ok,4933,4933
267,27,2.7,2,215821.8407124,215821.8489847,7.550299982540309,8.272299979580566,4.357099998742342,1.9232000049669296,0.0,True,ok,4889,4889
268,28,2.8000000000000003,2,215821.873981,215821.8811953,6.7168000095989555,7.214299985207617,3.485799999907613,2.0286000217311084,0.0,True,ok,4508,4508
269,29,2.9000000000000004,2,215821.9070255,215821.9139053,6.242400006158277,6.879799999296665,2.962300000945106,2.0978999964427203,0.0,True,ok,4516,4516
270,30,3.0,2,215821.9401266,215821.9472458,6.2753999955020845,7.119199988665059,2.9891000012867153,2.11130001116544,0.0,True,ok,4326,4326
271,31,3.1,2,215821.9739458,215821.9806454,6.039300002157688,6.699599995044991,2.940700011095032,1.8752999894786626,0.0,True,ok,4407,4407
272,32,3.2,2,215822.0072059,215822.0139321,6.2132999883033335,6.726199993863702,2.9721000173594803,2.07570000202395,33.2600999972783,True,ok,4113,4113
273,33,3.3000000000000003,2,215822.0403185,215822.0470632,6.097400008002296,6.744700018316507,2.987499989103526,1.9557999912649393,0.0,True,ok,4211,4211
274,34,3.4000000000000004,2,215822.0736965,215822.0805185,5.837000004248694,6.821999995736405,2.6338000025134534,2.0414000027813017,0.0,True,ok,4198,4198
275,35,3.5,2,215822.1068836,215822.1144029,6.946200010133907,7.519300008425489,3.039800008991733,2.65499998931773,0.0,True,ok,4125,4125
276,36,3.6,2,215822.1402114,215822.1468472,6.149599998025224,6.635800004005432,2.897900005336851,2.1293000027071685,0.0,True,ok,4267,4267
277,37,3.7,2,215822.1735284,215822.181586,7.500699983211234,8.057600003667176,4.249000019626692,2.0858999923802912,0.0,True,ok,3805,3805
278,38,3.8000000000000003,2,215822.2071758,215822.2159225,7.851500005926937,8.746700012125075,4.390899994177744,2.291599987074733,0.0,True,ok,3921,3921
279,39,3.9000000000000004,2,215822.2401515,215822.2481631,7.481700013158843,8.011600002646446,4.1711000085342675,2.078999998047948,0.0,True,ok,3864,3864
280,40,4.0,2,215822.2740832,215822.2822828,7.7495000150520355,8.199600008083507,4.562999994959682,1.9685000006575137,0.0,True,ok,3828,3828
281,41,4.1000000000000005,2,215822.3070828,215822.3151239,7.548700028564781,8.041100023547187,4.489400016609579,1.9429000094532967,0.0,True,ok,3659,3659
282,42,4.2,2,215822.3401678,215822.3490379,8.185100014088675,8.870100020430982,4.469400009838864,2.5338999985251576,0.0,True,ok,3989,3989
283,43,4.3,2,215822.3737918,215822.3819943,7.529299997258931,8.202500001061708,4.432799993082881,1.968900003703311,0.0,True,ok,4294,4294
284,44,4.4,2,215822.4071772,215822.4160539,7.764700014377013,8.876700012478977,4.362700012279674,2.1923999884165823,0.0,True,ok,4623,4623
285,45,4.5,2,215822.4403271,215822.448871,8.059099985985085,8.543900010408834,4.490100021939725,2.3505999997723848,0.0,True,ok,4708,4708
286,46,4.6000000000000005,2,215822.4739197,215822.4822157,7.790400006342679,8.296000014524907,4.524999996647239,2.05500001902692,0.0,True,ok,4834,4834
287,47,4.7,2,215822.5072357,215822.5155917,7.690099999308586,8.356000005733222,4.30839997716248,2.1701000223401934,0.0,True,ok,4677,4677
288,48,4.800000000000001,2,215822.5402341,215822.5485683,7.681599992793053,8.334200014360249,4.374000011011958,2.0361999922897667,32.99839998362586,True,ok,4591,4591
289,49,4.9,2,215822.5737076,215822.5814279,7.275000010849908,7.720299996435642,4.058899998199195,1.9894999859388918,33.47350002150051,True,ok,4442,4442
290,50,5.0,2,215822.6070457,215822.616242,8.206099999370053,9.1963000013493,4.819999972824007,2.186400000937283,0.0,True,ok,4408,4408
291,51,5.1000000000000005,2,215822.6406341,215822.6496661,8.34580001537688,9.032000001752749,4.630700015695766,2.468499995302409,0.0,True,ok,4418,4418
292,52,5.2,2,215822.6738358,215822.6825897,8.00230001914315,8.753900008741766,4.318999999668449,2.0832000009249896,0.0,True,ok,4600,4600
293,53,5.300000000000001,2,215822.7071746,215822.7166465,8.456699986709282,9.47190000442788,4.432299989275634,2.810000005410984,33.33879998535849,True,ok,4489,4489
294,54,5.4,2,215822.740455,215822.7493624,7.797500002197921,8.90740001341328,4.531199985649437,2.0451000018510967,0.0,True,ok,4625,4625
295,55,5.5,2,215822.7739482,215822.7819925,7.620300020789728,8.044300018809736,4.294599988497794,2.135699993232265,0.0,True,ok,4379,4379
296,56,5.6000000000000005,2,215822.8068814,215822.8151539,7.801300002029166,8.272500010207295,4.6110000112093985,2.021400025114417,0.0,True,ok,4212,4212
297,57,5.7,2,215822.84066,215822.8493253,7.736100000329316,8.665300003485754,4.367299989098683,2.1471999934874475,0.0,True,ok,4229,4229
298,58,5.800000000000001,2,215822.8737435,215822.8821844,7.86139999399893,8.440899982815608,4.376299999421462,2.260800014482811,0.0,True,ok,4294,4294
299,59,5.9,2,215822.9068254,215822.9157953,8.310700010042638,8.969900023657829,4.997999989427626,2.0441999949980527,0.0,True,ok,4337,4337
300,60,6.0,2,215822.9404304,215822.9483481,7.399399997666478,7.91770001524128,4.1458000196143985,2.1297999774105847,0.0,True,ok,4334,4334
301,61,6.1000000000000005,2,215822.9734744,215822.9823875,8.267099998192862,8.913099998608232,4.399800003739074,2.3390999995172024,0.0,True,ok,4169,4169
302,62,6.2,2,215823.0072096,215823.015638,7.943800010252744,8.428400004049763,4.532699997071177,2.0835000032093376,0.0,True,ok,4172,4172
303,63,6.300000000000001,2,215823.0404525,215823.0485725,7.60650000302121,8.120000013150275,4.219700000248849,2.206400007707998,0.0,True,ok,4147,4147
304,64,6.4,2,215823.0735331,215823.0812898,7.208099996205419,7.756700011668727,4.068400012329221,1.9647000008262694,0.0,True,ok,4178,4178
305,65,6.5,2,215823.1068651,215823.1151722,7.672399980947375,8.307099982630461,4.333399992901832,2.112299989676103,0.0,True,ok,4169,4169
306,66,6.6000000000000005,2,215823.1400547,215823.1482645,7.736400002613664,8.209799998439848,4.455599992070347,1.9878000020980835,33.18959998432547,True,ok,4168,4168
307,67,6.7,2,215823.1739574,215823.1822111,7.5486999994609505,8.253700012573972,4.370200011180714,1.9355000113137066,0.0,True,ok,4086,4086
308,68,6.800000000000001,2,215823.2068432,215823.2153032,7.752000004984438,8.46000001183711,4.371999995782971,2.1481000003404915,0.0,True,ok,4379,4379
309,69,6.9,2,215823.2406318,215823.2488382,7.803199987392873,8.206400001654401,4.519299982348457,1.9354000105522573,0.0,True,ok,4282,4282
310,70,7.0,2,215823.2735763,215823.2821005,7.886099978350103,8.524199976818636,4.300800006603822,2.3077000223565847,0.0,True,ok,4247,4247
311,71,7.1000000000000005,2,215823.3069999,215823.3157216,8.217599999625236,8.721699996385723,4.459799994947389,2.275399980135262,0.0,True,ok,4354,4354
312,72,7.2,2,215823.3402164,215823.3491359,8.26279999455437,8.919499989133328,4.959599988069385,2.0241999882273376,0.0,True,ok,4628,4628
313,73,7.300000000000001,2,215823.3736664,215823.3825177,8.392199990339577,8.851299993693829,5.139799992321059,1.9865999929606915,0.0,True,ok,4287,4287
314,74,7.4,2,215823.4072877,215823.4158842,8.129099995130673,8.596499974373728,4.939100006595254,1.9170999876223505,0.0,True,ok,4455,4455
315,75,7.5,2,215823.4402543,215823.4488838,8.134900010190904,8.629500021925196,4.95160001446493,1.942100003361702,0.0,True,ok,4560,4560
316,76,7.6000000000000005,2,215823.4739105,215823.4840048,9.636900009354576,10.09429999976419,6.325399997876957,2.06540001090616,0.0,True,ok,4662,4662
317,77,7.7,2,215823.5069871,215823.5159647,8.51630000397563,8.977599994977936,5.300899996655062,1.9678999960888177,0.0,True,ok,4381,4381
318,78,7.800000000000001,2,215823.5401866,215823.5488296,7.926400023279712,8.643000008305535,4.639499995391816,1.9512999861035496,0.0,True,ok,4350,4350
319,79,7.9,2,215823.5735898,215823.5832162,9.219100000336766,9.626399987610057,6.176599999889731,1.8411999917589128,0.0,True,ok,4058,4058
320,80,8.0,2,215823.6073287,215823.6171951,9.117000008700415,9.866400010650977,5.796400015242398,2.0220000005792826,0.0,True,ok,4074,4074
321,81,8.1,2,215823.6403965,215823.6493404,8.350799995241687,8.943900000303984,4.944000014802441,2.0178999984636903,0.0,True,ok,4080,4080
322,82,8.200000000000001,2,215823.673607,215823.6832697,9.168699994916096,9.662700002081692,5.841200007125735,2.0129999902565032,0.0,True,ok,4288,4288
323,83,8.3,2,215823.7072692,215823.7160842,8.207699982449412,8.814999979222193,4.863700014539063,2.0779999904334545,0.0,True,ok,4269,4269
324,84,8.4,2,215823.7404756,215823.7494144,8.205299993278459,8.938799990573898,4.712399997515604,2.2547999978996813,0.0,True,ok,3996,3996
325,85,8.5,2,215823.7734855,215823.7820401,8.006099989870563,8.554600004572421,4.554999992251396,2.150000014808029,33.00989998388104,True,ok,4318,4318
326,86,8.6,2,215823.8071431,215823.8159863,8.373499993467703,8.843199990224093,4.863200010731816,2.140299999155104,0.0,True,ok,4410,4410
327,87,8.700000000000001,2,215823.8403102,215823.85046,9.64969999040477,10.149799985811114,6.125100015196949,2.250699995784089,0.0,True,ok,4345,4345
328,88,8.8,2,215823.8739364,215823.8831151,8.72660000459291,9.17870001285337,5.218400008743629,2.240500005427748,0.0,True,ok,3995,3995
329,89,8.9,2,215823.9073744,215823.916271,8.404099993640557,8.896599989384413,5.073900014394894,2.042499982053414,0.0,True,ok,4114,4114
330,90,9.0,2,215823.9401214,215823.9500917,9.405999997397885,9.970300015993416,4.66559999040328,3.4659000230021775,0.0,True,ok,4407,4407
331,91,9.1,2,215823.9738261,215823.9831867,8.586600015405566,9.360600000945851,5.208599992329255,2.078099991194904,0.0,True,ok,4504,4504
332,92,9.200000000000001,2,215824.0073155,215824.0166059,8.74729998758994,9.290399990277365,5.252700007986277,2.1730999869760126,0.0,True,ok,4602,4602
333,93,9.3,2,215824.0404965,215824.0499074,8.7253000237979,9.410900005605072,5.076600005850196,2.3111999907996505,0.0,True,ok,4719,4719
334,94,9.4,2,215824.073832,215824.0840526,9.324299986474216,10.220600001048297,4.812399973161519,2.194100001361221,0.0,True,ok,4623,4623
335,95,9.5,2,215824.1069957,215824.1162736,8.570899983169511,9.277899982407689,4.946700006257743,2.295899990713224,0.0,True,ok,4555,4555
336,96,9.600000000000001,2,215824.1405386,215824.1523775,10.616599989589304,11.838899983558804,4.871400014963001,4.415700008394197,0.0,True,ok,4902,4902
337,97,9.700000000000001,2,215824.1735101,215824.1830596,9.07180001377128,9.549500013235956,5.868300009751692,1.864899997599423,0.0,True,ok,4793,4793
338,98,9.8,2,215824.2073848,215824.2171737,8.748499996727332,9.78889997350052,5.026900005759671,2.3856000043451786,0.0,True,ok,4857,4857
339,99,9.9,2,215824.2404951,215824.2503446,9.328000014647841,9.849499998381361,5.004300008295104,2.706600003875792,0.0,True,ok,4985,4985
340,100,10.0,2,215824.2736747,215824.283904,9.745700022904202,10.229300009086728,5.546700005652383,2.7030000055674464,0.0,True,ok,4973,4973
341,101,10.100000000000001,2,215824.3073818,215824.3167588,8.831300016026944,9.37700000940822,5.507800000486895,1.9874999998137355,0.0,True,ok,4507,4507
342,102,10.200000000000001,2,215824.3403156,215824.3487458,7.903999998234212,8.43019998865202,4.595599981257692,1.9907999958377331,32.933800015598536,True,ok,4834,4834
343,103,10.3,2,215824.373719,215824.3825417,8.14290001289919,8.822700008749962,4.650199989555404,2.126400009728968,0.0,True,ok,4943,4943
344,104,10.4,2,215824.4068935,215824.4158489,8.267099998192862,8.955400000559166,4.906899994239211,1.9779999856837094,0.0,True,ok,5082,5082
345,105,10.5,2,215824.440725,215824.4503212,8.27050002408214,9.596200019586831,4.819199995836243,2.0434000180102885,0.0,True,ok,4986,4986
346,106,10.600000000000001,2,215824.4738889,215824.4825729,7.98439999925904,8.684000000357628,4.657599987694994,1.9997000053990632,0.0,True,ok,5037,5037
347,107,10.700000000000001,2,215824.5070523,215824.5165588,8.80070001585409,9.506500005954877,4.86559999990277,2.566600014688447,0.0,True,ok,5162,5162
348,108,10.8,2,215824.540257,215824.5489709,8.016100007807836,8.713900024304166,4.6187000116333365,2.07419999060221,0.0,True,ok,4884,4884
349,109,10.9,2,215824.5738458,215824.5833376,8.98600000073202,9.491799981333315,5.604999983916059,2.0413000020198524,0.0,True,ok,4890,4890
350,110,11.0,2,215824.606978,215824.6160293,8.343499997863546,9.051300003193319,4.900400002952665,2.1643000072799623,0.0,True,ok,4848,4848
351,111,11.100000000000001,2,215824.6405505,215824.6493191,8.168300002580509,8.768600004259497,4.856300016399473,1.9549000135157257,0.0,True,ok,5030,5030
352,112,11.200000000000001,2,215824.6734298,215824.6841835,10.250599996652454,10.753700014902279,6.839599984232336,2.0391999860294163,0.0,True,ok,5114,5114
353,113,11.3,2,215824.7070724,215824.7162982,8.523199998307973,9.225799993146211,4.916299978503957,2.1825000003445894,0.0,True,ok,5293,5293
354,114,11.4,2,215824.7404236,215824.7515538,10.523199976887554,11.130200000479817,5.5228999990504235,3.582799981813878,0.0,True,ok,5423,5423
355,115,11.5,2,215824.7734227,215824.7825302,8.377999998629093,9.10749999457039,4.786200006492436,2.2418999869842082,0.0,True,ok,5340,5340
356,116,11.600000000000001,2,215824.8069187,215824.8160901,8.608600008301437,9.171400015475228,5.042500008130446,2.2375000116880983,0.0,True,ok,5279,5279
357,117,11.700000000000001,2,215824.8404214,215824.8493773,8.44370000413619,8.955900004366413,4.846800002269447,2.22540000686422,0.0,True,ok,5498,5498
358,118,11.8,2,215824.8734523,215824.8828112,8.826099976431578,9.358899988001212,5.014599999412894,2.3464000259991735,0.0,True,ok,5517,5517
359,119,11.9,2,215824.9071839,215824.9164274,8.823099982691929,9.243499982403591,4.800199996680021,2.580700005637482,33.73160000774078,True,ok,5266,5266
360,0,0.0,3,215824.9438815,215824.9531242,8.741099998587742,9.242700005415827,5.20189999951981,2.161499985959381,0.0,True,ok,4708,4708
361,1,0.1,3,215824.973666,215824.9824044,8.118300000205636,8.73840000713244,4.751300002681091,2.0129000185988843,0.0,True,ok,4681,4681
362,2,0.2,3,215825.0070823,215825.0172752,8.84669998777099,10.192899993853644,5.333200009772554,2.0075000065844506,0.0,True,ok,4360,4360
363,3,0.30000000000000004,3,215825.040312,215825.0507201,9.189300006255507,10.408100002678111,5.647499987389892,2.2085000236984342,0.0,True,ok,4532,4532
364,4,0.4,3,215825.073429,215825.0836058,9.744699986185879,10.176799987675622,6.32489999406971,2.0745999936480075,0.0,True,ok,4533,4533
365,5,0.5,3,215825.1070806,215825.1162833,8.537900022929534,9.202700020978227,4.922499996609986,2.2160999942570925,0.0,True,ok,4334,4334
366,6,0.6000000000000001,3,215825.1403072,215825.1488302,8.0080000043381,8.522999996785074,4.661000013584271,1.9971999863628298,0.0,True,ok,4462,4462
367,7,0.7000000000000001,3,215825.1734642,215825.1825485,8.448699984000996,9.084299992537126,4.851100005907938,2.2267000167630613,0.0,True,ok,4479,4479
368,8,0.8,3,215825.2070803,215825.2160811,8.319499989738688,9.0007999970112,4.979900026228279,1.9963000086136162,0.0,True,ok,4534,4534
369,9,0.9,3,215825.2400401,215825.248733,8.164399972883984,8.692899980815127,4.909399984171614,1.930099999299273,0.0,True,ok,4491,4491
370,10,1.0,3,215825.2740074,215825.2840563,8.97710002027452,10.048900003312156,5.3555000049527735,2.1784999989904463,0.0,True,ok,4600,4600
371,11,1.1,3,215825.307134,215825.3176466,9.79919999372214,10.512599983485416,4.887699993560091,3.4770000202115625,0.0,True,ok,4781,4781
372,12,1.2000000000000002,3,215825.3406685,215825.3501873,8.965000015450642,9.518800012301654,5.2727000147569925,2.192700019804761,0.0,True,ok,5044,5044
373,13,1.3,3,215825.3738229,215825.383012,8.550700003979728,9.189100004732609,4.730300017399713,2.406999992672354,0.0,True,ok,4620,4620
374,14,1.4000000000000001,3,215825.4070628,215825.4164562,8.912999997846782,9.39340001787059,5.040499992901459,2.314000012120232,0.0,True,ok,4785,4785
375,15,1.5,3,215825.4400887,215825.4488539,8.36959999287501,8.76519997837022,4.947400011587888,1.9863999914377928,0.0,True,ok,5045,5045
376,16,1.6,3,215825.4739666,215825.4846244,10.175200004596263,10.657800012268126,6.278399989241734,2.3978000099305063,0.0,True,ok,5382,5382
377,17,1.7000000000000002,3,215825.5069946,215825.5176254,10.177700023632497,10.630800010403618,5.694299994502217,2.9282000032253563,0.0,True,ok,5312,5312
378,18,1.8,3,215825.5402037,215825.5488761,7.981999980984256,8.672399999340996,4.456199996639043,2.0468999864533544,0.0,True,ok,5363,5363
379,19,1.9000000000000001,3,215825.5735446,215825.5837484,9.77720000082627,10.20380001864396,6.262999988393858,2.0871000015176833,33.34090000134893,True,ok,5455,5455
380,20,2.0,3,215825.6069705,215825.6159787,8.3738999965135,9.00819999515079,4.800700000487268,2.1536999847739935,0.0,True,ok,5508,5508
381,21,2.1,3,215825.640285,215825.6490638,8.213499997509643,8.778799994615838,4.761699994560331,1.9514999876264483,33.314500004053116,True,ok,5300,5300
382,22,2.2,3,215825.6738083,215825.6826612,8.417200006078929,8.852900005877018,4.828100005397573,2.131099987309426,0.0,True,ok,5384,5384
383,23,2.3000000000000003,3,215825.7071397,215825.7158684,8.263600000645965,8.728699991479516,4.662999999709427,2.1773000189568847,0.0,True,ok,5355,5355
384,24,2.4000000000000004,3,215825.7405108,215825.7495476,8.217099995817989,9.036799980094656,4.745199985336512,2.1129999950062484,0.0,True,ok,5072,5072
385,25,2.5,3,215825.773534,215825.7851697,11.158599983900785,11.635699978796765,6.760899996152148,2.872400014894083,33.02319999784231,True,ok,4851,4851
386,26,2.6,3,215825.8067277,215825.8154539,8.303799986606464,8.726200001547113,4.830599995329976,2.023399982135743,0.0,True,ok,4933,4933
387,27,2.7,3,215825.8405477,215825.8495976,8.34150001173839,9.049899992533028,4.879600019194186,2.0794000010937452,0.0,True,ok,4889,4889
388,28,2.8000000000000003,3,215825.8735193,215825.883005,8.995900017907843,9.485700022196397,5.201399995712563,2.350099995965138,0.0,True,ok,4508,4508
389,29,2.9000000000000004,3,215825.9071392,215825.9161394,8.422200015047565,9.000200021546334,4.94860002072528,1.9914000004064292,0.0,True,ok,4516,4516
390,30,3.0,3,215825.9405877,215825.9496921,8.641299995360896,9.10440000006929,5.073699983768165,2.22090000170283,0.0,True,ok,4326,4326
391,31,3.1,3,215825.9738602,215825.9825162,8.06150000425987,8.655999990878627,4.751600004965439,1.9410999957472086,0.0,True,ok,4407,4407
392,32,3.2,3,215826.0069856,215826.0163934,8.206300000892952,9.407800011103973,4.853899998124689,2.0300000032875687,0.0,True,ok,4113,4113
393,33,3.3000000000000003,3,215826.0405256,215826.0494966,8.176800009096041,8.97100000292994,4.925299988826737,1.9617999787442386,0.0,True,ok,4211,4211
394,34,3.4000000000000004,3,215826.0739454,215826.0835939,8.622699999250472,9.648499981267378,5.376400018576533,1.9141999946441501,33.419800020055845,True,ok,4198,4198
395,35,3.5,3,215826.1070977,215826.1163914,8.452699985355139,9.293699986301363,4.889000003458932,2.2708000033162534,0.0,True,ok,4125,4125
396,36,3.6,3,215826.1401604,215826.1489379,8.321400004206225,8.777499984716997,4.861300025368109,2.199300011852756,0.0,True,ok,4267,4267
397,37,3.7,3,215826.1736663,215826.1827528,8.160099998349324,9.086500009289011,4.881700006080791,2.007000002777204,0.0,True,ok,3805,3805
398,38,3.8000000000000003,3,215826.2068314,215826.2157815,8.47630001953803,8.950100018410012,4.9943999911192805,2.1889999916311353,0.0,True,ok,3921,3921
399,39,3.9000000000000004,3,215826.240509,215826.2500375,8.245899982284755,9.528499998850748,4.89969999762252,2.1081999875605106,0.0,True,ok,3864,3864
400,40,4.0,3,215826.2736672,215826.2839711,9.664099983638152,10.303899995051324,6.381999992299825,2.002699999138713,0.0,True,ok,3828,3828
401,41,4.1000000000000005,3,215826.3071794,215826.3174801,8.91619999310933,10.300699999788776,5.820799997309223,1.8828999891411513,0.0,True,ok,3659,3659
402,42,4.2,3,215826.3403722,215826.3496399,8.351399999810383,9.267699992051348,4.885400005150586,2.1863000001758337,0.0,True,ok,3989,3989
403,43,4.3,3,215826.3737061,215826.3826002,8.379300008527935,8.89409999945201,4.879699990851805,2.144500002032146,33.333900006255135,True,ok,4294,4294
404,44,4.4,3,215826.4071853,215826.4164657,8.7059999932535,9.280400001443923,5.041099997470155,2.2207000001799315,0.0,True,ok,4623,4623
405,45,4.5,3,215826.4403042,215826.4500204,9.096599998883903,9.716200002003461,5.051799991633743,2.7388999878894538,0.0,True,ok,4708,4708
406,46,4.6000000000000005,3,215826.4739963,215826.4842967,9.839499980444089,10.300399997504428,6.3489000021945685,2.0274999842513353,0.0,True,ok,4834,4834
407,47,4.7,3,215826.5072338,215826.516262,8.487099985359237,9.028200001921505,4.946000000927597,2.184299984946847,0.0,True,ok,4677,4677
408,48,4.800000000000001,3,215826.5405374,215826.5491698,8.059600018896163,8.632400014903396,4.735099995741621,2.0457000064197928,0.0,True,ok,4591,4591
409,49,4.9,3,215826.5734646,215826.5838241,9.969500009901822,10.35950001096353,6.707299995468929,1.9983999955002218,0.0,True,ok,4442,4442
410,50,5.0,3,215826.607228,215826.616676,8.302700007334352,9.447999997064471,4.7932999732438475,2.1892999939154834,0.0,True,ok,4408,4408
411,51,5.1000000000000005,3,215826.6405069,215826.6494639,8.311199984746054,8.956999983638525,4.874799982644618,2.08760000532493,0.0,True,ok,4418,4418
412,52,5.2,3,215826.6739247,215826.6835379,9.126899996772408,9.613200003514066,5.128299992065877,2.6431999867781997,0.0,True,ok,4600,4600
413,53,5.300000000000001,3,215826.7069502,215826.7160908,8.654200006276369,9.140600013779476,4.899099993053824,2.1712000016123056,0.0,True,ok,4489,4489
414,54,5.4,3,215826.740307,215826.7491483,8.273500017821789,8.841300004860386,4.620199993951246,2.1380000107456,0.0,True,ok,4625,4625
415,55,5.5,3,215826.7739384,215826.7843693,9.565899992594495,10.430900001665577,6.150300003355369,2.1450999774970114,0.0,True,ok,4379,4379
416,56,5.6000000000000005,3,215826.8072637,215826.816415,8.291300007840618,9.151300007943064,5.072400002973154,1.9700999837368727,0.0,True,ok,4212,4212
417,57,5.7,3,215826.8402941,215826.8493362,8.523199998307973,9.04209999134764,5.036999995354563,2.2477000020444393,0.0,True,ok,4229,4229
418,58,5.800000000000001,3,215826.8735699,215826.882767,8.537599991541356,9.197100007440895,4.982899990864098,2.18540002242662,0.0,True,ok,4294,4294
419,59,5.9,3,215826.9069022,215826.9159641,8.508200000505894,9.061899996595457,4.822199989575893,2.193300024373457,0.0,True,ok,4337,4337
420,60,6.0,3,215826.9404092,215826.950282,9.305300016421825,9.872800001176074,5.117999971844256,2.827499993145466,0.0,True,ok,4334,4334
421,61,6.1000000000000005,3,215826.9735039,215826.9843021,10.19800000358373,10.798200004501268,6.7783000122290105,2.1043999877292663,0.0,True,ok,4169,4169
422,62,6.2,3,215827.0070947,215827.0158841,8.30719998339191,8.789399988017976,4.954799980623648,2.0705999922938645,0.0,True,ok,4172,4172
423,63,6.300000000000001,3,215827.040453,215827.0510721,9.488000010605901,10.619100008625537,6.060599989723414,2.070300019113347,0.0,True,ok,4147,4147
424,64,6.4,3,215827.0735466,215827.0836263,9.468100004596636,10.079700005007908,6.306600000243634,1.9482999923639,0.0,True,ok,4178,4178
425,65,6.5,3,215827.1070041,215827.1170233,9.367899998323992,10.019200009992346,5.980899994028732,1.9629999878816307,0.0,True,ok,4169,4169
426,66,6.6000000000000005,3,215827.1406591,215827.1505451,8.991100010462105,9.886000014375895,5.557900003623217,2.0773999858647585,0.0,True,ok,4168,4168
427,67,6.7,3,215827.1739837,215827.1828277,8.004899980733171,8.843999996315688,4.85230001504533,1.8983999907504767,0.0,True,ok,4086,4086
428,68,6.800000000000001,3,215827.2069925,215827.2165797,8.487799990689382,9.587200009264052,5.007400002796203,2.051500021480024,0.0,True,ok,4379,4379
429,69,6.9,3,215827.240481,215827.2492825,8.245500008342788,8.801500021945685,5.016099981730804,1.9339999998919666,0.0,True,ok,4282,4282
430,70,7.0,3,215827.2734928,215827.2842895,10.058100015157834,10.796699993079528,6.529100006446242,2.204100019298494,33.01180002745241,True,ok,4247,4247
431,71,7.1000000000000005,3,215827.3069823,215827.3155757,8.07919999351725,8.593399979872629,4.727599996840581,2.0504999847617,0.0,True,ok,4354,4354
432,72,7.2,3,215827.3405252,215827.3497094,8.48509999923408,9.184199996525422,5.241700011538342,1.9660000107251108,0.0,True,ok,4628,4628
433,73,7.300000000000001,3,215827.3740344,215827.38423,8.930299984058365,10.195599985308945,5.017399991629645,2.068000001600012,0.0,True,ok,4287,4287
434,74,7.4,3,215827.4069816,215827.4160112,8.582299982663244,9.029599983477965,5.112099985126406,2.1844999864697456,0.0,True,ok,4455,4455
435,75,7.5,3,215827.4406299,215827.4496699,8.468000014545396,9.040000004461035,5.092800012789667,2.057599980616942,0.0,True,ok,4560,4560
436,76,7.6000000000000005,3,215827.4735166,215827.4842312,9.472500008996576,10.714600008213893,6.183699995744973,1.9561999943107367,0.0,True,ok,4662,4662
437,77,7.7,3,215827.5070674,215827.5163642,8.443900005659088,9.296800009906292,5.027200008044019,2.146699989680201,0.0,True,ok,4381,4381
438,78,7.800000000000001,3,215827.5402661,215827.552143,11.14469999447465,11.876900010975078,6.028800009516999,3.7754999939352274,33.1986999954097,True,ok,4350,4350
439,79,7.9,3,215827.5740132,215827.5837928,9.203299996443093,9.779599989997223,6.029900017892942,1.9644999993033707,0.0,True,ok,4058,4058
440,80,8.0,3,215827.6068891,215827.6157334,8.139399986248463,8.844299998600036,4.9285999848507345,1.9294999947305769,0.0,True,ok,4074,4074
441,81,8.1,3,215827.6401922,215827.6491125,8.262399991508573,8.920299995224923,5.012100009480491,1.9080000056419522,0.0,True,ok,4080,4080
442,82,8.200000000000001,3,215827.6738801,215827.6840037,9.650399995734915,10.123600019142032,6.327200011583045,1.8939000146929175,0.0,True,ok,4288,4288
443,83,8.3,3,215827.7068155,215827.7155803,8.16949998261407,8.764800004428253,4.947599984006956,1.9390999805182219,0.0,True,ok,4269,4269
444,84,8.4,3,215827.7404355,215827.7492522,8.215200010454282,8.816700021270663,4.662799998186529,2.1889000199735165,0.0,True,ok,3996,3996
445,85,8.5,3,215827.7739933,215827.783279,8.772100001806393,9.285699983593076,5.323799996403977,2.1668999979738146,0.0,True,ok,4318,4318
446,86,8.6,3,215827.806908,215827.8156535,8.23030000901781,8.745500002987683,4.9233000027015805,2.0228000066708773,0.0,True,ok,4410,4410
447,87,8.700000000000001,3,215827.840192,215827.8489021,8.041799999773502,8.710099995369092,4.866600007517263,1.8776999786496162,0.0,True,ok,4345,4345
448,88,8.8,3,215827.8736329,215827.8831695,8.790899999439716,9.536600002320483,4.797800007509068,2.3018000065349042,0.0,True,ok,3995,3995
449,89,8.9,3,215827.9071588,215827.9161735,8.342400018591434,9.014700015541166,4.967999993823469,2.107900014379993,0.0,True,ok,4114,4114
450,90,9.0,3,215827.9406207,215827.9495272,8.424200001172721,8.906499977456406,4.936100012855604,2.2218000085558742,0.0,True,ok,4407,4407
451,91,9.1,3,215827.9735976,215827.9860085,11.837800004286692,12.410900002578273,6.139900011476129,4.368499998236075,0.0,True,ok,4504,4504
452,92,9.200000000000001,3,215828.0071699,215828.0171719,9.284100000513718,10.001999995438382,5.324099998688325,2.6320999895688146,0.0,True,ok,4602,4602
453,93,9.3,3,215828.0409849,215828.0515123,10.003600007621571,10.527400008868426,4.932200012262911,3.729499992914498,0.0,True,ok,4719,4719
454,94,9.4,3,215828.0735183,215828.0821588,8.002400019904599,8.640500018373132,4.597099992679432,2.127500018104911,0.0,True,ok,4623,4623
455,95,9.5,3,215828.1070454,215828.1166739,8.460599987301975,9.628500003600493,4.788999998709187,2.3920999956317246,33.5270999930799,True,ok,4555,4555
456,96,9.600000000000001,3,215828.1401803,215828.1493501,8.39609999093227,9.169800003292039,4.735100024845451,2.0634999964386225,0.0,True,ok,4902,4902
457,97,9.700000000000001,3,215828.1738824,215828.1825336,7.9443999857176095,8.651199983432889,4.6307999873533845,2.0357000175863504,0.0,True,ok,4793,4793
458,98,9.8,3,215828.2069079,215828.2165949,9.035800001583993,9.687000012490898,4.853099992033094,2.884400018956512,0.0,True,ok,4857,4857
459,99,9.9,3,215828.2403001,215828.2497792,8.982500003185123,9.479100001044571,5.158499989192933,2.444100013235584,0.0,True,ok,4985,4985
460,100,10.0,3,215828.2738247,215828.2832836,8.833700005197898,9.458899992750958,5.621999996947125,1.9432000117376447,0.0,True,ok,4973,4973
461,101,10.100000000000001,3,215828.3067841,215828.3155431,8.262000017566606,8.759000018471852,5.0122999818995595,1.972999976715073,0.0,True,ok,4507,4507
462,102,10.200000000000001,3,215828.3406143,215828.349343,8.234300010371953,8.728700020583346,4.98410000000149,1.8535999988671392,0.0,True,ok,4834,4834
463,103,10.3,3,215828.3737666,215828.3831064,8.47490000887774,9.339799988083541,4.79750000522472,2.0862999954260886,0.0,True,ok,4943,4943
464,104,10.4,3,215828.4070245,215828.4179089,9.50010001542978,10.884400020586327,5.981400026939809,2.230600017355755,0.0,True,ok,5082,5082
465,105,10.5,3,215828.4401106,215828.4512757,10.386800015112385,11.165100004291162,4.840799985686317,3.485299996100366,0.0,True,ok,4986,4986
466,106,10.600000000000001,3,215828.4737542,215828.4836138,9.14149999152869,9.859599987976253,5.708299984689802,2.193000022089109,0.0,True,ok,5037,5037
467,107,10.700000000000001,3,215828.506852,215828.5169987,8.986600005300716,10.146700020413846,5.728499992983416,2.0169000199530274,0.0,True,ok,5162,5162
468,108,10.8,3,215828.5405975,215828.5489692,7.8622000000905246,8.371700008865446,4.641200008336455,2.039200015133247,0.0,True,ok,4884,4884
469,109,10.9,3,215828.5738124,215828.5832805,8.146399981342256,9.468100004596636,4.792100022314116,2.1012999932281673,0.0,True,ok,4890,4890
470,110,11.0,3,215828.6070568,215828.6159339,8.378700003959239,8.877099986420944,4.97969999560155,2.1869000047445297,0.0,True,ok,4848,4848
471,111,11.100000000000001,3,215828.6403374,215828.6506355,8.92670001485385,10.298100009094924,5.361199990147725,2.329199982341379,0.0,True,ok,5030,5030
472,112,11.200000000000001,3,215828.6736472,215828.6823146,8.192800014512613,8.66740001947619,4.948699992382899,2.0176999969407916,33.30979999736883,True,ok,5114,5114
473,113,11.3,3,215828.7069157,215828.7157684,8.418699988396838,8.85270000435412,4.943500010995194,2.213899977505207,0.0,True,ok,5293,5293
474,114,11.4,3,215828.7402432,215828.748705,7.8538999950978905,8.461799996439368,4.661999992094934,1.9826999923679978,0.0,True,ok,5423,5423
475,115,11.5,3,215828.7737762,215828.7824981,8.169199980329722,8.721899997908622,4.721100005554035,2.1964999905321747,0.0,True,ok,5340,5340
476,116,11.600000000000001,3,215828.8071424,215828.8173012,9.669699997175485,10.158799996133894,6.336199992801994,2.1321999956853688,0.0,True,ok,5279,5279
477,117,11.700000000000001,3,215828.84027,215828.849371,8.585599978687242,9.101000003283843,5.271800007903948,2.0330999977886677,0.0,True,ok,5498,5498
478,118,11.8,3,215828.8738663,215828.8834914,9.147099975962192,9.625099977711216,5.094300024211407,2.265499992063269,0.0,True,ok,5517,5517
479,119,11.9,3,215828.9072471,215828.9173254,9.155199979431927,10.078299994347617,4.9749000172596425,2.9525000136345625,0.0,True,ok,5266,5266
480,0,0.0,4,215828.9438611,215828.9522786,7.964399992488325,8.417499979259446,4.63740000850521,2.1299999789334834,0.0,True,ok,4708,4708
481,1,0.1,4,215828.9739956,215828.9836006,8.95780001883395,9.604999999282882,5.715800012694672,1.9933000148739666,0.0,True,ok,4681,4681
482,2,0.2,4,215829.0071787,215829.0158366,7.982800016179681,8.657900005346164,4.722400015452877,1.8833000212907791,0.0,True,ok,4360,4360
483,3,0.30000000000000004,4,215829.0406165,215829.0497894,8.492299995850772,9.172899997793138,4.645200009690598,2.601099986350164,0.0,True,ok,4532,4532
484,4,0.4,4,215829.0737855,215829.0829799,8.687099994858727,9.194400015985593,5.334099987521768,2.1095999982208014,0.0,True,ok,4533,4533
485,5,0.5,4,215829.1071223,215829.1157959,8.097799989627674,8.673600008478388,4.735299997264519,2.1647000103257596,0.0,True,ok,4334,4334
486,6,0.6000000000000001,4,215829.1405971,215829.1490305,7.744100003037602,8.4334000130184,4.698600008850917,1.8640999915078282,0.0,True,ok,4462,4462
487,7,0.7000000000000001,4,215829.1734632,215829.1832976,9.369299979880452,9.834399999817833,6.2898999894969165,1.889800012577325,0.0,True,ok,4479,4479
488,8,0.8,4,215829.206789,215829.2157231,8.304599992698058,8.93410001299344,5.023700010497123,2.0647000055760145,0.0,True,ok,4534,4534
489,9,0.9,4,215829.2405291,215829.249307,7.962399977259338,8.777899987762794,4.825299984076992,1.9083000079263002,0.0,True,ok,4491,4491
490,10,1.0,4,215829.2734371,215829.2829879,9.021099976962432,9.550799994030967,5.635100009385496,2.1678000048268586,0.0,True,ok,4600,4600
491,11,1.1,4,215829.3070726,215829.3161591,8.19180000689812,9.086500009289011,4.605699999956414,2.3264999908860773,0.0,True,ok,4781,4781
492,12,1.2000000000000002,4,215829.340524,215829.3494526,8.22719998541288,8.928600000217557,4.6225999831222,2.3874000180512667,0.0,True,ok,5044,5044
493,13,1.3,4,215829.3737996,215829.3829005,8.611800003563985,9.100900002522394,4.997999989427626,2.3221000155899674,0.0,True,ok,4620,4620
494,14,1.4000000000000001,4,215829.4068739,215829.4170281,9.665599995059893,10.154199990211055,6.098599988035858,2.061700011836365,0.0,True,ok,4785,4785
495,15,1.5,4,215829.4404344,215829.4488428,8.028299984289333,8.408399997279048,4.961300001014024,1.8229999986942858,0.0,True,ok,5045,5045
496,16,1.6,4,215829.4737606,215829.4830748,8.7370999972336,9.314199996879324,5.409399978816509,2.0594999950844795,0.0,True,ok,5382,5382
497,17,1.7000000000000002,4,215829.5068724,215829.5156268,8.309700002428144,8.754400012549013,5.018399999244139,2.0212999952491373,0.0,True,ok,5312,5312
498,18,1.8,4,215829.5403039,215829.5489313,7.846099993912503,8.62740000593476,4.442200006451458,2.1166000224184245,0.0,True,ok,5363,5363
499,19,1.9000000000000001,4,215829.5734931,215829.5828068,8.628100011264905,9.313699993072078,4.654999997001141,2.700799988815561,0.0,True,ok,5455,5455
500,20,2.0,4,215829.6070265,215829.6165527,8.676099998410791,9.526200010441244,5.197799997404218,2.1980999736115336,0.0,True,ok,5508,5508
501,21,2.1,4,215829.6404574,215829.6492239,8.121199993183836,8.76649998826906,4.654199990909547,1.9869999960064888,0.0,True,ok,5300,5300
502,22,2.2,4,215829.6735984,215829.6839028,9.820300008868799,10.304399998858571,6.298299995251,2.217200002633035,33.14099999261089,True,ok,5384,5384
503,23,2.3000000000000003,4,215829.7071788,215829.7155324,7.767900009639561,8.353600016562268,4.375700023956597,2.1179000032134354,0.0,True,ok,5355,5355
504,24,2.4000000000000004,4,215829.740385,215829.7487148,7.963999989442527,8.329799980856478,4.68040001578629,2.08459998248145,0.0,True,ok,5072,5072
505,25,2.5,4,215829.7737838,215829.7832023,8.209699997678399,9.41850000526756,4.726800019852817,2.2536999895237386,0.0,True,ok,4851,4851
506,26,2.6,4,215829.8073112,215829.8160046,8.03779999841936,8.693399984622374,4.7587000008206815,2.0440999942366034,0.0,True,ok,4933,4933
507,27,2.7,4,215829.8401892,215829.8489074,8.008900011191145,8.718199998838827,4.888299998128787,1.9088999833911657,0.0,True,ok,4889,4889
508,28,2.8000000000000003,4,215829.8735047,215829.8824931,8.518900023773313,8.988400019006804,5.083099997136742,2.2490000119432807,0.0,True,ok,4508,4508
509,29,2.9000000000000004,4,215829.9068327,215829.915567,8.141099999193102,8.734299975913018,4.905899986624718,1.8351000035181642,0.0,True,ok,4516,4516
510,30,3.0,4,215829.940412,215829.9491126,8.020600012969226,8.700600010342896,4.960300022503361,1.8853999790735543,33.57929998310283,True,ok,4326,4326
511,31,3.1,4,215829.9734632,215829.9842037,10.346600000048056,10.740500001702458,6.849299999885261,2.2649999882560223,0.0,True,ok,4407,4407
512,32,3.2,4,215830.0072191,215830.0173467,8.684400003403425,10.127600020496175,5.5047000059857965,2.008500014198944,0.0,True,ok,4113,4113
513,33,3.3000000000000003,4,215830.040414,215830.0493596,8.102399995550513,8.945600013248622,4.805300006410107,2.122700010659173,0.0,True,ok,4211,4211
514,34,3.4000000000000004,4,215830.0738249,215830.0834826,9.013400005642325,9.657699993113056,5.913799977861345,1.9441000185906887,0.0,True,ok,4198,4198
515,35,3.5,4,215830.1072142,215830.1163407,8.29840000369586,9.126500022830442,4.96340001700446,2.2028000093996525,0.0,True,ok,4125,4125
516,36,3.6,4,215830.1403007,215830.1495647,8.796599984634668,9.263999992981553,5.226400011451915,2.4563999904785305,0.0,True,ok,4267,4267
517,37,3.7,4,215830.1737001,215830.1830516,8.463600010145456,9.351500018965453,5.180800013476983,2.13060001260601,0.0,True,ok,3805,3805
518,38,3.8000000000000003,4,215830.2073186,215830.21661,8.73699999647215,9.291399997891858,5.199999985052273,2.375899988692254,0.0,True,ok,3921,3921
519,39,3.9000000000000004,4,215830.2402843,215830.2506207,9.731500002089888,10.336400009691715,4.821000009542331,3.7754999939352274,0.0,True,ok,3864,3864
520,40,4.0,4,215830.2740142,215830.2833326,8.471499982988462,9.318399999756366,5.101900023873895,2.0708999945782125,0.0,True,ok,3828,3828
521,41,4.1000000000000005,4,215830.306696,215830.3154847,8.138800010783598,8.788699982687831,4.9885000044014305,2.0078000088687986,0.0,True,ok,3659,3659
522,42,4.2,4,215830.3402855,215830.3502409,9.303400001954287,9.955400018952787,4.75289998576045,3.139599983114749,0.0,True,ok,3989,3989
523,43,4.3,4,215830.3736681,215830.3826183,8.48819999373518,8.950200019171461,5.272299982607365,2.0300999749451876,33.382599998731166,True,ok,4294,4294
524,44,4.4,4,215830.4068637,215830.4158614,8.175099996151403,8.9977000025101,4.647900001145899,2.2600999800488353,0.0,True,ok,4623,4623
525,45,4.5,4,215830.4403595,215830.449948,8.528599981218576,9.588499990059063,4.881000000750646,2.457399998093024,0.0,True,ok,4708,4708
526,46,4.6000000000000005,4,215830.473728,215830.4848035,10.410000017145649,11.075499991420656,6.4509000221733,2.7310000150464475,0.0,True,ok,4834,4834
527,47,4.7,4,215830.5071265,215830.5160396,8.44080001115799,8.913100027712062,5.075399996712804,2.171600004658103,0.0,True,ok,4677,4677
528,48,4.800000000000001,4,215830.5402547,215830.5489489,7.977899978868663,8.694199990713969,4.698700009612367,2.118900010827929,0.0,True,ok,4591,4591
529,49,4.9,4,215830.573707,215830.5836444,9.52379999216646,9.937399998307228,6.4039000135380775,1.9234000064898282,0.0,True,ok,4442,4442
530,50,5.0,4,215830.6070855,215830.6160518,8.461899997200817,8.966299996245652,5.050000007031485,2.219599991803989,0.0,True,ok,4408,4408
531,51,5.1000000000000005,4,215830.6405435,215830.6494665,8.211400010623038,8.923000015784055,4.956399992806837,2.0696999854408205,0.0,True,ok,4418,4418
532,52,5.2,4,215830.6734252,215830.6818729,7.810199982486665,8.447700005490333,4.522100003669038,2.0628999918699265,0.0,True,ok,4600,4600
533,53,5.300000000000001,4,215830.7072025,215830.715968,8.088800008408725,8.765500009758398,4.876199993304908,2.0247999927960336,0.0,True,ok,4489,4489
534,54,5.4,4,215830.7404461,215830.75067,9.74740000674501,10.223899997072294,6.216899986611679,2.223099989350885,0.0,True,ok,4625,4625
535,55,5.5,4,215830.7737658,215830.7836174,9.139600006164983,9.851600014371797,5.890700005693361,2.0761000050697476,0.0,True,ok,4379,4379
536,56,5.6000000000000005,4,215830.8070568,215830.8160335,8.52230002055876,8.976700017228723,4.912000003969297,2.2742000001017004,0.0,True,ok,4212,4212
537,57,5.7,4,215830.8409736,215830.8496022,7.949799997732043,8.628600015072152,4.73069999134168,2.0785999950021505,0.0,True,ok,4229,4229
538,58,5.800000000000001,4,215830.8736637,215830.8835942,9.284699975978583,9.930499974871054,6.040100008249283,2.04320001648739,0.0,True,ok,4294,4294
539,59,5.9,4,215830.9067379,215830.9151862,8.039999986067414,8.448300010059029,4.690200003096834,2.1760000090580434,0.0,True,ok,4337,4337
540,60,6.0,4,215830.9404424,215830.9489915,8.096599980490282,8.549099991796538,4.765699995914474,2.1659000194631517,33.704500005114824,True,ok,4334,4334
541,61,6.1000000000000005,4,215830.9734653,215830.984652,10.785700025735423,11.186700023245066,7.083100004820153,2.2447999799624085,0.0,True,ok,4169,4169
542,62,6.2,4,215831.0071218,215831.0160356,8.24510000529699,8.913800003938377,4.983699996955693,2.0864999969489872,0.0,True,ok,4172,4172
543,63,6.300000000000001,4,215831.0403509,215831.0492989,8.350699994480237,8.948000002419576,4.908000002615154,2.072999981464818,0.0,True,ok,4147,4147
544,64,6.4,4,215831.0738822,215831.0837228,9.426299977349117,9.840599988820031,6.28939998568967,2.006199996685609,0.0,True,ok,4178,4178
545,65,6.5,4,215831.1071104,215831.1157437,8.11029999749735,8.63330002175644,4.947299981722608,2.0012000168208033,0.0,True,ok,4169,4169
546,66,6.6000000000000005,4,215831.1405598,215831.1489164,7.687600009376183,8.356600010301918,4.679800011217594,1.8345999997109175,0.0,True,ok,4168,4168
547,67,6.7,4,215831.1740688,215831.1830915,8.105199987767264,9.022699989145622,4.817000008188188,2.0696000137832016,0.0,True,ok,4086,4086
548,68,6.800000000000001,4,215831.2072445,215831.2161593,8.434100018348545,8.91480001155287,5.124299990711734,2.1146000071894377,0.0,True,ok,4379,4379
549,69,6.9,4,215831.2403594,215831.2490719,7.910500018624589,8.712500013643876,4.598700004862621,2.072200004477054,0.0,True,ok,4282,4282
550,70,7.0,4,215831.2736497,215831.2828407,8.113499992759898,9.191000019200146,4.688799992436543,2.2437000006902963,0.0,True,ok,4247,4247
551,71,7.1000000000000005,4,215831.3069464,215831.3158622,8.305399998789653,8.915799990063533,5.053500004578382,2.0451000018510967,0.0,True,ok,4354,4354
552,72,7.2,4,215831.340336,215831.3518814,10.543400014284998,11.545400018803775,5.774299992481247,3.444600006332621,33.38959999382496,True,ok,4628,4628
553,73,7.300000000000001,4,215831.3735964,215831.3823645,8.290300000226125,8.76810000045225,5.013400019379333,2.0583999867085367,0.0,True,ok,4287,4287
554,74,7.4,4,215831.4070616,215831.4161093,7.9950999934226274,9.047699975781143,4.823800001759082,1.9240000110585243,33.46520001650788,True,ok,4455,4455
555,75,7.5,4,215831.4402554,215831.4488852,8.18289999733679,8.629799995105714,4.892699973424897,2.1007000177633017,33.19379998720251,True,ok,4560,4560
556,76,7.6000000000000005,4,215831.4738526,215831.4847849,10.319099994376302,10.932300006970763,6.5697999962139875,2.4480999854858965,0.0,True,ok,4662,4662
557,77,7.7,4,215831.5068712,215831.5155484,8.210400003008544,8.677200006786734,4.976199998054653,1.9842000037897378,0.0,True,ok,4381,4381
558,78,7.800000000000001,4,215831.5402267,215831.5486952,8.000300003914163,8.468500018352643,4.829799989238381,1.9933999865315855,0.0,True,ok,4350,4350
559,79,7.9,4,215831.5735837,215831.5836606,9.021100006066263,10.076900012791157,5.841600010171533,1.9957000040449202,0.0,True,ok,4058,4058
560,80,8.0,4,215831.6071318,215831.6157628,8.009000011952594,8.631000004243106,4.813400009879842,2.0000000076834112,0.0,True,ok,4074,4074
561,81,8.1,4,215831.6405979,215831.6496567,7.989300007466227,9.058800002094358,4.881800006842241,1.9490999984554946,0.0,True,ok,4080,4080
562,82,8.200000000000001,4,215831.6736184,215831.6836574,9.324299986474216,10.038999986136332,6.074900011299178,2.0527000015135854,0.0,True,ok,4288,4288
563,83,8.3,4,215831.7070681,215831.7158729,8.153500006301329,8.804800017969683,4.851900011999533,2.084500010823831,0.0,True,ok,4269,4269
564,84,8.4,4,215831.7400573,215831.7488176,8.101799990981817,8.760299999266863,4.640500003006309,1.9768000056501478,0.0,True,ok,3996,3996
565,85,8.5,4,215831.7739363,215831.7835653,9.149599994998425,9.62900000740774,4.941799998050556,2.9513999761547893,0.0,True,ok,4318,4318
566,86,8.6,4,215831.8069262,215831.8155991,8.20069998735562,8.672900003148243,4.922299995087087,2.065700013190508,0.0,True,ok,4410,4410
567,87,8.700000000000001,4,215831.8403687,215831.8495594,8.468199986964464,9.190699987811968,5.248699977528304,1.965800009202212,0.0,True,ok,4345,4345
568,88,8.8,4,215831.873423,215831.8839913,10.042000008979812,10.56830000015907,5.278800002997741,3.5319000016897917,0.0,True,ok,3995,3995
569,89,8.9,4,215831.9069418,215831.9158347,8.186599996406585,8.892899990314618,4.891400021733716,2.05939999432303,0.0,True,ok,4114,4114
570,90,9.0,4,215831.9402778,215831.9495481,8.373399992706254,9.27030001184903,4.885900008957833,2.274099999340251,0.0,True,ok,4407,4407
571,91,9.1,4,215831.9735401,215831.9834567,9.344199992483482,9.916599985444918,6.070500006899238,2.0407999982126057,0.0,True,ok,4504,4504
572,92,9.200000000000001,4,215832.0070177,215832.0162669,8.54730000719428,9.249199996702373,4.9226999981328845,2.296599996043369,0.0,True,ok,4602,4602
573,93,9.3,4,215832.0404148,215832.0496355,8.406900014961138,9.220700012519956,4.699100012658164,2.4836999946273863,0.0,True,ok,4719,4719
574,94,9.4,4,215832.0733959,215832.0846013,10.64079999923706,11.20540002011694,5.960999988019466,3.399799985345453,0.0,True,ok,4623,4623
575,95,9.5,4,215832.1070346,215832.116032,8.493599976645783,8.997400000225753,5.03299999400042,2.2003000194672495,0.0,True,ok,4555,4555
576,96,9.600000000000001,4,215832.1406832,215832.1496787,8.487199986120686,8.995499985758215,4.966199980117381,2.2988000127952546,0.0,True,ok,4902,4902
577,97,9.700000000000001,4,215832.1737964,215832.1824603,8.141300000716,8.663900021929294,4.923100001178682,1.949500001501292,0.0,True,ok,4793,4793
578,98,9.8,4,215832.2071491,215832.2159631,8.127200009766966,8.81400000071153,4.810299986274913,2.065100008621812,0.0,True,ok,4857,4857
579,99,9.9,4,215832.2404986,215832.2491991,8.183800004189834,8.700500009581447,4.924500011838973,1.9641999970190227,0.0,True,ok,4985,4985
580,100,10.0,4,215832.2735583,215832.2821227,8.113600022625178,8.564400020986795,4.797800007509068,2.0223000028636307,0.0,True,ok,4973,4973
581,101,10.100000000000001,4,215832.3071612,215832.3160659,8.40220000827685,8.904699992854148,5.145699979038909,2.0102999988012016,0.0,True,ok,4507,4507
582,102,10.200000000000001,4,215832.3402616,215832.3501269,9.013800008688122,9.865300002275035,5.850999994436279,1.8807000014930964,0.0,True,ok,4834,4834
583,103,10.3,4,215832.3737596,215832.3826439,8.402500010561198,8.884299983037636,5.015600007027388,2.0567000028677285,0.0,True,ok,4943,4943
584,104,10.4,4,215832.4070082,215832.4163925,8.82579997414723,9.38429997768253,4.841800022404641,2.1066000044811517,0.0,True,ok,5082,5082
585,105,10.5,4,215832.4403641,215832.4490885,8.233800006564707,8.724399987841025,4.817200009711087,2.0853999885730445,0.0,True,ok,4986,4986
586,106,10.600000000000001,4,215832.4734368,215832.4825338,8.370900002773851,9.0970000019297,4.9992999993264675,2.0098999957554042,0.0,True,ok,5037,5037
587,107,10.700000000000001,4,215832.5069593,215832.5175085,9.919500007526949,10.549200000241399,4.847100004553795,3.648999991128221,0.0,True,ok,5162,5162
588,108,10.8,4,215832.5402056,215832.5493518,8.45389999449253,9.146199998212978,4.8608999932184815,2.3299000167753547,0.0,True,ok,4884,4884
589,109,10.9,4,215832.5739039,215832.583141,8.767699997406453,9.237100020982325,5.451299977721646,2.0289999956730753,0.0,True,ok,4890,4890
590,110,11.0,4,215832.6069579,215832.6158457,8.331799996085465,8.887800009688362,4.809100006241351,2.2521000064443797,0.0,True,ok,4848,4848
591,111,11.100000000000001,4,215832.6403798,215832.6490661,8.19340001908131,8.686300017870963,4.87890001386404,1.9751999934669584,33.42190000694245,True,ok,5030,5030
592,112,11.200000000000001,4,215832.6736626,215832.6839946,9.7976999823004,10.332000005291775,6.342399981804192,1.9820999877993017,0.0,True,ok,5114,5114
593,113,11.3,4,215832.7071974,215832.7167797,8.887699979823083,9.582299971953034,4.869299998972565,2.6351999840699136,0.0,True,ok,5293,5293
594,114,11.4,4,215832.7403288,215832.7495016,8.375899982638657,9.172799997031689,4.687099979491904,2.3603000154253095,0.0,True,ok,5423,5423
595,115,11.5,4,215832.7733495,215832.7836172,9.871400019619614,10.267700010444969,6.408299988834187,2.141800010576844,0.0,True,ok,5340,5340
596,116,11.600000000000001,4,215832.8070524,215832.8165561,8.276600012322888,9.503700013738126,4.659500002162531,2.2810999944340438,0.0,True,ok,5279,5279
597,117,11.700000000000001,4,215832.8403395,215832.849461,8.613300014985725,9.121500013861805,5.009200016502291,2.2470999974757433,0.0,True,ok,5498,5498
598,118,11.8,4,215832.8734456,215832.882777,8.632199984276667,9.331399982329458,5.0604999996721745,2.1890999923925847,0.0,True,ok,5517,5517
599,119,11.9,4,215832.9070957,215832.9164761,8.96510001621209,9.380400006193668,5.522200022824109,2.1320999949239194,0.0,True,ok,5266,5266
600,0,0.0,5,215832.9426469,215832.9511949,8.013799990294501,8.548000012524426,4.5476999948732555,2.1943000028841197,0.0,True,ok,4708,4708
601,1,0.1,5,215832.9738288,215832.9839637,9.438900015084073,10.134900017874315,6.155400013085455,1.9857999868690968,0.0,True,ok,4681,4681
602,2,0.2,5,215833.006937,215833.0156661,8.269199985079467,8.729099994525313,4.767999984323978,2.2255000076256692,0.0,True,ok,4360,4360
603,3,0.30000000000000004,5,215833.0404635,215833.0503258,8.598899992648512,9.862300008535385,5.048599996371195,2.1935999975539744,0.0,True,ok,4532,4532
604,4,0.4,5,215833.0735493,215833.0835677,9.487900009844452,10.018400003900751,6.180099997436628,1.8751999887172133,0.0,True,ok,4533,4533
605,5,0.5,5,215833.106785,215833.1163184,9.076099988305941,9.533399977954105,5.716199986636639,2.0493000047281384,0.0,True,ok,4334,4334
606,6,0.6000000000000001,5,215833.1403876,215833.1489168,7.930899999337271,8.529200014891103,4.662299994379282,1.9870999967679381,0.0,True,ok,4462,4462
607,7,0.7000000000000001,5,215833.1737522,215833.1829631,8.059099985985085,9.210899996105582,4.689399997005239,1.9819999870378524,0.0,True,ok,4479,4479
608,8,0.8,5,215833.2068971,215833.2154168,7.799999992130324,8.519700000761077,4.556800005957484,1.9261999987065792,0.0,True,ok,4534,4534
609,9,0.9,5,215833.2402615,215833.2489472,8.014199993340299,8.685699984198436,4.705800005467609,1.9955000025220215,0.0,True,ok,4491,4491
610,10,1.0,5,215833.2737472,215833.2822483,7.829300011508167,8.501100004650652,4.50710000586696,2.000399981625378,0.0,True,ok,4600,4600
611,11,1.1,5,215833.3072735,215833.3195831,11.736500018741935,12.309600017033517,5.5924000043887645,4.705400002421811,0.0,True,ok,4781,4781
612,12,1.2000000000000002,5,215833.3405965,215833.3488887,7.794200006173924,8.292200014693663,4.498800000874326,1.9407999934628606,0.0,True,ok,5044,5044
613,13,1.3,5,215833.3740369,215833.3842066,8.825099997920915,10.16969999182038,5.250500020338222,2.246399992145598,0.0,True,ok,4620,4620
614,14,1.4000000000000001,5,215833.4068204,215833.419599,12.358699983451515,12.778599979355931,4.929899994749576,5.998500011628494,0.0,True,ok,4785,4785
615,15,1.5,5,215833.4405326,215833.4513272,10.19499998074025,10.794599977089092,4.991199995856732,3.0294000171124935,0.0,True,ok,5045,5045
616,16,1.6,5,215833.4737314,215833.4843997,10.03060000948608,10.668300004908815,6.295200000749901,2.2428999945987016,0.0,True,ok,5382,5382
617,17,1.7000000000000002,5,215833.5068934,215833.5171423,9.810199990170076,10.248900012811646,5.101499991724268,3.2389999832957983,0.0,True,ok,5312,5312
618,18,1.8,5,215833.5403895,215833.5509654,9.915600006934255,10.575899999821559,4.560800007311627,3.64319997606799,0.0,True,ok,5363,5363
619,19,1.9000000000000001,5,215833.5735295,215833.583882,9.857500001089647,10.352500015869737,6.319400010397658,2.1548999939113855,0.0,True,ok,5455,5455
620,20,2.0,5,215833.6072222,215833.6167912,8.689800015417859,9.569000016199425,4.944000014802441,2.1607999806292355,0.0,True,ok,5508,5508
621,21,2.1,5,215833.6403165,215833.6503181,9.393599990289658,10.001599992392585,5.844600003911182,2.1163999917916954,0.0,True,ok,5300,5300
622,22,2.2,5,215833.6735878,215833.6826373,8.361099986359477,9.04949998948723,4.781800002092496,2.1779999951831996,0.0,True,ok,5384,5384
623,23,2.3000000000000003,5,215833.7068838,215833.7157178,8.381199993891641,8.833999978378415,4.791900020791218,2.174099994590506,0.0,True,ok,5355,5355
624,24,2.4000000000000004,5,215833.7402559,215833.7487134,7.908500003395602,8.457500021904707,4.485999990720302,2.074499992886558,0.0,True,ok,5072,5072
625,25,2.5,5,215833.7738706,215833.7837007,9.432099992409348,9.830099996179342,5.967999983113259,2.13649999932386,0.0,True,ok,4851,4851
626,26,2.6,5,215833.8070867,215833.8187041,11.101500014774501,11.61740001407452,4.802099982043728,4.856200015638024,33.21609998238273,True,ok,4933,4933
627,27,2.7,5,215833.8403683,215833.8492202,8.371800009626895,8.851899998262525,4.889200004981831,2.0360999915283173,33.28160001547076,True,ok,4889,4889
628,28,2.8000000000000003,5,215833.8737305,215833.8835596,8.439800003543496,9.82910001766868,4.9297999939881265,2.154499990865588,0.0,True,ok,4508,4508
629,29,2.9000000000000004,5,215833.9067985,215833.9155101,8.30149999819696,8.711600006790832,4.990200017346069,1.9779999856837094,0.0,True,ok,4516,4516
630,30,3.0,5,215833.9400835,215833.9486233,7.880199991632253,8.539800008293241,4.700499994214624,1.88159997924231,0.0,True,ok,4326,4326
631,31,3.1,5,215833.9739578,215833.9841274,9.503600012976676,10.169600020162761,6.166000006487593,1.9970000139437616,0.0,True,ok,4407,4407
632,32,3.2,5,215834.0069899,215834.0161311,8.228700025938451,9.141200018348172,4.9273000040557235,2.033800003118813,0.0,True,ok,4113,4113
633,33,3.3000000000000003,5,215834.0402199,215834.0492909,8.146600011968985,9.071000007679686,4.80190000962466,2.0299000025261194,33.230000000912696,True,ok,4211,4211
634,34,3.4000000000000004,5,215834.0736673,215834.0825002,8.013299986487255,8.832899999106303,4.695899988291785,2.025199995841831,0.0,True,ok,4198,4198
635,35,3.5,5,215834.1070024,215834.1157158,8.311299985507503,8.71339999139309,4.863599984673783,2.0662999886553735,0.0,True,ok,4125,4125
636,36,3.6,5,215834.140348,215834.1492865,8.336600003531203,8.93850001739338,4.857099993387237,2.2139000066090375,0.0,True,ok,4267,4267
637,37,3.7,5,215834.1738806,215834.1838133,9.03050001943484,9.93270002072677,5.713599995942786,2.0398999913595617,33.532600005855784,True,ok,3805,3805
638,38,3.8000000000000003,5,215834.2070003,215834.2159699,8.420799975283444,8.96959999226965,4.742099990835413,2.3394000018015504,0.0,True,ok,3921,3921
639,39,3.9000000000000004,5,215834.2406117,215834.2504748,9.096699999645352,9.86310001462698,5.007600004319102,2.570999989984557,33.61139999469742,True,ok,3864,3864
640,40,4.0,5,215834.2739012,215834.283599,9.127400000579655,9.697799978312105,5.930500017711893,1.9604999979492277,0.0,True,ok,3828,3828
641,41,4.1000000000000005,5,215834.3073404,215834.3166283,8.827000012388453,9.287900000344962,5.489699979079887,2.044900000328198,0.0,True,ok,3659,3659
642,42,4.2,5,215834.3406368,215834.3494688,8.327000017743558,8.831999992253259,4.787300014868379,2.2618000220973045,0.0,True,ok,3989,3989
643,43,4.3,5,215834.3739242,215834.3825243,7.920199976069853,8.600100001785904,4.722999990917742,1.8641000206116587,0.0,True,ok,4294,4294
644,44,4.4,5,215834.407042,215834.4163956,8.65570001769811,9.353600005852059,5.038100003730506,2.2692000202368945,0.0,True,ok,4623,4623
645,45,4.5,5,215834.4403962,215834.4493677,8.566000004066154,8.971500006737188,4.937699995934963,2.290000003995374,0.0,True,ok,4708,4708
646,46,4.6000000000000005,5,215834.4735311,215834.4821789,8.14740001806058,8.647800015751272,4.703800019342452,2.0343999785836786,33.13490000437014,True,ok,4834,4834
647,47,4.7,5,215834.5067997,215834.5156161,8.407199988141656,8.816399989882484,4.799799993634224,2.2695999941788614,0.0,True,ok,4677,4677
648,48,4.800000000000001,5,215834.540293,215834.5505373,9.112600004300475,10.244300006888807,5.820000020321459,1.9964000093750656,0.0,True,ok,4591,4591
649,49,4.9,5,215834.5737697,215834.5823412,7.840200007194653,8.571500016842037,4.5977000263519585,1.9266000017523766,0.0,True,ok,4442,4442
650,50,5.0,5,215834.607107,215834.6169932,9.112200001254678,9.886200015898794,5.647500016493723,2.18390001100488,0.0,True,ok,4408,4408
651,51,5.1000000000000005,5,215834.6403428,215834.6495443,8.67479998851195,9.201499982737005,4.897600010735914,2.290400007041171,0.0,True,ok,4418,4418
652,52,5.2,5,215834.6735884,215834.6827454,8.535000000847504,9.156999993138015,4.922499996609986,1.878400013083592,0.0,True,ok,4600,4600
653,53,5.300000000000001,5,215834.7071958,215834.7163431,8.482000004732981,9.147300006588921,4.938000027323142,2.250699995784089,0.0,True,ok,4489,4489
654,54,5.4,5,215834.7403517,215834.7498258,8.585200004745275,9.474100021179765,4.653499985579401,2.1843999857082963,33.155899989651516,True,ok,4625,4625
655,55,5.5,5,215834.7737998,215834.7833425,9.112300002016127,9.542700019665062,5.636699992464855,2.2003999911248684,0.0,True,ok,4379,4379
656,56,5.6000000000000005,5,215834.8069506,215834.8160588,8.644199988339096,9.108199999900535,5.103400006191805,2.268899988848716,0.0,True,ok,4212,4212
657,57,5.7,5,215834.8400683,215834.8501732,9.514499979559332,10.104899993166327,5.9151999885216355,2.3511000035796314,0.0,True,ok,4229,4229
658,58,5.800000000000001,5,215834.8736349,215834.8858833,11.78320002509281,12.24840001668781,5.259300000034273,4.747400002088398,0.0,True,ok,4294,4294
659,59,5.9,5,215834.9074185,215834.9168137,8.755199989536777,9.395200002472848,5.061500007286668,2.2812999959569424,0.0,True,ok,4337,4337
660,60,6.0,5,215834.9406402,215834.9498593,8.759999996982515,9.219100000336766,5.317100003594533,2.1995999850332737,0.0,True,ok,4334,4334
661,61,6.1000000000000005,5,215834.9735628,215834.9842593,10.082799999509007,10.696499986806884,6.621200009249151,2.12610000744462,0.0,True,ok,4169,4169
662,62,6.2,5,215835.007052,215835.0167838,8.305099996505305,9.731800004374236,4.938099998980761,2.055699995253235,0.0,True,ok,4172,4172
663,63,6.300000000000001,5,215835.0404606,215835.0495393,8.38290000683628,9.078700008103624,4.875900020124391,2.233299979707226,0.0,True,ok,4147,4147
664,64,6.4,5,215835.0738111,215835.0839267,9.714199986774474,10.115599987329915,6.401799997547641,2.0554999937303364,0.0,True,ok,4178,4178
665,65,6.5,5,215835.1069181,215835.1160185,8.314500009873882,9.100399998715147,4.9925000057555735,2.0050000166520476,0.0,True,ok,4169,4169
666,66,6.6000000000000005,5,215835.1400727,215835.1517001,10.350199998356402,11.627400002907962,6.31910000811331,1.9690000044647604,0.0,True,ok,4168,4168
667,67,6.7,5,215835.1736435,215835.1842694,10.088599985465407,10.625900002196431,6.707599997753277,2.0653000101447105,0.0,True,ok,4086,4086
668,68,6.800000000000001,5,215835.2068543,215835.2160881,8.749699976760894,9.233799995854497,5.118599976412952,2.2499999904539436,0.0,True,ok,4379,4379
669,69,6.9,5,215835.2403993,215835.2497798,8.974900003522635,9.380500006955117,5.63749999855645,2.0069999736733735,0.0,True,ok,4282,4282
670,70,7.0,5,215835.2735239,215835.2843428,10.37709999945946,10.818900016602129,6.8839000014122576,2.1383999846875668,0.0,True,ok,4247,4247
671,71,7.1000000000000005,5,215835.307087,215835.3161895,8.554000000003725,9.102500014705583,5.039500014390796,2.051300019957125,0.0,True,ok,4354,4354
672,72,7.2,5,215835.3402935,215835.3497814,8.890700002666563,9.487900009844452,5.442199995741248,2.1214999724179506,0.0,True,ok,4628,4628
673,73,7.300000000000001,5,215835.3736451,215835.3821636,7.821100007276982,8.518500020727515,4.587499977787957,1.9127999839838594,0.0,True,ok,4287,4287
674,74,7.4,5,215835.4071456,215835.4158244,8.159799996064976,8.678799989866093,4.807899997103959,1.9841000030282885,0.0,True,ok,4455,4455
675,75,7.5,5,215835.4404082,215835.4493362,8.205499994801357,8.927999995648861,4.880299995420501,1.9822000176645815,0.0,True,ok,4560,4560
676,76,7.6000000000000005,5,215835.4736787,215835.4841082,9.548600006382912,10.429500020109117,6.293400016147643,1.9154000037815422,0.0,True,ok,4662,4662
677,77,7.7,5,215835.5070338,215835.5163055,8.060099993599579,9.271699993405491,4.777099995408207,1.964900002349168,0.0,True,ok,4381,4381
678,78,7.800000000000001,5,215835.5403485,215835.549012,7.954400003654882,8.663499989779666,4.634000011719763,1.9957000040449202,0.0,True,ok,4350,4350
679,79,7.9,5,215835.5738014,215835.583728,8.750699984375387,9.926600003382191,5.420500005129725,1.9291999924462289,0.0,True,ok,4058,4058
680,80,8.0,5,215835.6070666,215835.6156272,7.896399998571724,8.56059999205172,4.665099986596033,1.9130000146105886,0.0,True,ok,4074,4074
681,81,8.1,5,215835.6403551,215835.6492351,7.978799985721707,8.879999979399145,4.661000013584271,2.05500001902692,0.0,True,ok,4080,4080
682,82,8.200000000000001,5,215835.6738635,215835.683689,9.334500005934387,9.825499990256503,5.926699988776818,2.05199999618344,0.0,True,ok,4288,4288
683,83,8.3,5,215835.7071069,215835.7160095,8.45550000667572,8.902600005967543,5.134400009410456,2.000299980863929,0.0,True,ok,4269,4269
684,84,8.4,5,215835.7405902,215835.749362,8.261800016043708,8.771799999522045,4.973900009645149,2.027099981205538,0.0,True,ok,3996,3996
685,85,8.5,5,215835.7735583,215835.7845301,10.413900017738342,10.971800016704947,6.746999977622181,2.2074000153224915,0.0,True,ok,4318,4318
686,86,8.6,5,215835.8068685,215835.8159663,8.392499992623925,9.097800008021295,4.951599985361099,2.1231000137049705,0.0,True,ok,4410,4410
687,87,8.700000000000001,5,215835.8405601,215835.8500522,8.951600000727922,9.492099983617663,4.878400010056794,2.6573999784886837,0.0,True,ok,4345,4345
688,88,8.8,5,215835.873374,215835.8825022,8.566200005589053,9.12820000667125,5.078800022602081,2.064699976472184,0.0,True,ok,3995,3995
689,89,8.9,5,215835.9073178,215835.9163135,8.478000003378838,8.995699987281114,4.884199996013194,2.2951999853830785,0.0,True,ok,4114,4114
690,90,9.0,5,215835.9406008,215835.9491333,7.8553999774158,8.53249998181127,4.7008999972604215,1.8647999968379736,0.0,True,ok,4407,4407
691,91,9.1,5,215835.9735959,215835.9840524,9.92659997427836,10.456499992869794,6.327699986286461,2.067699999315664,0.0,True,ok,4504,4504
692,92,9.200000000000001,5,215836.0074477,215836.0167029,8.606499992311,9.255200013285503,4.798099980689585,2.452599990647286,0.0,True,ok,4602,4602
693,93,9.3,5,215836.040311,215836.0496146,8.640399988507852,9.303600003477186,4.952499992214143,2.2511999995913357,0.0,True,ok,4719,4719
694,94,9.4,5,215836.0738558,215836.0828942,8.484199992381036,9.038399992277846,4.6845000179018825,2.303500019479543,0.0,True,ok,4623,4623
695,95,9.5,5,215836.107081,215836.116428,8.675000019138679,9.347000013804063,4.950200003804639,2.406000014161691,0.0,True,ok,4555,4555
696,96,9.600000000000001,5,215836.140404,215836.1527486,11.843699991004542,12.34459999250248,6.213699991349131,3.4039999882224947,0.0,True,ok,4902,4902
697,97,9.700000000000001,5,215836.1739791,215836.1826221,7.982099981745705,8.642999979201704,4.677699995227158,2.00020000920631,0.0,True,ok,4793,4793
698,98,9.8,5,215836.2072461,215836.2162002,8.31040000775829,8.954099990660325,5.009899992728606,1.9579000072553754,0.0,True,ok,4857,4857
699,99,9.9,5,215836.2403917,215836.2495068,8.59630000195466,9.115099994232878,4.935400007525459,2.066699991701171,33.145599998533726,True,ok,4985,4985
700,100,10.0,5,215836.2738511,215836.2838415,9.449900011532009,9.99039999442175,6.125999992946163,1.9870999967679381,0.0,True,ok,4973,4973
701,101,10.100000000000001,5,215836.3069561,215836.3159434,8.479499985696748,8.987300010630861,5.132699996465817,2.0739999890793115,0.0,True,ok,4507,4507
702,102,10.200000000000001,5,215836.3404445,215836.3494294,8.230100007494912,8.984899992356077,4.9017000128515065,2.030100004049018,0.0,True,ok,4834,4834
703,103,10.3,5,215836.3738972,215836.3825585,7.988400000613183,8.66129997302778,4.661400016630068,2.021499996772036,0.0,True,ok,4943,4943
704,104,10.4,5,215836.4069504,215836.4156838,8.241100003942847,8.733399998163804,4.881100001512095,2.0293999987188727,0.0,True,ok,5082,5082
705,105,10.5,5,215836.4404952,215836.4507435,9.069299994735047,10.24830000824295,5.687299999408424,2.0766000088769943,0.0,True,ok,4986,4986
706,106,10.600000000000001,5,215836.4741923,215836.4828434,8.142500009853393,8.65110001177527,4.759100003866479,2.0813999872189015,0.0,True,ok,5037,5037
707,107,10.700000000000001,5,215836.5070111,215836.5169137,9.241199993994087,9.902599995257333,5.783300002804026,2.0426999835763127,0.0,True,ok,5162,5162
708,108,10.8,5,215836.5404631,215836.5492753,8.192799985408783,8.812199987005442,4.770799976540729,2.1903000015299767,0.0,True,ok,4884,4884
709,109,10.9,5,215836.5739365,215836.582723,7.90289998985827,8.786499995039776,4.5572999806609005,2.0151000062469393,0.0,True,ok,4890,4890
710,110,11.0,5,215836.6071971,215836.6167893,9.015299991006032,9.592199989128858,4.827199998544529,2.9473000031430274,0.0,True,ok,4848,4848
711,111,11.100000000000001,5,215836.640826,215836.6506371,9.33560001431033,9.811100026126951,5.487199989147484,2.3756000155117363,0.0,True,ok,5030,5030
712,112,11.200000000000001,5,215836.6736341,215836.6838884,9.60530000156723,10.25429999572225,5.916199996136129,2.3077999940142035,0.0,True,ok,5114,5114
713,113,11.3,5,215836.7072533,215836.7175213,9.115299995755777,10.267999983625486,5.5902000167407095,2.173700020648539,0.0,True,ok,5293,5293
714,114,11.4,5,215836.7406913,215836.7492989,8.069199975579977,8.607600000686944,4.534999985480681,2.222699986305088,0.0,True,ok,5423,5423
715,115,11.5,5,215836.7738475,215836.7840561,9.84370001242496,10.208599996985868,6.159499986097217,2.4274000024888664,33.156200021039695,True,ok,5340,5340
716,116,11.600000000000001,5,215836.8069654,215836.8157572,8.387100009713322,8.79180000629276,4.998599993996322,2.0986999734304845,0.0,True,ok,5279,5279
717,117,11.700000000000001,5,215836.8403182,215836.8520085,10.607999982312322,11.690299987094477,6.378499994752929,2.747799997450784,0.0,True,ok,5498,5498
718,118,11.8,5,215836.8738041,215836.8831115,8.67490001837723,9.30740000330843,4.979999997885898,2.354900003410876,0.0,True,ok,5517,5517
719,119,11.9,5,215836.9071614,215836.9162743,8.405000000493601,9.112899977480993,4.890199983492494,2.224299998488277,0.0,True,ok,5266,5266
720,0,0.0,6,215836.9429491,215836.951687,8.111200004350394,8.737900003325194,4.560500005027279,2.2693999926559627,0.0,True,ok,4708,4708
721,1,0.1,6,215836.9737854,215836.9835817,9.290400019381195,9.79630000074394,6.070799980079755,1.9318999839015305,0.0,True,ok,4681,4681
722,2,0.2,6,215837.006755,215837.0155838,8.103200001642108,8.82879999699071,4.845300019951537,2.0146000024396926,0.0,True,ok,4360,4360
723,3,0.30000000000000004,6,215837.0403813,215837.0491577,8.310700010042638,8.776400005444884,4.797200002940372,2.2373000101651996,0.0,True,ok,4532,4532
724,4,0.4,6,215837.0738268,215837.0825918,8.097499987343326,8.76499997684732,4.712599999038503,2.0733000128529966,0.0,True,ok,4533,4533
725,5,0.5,6,215837.1068741,215837.1156602,8.23640002636239,8.786100021097809,4.806399985682219,2.201199997216463,0.0,True,ok,4334,4334
726,6,0.6000000000000001,6,215837.1403583,215837.149689,8.793200016953051,9.330700006103143,4.734700021799654,2.127300016582012,0.0,True,ok,4462,4462
727,7,0.7000000000000001,6,215837.173977,215837.1839936,8.836900000460446,10.016599990194663,4.983799997717142,2.5686999724712223,0.0,True,ok,4479,4479
728,8,0.8,6,215837.2067873,215837.2161761,8.7057999917306,9.38879998284392,4.877300001680851,2.501300012227148,0.0,True,ok,4534,4534
729,9,0.9,6,215837.2407469,215837.2493887,7.957299996633083,8.641799999168143,4.684699990320951,2.021199994487688,0.0,True,ok,4491,4491
730,10,1.0,6,215837.2735351,215837.2823562,8.249100006651133,8.821100025670603,4.759800009196624,2.2216999786905944,0.0,True,ok,4600,4600
731,11,1.1,6,215837.3070937,215837.315901,8.352999982889742,8.807300007902086,5.023800011258572,2.0508000161498785,0.0,True,ok,4781,4781
732,12,1.2000000000000002,6,215837.3406011,215837.3508932,9.84519999474287,10.292099992511794,4.70560000394471,3.7939999892842025,0.0,True,ok,5044,5044
733,13,1.3,6,215837.3734257,215837.3843907,10.297900007572025,10.964999994030222,5.054999986896291,3.971600002842024,0.0,True,ok,4620,4620
734,14,1.4000000000000001,6,215837.4068728,215837.4159796,8.435299998382106,9.106799989240244,4.941399995004758,2.201800001785159,0.0,True,ok,4785,4785
735,15,1.5,6,215837.4404322,215837.4490308,8.129699999699369,8.598599990364164,4.833200015127659,1.9889000104740262,0.0,True,ok,5045,5045
736,16,1.6,6,215837.4739429,215837.4844755,10.085800022352487,10.532600019359961,6.476300011854619,2.2418000153265893,0.0,True,ok,5382,5382
737,17,1.7000000000000002,6,215837.5069058,215837.5157914,8.383299980778247,8.885599992936477,4.930900002364069,2.1254000021144748,0.0,True,ok,5312,5312
738,18,1.8,6,215837.5405352,215837.5490797,8.08359999791719,8.5444999858737,4.655299999285489,2.0407999982126057,0.0,True,ok,5363,5363
739,19,1.9000000000000001,6,215837.5735286,215837.5838189,9.826900000916794,10.290299978805706,6.2132999883033335,2.261600020574406,0.0,True,ok,5455,5455
740,20,2.0,6,215837.606917,215837.6161306,8.758300013141707,9.213600016664714,5.230499984463677,2.244200004497543,0.0,True,ok,5508,5508
741,21,2.1,6,215837.6401594,215837.6489889,8.392500021727756,8.829500002320856,5.04329998511821,1.9943999941460788,0.0,True,ok,5300,5300
742,22,2.2,6,215837.6735471,215837.6822918,8.05560001754202,8.744699996896088,4.485000012209639,2.2354999964591116,0.0,True,ok,5384,5384
743,23,2.3000000000000003,6,215837.7072267,215837.7175319,9.831800009123981,10.305200004950166,6.198299990501255,2.1877999824937433,0.0,True,ok,5355,5355
744,24,2.4000000000000004,6,215837.7402893,215837.7496605,8.156600000802428,9.37119999434799,4.69219998922199,2.222499984782189,0.0,True,ok,5072,5072
745,25,2.5,6,215837.7738689,215837.7837302,9.49560001026839,9.861300000920892,6.173300003865734,2.083300001686439,0.0,True,ok,4851,4851
746,26,2.6,6,215837.8069964,215837.8157193,8.235899993451312,8.722900005523115,5.049800005508587,1.9272000063210726,0.0,True,ok,4933,4933
747,27,2.7,6,215837.8403562,215837.8489355,8.126699976855889,8.579299988923594,4.998799995519221,1.8840999982785434,0.0,True,ok,4889,4889
748,28,2.8000000000000003,6,215837.8736886,215837.8827338,8.331500022904947,9.04520001495257,4.838199994992465,2.2170000011101365,0.0,True,ok,4508,4508
749,29,2.9000000000000004,6,215837.9070798,215837.9158668,8.418000012170523,8.786999998847023,5.182099994271994,1.984999980777502,0.0,True,ok,4516,4516
750,30,3.0,6,215837.9406187,215837.9490448,7.797900005243719,8.426100015640259,4.717700008768588,1.8315000052098185,0.0,True,ok,4326,4326
751,31,3.1,6,215837.9736451,215837.9841244,9.848600020632148,10.479300020961091,6.546999997226521,2.0604000019375235,0.0,True,ok,4407,4407
752,32,3.2,6,215838.00691,215838.0159006,8.50299999001436,8.990600006654859,5.153900012373924,2.1474999957717955,0.0,True,ok,4113,4113
753,33,3.3000000000000003,6,215838.0402228,215838.0489077,8.01839999621734,8.684900007210672,4.897400009213015,1.9147999992128462,0.0,True,ok,4211,4211
754,34,3.4000000000000004,6,215838.0737376,215838.0836588,9.196700004395097,9.921199991367757,6.026099988957867,1.9776000117417425,0.0,True,ok,4198,4198
755,35,3.5,6,215838.1072416,215838.1161007,8.228199993027374,8.859099994879216,4.814200015971437,2.212299994425848,0.0,True,ok,4125,4125
756,36,3.6,6,215838.1405556,215838.1496136,8.61999997869134,9.057999996002764,5.343999975593761,2.1314999903552234,0.0,True,ok,4267,4267
757,37,3.7,6,215838.1737351,215838.1833115,8.392199990339577,9.576400014339015,4.597699997248128,2.0933000196237117,0.0,True,ok,3805,3805
758,38,3.8000000000000003,6,215838.2069597,215838.2159694,8.145599975250661,9.0096999774687,4.870299977483228,2.096200012601912,0.0,True,ok,3921,3921
759,39,3.9000000000000004,6,215838.2404881,215838.2490717,7.987699995283037,8.583599992562085,4.732400004286319,2.110799978254363,0.0,True,ok,3864,3864
760,40,4.0,6,215838.2737667,215838.2835452,9.173300000838935,9.77850001072511,6.086899986257777,1.9635999924503267,0.0,True,ok,3828,3828
761,41,4.1000000000000005,6,215838.3071903,215838.3172702,9.626299986848608,10.079900006530806,5.073700012871996,3.3927999902516603,0.0,True,ok,3659,3659
762,42,4.2,6,215838.340295,215838.3494911,8.70750000467524,9.196099999826401,5.166999995708466,2.215500018792227,0.0,True,ok,3989,3989
763,43,4.3,6,215838.3738879,215838.3829434,8.22730001527816,9.05550000607036,4.942300001857802,2.092399983666837,0.0,True,ok,4294,4294
764,44,4.4,6,215838.4069247,215838.4156253,8.22719998541288,8.700600010342896,5.000300006940961,2.0681000023614615,0.0,True,ok,4623,4623
765,45,4.5,6,215838.4405276,215838.451586,10.516800015466288,11.058400006731972,6.338500010315329,2.529600023990497,0.0,True,ok,4708,4708
766,46,4.6000000000000005,6,215838.4735416,215838.4842338,10.182400001212955,10.692200012272224,6.691899994621053,2.252500009490177,0.0,True,ok,4834,4834
767,47,4.7,6,215838.5071853,215838.5163578,8.633899997221306,9.17249999474734,4.928700014716014,2.5163000100292265,0.0,True,ok,4677,4677
768,48,4.800000000000001,6,215838.5403174,215838.5490535,8.280000009108335,8.736099989619106,5.1327000255696476,1.9908999965991825,0.0,True,ok,4591,4591
769,49,4.9,6,215838.5736492,215838.5834716,9.36229998478666,9.822399995755404,5.331500025931746,2.8435999993234873,0.0,True,ok,4442,4442
770,50,5.0,6,215838.6071708,215838.6159676,8.221199997933581,8.796799986157566,4.918400023598224,2.144500002032146,0.0,True,ok,4408,4408
771,51,5.1000000000000005,6,215838.6399462,215838.6498167,9.33420000365004,9.87049998366274,5.846499989274889,2.3170000058598816,0.0,True,ok,4418,4418
772,52,5.2,6,215838.6738194,215838.6822112,7.879100012360141,8.39180001639761,4.7101000091061,2.0016000198666006,0.0,True,ok,4600,4600
773,53,5.300000000000001,6,215838.7068629,215838.7160628,8.487299986882135,9.199899999657646,4.935499979183078,1.9957000040449202,0.0,True,ok,4489,4489
774,54,5.4,6,215838.7404331,215838.7492635,8.245700009865686,8.8304000091739,4.709300003014505,2.206000004662201,0.0,True,ok,4625,4625
775,55,5.5,6,215838.7736458,215838.7826547,8.402999985264614,9.008899971377105,5.089500016765669,2.165299985790625,0.0,True,ok,4379,4379
776,56,5.6000000000000005,6,215838.8072197,215838.8159832,8.223100012401119,8.763500023633242,4.9014000105671585,2.1921999868936837,0.0,True,ok,4212,4212
777,57,5.7,6,215838.8402911,215838.8495857,8.241200004704297,9.294599993154407,4.857099993387237,2.230199985206127,0.0,True,ok,4229,4229
778,58,5.800000000000001,6,215838.8737178,215838.8824525,8.249300008174032,8.734700008062646,4.970999987563118,2.1025000023655593,0.0,True,ok,4294,4294
779,59,5.9,6,215838.9071738,215838.9164532,8.731500012800097,9.27940002293326,4.89959999686107,2.6322999910917133,0.0,True,ok,4337,4337
780,60,6.0,6,215838.9404067,215838.9491324,8.144600025843829,8.725699997739866,4.6851000224705786,2.094399998895824,0.0,True,ok,4334,4334
781,61,6.1000000000000005,6,215838.9736177,215838.9842294,9.978799993405119,10.611700010485947,6.632600008742884,2.184299984946847,0.0,True,ok,4169,4169
782,62,6.2,6,215839.0070959,215839.0169475,8.554500003810972,9.851600014371797,5.348400009097531,2.0198000129312277,0.0,True,ok,4172,4172
783,63,6.300000000000001,6,215839.0402544,215839.0506076,9.215199999744073,10.353199992096052,5.838799988850951,2.2077999892644584,0.0,True,ok,4147,4147
784,64,6.4,6,215839.0738112,215839.0841812,9.896500007016584,10.370000003604218,6.50720001431182,2.125200000591576,0.0,True,ok,4178,4178
785,65,6.5,6,215839.1070952,215839.1167044,8.966199995484203,9.609200002159923,5.909900006372482,1.8405999871902168,0.0,True,ok,4169,4169
786,66,6.6000000000000005,6,215839.1403981,215839.1488705,8.019600005354732,8.472400018945336,4.826599993975833,2.0460999803617597,0.0,True,ok,4168,4168
787,67,6.7,6,215839.1739422,215839.1841437,9.723199997097254,10.201500001130626,6.569899996975437,1.9874999998137355,0.0,True,ok,4086,4086
788,68,6.800000000000001,6,215839.2068942,215839.2157654,8.391000010306016,8.871199999703094,5.085100012365729,2.124299993738532,32.95200000866316,True,ok,4379,4379
789,69,6.9,6,215839.240505,215839.2498115,8.61399999121204,9.306499996455386,5.032699991716072,2.0782000210601836,0.0,True,ok,4282,4282
790,70,7.0,6,215839.2735824,215839.2840186,9.904700011247769,10.436200012918562,6.552400009240955,2.1717000054195523,33.077400003094226,True,ok,4247,4247
791,71,7.1000000000000005,6,215839.3069858,215839.3153629,7.739399996353313,8.37709999177605,4.723199992440641,1.8357000080868602,0.0,True,ok,4354,4354
792,72,7.2,6,215839.3403069,215839.3490844,8.332099998369813,8.777499984716997,5.100000009406358,2.0383000082802027,0.0,True,ok,4628,4628
793,73,7.300000000000001,6,215839.3736495,215839.382429,8.235799992689863,8.779499999945983,4.760999989230186,2.292599994689226,0.0,True,ok,4287,4287
794,74,7.4,6,215839.4067812,215839.4153062,7.9793000186327845,8.525000012014061,4.869099997449666,1.9367999921087176,0.0,True,ok,4455,4455
795,75,7.5,6,215839.4405095,215839.4492166,8.043900015763938,8.707100001629442,4.739399999380112,2.0905000274069607,0.0,True,ok,4560,4560
796,76,7.6000000000000005,6,215839.4740036,215839.4841868,9.304699982749298,10.18320000730455,6.173100002342835,1.9631999894045293,0.0,True,ok,4662,4662
797,77,7.7,6,215839.5073311,215839.5168393,8.871199999703094,9.508199989795685,5.229299975326285,2.433000016026199,0.0,True,ok,4381,4381
798,78,7.800000000000001,6,215839.5402943,215839.5515791,10.579800000414252,11.284799984423444,6.922800006577745,2.2558999771717936,0.0,True,ok,4350,4350
799,79,7.9,6,215839.5735386,215839.5823484,8.332800003699958,8.809799997834489,4.681199992774054,2.4044000019785017,0.0,True,ok,4058,4058
800,80,8.0,6,215839.6072189,215839.6168209,8.223400014685467,9.602000005543232,5.016400013118982,2.005400019697845,0.0,True,ok,4074,4074
801,81,8.1,6,215839.6405685,215839.6493274,8.094899996649474,8.758899988606572,4.906100017251447,2.0366999960970134,0.0,True,ok,4080,4080
802,82,8.200000000000001,6,215839.6739676,215839.684223,9.711599996080622,10.255399974994361,6.477099988842383,2.0414000027813017,0.0,True,ok,4288,4288
803,83,8.3,6,215839.7073772,215839.7169671,8.352499979082495,9.589900000719354,5.196799989789724,1.9731000065803528,0.0,True,ok,4269,4269
804,84,8.4,6,215839.7408023,215839.7492299,7.772199984174222,8.427599997958168,4.753299988806248,1.869200001237914,33.425100002205,True,ok,3996,3996
805,85,8.5,6,215839.7736771,215839.7836933,9.325399994850159,10.016200016252697,5.9040999913122505,2.22540000686422,0.0,True,ok,4318,4318
806,86,8.6,6,215839.8071498,215839.8159029,8.2436999946367,8.753100002650172,4.872799996519461,2.012399985687807,33.47270001540892,True,ok,4410,4410
807,87,8.700000000000001,6,215839.8403815,215839.848951,7.973900006618351,8.56950000161305,4.821899987291545,1.9765000033657998,0.0,True,ok,4345,4345
808,88,8.8,6,215839.8737649,215839.8825733,8.159600023645908,8.808400016278028,4.80779999634251,2.15869999374263,0.0,True,ok,3995,3995
809,89,8.9,6,215839.9069056,215839.9156021,8.214700006647035,8.696500008227304,5.005700018955395,2.0192000083625317,0.0,True,ok,4114,4114
810,90,9.0,6,215839.9405101,215839.9491846,8.19019999471493,8.674500015331432,4.743299999972805,2.232399972854182,0.0,True,ok,4407,4407
811,91,9.1,6,215839.9736355,215839.9832459,9.124099975451827,9.610399982193485,5.7286000228486955,2.194400003645569,0.0,True,ok,4504,4504
812,92,9.200000000000001,6,215840.0071256,215840.0166058,8.59029998537153,9.480199980316684,5.189599993173033,2.209500002209097,0.0,True,ok,4602,4602
813,93,9.3,6,215840.040281,215840.0496024,8.38289997773245,9.321399993496016,5.012999987229705,2.172800013795495,0.0,True,ok,4719,4719
814,94,9.4,6,215840.0738147,215840.0829377,8.557199995266274,9.122999996179715,4.931000003125519,2.4299999931827188,0.0,True,ok,4623,4623
815,95,9.5,6,215840.1074034,215840.1178078,9.210799995344132,10.404400003608316,5.789400020148605,2.1708999993279576,0.0,True,ok,4555,4555
816,96,9.600000000000001,6,215840.1401291,215840.1509995,10.38900000276044,10.870400001294911,6.018899992341176,3.119899978628382,0.0,True,ok,4902,4902
817,97,9.700000000000001,6,215840.1738731,215840.183628,8.931599993957207,9.75490000564605,5.661700008204207,1.9894999859388918,33.74399998574518,True,ok,4793,4793
818,98,9.8,6,215840.2069444,215840.2158049,8.376200014026836,8.860500005539507,5.035799986217171,2.144800004316494,0.0,True,ok,4857,4857
819,99,9.9,6,215840.240139,215840.2486787,7.943400007206947,8.539700007531792,4.785500001162291,1.9739999843295664,0.0,True,ok,4985,4985
820,100,10.0,6,215840.2737388,215840.2830667,8.827100013149902,9.327900013886392,4.881600005319342,2.653400006238371,0.0,True,ok,4973,4973
821,101,10.100000000000001,6,215840.3067906,215840.3166631,9.363100019982085,9.872499998891726,5.034800007706508,2.7603000053204596,0.0,True,ok,4507,4507
822,102,10.200000000000001,6,215840.3405407,215840.351053,9.73560000420548,10.512299981201068,4.7833999851718545,3.670899983262643,0.0,True,ok,4834,4834
823,103,10.3,6,215840.3735827,215840.3835405,9.159500012174249,9.95780000812374,5.846900021424517,2.0443999965209514,0.0,True,ok,4943,4943
824,104,10.4,6,215840.4072246,215840.4157714,8.089400012977421,8.546800003387034,4.791899991687387,2.017400023760274,0.0,True,ok,5082,5082
825,105,10.5,6,215840.4401869,215840.449753,8.633599994936958,9.566099994117394,5.294800008414313,2.067599998554215,0.0,True,ok,4986,4986
826,106,10.600000000000001,6,215840.473746,215840.4825324,8.262199989985675,8.786399994278327,4.935800010571256,2.0892000175081193,0.0,True,ok,5037,5037
827,107,10.700000000000001,6,215840.5068268,215840.5154459,8.143100014422089,8.619100000942126,4.944699991028756,1.9533000013325363,0.0,True,ok,5162,5162
828,108,10.8,6,215840.5403464,215840.549281,8.248300000559539,8.934600016800687,4.802699986612424,2.0868999999947846,0.0,True,ok,4884,4884
829,109,10.9,6,215840.5735522,215840.5827352,8.44659999711439,9.18300001649186,5.1528000039979815,2.0278999872971326,0.0,True,ok,4890,4890
830,110,11.0,6,215840.606905,215840.6169004,9.49249998666346,9.995400003390387,6.062400003429502,2.178099995944649,0.0,True,ok,4848,4848
831,111,11.100000000000001,6,215840.640634,215840.6501346,8.248800004366785,9.500599990133196,5.012600013287738,1.9955000025220215,0.0,True,ok,5030,5030
832,112,11.200000000000001,6,215840.6737608,215840.6836454,9.2702999827452,9.884599974611774,5.918199982261285,2.0032999746035784,0.0,True,ok,5114,5114
833,113,11.3,6,215840.7071765,215840.7161207,8.346799993887544,8.944200002588332,4.841600020881742,2.201199997216463,0.0,True,ok,5293,5293
834,114,11.4,6,215840.7403075,215840.7486178,7.939500006614253,8.31030000699684,4.706800013082102,1.9856999861076474,0.0,True,ok,5423,5423
835,115,11.5,6,215840.7735644,215840.784206,10.072200006106868,10.641600005328655,6.547099997987971,2.231899998150766,0.0,True,ok,5340,5340
836,116,11.600000000000001,6,215840.8073295,215840.8166481,8.687199995620176,9.318600001279265,5.288599990308285,2.144300000509247,0.0,True,ok,5279,5279
837,117,11.700000000000001,6,215840.8403297,215840.8498916,9.067300008609891,9.561899991240352,4.9860000144690275,2.6938000228255987,0.0,True,ok,5498,5498
838,118,11.8,6,215840.8734792,215840.8824229,8.269699988886714,8.943699998781085,4.716199997346848,2.2210000024642795,0.0,True,ok,5517,5517
839,119,11.9,6,215840.9067342,215840.9158944,8.464200014714152,9.160200017504394,4.932000010740012,2.2483000066131353,0.0,True,ok,5266,5266
840,0,0.0,7,215840.9426097,215840.951885,8.83029997930862,9.275299991713837,4.553300008410588,2.7966999914497137,0.0,True,ok,4708,4708
841,1,0.1,7,215840.9735782,215840.9839866,9.927100007189438,10.40840000496246,6.668999994872138,2.015300007769838,0.0,True,ok,4681,4681
842,2,0.2,7,215841.0072431,215841.0159753,8.062699984293431,8.732199989026412,4.8420999955851585,2.0117000094614923,0.0,True,ok,4360,4360
843,3,0.30000000000000004,7,215841.0403172,215841.0493277,8.352599979843944,9.010499983560294,4.885699978331104,2.1989999804645777,0.0,True,ok,4532,4532
844,4,0.4,7,215841.0736778,215841.0833971,9.331000008387491,9.71929999650456,6.181100005051121,1.9379000004846603,0.0,True,ok,4533,4533
845,5,0.5,7,215841.1070114,215841.1160972,8.592500002123415,9.085800003958866,5.192100012209266,2.1616999874822795,0.0,True,ok,4334,4334
846,6,0.6000000000000001,7,215841.1405071,215841.1506832,9.015799994813278,10.176099982345477,5.749599979026243,1.9854000129271299,0.0,True,ok,4462,4462
847,7,0.7000000000000001,7,215841.1735795,215841.1843214,9.819300001254305,10.741900012362748,6.1311000026762486,2.2455999860540032,0.0,True,ok,4479,4479
848,8,0.8,7,215841.2070274,215841.2158318,8.331499993801117,8.804399985820055,4.9738000088837,1.9647000008262694,0.0,True,ok,4534,4534
849,9,0.9,7,215841.2405977,215841.2513524,9.582400001818314,10.754699993412942,6.4978000009432435,1.8529999942984432,0.0,True,ok,4491,4491
850,10,1.0,7,215841.2736691,215841.2837139,9.368899976834655,10.044800001196563,5.917899979976937,2.18979999772273,0.0,True,ok,4600,4600
851,11,1.1,7,215841.3067879,215841.3157032,8.437600015895441,8.915300015360117,4.99600000330247,2.110400004312396,0.0,True,ok,4781,4781
852,12,1.2000000000000002,7,215841.3403519,215841.3485699,7.758799998555332,8.218000002671033,4.6332999772857875,1.8643999937921762,0.0,True,ok,5044,5044
853,13,1.3,7,215841.373769,215841.3837617,8.84660001611337,9.992700011935085,5.4579999996349216,2.1530000085476786,0.0,True,ok,4620,4620
854,14,1.4000000000000001,7,215841.4073897,215841.4172613,8.5696000023745,9.871599992038682,4.727500025182962,2.15869999374263,0.0,True,ok,4785,4785
855,15,1.5,7,215841.4403622,215841.4488624,7.929099985631183,8.500199997797608,4.802100011147559,1.81940000038594,0.0,True,ok,5045,5045
856,16,1.6,7,215841.4736163,215841.4852771,10.95490000443533,11.660799995297566,6.497399997897446,3.0832000193186104,0.0,True,ok,5382,5382
857,17,1.7000000000000002,7,215841.5068147,215841.5160875,8.688500005519018,9.272800001781434,5.288000014843419,2.0592999935615808,0.0,True,ok,5312,5312
858,18,1.8,7,215841.5402326,215841.5499734,8.843199990224093,9.740799985593185,5.573600006755441,1.909899991005659,0.0,True,ok,5363,5363
859,19,1.9000000000000001,7,215841.5737517,215841.5840447,9.91329998942092,10.292999999364838,6.380100006936118,2.1621999912895262,0.0,True,ok,5455,5455
860,20,2.0,7,215841.607226,215841.6162384,8.412900002440438,9.012399998027831,4.897599981632084,2.1625999943353236,0.0,True,ok,5508,5508
861,21,2.1,7,215841.6404927,215841.6496352,8.467700012261048,9.142499999143183,4.985900013707578,2.052900003036484,0.0,True,ok,5300,5300
862,22,2.2,7,215841.6734973,215841.6855618,11.434599990025163,12.064499984262511,6.68059999588877,3.3765000116545707,0.0,True,ok,5384,5384
863,23,2.3000000000000003,7,215841.7072842,215841.7166657,8.260899980086833,9.38149998546578,4.790299979504198,2.063399995677173,33.78689999226481,True,ok,5355,5355
864,24,2.4000000000000004,7,215841.7405843,215841.7493677,8.14890000037849,8.783400000538677,4.627199989045039,2.049400005489588,0.0,True,ok,5072,5072
865,25,2.5,7,215841.7738405,215841.7828083,8.537799993064255,8.967799978563562,4.9857000121846795,2.2038999886717647,0.0,True,ok,4851,4851
866,26,2.6,7,215841.8071684,215841.8161976,8.423899998888373,9.029200009535998,4.854500002693385,2.2585999977309257,0.0,True,ok,4933,4933
867,27,2.7,7,215841.8406502,215841.8493426,8.127700013574213,8.692400006111711,4.822699993383139,1.9748999911826104,0.0,True,ok,4889,4889
868,28,2.8000000000000003,7,215841.8739254,215841.8829134,8.337300008861348,8.988000015961006,4.81370001216419,2.1945000044070184,0.0,True,ok,4508,4508
869,29,2.9000000000000004,7,215841.9071236,215841.916337,8.526999998139217,9.213400015141815,5.090899998322129,2.07419999060221,0.0,True,ok,4516,4516
870,30,3.0,7,215841.9401162,215841.9485219,7.792599993990734,8.405699976719916,4.550900019239634,1.9820000161416829,0.0,True,ok,4326,4326
871,31,3.1,7,215841.9739119,215841.9824742,8.08659999165684,8.56230000499636,4.731699998956174,2.07570000202395,0.0,True,ok,4407,4407
872,32,3.2,7,215842.0071876,215842.0158723,8.100099978037179,8.684700005687773,4.872700024861842,1.9342000014148653,0.0,True,ok,4113,4113
873,33,3.3000000000000003,7,215842.0400863,215842.0488854,8.315099985338748,8.799100003670901,5.066500016255304,1.9952000002376735,0.0,True,ok,4211,4211
874,34,3.4000000000000004,7,215842.0737779,215842.0822581,7.922899996628985,8.480200020130724,4.7630000044591725,1.9182999967597425,0.0,True,ok,4198,4198
875,35,3.5,7,215842.1072033,215842.1183678,10.039699991466478,11.164499999722466,5.019600008381531,3.781899984460324,0.0,True,ok,4125,4125
876,36,3.6,7,215842.1404106,215842.1493082,8.293199993204325,8.897599996998906,4.686500004027039,2.4187999952118844,0.0,True,ok,4267,4267
877,37,3.7,7,215842.1738009,215842.1822745,7.846399996196851,8.473599998978898,4.681300022639334,1.8872999935410917,0.0,True,ok,3805,3805
878,38,3.8000000000000003,7,215842.2068032,215842.2156693,8.271600003354251,8.866099989973009,4.8462999984622,2.1417999814730138,0.0,True,ok,3921,3921
879,39,3.9000000000000004,7,215842.2405592,215842.2494425,8.189599990146235,8.883300004526973,4.836999985855073,2.1018999977968633,0.0,True,ok,3864,3864
880,40,4.0,7,215842.2738787,215842.2839403,9.642999997595325,10.0615999836009,6.3319000182673335,2.1058999991510063,0.0,True,ok,3828,3828
881,41,4.1000000000000005,7,215842.3069206,215842.3164228,8.592500002123415,9.502200002316386,4.760499985422939,2.611500007333234,0.0,True,ok,3659,3659
882,42,4.2,7,215842.3403764,215842.3492218,8.235299988882616,8.845399977872148,4.607400012901053,2.1986999781802297,0.0,True,ok,3989,3989
883,43,4.3,7,215842.3737855,215842.3832328,8.494300011079758,9.447299991734326,5.25529999868013,1.9919000042136759,0.0,True,ok,4294,4294
884,44,4.4,7,215842.4072503,215842.4164924,8.734899980481714,9.242100000847131,4.947200010064989,2.3692000249866396,0.0,True,ok,4623,4623
885,45,4.5,7,215842.4403079,215842.4507343,9.39479999942705,10.426399996504188,5.889699998078868,2.1769999875687063,0.0,True,ok,4708,4708
886,46,4.6000000000000005,7,215842.4738298,215842.4843272,10.04240001202561,10.497400013264269,6.606799986911938,2.1010999917052686,0.0,True,ok,4834,4834
887,47,4.7,7,215842.5070497,215842.5163287,8.507599995937198,9.278999990783632,4.992900008801371,2.19569998444058,0.0,True,ok,4677,4677
888,48,4.800000000000001,7,215842.5406434,215842.5490005,7.888199994340539,8.357100014109164,4.59289998980239,2.0423000096343458,0.0,True,ok,4591,4591
889,49,4.9,7,215842.573643,215842.5836886,9.639099997002631,10.045599978184327,6.514299981063232,1.8663000082597136,32.99960002186708,True,ok,4442,4442
890,50,5.0,7,215842.6072271,215842.6178582,10.197100025834516,10.631100012687966,6.025300011970103,2.744199999142438,0.0,True,ok,4408,4408
891,51,5.1000000000000005,7,215842.6402118,215842.6495759,8.379699982469901,9.364099998492748,4.877700004726648,2.239900000859052,0.0,True,ok,4418,4418
892,52,5.2,7,215842.6735077,215842.6842215,10.218000010354444,10.713800002122298,6.924399989657104,1.949500001501292,0.0,True,ok,4600,4600
893,53,5.300000000000001,7,215842.7070213,215842.7157454,8.238799986429513,8.724099985556677,5.009999993490055,1.9355999829713255,0.0,True,ok,4489,4489
894,54,5.4,7,215842.7402554,215842.7487027,7.908899977337569,8.447300002444535,4.52930000028573,2.1046999900136143,0.0,True,ok,4625,4625
895,55,5.5,7,215842.7734004,215842.784056,10.237700014840811,10.65559999551624,6.72489998396486,2.261799992993474,0.0,True,ok,4379,4379
896,56,5.6000000000000005,7,215842.8070239,215842.8160426,8.495099988067523,9.018699987791479,4.919099999824539,2.0025999983772635,33.6234999995213,True,ok,4212,4212
897,57,5.7,7,215842.8406746,215842.8508837,9.034200018504634,10.209100000793114,5.183100001886487,2.387800021097064,0.0,True,ok,4229,4229
898,58,5.800000000000001,7,215842.8738443,215842.8840338,9.509799972875044,10.189499997068197,4.663300001993775,3.436600003624335,0.0,True,ok,4294,4294
899,59,5.9,7,215842.9068364,215842.91574,8.42450000345707,8.903599984478205,4.7796999861020595,2.2770999930799007,0.0,True,ok,4337,4337
900,60,6.0,7,215842.9404471,215842.9499903,8.88819998363033,9.543199994368479,5.30270001036115,2.0253999973647296,0.0,True,ok,4334,4334
901,61,6.1000000000000005,7,215842.9736683,215842.9834386,9.309999994002283,9.770300006493926,4.896099999314174,3.1113000004552305,0.0,True,ok,4169,4169
902,62,6.2,7,215843.0070824,215843.0162212,8.346999995410442,9.138800000073388,5.022900004405528,2.0238999859429896,0.0,True,ok,4172,4172
903,63,6.300000000000001,7,215843.0401786,215843.0488258,8.162000012816861,8.647200011182576,4.833199986023828,2.0191000076010823,0.0,True,ok,4147,4147
904,64,6.4,7,215843.0737126,215843.0833467,9.104700002353638,9.634100017137825,5.924400000367314,1.9132000161334872,0.0,True,ok,4178,4178
905,65,6.5,7,215843.1068504,215843.1157867,8.461799996439368,8.936299971537665,5.1589999930001795,2.001400018343702,0.0,True,ok,4169,4169
906,66,6.6000000000000005,7,215843.1407041,215843.1507753,8.845299977110699,10.071199998492375,5.032099987147376,2.5212999898940325,0.0,True,ok,4168,4168
907,67,6.7,7,215843.1740962,215843.1826429,8.081300009507686,8.546700002625585,4.779200011398643,1.9892000127583742,0.0,True,ok,4086,4086
908,68,6.800000000000001,7,215843.2068487,215843.2167589,9.456600004341453,9.910199994919822,5.360300012398511,2.2007999941706657,0.0,True,ok,4379,4379
909,69,6.9,7,215843.2403926,215843.2493814,8.596500003477558,8.98879999294877,5.236799974227324,2.045899978838861,0.0,True,ok,4282,4282
910,70,7.0,7,215843.2737591,215843.2845496,10.316900006728247,10.79050000407733,6.821699993452057,2.039999992121011,0.0,True,ok,4247,4247
911,71,7.1000000000000005,7,215843.3071924,215843.3159535,8.161399979144335,8.761099976254627,4.7645000158809125,2.0667000208050013,0.0,True,ok,4354,4354
912,72,7.2,7,215843.3402587,215843.3491404,8.392700023250654,8.881700021447614,5.10709997615777,1.9665999861899763,0.0,True,ok,4628,4628
913,73,7.300000000000001,7,215843.3736487,215843.382286,7.884199992986396,8.637299994006753,4.555000021355227,1.9780999864451587,0.0,True,ok,4287,4287
914,74,7.4,7,215843.4068227,215843.4157536,8.446200023172423,8.930900017730892,5.029799998737872,2.0145000016782433,0.0,True,ok,4455,4455
915,75,7.5,7,215843.4403726,215843.4490446,8.111100003588945,8.67200002539903,4.7725999902468175,1.9770000071730465,0.0,True,ok,4560,4560
916,76,7.6000000000000005,7,215843.4740277,215843.484403,9.297900018282235,10.375300014857203,5.858899996383116,2.035399986198172,0.0,True,ok,4662,4662
917,77,7.7,7,215843.5072777,215843.5163887,8.667499991133809,9.110999992117286,5.036299990024418,2.159600000595674,0.0,True,ok,4381,4381
918,78,7.800000000000001,7,215843.5405966,215843.5492696,8.23029997991398,8.672999974805862,4.792299994733185,2.082999999402091,0.0,True,ok,4350,4350
919,79,7.9,7,215843.5738016,215843.5825401,8.258999994723126,8.73850000789389,4.861800000071526,2.05789998290129,0.0,True,ok,4058,4058
920,80,8.0,7,215843.6072075,215843.6161616,8.473399997456,8.954099990660325,5.11739999637939,2.0238000142853707,0.0,True,ok,4074,4074
921,81,8.1,7,215843.6404896,215843.6496694,8.710699999937788,9.179800021229312,4.888099996605888,2.4559000157751143,0.0,True,ok,4080,4080
922,82,8.200000000000001,7,215843.6738526,215843.6829588,8.50880000507459,9.106199984671548,4.9909999943338335,2.122900012182072,0.0,True,ok,4288,4288
923,83,8.3,7,215843.7069456,215843.7160403,8.26299999607727,9.094700013520196,4.6901000023353845,2.2200999956112355,0.0,True,ok,4269,4269
924,84,8.4,7,215843.7405553,215843.7491865,8.038900006795302,8.631200005766004,4.7119999944698066,2.0074000058230013,0.0,True,ok,3996,3996
925,85,8.5,7,215843.773936,215843.7835775,9.173500002361834,9.641499986173585,5.548099987208843,2.222300012363121,0.0,True,ok,4318,4318
926,86,8.6,7,215843.807194,215843.8159295,8.24359999387525,8.73550001415424,5.027800012612715,1.8754999910015613,0.0,True,ok,4410,4410
927,87,8.700000000000001,7,215843.840558,215843.8498348,8.639400009997189,9.276800003135577,5.173899990040809,2.1040999854449183,0.0,True,ok,4345,4345
928,88,8.8,7,215843.8736241,215843.8831523,9.027199994307011,9.5281999965664,5.165200011106208,2.2268999891821295,0.0,True,ok,3995,3995
929,89,8.9,7,215843.9071977,215843.9158867,8.193600020604208,8.689000009326264,4.893500008620322,1.9586999842431396,33.57359999790788,True,ok,4114,4114
930,90,9.0,7,215843.9401847,215843.9491012,8.265000011306256,8.916499995393679,4.658699996070936,2.294799982337281,0.0,True,ok,4407,4407
931,91,9.1,7,215843.9739345,215843.98375,8.555000007618219,9.815500001423061,4.873900004895404,2.263300004415214,0.0,True,ok,4504,4504
932,92,9.200000000000001,7,215844.006757,215844.0160187,8.577400003559887,9.261700004572049,4.952299990691245,2.268200012622401,0.0,True,ok,4602,4602
933,93,9.3,7,215844.0403982,215844.0495874,8.720999991055578,9.189199976390228,5.04930000170134,2.274900005431846,0.0,True,ok,4719,4719
934,94,9.4,7,215844.0737589,215844.0838457,9.562999999616295,10.08680000086315,5.893199995625764,2.189499995438382,0.0,True,ok,4623,4623
935,95,9.5,7,215844.1070483,215844.1161156,8.319699991261587,9.06729997950606,4.723799997009337,2.198900008806959,0.0,True,ok,4555,4555
936,96,9.600000000000001,7,215844.1402436,215844.1497349,8.960100007243454,9.4913000066299,4.642099986085668,2.7836000081151724,0.0,True,ok,4902,4902
937,97,9.700000000000001,7,215844.17388,215844.1844205,9.826499997870997,10.540500021306798,6.106899993028492,2.1535000123549253,0.0,True,ok,4793,4793
938,98,9.8,7,215844.2069713,215844.2159265,8.511299995006993,8.955199999036267,5.268700013402849,1.8660999776329845,0.0,True,ok,4857,4857
939,99,9.9,7,215844.2403839,215844.2491902,8.223500015446916,8.806300000287592,4.76189999608323,2.079300000332296,0.0,True,ok,4985,4985
940,100,10.0,7,215844.2738335,215844.2839089,9.579799982020631,10.075400001369417,6.174100009957328,1.97789998492226,0.0,True,ok,4973,4973
941,101,10.100000000000001,7,215844.3072672,215844.3163337,8.332199999131262,9.066500002518296,4.955699987476692,2.0106000010855496,0.0,True,ok,4507,4507
942,102,10.200000000000001,7,215844.3405039,215844.3497274,8.450900000752881,9.223500004736707,5.03300002310425,2.084399980958551,0.0,True,ok,4834,4834
943,103,10.3,7,215844.3735127,215844.3826531,8.676500001456589,9.140400012256578,5.195299978367984,2.1126999927219003,0.0,True,ok,4943,4943
944,104,10.4,7,215844.4070135,215844.4157967,8.321000001160428,8.783199999015778,5.04329998511821,1.876900001661852,0.0,True,ok,5082,5082
945,105,10.5,7,215844.4405261,215844.4514726,10.429199988720939,10.946499998681247,6.554499996127561,2.35130000510253,0.0,True,ok,4986,4986
946,106,10.600000000000001,7,215844.4737903,215844.483467,9.096300025703385,9.676700021373108,5.7240000169258565,2.0465000125113875,0.0,True,ok,5037,5037
947,107,10.700000000000001,7,215844.5068491,215844.5157461,8.390999981202185,8.89699999243021,4.956899996614084,2.077899989672005,33.0588000069838,True,ok,5162,5162
948,108,10.8,7,215844.5401979,215844.5488459,8.204599987948313,8.64799998817034,4.654300020774826,2.2518000041600317,0.0,True,ok,4884,4884
949,109,10.9,7,215844.5736179,215844.582765,8.465299993986264,9.147100005066022,5.045900004915893,2.038700011326,0.0,True,ok,4890,4890
950,110,11.0,7,215844.6068452,215844.6157188,8.349299983819947,8.873599988874048,4.838199994992465,2.179600007366389,0.0,True,ok,4848,4848
951,111,11.100000000000001,7,215844.6402121,215844.6488929,8.200100011890754,8.68080000509508,4.810100013855845,2.0376000029500574,0.0,True,ok,5030,5030
952,112,11.200000000000001,7,215844.6738139,215844.6823473,7.877900003222749,8.533399988664314,4.597799998009577,1.9620000093709677,0.0,True,ok,5114,5114
953,113,11.3,7,215844.7070737,215844.7169455,9.357200004160404,9.87179999356158,4.966100008459762,2.784799988148734,0.0,True,ok,5293,5293
954,114,11.4,7,215844.7400438,215844.748988,8.326000010129064,8.944200002588332,4.856200015638024,2.1409000037238,0.0,True,ok,5423,5423
955,115,11.5,7,215844.7738888,215844.7838706,9.400299983099103,9.981799987144768,5.922699987422675,2.1137000003363937,0.0,True,ok,5340,5340
956,116,11.600000000000001,7,215844.8070339,215844.8172331,9.077499998966232,10.199200012721121,5.507800000486895,2.118400007020682,0.0,True,ok,5279,5279
957,117,11.700000000000001,7,215844.8404835,215844.8533204,12.372600001981482,12.836899986723438,4.991199995856732,4.898500017588958,0.0,True,ok,5498,5498
958,118,11.8,7,215844.8735814,215844.8832206,9.010299982037395,9.63919999776408,4.79600002290681,2.838099986547604,0.0,True,ok,5517,5517
959,119,11.9,7,215844.9071027,215844.9171543,8.90290000825189,10.051599994767457,5.355200002668425,2.1933999960310757,0.0,True,ok,5266,5266
960,0,0.0,8,215844.9421427,215844.9506942,8.145100000547245,8.551500010071322,4.708199994638562,2.179000002797693,0.0,True,ok,4708,4708
961,1,0.1,8,215844.9739242,215844.9840374,9.052899986272678,10.113199998158962,5.603300000075251,2.0493000047281384,31.781500001670793,True,ok,4681,4681
962,2,0.2,8,215845.0072307,215845.0160225,8.378200000151992,8.79180000629276,4.976399999577552,2.0810000132769346,0.0,True,ok,4360,4360
963,3,0.30000000000000004,8,215845.0402947,215845.0492731,8.321900008013472,8.97840000106953,4.802600014954805,2.2129999997559935,0.0,True,ok,4532,4532
964,4,0.4,8,215845.0738965,215845.0829307,8.539800008293241,9.034200018504634,4.939899983583018,2.1761000098194927,0.0,True,ok,4533,4533
965,5,0.5,8,215845.1070902,215845.1157528,8.241499977884814,8.662599982926622,4.834699997445568,2.085499989334494,33.19370001554489,True,ok,4334,4334
966,6,0.6000000000000001,8,215845.140162,215845.1490608,8.419199992204085,8.898800006136298,4.974100011168048,2.07280000904575,0.0,True,ok,4462,4462
967,7,0.7000000000000001,8,215845.173732,215845.1831429,8.30750001478009,9.410900005605072,4.836900014197454,2.099000004818663,0.0,True,ok,4479,4479
968,8,0.8,8,215845.2070734,215845.2161276,8.550099999411032,9.05419999617152,5.072600004496053,2.1526000055018812,33.341400005156174,True,ok,4534,4534
969,9,0.9,8,215845.2402912,215845.2490621,8.3145999815315,8.770899992669001,4.937799996696413,2.0892000175081193,0.0,True,ok,4491,4491
970,10,1.0,8,215845.2738452,215845.2839556,9.713100007502362,10.11040000594221,6.078199978219345,2.0850000146310776,0.0,True,ok,4600,4600
971,11,1.1,8,215845.3068851,215845.3158108,8.465199993224815,8.925700007239357,5.082500021671876,2.032899996265769,0.0,True,ok,4781,4781
972,12,1.2000000000000002,8,215845.3403812,215845.3494273,8.290500001749024,9.046100021805614,4.832599981455132,1.9808000070042908,0.0,True,ok,5044,5044
973,13,1.3,8,215845.3739011,215845.383158,8.640400017611682,9.256899997126311,4.708699998445809,2.603000000817701,0.0,True,ok,4620,4620
974,14,1.4000000000000001,8,215845.4071893,215845.4172223,9.182399982819334,10.032999998657033,5.171600001631305,2.6310000102967024,0.0,True,ok,4785,4785
975,15,1.5,8,215845.4405778,215845.4499999,8.345700014615431,9.422100003575906,5.09369999053888,1.9520999921951443,0.0,True,ok,5045,5045
976,16,1.6,8,215845.473412,215845.4843772,10.25719998870045,10.965199995553121,6.662100000539795,2.158099989173934,0.0,True,ok,5382,5382
977,17,1.7000000000000002,8,215845.5072746,215845.5165997,8.838899986585602,9.32509999256581,4.983100021490827,2.4927000049501657,0.0,True,ok,5312,5312
978,18,1.8,8,215845.540363,215845.5491153,8.117899997159839,8.752299996558577,4.664699983550236,2.0642999734263867,0.0,True,ok,5363,5363
979,19,1.9000000000000001,8,215845.5739025,215845.5827871,8.236399997258559,8.884599985321984,4.735299997264519,2.062999992631376,0.0,True,ok,5455,5455
980,20,2.0,8,215845.6067796,215845.6156907,8.503899996867403,8.911100012483075,4.981599980965257,2.168299979530275,0.0,True,ok,5508,5508
981,21,2.1,8,215845.6407122,215845.6504295,8.438000018941239,9.717300010379404,5.113899998832494,1.898499991511926,0.0,True,ok,5300,5300
982,22,2.2,8,215845.673769,215845.6828009,8.367099973838776,9.0319000009913,4.744000005302951,2.257400017697364,0.0,True,ok,5384,5384
983,23,2.3000000000000003,8,215845.7071375,215845.7161385,8.48059999407269,9.000999998534098,4.812099999981001,2.269700024044141,33.36850000778213,True,ok,5355,5355
984,24,2.4000000000000004,8,215845.7404708,215845.7490903,8.199600008083507,8.619500003987923,4.68929999624379,2.1874000085517764,33.33330000168644,True,ok,5072,5072
985,25,2.5,8,215845.7738592,215845.7837515,8.644500019727275,9.892300004139543,5.311200016876683,2.025199995841831,0.0,True,ok,4851,4851
986,26,2.6,8,215845.8069699,215845.8158824,8.267900004284456,8.912499994039536,4.727999999886379,2.0157000108156353,0.0,True,ok,4933,4933
987,27,2.7,8,215845.8404387,215845.8491195,8.058999985223636,8.68080000509508,4.810000013094395,1.9124000100418925,0.0,True,ok,4889,4889
988,28,2.8000000000000003,8,215845.8735133,215845.8828162,8.652899996377528,9.30289999814704,5.0760000012815,2.260200009914115,0.0,True,ok,4508,4508
989,29,2.9000000000000004,8,215845.9069461,215845.9155589,8.128999994369224,8.612799982074648,4.768499988131225,2.0465999841690063,0.0,True,ok,4516,4516
990,30,3.0,8,215845.9401873,215845.9483517,7.738899992546067,8.164400001987815,4.649999988032505,1.82679999852553,0.0,True,ok,4326,4326
991,31,3.1,8,215845.973931,215845.9842,9.403200005181134,10.26900002034381,6.179899995913729,1.965200004633516,0.0,True,ok,4407,4407
992,32,3.2,8,215846.0073062,215846.0189492,10.54009998915717,11.643000005278736,5.971500009763986,3.2731999817769974,0.0,True,ok,4113,4113
993,33,3.3000000000000003,8,215846.0401105,215846.0500585,9.345200000097975,9.947999991709366,4.8420999955851585,3.121899993857369,0.0,True,ok,4211,4211
994,34,3.4000000000000004,8,215846.0735027,215846.0822306,8.057900005951524,8.727900014491752,4.696000018157065,2.0404999959282577,0.0,True,ok,4198,4198
995,35,3.5,8,215846.1071124,215846.1157637,8.312900026794523,8.651300013298169,5.086799996206537,2.002699999138713,0.0,True,ok,4125,4125
996,36,3.6,8,215846.1401448,215846.1506725,9.885999985272065,10.527699982048944,4.6178000047802925,4.061999992700294,0.0,True,ok,4267,4267
997,37,3.7,8,215846.1734201,215846.1841415,10.27349999640137,10.721400001784787,6.985499989241362,2.0852000161539763,0.0,True,ok,3805,3805
998,38,3.8000000000000003,8,215846.2072264,215846.2166016,8.302300004288554,9.375199995702133,4.953399999067187,2.0875000045634806,0.0,True,ok,3921,3921
999,39,3.9000000000000004,8,215846.2404547,215846.2491858,8.22889999835752,8.7311000097543,4.947899986291304,2.105499996105209,0.0,True,ok,3864,3864
1000,40,4.0,8,215846.2736283,215846.282223,7.731699995929375,8.59469998977147,4.616500023985282,1.9331999938003719,0.0,True,ok,3828,3828
1001,41,4.1000000000000005,8,215846.307221,215846.3160564,8.219400013331324,8.835400018142536,4.995200026314706,2.0249999943189323,0.0,True,ok,3659,3659
1002,42,4.2,8,215846.340697,215846.3496077,8.456199982902035,8.910699980333447,4.600099986419082,2.1513000247068703,0.0,True,ok,3989,3989
1003,43,4.3,8,215846.3737753,215846.382864,8.612000005086884,9.088700026040897,4.916899983072653,2.4507000052835792,0.0,True,ok,4294,4294
1004,44,4.4,8,215846.4068815,215846.4157536,8.406300010392442,8.872100006556138,4.975399991963059,2.2221000108402222,0.0,True,ok,4623,4623
1005,45,4.5,8,215846.4403819,215846.4494109,8.669200004078448,9.0290000080131,4.960300022503361,2.3622999724466354,0.0,True,ok,4708,4708
1006,46,4.6000000000000005,8,215846.4736956,215846.4831941,8.551000006264076,9.49850000324659,5.005200015148148,2.238900022348389,0.0,True,ok,4834,4834
1007,47,4.7,8,215846.5072428,215846.5159687,8.23189999209717,8.725899999262765,4.767100006574765,2.2194000193849206,0.0,True,ok,4677,4677
1008,48,4.800000000000001,8,215846.5403332,215846.5487925,7.951599982334301,8.459299977403134,4.730700020445511,2.015999983996153,0.0,True,ok,4591,4591
1009,49,4.9,8,215846.5737725,215846.5823444,8.084000000962988,8.571899990784004,4.69820000580512,2.1120999881532043,0.0,True,ok,4442,4442
1010,50,5.0,8,215846.6072896,215846.6166573,8.773400011705235,9.367699996801093,5.06270001642406,2.494600019417703,0.0,True,ok,4408,4408
1011,51,5.1000000000000005,8,215846.6402556,215846.6502696,8.96090001333505,10.013999999500811,5.301500001223758,2.4187999952118844,0.0,True,ok,4418,4418
1012,52,5.2,8,215846.6738042,215846.6843506,9.850300004472956,10.546400008024648,6.500199990114197,2.119999990100041,0.0,True,ok,4600,4600
1013,53,5.300000000000001,8,215846.7072337,215846.7158307,8.077300008153543,8.597000007284805,4.822699993383139,2.012299984926358,33.42950000660494,True,ok,4489,4489
1014,54,5.4,8,215846.7404494,215846.7493649,8.306500007165596,8.915499987779185,4.889199975878,2.2111999860499054,0.0,True,ok,4625,4625
1015,55,5.5,8,215846.773751,215846.7838313,9.505000023636967,10.080300009576604,6.316599989077076,2.0037000067532063,0.0,True,ok,4379,4379
1016,56,5.6000000000000005,8,215846.8072653,215846.8158546,7.908600004157051,8.589299977757037,4.798399982973933,1.9407999934628606,0.0,True,ok,4212,4212
1017,57,5.7,8,215846.8404265,215846.8493868,8.357999991858378,8.960299979662523,5.023100005928427,2.0920000097248703,0.0,True,ok,4229,4229
1018,58,5.800000000000001,8,215846.873805,215846.8827136,8.16960001247935,8.908599993446842,4.706399980932474,2.237400010926649,0.0,True,ok,4294,4294
1019,59,5.9,8,215846.9068454,215846.915641,8.341800014022738,8.795600006124005,4.9032000242732465,2.1692000154871494,33.040399983292446,True,ok,4337,4337
1020,60,6.0,8,215846.9405702,215846.949024,8.078899991232902,8.453799993731081,4.860699991695583,2.068200003122911,0.0,True,ok,4334,4334
1021,61,6.1000000000000005,8,215846.9739957,215846.9842608,9.643400000641122,10.265099990647286,6.323300010990351,2.14540000888519,33.4255000052508,True,ok,4169,4169
1022,62,6.2,8,215847.0069451,215847.0157883,8.356499980436638,8.843199990224093,5.101700022350997,2.054799988400191,0.0,True,ok,4172,4172
1023,63,6.300000000000001,8,215847.0405126,215847.0496954,8.524900011252612,9.182799985865131,4.736300004879013,2.4963999749161303,0.0,True,ok,4147,4147
1024,64,6.4,8,215847.073481,215847.0845061,10.546800011070445,11.025100015103817,5.702199996449053,3.628600010415539,0.0,True,ok,4178,4178
1025,65,6.5,8,215847.1069295,215847.1164435,9.023400023579597,9.514000004855916,5.051599990110844,2.7889999910257757,0.0,True,ok,4169,4169
1026,66,6.6000000000000005,8,215847.1405781,215847.1493409,8.125499996822327,8.762800018303096,4.659400001401082,2.0394000166561455,0.0,True,ok,4168,4168
1027,67,6.7,8,215847.1736244,215847.182289,8.061000000452623,8.664599998155609,4.767400008859113,2.0862999954260886,0.0,True,ok,4086,4086
1028,68,6.800000000000001,8,215847.2070392,215847.2161112,8.487899991450831,9.071999986190349,5.020500015234575,2.2422999900300056,0.0,True,ok,4379,4379
1029,69,6.9,8,215847.2405224,215847.2491786,8.211400010623038,8.656199992401525,4.936799989081919,2.0597999973688275,0.0,True,ok,4282,4282
1030,70,7.0,8,215847.2738547,215847.2826737,8.215000008931383,8.819000009680167,4.817100008949637,2.1200000192038715,0.0,True,ok,4247,4247
1031,71,7.1000000000000005,8,215847.3072806,215847.3170456,8.690300019225106,9.764999995240942,5.5847000039648265,1.886400015791878,0.0,True,ok,4354,4354
1032,72,7.2,8,215847.3402029,215847.3492832,8.529899991117418,9.080299991182983,4.97969999560155,2.001199987716973,0.0,True,ok,4628,4628
1033,73,7.300000000000001,8,215847.3734377,215847.3826068,8.522000018274412,9.169099997961894,5.339600000297651,2.0366999960970134,0.0,True,ok,4287,4287
1034,74,7.4,8,215847.406824,215847.4156516,8.373699994990602,8.827599987853318,5.157899984624237,1.9582999811973423,0.0,True,ok,4455,4455
1035,75,7.5,8,215847.4405474,215847.4492574,8.144999999785796,8.709999994607642,4.963499988662079,2.004699985263869,0.0,True,ok,4560,4560
1036,76,7.6000000000000005,8,215847.4737376,215847.4843361,9.982199990190566,10.598499997286126,6.820600014179945,1.8577000009827316,0.0,True,ok,4662,4662
1037,77,7.7,8,215847.5069962,215847.5160497,8.625199989182875,9.053499990841374,4.990499990526587,2.1484000026248395,0.0,True,ok,4381,4381
1038,78,7.800000000000001,8,215847.5406691,215847.5501835,9.035800001583993,9.514399978797883,4.741000011563301,3.057099995203316,33.67289999732748,True,ok,4350,4350
1039,79,7.9,8,215847.5737367,215847.5821769,7.972299994435161,8.440200006589293,4.900400002952665,1.9182999967597425,0.0,True,ok,4058,4058
1040,80,8.0,8,215847.6069123,215847.6153739,7.683699979679659,8.461599994916469,4.482399992411956,1.9924000080209225,0.0,True,ok,4074,4074
1041,81,8.1,8,215847.6406886,215847.6495225,8.359400002518669,8.833900006720796,5.215399985900149,1.9976000185124576,0.0,True,ok,4080,4080
1042,82,8.200000000000001,8,215847.673411,215847.6839986,10.083400004077703,10.58760000159964,6.755499984137714,2.139599993824959,0.0,True,ok,4288,4288
1043,83,8.3,8,215847.7070875,215847.7156492,7.91029998799786,8.561700000427663,4.719499993370846,2.0001000084448606,0.0,True,ok,4269,4269
1044,84,8.4,8,215847.7403035,215847.7489249,7.911099994089454,8.62139998935163,4.601499997079372,2.1795999782625586,0.0,True,ok,3996,3996
1045,85,8.5,8,215847.7736984,215847.7841517,9.789800009457394,10.453299997607246,6.167800020193681,2.1000000124331564,0.0,True,ok,4318,4318
1046,86,8.6,8,215847.8071743,215847.8159179,8.269800018751994,8.743600017623976,4.946600005496293,2.0815999887418,0.0,True,ok,4410,4410
1047,87,8.700000000000001,8,215847.8403781,215847.8495487,8.681700011948124,9.170600009383634,4.986799991456792,2.1951000089757144,0.0,True,ok,4345,4345
1048,88,8.8,8,215847.8737117,215847.8828838,8.490099979098886,9.172099991701543,5.148900003405288,2.16760000330396,0.0,True,ok,3995,3995
1049,89,8.9,8,215847.9073154,215847.9162342,8.416700002271682,8.918800012907013,5.12340001296252,2.1028000046499074,0.0,True,ok,4114,4114
1050,90,9.0,8,215847.9402881,215847.9493047,8.307000010972843,9.016600000904873,4.933299991535023,2.1899999992456287,0.0,True,ok,4407,4407
1051,91,9.1,8,215847.9739458,215847.983086,8.635299978777766,9.140199981629848,5.198500002734363,2.218100009486079,0.0,True,ok,4504,4504
1052,92,9.200000000000001,8,215848.0067572,215848.0158912,8.46149999415502,9.13399999262765,4.999099997803569,2.2333000088110566,0.0,True,ok,4602,4602
1053,93,9.3,8,215848.0403753,215848.0511539,10.305600007995963,10.77860000077635,4.946800007019192,4.110799985937774,0.0,True,ok,4719,4719
1054,94,9.4,8,215848.0737679,215848.0833169,8.739400014746934,9.54900000942871,4.90860000718385,2.3273999977391213,0.0,True,ok,4623,4623
1055,95,9.5,8,215848.1067985,215848.1165449,9.146900003543124,9.746399999130517,5.0608000019565225,2.6094000204466283,0.0,True,ok,4555,4555
1056,96,9.600000000000001,8,215848.1401848,215848.1490386,8.331599994562566,8.853800012730062,4.994100017938763,2.1553000260610133,0.0,True,ok,4902,4902
1057,97,9.700000000000001,8,215848.17355,215848.183242,8.37550000869669,9.691999992355704,5.201100022532046,1.9480999908410013,0.0,True,ok,4793,4793
1058,98,9.8,8,215848.2073173,215848.2166404,8.14580000587739,9.323100006440654,4.931200004648417,2.0087000157218426,0.0,True,ok,4857,4857
1059,99,9.9,8,215848.2406192,215848.2491651,8.040499989874661,8.54589999653399,4.932000010740012,1.9422000041231513,0.0,True,ok,4985,4985
1060,100,10.0,8,215848.2740431,215848.283748,9.254499978851527,9.704899974167347,6.04790000943467,2.0037000067532063,0.0,True,ok,4973,4973
1061,101,10.100000000000001,8,215848.3067752,215848.3154662,8.202600001823157,8.69099999545142,5.102800001623109,1.9076000025961548,0.0,True,ok,4507,4507
1062,102,10.200000000000001,8,215848.3402717,215848.3485793,7.8394000011030585,8.307600015541539,4.610099975252524,2.049500006251037,0.0,True,ok,4834,4834
1063,103,10.3,8,215848.3738026,215848.3824735,8.000100002391264,8.670900017023087,4.712800000561401,2.089700021315366,0.0,True,ok,4943,4943
1064,104,10.4,8,215848.4074063,215848.4169083,8.354999998118728,9.502000000793487,5.010100023355335,2.1151999826543033,0.0,True,ok,5082,5082
1065,105,10.5,8,215848.4407004,215848.4496363,8.370399998966604,8.935899997595698,5.141300003742799,2.0794000010937452,0.0,True,ok,4986,4986
1066,106,10.600000000000001,8,215848.4739217,215848.4830203,8.52519998443313,9.09859998500906,5.335499998182058,2.0121000125072896,0.0,True,ok,5037,5037
1067,107,10.700000000000001,8,215848.5070409,215848.5159139,8.25109999277629,8.872999984305352,5.024599988246337,2.051800023764372,0.0,True,ok,5162,5162
1068,108,10.8,8,215848.5401279,215848.5484408,7.6345999841578305,8.312899997690693,4.4756999996025115,2.0312000124249607,0.0,True,ok,4884,4884
1069,109,10.9,8,215848.5736764,215848.5825626,8.189899992430583,8.886199997505173,4.839500004891306,2.011499978834763,0.0,True,ok,4890,4890
1070,110,11.0,8,215848.6072668,215848.6163225,8.579799992730841,9.055699978489429,5.1753000007011,2.242399990791455,0.0,True,ok,4848,4848
1071,111,11.100000000000001,8,215848.6402499,215848.6491429,8.268999983556569,8.892999991076067,4.958400008035824,2.061200008029118,0.0,True,ok,5030,5030
1072,112,11.200000000000001,8,215848.6738378,215848.6839217,9.602699981769547,10.08390000788495,6.436399999074638,2.0152000070083886,33.58789999037981,True,ok,5114,5114
1073,113,11.3,8,215848.7067284,215848.7156116,8.387799985939637,8.883200003765523,4.990600020391867,2.170300023863092,32.89060000679456,True,ok,5293,5293
1074,114,11.4,8,215848.7404048,215848.7492978,7.934399996884167,8.893000020179898,4.490599996643141,2.1943000028841197,0.0,True,ok,5423,5423
1075,115,11.5,8,215848.7735915,215848.7839507,9.799999999813735,10.35919997957535,6.175099988467991,2.3908000148367137,0.0,True,ok,5340,5340
1076,116,11.600000000000001,8,215848.807248,215848.8161511,8.387200010474771,8.90310000977479,5.042900011176243,2.1399000252131373,0.0,True,ok,5279,5279
1077,117,11.700000000000001,8,215848.8403441,215848.8493756,8.420700003625825,9.031499997945502,5.014199996367097,2.173400018364191,0.0,True,ok,5498,5498
1078,118,11.8,8,215848.8739571,215848.8842846,9.049899992533028,10.327500000130385,5.657100002281368,2.1766999852843583,0.0,True,ok,5517,5517
1079,119,11.9,8,215848.9070376,215848.9161231,8.580099995015189,9.085500001674518,5.131199985044077,2.191600011428818,0.0,True,ok,5266,5266
1080,0,0.0,9,215848.9426919,215848.9515136,8.315500017488375,8.821700001135468,4.959999991115183,2.217500004917383,0.0,True,ok,4708,4708
1081,1,0.1,9,215848.9738488,215848.9839915,9.400099981576204,10.142699989955872,6.115800002589822,2.052299998467788,0.0,True,ok,4681,4681
1082,2,0.2,9,215849.0068991,215849.0155578,8.214700006647035,8.658700011437759,4.998299991711974,2.0126000163145363,0.0,True,ok,4360,4360
1083,3,0.30000000000000004,9,215849.0403517,215849.04927,8.337199978996068,8.918299979995936,4.8399000079371035,2.2481000050902367,0.0,True,ok,4532,4532
1084,4,0.4,9,215849.0738684,215849.0823178,7.977200002642348,8.449399989331141,4.774300003191456,1.979099994059652,0.0,True,ok,4533,4533
1085,5,0.5,9,215849.1070463,215849.1185633,10.9119999979157,11.517000006278977,5.013599991798401,4.657999990740791,0.0,True,ok,4334,4334
1086,6,0.6000000000000001,9,215849.1401696,215849.1490558,8.408699999563396,8.886199997505173,5.049800005508587,2.085299987811595,0.0,True,ok,4462,4462
1087,7,0.7000000000000001,9,215849.1738401,215849.1839127,9.302300022682175,10.072600009152666,6.0332000139169395,2.0674999977927655,0.0,True,ok,4479,4479
1088,8,0.8,9,215849.2069034,215849.2156142,8.221099997172132,8.710800000699237,5.021699995268136,1.9563999958336353,0.0,True,ok,4534,4534
1089,9,0.9,9,215849.2404921,215849.2491435,7.9363999830093235,8.651399984955788,4.813100007595494,1.8691000004764646,0.0,True,ok,4491,4491
1090,10,1.0,9,215849.2739154,215849.2842451,9.900199976982549,10.32969998777844,6.2596000207122415,2.2025000071153045,33.42329998849891,True,ok,4600,4600
1091,11,1.1,9,215849.3069619,215849.3156659,8.206900005461648,8.704000007128343,5.098599998746067,1.8708999850787222,0.0,True,ok,4781,4781
1092,12,1.2000000000000002,9,215849.3406574,215849.3494382,8.356100006494671,8.780800009844825,5.198500002734363,1.9219999958295375,0.0,True,ok,5044,5044
1093,13,1.3,9,215849.373924,215849.3824275,8.046000002650544,8.503499993821606,4.7805999929551035,2.054000011412427,0.0,True,ok,4620,4620
1094,14,1.4000000000000001,9,215849.4068068,215849.4160998,8.628400013549253,9.293000010075048,4.839100001845509,2.550699980929494,0.0,True,ok,4785,4785
1095,15,1.5,9,215849.4405964,215849.4494751,8.43019998865202,8.878699998604134,5.191100004594773,2.0078000088687986,0.0,True,ok,5045,5045
1096,16,1.6,9,215849.4736758,215849.4837773,9.427899989532307,10.10149999638088,5.8391999918967485,2.2801999875809997,0.0,True,ok,5382,5382
1097,17,1.7000000000000002,9,215849.507144,215849.5164023,8.807100006379187,9.258300007786602,5.2263999823480844,2.0788999972864985,0.0,True,ok,5312,5312
1098,18,1.8,9,215849.5403675,215849.5504079,9.444900002563372,10.040399996796623,4.467199993086979,3.527399996528402,0.0,True,ok,5363,5363
1099,19,1.9000000000000001,9,215849.5737929,215849.5833105,8.887399977538735,9.517600003164262,5.225699977017939,2.345199987757951,0.0,True,ok,5455,5455
1100,20,2.0,9,215849.6067169,215849.6173362,10.237200011033565,10.619300010148436,5.173499986995012,3.778300015255809,0.0,True,ok,5508,5508
1101,21,2.1,9,215849.6403838,215849.6492559,8.189599990146235,8.872100006556138,4.812099999981001,2.033100026892498,0.0,True,ok,5300,5300
1102,22,2.2,9,215849.6735532,215849.6846798,10.670299991033971,11.126600002171472,6.934500008355826,2.460499992594123,0.0,True,ok,5384,5384
1103,23,2.3000000000000003,9,215849.7071852,215849.7165222,8.412800001678988,9.33699999586679,4.8744999803602695,2.217800007201731,0.0,True,ok,5355,5355
1104,24,2.4000000000000004,9,215849.7403999,215849.7512853,9.77269999566488,10.88539999909699,5.672900006175041,2.7694000164046884,0.0,True,ok,5072,5072
1105,25,2.5,9,215849.7743861,215849.7841975,9.399700007634237,9.811399999307469,5.83760000881739,2.310999989276752,0.0,True,ok,4851,4851
1106,26,2.6,9,215849.8069875,215849.8161652,8.619500003987923,9.177700005238876,5.002499994589016,2.321799984201789,0.0,True,ok,4933,4933
1107,27,2.7,9,215849.8403625,215849.8495188,8.641799999168143,9.1563000169117,4.949099995428696,2.227699995273724,33.37499999906868,True,ok,4889,4889
1108,28,2.8000000000000003,9,215849.8738954,215849.8830939,8.191999979317188,9.198499988997355,4.657499986933544,2.2806999913882464,33.53290000814013,True,ok,4508,4508
1109,29,2.9000000000000004,9,215849.9067578,215849.9156791,8.305700001074001,8.921300002839416,4.952099989168346,2.0898999937344342,0.0,True,ok,4516,4516
1110,30,3.0,9,215849.940483,215849.948818,7.950800005346537,8.334999991348013,4.721600009361282,2.005799993639812,0.0,True,ok,4326,4326
1111,31,3.1,9,215849.9736451,215849.9842972,10.232999979052693,10.652099997969344,6.855799991171807,2.0212999952491373,0.0,True,ok,4407,4407
1112,32,3.2,9,215850.0069993,215850.0160166,8.564400020986795,9.017300006235018,5.164500005776063,1.9956000032834709,0.0,True,ok,4113,4113
1113,33,3.3000000000000003,9,215850.0402421,215850.0492784,8.370299998205155,9.03630000539124,4.9328999884892255,2.0450000010896474,0.0,True,ok,4211,4211
1114,34,3.4000000000000004,9,215850.0735965,215850.0826532,8.441999991191551,9.056699986103922,5.332900007488206,1.9054000149480999,0.0,True,ok,4198,4198
1115,35,3.5,9,215850.1071948,215850.1160944,8.513000007951632,8.899600012227893,5.1281000196468085,2.197000023443252,0.0,True,ok,4125,4125
1116,36,3.6,9,215850.14049,215850.1492818,8.329300006153062,8.79180000629276,5.020600015996024,2.129500004230067,0.0,True,ok,4267,4267
1117,37,3.7,9,215850.1736119,215850.1841136,9.650599997257814,10.50169998779893,6.478199997218326,1.9836999999824911,0.0,True,ok,3805,3805
1118,38,3.8000000000000003,9,215850.2071639,215850.2161262,8.255999971879646,8.96229999489151,4.786200006492436,2.2849000233691186,0.0,True,ok,3921,3921
1119,39,3.9000000000000004,9,215850.240138,215850.2492486,8.616400009486824,9.110600018175319,5.052900000009686,2.3631000076420605,0.0,True,ok,3864,3864
1120,40,4.0,9,215850.2736768,215850.2846287,10.579099995084107,10.951900010695681,6.719500001054257,2.3277000000234693,0.0,True,ok,3828,3828
1121,41,4.1000000000000005,9,215850.307244,215850.3175419,8.85109999217093,10.297900007572025,5.663699994329363,1.9816999847535044,0.0,True,ok,3659,3659
1122,42,4.2,9,215850.3403474,215850.3490767,8.109399990644306,8.729299996048212,4.672699986258522,2.205599972512573,0.0,True,ok,3989,3989
1123,43,4.3,9,215850.3736221,215850.3838929,8.998299977974966,10.270799975842237,5.784400011179969,1.9768000056501478,0.0,True,ok,4294,4294
1124,44,4.4,9,215850.4069393,215850.4156338,8.242600015364587,8.694499992998317,4.743299999972805,2.213200001278892,0.0,True,ok,4623,4623
1125,45,4.5,9,215850.440566,215850.4498147,8.81840000511147,9.248699992895126,5.040200019720942,2.3862999805714935,33.62669999478385,True,ok,4708,4708
1126,46,4.6000000000000005,9,215850.4738906,215850.4842898,9.986499993829057,10.399199993116781,6.728500011377037,2.003000001423061,0.0,True,ok,4834,4834
1127,47,4.7,9,215850.5070122,215850.5173997,9.737600019434467,10.38750002044253,4.897600010735914,3.4029000089503825,0.0,True,ok,4677,4677
1128,48,4.800000000000001,9,215850.5407037,215850.549662,8.45110000227578,8.958299993537366,5.17369998851791,2.0580999844241887,0.0,True,ok,4591,4591
1129,49,4.9,9,215850.5736299,215850.5823088,8.052699995459989,8.678899990627542,4.840599984163418,1.9805000047199428,0.0,True,ok,4442,4442
1130,50,5.0,9,215850.6070822,215850.6161494,8.46290000481531,9.067200007848442,5.04930000170134,2.2084999945946038,0.0,True,ok,4408,4408
1131,51,5.1000000000000005,9,215850.6405384,215850.649597,8.490200008964166,9.05860000057146,4.94119999348186,2.2440000029746443,0.0,True,ok,4418,4418
1132,52,5.2,9,215850.6737299,215850.6842081,9.822199994232506,10.478199983481318,6.559500005096197,1.9555000180844218,0.0,True,ok,4600,4600
1133,53,5.300000000000001,9,215850.7072254,215850.7170553,8.647799986647442,9.829899994656444,5.426999996416271,1.9626999855972826,0.0,True,ok,4489,4489
1134,54,5.4,9,215850.7402264,215850.7496707,8.730800007469952,9.444299997994676,4.709000000730157,2.789699996355921,0.0,True,ok,4625,4625
1135,55,5.5,9,215850.7736221,215850.7824103,8.407199988141656,8.788199978880584,5.078300018794835,2.133899979526177,0.0,True,ok,4379,4379
1136,56,5.6000000000000005,9,215850.8072569,215850.8159181,8.224699995480478,8.661200001370162,4.888700001174584,2.0755000005010515,0.0,True,ok,4212,4212
1137,57,5.7,9,215850.8402547,215850.8496526,8.670900017023087,9.39790002303198,5.160700005944818,2.22829999984242,0.0,True,ok,4229,4229
1138,58,5.800000000000001,9,215850.8735734,215850.8826766,8.528600010322407,9.103200020035729,5.022899975301698,2.215099986642599,0.0,True,ok,4294,4294
1139,59,5.9,9,215850.907122,215850.9163418,8.56210000347346,9.219800005666912,5.032200017012656,2.181499992730096,0.0,True,ok,4337,4337
1140,60,6.0,9,215850.9402588,215850.9498681,8.716899988939986,9.609300002921373,4.698800010373816,2.161299984436482,0.0,True,ok,4334,4334
1141,61,6.1000000000000005,9,215850.9735195,215850.9843687,10.263900010613725,10.849200014490634,6.823200004873797,2.1047000191174448,0.0,True,ok,4169,4169
1142,62,6.2,9,215851.0067168,215851.0158149,8.031199977267534,9.098099981201813,4.86270000692457,1.8967000069096684,0.0,True,ok,4172,4172
1143,63,6.300000000000001,9,215851.0401686,215851.0511217,10.457900003530085,10.953099990729243,4.902699991362169,4.197300004307181,33.45180000178516,True,ok,4147,4147
1144,64,6.4,9,215851.0736331,215851.082913,8.092299976851791,9.279899997636676,4.804199998034164,2.04020002274774,0.0,True,ok,4178,4178
1145,65,6.5,9,215851.1070107,215851.1157609,8.270799997262657,8.75019998056814,5.062199983512983,1.968600001418963,0.0,True,ok,4169,4169
1146,66,6.6000000000000005,9,215851.1403438,215851.1489387,8.095800003502518,8.594899991294369,4.74709999980405,1.963699993211776,33.33310000016354,True,ok,4168,4168
1147,67,6.7,9,215851.1737859,215851.1844109,10.10159999714233,10.624999995343387,6.7971000098623335,2.015300007769838,0.0,True,ok,4086,4086
1148,68,6.800000000000001,9,215851.2068738,215851.2162192,8.795700006885454,9.345400001620874,5.065900011686608,2.417799987597391,0.0,True,ok,4379,4379
1149,69,6.9,9,215851.240371,215851.2491327,8.13239999115467,8.761700009927154,4.816200002096593,2.0012000168208033,0.0,True,ok,4282,4282
1150,70,7.0,9,215851.2738715,215851.2839244,8.906999981263652,10.052900004666299,5.472999997437,2.171000000089407,0.0,True,ok,4247,4247
1151,71,7.1000000000000005,9,215851.307267,215851.3160882,8.309500000905246,8.821199997328222,4.91150000016205,2.0853999885730445,0.0,True,ok,4354,4354
1152,72,7.2,9,215851.340385,215851.349051,8.204399986425415,8.6660000088159,5.0002000061795115,1.8915999971795827,0.0,True,ok,4628,4628
1153,73,7.300000000000001,9,215851.3737235,215851.3827902,8.44530001631938,9.066700004041195,5.123999988427386,2.0326999947428703,0.0,True,ok,4287,4287
1154,74,7.4,9,215851.4071076,215851.4161273,8.513600012520328,9.019699995405972,4.939000005833805,2.237400010926649,0.0,True,ok,4455,4455
1155,75,7.5,9,215851.4402933,215851.4490546,8.170799992512912,8.761300006881356,4.85520000802353,2.003300003707409,0.0,True,ok,4560,4560
1156,76,7.6000000000000005,9,215851.4739269,215851.4825134,8.097099984297529,8.586499985540286,4.748000006657094,2.0132999925408512,0.0,True,ok,4662,4662
1157,77,7.7,9,215851.5069103,215851.5156382,8.224800025345758,8.727900014491752,4.852200014283881,2.077100012684241,0.0,True,ok,4381,4381
1158,78,7.800000000000001,9,215851.5406223,215851.5494534,8.256100001744926,8.831099985400215,4.847500007599592,2.0718000014312565,0.0,True,ok,4350,4350
1159,79,7.9,9,215851.5739418,215851.5827985,8.235599991166964,8.856700005708262,4.962399980286136,2.0146000024396926,0.0,True,ok,4058,4058
1160,80,8.0,9,215851.6070006,215851.6162462,8.557900000596419,9.245599998394027,4.744500009110197,2.529300021706149,0.0,True,ok,4074,4074
1161,81,8.1,9,215851.6402621,215851.6492084,8.254699991084635,8.946299989474937,4.979199991794303,2.021499996772036,0.0,True,ok,4080,4080
1162,82,8.200000000000001,9,215851.6739678,215851.6843145,9.657599992351606,10.346700000809506,6.24350001453422,2.085100015392527,0.0,True,ok,4288,4288
1163,83,8.3,9,215851.7070867,215851.7162711,8.549400023184717,9.18440002715215,4.720199998700991,2.502999996067956,0.0,True,ok,4269,4269
1164,84,8.4,9,215851.7406901,215851.7496409,8.339699998032302,8.950799994636327,4.80930000776425,2.155599999241531,0.0,True,ok,3996,3996
1165,85,8.5,9,215851.7736674,215851.7844114,10.336200008168817,10.743999999249354,6.835000007413328,2.1778999944217503,0.0,True,ok,4318,4318
1166,86,8.6,9,215851.8068253,215851.8158323,8.46129999263212,9.006999986013398,4.631599993444979,2.2705000010319054,0.0,True,ok,4410,4410
1167,87,8.700000000000001,9,215851.8402427,215851.8508526,10.103600012371317,10.609899996779859,5.846700019901618,2.9344999929890037,0.0,True,ok,4345,4345
1168,88,8.8,9,215851.8737728,215851.8827079,8.30869999481365,8.935099991504103,4.970899986801669,1.9939000194426626,0.0,True,ok,3995,3995
1169,89,8.9,9,215851.9069045,215851.9161568,8.585600007791072,9.252299991203472,4.817799985175952,2.1813000203110278,0.0,True,ok,4114,4114
1170,90,9.0,9,215851.9405777,215851.9502249,9.04510001419112,9.647200000472367,4.779000009875745,2.95869997353293,0.0,True,ok,4407,4407
1171,91,9.1,9,215851.9739189,215851.982739,8.231099986005574,8.820099988952279,4.736899980343878,2.1323999972082675,0.0,True,ok,4504,4504
1172,92,9.200000000000001,9,215852.0070328,215852.0174947,9.848000016063452,10.461900004884228,6.151899986434728,2.272100013215095,0.0,True,ok,4602,4602
1173,93,9.3,9,215852.0401598,215852.0492,8.452300011413172,9.040200005983934,4.949099995428696,2.1351999894250184,0.0,True,ok,4719,4719
1174,94,9.4,9,215852.0736292,215852.083018,8.862100017722696,9.388800011947751,5.213299999013543,2.2736999962944537,0.0,True,ok,4623,4623
1175,95,9.5,9,215852.1068893,215852.1166067,9.278799989260733,9.717400011140853,5.736299994168803,2.175099973101169,33.2600999972783,True,ok,4555,4555
1176,96,9.600000000000001,9,215852.1405166,215852.1498312,8.618299994850531,9.314599999925122,4.920000006677583,2.3212000087369233,0.0,True,ok,4902,4902
1177,97,9.700000000000001,9,215852.1739605,215852.1858926,11.441200011176988,11.932100023841485,5.860400007804856,4.051500000059605,0.0,True,ok,4793,4793
1178,98,9.8,9,215852.2070964,215852.2159805,8.224200020777062,8.884100010618567,4.902800021227449,1.9542999798431993,0.0,True,ok,4857,4857
1179,99,9.9,9,215852.2403138,215852.2489249,7.908899977337569,8.61109999823384,4.594900005031377,1.980399974854663,0.0,True,ok,4985,4985
1180,100,10.0,9,215852.2738138,215852.2841442,9.86300001386553,10.330399993108585,6.454899994423613,2.0280999888200313,0.0,True,ok,4973,4973
1181,101,10.100000000000001,9,215852.3071396,215852.3160792,8.452200010651723,8.939600025769323,5.152400000952184,1.9248999888077378,0.0,True,ok,4507,4507
1182,102,10.200000000000001,9,215852.3402836,215852.350399,8.925699978135526,10.115399985807016,5.021599994506687,2.0986000017728657,0.0,True,ok,4834,4834
1183,103,10.3,9,215852.3738722,215852.3836637,9.320099983597174,9.791499993298203,5.77230000635609,2.1249999990686774,0.0,True,ok,4943,4943
1184,104,10.4,9,215852.4073716,215852.4163324,8.494599984260276,8.96079998346977,4.952299990691245,2.154900023015216,0.0,True,ok,5082,5082
1185,105,10.5,9,215852.4403392,215852.4493657,8.356500009540468,9.026500018080696,5.038300005253404,1.947000011568889,0.0,True,ok,4986,4986
1186,106,10.600000000000001,9,215852.4735195,215852.4836184,8.703100000275299,10.098900005687028,5.363799980841577,1.889200008008629,0.0,True,ok,5037,5037
1187,107,10.700000000000001,9,215852.5071055,215852.5160411,8.357099985005334,8.93559999531135,4.913699987810105,2.063200023258105,0.0,True,ok,5162,5162
1188,108,10.8,9,215852.540453,215852.5494984,8.53550000465475,9.045400016475469,4.968799999915063,2.227599994512275,0.0,True,ok,4884,4884
1189,109,10.9,9,215852.573496,215852.5832301,9.229999996023253,9.73409999278374,5.287599982693791,2.455999987432733,0.0,True,ok,4890,4890
1190,110,11.0,9,215852.606951,215852.6162762,8.644499990623444,9.32519999332726,4.958000004990026,2.1935999975539744,0.0,True,ok,4848,4848
1191,111,11.100000000000001,9,215852.6406075,215852.6493407,8.241700008511543,8.733199996640906,4.915400000754744,1.9848000083584338,0.0,True,ok,5030,5030
1192,112,11.200000000000001,9,215852.6737215,215852.6843407,10.128800000529736,10.619200009386986,6.566800002474338,2.1533000108320266,0.0,True,ok,5114,5114
1193,113,11.3,9,215852.7067236,215852.7156626,8.414900017669424,8.939000021200627,4.9056000134442,2.0779999904334545,0.0,True,ok,5293,5293
1194,114,11.4,9,215852.7401655,215852.7521997,10.594699997454882,12.034199986374006,6.528500001877546,2.1778000227641314,0.0,True,ok,5423,5423
1195,115,11.5,9,215852.7739927,215852.7840596,9.645799989812076,10.066899994853884,6.165800004964694,2.1034000092186034,0.0,True,ok,5340,5340
1196,116,11.600000000000001,9,215852.8073348,215852.8166439,8.71190000907518,9.309100016253069,5.048200022429228,2.260200009914115,0.0,True,ok,5279,5279
1197,117,11.700000000000001,9,215852.8404427,215852.8505748,9.474999998928979,10.132099996553734,4.931300005409867,3.0669000116176903,0.0,True,ok,5498,5498
1198,118,11.8,9,215852.873392,215852.882342,8.243399992352352,8.949999988544732,4.753299988806248,2.0773000142071396,0.0,True,ok,5517,5517
1199,119,11.9,9,215852.9067789,215852.9158861,8.473599998978898,9.107199992286041,4.967999993823469,2.112299989676103,0.0,True,ok,5266,5266
1200,0,0.0,10,215852.9427806,215852.9533964,10.03500001388602,10.61580001260154,4.625400004442781,3.8985999999567866,0.0,True,ok,4708,4708
1201,1,0.1,10,215852.9738732,215852.9840936,9.495300007984042,10.220399999525398,6.205200013937429,1.9023999921046197,0.0,True,ok,4681,4681
1202,2,0.2,10,215853.0067933,215853.0162211,8.788999984972179,9.427799988770857,5.237999983364716,2.124899998307228,0.0,True,ok,4360,4360
1203,3,0.30000000000000004,10,215853.0405362,215853.0509674,9.950899984687567,10.431200003949925,6.384499982232228,2.171000000089407,0.0,True,ok,4532,4532
1204,4,0.4,10,215853.0736942,215853.0826872,8.288999990327284,8.992999995825812,4.777599999215454,2.1517999994102865,0.0,True,ok,4533,4533
1205,5,0.5,10,215853.1072717,215853.1169055,9.274600015487522,9.633800014853477,5.062299984274432,2.6903999969363213,0.0,True,ok,4334,4334
1206,6,0.6000000000000001,10,215853.1403788,215853.1497359,8.69990000501275,9.357100003398955,4.7879999910946935,2.320800005691126,0.0,True,ok,4462,4462
1207,7,0.7000000000000001,10,215853.1736034,215853.1843431,9.844799991697073,10.739699995610863,6.491999985883012,1.9992000015918165,0.0,True,ok,4479,4479
1208,8,0.8,10,215853.2070867,215853.2161,8.540599985281006,9.013300004880875,5.105399992316961,2.057100005913526,0.0,True,ok,4534,4534
1209,9,0.9,10,215853.2402582,215853.2495808,8.649199997307733,9.322600002633408,4.586700000800192,2.7128000219818205,0.0,True,ok,4491,4491
1210,10,1.0,10,215853.2737522,215853.2830174,8.837400004267693,9.265200002118945,5.455500009702519,2.001299988478422,0.0,True,ok,4600,4600
1211,11,1.1,10,215853.3069955,215853.3161007,8.465099992463365,9.105200006160885,4.99449999188073,2.0816000178456306,0.0,True,ok,4781,4781
1212,12,1.2000000000000002,10,215853.340746,215853.3498552,8.316599996760488,9.109200007515028,4.80929997866042,2.080599981127307,0.0,True,ok,5044,5044
1213,13,1.3,10,215853.3738066,215853.3828434,8.580900001106784,9.036800009198487,4.9082000041380525,2.185700024710968,0.0,True,ok,4620,4620
1214,14,1.4000000000000001,10,215853.4068381,215853.4163531,8.719100005691871,9.51500001247041,5.065999983344227,2.2693999926559627,0.0,True,ok,4785,4785
1215,15,1.5,10,215853.440273,215853.4491006,8.099300001049414,8.827600016957149,4.7741000016685575,1.931900013005361,0.0,True,ok,5045,5045
1216,16,1.6,10,215853.4737906,215853.4846082,10.353099991334602,10.817600006703287,6.572699989192188,2.205500000854954,0.0,True,ok,5382,5382
1217,17,1.7000000000000002,10,215853.5069667,215853.5164955,8.545399992726743,9.528800001135096,5.063699994934723,2.0524999999906868,0.0,True,ok,5312,5312
1218,18,1.8,10,215853.5401357,215853.5492512,8.460299985017627,9.115499997278675,4.801699978997931,2.1695999894291162,0.0,True,ok,5363,5363
1219,19,1.9000000000000001,10,215853.5736007,215853.5844069,10.304099996574223,10.806199978105724,5.177500017452985,3.6263999936636537,0.0,True,ok,5455,5455
1220,20,2.0,10,215853.6069622,215853.6156875,8.339799998793751,8.725299994694069,4.813799983821809,2.1229999838396907,33.36149998358451,True,ok,5508,5508
1221,21,2.1,10,215853.640469,215853.6508766,9.959999995771796,10.407599998870865,6.385799992131069,2.047200017841533,0.0,True,ok,5300,5300
1222,22,2.2,10,215853.6736621,215853.682793,8.482500008540228,9.130900027230382,4.648400004953146,2.189199993154034,0.0,True,ok,5384,5384
1223,23,2.3000000000000003,10,215853.7072296,215853.7168126,9.099499991862103,9.58300000638701,5.371399980504066,2.2424999915529042,0.0,True,ok,5355,5355
1224,24,2.4000000000000004,10,215853.740431,215853.7503731,9.305699990363792,9.942099975887686,5.013999994844198,2.759199996944517,0.0,True,ok,5072,5072
1225,25,2.5,10,215853.7735124,215853.7844236,10.243600001558661,10.911200020927936,6.411699985619634,2.3813000007066876,0.0,True,ok,4851,4851
1226,26,2.6,10,215853.8069346,215853.8171669,9.754300001077354,10.232300002826378,6.282599992118776,2.05789998290129,0.0,True,ok,4933,4933
1227,27,2.7,10,215853.8406497,215853.850315,9.026299987453967,9.665299992775545,4.9156000022776425,2.042100008111447,0.0,True,ok,4889,4889
1228,28,2.8000000000000003,10,215853.8738039,215853.884102,9.804800007259473,10.298100009094924,6.2735000101383775,2.1970999951008707,0.0,True,ok,4508,4508
1229,29,2.9000000000000004,10,215853.9071585,215853.9196256,12.006200005998835,12.467100023059174,5.266299995128065,5.279400007566437,0.0,True,ok,4516,4516
1230,30,3.0,10,215853.940191,215853.9489422,8.269499987363815,8.751199988182634,4.882799985352904,2.030400006333366,0.0,True,ok,4326,4326
1231,31,3.1,10,215853.973865,215853.9847329,10.250799998175353,10.867899982258677,6.576700019650161,2.198100002715364,33.67400000570342,True,ok,4407,4407
1232,32,3.2,10,215854.0070025,215854.0159724,8.383999986108392,8.969899994553998,5.01230001100339,1.8592000124044716,33.13749999506399,True,ok,4113,4113
1233,33,3.3000000000000003,10,215854.0400643,215854.0491021,8.246299985330552,9.03779998770915,4.907499998807907,2.012599987210706,0.0,True,ok,4211,4211
1234,34,3.4000000000000004,10,215854.0738098,215854.0839575,9.263199986889958,10.147699998924509,5.6585000129416585,2.270700002554804,0.0,True,ok,4198,4198
1235,35,3.5,10,215854.1067971,215854.1152792,7.838999998057261,8.48210000549443,4.4268999772612005,2.055699995253235,0.0,True,ok,4125,4125
1236,36,3.6,10,215854.1402945,215854.1490107,8.154499984811991,8.71620001271367,4.773099994054064,2.1046000183559954,0.0,True,ok,4267,4267
1237,37,3.7,10,215854.1736936,215854.1828197,8.424600004218519,9.126100019784644,5.058100010501221,2.0825999963562936,0.0,True,ok,3805,3805
1238,38,3.8000000000000003,10,215854.2070136,215854.2176839,9.416299988515675,10.670299991033971,5.770999996457249,2.3400999780278653,0.0,True,ok,3921,3921
1239,39,3.9000000000000004,10,215854.2408462,215854.2498534,8.30429999041371,9.007199987536296,4.946400003973395,2.091000002110377,0.0,True,ok,3864,3864
1240,40,4.0,10,215854.2737564,215854.283977,9.722700022393838,10.220600001048297,6.347499991534278,2.109199995175004,0.0,True,ok,3828,3828
1241,41,4.1000000000000005,10,215854.3069023,215854.3162953,8.871400001225993,9.392999985720962,5.451300006825477,1.9217999943066388,0.0,True,ok,3659,3659
1242,42,4.2,10,215854.3404082,215854.3494287,8.311599987791851,9.020500001497567,4.83150000218302,2.2354999964591116,0.0,True,ok,3989,3989
1243,43,4.3,10,215854.3738463,215854.383047,8.742400008486584,9.20070000574924,5.078799993498251,2.4070999934338033,0.0,True,ok,4294,4294
1244,44,4.4,10,215854.4068706,215854.4163535,8.992700022645295,9.482900000875816,5.0823999918065965,2.5695000076666474,0.0,True,ok,4623,4623
1245,45,4.5,10,215854.4404575,215854.4499281,9.005999978398904,9.470599994529039,5.350699997507036,2.3321999760810286,0.0,True,ok,4708,4708
1246,46,4.6000000000000005,10,215854.4736275,215854.4843477,9.823900007177144,10.720199992647395,6.567700009327382,1.967399992281571,0.0,True,ok,4834,4834
1247,47,4.7,10,215854.5070638,215854.5158606,8.339099993463606,8.796799986157566,4.831099999137223,2.2084999945946038,0.0,True,ok,4677,4677
1248,48,4.800000000000001,10,215854.5405696,215854.5490808,8.02280000061728,8.511199994245544,4.713500005891547,2.0416999759618193,0.0,True,ok,4591,4591
1249,49,4.9,10,215854.5734806,215854.5847975,10.812399996211752,11.316899996018037,4.7605000145267695,4.399900004500523,0.0,True,ok,4442,4442
1250,50,5.0,10,215854.6069104,215854.6162734,8.594499988248572,9.362999990116805,4.932099982397631,2.361799997743219,0.0,True,ok,4408,4408
1251,51,5.1000000000000005,10,215854.6401794,215854.651399,10.542400006670505,11.219599982723594,5.021699995268136,4.115799994906411,0.0,True,ok,4418,4418
1252,52,5.2,10,215854.6737274,215854.6842535,10.090299998410046,10.526099998969585,6.805299984989688,2.009799994993955,0.0,True,ok,4600,4600
1253,53,5.300000000000001,10,215854.7071106,215854.7169105,9.2616000038106,9.799899999052286,4.6990999835543334,3.2691000087652355,0.0,True,ok,4489,4489
1254,54,5.4,10,215854.740237,215854.7489916,8.26299999607727,8.754600014071912,4.818699992028996,2.158000017516315,0.0,True,ok,4625,4625
1255,55,5.5,10,215854.7736929,215854.7824792,8.20519999251701,8.786299993516877,4.714000009698793,2.1409000037238,0.0,True,ok,4379,4379
1256,56,5.6000000000000005,10,215854.807225,215854.8161481,8.216600021114573,8.923100016545504,4.975400021066889,1.9934999872930348,0.0,True,ok,4212,4212
1257,57,5.7,10,215854.8405019,215854.8495129,8.366900001419708,9.01099998736754,4.998199990950525,2.1238999906927347,0.0,True,ok,4229,4229
1258,58,5.800000000000001,10,215854.8737077,215854.882847,8.449299988569692,9.139300003880635,4.963899991707876,2.144900005077943,0.0,True,ok,4294,4294
1259,59,5.9,10,215854.9071657,215854.9162604,8.56220000423491,9.094700013520196,5.164000001968816,2.0911000028718263,0.0,True,ok,4337,4337
1260,60,6.0,10,215854.9402575,215854.9488886,8.152199996402487,8.631099975900725,4.793799977051094,2.098400000249967,0.0,True,ok,4334,4334
1261,61,6.1000000000000005,10,215854.9739074,215854.9843358,9.338799980469048,10.428399982629344,5.783200002042577,2.2896000009495765,0.0,True,ok,4169,4169
1262,62,6.2,10,215855.0067976,215855.0154809,8.174999995389953,8.683299995027483,4.982100013876334,1.9638000230770558,0.0,True,ok,4172,4172
1263,63,6.300000000000001,10,215855.0405009,215855.0510669,9.37549999798648,10.565999982645735,5.8342999836895615,2.2609000152442604,0.0,True,ok,4147,4147
1264,64,6.4,10,215855.0735136,215855.0818905,7.823599997209385,8.376900019356981,4.751300002681091,1.882799988379702,0.0,True,ok,4178,4178
1265,65,6.5,10,215855.1070546,215855.1161803,8.638600003905594,9.125700016738847,5.013999994844198,2.368899993598461,0.0,True,ok,4169,4169
1266,66,6.6000000000000005,10,215855.1405872,215855.1495035,8.289999997941777,8.91629999387078,4.826399992452934,2.2160000225994736,0.0,True,ok,4168,4168
1267,67,6.7,10,215855.1738965,215855.1828465,8.28530002036132,8.950000017648563,4.868400021223351,2.1177000016905367,0.0,True,ok,4086,4086
1268,68,6.800000000000001,10,215855.2070315,215855.2162533,8.678199985297397,9.221799991792068,5.186099995626137,2.2126999974716455,33.13500000513159,True,ok,4379,4379
1269,69,6.9,10,215855.2403347,215855.249151,8.353799988981336,8.816299989121035,4.888299998128787,2.0169999916106462,0.0,True,ok,4282,4282
1270,70,7.0,10,215855.2739581,215855.2839056,9.005400002934039,9.94749998790212,4.665399988880381,3.0688999977428466,0.0,True,ok,4247,4247
1271,71,7.1000000000000005,10,215855.3069279,215855.3160395,8.597300009569153,9.111599996685982,5.10560002294369,1.8840999982785434,0.0,True,ok,4354,4354
1272,72,7.2,10,215855.3404482,215855.349474,8.276399981696159,9.02579998364672,4.839899978833273,2.071900002192706,0.0,True,ok,4628,4628
1273,73,7.300000000000001,10,215855.3740068,215855.3828979,8.164700004272163,8.89110000571236,4.954000003635883,1.9434000132605433,0.0,True,ok,4287,4287
1274,74,7.4,10,215855.4070169,215855.4154412,7.714499981375411,8.42430000193417,4.437499999767169,1.965800009202212,0.0,True,ok,4455,4455
1275,75,7.5,10,215855.4405015,215855.4492252,8.047499984968454,8.72369998251088,4.64630001806654,2.059999998891726,0.0,True,ok,4560,4560
1276,76,7.6000000000000005,10,215855.473485,215855.48393,9.73559997510165,10.444999992614612,6.490300002042204,1.9108999986201525,0.0,True,ok,4662,4662
1277,77,7.7,10,215855.5072919,215855.5162046,8.253099978901446,8.912699995562434,5.014000023948029,1.9964000093750656,0.0,True,ok,4381,4381
1278,78,7.800000000000001,10,215855.5403204,215855.548978,7.968299993081018,8.657600003061816,4.6984000073280185,2.038199978414923,0.0,True,ok,4350,4350
1279,79,7.9,10,215855.5736595,215855.5822475,8.083799999440089,8.587999996962026,4.66110001434572,2.1481000003404915,0.0,True,ok,4058,4058
1280,80,8.0,10,215855.6071025,215855.6156796,8.04210000205785,8.57710000127554,4.864700022153556,1.955399988219142,0.0,True,ok,4074,4074
1281,81,8.1,10,215855.640588,215855.649151,8.078699989710003,8.562999981222674,4.7790999815333635,2.07419999060221,0.0,True,ok,4080,4080
1282,82,8.200000000000001,10,215855.6736578,215855.68273,8.583599992562085,9.072199987713248,4.5959000126458704,1.9648000015877187,0.0,True,ok,4288,4288
1283,83,8.3,10,215855.7069462,215855.7163055,8.206900005461648,9.35930002015084,4.905699985101819,2.0549999899230897,0.0,True,ok,4269,4269
1284,84,8.4,10,215855.740636,215855.7498308,8.08939998387359,9.19479998992756,4.810899990843609,2.071700000669807,33.68980000959709,True,ok,3996,3996
1285,85,8.5,10,215855.7737424,215855.7828091,8.433599985437468,9.066700004041195,4.944800020894036,2.1973999973852187,0.0,True,ok,4318,4318
1286,86,8.6,10,215855.8069223,215855.8152186,7.8449000138789415,8.296300016809255,4.685599997173995,1.9393999828025699,0.0,True,ok,4410,4410
1287,87,8.700000000000001,10,215855.840638,215855.8501651,8.26150001375936,9.527100017294288,4.796799999894574,2.2044999932404608,0.0,True,ok,4345,4345
1288,88,8.8,10,215855.8736543,215855.8833886,9.243099979357794,9.734299994306639,5.521499988390133,2.407899999525398,0.0,True,ok,3995,3995
1289,89,8.9,10,215855.907294,215855.916694,8.179200027370825,9.400000009918585,4.821900016395375,1.9668999884743243,0.0,True,ok,4114,4114
1290,90,9.0,10,215855.9403695,215855.9500976,9.268599998904392,9.72810000530444,4.590399999869987,3.4641000092960894,0.0,True,ok,4407,4407
1291,91,9.1,10,215855.973666,215855.9828151,8.079799998085946,9.149099991191179,4.749199986690655,2.065200009383261,0.0,True,ok,4504,4504
1292,92,9.200000000000001,10,215856.0070163,215856.0159936,8.491400018101558,8.977300021797419,5.078800022602081,2.209700003731996,0.0,True,ok,4602,4602
1293,93,9.3,10,215856.0406079,215856.0496417,8.57710000127554,9.033799986355007,5.221500003244728,2.121199999237433,0.0,True,ok,4719,4719
1294,94,9.4,10,215856.0733694,215856.0825434,8.693100011441857,9.17400000616908,5.312900000717491,2.1570000099018216,0.0,True,ok,4623,4623
1295,95,9.5,10,215856.1070528,215856.1156016,8.150900015607476,8.54879998951219,4.944599990267307,2.0102999988012016,0.0,True,ok,4555,4555
1296,96,9.600000000000001,10,215856.1402481,215856.1489955,8.289999997941777,8.74739998835139,4.892400000244379,2.1844000148121268,0.0,True,ok,4902,4902
1297,97,9.700000000000001,10,215856.173388,215856.183756,9.781200002180412,10.368000017479062,6.750800006557256,1.8053000094369054,0.0,True,ok,4793,4793
1298,98,9.8,10,215856.2069977,215856.2159443,8.39629999245517,8.946599991759285,5.112899991218001,2.0332999993115664,0.0,True,ok,4857,4857
1299,99,9.9,10,215856.2402457,215856.2492601,8.512800006428733,9.014400013256818,5.269400018732995,2.0355000160634518,0.0,True,ok,4985,4985
1300,100,10.0,10,215856.2735197,215856.282435,8.455000002868474,8.915300015360117,5.349400016712025,1.8596999871078879,0.0,True,ok,4973,4973
1301,101,10.100000000000001,10,215856.3071904,215856.3159909,8.062500011874363,8.800500014331192,5.018600000767037,1.8374999926891178,0.0,True,ok,4507,4507
1302,102,10.200000000000001,10,215856.3401353,215856.3487404,8.14879999961704,8.60509998165071,5.105499993078411,1.8702000088524073,0.0,True,ok,4834,4834
1303,103,10.3,10,215856.373804,215856.3825457,8.284700015792623,8.741700003156438,4.838499997276813,2.21800000872463,0.0,True,ok,4943,4943
1304,104,10.4,10,215856.4067046,215856.4154098,8.004700008314103,8.705200016265735,4.811899998458102,1.9952000002376735,0.0,True,ok,5082,5082
1305,105,10.5,10,215856.440034,215856.448866,8.345299982465804,8.831999992253259,5.116299988003448,2.0355999877210706,0.0,True,ok,4986,4986
1306,106,10.600000000000001,10,215856.4733585,215856.4835379,9.788499999558553,10.179400007473305,6.720899982610717,1.7909000162035227,0.0,True,ok,5037,5037
1307,107,10.700000000000001,10,215856.5072916,215856.516384,8.315699989907444,9.092399996006861,5.114300001878291,2.0250999950803816,0.0,True,ok,5162,5162
1308,108,10.8,10,215856.5401395,215856.5491508,8.533100015483797,9.011300018755719,4.676099983043969,2.508899982785806,0.0,True,ok,4884,4884
1309,109,10.9,10,215856.5736431,215856.5820649,7.947200007038191,8.421799982897937,4.870400007348508,1.8977999861817807,0.0,True,ok,4890,4890
1310,110,11.0,10,215856.6072908,215856.6167677,9.041900018928573,9.476900013396516,5.253400013316423,2.3569999902974814,0.0,True,ok,4848,4848
1311,111,11.100000000000001,10,215856.640342,215856.6493367,8.063999994192272,8.994700008770451,4.920899984426796,1.9638999947346747,0.0,True,ok,5030,5030
1312,112,11.200000000000001,10,215856.673371,215856.6840756,10.274300002492964,10.70459999027662,7.044600002700463,2.0179999992251396,0.0,True,ok,5114,5114
1313,113,11.3,10,215856.7070022,215856.7158217,8.355900004971772,8.819499984383583,4.92940002004616,2.202700008638203,0.0,True,ok,5293,5293
1314,114,11.4,10,215856.7401273,215856.7487856,8.05259999469854,8.658300008391961,4.7104999830480665,2.118900010827929,0.0,True,ok,5423,5423
1315,115,11.5,10,215856.7738158,215856.7827471,8.411899994825944,8.931299991672859,4.743899975437671,2.3710000095888972,0.0,True,ok,5340,5340
1316,116,11.600000000000001,10,215856.8070715,215856.8165086,8.355800004210323,9.437100001377985,4.711199988378212,2.262699999846518,0.0,True,ok,5279,5279
1317,117,11.700000000000001,10,215856.8405841,215856.8496274,8.391199982725084,9.043300000485033,4.883199988398701,2.2664999996777624,0.0,True,ok,5498,5498
1318,118,11.8,10,215856.8739009,215856.8825442,8.168400003341958,8.643299981486052,4.789800004800782,2.1400999976322055,0.0,True,ok,5517,5517
1319,119,11.9,10,215856.9070685,215856.915896,8.347099996171892,8.82749998709187,4.934199998388067,2.2046000231057405,0.0,True,ok,5266,5266
1320,0,0.0,11,215856.9425384,215856.9516471,8.566500007873401,9.108700003707781,5.142699985299259,2.2545999963767827,0.0,True,ok,4708,4708
1321,1,0.1,11,215856.9736261,215856.9835142,9.286099986638874,9.8881000012625,6.168599997181445,1.9437999872025102,0.0,True,ok,4681,4681
1322,2,0.2,11,215857.0069672,215857.0156676,8.187500003259629,8.700400008819997,4.8248000093735754,2.157700015231967,33.341100002871826,True,ok,4360,4360
1323,3,0.30000000000000004,11,215857.0402379,215857.0496988,8.38869999279268,9.460900007979944,5.098399997223169,2.1109999797772616,0.0,True,ok,4532,4532
1324,4,0.4,11,215857.0737201,215857.0856458,11.40089999535121,11.925700004212558,6.31610001437366,3.7093999853823334,33.482200000435114,True,ok,4533,4533
1325,5,0.5,11,215857.1071137,215857.1159542,8.310700010042638,8.840499998768792,5.000700009986758,2.1186000085435808,0.0,True,ok,4334,4334
1326,6,0.6000000000000001,11,215857.1406879,215857.1508369,9.660799987614155,10.14899997971952,6.440099998144433,2.014700003201142,0.0,True,ok,4462,4462
1327,7,0.7000000000000001,11,215857.1736467,215857.1838628,9.452199999941513,10.216100024990737,6.4218000043183565,1.86089999624528,0.0,True,ok,4479,4479
1328,8,0.8,11,215857.2072149,215857.2159476,8.020899986149743,8.732699992833659,4.983499995432794,1.8757999932859093,0.0,True,ok,4534,4534
1329,9,0.9,11,215857.2402971,215857.2498822,9.029200009535998,9.585099993273616,5.757100007031113,2.079699974274263,0.0,True,ok,4491,4491
1330,10,1.0,11,215857.2736203,215857.2823794,8.28380000893958,8.759100019233301,4.797199973836541,2.286400005687028,0.0,True,ok,4600,4600
1331,11,1.1,11,215857.3072808,215857.3162406,8.562899980461225,8.959799975855276,5.185699992580339,1.9554000173229724,0.0,True,ok,4781,4781
1332,12,1.2000000000000002,11,215857.3405614,215857.3491608,8.126999979140237,8.599399996455759,5.013500020140782,1.9494000007398427,0.0,True,ok,5044,5044
1333,13,1.3,11,215857.3741799,215857.3847142,9.117099980358034,10.534299974096939,5.892600020160899,2.0585000165738165,0.0,True,ok,4620,4620
1334,14,1.4000000000000001,11,215857.4068637,215857.4157356,8.409999980358407,8.87190000503324,5.029899999499321,2.202100004069507,0.0,True,ok,4785,4785
1335,15,1.5,11,215857.4403654,215857.4490566,8.010499994270504,8.69119999697432,4.8833999899216,1.9515000167302787,0.0,True,ok,5045,5045
1336,16,1.6,11,215857.4736246,215857.4843864,10.089899995364249,10.761799989268184,6.657399993855506,2.1733000176027417,0.0,True,ok,5382,5382
1337,17,1.7000000000000002,11,215857.5072465,215857.5167,8.349600015208125,9.453500009840354,5.109599995194003,2.019600011408329,0.0,True,ok,5312,5312
1338,18,1.8,11,215857.5401349,215857.5485995,8.001900016097352,8.464600017759949,4.890899988822639,1.8715999904088676,0.0,True,ok,5363,5363
1339,19,1.9000000000000001,11,215857.573467,215857.5823917,8.26279999455437,8.924699999624863,4.624400025932118,2.203399984864518,0.0,True,ok,5455,5455
1340,20,2.0,11,215857.606766,215857.6160158,8.666100009577349,9.249800001271069,4.841200017835945,2.585799986263737,0.0,True,ok,5508,5508
1341,21,2.1,11,215857.6405427,215857.6492862,8.086199988611042,8.743499987758696,4.875399987213314,1.9515000167302787,0.0,True,ok,5300,5300
1342,22,2.2,11,215857.673693,215857.6841961,9.635599999455735,10.50309999845922,6.117099983384833,2.2415000130422413,0.0,True,ok,5384,5384
1343,23,2.3000000000000003,11,215857.7071721,215857.718028,9.528800001135096,10.855900007300079,5.908899998757988,2.1584000205621123,0.0,True,ok,5355,5355
1344,24,2.4000000000000004,11,215857.7401959,215857.7498846,9.180699998978525,9.688699996331707,4.987799999071285,2.941699989605695,0.0,True,ok,5072,5072
1345,25,2.5,11,215857.7737135,215857.7843972,9.383199998410419,10.683700005756691,5.858799995621666,2.2150000149849802,0.0,True,ok,4851,4851
1346,26,2.6,11,215857.8070548,215857.8156699,8.17400001687929,8.615099999587983,4.946900007780641,2.0141999993938953,0.0,True,ok,4933,4933
1347,27,2.7,11,215857.840564,215857.8498269,8.065100002568215,9.26289998460561,4.852900019614026,1.9582000095397234,0.0,True,ok,4889,4889
1348,28,2.8000000000000003,11,215857.8736235,215857.8824382,8.342199987964705,8.814700006041676,4.870800010394305,2.2336999827530235,0.0,True,ok,4508,4508
1349,29,2.9000000000000004,11,215857.9071211,215857.9170498,9.222099994076416,9.928699990268797,5.192699987674132,2.613399992696941,0.0,True,ok,4516,4516
1350,30,3.0,11,215857.9400298,215857.9485726,7.916100003058091,8.542800002032891,4.7454000159632415,1.9901000196114182,0.0,True,ok,4326,4326
1351,31,3.1,11,215857.9738644,215857.9827086,8.44370000413619,8.844199997838587,5.152400000952184,2.091000002110377,0.0,True,ok,4407,4407
1352,32,3.2,11,215858.0068238,215858.0158582,8.306200004881248,9.034399990923703,4.974100011168048,2.1357000223360956,0.0,True,ok,4113,4113
1353,33,3.3000000000000003,11,215858.0402953,215858.0485602,7.78879999415949,8.264900010544807,4.627200018148869,2.0081000111531466,0.0,True,ok,4211,4211
1354,34,3.4000000000000004,11,215858.0738007,215858.0829866,8.418299985351041,9.18590000947006,4.81819998822175,2.2723999863956124,0.0,True,ok,4198,4198
1355,35,3.5,11,215858.1068995,215858.1158045,8.298700005980209,8.904999995138496,4.713900008937344,2.43130000308156,0.0,True,ok,4125,4125
1356,36,3.6,11,215858.1404326,215858.1486131,7.72659998619929,8.180500008165836,4.562099988106638,2.070399990770966,0.0,True,ok,4267,4267
1357,37,3.7,11,215858.1740462,215858.1842663,9.45569999748841,10.22009999724105,6.278300017584115,2.0154000085312873,0.0,True,ok,3805,3805
1358,38,3.8000000000000003,11,215858.206849,215858.2161459,8.845699980156496,9.29689998156391,5.133200000273064,2.5344000023324043,0.0,True,ok,3921,3921
1359,39,3.9000000000000004,11,215858.2400927,215858.2490152,8.2094999961555,8.922500011976808,4.907499998807907,2.1819999965373427,0.0,True,ok,3864,3864
1360,40,4.0,11,215858.2737071,215858.2837559,9.437000000616536,10.048800002550706,6.31309999153018,1.9975999894086272,0.0,True,ok,3828,3828
1361,41,4.1000000000000005,11,215858.3070467,215858.3161851,8.578200009651482,9.13839999702759,5.039499985286966,2.184599987231195,0.0,True,ok,3659,3659
1362,42,4.2,11,215858.3401931,215858.3494764,8.575000014388934,9.283299994422123,5.232000024989247,2.1729000145569444,0.0,True,ok,3989,3989
1363,43,4.3,11,215858.3738974,215858.3843801,9.327300009317696,10.482700017746538,5.985800002235919,2.1185000077821314,0.0,True,ok,4294,4294
1364,44,4.4,11,215858.4069713,215858.4158461,8.420199999818578,8.87479999801144,4.979499994078651,2.194700005929917,0.0,True,ok,4623,4623
1365,45,4.5,11,215858.4403755,215858.4500512,9.21269998070784,9.675699984654784,5.635299981804565,2.366700005950406,0.0,True,ok,4708,4708
1366,46,4.6000000000000005,11,215858.4733972,215858.4835751,9.685600001830608,10.177899996051565,6.584499991731718,1.9162999815307558,0.0,True,ok,4834,4834
1367,47,4.7,11,215858.5072337,215858.5164978,8.530799997970462,9.264100022846833,5.066500016255304,2.2730999917257577,0.0,True,ok,4677,4677
1368,48,4.800000000000001,11,215858.5404974,215858.5499515,8.99169998592697,9.45409998530522,5.234599986579269,2.4040999996941537,0.0,True,ok,4591,4591
1369,49,4.9,11,215858.5735176,215858.5821125,8.112800016533583,8.5949000203982,4.811899998458102,2.057800011243671,0.0,True,ok,4442,4442
1370,50,5.0,11,215858.6068435,215858.6162088,8.714600000530481,9.36530000763014,5.129500001203269,2.2335000103339553,0.0,True,ok,4408,4408
1371,51,5.1000000000000005,11,215858.6402398,215858.6488452,8.155799994710833,8.605399983935058,4.831099999137223,2.0730000105686486,0.0,True,ok,4418,4418
1372,52,5.2,11,215858.67368,215858.6843562,10.186400002567098,10.676200006855652,6.803099997341633,2.127300016582012,0.0,True,ok,4600,4600
1373,53,5.300000000000001,11,215858.7072416,215858.7160231,8.323999994900078,8.78149998607114,5.103500006953254,2.0475999917834997,0.0,True,ok,4489,4489
1374,54,5.4,11,215858.7401368,215858.7494654,8.61099999747239,9.328599990112707,5.120199988596141,2.2361000010278076,0.0,True,ok,4625,4625
1375,55,5.5,11,215858.7735216,215858.7828865,8.881200017640367,9.364900004584342,5.63900000997819,2.032700023846701,0.0,True,ok,4379,4379
1376,56,5.6000000000000005,11,215858.8068828,215858.8156321,8.187800005543977,8.749300002818927,4.975899995770305,1.9890000112354755,0.0,True,ok,4212,4212
1377,57,5.7,11,215858.8401901,215858.8497619,8.816699992166832,9.571800008416176,5.277200019918382,2.2524000087287277,33.307299978332594,True,ok,4229,4229
1378,58,5.800000000000001,11,215858.8737339,215858.8825903,8.367700007511303,8.856400003423914,4.977500007953495,2.1340999810490757,0.0,True,ok,4294,4294
1379,59,5.9,11,215858.9069699,215858.9160221,8.536399982403964,9.052199980942532,5.1266000082250684,2.1721000084653497,0.0,True,ok,4337,4337
1380,60,6.0,11,215858.9402953,215858.9489767,8.189199987100437,8.681399980559945,4.824700008612126,2.1567000076174736,0.0,True,ok,4334,4334
1381,61,6.1000000000000005,11,215858.973659,215858.9838722,9.718800021801144,10.213200002908707,6.381699990015477,2.122900012182072,0.0,True,ok,4169,4169
1382,62,6.2,11,215859.0068389,215859.0155555,8.186799997929484,8.716599986655638,4.953299998305738,1.9995000038761646,0.0,True,ok,4172,4172
1383,63,6.300000000000001,11,215859.0404484,215859.0497677,8.208399987779558,9.31930000660941,4.980400000931695,2.0471999887377024,0.0,True,ok,4147,4147
1384,64,6.4,11,215859.073682,215859.0827022,8.18589999107644,9.020199999213219,4.799700021976605,2.1601000044029206,0.0,True,ok,4178,4178
1385,65,6.5,11,215859.1071009,215859.1157098,7.9311000008601695,8.608900010585785,4.75890000234358,1.9345000036992133,0.0,True,ok,4169,4169
1386,66,6.6000000000000005,11,215859.1403896,215859.1494089,8.37689999025315,9.019299992360175,5.126599979121238,2.0247999927960336,0.0,True,ok,4168,4168
1387,67,6.7,11,215859.1736397,215859.18363,8.17840002127923,9.990300022764131,4.9749000172596425,1.9742000149562955,0.0,True,ok,4086,4086
1388,68,6.800000000000001,11,215859.2070321,215859.2172581,9.313899994594976,10.2259999839589,5.802300001960248,2.2496999881695956,0.0,True,ok,4379,4379
1389,69,6.9,11,215859.2405376,215859.2497615,8.734999981243163,9.223899978678674,5.477300001075491,1.9896999874617904,0.0,True,ok,4282,4282
1390,70,7.0,11,215859.2735532,215859.2827405,8.382100000744686,9.18729999102652,4.910400020889938,2.200500020990148,0.0,True,ok,4247,4247
1391,71,7.1000000000000005,11,215859.3071689,215859.3180251,9.645499987527728,10.856199980480596,4.9647000269033015,3.2654000096954405,0.0,True,ok,4354,4354
1392,72,7.2,11,215859.3403958,215859.3496354,8.22869999683462,9.239599981810898,4.76929999422282,2.0323999924585223,0.0,True,ok,4628,4628
1393,73,7.300000000000001,11,215859.3735265,215859.3826458,8.413800009293482,9.11929999710992,5.100200010929257,2.0592999935615808,0.0,True,ok,4287,4287
1394,74,7.4,11,215859.4072916,215859.4160761,8.261799986939877,8.78450000891462,4.891000018687919,2.0930999889969826,0.0,True,ok,4455,4455
1395,75,7.5,11,215859.4403413,215859.4491339,8.30139999743551,8.792599983280525,5.081600014818832,1.9358000135980546,0.0,True,ok,4560,4560
1396,76,7.6000000000000005,11,215859.4738305,215859.4824428,8.131900016451254,8.612300007371232,4.7759999870322645,2.0938999950885773,0.0,True,ok,4662,4662
1397,77,7.7,11,215859.5072984,215859.5160148,8.213199995225295,8.716399985132739,4.938400001265109,2.0186000037938356,0.0,True,ok,4381,4381
1398,78,7.800000000000001,11,215859.5406359,215859.5497523,8.206099999370053,9.11640000413172,4.9119000032078475,2.0037000067532063,0.0,True,ok,4350,4350
1399,79,7.9,11,215859.573578,215859.5820803,8.043000008910894,8.502299984684214,4.8396000056527555,1.9447000231593847,0.0,True,ok,4058,4058
1400,80,8.0,11,215859.6072261,215859.6161313,8.15169999259524,8.905199996661395,4.981600010069087,1.9244000141043216,0.0,True,ok,4074,4074
1401,81,8.1,11,215859.6404119,215859.6501734,8.560899994336069,9.761499997694045,5.307799990987405,1.9977999909315258,0.0,True,ok,4080,4080
1402,82,8.200000000000001,11,215859.673489,215859.6834909,9.256299992557615,10.001899994676933,5.860600009327754,2.1299999789334834,0.0,True,ok,4288,4288
1403,83,8.3,11,215859.7069989,215859.7155851,7.8575999941676855,8.586200012359768,4.692499991506338,1.892600004794076,0.0,True,ok,4269,4269
1404,84,8.4,11,215859.7405132,215859.7511723,10.13710000552237,10.659099993063137,6.129800021881238,2.6864999963436276,0.0,True,ok,3996,3996
1405,85,8.5,11,215859.7736295,215859.7829438,8.771799999522045,9.314299997640774,5.120299989357591,2.2112999868113548,0.0,True,ok,4318,4318
1406,86,8.6,11,215859.8070724,215859.8185623,11.099600000306964,11.48990000365302,4.681599995819852,4.288000025553629,0.0,True,ok,4410,4410
1407,87,8.700000000000001,11,215859.8401922,215859.8489007,8.252200001152232,8.708499983185902,5.0715999968815595,1.875999994808808,0.0,True,ok,4345,4345
1408,88,8.8,11,215859.8737223,215859.8839164,9.231300005922094,10.194100002991036,6.022399989888072,1.9594999903347343,0.0,True,ok,3995,3995
1409,89,8.9,11,215859.9073586,215859.9161562,8.301900001242757,8.797599992249161,5.110500002047047,1.9456000009085983,0.0,True,ok,4114,4114
1410,90,9.0,11,215859.9402644,215859.9492381,7.8609999909531325,8.973699994385242,4.55000001238659,2.0813000155612826,0.0,True,ok,4407,4407
1411,91,9.1,11,215859.9738703,215859.9841215,9.873899980448186,10.25120000122115,6.171599990921095,2.2831999813206494,0.0,True,ok,4504,4504
1412,92,9.200000000000001,11,215860.0071844,215860.0165977,8.658300008391961,9.413300023879856,4.9186999967787415,2.253400016343221,33.31410000100732,True,ok,4602,4602
1413,93,9.3,11,215860.0405707,215860.0496526,8.439700002782047,9.081900003366172,4.782299976795912,2.3287000076379627,0.0,True,ok,4719,4719
1414,94,9.4,11,215860.073693,215860.0824741,8.175099996151403,8.781099983025342,4.581199988024309,2.2810999944340438,0.0,True,ok,4623,4623
1415,95,9.5,11,215860.1072805,215860.1162819,8.139500016113743,9.001400001579896,4.608599992934614,2.2314999951049685,0.0,True,ok,4555,4555
1416,96,9.600000000000001,11,215860.1402148,215860.1488511,8.155599993187934,8.63630001549609,4.702400008682162,2.109499997459352,0.0,True,ok,4902,4902
1417,97,9.700000000000001,11,215860.1736349,215860.182265,8.188000007066876,8.630099997390062,4.811399994650856,2.051699993899092,0.0,True,ok,4793,4793
1418,98,9.8,11,215860.2072169,215860.2163716,8.26440000673756,9.154700004728511,4.868799995165318,2.010700001846999,0.0,True,ok,4857,4857
1419,99,9.9,11,215860.240256,215860.2507997,9.857800003373995,10.543700016569346,4.910899995593354,3.5368999815545976,0.0,True,ok,4985,4985
1420,100,10.0,11,215860.2739798,215860.2843973,10.015200008638203,10.417500016046688,6.095199991250411,2.5960000057239085,0.0,True,ok,4973,4973
1421,101,10.100000000000001,11,215860.3067209,215860.3149896,7.776800019200891,8.268700010376051,4.373400006443262,1.902799995150417,0.0,True,ok,4507,4507
1422,102,10.200000000000001,11,215860.3401473,215860.3488168,8.190900000045076,8.669499977258965,4.870200005825609,2.005899994401261,0.0,True,ok,4834,4834
1423,103,10.3,11,215860.3736821,215860.3854383,10.68669999949634,11.756199994124472,5.405100004281849,3.492599993478507,33.53479999350384,True,ok,4943,4943
1424,104,10.4,11,215860.4069721,215860.4161414,8.237500005634502,9.169299999484792,4.82410000404343,2.0207000197842717,0.0,True,ok,5082,5082
1425,105,10.5,11,215860.4406661,215860.4492364,8.167599997250363,8.570299978600815,4.784800024935976,2.0518999954219908,0.0,True,ok,4986,4986
1426,106,10.600000000000001,11,215860.4737683,215860.4823616,7.80059999669902,8.59330000821501,4.522000002907589,1.9469000108074397,33.10219998820685,True,ok,5037,5037
1427,107,10.700000000000001,11,215860.5068811,215860.5162058,8.595199993578717,9.324699989520013,5.003099999157712,2.077499986626208,0.0,True,ok,5162,5162
1428,108,10.8,11,215860.5404444,215860.5492344,8.140699996147305,8.790000021690503,4.651199997169897,2.219899994088337,0.0,True,ok,4884,4884
1429,109,10.9,11,215860.5738397,215860.5829694,8.609200012870133,9.12970001809299,5.0826999940909445,2.028899994911626,0.0,True,ok,4890,4890
1430,110,11.0,11,215860.6069513,215860.6159814,8.349800016731024,9.030100016389042,4.74110001232475,2.2640000097453594,0.0,True,ok,4848,4848
1431,111,11.100000000000001,11,215860.6402079,215860.6492014,8.410799986450002,8.993499999633059,5.11160001042299,1.968900003703311,0.0,True,ok,5030,5030
1432,112,11.200000000000001,11,215860.6734433,215860.6843551,10.425300017232075,10.911799996392801,7.050599990179762,1.978499989490956,0.0,True,ok,5114,5114
1433,113,11.3,11,215860.7071161,215860.7162661,8.479400014039129,9.149999998044223,4.83150000218302,2.2498999896924943,0.0,True,ok,5293,5293
1434,114,11.4,11,215860.7405172,215860.7493849,8.408900001086295,8.867700002156198,4.67600001138635,2.226000011432916,0.0,True,ok,5423,5423
1435,115,11.5,11,215860.7737969,215860.7851398,10.444999992614612,11.342899990268052,5.915600020671263,2.2182999819051474,0.0,True,ok,5340,5340
1436,116,11.600000000000001,11,215860.8069284,215860.8158295,8.435700001427904,8.901099994545802,4.88480000058189,2.214100008131936,0.0,True,ok,5279,5279
1437,117,11.700000000000001,11,215860.840755,215860.8500121,8.58590001007542,9.25709999864921,4.953099996782839,2.220599999418482,0.0,True,ok,5498,5498
1438,118,11.8,11,215860.8737031,215860.8832703,8.835999993607402,9.567200002493337,5.242999992333353,2.1782999974675477,0.0,True,ok,5517,5517
1439,119,11.9,11,215860.9071405,215860.9161492,8.340200001839548,9.008699998958036,4.746399994473904,2.2134999744594097,0.0,True,ok,5266,5266
1440,0,0.0,12,215860.9429684,215860.9521375,8.508099999744445,9.169099997961894,4.9817000108305365,2.208299993071705,0.0,True,ok,4708,4708
1441,1,0.1,12,215860.9739429,215860.9840024,9.607799991499633,10.059499996714294,6.259599991608411,2.0357999892439693,0.0,True,ok,4681,4681
1442,2,0.2,12,215861.0072186,215861.015884,7.987399992998689,8.665400004247203,4.759200004627928,1.8721999949775636,0.0,True,ok,4360,4360
1443,3,0.30000000000000004,12,215861.0402863,215861.0492256,8.235999994212762,8.939299994381145,4.767100006574765,2.1167999948374927,0.0,True,ok,4532,4532
1444,4,0.4,12,215861.0737103,215861.0831756,8.957100013503805,9.465300012379885,4.950700007611886,2.345199987757951,0.0,True,ok,4533,4533
1445,5,0.5,12,215861.107308,215861.1162412,8.412100025452673,8.933200006140396,4.8353000020142645,2.2542000224348158,0.0,True,ok,4334,4334
1446,6,0.6000000000000001,12,215861.1403065,215861.1487662,8.030800003325567,8.459700009552762,4.862500005401671,1.8400000117253512,0.0,True,ok,4462,4462
1447,7,0.7000000000000001,12,215861.1737739,215861.1848575,10.43179997941479,11.083599994890392,6.645899993600324,2.074999996693805,0.0,True,ok,4479,4479
1448,8,0.8,12,215861.206946,215861.2167966,8.229900005972013,9.850600006757304,4.887500021141022,1.9154000037815422,33.17209999659099,True,ok,4534,4534
1449,9,0.9,12,215861.2400213,215861.2488407,8.254799991846085,8.819399983622134,4.830899997614324,2.0832000009249896,0.0,True,ok,4491,4491
1450,10,1.0,12,215861.2735714,215861.284036,9.381000010762364,10.46459999633953,5.937300011282787,2.0935999928042293,0.0,True,ok,4600,4600
1451,11,1.1,12,215861.3068612,215861.3156336,8.314400009112433,8.772400004090741,4.830499994568527,2.0658000139519572,33.28979999059811,True,ok,4781,4781
1452,12,1.2000000000000002,12,215861.3405005,215861.3492844,8.392599993385375,8.783900004345924,4.858600004808977,2.126700012013316,0.0,True,ok,5044,5044
1453,13,1.3,12,215861.3739488,215861.3845402,9.944099991116673,10.591400001430884,6.400099984603003,2.183300006436184,0.0,True,ok,4620,4620
1454,14,1.4000000000000001,12,215861.4073278,215861.4177506,9.36530000763014,10.422799998195842,5.778600025223568,2.1880000131204724,0.0,True,ok,4785,4785
1455,15,1.5,12,215861.4401114,215861.4489853,8.374400000320747,8.873899991158396,4.991699999663979,1.9998000061605126,0.0,True,ok,5045,5045
1456,16,1.6,12,215861.4735305,215861.4841058,10.146199987502769,10.575299995252863,6.486800004495308,2.213200001278892,0.0,True,ok,5382,5382
1457,17,1.7000000000000002,12,215861.5072083,215861.5168099,9.148699988145381,9.601600002497435,5.6303999735973775,2.0698000153061002,0.0,True,ok,5312,5312
1458,18,1.8,12,215861.5407929,215861.5513426,9.474499995121732,10.549700004048645,5.975600011879578,1.9774999818764627,0.0,True,ok,5363,5363
1459,19,1.9000000000000001,12,215861.5734201,215861.5827185,8.624799986137077,9.298399992985651,4.750299995066598,2.446600003167987,0.0,True,ok,5455,5455
1460,20,2.0,12,215861.6070429,215861.6165002,8.911500015528873,9.457300009671599,4.9300999962724745,2.536100015277043,0.0,True,ok,5508,5508
1461,21,2.1,12,215861.6402988,215861.6492427,8.3176999760326,8.943900000303984,4.804600001079962,2.0403999951668084,0.0,True,ok,5300,5300
1462,22,2.2,12,215861.6734566,215861.6849287,10.984900000039488,11.47210001363419,7.131300022592768,2.1893999946769327,0.0,True,ok,5384,5384
1463,23,2.3000000000000003,12,215861.7071422,215861.7162088,8.609800017438829,9.066600003279746,4.938300000503659,2.1619000181090087,0.0,True,ok,5355,5355
1464,24,2.4000000000000004,12,215861.740597,215861.7501589,8.932099997764453,9.561899991240352,4.797000001417473,2.7031999779865146,0.0,True,ok,5072,5072
1465,25,2.5,12,215861.7736566,215861.7826488,8.537499990779907,8.992199989734218,4.951300012180582,2.193799999076873,0.0,True,ok,4851,4851
1466,26,2.6,12,215861.8067301,215861.8154865,8.265200012829155,8.75639999867417,4.867800016654655,1.9674999930430204,0.0,True,ok,4933,4933
1467,27,2.7,12,215861.8406066,215861.8495535,8.428700006334111,8.946900023147464,5.03739999840036,1.9739000126719475,0.0,True,ok,4889,4889
1468,28,2.8000000000000003,12,215861.8736698,215861.8842886,10.118100006366149,10.61880000634119,6.553699990035966,2.0853000169154257,0.0,True,ok,4508,4508
1469,29,2.9000000000000004,12,215861.9068162,215861.9159251,8.426300017163157,9.10890000523068,4.936000012094155,2.0872000022791326,0.0,True,ok,4516,4516
1470,30,3.0,12,215861.9406313,215861.9492506,8.111600007396191,8.619300002465025,4.728800005977973,2.0102999988012016,0.0,True,ok,4326,4326
1471,31,3.1,12,215861.9738102,215861.9840533,9.693100000731647,10.243099997751415,6.372700008796528,1.9868999952450395,0.0,True,ok,4407,4407
1472,32,3.2,12,215862.0072154,215862.0168695,8.543899981305003,9.65409999480471,5.239199992502108,1.9882999768014997,0.0,True,ok,4113,4113
1473,33,3.3000000000000003,12,215862.0405167,215862.0496452,8.037899999180809,9.128499979851767,4.784799995832145,1.9573000026866794,0.0,True,ok,4211,4211
1474,34,3.4000000000000004,12,215862.0735697,215862.0824853,8.369799994397908,8.915599988540635,4.963499988662079,2.0323000208009034,0.0,True,ok,4198,4198
1475,35,3.5,12,215862.1071411,215862.1159359,8.194399997591972,8.79480000003241,4.7070999862626195,2.183300006436184,0.0,True,ok,4125,4125
1476,36,3.6,12,215862.1404604,215862.1492769,8.392999996431172,8.816499990643933,4.8319000052288175,2.3053000040818006,0.0,True,ok,4267,4267
1477,37,3.7,12,215862.1739201,215862.1832538,8.86000000173226,9.333699999842793,5.34559998777695,2.0918999798595905,0.0,True,ok,3805,3805
1478,38,3.8000000000000003,12,215862.2069749,215862.2164123,8.625100017525256,9.437400003662333,5.0672999932430685,2.2564000100828707,0.0,True,ok,3921,3921
1479,39,3.9000000000000004,12,215862.2401813,215862.249206,8.543200005078688,9.024700004374608,5.013599991798401,2.246999996714294,0.0,True,ok,3864,3864
1480,40,4.0,12,215862.2734298,215862.2817317,7.842399994842708,8.301900001242757,4.723199992440641,1.8969000084325671,0.0,True,ok,3828,3828
1481,41,4.1000000000000005,12,215862.3070646,215862.3162983,8.312099991599098,9.233699995093048,5.071399995358661,2.000599983148277,0.0,True,ok,3659,3659
1482,42,4.2,12,215862.3405441,215862.3498549,8.824999997159466,9.310800000093877,5.2084000199101865,2.322699991054833,0.0,True,ok,3989,3989
1483,43,4.3,12,215862.3737143,215862.3844222,10.065100010251626,10.707900015404448,6.709699984639883,2.064399974187836,0.0,True,ok,4294,4294
1484,44,4.4,12,215862.4071304,215862.4161587,8.543900010408834,9.028300002682954,4.94410001556389,2.286199975060299,0.0,True,ok,4623,4623
1485,45,4.5,12,215862.4406595,215862.4500921,8.496000024024397,9.432600025320426,4.880300024524331,2.306399983353913,33.52909997920506,True,ok,4708,4708
1486,46,4.6000000000000005,12,215862.4738572,215862.4843464,9.917399991536513,10.489199979929253,6.62430000375025,1.9747000187635422,0.0,True,ok,4834,4834
1487,47,4.7,12,215862.5067934,215862.5155907,8.34430000395514,8.797299989964813,4.809000005479902,2.1960000158287585,32.93620000476949,True,ok,4677,4677
1488,48,4.800000000000001,12,215862.5404108,215862.5512445,10.027700016507879,10.833700012881309,4.636400000890717,4.0991999849211425,0.0,True,ok,4591,4591
1489,49,4.9,12,215862.5735476,215862.5820686,7.8597999818157405,8.520999981556088,4.6064000052865595,1.9432000117376447,0.0,True,ok,4442,4442
1490,50,5.0,12,215862.6071387,215862.6161505,8.346499991603196,9.011799993459135,4.860499990172684,2.2083999938331544,0.0,True,ok,4408,4408
1491,51,5.1000000000000005,12,215862.640609,215862.6492971,8.011600002646446,8.68810000247322,4.670899972552434,2.0730999822262675,0.0,True,ok,4418,4418
1492,52,5.2,12,215862.6738539,215862.6842812,9.957400005077943,10.427300003357232,6.589800002984703,2.079999976558611,0.0,True,ok,4600,4600
1493,53,5.300000000000001,12,215862.7073363,215862.7186579,10.873199993511662,11.321600002702326,7.095499982824549,2.2587000275962055,0.0,True,ok,4489,4489
1494,54,5.4,12,215862.740201,215862.7487305,7.979599991813302,8.52949998807162,4.444299993338063,2.2419000160880387,0.0,True,ok,4625,4625
1495,55,5.5,12,215862.7736006,215862.7839137,9.797600010642782,10.313100006897002,6.201199983479455,2.1903000015299767,0.0,True,ok,4379,4379
1496,56,5.6000000000000005,12,215862.8067977,215862.8158035,8.392400020966306,9.005800005979836,5.046000005677342,2.0673000253736973,0.0,True,ok,4212,4212
1497,57,5.7,12,215862.8401973,215862.8497003,8.792099979473278,9.50299997930415,4.963100014720112,2.582600020105019,0.0,True,ok,4229,4229
1498,58,5.800000000000001,12,215862.8737008,215862.8826265,8.189200016204268,8.925700007239357,4.672000010032207,2.180200011935085,0.0,True,ok,4294,4294
1499,59,5.9,12,215862.9073419,215862.916971,8.919599989894778,9.629100008169189,5.2211000001989305,2.3031999880913645,0.0,True,ok,4337,4337
1500,60,6.0,12,215862.9404816,215862.9499823,8.28219999675639,9.500699990894645,4.7500000218860805,2.2289000044111162,0.0,True,ok,4334,4334
1501,61,6.1000000000000005,12,215862.973438,215862.9828156,8.692800009157509,9.377600013976917,5.128899996634573,2.2769000206608325,0.0,True,ok,4169,4169
1502,62,6.2,12,215863.0072408,215863.0160281,8.130100002745166,8.78730000113137,4.820600006496534,2.014099998632446,0.0,True,ok,4172,4172
1503,63,6.300000000000001,12,215863.0405032,215863.0494954,8.274499996332452,8.992199989734218,4.705100000137463,2.21800000872463,0.0,True,ok,4147,4147
1504,64,6.4,12,215863.0737559,215863.0832042,8.373699994990602,9.44829999934882,4.672000010032207,2.4317000061273575,0.0,True,ok,4178,4178
1505,65,6.5,12,215863.1072169,215863.115909,8.21999998879619,8.692099974723533,4.826799995498732,2.0887000137008727,0.0,True,ok,4169,4169
1506,66,6.6000000000000005,12,215863.1405452,215863.1500849,8.296699990751222,9.539699996821582,4.946300003211945,2.024299988988787,0.0,True,ok,4168,4168
1507,67,6.7,12,215863.1736092,215863.1833986,9.244199987733737,9.789400006411597,5.860900011612102,2.0321000192780048,0.0,True,ok,4086,4086
1508,68,6.800000000000001,12,215863.2067823,215863.2157829,8.45540000591427,9.000599995488301,4.894099984085187,2.248899982078001,33.17310000420548,True,ok,4379,4379
1509,69,6.9,12,215863.24039,215863.2493721,8.491199987474829,8.982100000139326,5.0558000220917165,2.0909000013489276,0.0,True,ok,4282,4282
1510,70,7.0,12,215863.2737187,215863.2825359,8.318100008182228,8.81720002507791,4.829199984669685,2.155399997718632,0.0,True,ok,4247,4247
1511,71,7.1000000000000005,12,215863.3069356,215863.3172004,9.749899996677414,10.264799988362938,6.375199998728931,2.056800003629178,0.0,True,ok,4354,4354
1512,72,7.2,12,215863.3403074,215863.3500431,9.237500024028122,9.73570000496693,4.785199998877943,2.7925999893341213,0.0,True,ok,4628,4628
1513,73,7.300000000000001,12,215863.3737384,215863.3829922,8.759599993936718,9.253800002625212,5.122700007632375,2.0955999789293855,0.0,True,ok,4287,4287
1514,74,7.4,12,215863.4072143,215863.4162829,8.381199993891641,9.068599989404902,5.011000001104549,2.043999993475154,0.0,True,ok,4455,4455
1515,75,7.5,12,215863.4405895,215863.4522795,10.995299991918728,11.689999984810129,5.697400018107146,3.9001999830361456,33.375200000591576,True,ok,4560,4560
1516,76,7.6000000000000005,12,215863.4734649,215863.482535,8.665699977427721,9.070100000826642,5.1810999866575,2.174399996874854,0.0,True,ok,4662,4662
1517,77,7.7,12,215863.5068211,215863.5157581,8.448799984762445,8.93700000597164,5.11890000780113,2.056999976048246,0.0,True,ok,4381,4381
1518,78,7.800000000000001,12,215863.5401627,215863.549073,8.232599997427315,8.91030000639148,4.821699985768646,1.999600004637614,0.0,True,ok,4350,4350
1519,79,7.9,12,215863.5737636,215863.5829218,8.491499989759177,9.158200002275407,4.8590999795123935,2.364799991482869,0.0,True,ok,4058,4058
1520,80,8.0,12,215863.607327,215863.6166121,8.18600002094172,9.285100008128211,4.802599985850975,2.1086999913677573,0.0,True,ok,4074,4074
1521,81,8.1,12,215863.6404988,215863.6500046,8.863099996233359,9.505800000624731,5.561300000408664,2.066999993985519,0.0,True,ok,4080,4080
1522,82,8.200000000000001,12,215863.6739656,215863.6836223,9.135800006333739,9.656700014602393,4.962599981809035,2.572500001406297,0.0,True,ok,4288,4288
1523,83,8.3,12,215863.7071738,215863.7160667,8.30139999743551,8.892899990314618,4.808400000911206,2.206700009992346,33.20820000953972,True,ok,4269,4269
1524,84,8.4,12,215863.7402199,215863.7486891,7.879000011598691,8.469199994578958,4.695600015111268,1.964900002349168,0.0,True,ok,3996,3996
1525,85,8.5,12,215863.7735531,215863.78286,8.63339999341406,9.306899999501184,5.100200010929257,2.2468999959528446,0.0,True,ok,4318,4318
1526,86,8.6,12,215863.8070104,215863.8160723,8.388499991269782,9.061899996595457,5.119400011608377,1.9917000026907772,0.0,True,ok,4410,4410
1527,87,8.700000000000001,12,215863.840505,215863.8498385,8.154399984050542,9.333499998319894,4.839599976548925,2.040299994405359,0.0,True,ok,4345,4345
1528,88,8.8,12,215863.8735479,215863.8843403,10.148000001208857,10.792399989441037,6.851400015875697,2.068800007691607,0.0,True,ok,3995,3995
1529,89,8.9,12,215863.9068841,215863.9154994,7.888499996624887,8.615300001110882,4.733000008855015,1.8956000276375562,0.0,True,ok,4114,4114
1530,90,9.0,12,215863.940281,215863.9500127,9.251699986634776,9.731700003612787,4.710699984570965,3.2531000033486634,0.0,True,ok,4407,4407
1531,91,9.1,12,215863.9739178,215863.9849163,10.448599990922958,10.998499987181276,6.039300002157688,2.7406000008340925,0.0,True,ok,4504,4504
1532,92,9.200000000000001,12,215864.0072814,215864.0167035,8.976600016467273,9.422100003575906,5.043000011937693,2.5627000140957534,0.0,True,ok,4602,4602
1533,93,9.3,12,215864.0401671,215864.0496731,8.83919998886995,9.50600000214763,5.327999999281019,2.2210000024642795,0.0,True,ok,4719,4719
1534,94,9.4,12,215864.0737489,215864.0823837,8.170200017048046,8.63480000407435,4.688499990152195,2.2120000212453306,0.0,True,ok,4623,4623
1535,95,9.5,12,215864.1071936,215864.1160663,8.34579998627305,8.872699982021004,4.927600006340072,2.1662999934051186,0.0,True,ok,4555,4555
1536,96,9.600000000000001,12,215864.1406991,215864.1497628,8.102499996311963,9.063699981197715,4.769899998791516,2.072200004477054,33.50550000322983,True,ok,4902,4902
1537,97,9.700000000000001,12,215864.1739861,215864.184323,9.346799983177334,10.336899984395131,6.102299987105653,1.981299981707707,0.0,True,ok,4793,4793
1538,98,9.8,12,215864.2069855,215864.216172,8.598899992648512,9.186499984934926,5.431300000054762,1.9369999936316162,0.0,True,ok,4857,4857
1539,99,9.9,12,215864.2403859,215864.2491086,8.240399998612702,8.722700004000217,4.979399993317202,2.0269000087864697,33.400399988749996,True,ok,4985,4985
1540,100,10.0,12,215864.2734913,215864.2823582,8.49259999813512,8.866899996064603,5.041600001277402,2.2108000121079385,0.0,True,ok,4973,4973
1541,101,10.100000000000001,12,215864.3072433,215864.3171501,8.662299980642274,9.906799998134375,5.0697000115178525,2.348700014408678,0.0,True,ok,4507,4507
1542,102,10.200000000000001,12,215864.3404164,215864.3488141,7.861999998567626,8.39770000311546,4.717900010291487,1.902799995150417,0.0,True,ok,4834,4834
1543,103,10.3,12,215864.3735397,215864.3827706,8.679799997480586,9.230900002876297,5.38409998989664,2.046000008704141,0.0,True,ok,4943,4943
1544,104,10.4,12,215864.4071962,215864.4182029,10.225200006971136,11.006700020516291,6.549600017024204,2.436400012811646,0.0,True,ok,5082,5082
1545,105,10.5,12,215864.4403041,215864.4489419,8.140599995385855,8.637799997814,4.8912000202108175,2.028599992627278,0.0,True,ok,4986,4986
1546,106,10.600000000000001,12,215864.4736349,215864.4836118,9.366400016006082,9.976900008041412,6.263200019020587,1.9059999904129654,0.0,True,ok,5037,5037
1547,107,10.700000000000001,12,215864.5070463,215864.5184004,10.285700001986697,11.354100017342716,5.999799992423505,3.0417999951168895,0.0,True,ok,5162,5162
1548,108,10.8,12,215864.5400793,215864.5486316,7.992599974386394,8.552299987059087,4.589899996062741,2.1877999824937433,0.0,True,ok,4884,4884
1549,109,10.9,12,215864.5738285,215864.582985,8.371299976715818,9.156499989330769,5.169999989448115,1.9318999839015305,0.0,True,ok,4890,4890
1550,110,11.0,12,215864.6070099,215864.6160467,8.566399978008121,9.036799980094656,5.085800017695874,2.269700024044141,0.0,True,ok,4848,4848
1551,111,11.100000000000001,12,215864.6402705,215864.6489202,8.195800008252263,8.64970000111498,4.844100010814145,2.133800007868558,0.0,True,ok,5030,5030
1552,112,11.200000000000001,12,215864.6735564,215864.684282,10.192099987762049,10.725600004661828,7.039499992970377,1.9299999985378236,0.0,True,ok,5114,5114
1553,113,11.3,12,215864.7072637,215864.7161929,8.457399992039427,8.929200004786253,4.907899972749874,2.1601000044029206,33.707299997331575,True,ok,5293,5293
1554,114,11.4,12,215864.7401864,215864.7487351,8.075699995970353,8.54869998875074,4.6298999805003405,2.1951999806333333,0.0,True,ok,5423,5423
1555,115,11.5,12,215864.7737455,215864.7841215,9.624800004530698,10.376000020187348,6.291400000918657,2.0773999858647585,0.0,True,ok,5340,5340
1556,116,11.600000000000001,12,215864.806917,215864.8162069,8.372799988137558,9.289899986470118,5.122700007632375,2.043999993475154,0.0,True,ok,5279,5279
1557,117,11.700000000000001,12,215864.8402017,215864.8492884,8.63339999341406,9.08670001081191,5.234300013398752,2.187999984016642,0.0,True,ok,5498,5498
1558,118,11.8,12,215864.8737398,215864.8844311,10.204900027019903,10.69130000541918,6.893000012496486,2.0560999982990324,0.0,True,ok,5517,5517
1559,119,11.9,12,215864.9069968,215864.9166974,8.469200023682788,9.700599999632686,4.9328999884892255,2.3082999978214502,0.0,True,ok,5266,5266
1560,0,0.0,13,215864.9432271,215864.9523648,8.306700008688495,9.137699991697446,4.785500001162291,2.2632000036537647,0.0,True,ok,4708,4708
1561,1,0.1,13,215864.9738667,215864.9837922,9.39329998800531,9.925499995006248,6.190399988554418,1.9705000158865005,0.0,True,ok,4681,4681
1562,2,0.2,13,215865.0069886,215865.0164042,8.650700008729473,9.41559998318553,4.913500015391037,2.3036000202409923,0.0,True,ok,4360,4360
1563,3,0.30000000000000004,13,215865.0402733,215865.0491511,8.393899974180385,8.87779999175109,4.684700019424781,2.4929000064730644,0.0,True,ok,4532,4532
1564,4,0.4,13,215865.0737922,215865.0829055,8.62300000153482,9.11329998052679,5.452899989904836,1.9059999904129654,0.0,True,ok,4533,4533
1565,5,0.5,13,215865.1070508,215865.1159815,8.382700005313382,8.930700016207993,4.829699988476932,2.352400013478473,0.0,True,ok,4334,4334
1566,6,0.6000000000000001,13,215865.1404729,215865.1495369,8.439700002782047,9.063999983482063,5.316499999025837,1.9126000115647912,0.0,True,ok,4462,4462
1567,7,0.7000000000000001,13,215865.1734985,215865.1842753,10.333400015952066,10.776800016174093,7.157999993069097,1.9217999943066388,0.0,True,ok,4479,4479
1568,8,0.8,13,215865.2068654,215865.2161965,8.837300003506243,9.33110000914894,5.52050000987947,2.089799992972985,0.0,True,ok,4534,4534
1569,9,0.9,13,215865.2403766,215865.2500656,8.41850001597777,9.688999998616055,5.154799990123138,1.9412999972701073,0.0,True,ok,4491,4491
1570,10,1.0,13,215865.2738903,215865.2834483,8.832699997583404,9.557999990647659,5.048000020906329,2.4415000225417316,0.0,True,ok,4600,4600
1571,11,1.1,13,215865.3067894,215865.3153426,8.165999985067174,8.55319999391213,4.960199992638081,2.009199990425259,0.0,True,ok,4781,4781
1572,12,1.2000000000000002,13,215865.3401064,215865.349134,8.315599989145994,9.027599997352809,4.962500010151416,1.9109999993816018,0.0,True,ok,5044,5044
1573,13,1.3,13,215865.3738384,215865.3843324,9.88229998620227,10.493999987374991,6.59760000417009,2.1043000160716474,0.0,True,ok,4620,4620
1574,14,1.4000000000000001,13,215865.40687,215865.4168132,9.44669998716563,9.943199984263629,5.275399977108464,2.9038000211585313,0.0,True,ok,4785,4785
1575,15,1.5,13,215865.4404421,215865.4491204,7.99770001322031,8.678300015162677,4.871300014201552,1.8419999978505075,0.0,True,ok,5045,5045
1576,16,1.6,13,215865.4734653,215865.4843622,9.863399987807497,10.896899999352172,6.168899999465793,2.286900009494275,0.0,True,ok,5382,5382
1577,17,1.7000000000000002,13,215865.5071115,215865.5172421,9.652900014771149,10.130600014235824,6.403200008207932,1.999799977056682,0.0,True,ok,5312,5312
1578,18,1.8,13,215865.5406704,215865.5491966,7.878400007029995,8.526200021151453,4.721699981018901,1.8668999837245792,0.0,True,ok,5363,5363
1579,19,1.9000000000000001,13,215865.5737163,215865.5828229,8.57410000753589,9.106600016821176,4.845999996177852,2.4532999959774315,0.0,True,ok,5455,5455
1580,20,2.0,13,215865.6069242,215865.6157675,8.265300013590604,8.843300020089373,4.902499989839271,2.1172999986447394,0.0,True,ok,5508,5508
1581,21,2.1,13,215865.6405427,215865.6493166,8.139299985487014,8.77389998640865,4.848500015214086,1.9993000023532659,33.618500019656494,True,ok,5300,5300
1582,22,2.2,13,215865.6737287,215865.6843299,9.320599987404421,10.601199988741428,5.978700006380677,2.0604000019375235,0.0,True,ok,5384,5384
1583,23,2.3000000000000003,13,215865.7071987,215865.7161503,8.443900005659088,8.951600000727922,4.945299995597452,2.2099000052548945,0.0,True,ok,5355,5355
1584,24,2.4000000000000004,13,215865.7402359,215865.7488951,7.954200002131984,8.659199986141175,4.5897000236436725,2.1542999893426895,0.0,True,ok,5072,5072
1585,25,2.5,13,215865.7740254,215865.7834852,8.298700005980209,9.459799999604002,4.824000003281981,2.2265000152401626,0.0,True,ok,4851,4851
1586,26,2.6,13,215865.8071585,215865.8162115,8.661800005938858,9.052999987034127,5.148099997313693,2.248099975986406,0.0,True,ok,4933,4933
1587,27,2.7,13,215865.8403652,215865.8489172,8.057800005190074,8.551999984774739,4.882300010649487,1.8800999969244003,0.0,True,ok,4889,4889
1588,28,2.8000000000000003,13,215865.8734513,215865.8846954,10.680399980628863,11.244099994655699,7.23019998986274,2.1963999897707254,0.0,True,ok,4508,4508
1589,29,2.9000000000000004,13,215865.9069287,215865.9156978,8.233800006564707,8.769100008066744,4.916799982311204,2.1055999968666583,33.477399992989376,True,ok,4516,4516
1590,30,3.0,13,215865.9405076,215865.9491708,7.99330000882037,8.663200016599149,4.809999983990565,1.8625000084284693,0.0,True,ok,4326,4326
1591,31,3.1,13,215865.9736503,215865.9842725,10.208699997747317,10.622200003126636,6.501099996967241,2.2797000128775835,0.0,True,ok,4407,4407
1592,32,3.2,13,215866.0072469,215866.0162888,8.585100003983825,9.041899989824742,4.93530000676401,2.050000010058284,0.0,True,ok,4113,4113
1593,33,3.3000000000000003,13,215866.0404855,215866.0499265,8.796900016022846,9.441000001970679,5.020799988415092,2.5381000014021993,0.0,True,ok,4211,4211
1594,34,3.4000000000000004,13,215866.0738161,215866.0824366,8.161000005202368,8.620500011602417,4.9220999935641885,2.0794000010937452,0.0,True,ok,4198,4198
1595,35,3.5,13,215866.1070151,215866.117097,8.782600023550913,10.081900021759793,5.50709999515675,2.121199999237433,0.0,True,ok,4125,4125
1596,36,3.6,13,215866.1401911,215866.1495116,8.831199986161664,9.320499986642972,4.8316000029444695,2.8664999990724027,0.0,True,ok,4267,4267
1597,37,3.7,13,215866.1736385,215866.1842116,9.83490000362508,10.573099978500977,6.665499997325242,1.9929000118281692,0.0,True,ok,3805,3805
1598,38,3.8000000000000003,13,215866.2067471,215866.2155861,8.113899995805696,8.839000016450882,4.82860000920482,2.143599995179102,0.0,True,ok,3921,3921
1599,39,3.9000000000000004,13,215866.2405824,215866.2495195,8.215000008931383,8.93710000673309,4.899999999906868,2.053700009128079,0.0,True,ok,3864,3864
1600,40,4.0,13,215866.273836,215866.2868349,12.58330000564456,12.998899997910485,6.634299992583692,3.524900006595999,0.0,True,ok,3828,3828
1601,41,4.1000000000000005,13,215866.3069853,215866.3173588,9.370000014314428,10.373500001151115,4.9826000176835805,3.2482999959029257,33.14929999760352,True,ok,3659,3659
1602,42,4.2,13,215866.3403894,215866.3516498,10.748800006695092,11.260400002356619,5.936700006714091,3.5853000008501112,0.0,True,ok,3989,3989
1603,43,4.3,13,215866.3734685,215866.3843207,9.634999994887039,10.852199979126453,6.539099995279685,1.9860999891534448,0.0,True,ok,4294,4294
1604,44,4.4,13,215866.4070294,215866.4158607,8.252100000390783,8.831300016026944,4.87599999178201,2.1818000241182745,0.0,True,ok,4623,4623
1605,45,4.5,13,215866.4401515,215866.449348,8.73559998581186,9.196500002872199,5.007700005080551,2.511600003344938,0.0,True,ok,4708,4708
1606,46,4.6000000000000005,13,215866.4739193,215866.4823157,7.895999995525926,8.396399993216619,4.824999981792644,1.9383999751880765,0.0,True,ok,4834,4834
1607,47,4.7,13,215866.507122,215866.5165137,8.774899994023144,9.391699975822121,5.104500014567748,2.4519000144209713,0.0,True,ok,4677,4677
1608,48,4.800000000000001,13,215866.5406773,215866.5500013,8.112999988952652,9.323999984189868,4.904600005829707,2.075399999739602,0.0,True,ok,4591,4591
1609,49,4.9,13,215866.5741568,215866.5834373,8.598999993409961,9.280500002205372,5.437200015876442,1.9906999950762838,0.0,True,ok,4442,4442
1610,50,5.0,13,215866.6070436,215866.6159587,8.493499975884333,8.915099984733388,5.1651999820023775,2.154000016162172,32.88680000696331,True,ok,4408,4408
1611,51,5.1000000000000005,13,215866.640561,215866.6495935,8.57120001455769,9.032500005559996,5.118300003232434,2.234000014141202,0.0,True,ok,4418,4418
1612,52,5.2,13,215866.6736124,215866.6847013,10.329199983971193,11.088900006143376,6.866099982289597,2.087699976982549,0.0,True,ok,4600,4600
1613,53,5.300000000000001,13,215866.7070763,215866.7161713,8.462099998723716,9.095000015804544,5.038200004491955,1.9785000185947865,0.0,True,ok,4489,4489
1614,54,5.4,13,215866.7404664,215866.7491782,8.029399992665276,8.71180000831373,4.62560000596568,2.1896999969612807,0.0,True,ok,4625,4625
1615,55,5.5,13,215866.7735304,215866.783045,9.026599989738315,9.514599980320781,5.612100008875132,2.218100009486079,0.0,True,ok,4379,4379
1616,56,5.6000000000000005,13,215866.8071324,215866.816071,8.309199998620898,8.93860001815483,5.114999978104606,1.9975000177510083,0.0,True,ok,4212,4212
1617,57,5.7,13,215866.8401835,215866.8499749,9.287099994253367,9.791399992536753,5.435400002170354,2.2401999740395695,0.0,True,ok,4229,4229
1618,58,5.800000000000001,13,215866.8737825,215866.8827898,8.49710000329651,9.007299988297746,4.9467999779153615,2.3364999797195196,0.0,True,ok,4294,4294
1619,59,5.9,13,215866.9072812,215866.9163402,8.527700003469363,9.059000003617257,5.078400019556284,2.2243999992497265,0.0,True,ok,4337,4337
1620,60,6.0,13,215866.9401744,215866.9520374,11.233100027311593,11.863000021548942,6.182999990414828,3.3429999893996865,0.0,True,ok,4334,4334
1621,61,6.1000000000000005,13,215866.9740057,215866.984031,9.583900013240054,10.025299998233095,6.086299981689081,2.3431000008713454,0.0,True,ok,4169,4169
1622,62,6.2,13,215867.0070217,215867.0151988,7.65550002688542,8.17710001138039,4.60769998608157,1.85500000952743,0.0,True,ok,4172,4172
1623,63,6.300000000000001,13,215867.0405728,215867.0492524,8.193499990738928,8.679599995957687,4.848900018259883,2.1908000053372234,0.0,True,ok,4147,4147
1624,64,6.4,13,215867.0735669,215867.0826745,8.630800002720207,9.107599995331839,5.4573999950662255,2.0204999891575426,0.0,True,ok,4178,4178
1625,65,6.5,13,215867.1070539,215867.1157511,8.196100010536611,8.697200013557449,5.034899979364127,1.988699979847297,0.0,True,ok,4169,4169
1626,66,6.6000000000000005,13,215867.1401057,215867.1488998,7.961499999510124,8.794099994702265,4.895699996268377,1.8951999954879284,0.0,True,ok,4168,4168
1627,67,6.7,13,215867.1738716,215867.1822614,7.685400021728128,8.389800001168624,4.575600003590807,1.955300016561523,0.0,True,ok,4086,4086
1628,68,6.800000000000001,13,215867.2072617,215867.2167007,8.3059000025969,9.438999986741692,4.902800021227449,2.2142000088933855,0.0,True,ok,4379,4379
1629,69,6.9,13,215867.2406129,215867.2491005,8.042400004342198,8.487599989166483,4.921200015814975,1.8939000146929175,0.0,True,ok,4282,4282
1630,70,7.0,13,215867.2739073,215867.2839182,9.124400006840006,10.010900004999712,5.608699982985854,2.2779999999329448,0.0,True,ok,4247,4247
1631,71,7.1000000000000005,13,215867.3070519,215867.3156811,8.144599996739998,8.629200019640848,4.915400000754744,1.9958000048063695,0.0,True,ok,4354,4354
1632,72,7.2,13,215867.3401668,215867.3497904,8.939300023484975,9.623600024497136,5.73529998655431,2.0193999807816,0.0,True,ok,4628,4628
1633,73,7.300000000000001,13,215867.3738046,215867.3830391,8.495300018694252,9.234500001184642,5.285899998852983,1.996500010136515,0.0,True,ok,4287,4287
1634,74,7.4,13,215867.4072252,215867.4160107,8.293799997773021,8.785499987425283,4.9374999944120646,2.004399982979521,0.0,True,ok,4455,4455
1635,75,7.5,13,215867.4402849,215867.4488524,8.056699996814132,8.567500015487894,4.650399991078302,2.1532000100705773,0.0,True,ok,4560,4560
1636,76,7.6000000000000005,13,215867.4737706,215867.4831433,8.884699986083433,9.37270000576973,5.3555000049527735,2.1926999907009304,0.0,True,ok,4662,4662
1637,77,7.7,13,215867.5067832,215867.5174208,9.850100002950057,10.637600003974512,4.916400008369237,2.211699989857152,0.0,True,ok,4381,4381
1638,78,7.800000000000001,13,215867.540182,215867.5490104,8.224699995480478,8.828399993944913,4.956699995091185,1.9669999892357737,0.0,True,ok,4350,4350
1639,79,7.9,13,215867.5736557,215867.5853076,10.822100011864677,11.651900014840066,7.558799989055842,2.067299996269867,0.0,True,ok,4058,4058
1640,80,8.0,13,215867.607194,215867.6159845,8.273700019344687,8.790499996393919,5.0617000088095665,2.0240000158082694,0.0,True,ok,4074,4074
1641,81,8.1,13,215867.6402003,215867.6492236,8.125699998345226,9.023299993714318,4.870699980529025,2.07570000202395,0.0,True,ok,4080,4080
1642,82,8.200000000000001,13,215867.6739127,215867.6824803,8.136499993270263,8.567599987145513,4.863599984673783,2.0687999785877764,0.0,True,ok,4288,4288
1643,83,8.3,13,215867.7071599,215867.7164838,8.812899992335588,9.323900012532249,5.007600004319102,2.6129000179935247,33.24719998636283,True,ok,4269,4269
1644,84,8.4,13,215867.7405175,215867.7500768,9.08809999236837,9.5593000005465,5.142200010595843,2.806600008625537,0.0,True,ok,3996,3996
1645,85,8.5,13,215867.7737579,215867.7823824,8.135000010952353,8.62450001295656,4.7811999975237995,2.1733000176027417,0.0,True,ok,4318,4318
1646,86,8.6,13,215867.8069314,215867.8165075,8.167100022546947,9.576100012054667,4.87750000320375,2.070600021397695,0.0,True,ok,4410,4410
1647,87,8.700000000000001,13,215867.8405387,215867.8494022,8.273999992525205,8.863499999279156,5.094099993584678,1.9258999964222312,0.0,True,ok,4345,4345
1648,88,8.8,13,215867.8739344,215867.8829874,8.556899992981926,9.052999987034127,5.249600013485178,2.1123999904375523,0.0,True,ok,3995,3995
1649,89,8.9,13,215867.9070966,215867.9161455,8.55190001311712,9.048899984918535,5.381800001487136,1.9705000158865005,0.0,True,ok,4114,4114
1650,90,9.0,13,215867.9404946,215867.9489742,7.890400011092424,8.479599986458197,4.836899985093623,1.8211999849881977,0.0,True,ok,4407,4407
1651,91,9.1,13,215867.974311,215867.984479,9.460200002649799,10.168000007979572,6.112400005804375,2.08760000532493,0.0,True,ok,4504,4504
1652,92,9.200000000000001,13,215868.0070855,215868.0161817,8.500099997036159,9.096199995838106,5.16189998597838,2.0828999986406416,0.0,True,ok,4602,4602
1653,93,9.3,13,215868.0404221,215868.0495157,8.604800008470193,9.093600005144253,5.057500005932525,2.2591000015381724,0.0,True,ok,4719,4719
1654,94,9.4,13,215868.0737579,215868.0825439,8.302700007334352,8.78599999123253,4.952400020556524,2.0446000271476805,0.0,True,ok,4623,4623
1655,95,9.5,13,215868.106781,215868.1155703,8.314000006066635,8.789299987256527,4.844999988563359,2.085100015392527,0.0,True,ok,4555,4555
1656,96,9.600000000000001,13,215868.1407783,215868.1518006,10.455499985255301,11.022299993783236,4.947200010064989,4.200899973511696,0.0,True,ok,4902,4902
1657,97,9.700000000000001,13,215868.1736427,215868.1825081,8.112200011964887,8.865399984642863,4.848399985348806,1.9967000116594136,0.0,True,ok,4793,4793
1658,98,9.8,13,215868.2069164,215868.2163993,8.780700009083375,9.482900000875816,4.957800003467128,2.2628000006079674,0.0,True,ok,4857,4857
1659,99,9.9,13,215868.2406097,215868.2507111,9.385599987581372,10.101399995619431,4.797000001417473,2.4449999909847975,0.0,True,ok,4985,4985
1660,100,10.0,13,215868.2736693,215868.2828783,8.551600010832772,9.209000010741875,4.991699999663979,2.0585000165738165,0.0,True,ok,4973,4973
1661,101,10.100000000000001,13,215868.3073056,215868.3167098,8.889500022633001,9.404200012795627,5.454800004372373,2.1161999902687967,0.0,True,ok,4507,4507
1662,102,10.200000000000001,13,215868.3402249,215868.3489937,8.23780000791885,8.768800005782396,4.9152999999932945,2.014799974858761,0.0,True,ok,4834,4834
1663,103,10.3,13,215868.3734573,215868.3825276,8.569800003897399,9.07030000234954,5.161400011274964,2.0748999959323555,0.0,True,ok,4943,4943
1664,104,10.4,13,215868.4069708,215868.4178011,9.601400000974536,10.830300016095862,6.050600000889972,2.158199989935383,0.0,True,ok,5082,5082
1665,105,10.5,13,215868.4405394,215868.4498684,8.68209998589009,9.328999993158504,4.962400009389967,2.280899992911145,0.0,True,ok,4986,4986
1666,106,10.600000000000001,13,215868.47361,215868.4839953,9.687399986432865,10.385300003690645,6.004199996823445,2.355600008741021,0.0,True,ok,5037,5037
1667,107,10.700000000000001,13,215868.5068409,215868.5157305,8.397199999308214,8.88959999429062,4.828100005397573,2.1573000121861696,0.0,True,ok,5162,5162
1668,108,10.8,13,215868.5406945,215868.5496993,8.524000004399568,9.004799998365343,4.930600000079721,2.2434999991673976,0.0,True,ok,4884,4884
1669,109,10.9,13,215868.574053,215868.5830619,8.126400003675371,9.008900000480935,4.799399990588427,2.033800003118813,0.0,True,ok,4890,4890
1670,110,11.0,13,215868.6070484,215868.6186069,10.40080000529997,11.558500002138317,6.383100000675768,2.5468000094406307,0.0,True,ok,4848,4848
1671,111,11.100000000000001,13,215868.640078,215868.6487426,8.164800005033612,8.664599998155609,4.905300011159852,1.958799985004589,0.0,True,ok,5030,5030
1672,112,11.200000000000001,13,215868.6738433,215868.6827153,8.090599993010983,8.872000005794689,4.772699991008267,2.007900009630248,0.0,True,ok,5114,5114
1673,113,11.3,13,215868.7068688,215868.7171394,9.761599998455495,10.270599974319339,5.285500024911016,2.7793000044766814,0.0,True,ok,5293,5293
1674,114,11.4,13,215868.7404861,215868.749448,8.256100001744926,8.961899991845712,4.711299989139661,2.198600006522611,0.0,True,ok,5423,5423
1675,115,11.5,13,215868.7737091,215868.7843788,10.225299978628755,10.669699986465275,6.439799995860085,2.2561999794561416,0.0,True,ok,5340,5340
1676,116,11.600000000000001,13,215868.806817,215868.8164259,8.828399993944913,9.608899999875575,5.29519998235628,2.1804000134579837,0.0,True,ok,5279,5279
1677,117,11.700000000000001,13,215868.8405577,215868.8502081,8.771499997237697,9.650399995734915,5.179200001293793,2.1744999976363033,0.0,True,ok,5498,5498
1678,118,11.8,13,215868.8735347,215868.8827588,8.612400008132681,9.224100009305403,5.004499980714172,2.197800000431016,0.0,True,ok,5517,5517
1679,119,11.9,13,215868.9067096,215868.9158643,8.45700001809746,9.154700004728511,4.873300000326708,2.2348000202327967,0.0,True,ok,5266,5266
1680,0,0.0,14,215868.9424469,215868.9511678,8.178299991413951,8.720899990294129,4.443799989530817,2.4095999833662063,0.0,True,ok,4708,4708
1681,1,0.1,14,215868.9739631,215868.9847376,10.09120000526309,10.774499998660758,5.606999999145046,3.148099989630282,0.0,True,ok,4681,4681
1682,2,0.2,14,215869.0068861,215869.0166415,9.26150000304915,9.755400009453297,5.018299998482689,2.9335000144783407,0.0,True,ok,4360,4360
1683,3,0.30000000000000004,14,215869.0404629,215869.0495884,8.496599999489263,9.125499986112118,5.05080001312308,2.1419000113382936,0.0,True,ok,4532,4532
1684,4,0.4,14,215869.074192,215869.0833373,8.132899994961917,9.145299991359934,4.660100006731227,2.10829998832196,33.72909998870455,True,ok,4533,4533
1685,5,0.5,14,215869.1069057,215869.1160071,8.678500016685575,9.10140000632964,5.2288000006228685,2.1791000035591424,0.0,True,ok,4334,4334
1686,6,0.6000000000000001,14,215869.1404142,215869.14922,8.322999987285584,8.805799996480346,4.9328999884892255,2.06540001090616,0.0,True,ok,4462,4462
1687,7,0.7000000000000001,14,215869.1739322,215869.182532,8.114199998090044,8.599799999501556,4.809999983990565,2.0095999934710562,0.0,True,ok,4479,4479
1688,8,0.8,14,215869.2072057,215869.2163345,8.412900002440438,9.128800011239946,4.89219999872148,2.2262000129558146,0.0,True,ok,4534,4534
1689,9,0.9,14,215869.240177,215869.2496585,8.811999985482544,9.481499990215525,5.441499990411103,2.060300001176074,0.0,True,ok,4491,4491
1690,10,1.0,14,215869.2735277,215869.284615,10.568500001681969,11.087300023064017,6.232499988982454,3.001900011440739,0.0,True,ok,4600,4600
1691,11,1.1,14,215869.3071893,215869.3173474,9.277000004658476,10.158100019907579,4.64490000740625,3.193099983036518,0.0,True,ok,4781,4781
1692,12,1.2000000000000002,14,215869.3402211,215869.3490866,8.370499999728054,8.865500014508143,4.880799999227747,2.0312000124249607,0.0,True,ok,5044,5044
1693,13,1.3,14,215869.3740257,215869.3834769,8.355900004971772,9.45119999232702,4.850199999054894,2.189600025303662,33.80460001062602,True,ok,4620,4620
1694,14,1.4000000000000001,14,215869.4071175,215869.4161217,8.467099978588521,9.004199993796647,4.888899973593652,2.2040999901946634,0.0,True,ok,4785,4785
1695,15,1.5,14,215869.4405111,215869.4496922,8.796000009169802,9.181100002024323,5.2103000052738935,2.224299998488277,0.0,True,ok,5045,5045
1696,16,1.6,14,215869.4737317,215869.4846326,10.488600004464388,10.900900000706315,6.854400009615347,2.2019000025466084,0.0,True,ok,5382,5382
1697,17,1.7000000000000002,14,215869.5069445,215869.5161213,8.510999992722645,9.176799998385832,4.860199987888336,2.225599979283288,0.0,True,ok,5312,5312
1698,18,1.8,14,215869.5403859,215869.5495612,7.965299999341369,9.175299986964092,4.641000006813556,1.8800000252667814,0.0,True,ok,5363,5363
1699,19,1.9000000000000001,14,215869.573779,215869.5835004,8.721799997147173,9.721400012494996,4.93819999974221,2.3065000132191926,0.0,True,ok,5455,5455
1700,20,2.0,14,215869.6068601,215869.6158391,8.469099993817508,8.979000005638227,5.046000005677342,2.0311999833211303,0.0,True,ok,5508,5508
1701,21,2.1,14,215869.6406009,215869.6498058,8.555500011425465,9.204900008626282,4.985899984603748,2.0650000078603625,0.0,True,ok,5300,5300
1702,22,2.2,14,215869.673711,215869.6854487,11.280800012173131,11.737699998775497,6.603799993172288,3.151100012473762,0.0,True,ok,5384,5384
1703,23,2.3000000000000003,14,215869.7072234,215869.7172964,8.927799994125962,10.072999983094633,5.22120000096038,2.2745000023860484,0.0,True,ok,5355,5355
1704,24,2.4000000000000004,14,215869.7404274,215869.749017,8.110800001304597,8.589600009145215,4.567600000882521,2.164800011087209,33.20399997755885,True,ok,5072,5072
1705,25,2.5,14,215869.7735075,215869.7860487,11.987000005319715,12.541200005216524,6.525500008137897,3.8588999886997044,0.0,True,ok,4851,4851
1706,26,2.6,14,215869.8067839,215869.815803,8.45990001107566,9.019099990837276,4.95890001184307,2.088699984597042,0.0,True,ok,4933,4933
1707,27,2.7,14,215869.8402751,215869.8493178,8.38439998915419,9.042699995916337,4.8460999969393015,2.023300010478124,33.49119998165406,True,ok,4889,4889
1708,28,2.8000000000000003,14,215869.8736563,215869.8827622,8.34289999329485,9.1058999823872,4.836300009628758,2.110400004312396,0.0,True,ok,4508,4508
1709,29,2.9000000000000004,14,215869.9072005,215869.9162728,8.617300016339868,9.072300017578527,5.175500002223998,2.072000002954155,0.0,True,ok,4516,4516
1710,30,3.0,14,215869.940217,215869.9486675,7.831900002202019,8.450499997707084,4.586099996231496,1.9660000107251108,0.0,True,ok,4326,4326
1711,31,3.1,14,215869.9738221,215869.9833629,8.43180000083521,9.540800005197525,5.071000021416694,2.043900021817535,0.0,True,ok,4407,4407
1712,32,3.2,14,215870.0070322,215870.0173952,9.637400013161823,10.363000008510426,5.210199975408614,2.9753000126220286,0.0,True,ok,4113,4113
1713,33,3.3000000000000003,14,215870.0401456,215870.0487184,8.052100019995123,8.572799997637048,4.713100002845749,1.967699994565919,33.11340001528151,True,ok,4211,4211
1714,34,3.4000000000000004,14,215870.0737768,215870.0824766,8.208999992348254,8.69979997514747,4.890100011834875,2.013799996348098,33.63119999994524,True,ok,4198,4198
1715,35,3.5,14,215870.1072681,215870.1162868,8.677300007548183,9.018700016895309,5.048699997132644,2.347600006032735,0.0,True,ok,4125,4125
1716,36,3.6,14,215870.140639,215870.1502164,8.444900013273582,9.577400021953508,4.829299985431135,2.28020001668483,0.0,True,ok,4267,4267
1717,37,3.7,14,215870.1737432,215870.1845376,10.343700007069856,10.794400004670024,6.806900026276708,2.0877000060863793,33.104200003435835,True,ok,3805,3805
1718,38,3.8000000000000003,14,215870.2074664,215870.2167075,8.76080000307411,9.241099993232638,4.947000008542091,2.4772000033408403,0.0,True,ok,3921,3921
1719,39,3.9000000000000004,14,215870.2405496,215870.2504447,9.410800004843622,9.895099996356294,5.0814999849535525,3.0023000144865364,0.0,True,ok,3864,3864
1720,40,4.0,14,215870.2737029,215870.2837102,8.697199984453619,10.007299977587536,5.512500007171184,1.9431000109761953,0.0,True,ok,3828,3828
1721,41,4.1000000000000005,14,215870.307301,215870.3162439,8.399599988479167,8.94289999268949,5.17079999553971,1.989700016565621,0.0,True,ok,3659,3659
1722,42,4.2,14,215870.3407789,215870.3504316,8.735900017200038,9.65270001324825,4.829499986954033,2.203999989433214,0.0,True,ok,3989,3989
1723,43,4.3,14,215870.3739418,215870.3839343,8.748000022023916,9.992500010412186,4.865999973844737,2.542300004279241,0.0,True,ok,4294,4294
1724,44,4.4,14,215870.4070869,215870.4162093,8.489300002111122,9.122399991611019,4.765099991345778,2.2467999951913953,0.0,True,ok,4623,4623
1725,45,4.5,14,215870.4405193,215870.449735,8.634199999505654,9.21570000355132,4.871399985859171,2.4073999957181513,0.0,True,ok,4708,4708
1726,46,4.6000000000000005,14,215870.4734892,215870.4841596,10.186400002567098,10.67039999179542,6.983600003877655,1.859300013165921,0.0,True,ok,4834,4834
1727,47,4.7,14,215870.5067784,215870.515667,8.365699992282316,8.888599986676127,4.898999992292374,2.1188000100664794,0.0,True,ok,4677,4677
1728,48,4.800000000000001,14,215870.540315,215870.5492975,8.55619998765178,8.982500003185123,5.135099985636771,2.1029000054113567,0.0,True,ok,4591,4591
1729,49,4.9,14,215870.5738066,215870.5830593,8.816799992928281,9.25269999424927,5.326699989382178,2.154099987819791,0.0,True,ok,4442,4442
1730,50,5.0,14,215870.606959,215870.6157902,8.464600017759949,8.831200015265495,5.036400019889697,2.0969999895896763,0.0,True,ok,4408,4408
1731,51,5.1000000000000005,14,215870.6404103,215870.6500108,8.992399991257116,9.600499994121492,5.2106000075582415,2.3939000093378127,0.0,True,ok,4418,4418
1732,52,5.2,14,215870.6736987,215870.6838741,9.64830000884831,10.175400006119162,4.690000001573935,3.5937000066041946,33.28840000904165,True,ok,4600,4600
1733,53,5.300000000000001,14,215870.7070181,215870.7157522,8.15169999259524,8.73410000349395,4.871899989666417,1.955600018845871,0.0,True,ok,4489,4489
1734,54,5.4,14,215870.7404123,215870.7493178,8.156999974744394,8.905499998945743,4.653999989386648,2.1601000044029206,0.0,True,ok,4625,4625
1735,55,5.5,14,215870.7738057,215870.7833115,9.09110001521185,9.505800000624731,5.282300000544637,2.3751999833621085,0.0,True,ok,4379,4379
1736,56,5.6000000000000005,14,215870.8069104,215870.8159221,8.37250001495704,9.011700021801516,5.041299998993054,2.0329000253695995,0.0,True,ok,4212,4212
1737,57,5.7,14,215870.8405483,215870.8496322,8.640999993076548,9.083899989491329,5.132599995704368,2.226300013717264,0.0,True,ok,4229,4229
1738,58,5.800000000000001,14,215870.8739054,215870.8852286,10.84679999621585,11.323200014885515,4.776300018420443,4.605800000717863,0.0,True,ok,4294,4294
1739,59,5.9,14,215870.9068946,215870.9162465,8.84520000545308,9.35190002201125,5.162199988262728,2.2772000229451805,0.0,True,ok,4337,4337
1740,60,6.0,14,215870.9403335,215870.9490983,8.356800011824816,8.764800004428253,4.831700003705919,2.2372000094037503,0.0,True,ok,4334,4334
1741,61,6.1000000000000005,14,215870.9740144,215870.9844663,9.77720000082627,10.451899986946955,6.3452000031247735,2.119399985531345,0.0,True,ok,4169,4169
1742,62,6.2,14,215871.0071709,215871.0162907,8.496399997966364,9.119800000917166,4.971299989847466,2.0902999967802316,0.0,True,ok,4172,4172
1743,63,6.300000000000001,14,215871.0402545,215871.0499143,8.92960000783205,9.659800009103492,5.405300005804747,2.214900014223531,0.0,True,ok,4147,4147
1744,64,6.4,14,215871.073707,215871.0828217,8.033399994019419,9.11469999118708,4.757199989398941,1.9640999962575734,33.452500007115304,True,ok,4178,4178
1745,65,6.5,14,215871.1067662,215871.1154827,8.33710000733845,8.716499985894188,5.061300005763769,1.9888000097125769,0.0,True,ok,4169,4169
1746,66,6.6000000000000005,14,215871.1405603,215871.1491234,8.079600025666878,8.563100011087954,4.803799994988367,1.9561999943107367,0.0,True,ok,4168,4168
1747,67,6.7,14,215871.1735092,215871.1845983,10.542799980612472,11.089100007666275,7.085599994752556,2.0909000013489276,0.0,True,ok,4086,4086
1748,68,6.800000000000001,14,215871.2071903,215871.2163874,8.461599994916469,9.197100007440895,5.03749999916181,2.0941999973729253,33.68110000155866,True,ok,4379,4379
1749,69,6.9,14,215871.2402991,215871.2492877,8.626399998320267,8.988599991425872,5.2180000056978315,2.081100014038384,0.0,True,ok,4282,4282
1750,70,7.0,14,215871.2739485,215871.2845543,9.978399990359321,10.605799994664267,6.564400013303384,2.0782999927178025,0.0,True,ok,4247,4247
1751,71,7.1000000000000005,14,215871.3069764,215871.3170548,9.472299978369847,10.078399995109066,5.08629999239929,2.6700000162236392,0.0,True,ok,4354,4354
1752,72,7.2,14,215871.3406689,215871.35001,8.315799990668893,9.341099997982383,4.880899999989197,2.1083999890834093,0.0,True,ok,4628,4628
1753,73,7.300000000000001,14,215871.3735104,215871.3824269,8.169300010195002,8.916499995393679,4.8362000088673085,2.0324999932199717,0.0,True,ok,4287,4287
1754,74,7.4,14,215871.4072055,215871.4160517,8.179299999028444,8.846200013067573,4.908700007945299,1.9247999880462885,0.0,True,ok,4455,4455
1755,75,7.5,14,215871.440303,215871.4489585,8.245300006819889,8.65549998707138,4.963699990184978,1.9674999930430204,0.0,True,ok,4560,4560
1756,76,7.6000000000000005,14,215871.4735585,215871.4844635,10.324400005629286,10.905000002821907,6.972300005145371,1.9668999884743243,0.0,True,ok,4662,4662
1757,77,7.7,14,215871.5071357,215871.5162884,8.593499980634078,9.152699989499524,4.85520000802353,2.2518000041600317,0.0,True,ok,4381,4381
1758,78,7.800000000000001,14,215871.5405376,215871.5495841,8.461599994916469,9.046499995747581,4.7734999970998615,2.2314000234473497,0.0,True,ok,4350,4350
1759,79,7.9,14,215871.5738918,215871.5830672,8.706599997822195,9.175399987725541,4.99289997969754,2.2708000033162534,0.0,True,ok,4058,4058
1760,80,8.0,14,215871.6071198,215871.6161872,8.59790001413785,9.06740000937134,5.2220000070519745,1.9876000005751848,0.0,True,ok,4074,4074
1761,81,8.1,14,215871.6404628,215871.6494299,8.534900000086054,8.967100002337247,5.260500009171665,1.99280001106672,0.0,True,ok,4080,4080
1762,82,8.200000000000001,14,215871.6739535,215871.6842683,9.249800001271069,10.314800019841641,5.885999999009073,2.0297000010032207,0.0,True,ok,4288,4288
1763,83,8.3,14,215871.7069928,215871.7157281,8.237900008680299,8.735300012631342,4.899799998383969,2.018700004555285,0.0,True,ok,4269,4269
1764,84,8.4,14,215871.7401187,215871.7488552,8.261900016805157,8.736500021768734,4.94849999086,2.0155000092927366,0.0,True,ok,3996,3996
1765,85,8.5,14,215871.7735594,215871.7842496,10.159500001464039,10.690199997043237,6.685800006380305,2.1536999847739935,0.0,True,ok,4318,4318
1766,86,8.6,14,215871.8071862,215871.8159066,8.239000017056242,8.720400015590712,4.881000000750646,1.9972000154666603,33.6267999955453,True,ok,4410,4410
1767,87,8.700000000000001,14,215871.8403532,215871.8493518,8.541699993656948,8.998599980259314,4.941899998812005,2.2684000141453,0.0,True,ok,4345,4345
1768,88,8.8,14,215871.8736708,215871.8826078,8.22580000385642,8.93700000597164,4.829599987715483,2.1111000096425414,0.0,True,ok,3995,3995
1769,89,8.9,14,215871.9070796,215871.9160734,8.497500006342307,8.993800001917407,5.155699996976182,2.038700011326,0.0,True,ok,4114,4114
1770,90,9.0,14,215871.9404307,215871.9489655,8.01699998555705,8.534799999324605,4.707199987024069,2.0308000093791634,0.0,True,ok,4407,4407
1771,91,9.1,14,215871.9738781,215871.9828403,8.48230000701733,8.96220002323389,4.942300001857802,2.192100015236065,0.0,True,ok,4504,4504
1772,92,9.200000000000001,14,215872.0070255,215872.0161332,8.653199998661876,9.107699996093288,5.085099983261898,2.1911999792791903,0.0,True,ok,4602,4602
1773,93,9.3,14,215872.0401989,215872.0512981,10.379600018495694,11.099199997261167,4.9678000214044005,3.967900003772229,0.0,True,ok,4719,4719
1774,94,9.4,14,215872.0738055,215872.0825816,8.104800013825297,8.776100003160536,4.7110999876167625,2.0818000193685293,0.0,True,ok,4623,4623
1775,95,9.5,14,215872.106929,215872.1173906,9.859100013272837,10.46160000259988,6.2120999791659415,2.3342999920714647,0.0,True,ok,4555,4555
1776,96,9.600000000000001,14,215872.1401933,215872.1492256,8.593000005930662,9.032300004037097,5.034700006945059,2.221500006271526,0.0,True,ok,4902,4902
1777,97,9.700000000000001,14,215872.1734758,215872.1846524,10.684899985790253,11.176600004546344,7.1949999837670475,1.9862000190187246,0.0,True,ok,4793,4793
1778,98,9.8,14,215872.2070356,215872.2162964,8.327599993208423,9.260799997719005,4.909500014036894,2.0772000134456903,0.0,True,ok,4857,4857
1779,99,9.9,14,215872.240096,215872.2489689,8.341900014784187,8.872900012647733,4.966600012267008,2.0517999946605414,0.0,True,ok,4985,4985
1780,100,10.0,14,215872.2737482,215872.2836898,9.274200012441725,9.94160000118427,6.051700009265915,1.886199985165149,0.0,True,ok,4973,4973
1781,101,10.100000000000001,14,215872.307204,215872.3160512,7.748500007437542,8.847199991578236,4.510400001890957,1.9363999890629202,33.4558000031393,True,ok,4507,4507
1782,102,10.200000000000001,14,215872.3402568,215872.3490077,8.323299989569932,8.750899985898286,4.931300005409867,2.1182999771554023,0.0,True,ok,4834,4834
1783,103,10.3,14,215872.3743093,215872.3835424,8.73559998581186,9.233099990524352,5.319400021107867,2.077299985103309,0.0,True,ok,4943,4943
1784,104,10.4,14,215872.4070252,215872.4158473,8.296499989228323,8.822100004181266,4.9402999866288155,2.049500006251037,0.0,True,ok,5082,5082
1785,105,10.5,14,215872.4406835,215872.4491599,7.792999997036532,8.476399991195649,4.612599994288757,1.93500000750646,0.0,True,ok,4986,4986
1786,106,10.600000000000001,14,215872.4734962,215872.4831338,9.170700010145083,9.637600014684722,5.39310000021942,2.2628000006079674,0.0,True,ok,5037,5037
1787,107,10.700000000000001,14,215872.5067427,215872.5155266,8.126300002913922,8.783900004345924,4.430800006957725,2.3649999930057675,0.0,True,ok,5162,5162
1788,108,10.8,14,215872.5403217,215872.5493931,8.391999988816679,9.071399981621653,4.938300000503659,2.2096000029705465,0.0,True,ok,4884,4884
1789,109,10.9,14,215872.5734014,215872.5826273,8.564199990360066,9.22589999390766,5.103299976326525,2.078199991956353,0.0,True,ok,4890,4890
1790,110,11.0,14,215872.6069818,215872.6160722,8.463200007099658,9.090400009881705,4.921600018860772,2.2551000001840293,0.0,True,ok,4848,4848
1791,111,11.100000000000001,14,215872.6401714,215872.649577,8.684900007210672,9.405599994352087,5.046700011007488,2.3658999998588115,0.0,True,ok,5030,5030
1792,112,11.200000000000001,14,215872.6735965,215872.6831932,8.928299997933209,9.596699994290248,5.344500008504838,2.2708000033162534,0.0,True,ok,5114,5114
1793,113,11.3,14,215872.7069056,215872.7160373,8.646100002806634,9.131700004218146,5.144299997482449,2.214400010416284,0.0,True,ok,5293,5293
1794,114,11.4,14,215872.7402219,215872.749359,8.21400000131689,9.13710001623258,4.66549998964183,2.23280000500381,0.0,True,ok,5423,5423
1795,115,11.5,14,215872.7737733,215872.7845936,10.306699987268075,10.820299998158589,6.370500021148473,2.5489000254310668,0.0,True,ok,5340,5340
1796,116,11.600000000000001,14,215872.8071725,215872.8163719,8.602799993241206,9.1993999958504,5.112799990456551,2.1895000245422125,0.0,True,ok,5279,5279
1797,117,11.700000000000001,14,215872.8404986,215872.8502663,9.090300009120256,9.767699986696243,5.294100003084168,2.234699990367517,0.0,True,ok,5498,5498
1798,118,11.8,14,215872.8738221,215872.8828439,8.526000019628555,9.021800011396408,4.969500005245209,2.2569999855477363,0.0,True,ok,5517,5517
1799,119,11.9,14,215872.9066996,215872.91543,8.174799993867055,8.730400004424155,4.661199986003339,2.1975999989081174,0.0,True,ok,5266,5266
1800,0,0.0,15,215872.9424876,215872.9512087,8.123099978547543,8.721099991817027,4.535700019914657,2.296100021339953,35.78800000832416,True,ok,4708,4708
1801,1,0.1,15,215872.9737418,215872.9835948,9.256499994080514,9.852999995928258,5.897099996218458,2.0329999970272183,0.0,True,ok,4681,4681
1802,2,0.2,15,215873.007005,215873.0161099,8.571199985453859,9.104900003876537,5.188500013900921,2.0542999845929444,0.0,True,ok,4360,4360
1803,3,0.30000000000000004,15,215873.0401638,215873.0489943,8.314200007589534,8.83050000993535,4.655500000808388,2.401199977612123,0.0,True,ok,4532,4532
1804,4,0.4,15,215873.0740374,215873.0830527,8.37110000429675,9.015300020109862,5.040999996708706,2.00609999592416,0.0,True,ok,4533,4533
1805,5,0.5,15,215873.1069109,215873.1159175,8.524200005922467,9.0065999829676,5.026700004236773,2.2330000065267086,0.0,True,ok,4334,4334
1806,6,0.6000000000000001,15,215873.1400748,215873.1488022,7.9762000241316855,8.727400010684505,4.686200001742691,2.0084999850951135,0.0,True,ok,4462,4462
1807,7,0.7000000000000001,15,215873.1737164,215873.1826827,8.135299984132871,8.966299996245652,4.872099991189316,1.9643999985419214,0.0,True,ok,4479,4479
1808,8,0.8,15,215873.2072229,215873.2165796,8.656499994685873,9.356700000353158,5.104599986225367,2.2459999890998006,0.0,True,ok,4534,4534
1809,9,0.9,15,215873.2402417,215873.249351,8.46889999229461,9.109300008276477,5.110600002808496,2.088500012177974,0.0,True,ok,4491,4491
1810,10,1.0,15,215873.2737273,215873.2839565,9.692399995401502,10.229200008325279,6.103499996243045,2.1881000138819218,0.0,True,ok,4600,4600
1811,11,1.1,15,215873.3072945,215873.3166413,8.485700003802776,9.346800012281165,5.1411000022199005,2.02829999034293,0.0,True,ok,4781,4781
1812,12,1.2000000000000002,15,215873.3403217,215873.3490678,8.265700016636401,8.746100007556379,4.934700002195314,2.063099993392825,0.0,True,ok,5044,5044
1813,13,1.3,15,215873.3738789,215873.3846819,10.28389998828061,10.803000011947006,5.353200016543269,3.5399000043980777,0.0,True,ok,4620,4620
1814,14,1.4000000000000001,15,215873.4067692,215873.4162516,8.562599978176877,9.482399997068569,5.05519998841919,2.235899999504909,0.0,True,ok,4785,4785
1815,15,1.5,15,215873.4405699,215873.4526628,11.630299995886162,12.09289999678731,5.313300003763288,4.485000012209639,0.0,True,ok,5045,5045
1816,16,1.6,15,215873.473633,215873.484792,10.649500007275492,11.159000016050413,6.7306999990250915,2.5652000040281564,0.0,True,ok,5382,5382
1817,17,1.7000000000000002,15,215873.506771,215873.5154788,8.107600006042048,8.707800006959587,4.890899988822639,1.882100012153387,0.0,True,ok,5312,5312
1818,18,1.8,15,215873.5402405,215873.5488955,8.129299996653572,8.654999983264133,4.728800005977973,2.010700001846999,33.46950002014637,True,ok,5363,5363
1819,19,1.9000000000000001,15,215873.5735474,215873.5841362,10.10610000230372,10.588799981633201,6.5051999990828335,2.2385999909602106,0.0,True,ok,5455,5455
1820,20,2.0,15,215873.6070106,215873.6166601,8.383600012166426,9.649499988881871,4.945099994074553,2.1183999779168516,0.0,True,ok,5508,5508
1821,21,2.1,15,215873.6401827,215873.6493636,8.51909999619238,9.180900000501424,5.171400000108406,2.005799993639812,0.0,True,ok,5300,5300
1822,22,2.2,15,215873.6738306,215873.6831742,8.834000007482246,9.343600017018616,5.035799986217171,2.4523999891243875,0.0,True,ok,5384,5384
1823,23,2.3000000000000003,15,215873.7067876,215873.7157949,8.500800002366304,9.007299988297746,5.12629997683689,2.043999993475154,0.0,True,ok,5355,5355
1824,24,2.4000000000000004,15,215873.7404992,215873.7489399,8.03609998547472,8.44069998129271,4.749200015794486,2.0145000016782433,0.0,True,ok,5072,5072
1825,25,2.5,15,215873.773853,215873.784312,9.861800004728138,10.459000011906028,6.530400016345084,2.0552999922074378,0.0,True,ok,4851,4851
1826,26,2.6,15,215873.8072901,215873.81774,9.982099989429116,10.449900000821799,6.742100027622655,1.9782999879680574,0.0,True,ok,4933,4933
1827,27,2.7,15,215873.8403245,215873.8495407,8.52820000727661,9.216200007358566,5.177899991394952,2.0702000183518976,0.0,True,ok,4889,4889
1828,28,2.8000000000000003,15,215873.8738033,215873.8838221,9.62450000224635,10.018800006946549,6.298699998296797,2.137200004654005,0.0,True,ok,4508,4508
1829,29,2.9000000000000004,15,215873.9069395,215873.9160805,8.651300013298169,9.140999987721443,5.342899996321648,2.0481999963521957,0.0,True,ok,4516,4516
1830,30,3.0,15,215873.9402897,215873.9514403,10.323499998776242,11.15060001029633,5.049900006270036,4.00029998854734,0.0,True,ok,4326,4326
1831,31,3.1,15,215873.9737526,215873.9824448,8.130600006552413,8.692200004588813,4.885500005912036,1.9113000016659498,0.0,True,ok,4407,4407
1832,32,3.2,15,215874.0069204,215874.0158437,8.223100012401119,8.923300018068403,4.95890001184307,1.997700019273907,0.0,True,ok,4113,4113
1833,33,3.3000000000000003,15,215874.0404146,215874.0493992,8.334800018928945,8.98460001917556,4.955499985953793,2.1664999949280173,0.0,True,ok,4211,4211
1834,34,3.4000000000000004,15,215874.0734487,215874.0840419,9.92390001192689,10.593200015136972,6.7848000035155565,1.9223999988753349,0.0,True,ok,4198,4198
1835,35,3.5,15,215874.1074433,215874.1163934,8.439600002020597,8.950100018410012,5.04190000356175,2.208799996878952,0.0,True,ok,4125,4125
1836,36,3.6,15,215874.1404079,215874.149672,8.521300012944266,9.264099993743002,4.863500013016164,2.464499993948266,0.0,True,ok,4267,4267
1837,37,3.7,15,215874.17373,215874.1831489,8.237299975007772,9.418899979209527,5.064400000264868,2.0250999950803816,0.0,True,ok,3805,3805
1838,38,3.8000000000000003,15,215874.2073294,215874.2166386,8.699500001966953,9.309199987910688,5.25380001636222,2.2510999988298863,0.0,True,ok,3921,3921
1839,39,3.9000000000000004,15,215874.2407154,215874.2508129,8.651999989524484,10.097499995026737,5.284200015012175,2.172800013795495,0.0,True,ok,3864,3864
1840,40,4.0,15,215874.2739182,215874.282889,8.450099994661286,8.970800001407042,5.114199972013012,2.1274000173434615,0.0,True,ok,3828,3828
1841,41,4.1000000000000005,15,215874.3071788,215874.3160675,8.148000022629276,8.888700016541407,4.93819999974221,2.0509999885689467,0.0,True,ok,3659,3659
1842,42,4.2,15,215874.340292,215874.3502691,8.684799977345392,9.97709998046048,5.148399999598041,2.3434000031556934,0.0,True,ok,3989,3989
1843,43,4.3,15,215874.373923,215874.3826314,7.970899983774871,8.708399982424453,4.735599999548867,2.0533000060822815,0.0,True,ok,4294,4294
1844,44,4.4,15,215874.4069346,215874.4167595,9.094199980609119,9.824899985687807,5.054699984611943,2.846599993063137,0.0,True,ok,4623,4623
1845,45,4.5,15,215874.440261,215874.4498663,9.099100017920136,9.60530000156723,5.223400017712265,2.6416000036988407,0.0,True,ok,4708,4708
1846,46,4.6000000000000005,15,215874.4737296,215874.4825269,8.261700015282258,8.797300019068643,5.114100000355393,1.9269000040367246,0.0,True,ok,4834,4834
1847,47,4.7,15,215874.5069486,215874.5169031,8.96380000631325,9.954500012099743,5.594099988229573,2.1151999826543033,0.0,True,ok,4677,4677
1848,48,4.800000000000001,15,215874.5403347,215874.5491822,8.149300003424287,8.847499993862584,4.898999992292374,2.0730000105686486,0.0,True,ok,4591,4591
1849,49,4.9,15,215874.5741276,215874.5841018,9.277999983169138,9.97419998748228,6.182999990414828,1.879999996162951,0.0,True,ok,4442,4442
1850,50,5.0,15,215874.6071427,215874.6162363,8.319999993545935,9.093600005144253,4.921800020383671,2.1160999895073473,0.0,True,ok,4408,4408
1851,51,5.1000000000000005,15,215874.6401969,215874.6493842,8.671999996295199,9.18729999102652,4.759800009196624,2.6345000078435987,0.0,True,ok,4418,4418
1852,52,5.2,15,215874.6738116,215874.6821817,7.858799974201247,8.370099996682256,4.799600021215156,1.8987000221386552,0.0,True,ok,4600,4600
1853,53,5.300000000000001,15,215874.707282,215874.7161263,8.280499983811751,8.844299998600036,5.078000016510487,1.8896000110544264,0.0,True,ok,4489,4489
1854,54,5.4,15,215874.7406247,215874.749812,8.590899989940226,9.18729999102652,5.208999995375052,2.194400003645569,0.0,True,ok,4625,4625
1855,55,5.5,15,215874.7736461,215874.7831038,8.937500009778887,9.457700012717396,5.492199998116121,2.23869999172166,0.0,True,ok,4379,4379
1856,56,5.6000000000000005,15,215874.8069692,215874.8157958,8.116700017126277,8.826600009342656,4.869299998972565,2.0287999941501766,0.0,True,ok,4212,4212
1857,57,5.7,15,215874.8404736,215874.8496942,8.441800018772483,9.220600011758506,5.034600006183609,2.2421000176109374,0.0,True,ok,4229,4229
1858,58,5.800000000000001,15,215874.8739432,215874.8828433,8.406800014199689,8.90010001603514,4.933100019115955,2.2923000215087086,0.0,True,ok,4294,4294
1859,59,5.9,15,215874.9069169,215874.9163001,8.727800013730302,9.383199998410419,4.904000001261011,2.3231999948620796,0.0,True,ok,4337,4337
1860,60,6.0,15,215874.9406393,215874.9503879,8.778899995377287,9.748599986778572,4.972800001269206,2.67129999701865,0.0,True,ok,4334,4334
1861,61,6.1000000000000005,15,215874.9739135,215874.9837127,8.993199997348711,9.79919999372214,5.620500014629215,2.1806000149808824,0.0,True,ok,4169,4169
1862,62,6.2,15,215875.0069126,215875.0158695,8.377899997867644,8.956900011980906,5.1617999852169305,2.051099989330396,0.0,True,ok,4172,4172
1863,63,6.300000000000001,15,215875.0401867,215875.0512911,9.7859000088647,11.104400007752702,5.823200015584007,2.8119000198785216,0.0,True,ok,4147,4147
1864,64,6.4,15,215875.073873,215875.0834554,8.983099978649989,9.582400001818314,5.8077999856323,2.0062999974470586,0.0,True,ok,4178,4178
1865,65,6.5,15,215875.1070787,215875.1157508,8.127400011289865,8.672099997056648,4.953499999828637,1.9882999768014997,0.0,True,ok,4169,4169
1866,66,6.6000000000000005,15,215875.1404044,215875.1509996,9.286100015742704,10.595200001262128,6.007999996654689,1.9785999902524054,0.0,True,ok,4168,4168
1867,67,6.7,15,215875.1735679,215875.182295,8.25549999717623,8.727100008400157,5.0020000198856,2.055699995253235,0.0,True,ok,4086,4086
1868,68,6.800000000000001,15,215875.2068862,215875.2164054,8.977599994977936,9.51919998624362,4.887999995844439,2.642399980686605,33.31830000388436,True,ok,4379,4379
1869,69,6.9,15,215875.2401067,215875.2485753,8.116100012557581,8.468600019114092,5.061300005763769,1.8443999870214611,0.0,True,ok,4282,4282
1870,70,7.0,15,215875.2738918,215875.2849708,10.522600001422688,11.079000018071383,6.611300021177158,2.6177999970968813,0.0,True,ok,4247,4247
1871,71,7.1000000000000005,15,215875.3069581,215875.315899,8.412900002440438,8.940900006564334,5.038100003730506,2.1161999902687967,0.0,True,ok,4354,4354
1872,72,7.2,15,215875.340166,215875.3501139,8.884300012141466,9.947899990947917,5.112100014230236,2.4778000079095364,0.0,True,ok,4628,4628
1873,73,7.300000000000001,15,215875.3737294,215875.3830066,8.624599984614179,9.277200006181374,5.113499995786697,2.290000003995374,33.563399978447706,True,ok,4287,4287
1874,74,7.4,15,215875.4071245,215875.4157539,8.183799975086004,8.629399992059916,4.9023000174202025,2.038100006757304,0.0,True,ok,4455,4455
1875,75,7.5,15,215875.4406891,215875.4495243,8.265499986009672,8.835199987515807,5.0088999851141125,1.966199983144179,0.0,True,ok,4560,4560
1876,76,7.6000000000000005,15,215875.4734144,215875.4840174,10.121400002390146,10.603000002447516,7.050699990941212,1.8619000038597733,0.0,True,ok,4662,4662
1877,77,7.7,15,215875.5071826,215875.5159901,8.068099996307865,8.807499980321154,4.845699993893504,2.022700005909428,33.76819999539293,True,ok,4381,4381
1878,78,7.800000000000001,15,215875.5402381,215875.548736,8.044099988183007,8.497900009388104,4.786899982718751,2.055699995253235,0.0,True,ok,4350,4350
1879,79,7.9,15,215875.5735962,215875.583673,9.675899986177683,10.076799982925877,6.674500007648021,1.863600016804412,0.0,True,ok,4058,4058
1880,80,8.0,15,215875.6073113,215875.6166184,8.867900003679097,9.307100001024082,5.029099993407726,2.6750999968498945,0.0,True,ok,4074,4074
1881,81,8.1,15,215875.6403108,215875.6494146,8.58579998021014,9.103799995500594,5.402399983722717,2.0278000156395137,0.0,True,ok,4080,4080
1882,82,8.200000000000001,15,215875.6736673,215875.6826338,8.188000007066876,8.966499997768551,4.946100001689047,2.049400005489588,0.0,True,ok,4288,4288
1883,83,8.3,15,215875.706843,215875.7154325,8.115100004943088,8.589500008383766,4.88930000574328,2.047900023171678,0.0,True,ok,4269,4269
1884,84,8.4,15,215875.7401854,215875.7483435,7.787999988067895,8.158099983120337,4.811299993889406,1.8641000206116587,0.0,True,ok,3996,3996
1885,85,8.5,15,215875.7738119,215875.7843542,10.080600011860952,10.542300005909055,6.834699976025149,2.0504999847617,0.0,True,ok,4318,4318
1886,86,8.6,15,215875.8068969,215875.8155746,8.226100006140769,8.67770001059398,5.061300005763769,1.9749999919440597,0.0,True,ok,4410,4410
1887,87,8.700000000000001,15,215875.8403018,215875.8503358,9.474299993598834,10.034000006271526,5.049500003224239,2.2739999985788018,0.0,True,ok,4345,4345
1888,88,8.8,15,215875.8737125,215875.8824537,8.197100018151104,8.741199999349192,5.057800008216873,1.9851000106427819,0.0,True,ok,3995,3995
1889,89,8.9,15,215875.906767,215875.9155151,8.341000007931143,8.748099993681535,5.112599988933653,1.9447999948170036,0.0,True,ok,4114,4114
1890,90,9.0,15,215875.9403917,215875.9505449,9.473699989030138,10.153200011700392,6.274399987887591,1.9919999758712947,0.0,True,ok,4407,4407
1891,91,9.1,15,215875.9735038,215875.9842873,10.2824000059627,10.783500008983538,6.774700013920665,2.2677999804727733,0.0,True,ok,4504,4504
1892,92,9.200000000000001,15,215876.0068153,215876.0158518,8.540200011339039,9.036500006914139,5.084099975647405,2.224600000772625,33.311500010313466,True,ok,4602,4602
1893,93,9.3,15,215876.0405876,215876.0495528,8.483899990096688,8.96519998786971,4.978599987225607,2.30529997497797,0.0,True,ok,4719,4719
1894,94,9.4,15,215876.0738385,215876.082337,7.992099999682978,8.4985000139568,4.6536999871023,2.148200001101941,33.250899985432625,True,ok,4623,4623
1895,95,9.5,15,215876.1071182,215876.1161574,8.553900028346106,9.039200027473271,5.080700007965788,2.2467999951913953,0.0,True,ok,4555,4555
1896,96,9.600000000000001,15,215876.1404593,215876.1494903,8.53400002233684,9.031000023242086,4.897300008451566,2.430099993944168,0.0,True,ok,4902,4902
1897,97,9.700000000000001,15,215876.1738436,215876.1827521,8.180300006642938,8.908499992685392,4.82410000404343,2.0194000098854303,0.0,True,ok,4793,4793
1898,98,9.8,15,215876.2071445,215876.2159892,8.251199993537739,8.844700001645833,4.9260999949183315,2.0440999942366034,0.0,True,ok,4857,4857
1899,99,9.9,15,215876.2401414,215876.2487512,7.9181000182870775,8.609800017438829,4.688399989390746,1.9995000038761646,0.0,True,ok,4985,4985
1900,100,10.0,15,215876.2735324,215876.2839863,9.970999992219731,10.453900002175942,6.756300019333139,1.9836999999824911,0.0,True,ok,4973,4973
1901,101,10.100000000000001,15,215876.3072263,215876.3158449,8.13259999267757,8.61859999713488,4.915599973173812,1.9904999935533851,0.0,True,ok,4507,4507
1902,102,10.200000000000001,15,215876.3407317,215876.3501708,8.17700001061894,9.439099987503141,4.96339998790063,2.0046000136062503,0.0,True,ok,4834,4834
1903,103,10.3,15,215876.3734971,215876.3824149,8.043400011956692,8.91780000529252,4.780000017490238,2.0019999938085675,0.0,True,ok,4943,4943
1904,104,10.4,15,215876.4070589,215876.4157567,8.210500003769994,8.697800018126145,4.87010000506416,2.0354000153020024,0.0,True,ok,5082,5082
1905,105,10.5,15,215876.440543,215876.4492427,8.002500020666048,8.699700003489852,4.71740000648424,2.0286999933887273,0.0,True,ok,4986,4986
1906,106,10.600000000000001,15,215876.4737669,215876.4832101,8.945400011725724,9.443200018722564,5.674999993061647,2.0121000125072896,0.0,True,ok,5037,5037
1907,107,10.700000000000001,15,215876.5068421,215876.5155261,8.171900000888854,8.684000000357628,4.845000017667189,2.058900019619614,0.0,True,ok,5162,5162
1908,108,10.8,15,215876.5401,215876.5490848,8.483899990096688,8.984799991594627,4.842199996346608,2.253400016343221,0.0,True,ok,4884,4884
1909,109,10.9,15,215876.5739125,215876.5863016,11.649699998088181,12.3891000112053,5.335900001227856,5.038500006776303,0.0,True,ok,4890,4890
1910,110,11.0,15,215876.6067297,215876.6156903,8.205399994039908,8.960600011050701,4.724300000816584,2.2187000140547752,0.0,True,ok,4848,4848
1911,111,11.100000000000001,15,215876.640566,215876.6490736,8.035600010771304,8.507600025041029,4.814799991436303,1.9848999800160527,0.0,True,ok,5030,5030
1912,112,11.200000000000001,15,215876.673461,215876.6824628,8.507799997460097,9.001800004625693,5.027700011851266,2.2173000033944845,0.0,True,ok,5114,5114
1913,113,11.3,15,215876.7073139,215876.7170809,8.622199995443225,9.767000010469928,5.040000018198043,2.272100013215095,0.0,True,ok,5293,5293
1914,114,11.4,15,215876.7404357,215876.7496195,8.476900024106726,9.183800022583455,4.867400013608858,2.3472999746445566,0.0,True,ok,5423,5423
1915,115,11.5,15,215876.7736138,215876.7838324,9.7296999883838,10.21859998581931,6.163599988212809,2.2622999968007207,0.0,True,ok,5340,5340
1916,116,11.600000000000001,15,215876.8067448,215876.8155125,8.260900009190664,8.767699997406453,4.960699996445328,2.0186999754514545,0.0,True,ok,5279,5279
1917,117,11.700000000000001,15,215876.8402471,215876.84969,8.764099999098107,9.442900016438216,5.192200012970716,2.2387000208254904,0.0,True,ok,5498,5498
1918,118,11.8,15,215876.8734994,215876.8832255,9.221699991030619,9.726099990075454,5.671899998560548,2.203600015491247,0.0,True,ok,5517,5517
1919,119,11.9,15,215876.9071945,215876.9164321,8.731599984457716,9.237599995685741,5.076900008134544,2.226699987659231,0.0,True,ok,5266,5266
1920,0,0.0,16,215876.9433419,215876.9547618,10.781999997561797,11.419899994507432,7.262200000695884,2.1448999759741127,0.0,True,ok,4708,4708
1921,1,0.1,16,215876.9737166,215876.9844607,10.309500008588657,10.744100000010803,6.502000003820285,2.400500001385808,0.0,True,ok,4681,4681
1922,2,0.2,16,215877.0066971,215877.0151296,7.880100019974634,8.432500006165355,4.656900011468679,1.9517000182531774,0.0,True,ok,4360,4360
1923,3,0.30000000000000004,16,215877.0401624,215877.0490814,8.370199997443706,8.919000014429912,4.819099995074794,2.2478999744635075,0.0,True,ok,4532,4532
1924,4,0.4,16,215877.0738708,215877.0828554,8.448199980193749,8.984599990071729,4.754199995659292,2.4571999965701252,0.0,True,ok,4533,4533
1925,5,0.5,16,215877.1067139,215877.1156234,8.260700007667765,8.909500000299886,4.813999985344708,2.185499994084239,0.0,True,ok,4334,4334
1926,6,0.6000000000000001,16,215877.1402103,215877.1505854,9.67050000326708,10.375100013334304,4.75449999794364,3.5812999994959682,0.0,True,ok,4462,4462
1927,7,0.7000000000000001,16,215877.173841,215877.1826948,8.37110000429675,8.853799983626232,4.951299983076751,2.1496999834198505,0.0,True,ok,4479,4479
1928,8,0.8,16,215877.2070646,215877.2160477,8.47329999669455,8.98310000775382,5.13079998199828,2.0822999940719455,0.0,True,ok,4534,4534
1929,9,0.9,16,215877.2404201,215877.2501156,8.582300011767074,9.695500019006431,5.349100014427677,2.0035000052303076,0.0,True,ok,4491,4491
1930,10,1.0,16,215877.2735668,215877.2839672,9.85860000946559,10.400400002254173,6.485899997642264,2.127699990523979,0.0,True,ok,4600,4600
1931,11,1.1,16,215877.3070357,215877.3163231,8.809000020846725,9.287399996537715,5.1417000067885965,2.2883000201545656,0.0,True,ok,4781,4781
1932,12,1.2000000000000002,16,215877.3405929,215877.3491148,8.046299975831062,8.521899988409132,4.749599989736453,1.9899999897461385,0.0,True,ok,5044,5044
1933,13,1.3,16,215877.3739265,215877.3831923,8.533500018529594,9.265800006687641,4.712499998277053,2.354399999603629,0.0,True,ok,4620,4620
1934,14,1.4000000000000001,16,215877.4070566,215877.4173006,9.752100013429299,10.244000004604459,6.273499981034547,2.1967999928165227,0.0,True,ok,4785,4785
1935,15,1.5,16,215877.4402036,215877.450666,9.945400001015514,10.462399979587644,5.118200002470985,3.4036999859381467,0.0,True,ok,5045,5045
1936,16,1.6,16,215877.4741233,215877.4850392,10.443599981954321,10.915899998508394,6.3279000169131905,2.54239997593686,0.0,True,ok,5382,5382
1937,17,1.7000000000000002,16,215877.5069667,215877.515773,8.333100005984306,8.806300000287592,4.978499986464158,2.001899993047118,0.0,True,ok,5312,5312
1938,18,1.8,16,215877.5402104,215877.5489282,8.266899996669963,8.71779999579303,4.693299997597933,2.0074000058230013,0.0,True,ok,5363,5363
1939,19,1.9000000000000001,16,215877.5737958,215877.5827561,8.501799980876967,8.960299979662523,4.814699990674853,2.3058000078890473,0.0,True,ok,5455,5455
1940,20,2.0,16,215877.606876,215877.6157242,8.359800005564466,8.84819999919273,4.846300027566031,2.1610999829135835,0.0,True,ok,5508,5508
1941,21,2.1,16,215877.6405261,215877.6496133,8.505699981469661,9.087199985515326,5.064600001787767,2.0398999913595617,0.0,True,ok,5300,5300
1942,22,2.2,16,215877.6736766,215877.6846596,10.313200007658452,10.98299998557195,6.645899993600324,2.293199999257922,0.0,True,ok,5384,5384
1943,23,2.3000000000000003,16,215877.7069371,215877.7158874,8.412800001678988,8.95029999082908,4.848700016736984,2.192100015236065,0.0,True,ok,5355,5355
1944,24,2.4000000000000004,16,215877.7404483,215877.7535953,12.656799983233213,13.146999990567565,5.337700014933944,5.609599989838898,33.51119998842478,True,ok,5072,5072
1945,25,2.5,16,215877.7734116,215877.784181,10.19329999689944,10.769399988930672,6.540600006701425,2.294400008395314,0.0,True,ok,4851,4851
1946,26,2.6,16,215877.8071059,215877.8154079,7.872599991969764,8.302000002004206,4.673599993111566,1.8733000033535063,0.0,True,ok,4933,4933
1947,27,2.7,16,215877.8405727,215877.849575,8.496099995682016,9.00230000843294,4.92040000972338,2.2240999969653785,0.0,True,ok,4889,4889
1948,28,2.8000000000000003,16,215877.8737036,215877.8827135,8.379500010050833,9.009900008095428,5.04039999214001,2.032899996265769,0.0,True,ok,4508,4508
1949,29,2.9000000000000004,16,215877.9067703,215877.9156911,8.310600009281188,8.92079999903217,5.036600021412596,1.953800005139783,0.0,True,ok,4516,4516
1950,30,3.0,16,215877.9404805,215877.9493668,8.415899996180087,8.886299998266622,5.0965999835170805,1.9685000006575137,0.0,True,ok,4326,4326
1951,31,3.1,16,215877.9741391,215877.9842389,9.216000005835667,10.099800012540072,5.928700004005805,2.0311000116635114,0.0,True,ok,4407,4407
1952,32,3.2,16,215878.0072515,215878.0167244,8.380899991607293,9.472899982938543,4.864199989242479,2.107000007526949,0.0,True,ok,4113,4113
1953,33,3.3000000000000003,16,215878.0402709,215878.0490605,8.126100001391023,8.789599989540875,4.78420002036728,2.0386000105645508,0.0,True,ok,4211,4211
1954,34,3.4000000000000004,16,215878.0736086,215878.0831155,8.817800000542775,9.506899979896843,4.971999995177612,2.27870000526309,0.0,True,ok,4198,4198
1955,35,3.5,16,215878.1070314,215878.11574,8.116400014841929,8.708600013051182,4.761999996844679,2.1453999797813594,0.0,True,ok,4125,4125
1956,36,3.6,16,215878.140206,215878.149011,8.218000002671033,8.804999990388751,4.678500001318753,2.3179999843705446,0.0,True,ok,4267,4267
1957,37,3.7,16,215878.1735311,215878.1824801,8.13400000333786,8.948999980930239,4.885500005912036,2.003399975365028,0.0,True,ok,3805,3805
1958,38,3.8000000000000003,16,215878.2070598,215878.2159505,8.414299983996898,8.890699973562732,4.955300013534725,2.2267000167630613,0.0,True,ok,3921,3921
1959,39,3.9000000000000004,16,215878.2405178,215878.2503912,9.397600020747632,9.87340000574477,5.823299987241626,2.310600015334785,0.0,True,ok,3864,3864
1960,40,4.0,16,215878.2737573,215878.2839769,9.06740000937134,10.219600022537634,5.575000017415732,2.2041999909561127,0.0,True,ok,3828,3828
1961,41,4.1000000000000005,16,215878.3072261,215878.3159849,8.279899979243055,8.758799987845123,5.05079998401925,1.9968999840784818,0.0,True,ok,3659,3659
1962,42,4.2,16,215878.3402119,215878.3491281,8.437600015895441,8.91619999310933,4.97219999670051,2.2385999909602106,0.0,True,ok,3989,3989
1963,43,4.3,16,215878.3737061,215878.3827111,8.536400011507794,9.004999999888241,5.203100008657202,2.065899985609576,0.0,True,ok,4294,4294
1964,44,4.4,16,215878.4067887,215878.4157371,8.438299992121756,8.948400005465373,5.04640000872314,2.074799995170906,0.0,True,ok,4623,4623
1965,45,4.5,16,215878.4406942,215878.4521755,10.438799974508584,11.481299996376038,5.145300005096942,3.6253000143915415,0.0,True,ok,4708,4708
1966,46,4.6000000000000005,16,215878.4735803,215878.4841872,9.926900005666539,10.60690000304021,6.658199999947101,1.9511999853421003,0.0,True,ok,4834,4834
1967,47,4.7,16,215878.506794,215878.5156809,8.209199993871152,8.886900002835318,4.840100009460002,2.0641000010073185,0.0,True,ok,4677,4677
1968,48,4.800000000000001,16,215878.5404165,215878.5492741,8.375599980354309,8.857599983457476,4.941499995766208,2.158499992219731,0.0,True,ok,4591,4591
1969,49,4.9,16,215878.5735068,215878.5829228,8.721899997908622,9.416000015335158,5.255099997157231,2.1705999970436096,0.0,True,ok,4442,4442
1970,50,5.0,16,215878.6068575,215878.6159094,8.444099978078157,9.051899978658184,4.9894000112544745,2.2034000139683485,0.0,True,ok,4408,4408
1971,51,5.1000000000000005,16,215878.6404319,215878.6496548,8.745400002226233,9.22290000016801,5.0788999942597,2.214000007370487,0.0,True,ok,4418,4418
1972,52,5.2,16,215878.6734261,215878.6825392,8.638700004667044,9.113100008107722,5.355200002668425,1.9924000080209225,0.0,True,ok,4600,4600
1973,53,5.300000000000001,16,215878.7068898,215878.7157366,8.317499974509701,8.846799988532439,5.152400000952184,1.892300002509728,0.0,True,ok,4489,4489
1974,54,5.4,16,215878.7404295,215878.7511706,9.39780002227053,10.741100006271154,5.959500005701557,2.1268000127747655,0.0,True,ok,4625,4625
1975,55,5.5,16,215878.7735769,215878.7841761,10.148499975912273,10.599199973512441,6.576100015081465,2.218999987235293,0.0,True,ok,4379,4379
1976,56,5.6000000000000005,16,215878.8072939,215878.8162588,8.241700008511543,8.964900014689192,5.020400014473125,1.9404000195208937,0.0,True,ok,4212,4212
1977,57,5.7,16,215878.8404547,215878.8494415,8.373399992706254,8.986800006823614,5.093999992823228,2.0320999901741743,0.0,True,ok,4229,4229
1978,58,5.800000000000001,16,215878.8735661,215878.8825629,8.53099999949336,8.996799995657057,5.041399999754503,2.136900002369657,0.0,True,ok,4294,4294
1979,59,5.9,16,215878.9069618,215878.9161871,8.762699988437817,9.225299989338964,5.176899983780459,2.247900003567338,0.0,True,ok,4337,4337
1980,60,6.0,16,215878.9403147,215878.9491271,8.386600005906075,8.812399988528341,4.999099997803569,2.125700004398823,33.35290000541136,True,ok,4334,4334
1981,61,6.1000000000000005,16,215878.9738433,215878.9844718,10.234000015771016,10.628500021994114,6.7826000158675015,2.131500019459054,33.52859997539781,True,ok,4169,4169
1982,62,6.2,16,215879.0069939,215879.0163581,8.681499981321394,9.364199999254197,5.012100009480491,2.1641000057570636,0.0,True,ok,4172,4172
1983,63,6.300000000000001,16,215879.0404954,215879.0496688,8.670499984873459,9.173400001600385,5.118200002470985,2.1988000080455095,0.0,True,ok,4147,4147
1984,64,6.4,16,215879.0735599,215879.0827478,8.628700015833601,9.187900024699047,5.2309999882709235,2.1209999977145344,0.0,True,ok,4178,4178
1985,65,6.5,16,215879.1071101,215879.1163328,8.637400023872033,9.222699998645112,5.044299992732704,2.260200009914115,0.0,True,ok,4169,4169
1986,66,6.6000000000000005,16,215879.1399713,215879.1492482,8.761000004597008,9.276900003897026,4.729699983727187,2.596599981188774,0.0,True,ok,4168,4168
1987,67,6.7,16,215879.1736852,215879.1916845,17.149899998912588,17.999300005612895,13.487399992300197,2.213700005086139,0.0,True,ok,4086,4086
1988,68,6.800000000000001,16,215879.2067416,215879.2165585,9.207800001604483,9.816899982979521,5.073300009826198,2.6592000212986022,0.0,True,ok,4379,4379
1989,69,6.9,16,215879.2402143,215879.2490716,8.351500000571832,8.857300010276958,4.814399988390505,1.905899989651516,0.0,True,ok,4282,4282
1990,70,7.0,16,215879.2737569,215879.2859129,11.683599994285032,12.156000011600554,4.6996999881230295,5.298100004438311,0.0,True,ok,4247,4247
1991,71,7.1000000000000005,16,215879.307055,215879.3153559,7.687000004807487,8.300899993628263,4.263099981471896,1.8834000220522285,0.0,True,ok,4354,4354
1992,72,7.2,16,215879.3403315,215879.3489882,8.180400007404387,8.656700025312603,4.735700000310317,2.131900022504851,0.0,True,ok,4628,4628
1993,73,7.300000000000001,16,215879.3736312,215879.3842336,10.156899981666356,10.60239999787882,6.622100016102195,2.1877000108361244,0.0,True,ok,4287,4287
1994,74,7.4,16,215879.4069928,215879.4162104,8.512500004144385,9.217599988915026,5.078599991975352,2.0286999933887273,0.0,True,ok,4455,4455
1995,75,7.5,16,215879.440173,215879.4488238,8.155899995472282,8.650799980387092,4.8285000084433705,1.9346000044606626,0.0,True,ok,4560,4560
1996,76,7.6000000000000005,16,215879.4735476,215879.4842352,10.129000002052635,10.687600006349385,6.745200022123754,1.9859999883919954,0.0,True,ok,4662,4662
1997,77,7.7,16,215879.5071497,215879.5155804,7.921100012026727,8.430700021563098,4.581599991070107,2.028599992627278,0.0,True,ok,4381,4381
1998,78,7.800000000000001,16,215879.5401978,215879.5492311,8.440000005066395,9.03330001165159,4.608299990650266,2.2077999892644584,0.0,True,ok,4350,4350
1999,79,7.9,16,215879.5738764,215879.5839163,9.364700003061444,10.039899992989376,6.138700002338737,1.8370999896433204,0.0,True,ok,4058,4058
2000,80,8.0,16,215879.6072383,215879.6160506,8.317100000567734,8.812299987766892,5.00189999002032,2.01349999406375,0.0,True,ok,4074,4074
2001,81,8.1,16,215879.640317,215879.649369,8.164600003510714,9.051999979419634,4.856400017160922,2.0101999980397522,0.0,True,ok,4080,4080
2002,82,8.200000000000001,16,215879.6737825,215879.684726,10.32679999480024,10.943500004941598,6.327599985525012,2.4238000041805208,0.0,True,ok,4288,4288
2003,83,8.3,16,215879.7072529,215879.7159004,8.130400005029514,8.647500013466924,4.788300022482872,1.9841000030282885,0.0,True,ok,4269,4269
2004,84,8.4,16,215879.7402075,215879.7489387,8.101000013994053,8.73120001051575,4.692999995313585,2.1247999975457788,0.0,True,ok,3996,3996
2005,85,8.5,16,215879.7735802,215879.7848186,10.379699990153313,11.238399980356917,6.3667999929748476,2.4615000002086163,0.0,True,ok,4318,4318
2006,86,8.6,16,215879.8070995,215879.817074,8.877599990228191,9.974499989766628,4.957099998136982,2.3705000057816505,0.0,True,ok,4410,4410
2007,87,8.700000000000001,16,215879.8405972,215879.8496235,8.346099988557398,9.026299987453967,4.9270000017713755,2.041800005827099,0.0,True,ok,4345,4345
2008,88,8.8,16,215879.8737382,215879.8826091,8.349499985342845,8.870899997418746,5.079399998066947,1.9496000022627413,0.0,True,ok,3995,3995
2009,89,8.9,16,215879.9074083,215879.9163365,8.414200012339279,8.92819999717176,5.091300001367927,2.0022999960929155,0.0,True,ok,4114,4114
2010,90,9.0,16,215879.9406209,215879.9498174,8.356799982720986,9.196500002872199,4.779899987624958,2.2686000156681985,0.0,True,ok,4407,4407
2011,91,9.1,16,215879.9735705,215879.9842111,9.934400004567578,10.640599997714162,6.422500009648502,2.067299996269867,0.0,True,ok,4504,4504
2012,92,9.200000000000001,16,215880.0070376,215880.0166329,9.023199992952868,9.595299983629957,5.297299998346716,2.317499980563298,0.0,True,ok,4602,4602
2013,93,9.3,16,215880.0401558,215880.0500365,9.398800000781193,9.88070000312291,5.353499989723787,2.6376000023446977,0.0,True,ok,4719,4719
2014,94,9.4,16,215880.0735069,215880.0902751,16.149900009622797,16.768200002843514,12.507099978392944,2.2182000102475286,0.0,True,ok,4623,4623
2015,95,9.5,16,215880.1073624,215880.116898,8.520900009898469,9.53559999470599,4.525399999693036,2.6088000158779323,0.0,True,ok,4555,4555
2016,96,9.600000000000001,16,215880.1403466,215880.1498987,9.039099997607991,9.552100003929809,4.790700011653826,2.7840000111609697,0.0,True,ok,4902,4902
2017,97,9.700000000000001,16,215880.1733762,215880.1840015,10.068000003229827,10.625299997627735,6.479599978774786,2.16609999188222,0.0,True,ok,4793,4793
2018,98,9.8,16,215880.2069292,215880.2162589,8.602000016253442,9.32969999848865,5.018700001528487,1.9290999916847795,0.0,True,ok,4857,4857
2019,99,9.9,16,215880.2405942,215880.2500239,8.235500019509345,9.429700003238395,5.030699976487085,1.84170002466999,0.0,True,ok,4985,4985
2020,100,10.0,16,215880.27388,215880.2842275,9.090600011404604,10.3475000069011,5.651500017847866,2.0200999861117452,0.0,True,ok,4973,4973
2021,101,10.100000000000001,16,215880.3067585,215880.315666,8.316100022057071,8.90750001417473,4.950400005327538,1.9876000005751848,0.0,True,ok,4507,4507
2022,102,10.200000000000001,16,215880.3402363,215880.3496962,8.103899977868423,9.459900000365451,4.675299976952374,2.0745999936480075,0.0,True,ok,4834,4834
2023,103,10.3,16,215880.3737061,215880.3840553,9.68089999514632,10.349199990741909,6.234899978153408,2.055699995253235,0.0,True,ok,4943,4943
2024,104,10.4,16,215880.4069517,215880.4161743,8.500399999320507,9.222599997883663,4.769599996507168,2.063699997961521,0.0,True,ok,5082,5082
2025,105,10.5,16,215880.4400352,215880.448822,8.188200008589774,8.786799997324124,4.758399998536333,2.07419999060221,0.0,True,ok,4986,4986
2026,106,10.600000000000001,16,215880.4738427,215880.4832811,8.885599992936477,9.438399982172996,5.4392000020015985,2.0825999963562936,0.0,True,ok,5037,5037
2027,107,10.700000000000001,16,215880.5070508,215880.5158759,8.297399996081367,8.825099997920915,4.93080000160262,2.0220000005792826,0.0,True,ok,5162,5162
2028,108,10.8,16,215880.5404226,215880.549291,8.169800014002249,8.868400007486343,4.788799997186288,2.090099995257333,0.0,True,ok,4884,4884
2029,109,10.9,16,215880.5738353,215880.5827848,8.293399994727224,8.949500013841316,4.794700013007969,2.179300005082041,0.0,True,ok,4890,4890
2030,110,11.0,16,215880.6069078,215880.6162494,8.64949999959208,9.34160000178963,4.893600009381771,2.1859999978914857,0.0,True,ok,4848,4848
2031,111,11.100000000000001,16,215880.6401632,215880.6486872,7.837600016500801,8.524000004399568,4.624799999874085,1.873800007160753,0.0,True,ok,5030,5030
2032,112,11.200000000000001,16,215880.6734731,215880.6828743,8.568999997805804,9.401199989952147,5.0017999892588705,2.0483999978750944,0.0,True,ok,5114,5114
2033,113,11.3,16,215880.7070529,215880.7167522,9.161399997537956,9.699300018837675,4.864400019869208,2.110400004312396,33.579799986910075,True,ok,5293,5293
2034,114,11.4,16,215880.7400467,215880.7494548,8.681100007379428,9.40810001338832,5.044299992732704,2.3151999921537936,0.0,True,ok,5423,5423
2035,115,11.5,16,215880.773426,215880.7828538,8.869599987519905,9.427799988770857,5.3669000044465065,2.159900002880022,0.0,True,ok,5340,5340
2036,116,11.600000000000001,16,215880.8071592,215880.8163212,8.509699982823804,9.162000002106652,4.864500020630658,2.2356999979820102,0.0,True,ok,5279,5279
2037,117,11.700000000000001,16,215880.8400769,215880.8488027,8.104899985482916,8.725799998501316,4.474699991988018,2.20459999400191,0.0,True,ok,5498,5498
2038,118,11.8,16,215880.8735402,215880.8906133,16.49489998817444,17.073099996196106,12.591200007591397,2.4828000168781728,0.0,True,ok,5517,5517
2039,119,11.9,16,215880.9071745,215880.9160249,8.230700012063608,8.850400015944615,4.671199974836782,2.165100013371557,0.0,True,ok,5266,5266
2040,0,0.0,17,215880.9432244,215880.954356,9.804000001167879,11.131600011140108,6.1474999820347875,2.3093000054359436,0.0,True,ok,4708,4708
2041,1,0.1,17,215880.9739784,215880.9831628,7.846299995435402,9.18439999804832,4.586299997754395,1.9251999910920858,0.0,True,ok,4681,4681
2042,2,0.2,17,215881.0070321,215881.0161371,8.598599990364164,9.105000004637986,4.956499993568286,2.13649999932386,0.0,True,ok,4360,4360
2043,3,0.30000000000000004,17,215881.0405292,215881.0497807,8.562000002712011,9.251500014215708,5.032099987147376,2.1102999744471163,0.0,True,ok,4532,4532
2044,4,0.4,17,215881.0738495,215881.0827019,8.340300002600998,8.852400002069771,4.966099979355931,2.026400004979223,0.0,True,ok,4533,4533
2045,5,0.5,17,215881.1069919,215881.1159987,8.475799986626953,9.00680001359433,4.778600006829947,2.4025000166147947,0.0,True,ok,4334,4334
2046,6,0.6000000000000001,17,215881.1405609,215881.1495564,8.262599993031472,8.995499985758215,4.905799985863268,2.005199989071116,0.0,True,ok,4462,4462
2047,7,0.7000000000000001,17,215881.173857,215881.1847766,9.592900023562834,10.91960002668202,5.763599998317659,2.4418999964836985,0.0,True,ok,4479,4479
2048,8,0.8,17,215881.2068808,215881.2162227,8.650799980387092,9.341900004073977,4.71599999582395,2.5394000113010406,0.0,True,ok,4534,4534
2049,9,0.9,17,215881.2404218,215881.2500399,8.284900017315522,9.618100011721253,4.7694999957457185,2.1871000062674284,0.0,True,ok,4491,4491
2050,10,1.0,17,215881.2734655,215881.2822279,8.060799998929724,8.762399986153468,4.534300009254366,2.1386999869719148,33.043700008420274,True,ok,4600,4600
2051,11,1.1,17,215881.3071243,215881.3173802,9.36679998994805,10.255900007905439,5.022800003644079,2.9937000072095543,33.65879997727461,True,ok,4781,4781
2052,12,1.2000000000000002,17,215881.3402864,215881.3494457,8.469199994578958,9.15930001065135,4.82699999702163,2.288599993335083,0.0,True,ok,5044,5044
2053,13,1.3,17,215881.3742181,215881.3845473,8.819000009680167,10.329199983971193,5.392099992604926,2.0918000082019717,0.0,True,ok,4620,4620
2054,14,1.4000000000000001,17,215881.406888,215881.4161518,8.528599981218576,9.263799991458654,4.735099995741621,2.4224999942816794,0.0,True,ok,4785,4785
2055,15,1.5,17,215881.4401895,215881.4490665,8.39480001013726,8.877000014763325,4.811599996173754,2.2170000011101365,0.0,True,ok,5045,5045
2056,16,1.6,17,215881.4735311,215881.4831197,9.07629998982884,9.588599990820512,5.405700008850545,2.2524000087287277,0.0,True,ok,5382,5382
2057,17,1.7000000000000002,17,215881.5069037,215881.5157239,8.09839999419637,8.820199989713728,4.732899978989735,1.9532999722287059,0.0,True,ok,5312,5312
2058,18,1.8,17,215881.5406568,215881.550503,8.596700005000457,9.846200002357364,4.979899997124448,2.0231999806128442,0.0,True,ok,5363,5363
2059,19,1.9000000000000001,17,215881.5738794,215881.5830534,8.650400006445125,9.17400000616908,4.837199987377971,2.392199996393174,0.0,True,ok,5455,5455
2060,20,2.0,17,215881.6069506,215881.6158652,8.170000015525147,8.914600010029972,4.567399999359623,2.221400005510077,0.0,True,ok,5508,5508
2061,21,2.1,17,215881.6404335,215881.6493455,8.377399994060397,8.911999990232289,4.748799983644858,2.013100020121783,0.0,True,ok,5300,5300
2062,22,2.2,17,215881.6740414,215881.6842901,9.725800016894937,10.248700011288747,6.106200016802177,2.2339999850373715,0.0,True,ok,5384,5384
2063,23,2.3000000000000003,17,215881.7070209,215881.7165059,8.92520000343211,9.484999987762421,4.6870000078342855,2.8655999922193587,0.0,True,ok,5355,5355
2064,24,2.4000000000000004,17,215881.740293,215881.7489738,7.985199976246804,8.680799975991249,4.344999993918464,2.297200000612065,0.0,True,ok,5072,5072
2065,25,2.5,17,215881.7737773,215881.7841725,9.795899997698143,10.395199991762638,6.228900019777939,2.195500012021512,0.0,True,ok,4851,4851
2066,26,2.6,17,215881.8071846,215881.8162042,8.582400012528524,9.019599994644523,5.158400017535314,2.0761000050697476,0.0,True,ok,4933,4933
2067,27,2.7,17,215881.8404768,215881.8500825,8.396499993978068,9.605700004613027,5.004500009818003,2.0699999877251685,0.0,True,ok,4889,4889
2068,28,2.8000000000000003,17,215881.8734459,215881.8845052,10.587299999315292,11.059299984481186,6.973400013521314,2.3395999742206186,0.0,True,ok,4508,4508
2069,29,2.9000000000000004,17,215881.9068835,215881.9160038,8.564299991121516,9.120300004724413,4.8627999785821885,2.1835000079590827,0.0,True,ok,4516,4516
2070,30,3.0,17,215881.9402719,215881.9498819,9.092099993722513,9.609999979147688,5.803999985801056,2.0124999864492565,0.0,True,ok,4326,4326
2071,31,3.1,17,215881.9735192,215881.9855267,11.563100008061156,12.007500015897676,8.456600015051663,1.8321999814361334,0.0,True,ok,4407,4407
2072,32,3.2,17,215882.0069126,215882.0164732,8.279600006062537,9.560600010445341,5.1469999889377505,1.8671999860089272,0.0,True,ok,4113,4113
2073,33,3.3000000000000003,17,215882.0405855,215882.0495644,8.34869997925125,8.978899975772947,5.0731000083032995,2.0320000185165554,0.0,True,ok,4211,4211
2074,34,3.4000000000000004,17,215882.0738256,215882.0828724,8.26579998829402,9.04679999803193,4.911800002446398,1.947999990079552,0.0,True,ok,4198,4198
2075,35,3.5,17,215882.1073609,215882.1167948,8.605800016084686,9.433900006115437,4.867599986027926,2.482300013070926,0.0,True,ok,4125,4125
2076,36,3.6,17,215882.1403289,215882.1491284,8.400499995332211,8.799500006716698,5.012100009480491,2.1949000074528158,0.0,True,ok,4267,4267
2077,37,3.7,17,215882.1735325,215882.1841007,9.312199981650338,10.56819999939762,6.131400004960597,1.9765000033657998,0.0,True,ok,3805,3805
2078,38,3.8000000000000003,17,215882.2072423,215882.2175447,9.801499982131645,10.302399983629584,6.000199995469302,2.5825999910011888,0.0,True,ok,3921,3921
2079,39,3.9000000000000004,17,215882.2404657,215882.250063,9.021700010634959,9.597300027962774,4.942900006426498,2.882300002966076,0.0,True,ok,3864,3864
2080,40,4.0,17,215882.2740998,215882.2826431,7.926300022518262,8.543300005840138,4.6861000009812415,2.050700015388429,0.0,True,ok,3828,3828
2081,41,4.1000000000000005,17,215882.3070552,215882.315677,8.029000018723309,8.621799992397428,4.978899989509955,1.9261999987065792,0.0,True,ok,3659,3659
2082,42,4.2,17,215882.3405183,215882.3500783,8.937199978390709,9.559999976772815,5.6677999964449555,2.1035999816376716,0.0,True,ok,3989,3989
2083,43,4.3,17,215882.3735232,215882.3826896,8.693799987668172,9.166400006506592,5.317300005117431,1.8496999982744455,0.0,True,ok,4294,4294
2084,44,4.4,17,215882.4067899,215882.4158559,8.419100020546466,9.06599999871105,4.910599993309006,2.257799991639331,0.0,True,ok,4623,4623
2085,45,4.5,17,215882.4401757,215882.4495084,8.839999994961545,9.3326999922283,5.071099993074313,2.5394000113010406,0.0,True,ok,4708,4708
2086,46,4.6000000000000005,17,215882.473889,215882.4852429,10.70169999729842,11.353900015819818,5.84200001321733,3.5605999873951077,0.0,True,ok,4834,4834
2087,47,4.7,17,215882.5068871,215882.515346,7.984199997736141,8.458900003461167,4.596499988110736,2.147699997294694,32.99810001044534,True,ok,4677,4677
2088,48,4.800000000000001,17,215882.5402403,215882.5494409,8.110599999781698,9.200600004987791,4.859900014707819,1.999600004637614,0.0,True,ok,4591,4591
2089,49,4.9,17,215882.5738385,215882.5826174,8.275100000901148,8.778900024481118,4.922300024190918,2.153799985535443,0.0,True,ok,4442,4442
2090,50,5.0,17,215882.6072325,215882.6158084,8.188700012397021,8.575899992138147,4.803199990419671,2.128599997377023,33.39400002732873,True,ok,4408,4408
2091,51,5.1000000000000005,17,215882.640377,215882.6493677,8.48519999999553,8.990700007416308,5.02420001430437,2.2413000115193427,0.0,True,ok,4418,4418
2092,52,5.2,17,215882.6735504,215882.6839837,9.717000008095056,10.433299990836531,6.506200006697327,1.9844000053126365,0.0,True,ok,4600,4600
2093,53,5.300000000000001,17,215882.7069478,215882.7154734,8.082799991825595,8.525599987478927,4.954600008204579,1.9412999972701073,0.0,True,ok,4489,4489
2094,54,5.4,17,215882.7400653,215882.7489404,8.255900000222027,8.875100000295788,4.869600001256913,2.179600007366389,0.0,True,ok,4625,4625
2095,55,5.5,17,215882.7737901,215882.7838914,9.62289999006316,10.101299994857982,5.973399995127693,2.3175000096671283,0.0,True,ok,4379,4379
2096,56,5.6000000000000005,17,215882.8070956,215882.8155503,8.05689999833703,8.454700000584126,4.757299990160391,2.1078999852761626,0.0,True,ok,4212,4212
2097,57,5.7,17,215882.8401798,215882.8497847,8.768700005020946,9.604899998521432,5.549199995584786,2.0593000226654112,0.0,True,ok,4229,4229
2098,58,5.800000000000001,17,215882.8735013,215882.8827049,8.602699992479756,9.20359999872744,5.146399984369054,2.235299994936213,0.0,True,ok,4294,4294
2099,59,5.9,17,215882.9069259,215882.9158436,8.424700004979968,8.91770000453107,4.982899990864098,2.20610000542365,0.0,True,ok,4337,4337
2100,60,6.0,17,215882.9405214,215882.9495157,8.538800000678748,8.994299976620823,4.79740000446327,2.5661000108812004,0.0,True,ok,4334,4334
2101,61,6.1000000000000005,17,215882.9736822,215882.983874,9.790799987968057,10.1917999854777,6.288700009463355,2.2287999745458364,0.0,True,ok,4169,4169
2102,62,6.2,17,215883.0070058,215883.0157403,8.154000010108575,8.734500006539747,5.000800010748208,1.9788000208791345,0.0,True,ok,4172,4172
2103,63,6.300000000000001,17,215883.0401385,215883.0508062,9.248699992895126,10.667700000340119,5.946499994024634,2.1468999912030995,0.0,True,ok,4147,4147
2104,64,6.4,17,215883.0735778,215883.0829603,8.91340000089258,9.382499993080273,5.16940001398325,2.4439000117126852,0.0,True,ok,4178,4178
2105,65,6.5,17,215883.1070499,215883.1165237,8.80670000333339,9.473800018895417,5.021299992222339,2.3979000106919557,0.0,True,ok,4169,4169
2106,66,6.6000000000000005,17,215883.1400561,215883.1485161,8.011400001123548,8.45999998273328,4.742499993881211,2.1041000145487487,33.00620001391508,True,ok,4168,4168
2107,67,6.7,17,215883.1734711,215883.1849467,10.96970000071451,11.475600011181086,6.833799998275936,2.763500000583008,0.0,True,ok,4086,4086
2108,68,6.800000000000001,17,215883.2072268,215883.2160745,8.238200010964647,8.847699995385483,4.9854000099003315,2.052600000752136,0.0,True,ok,4379,4379
2109,69,6.9,17,215883.2403428,215883.2490177,8.158400014508516,8.6748999892734,4.948899993905798,1.9862999906763434,0.0,True,ok,4282,4282
2110,70,7.0,17,215883.2735322,215883.2832759,9.159800014458597,9.743700007675216,4.832599981455132,3.0725999968126416,0.0,True,ok,4247,4247
2111,71,7.1000000000000005,17,215883.3068563,215883.3153297,7.906000013463199,8.473399997456,4.759200004627928,1.9545999821275473,0.0,True,ok,4354,4354
2112,72,7.2,17,215883.3400794,215883.3485882,8.047599985729903,8.50880000507459,4.976399999577552,1.8674999882932752,0.0,True,ok,4628,4628
2113,73,7.300000000000001,17,215883.3738388,215883.3840316,9.509399998933077,10.192799993092194,6.292000005487353,1.9898000173270702,0.0,True,ok,4287,4287
2114,74,7.4,17,215883.4071238,215883.4158997,8.29239998711273,8.775900001637638,5.127600015839562,1.971699995920062,0.0,True,ok,4455,4455
2115,75,7.5,17,215883.4405347,215883.4495078,8.580199995776638,8.973099989816546,4.802200011909008,2.569799980847165,0.0,True,ok,4560,4560
2116,76,7.6000000000000005,17,215883.4735528,215883.4821543,7.9277000040747225,8.601500012446195,4.601599997840822,1.9663999846670777,0.0,True,ok,4662,4662
2117,77,7.7,17,215883.5067977,215883.5156546,8.227499987697229,8.85689997812733,5.179800005862489,1.873200002592057,0.0,True,ok,4381,4381
2118,78,7.800000000000001,17,215883.5403987,215883.5492179,8.065700007136911,8.819200011203066,4.781900002853945,2.0892000175081193,0.0,True,ok,4350,4350
2119,79,7.9,17,215883.573386,215883.5821408,8.123899984639138,8.75479998649098,4.988100001355633,1.923600008012727,0.0,True,ok,4058,4058
2120,80,8.0,17,215883.6071492,215883.6156226,7.893799978774041,8.473399997456,4.764100012835115,1.9123000092804432,0.0,True,ok,4074,4074
2121,81,8.1,17,215883.6402736,215883.6491202,8.383799984585494,8.84659998700954,4.890299984253943,2.3112999915611,0.0,True,ok,4080,4080
2122,82,8.200000000000001,17,215883.6739869,215883.6839827,8.726500003831461,9.995800006436184,5.562599981203675,1.9696000090334564,0.0,True,ok,4288,4288
2123,83,8.3,17,215883.7071638,215883.716343,8.534199994755909,9.179200016660616,5.392499995650724,1.9440999894868582,0.0,True,ok,4269,4269
2124,84,8.4,17,215883.7406023,215883.7491348,7.902999990619719,8.53249998181127,4.800199996680021,1.9912999996449798,0.0,True,ok,3996,3996
2125,85,8.5,17,215883.7739113,215883.7837628,9.447400021599606,9.851500013610348,6.165899976622313,2.099600009387359,0.0,True,ok,4318,4318
2126,86,8.6,17,215883.8068297,215883.8160367,8.70590002159588,9.206999995512888,5.232099996646866,2.150000014808029,0.0,True,ok,4410,4410
2127,87,8.700000000000001,17,215883.840593,215883.8495925,8.31609999295324,8.999499987112358,4.952100018272176,2.1529000077862293,0.0,True,ok,4345,4345
2128,88,8.8,17,215883.8735775,215883.8823979,8.081999985734,8.820399991236627,4.979899997124448,1.9787000201176852,0.0,True,ok,3995,3995
2129,89,8.9,17,215883.9071043,215883.9156457,7.846099993912503,8.54140002047643,4.819000023417175,1.8616999732330441,0.0,True,ok,4114,4114
2130,90,9.0,17,215883.9405351,215883.9489517,7.730000012088567,8.416600001510233,4.545400006463751,2.0078000088687986,0.0,True,ok,4407,4407
2131,91,9.1,17,215883.9735267,215883.9829875,8.68810000247322,9.460800007218495,5.357999994885176,2.1403999999165535,0.0,True,ok,4504,4504
2132,92,9.200000000000001,17,215884.0072782,215884.0172504,9.387900005094707,9.972200001357123,5.885899998247623,2.287699986482039,33.75150001375005,True,ok,4602,4602
2133,93,9.3,17,215884.0404999,215884.050482,8.811399980913848,9.982099989429116,5.451900011394173,2.1757000067736953,0.0,True,ok,4719,4719
2134,94,9.4,17,215884.0736829,215884.0826575,8.402799983741716,8.974600001238286,4.981599980965257,2.2413000115193427,0.0,True,ok,4623,4623
2135,95,9.5,17,215884.1067956,215884.115711,8.409699978074059,8.915399987017736,4.941800027154386,2.2452999837696552,0.0,True,ok,4555,4555
2136,96,9.600000000000001,17,215884.1405094,215884.1490505,8.052400022279471,8.541100018192083,4.70270001096651,2.1462999866344035,0.0,True,ok,4902,4902
2137,97,9.700000000000001,17,215884.1734671,215884.1825633,8.398500009207055,9.096200024941936,5.099100002553314,2.113499998813495,0.0,True,ok,4793,4793
2138,98,9.8,17,215884.2071378,215884.2159718,8.14429999445565,8.834000007482246,4.804099997272715,1.9960000063292682,0.0,True,ok,4857,4857
2139,99,9.9,17,215884.2404872,215884.2492675,8.098200021777302,8.780300006037578,4.598299972712994,2.311899996129796,0.0,True,ok,4985,4985
2140,100,10.0,17,215884.2736837,215884.2842577,10.087200003908947,10.573999985354021,6.016700004693121,2.747799997450784,33.19650000776164,True,ok,4973,4973
2141,101,10.100000000000001,17,215884.3068662,215884.3156341,8.227699989220127,8.767899998929352,5.0094999896828085,2.031999989412725,0.0,True,ok,4507,4507
2142,102,10.200000000000001,17,215884.3402314,215884.3504737,8.839000016450882,10.24229999165982,5.59159999829717,2.011600008700043,0.0,True,ok,4834,4834
2143,103,10.3,17,215884.3737397,215884.3822292,7.842899998649955,8.48950000363402,4.682600003434345,1.9651999755296856,0.0,True,ok,4943,4943
2144,104,10.4,17,215884.4066878,215884.4154594,8.229800005210564,8.771600027102977,5.056900001363829,1.9732000073418021,0.0,True,ok,5082,5082
2145,105,10.5,17,215884.4403179,215884.4489553,7.956899993587285,8.637399994768202,4.76179999532178,2.0312000124249607,0.0,True,ok,4986,4986
2146,106,10.600000000000001,17,215884.4735198,215884.4835813,9.367200022097677,10.06150001194328,6.2012999842409045,1.950799982296303,0.0,True,ok,5037,5037
2147,107,10.700000000000001,17,215884.5067895,215884.5163731,8.656699996208772,9.583599981851876,5.537199991522357,1.9106999970972538,0.0,True,ok,5162,5162
2148,108,10.8,17,215884.5402252,215884.5499647,9.23630001489073,9.739500004798174,5.808199988678098,2.2453000128734857,0.0,True,ok,4884,4884
2149,109,10.9,17,215884.5739236,215884.5824981,7.823599997209385,8.574500010581687,4.632800002582371,2.0076000073459,0.0,True,ok,4890,4890
2150,110,11.0,17,215884.6069503,215884.6158652,8.234200009610504,8.91490001231432,4.877700004726648,2.1877000108361244,0.0,True,ok,4848,4848
2151,111,11.100000000000001,17,215884.6404366,215884.6495228,8.475300011923537,9.086200007004663,5.013099987991154,2.1538000146392733,0.0,True,ok,5030,5030
2152,112,11.200000000000001,17,215884.6736036,215884.6834934,9.389099985128269,9.88979998510331,6.025400012731552,2.184299984946847,0.0,True,ok,5114,5114
2153,113,11.3,17,215884.706939,215884.7160312,8.375899982638657,9.092199994483963,4.872899997280911,2.1828000026289374,0.0,True,ok,5293,5293
2154,114,11.4,17,215884.7403711,215884.7492451,7.775200007017702,8.874000021023676,4.400200006784871,2.1772999898530543,0.0,True,ok,5423,5423
2155,115,11.5,17,215884.7739259,215884.7840271,8.764500002143905,10.101199994096532,5.368499987525865,2.1428000181913376,0.0,True,ok,5340,5340
2156,116,11.600000000000001,17,215884.8073697,215884.8177902,9.118899994064122,10.420500009786338,5.721599998651072,2.2003000194672495,0.0,True,ok,5279,5279
2157,117,11.700000000000001,17,215884.8400852,215884.8491441,8.43770001665689,9.058900002855808,4.952700022840872,2.2498999896924943,0.0,True,ok,5498,5498
2158,118,11.8,17,215884.8736498,215884.8840557,9.925100021064281,10.405900015030056,6.601800007047132,2.1052999945823103,33.5645999875851,True,ok,5517,5517
2159,119,11.9,17,215884.9069458,215884.9158866,8.46890002139844,8.940800005802885,4.937699995934963,2.290400007041171,33.29600000870414,True,ok,5266,5266
2160,0,0.0,18,215884.9429574,215884.9528782,9.445400006370619,9.92080001742579,5.784700013464317,2.3122000275179744,0.0,True,ok,4708,4708
2161,1,0.1,18,215884.9737308,215884.9836159,9.30010000593029,9.885100007522851,6.161199999041855,1.9564999965950847,0.0,True,ok,4681,4681
2162,2,0.2,18,215885.0068081,215885.0153312,8.051500015426427,8.523099997546524,4.976600001100451,1.8922000017482787,0.0,True,ok,4360,4360
2163,3,0.30000000000000004,18,215885.0403074,215885.0495907,8.376599987968802,9.283299994422123,4.918299993732944,2.240500005427748,0.0,True,ok,4532,4532
2164,4,0.4,18,215885.0737004,215885.0827772,8.574600011343136,9.076799993636087,5.31449998379685,2.063299994915724,0.0,True,ok,4533,4533
2165,5,0.5,18,215885.1074006,215885.1168481,8.195300004445016,9.447499993257225,4.911800002446398,2.095300005748868,0.0,True,ok,4334,4334
2166,6,0.6000000000000001,18,215885.1402935,215885.1489757,8.06870000087656,8.68219998665154,4.806700017070398,2.0229000074323267,0.0,True,ok,4462,4462
2167,7,0.7000000000000001,18,215885.1735935,215885.1842841,10.213499976089224,10.690600000089034,6.975900003453717,1.997400016989559,0.0,True,ok,4479,4479
2168,8,0.8,18,215885.2070676,215885.2167324,8.944700006395578,9.664800018072128,4.93819999974221,2.7636000013444573,0.0,True,ok,4534,4534
2169,9,0.9,18,215885.2403323,215885.2491608,8.367400005226955,8.828500023810193,5.149599979631603,2.019600011408329,0.0,True,ok,4491,4491
2170,10,1.0,18,215885.2738727,215885.2827461,8.320100023411214,8.87340001645498,4.808199999388307,2.302499982761219,0.0,True,ok,4600,4600
2171,11,1.1,18,215885.3070453,215885.3156535,8.15770000917837,8.60820000525564,4.941999999573454,1.9769000064115971,0.0,True,ok,4781,4781
2172,12,1.2000000000000002,18,215885.3402223,215885.3486934,8.00230001914315,8.471100009046495,4.827900003874674,1.9765000033657998,0.0,True,ok,5044,5044
2173,13,1.3,18,215885.3738664,215885.3841776,9.588200016878545,10.311199992429465,6.079299986595288,2.2786999761592597,0.0,True,ok,4620,4620
2174,14,1.4000000000000001,18,215885.407009,215885.4172686,9.766999981366098,10.259600006975234,5.128099990542978,3.3694999874569476,0.0,True,ok,4785,4785
2175,15,1.5,18,215885.4403719,215885.4513972,10.563099989667535,11.025299987522885,4.726800019852817,4.548400000203401,0.0,True,ok,5045,5045
2176,16,1.6,18,215885.4736127,215885.4839633,9.405100019648671,10.3506000014022,5.825400003232062,2.2859000018797815,0.0,True,ok,5382,5382
2177,17,1.7000000000000002,18,215885.5068728,215885.515952,8.386899979086593,9.07919998280704,5.087600002298132,2.0311000116635114,0.0,True,ok,5312,5312
2178,18,1.8,18,215885.5402901,215885.5485214,7.758799998555332,8.231299987528473,4.4602999987546355,1.9706999883055687,33.41730000101961,True,ok,5363,5363
2179,19,1.9000000000000001,18,215885.5736862,215885.5829824,8.798499999102205,9.296200005337596,5.086899996967986,2.257499989354983,0.0,True,ok,5455,5455
2180,20,2.0,18,215885.6070392,215885.6160057,8.466500003123656,8.966499997768551,4.945699998643249,2.1881000138819218,0.0,True,ok,5508,5508
2181,21,2.1,18,215885.6402065,215885.6489791,8.186399994883686,8.77260000561364,4.9051000096369535,1.9554999889805913,0.0,True,ok,5300,5300
2182,22,2.2,18,215885.6736975,215885.6825904,8.421700011240318,8.892900019418448,4.85219998518005,2.2604000114370137,0.0,True,ok,5384,5384
2183,23,2.3000000000000003,18,215885.7071893,215885.7161564,8.411300019361079,8.967100002337247,4.961999977240339,2.1458000119309872,0.0,True,ok,5355,5355
2184,24,2.4000000000000004,18,215885.7402733,215885.7489995,8.256500004790723,8.726200001547113,4.88039999618195,2.1071999799460173,0.0,True,ok,5072,5072
2185,25,2.5,18,215885.7735701,215885.7835784,9.154200000921264,10.00830001430586,4.872600024100393,2.9460999940056354,0.0,True,ok,4851,4851
2186,26,2.6,18,215885.8068731,215885.8155546,8.061800006544217,8.681500010425225,4.816400003619492,1.9193000043742359,0.0,True,ok,4933,4933
2187,27,2.7,18,215885.840308,215885.8492057,8.247899997513741,8.897699997760355,4.947899986291304,2.0016999915242195,0.0,True,ok,4889,4889
2188,28,2.8000000000000003,18,215885.8738183,215885.8844642,9.95780000812374,10.645900008967146,6.479999981820583,2.1662999934051186,0.0,True,ok,4508,4508
2189,29,2.9000000000000004,18,215885.9070716,215885.9160917,8.524400007445365,9.02009999845177,5.019100004574284,2.0647000055760145,0.0,True,ok,4516,4516
2190,30,3.0,18,215885.9402567,215885.9487491,8.005500014405698,8.492399996612221,4.826400021556765,1.9905999943148345,0.0,True,ok,4326,4326
2191,31,3.1,18,215885.9733625,215885.9836686,9.709700010716915,10.30610001180321,6.640300009166822,1.8664999806787819,0.0,True,ok,4407,4407
2192,32,3.2,18,215886.0071329,215886.0164652,8.133499999530613,9.332299989182502,4.903199995169416,2.0035000052303076,0.0,True,ok,4113,4113
2193,33,3.3000000000000003,18,215886.0404645,215886.0489841,7.841999991796911,8.519599999999627,4.645000008167699,2.020299987634644,0.0,True,ok,4211,4211
2194,34,3.4000000000000004,18,215886.0737849,215886.0824026,7.950200000777841,8.617699990281835,4.700399993453175,2.017499995417893,0.0,True,ok,4198,4198
2195,35,3.5,18,215886.1074136,215886.1161879,8.123100007651374,8.774300018558279,4.872099991189316,2.0933999912813306,0.0,True,ok,4125,4125
2196,36,3.6,18,215886.1400925,215886.1490997,8.360000007087365,9.007200016640127,5.005599989090115,2.1791000035591424,0.0,True,ok,4267,4267
2197,37,3.7,18,215886.1737198,215886.1845237,10.111400013556704,10.80390001880005,6.664799991995096,2.130900014890358,0.0,True,ok,3805,3805
2198,38,3.8000000000000003,18,215886.207068,215886.2166003,8.380699990084395,9.532299998681992,4.960799997206777,2.2114999883342534,0.0,True,ok,3921,3921
2199,39,3.9000000000000004,18,215886.2402695,215886.2497656,8.36659999913536,9.496099984971806,4.974500014213845,2.201800001785159,0.0,True,ok,3864,3864
2200,40,4.0,18,215886.2738197,215886.2834881,9.159699984593317,9.668399987276644,6.026500021107495,1.928800018504262,0.0,True,ok,3828,3828
2201,41,4.1000000000000005,18,215886.3070566,215886.3158722,8.023900008993223,8.81560001289472,4.9279999802820385,1.9459000031929463,0.0,True,ok,3659,3659
2202,42,4.2,18,215886.3401732,215886.3488469,8.211999986087903,8.673699980136007,4.722100013168529,2.3034000187180936,0.0,True,ok,3989,3989
2203,43,4.3,18,215886.3738458,215886.3845994,10.122999985469505,10.753599985036999,6.694700015941635,2.2154000180307776,0.0,True,ok,4294,4294
2204,44,4.4,18,215886.4072838,215886.4166935,8.952400006819516,9.40969999646768,4.889399977400899,2.7820999966934323,0.0,True,ok,4623,4623
2205,45,4.5,18,215886.4402854,215886.4496253,8.841300004860386,9.339900017948821,5.237999983364716,2.3407000117003918,0.0,True,ok,4708,4708
2206,46,4.6000000000000005,18,215886.4734895,215886.4840021,10.130300011951476,10.512600012589246,6.925599998794496,1.9247000163886696,0.0,True,ok,4834,4834
2207,47,4.7,18,215886.5072562,215886.5172952,8.930300013162196,10.038999986136332,5.466500006150454,2.2200999956112355,0.0,True,ok,4677,4677
2208,48,4.800000000000001,18,215886.5404671,215886.5504609,9.424799995031208,9.993799991207197,5.18119998741895,2.996099996380508,0.0,True,ok,4591,4591
2209,49,4.9,18,215886.573474,215886.5829947,8.719900011783466,9.52069999766536,5.0709999923128635,2.369800000451505,0.0,True,ok,4442,4442
2210,50,5.0,18,215886.6067425,215886.6159312,8.502500015310943,9.188700001686811,5.017700023017824,2.187999984016642,0.0,True,ok,4408,4408
2211,51,5.1000000000000005,18,215886.6401755,215886.6491374,8.411599992541596,8.961899991845712,5.017299990868196,2.1096999989822507,0.0,True,ok,4418,4418
2212,52,5.2,18,215886.6739678,215886.6849433,10.45709999743849,10.975500015774742,6.793800013838336,2.290700009325519,33.79229997517541,True,ok,4600,4600
2213,53,5.300000000000001,18,215886.7070695,215886.7162603,8.55929998215288,9.190799988573417,5.331699998350814,2.0115000079385936,0.0,True,ok,4489,4489
2214,54,5.4,18,215886.7403923,215886.7499455,8.908699994208291,9.553199983201921,4.962100007105619,2.3911999887786806,0.0,True,ok,4625,4625
2215,55,5.5,18,215886.7737179,215886.7827034,8.32370002171956,8.985499996924773,4.784199991263449,2.273000020068139,0.0,True,ok,4379,4379
2216,56,5.6000000000000005,18,215886.807022,215886.8158444,8.425200008787215,8.822400006465614,5.221600004006177,2.0029000006616116,0.0,True,ok,4212,4212
2217,57,5.7,18,215886.8403677,215886.8496091,8.685599983436987,9.241399995516986,5.0760000012815,2.24760000128299,0.0,True,ok,4229,4229
2218,58,5.800000000000001,18,215886.8736009,215886.8848727,10.799100011354312,11.271800001850352,7.115699991118163,2.35870000324212,0.0,True,ok,4294,4294
2219,59,5.9,18,215886.9067841,215886.9159812,8.514499990269542,9.197100007440895,4.8402000102214515,2.2188000148162246,0.0,True,ok,4337,4337
2220,60,6.0,18,215886.9404436,215886.9495085,8.16800000029616,9.064899990335107,4.504199983784929,2.448400016874075,0.0,True,ok,4334,4334
2221,61,6.1000000000000005,18,215886.9735098,215886.9846862,10.609500022837892,11.176400003023446,6.8069999979343265,2.195399982156232,0.0,True,ok,4169,4169
2222,62,6.2,18,215887.0071054,215887.018583,10.886400006711483,11.477599997306243,4.9116000009234995,4.511100007221103,0.0,True,ok,4172,4172
2223,63,6.300000000000001,18,215887.0400921,215887.0493874,8.66590000805445,9.295299998484552,4.84040001174435,2.5696999800857157,0.0,True,ok,4147,4147
2224,64,6.4,18,215887.0736361,215887.0827265,8.597899985034019,9.090400009881705,5.160999979125336,2.133100002538413,0.0,True,ok,4178,4178
2225,65,6.5,18,215887.107085,215887.1159432,8.141700003761798,8.858200017130002,4.820799978915602,2.0496999786701053,0.0,True,ok,4169,4169
2226,66,6.6000000000000005,18,215887.1406133,215887.1495232,8.487200015224516,8.909900003345683,5.248200002824888,1.9128000130876899,0.0,True,ok,4168,4168
2227,67,6.7,18,215887.1736368,215887.1845258,10.389200004283339,10.888999997405335,7.049599982565269,2.033000026131049,0.0,True,ok,4086,4086
2228,68,6.800000000000001,18,215887.2070469,215887.2162872,8.353999990504235,9.240299987141043,4.946100001689047,2.1080999867990613,0.0,True,ok,4379,4379
2229,69,6.9,18,215887.2405734,215887.2502517,9.178899985272437,9.678300004452467,5.083700001705438,2.7726999833248556,33.526499988511205,True,ok,4282,4282
2230,70,7.0,18,215887.2735947,215887.282701,8.264999982202426,9.106299985432997,4.8544000019319355,2.127699990523979,0.0,True,ok,4247,4247
2231,71,7.1000000000000005,18,215887.3073317,215887.3162361,8.305400027893484,8.90440001967363,5.010900000343099,1.9888000097125769,0.0,True,ok,4354,4354
2232,72,7.2,18,215887.3403877,215887.3499353,9.02729999506846,9.547599998768419,5.7548999902792275,1.9482999923639,0.0,True,ok,4628,4628
2233,73,7.300000000000001,18,215887.3734393,215887.3845507,10.603400005493313,11.111400002846494,7.312900008400902,1.9783999887295067,0.0,True,ok,4287,4287
2234,74,7.4,18,215887.4071006,215887.4156461,7.9975000116974115,8.545500022592023,4.766900005051866,1.9068999972660094,0.0,True,ok,4455,4455
2235,75,7.5,18,215887.440588,215887.4498657,8.796000009169802,9.27770000998862,5.040699994424358,2.1434999944176525,0.0,True,ok,4560,4560
2236,76,7.6000000000000005,18,215887.473684,215887.48412,10.046300012618303,10.436000011395663,6.757199997082353,1.9762000010814518,33.09599999920465,True,ok,4662,4662
2237,77,7.7,18,215887.5069,215887.5160629,8.660199993755668,9.162899979855865,4.915200028335676,2.4070999934338033,0.0,True,ok,4381,4381
2238,78,7.800000000000001,18,215887.5405265,215887.5493959,8.418599987635389,8.869399985997006,5.077200010418892,2.002499997615814,0.0,True,ok,4350,4350
2239,79,7.9,18,215887.5735013,215887.5824509,8.324800000991672,8.949599985498935,4.737800016300753,1.986199989914894,0.0,True,ok,4058,4058
2240,80,8.0,18,215887.6069022,215887.6164542,8.359900006325915,9.55200000316836,5.031999986385927,2.0471999887377024,0.0,True,ok,4074,4074
2241,81,8.1,18,215887.6405822,215887.6492836,8.280400012154132,8.70140001643449,5.088200006866828,1.9884000066667795,0.0,True,ok,4080,4080
2242,82,8.200000000000001,18,215887.6737588,215887.6844684,10.077299986733124,10.709599999245256,6.792400003178045,1.9660000107251108,0.0,True,ok,4288,4288
2243,83,8.3,18,215887.7072022,215887.7161372,8.475100010400638,8.935000019846484,5.083099997136742,2.1044999884907156,0.0,True,ok,4269,4269
2244,84,8.4,18,215887.7403187,215887.7492851,8.492900000419468,8.966399997007102,4.97819998417981,2.172200009226799,0.0,True,ok,3996,3996
2245,85,8.5,18,215887.7736539,215887.7823874,8.207599981687963,8.733499998925254,4.8316000029444695,2.062300016405061,0.0,True,ok,4318,4318
2246,86,8.6,18,215887.8068251,215887.8162355,8.63340002251789,9.410400001797825,4.979300021659583,2.178700000513345,0.0,True,ok,4410,4410
2247,87,8.700000000000001,18,215887.8405203,215887.8494941,8.388299989746884,8.973799995146692,5.060400028014556,1.9912999996449798,0.0,True,ok,4345,4345
2248,88,8.8,18,215887.873517,215887.8831602,8.654300007037818,9.643199999118224,5.308899999363348,2.0483999978750944,32.99669999978505,True,ok,3995,3995
2249,89,8.9,18,215887.9071202,215887.9164902,8.602000016253442,9.370000014314428,5.2940000023227185,2.0047000143676996,0.0,True,ok,4114,4114
2250,90,9.0,18,215887.9404245,215887.949252,8.233899978222325,8.82749998709187,4.73220000276342,2.0238999859429896,0.0,True,ok,4407,4407
2251,91,9.1,18,215887.9734997,215887.9830844,9.004799998365343,9.584700019331649,5.454799975268543,2.173199987737462,0.0,True,ok,4504,4504
2252,92,9.200000000000001,18,215888.007266,215888.0171364,8.956100005889311,9.87040001200512,5.337000009603798,2.225100004579872,0.0,True,ok,4602,4602
2253,93,9.3,18,215888.0402529,215888.0527705,11.664900026516989,12.517600000137463,4.973400005837902,4.976899974280968,0.0,True,ok,4719,4719
2254,94,9.4,18,215888.0739492,215888.0838368,9.247700014384463,9.887599997455254,5.76339999679476,2.125700004398823,0.0,True,ok,4623,4623
2255,95,9.5,18,215888.1074494,215888.1166471,8.549999998649582,9.19769998290576,4.944900021655485,2.2338000126183033,0.0,True,ok,4555,4555
2256,96,9.600000000000001,18,215888.1402607,215888.149032,8.24519997695461,8.771299995714799,4.631300020264462,2.2225000138860196,0.0,True,ok,4902,4902
2257,97,9.700000000000001,18,215888.173916,215888.183721,9.203299996443093,9.805000008782372,5.641499999910593,2.1158999879844487,0.0,True,ok,4793,4793
2258,98,9.8,18,215888.207109,215888.2176538,9.20080000651069,10.544799995841458,5.79749999451451,1.9859999883919954,0.0,True,ok,4857,4857
2259,99,9.9,18,215888.2401469,215888.249351,8.711000002222136,9.204100002534688,5.11739999637939,2.251600002637133,0.0,True,ok,4985,4985
2260,100,10.0,18,215888.2738353,215888.2838759,9.3635999946855,10.040599998319522,5.789300019387156,2.163600001949817,0.0,True,ok,4973,4973
2261,101,10.100000000000001,18,215888.3071257,215888.3160345,8.37999998475425,8.90879999496974,5.05969999358058,1.9367999921087176,0.0,True,ok,4507,4507
2262,102,10.200000000000001,18,215888.3401438,215888.35072,10.096299985889345,10.576200002105907,5.028999992646277,3.6736000038217753,0.0,True,ok,4834,4834
2263,103,10.3,18,215888.3737853,215888.383946,9.523099986836314,10.1606999814976,6.094900018069893,2.0546999876387417,0.0,True,ok,4943,4943
2264,104,10.4,18,215888.4067705,215888.4157119,8.440999983577058,8.94139998126775,4.9820000131148845,2.060300001176074,0.0,True,ok,5082,5082
2265,105,10.5,18,215888.4404874,215888.4496118,8.445499988738447,9.124400006840006,5.0029999983962625,2.074000018183142,0.0,True,ok,4986,4986
2266,106,10.600000000000001,18,215888.4735699,215888.4829222,8.820699993520975,9.352299995953217,5.5225999967660755,1.9290000200271606,33.08250001282431,True,ok,5037,5037
2267,107,10.700000000000001,18,215888.5069027,215888.5154527,8.11609998345375,8.549999998649582,4.877900006249547,1.8628000107128173,33.33279999787919,True,ok,5162,5162
2268,108,10.8,18,215888.540064,215888.5487738,8.184999984223396,8.709799993084744,4.751200001919642,2.0803000079467893,0.0,True,ok,4884,4884
2269,109,10.9,18,215888.5738796,215888.5837105,8.862800023052841,9.830900002270937,5.436500010546297,2.046799985691905,0.0,True,ok,4890,4890
2270,110,11.0,18,215888.60726,215888.6168338,8.665500005008653,9.573800023645163,5.083100026240572,2.2262999846134335,0.0,True,ok,4848,4848
2271,111,11.100000000000001,18,215888.6402131,215888.6494533,8.769299980485812,9.240199986379594,5.240499973297119,1.9916000019293278,0.0,True,ok,5030,5030
2272,112,11.200000000000001,18,215888.6739108,215888.6837422,8.368599985260516,9.831400006078184,4.989600012777373,1.967399992281571,0.0,True,ok,5114,5114
2273,113,11.3,18,215888.7073292,215888.7170996,8.616100007202476,9.770400007255375,4.8427000001538545,2.200299990363419,0.0,True,ok,5293,5293
2274,114,11.4,18,215888.7404498,215888.7494782,8.55030000093393,9.028400003444403,4.922199994325638,2.2333999804686755,0.0,True,ok,5423,5423
2275,115,11.5,18,215888.7734311,215888.7876617,13.711299980059266,14.230599976144731,6.2658000097144395,5.524999985937029,0.0,True,ok,5340,5340
2276,116,11.600000000000001,18,215888.8069529,215888.8165541,8.852300001308322,9.601199999451637,5.169700016267598,2.2464999929070473,0.0,True,ok,5279,5279
2277,117,11.700000000000001,18,215888.8405469,215888.8498935,8.646300004329532,9.346600010758266,4.956200020387769,2.271800010930747,0.0,True,ok,5498,5498
2278,118,11.8,18,215888.8735357,215888.8826916,8.601500012446195,9.155900013865903,4.902299988316372,2.3086000001057982,0.0,True,ok,5517,5517
2279,119,11.9,18,215888.9067771,215888.9158911,8.458700001938269,9.114000014960766,4.849899996770546,2.219699992565438,0.0,True,ok,5266,5266
2280,0,0.0,19,215888.9428753,215888.9516106,8.22729998617433,8.735299983527511,4.802299983566627,2.063599997200072,0.0,True,ok,4708,4708
2281,1,0.1,19,215888.9735332,215888.9838969,9.761199995409697,10.36369998473674,6.41990001895465,1.9275000086054206,0.0,True,ok,4681,4681
2282,2,0.2,19,215889.0071153,215889.0163645,8.622400026069954,9.249200025806203,4.9792000208981335,2.1188000100664794,0.0,True,ok,4360,4360
2283,3,0.30000000000000004,19,215889.0401634,215889.0488785,8.179099997505546,8.715100004337728,4.655899974750355,2.1788000012747943,33.048100012820214,True,ok,4532,4532
2284,4,0.4,19,215889.0737677,215889.0823761,7.978300011018291,8.608400006778538,4.73080002120696,1.8794999923557043,0.0,True,ok,4533,4533
2285,5,0.5,19,215889.107025,215889.116395,8.965799992438406,9.369999985210598,5.162900022696704,2.257100015413016,0.0,True,ok,4334,4334
2286,6,0.6000000000000001,19,215889.1404357,215889.1492858,8.200899988878518,8.850099984556437,4.764099983731285,2.0877000060863793,0.0,True,ok,4462,4462
2287,7,0.7000000000000001,19,215889.1736174,215889.1845203,10.080300009576604,10.902900015935302,6.567100004758686,1.9952000002376735,0.0,True,ok,4479,4479
2288,8,0.8,19,215889.2071036,215889.217356,9.357600007206202,10.252400010358542,4.87599999178201,2.6021999947261065,0.0,True,ok,4534,4534
2289,9,0.9,19,215889.2405751,215889.2494093,8.27340001706034,8.834200009005144,5.011600005673245,1.8995999998878688,0.0,True,ok,4491,4491
2290,10,1.0,19,215889.2737961,215889.2826169,8.266699995147064,8.820799994282424,4.607400012901053,2.2299000120256096,0.0,True,ok,4600,4600
2291,11,1.1,19,215889.3067507,215889.3156522,8.356999984243885,8.9014999975916,4.937599995173514,2.0480999955907464,0.0,True,ok,4781,4781
2292,12,1.2000000000000002,19,215889.3406226,215889.349352,7.964099990203977,8.729399996809661,4.6536999871023,1.916500012157485,0.0,True,ok,5044,5044
2293,13,1.3,19,215889.3739539,215889.384569,10.14609998674132,10.615099978167564,6.541799986734986,2.275000006193295,0.0,True,ok,4620,4620
2294,14,1.4000000000000001,19,215889.4069628,215889.4174609,9.191699995426461,10.498099989490584,5.655799992382526,2.159299998311326,0.0,True,ok,4785,4785
2295,15,1.5,19,215889.4400992,215889.4485767,8.069700008491054,8.477499999571592,4.746200022054836,1.958100008778274,0.0,True,ok,5045,5045
2296,16,1.6,19,215889.4738638,215889.4847253,10.221000004094094,10.86149999173358,6.554499996127561,2.1747999999206513,0.0,True,ok,5382,5382
2297,17,1.7000000000000002,19,215889.5073346,215889.5163415,8.370700001250952,9.006900014355779,4.988100001355633,1.9735000096261501,0.0,True,ok,5312,5312
2298,18,1.8,19,215889.5403328,215889.5491135,8.341999986441806,8.780699979979545,4.841999994823709,2.0662999886553735,0.0,True,ok,5363,5363
2299,19,1.9000000000000001,19,215889.573583,215889.583027,8.75759997870773,9.443999995710328,5.081399984192103,2.237599983345717,0.0,True,ok,5455,5455
2300,20,2.0,19,215889.6068945,215889.6168957,9.141799993813038,10.001199989346787,5.461699998704717,2.264700015075505,0.0,True,ok,5508,5508
2301,21,2.1,19,215889.640437,215889.6494107,8.596699975896627,8.973699994385242,5.108699988340959,1.9966000108979642,0.0,True,ok,5300,5300
2302,22,2.2,19,215889.6734967,215889.6846233,10.654400015482679,11.126600002171472,6.924800021806732,2.187600010074675,0.0,True,ok,5384,5384
2303,23,2.3000000000000003,19,215889.7069735,215889.716465,8.82449999335222,9.491500008152798,5.085999990114942,2.141200006008148,0.0,True,ok,5355,5355
2304,24,2.4000000000000004,19,215889.7402995,215889.7491775,8.380999992368743,8.877999993273988,4.821900016395375,2.177400019718334,0.0,True,ok,5072,5072
2305,25,2.5,19,215889.7735603,215889.7829401,8.76070000231266,9.379800001624972,5.147199990460649,2.1431999921333045,0.0,True,ok,4851,4851
2306,26,2.6,19,215889.8070912,215889.8159091,8.412800001678988,8.817900001304224,5.141799978446215,1.9101999932900071,0.0,True,ok,4933,4933
2307,27,2.7,19,215889.8405078,215889.8493985,8.414999989327043,8.890700002666563,4.993999988073483,2.02390001504682,0.0,True,ok,4889,4889
2308,28,2.8000000000000003,19,215889.873623,215889.8826511,8.377499994821846,9.028100001160055,4.719599994132295,2.2868999803904444,0.0,True,ok,4508,4508
2309,29,2.9000000000000004,19,215889.9070323,215889.9158077,8.283399976789951,8.775399997830391,4.8587999772280455,1.9945000240113586,0.0,True,ok,4516,4516
2310,30,3.0,19,215889.9403797,215889.9487543,7.7720000117551535,8.374600001843646,4.612799995811656,1.8677000189200044,0.0,True,ok,4326,4326
2311,31,3.1,19,215889.9738858,215889.9841927,9.247600013623014,10.306900017894804,5.939499998930842,1.978199987206608,0.0,True,ok,4407,4407
2312,32,3.2,19,215890.006903,215890.0163496,8.798199996817857,9.44659998640418,5.330399988451973,2.1337999787647277,0.0,True,ok,4113,4113
2313,33,3.3000000000000003,19,215890.04033,215890.0490819,8.266200020443648,8.75190002261661,5.109299992909655,1.8566999933682382,0.0,True,ok,4211,4211
2314,34,3.4000000000000004,19,215890.0734743,215890.0828077,8.56950000161305,9.333399997558445,5.228900001384318,2.0429999858606607,0.0,True,ok,4198,4198
2315,35,3.5,19,215890.1068463,215890.1159119,8.584800001699477,9.065599995665252,5.00790000660345,2.2954999876674265,0.0,True,ok,4125,4125
2316,36,3.6,19,215890.1403692,215890.1490344,8.3001000166405,8.665200002724305,4.678299999795854,2.1667000255547464,0.0,True,ok,4267,4267
2317,37,3.7,19,215890.1738624,215890.1844233,9.475400001974776,10.56090000201948,6.238000001758337,1.9903999927919358,0.0,True,ok,3805,3805
2318,38,3.8000000000000003,19,215890.2068213,215890.2164095,8.517199981724843,9.588199987774715,4.930900002364069,2.3068999871611595,0.0,True,ok,3921,3921
2319,39,3.9000000000000004,19,215890.2405965,215890.2507461,9.46150001254864,10.149600013392046,5.385199998272583,2.6849999849218875,0.0,True,ok,3864,3864
2320,40,4.0,19,215890.2736879,215890.283708,9.453800012124702,10.02010001684539,6.214100023498759,1.975399994989857,0.0,True,ok,3828,3828
2321,41,4.1000000000000005,19,215890.3067871,215890.3157611,8.299600012833253,8.97399999666959,4.98120000702329,2.111000008881092,0.0,True,ok,3659,3659
2322,42,4.2,19,215890.3403903,215890.3504358,9.320500015746802,10.045500006526709,4.663299972889945,2.9409000126179308,0.0,True,ok,3989,3989
2323,43,4.3,19,215890.3739649,215890.384213,9.780699998373166,10.248100006720051,6.572799989953637,1.9945999956689775,0.0,True,ok,4294,4294
2324,44,4.4,19,215890.4070636,215890.4161967,8.639700012281537,9.133100014878437,5.037199996877462,2.2658000234514475,0.0,True,ok,4623,4623
2325,45,4.5,19,215890.4405592,215890.4500288,8.998800010886043,9.469599986914545,5.04490002640523,2.539200009778142,0.0,True,ok,4708,4708
2326,46,4.6000000000000005,19,215890.4736099,215890.4840233,9.90149998688139,10.413400013931096,6.769900006474927,1.867000013589859,0.0,True,ok,4834,4834
2327,47,4.7,19,215890.5067196,215890.517901,10.717700002714992,11.181400011992082,5.064000026322901,4.331899981480092,0.0,True,ok,4677,4677
2328,48,4.800000000000001,19,215890.5404586,215890.5492548,7.938900002045557,8.79619998158887,4.7667000035289675,1.9600999949034303,0.0,True,ok,4591,4591
2329,49,4.9,19,215890.5738589,215890.5828629,8.407199988141656,9.003999992273748,5.0688000046648085,2.0932000188622624,0.0,True,ok,4442,4442
2330,50,5.0,19,215890.6067303,215890.6155779,8.362599997781217,8.847599994624034,5.016200011596084,2.1087999921292067,0.0,True,ok,4408,4408
2331,51,5.1000000000000005,19,215890.6404162,215890.6491222,8.25839999015443,8.7059999932535,4.871999990427867,2.1299000072758645,0.0,True,ok,4418,4418
2332,52,5.2,19,215890.6736047,215890.6845798,10.229400009848177,10.975100012728944,6.882799993036315,2.0761000050697476,0.0,True,ok,4600,4600
2333,53,5.300000000000001,19,215890.7067263,215890.7158844,8.509300008881837,9.158100001513958,4.955700016580522,2.1105000050738454,0.0,True,ok,4489,4489
2334,54,5.4,19,215890.7405788,215890.7493133,8.192400011466816,8.734500006539747,4.881600005319342,2.0262000034563243,0.0,True,ok,4625,4625
2335,55,5.5,19,215890.7735952,215890.7832287,9.147799981292337,9.633499983465299,5.6680999987293035,2.189499995438382,0.0,True,ok,4379,4379
2336,56,5.6000000000000005,19,215890.8070377,215890.8154269,8.013499988010153,8.389199996599928,4.9202000082004815,1.894499990157783,33.44249998917803,True,ok,4212,4212
2337,57,5.7,19,215890.8402229,215890.8503052,8.934899989981204,10.08229999570176,5.469700001413003,2.2678000095766038,0.0,True,ok,4229,4229
2338,58,5.800000000000001,19,215890.8735205,215890.8846479,10.659299994586036,11.127400008263066,7.176999992225319,2.1846000163350254,33.2975999917835,True,ok,4294,4294
2339,59,5.9,19,215890.9070046,215890.9173885,9.748700016643852,10.383899993030354,5.99449998117052,2.2545000247191638,0.0,True,ok,4337,4337
2340,60,6.0,19,215890.9405389,215890.949566,8.321900008013472,9.027099993545562,4.629000002751127,2.4525000189896673,0.0,True,ok,4334,4334
2341,61,6.1000000000000005,19,215890.9736921,215890.9842927,9.558200021274388,10.600600013276562,6.133500020951033,2.196500019636005,0.0,True,ok,4169,4169
2342,62,6.2,19,215891.0069599,215891.0159209,8.254300017142668,8.961000014096498,5.013899994082749,2.0191000076010823,0.0,True,ok,4172,4172
2343,63,6.300000000000001,19,215891.04029,215891.0496414,8.373599994229153,9.351399989100173,4.962900013197213,2.185300021665171,0.0,True,ok,4147,4147
2344,64,6.4,19,215891.0735631,215891.0825981,8.567500015487894,9.034999995492399,5.497200007084757,1.8394000071566552,0.0,True,ok,4178,4178
2345,65,6.5,19,215891.1071202,215891.1170142,8.564499992644414,9.89399998798035,5.305900005623698,1.9884000066667795,0.0,True,ok,4169,4169
2346,66,6.6000000000000005,19,215891.1403468,215891.1487084,7.942700001876801,8.361599990166724,4.779100010637194,1.9579000072553754,0.0,True,ok,4168,4168
2347,67,6.7,19,215891.1733773,215891.1849462,10.886000003665686,11.568899994017556,7.206099980976433,2.2589000000152737,0.0,True,ok,4086,4086
2348,68,6.800000000000001,19,215891.206844,215891.2157941,8.274499996332452,8.950099989306182,4.956600023433566,2.0955000072717667,0.0,True,ok,4379,4379
2349,69,6.9,19,215891.2401518,215891.2490601,8.292300015455112,8.908299991162494,4.9875999975483865,2.0129000185988843,0.0,True,ok,4282,4282
2350,70,7.0,19,215891.2739118,215891.2841333,9.82150001800619,10.22150000790134,6.405599997378886,2.2019000025466084,0.0,True,ok,4247,4247
2351,71,7.1000000000000005,19,215891.3071997,215891.3175459,9.220900014042854,10.346199997002259,6.015899998601526,1.955000014277175,0.0,True,ok,4354,4354
2352,72,7.2,19,215891.3402711,215891.3493944,8.630600001197308,9.123299998464063,5.308399995556101,2.077299985103309,0.0,True,ok,4628,4628
2353,73,7.300000000000001,19,215891.3737966,215891.3845072,10.01860000542365,10.71060000685975,6.8174999905750155,1.9891000119969249,0.0,True,ok,4287,4287
2354,74,7.4,19,215891.4069967,215891.4157941,8.295300009194762,8.797399990726262,4.938700003549457,2.085799991618842,33.20010000606999,True,ok,4455,4455
2355,75,7.5,19,215891.4403676,215891.4500112,8.887900010449812,9.643600002164021,4.746100021293387,2.8710999758914113,0.0,True,ok,4560,4560
2356,76,7.6000000000000005,19,215891.47336,215891.4838928,10.074599995277822,10.53279999177903,7.004000013694167,1.8343999981880188,32.99239999614656,True,ok,4662,4662
2357,77,7.7,19,215891.5070736,215891.5157257,8.172100002411753,8.652100019389763,4.963999992469326,1.9916000019293278,0.0,True,ok,4381,4381
2358,78,7.800000000000001,19,215891.5401751,215891.5488767,8.231599989812821,8.701599988853559,4.741599987028167,2.0828999986406416,0.0,True,ok,4350,4350
2359,79,7.9,19,215891.5736664,215891.5828162,8.601300010923296,9.149799996521324,5.345000012312084,2.046600013272837,0.0,True,ok,4058,4058
2360,80,8.0,19,215891.6070058,215891.6158389,8.161600009771064,8.833100000629202,4.924800014123321,2.0432999881450087,0.0,True,ok,4074,4074
2361,81,8.1,19,215891.6402614,215891.6488055,8.104100008495152,8.544100011931732,4.951400012942031,1.9731000065803528,0.0,True,ok,4080,4080
2362,82,8.200000000000001,19,215891.673528,215891.6845783,9.970399987651035,11.050299974158406,6.711299996823072,1.8917999987024814,0.0,True,ok,4288,4288
2363,83,8.3,19,215891.7070293,215891.7163203,8.665100001962855,9.29099999484606,5.022400000598282,2.205400000093505,0.0,True,ok,4269,4269
2364,84,8.4,19,215891.7401553,215891.7501699,9.524100023554638,10.014600004069507,4.776300018420443,3.5447000118438154,0.0,True,ok,3996,3996
2365,85,8.5,19,215891.7737886,215891.784436,10.080499981995672,10.647399991285056,6.518899986986071,2.297700004419312,0.0,True,ok,4318,4318
2366,86,8.6,19,215891.8068442,215891.815724,8.322399982716888,8.879799977876246,5.11150000966154,1.9599000224843621,0.0,True,ok,4410,4410
2367,87,8.700000000000001,19,215891.8405497,215891.8493657,8.144899999024346,8.816000015940517,4.933200019877404,1.962799986358732,0.0,True,ok,4345,4345
2368,88,8.8,19,215891.8737434,215891.8829126,8.47770000109449,9.169199998723343,5.275200004689395,2.0326999947428703,0.0,True,ok,3995,3995
2369,89,8.9,19,215891.9069242,215891.9164392,8.420600002864376,9.514999983366579,5.098399997223169,2.1126000210642815,33.18080000462942,True,ok,4114,4114
2370,90,9.0,19,215891.9405748,215891.9490355,8.01250000949949,8.460699988063425,4.757300019264221,2.059099992038682,0.0,True,ok,4407,4407
2371,91,9.1,19,215891.9737754,215891.9855916,11.184400005731732,11.816200014436617,4.755200003273785,4.042000015033409,0.0,True,ok,4504,4504
2372,92,9.200000000000001,19,215892.0070526,215892.0164602,8.715599979041144,9.407599980477244,5.114600004162639,2.3640000144951046,0.0,True,ok,4602,4602
2373,93,9.3,19,215892.0404858,215892.049213,8.072500000707805,8.727199980057776,4.79010000708513,2.0413000020198524,0.0,True,ok,4719,4719
2374,94,9.4,19,215892.0736632,215892.0824376,8.279800007585436,8.774400019319728,4.905200010398403,2.162699995096773,0.0,True,ok,4623,4623
2375,95,9.5,19,215892.1068186,215892.1165049,8.9977000025101,9.686300007160753,5.480199994053692,2.3010999721009284,0.0,True,ok,4555,4555
2376,96,9.600000000000001,19,215892.1403794,215892.1493016,8.414200012339279,8.92220000969246,4.884099995251745,2.2305999882519245,0.0,True,ok,4902,4902
2377,97,9.700000000000001,19,215892.1736553,215892.183717,8.573500002967194,10.06170001346618,5.38270000834018,1.9696000090334564,0.0,True,ok,4793,4793
2378,98,9.8,19,215892.2068113,215892.2157004,8.129900001222268,8.889099990483373,4.85670001944527,2.0499000092968345,0.0,True,ok,4857,4857
2379,99,9.9,19,215892.240241,215892.2491943,8.246400015195832,8.95330001367256,4.849699995247647,1.9806000054813921,0.0,True,ok,4985,4985
2380,100,10.0,19,215892.2734841,215892.2844797,10.361599997850135,10.995599994203076,6.85539998812601,2.1468999912030995,0.0,True,ok,4973,4973
2381,101,10.100000000000001,19,215892.3070924,215892.3159673,8.417700009886175,8.87489999877289,5.107999983010814,2.0966000156477094,0.0,True,ok,4507,4507
2382,102,10.200000000000001,19,215892.3403532,215892.3504971,9.522700012894347,10.143899999093264,6.293800019193441,2.0493000047281384,0.0,True,ok,4834,4834
2383,103,10.3,19,215892.3733965,215892.3836514,9.786800015717745,10.254900000290945,6.490200001280755,2.0889000152237713,0.0,True,ok,4943,4943
2384,104,10.4,19,215892.4073499,215892.416401,8.562700008042157,9.05110000167042,5.089599988423288,2.2276000236161053,0.0,True,ok,5082,5082
2385,105,10.5,19,215892.4405722,215892.4491442,8.060800028033555,8.572000020649284,4.953299998305738,1.9312000076752156,0.0,True,ok,4986,4986
2386,106,10.600000000000001,19,215892.4736499,215892.4824641,8.322000008774921,8.81420000223443,5.002899997634813,2.106400002958253,0.0,True,ok,5037,5037
2387,107,10.700000000000001,19,215892.5069739,215892.5156549,7.98439999925904,8.681000006617978,4.814399988390505,1.9819000153802335,0.0,True,ok,5162,5162
2388,108,10.8,19,215892.540176,215892.5490757,8.417699980782345,8.899699983885512,4.893200006335974,2.3176999820861965,0.0,True,ok,4884,4884
2389,109,10.9,19,215892.5738303,215892.5859236,11.575400014407933,12.093299999833107,6.176900002174079,4.129499982809648,0.0,True,ok,4890,4890
2390,110,11.0,19,215892.6070828,215892.616137,8.384300017496571,9.05419999617152,4.973200004315004,2.230000012787059,0.0,True,ok,4848,4848
2391,111,11.100000000000001,19,215892.6407364,215892.6501675,8.264999982202426,9.431099984794855,4.968199995346367,2.11419997503981,0.0,True,ok,5030,5030
2392,112,11.200000000000001,19,215892.6736826,215892.683526,9.171600016998127,9.843400010140613,5.940999981248751,2.0392999867908657,0.0,True,ok,5114,5114
2393,113,11.3,19,215892.7072824,215892.7162446,8.401299972319975,8.96219999413006,4.955300013534725,2.2385999909602106,0.0,True,ok,5293,5293
2394,114,11.4,19,215892.7400149,215892.748894,8.22439999319613,8.879100001649931,4.79599999380298,2.224199997726828,0.0,True,ok,5423,5423
2395,115,11.5,19,215892.77356,215892.7841326,10.07940000272356,10.572600003797561,6.387400004314259,2.455599984386936,0.0,True,ok,5340,5340
2396,116,11.600000000000001,19,215892.8070519,215892.8157416,8.206800004700199,8.68970001465641,4.932699986966327,2.07570000202395,0.0,True,ok,5279,5279
2397,117,11.700000000000001,19,215892.840615,215892.8495524,8.431399997789413,8.937400009017438,4.9934000126086175,2.2077999892644584,0.0,True,ok,5498,5498
2398,118,11.8,19,215892.873775,215892.8846019,10.35490000504069,10.826900019310415,6.594900012714788,2.532599988626316,0.0,True,ok,5517,5517
2399,119,11.9,19,215892.9067161,215892.915526,8.170399989467114,8.809899998595938,4.8282000061590225,2.129800006514415,0.0,True,ok,5266,5266
2400,0,0.0,20,215892.9427481,215892.9513105,8.05110001238063,8.562400005757809,4.740000003948808,2.071700000669807,0.0,True,ok,4708,4708
2401,1,0.1,20,215892.9735588,215892.9841377,10.124299995368347,10.578899993561208,6.703599996399134,1.9993000023532659,0.0,True,ok,4681,4681
2402,2,0.2,20,215893.0070837,215893.0155232,7.947100006276742,8.439500001259148,4.869399999734014,1.8644999945536256,0.0,True,ok,4360,4360
2403,3,0.30000000000000004,20,215893.0401011,215893.0487375,8.179399999789894,8.63640001625754,4.767499980516732,2.1985999774187803,0.0,True,ok,4532,4532
2404,4,0.4,20,215893.073953,215893.0833311,8.908299991162494,9.378099988680333,4.994100017938763,2.5328000192530453,0.0,True,ok,4533,4533
2405,5,0.5,20,215893.107159,215893.1160568,8.315200015204027,8.897799998521805,4.9427999765612185,2.198100002715364,0.0,True,ok,4334,4334
2406,6,0.6000000000000001,20,215893.1403364,215893.1496163,8.197600021958351,9.279899997636676,4.917599988402799,2.061200008029118,0.0,True,ok,4462,4462
2407,7,0.7000000000000001,20,215893.1734937,215893.1821076,8.130600006552413,8.613900019554421,4.930499999318272,1.9984999962616712,0.0,True,ok,4479,4479
2408,8,0.8,20,215893.2070553,215893.2161334,8.348200004547834,9.078100003534928,5.080600007204339,2.031600015470758,0.0,True,ok,4534,4534
2409,9,0.9,20,215893.2400834,215893.2488064,8.097499987343326,8.723000006284565,4.836799984332174,2.0571999775711447,0.0,True,ok,4491,4491
2410,10,1.0,20,215893.2736554,215893.284323,10.044399998150766,10.66759999957867,6.320199987385422,2.432100009173155,0.0,True,ok,4600,4600
2411,11,1.1,20,215893.3069307,215893.3158412,8.352700009709224,8.91050000791438,4.845000017667189,2.282300003571436,0.0,True,ok,4781,4781
2412,12,1.2000000000000002,20,215893.3406937,215893.3505946,8.755099988775328,9.900899982312694,5.371999985072762,2.133200003299862,0.0,True,ok,5044,5044
2413,13,1.3,20,215893.3736861,215893.3825959,8.248500002082437,8.909800002584234,4.820200003450736,2.238600020064041,0.0,True,ok,4620,4620
2414,14,1.4000000000000001,20,215893.4070998,215893.4156247,8.060399995883927,8.524899982148781,4.829699988476932,2.0397000189404935,0.0,True,ok,4785,4785
2415,15,1.5,20,215893.4404497,215893.4493187,8.26890001189895,8.86900001205504,4.897799983154982,1.9897999882232398,0.0,True,ok,5045,5045
2416,16,1.6,20,215893.47366,215893.4839481,9.670100000221282,10.288100020261481,6.2578000070061535,2.120899996953085,0.0,True,ok,5382,5382
2417,17,1.7000000000000002,20,215893.5071179,215893.5160483,8.248500002082437,8.930399984819815,4.9183999944943935,2.098799974191934,0.0,True,ok,5312,5312
2418,18,1.8,20,215893.540503,215893.5491378,8.189599990146235,8.63480000407435,4.808400000911206,2.0867999992333353,0.0,True,ok,5363,5363
2419,19,1.9000000000000001,20,215893.5735807,215893.5829129,8.872299978975207,9.332199988421053,5.31599999521859,2.284299989696592,0.0,True,ok,5455,5455
2420,20,2.0,20,215893.6068992,215893.616707,9.086000005481765,9.807800000999123,5.0026999961119145,2.686599997105077,0.0,True,ok,5508,5508
2421,21,2.1,20,215893.6401735,215893.6511494,10.481499979505315,10.975899989716709,4.9051000096369535,4.290799988666549,0.0,True,ok,5300,5300
2422,22,2.2,20,215893.6738638,215893.6850774,10.565900010988116,11.213599995244294,7.179000007454306,2.109199995175004,0.0,True,ok,5384,5384
2423,23,2.3000000000000003,20,215893.7070187,215893.7158802,8.181800018064678,8.861500013154,4.861300025368109,2.050199982477352,0.0,True,ok,5355,5355
2424,24,2.4000000000000004,20,215893.7408033,215893.7502378,8.364500012248755,9.434500010684133,4.967300017597154,2.1804000134579837,0.0,True,ok,5072,5072
2425,25,2.5,20,215893.7737459,215893.7829005,8.342699991771951,9.154600003967062,4.81959999888204,2.299999992828816,0.0,True,ok,4851,4851
2426,26,2.6,20,215893.8072588,215893.8161713,8.159399993019179,8.912499994039536,4.915800003800541,2.005700021982193,0.0,True,ok,4933,4933
2427,27,2.7,20,215893.8404149,215893.8494055,8.493799978168681,8.990599977551028,5.0608000019565225,2.1678000048268586,33.156100020278245,True,ok,4889,4889
2428,28,2.8000000000000003,20,215893.8735902,215893.8846546,9.829699993133545,11.064399994211271,6.462499994086102,2.172599983168766,33.175299991853535,True,ok,4508,4508
2429,29,2.9000000000000004,20,215893.9070592,215893.9159057,8.197200018912554,8.846500015351921,5.010400025639683,1.9866999937221408,0.0,True,ok,4516,4516
2430,30,3.0,20,215893.9403108,215893.9496616,8.031100005609915,9.350799984531477,4.764400015119463,2.0206000190228224,0.0,True,ok,4326,4326
2431,31,3.1,20,215893.9738445,215893.9821128,7.760100008454174,8.268300007330254,4.63890001992695,1.9577000057324767,0.0,True,ok,4407,4407
2432,32,3.2,20,215894.0068621,215894.0156751,8.357300015632063,8.812999993097037,5.292999994708225,1.8620000046212226,0.0,True,ok,4113,4113
2433,33,3.3000000000000003,20,215894.040284,215894.0488099,7.77700002072379,8.525900018867105,4.678400000557303,1.8993000267073512,0.0,True,ok,4211,4211
2434,34,3.4000000000000004,20,215894.0736777,215894.0827765,8.636699989438057,9.098799986531958,5.427500000223517,2.027399983489886,0.0,True,ok,4198,4198
2435,35,3.5,20,215894.1071969,215894.1168238,9.139000001596287,9.626899991417304,5.177599989110604,2.7778999938163906,0.0,True,ok,4125,4125
2436,36,3.6,20,215894.1403911,215894.1485267,7.783700013533235,8.13560001552105,4.659199999878183,1.9979000207968056,0.0,True,ok,4267,4267
2437,37,3.7,20,215894.1736262,215894.181805,7.724499999312684,8.178799995221198,4.692500020610169,1.870700012659654,0.0,True,ok,3805,3805
2438,38,3.8000000000000003,20,215894.2072383,215894.2166176,8.49989999551326,9.379299997817725,5.145999981323257,2.1895999961998314,0.0,True,ok,3921,3921
2439,39,3.9000000000000004,20,215894.2402301,215894.2490745,8.200799988117069,8.844399999361485,4.784799995832145,2.298600011272356,0.0,True,ok,3864,3864
2440,40,4.0,20,215894.2740627,215894.2841947,8.793900022283196,10.132000024896115,5.55449997773394,1.9880000036209822,0.0,True,ok,3828,3828
2441,41,4.1000000000000005,20,215894.30689,215894.3156087,8.119800011627376,8.718700002646074,4.929500020807609,2.085599990095943,0.0,True,ok,3659,3659
2442,42,4.2,20,215894.340754,215894.3502553,9.015399991767481,9.501299995463341,5.15160002396442,2.6963000127580017,0.0,True,ok,3989,3989
2443,43,4.3,20,215894.3736886,215894.3858449,11.186700023245066,12.156300013884902,7.8366000088863075,2.158499992219731,0.0,True,ok,4294,4294
2444,44,4.4,20,215894.4070067,215894.4155342,8.036399987759069,8.527500001946464,4.764499986777082,2.104599989252165,33.31810000236146,True,ok,4623,4623
2445,45,4.5,20,215894.4402855,215894.4509709,10.245800018310547,10.68540001870133,6.259399990085512,2.757999987807125,33.27879999415018,True,ok,4708,4708
2446,46,4.6000000000000005,20,215894.4739265,215894.4822854,7.911199994850904,8.358899998711422,4.7519000072497874,1.9683999998960644,0.0,True,ok,4834,4834
2447,47,4.7,20,215894.5068512,215894.5156364,8.255699998699129,8.785199985140935,4.890399985015392,2.1103000035509467,32.92470000451431,True,ok,4677,4677
2448,48,4.800000000000001,20,215894.5404353,215894.5492701,8.432399976300076,8.83479998447001,4.85820000176318,2.3327000089921057,0.0,True,ok,4591,4591
2449,49,4.9,20,215894.5734471,215894.583105,9.167599986540154,9.657899994635954,5.52189999143593,2.2001999896019697,0.0,True,ok,4442,4442
2450,50,5.0,20,215894.6070821,215894.616063,8.291799982544035,8.980899991001934,4.90860000718385,2.162699995096773,0.0,True,ok,4408,4408
2451,51,5.1000000000000005,20,215894.6406877,215894.6513256,9.791699994821101,10.63789997715503,6.0646999918390065,2.457700000377372,0.0,True,ok,4418,4418
2452,52,5.2,20,215894.6739802,215894.6844762,9.806099988054484,10.496000002603978,6.550999998580664,1.9777000125031918,0.0,True,ok,4600,4600
2453,53,5.300000000000001,20,215894.7072593,215894.71582,8.090200019069016,8.560700021917,4.902200016658753,1.9810999801848084,0.0,True,ok,4489,4489
2454,54,5.4,20,215894.7401634,215894.7487422,8.014199993340299,8.578799985116348,4.600099986419082,2.1875000093132257,0.0,True,ok,4625,4625
2455,55,5.5,20,215894.7738303,215894.7860305,11.081399978138506,12.200199998915195,5.864800012204796,3.0155999993439764,0.0,True,ok,4379,4379
2456,56,5.6000000000000005,20,215894.8068507,215894.81549,8.070700016105548,8.63930000923574,4.976999975042418,1.9385000050533563,0.0,True,ok,4212,4212
2457,57,5.7,20,215894.8406393,215894.850029,8.590099983848631,9.389699989696965,5.110199999762699,2.235899999504909,0.0,True,ok,4229,4229
2458,58,5.800000000000001,20,215894.8737504,215894.8846365,10.394000011729077,10.886100004427135,7.062499993480742,2.0769000111613423,0.0,True,ok,4294,4294
2459,59,5.9,20,215894.9068327,215894.9173559,9.810099989408627,10.523199976887554,6.356700003379956,2.1705999970436096,0.0,True,ok,4337,4337
2460,60,6.0,20,215894.9403254,215894.9517106,10.894800012465566,11.385199992218986,5.436200008261949,3.444600006332621,0.0,True,ok,4334,4334
2461,61,6.1000000000000005,20,215894.9735521,215894.9845349,10.425699991174042,10.982799984049052,6.687200017040595,2.312199998414144,0.0,True,ok,4169,4169
2462,62,6.2,20,215895.0069233,215895.0163739,8.975800010375679,9.450599987758324,5.148299998836592,2.2735999955330044,0.0,True,ok,4172,4172
2463,63,6.300000000000001,20,215895.0401409,215895.0493201,8.712499984540045,9.179199987556785,5.042799981310964,2.463500015437603,0.0,True,ok,4147,4147
2464,64,6.4,20,215895.0737177,215895.0823545,7.997199980309233,8.636799990199506,4.865800001425669,1.9260999979451299,0.0,True,ok,4178,4178
2465,65,6.5,20,215895.1070663,215895.1160944,8.526999998139217,9.028100001160055,5.311099987011403,1.9819999870378524,0.0,True,ok,4169,4169
2466,66,6.6000000000000005,20,215895.1403508,215895.1485542,7.82279999111779,8.203399978810921,4.771100007928908,1.8392999772913754,0.0,True,ok,4168,4168
2467,67,6.7,20,215895.1741049,215895.1850407,9.878799988655373,10.935799975413829,6.592900026589632,1.9870000251103193,0.0,True,ok,4086,4086
2468,68,6.800000000000001,20,215895.2068689,215895.2165689,8.657300000777468,9.70000002416782,4.850900004385039,2.1370000031311065,32.76399997412227,True,ok,4379,4379
2469,69,6.9,20,215895.2403583,215895.249146,8.135199983371422,8.787699975073338,4.841199988732114,1.9939999911002815,0.0,True,ok,4282,4282
2470,70,7.0,20,215895.2735778,215895.2830264,8.927699993364513,9.448600001633167,5.438399995910004,2.2028000093996525,0.0,True,ok,4247,4247
2471,71,7.1000000000000005,20,215895.30673,215895.3153828,8.220999996410683,8.652799995616078,5.078299989691004,1.8691000004764646,0.0,True,ok,4354,4354
2472,72,7.2,20,215895.3404155,215895.3493106,8.460699988063425,8.895100007066503,5.181700020330027,2.01650001690723,0.0,True,ok,4628,4628
2473,73,7.300000000000001,20,215895.3733875,215895.3844731,10.63210002030246,11.085600010119379,7.309199980227277,2.0339999755378813,0.0,True,ok,4287,4287
2474,74,7.4,20,215895.4071422,215895.4162429,8.643300010589883,9.100700000999495,4.977800010237843,2.335900004254654,0.0,True,ok,4455,4455
2475,75,7.5,20,215895.4403099,215895.4490967,8.303700014948845,8.786799997324124,4.943300009472296,2.0454000041354448,0.0,True,ok,4560,4560
2476,76,7.6000000000000005,20,215895.4740264,215895.484802,9.736499981954694,10.77559997793287,6.629200011957437,1.8327000143472105,0.0,True,ok,4662,4662
2477,77,7.7,20,215895.5070596,215895.5161546,8.591099991463125,9.094999986700714,5.250000016530976,2.061100007267669,0.0,True,ok,4381,4381
2478,78,7.800000000000001,20,215895.5406018,215895.5494152,8.325999981025234,8.813399996142834,5.052799999248236,1.9904999935533851,0.0,True,ok,4350,4350
2479,79,7.9,20,215895.5736128,215895.5833238,9.087500016903505,9.710999991511926,5.22560000536032,2.6015000184997916,0.0,True,ok,4058,4058
2480,80,8.0,20,215895.6072785,215895.61642,8.521600015228614,9.14149999152869,5.112900020321831,2.0139000262133777,0.0,True,ok,4074,4074
2481,81,8.1,20,215895.6402309,215895.6489697,8.330000011483207,8.738800010178238,4.988000000594184,1.9986999977845699,32.95239998260513,True,ok,4080,4080
2482,82,8.200000000000001,20,215895.6736054,215895.684496,10.48830000218004,10.890600009588525,7.278100005351007,1.9031999981962144,0.0,True,ok,4288,4288
2483,83,8.3,20,215895.7069644,215895.7172167,9.182699985103682,10.252300009597093,5.939099995885044,1.9921000057365745,0.0,True,ok,4269,4269
2484,84,8.4,20,215895.7407762,215895.7493866,8.133099996484816,8.610399992903695,4.820100002689287,2.0567000028677285,0.0,True,ok,3996,3996
2485,85,8.5,20,215895.7736857,215895.783166,8.783199999015778,9.480300010181963,4.807699995581061,2.6906999992206693,0.0,True,ok,4318,4318
2486,86,8.6,20,215895.8069848,215895.8175834,10.102800006279722,10.598599998047575,5.210200004512444,3.5379999899305403,0.0,True,ok,4410,4410
2487,87,8.700000000000001,20,215895.8403177,215895.8495248,8.284099982120097,9.207099996274337,5.011599976569414,1.9623999833129346,0.0,True,ok,4345,4345
2488,88,8.8,20,215895.8737108,215895.8829897,8.821099996566772,9.278900019126013,5.511299998033792,2.0446999988052994,0.0,True,ok,3995,3995
2489,89,8.9,20,215895.9071246,215895.9162667,8.483499987050891,9.142099996097386,5.12339998385869,2.0908000005874783,0.0,True,ok,4114,4114
2490,90,9.0,20,215895.9405491,215895.9491885,7.960999995702878,8.639400009997189,4.66109998524189,2.0422000088728964,0.0,True,ok,4407,4407
2491,91,9.1,20,215895.9737431,215895.9826613,8.398299978580326,8.918199979234487,4.870600008871406,2.2342999873217195,0.0,True,ok,4504,4504
2492,92,9.200000000000001,20,215896.0068788,215896.0161214,8.54300000355579,9.242600004654378,4.90699999500066,2.2669000027235597,0.0,True,ok,4602,4602
2493,93,9.3,20,215896.0404177,215896.0495502,8.568499993998557,9.132500010309741,4.9408999911975116,2.2624999983236194,0.0,True,ok,4719,4719
2494,94,9.4,20,215896.0737274,215896.0830402,8.845500007737428,9.312799986219034,5.24190001306124,2.282499975990504,0.0,True,ok,4623,4623
2495,95,9.5,20,215896.1070887,215896.1159643,8.419499994488433,8.875600004103035,4.913200013106689,2.187300007790327,0.0,True,ok,4555,4555
2496,96,9.600000000000001,20,215896.140251,215896.1493132,8.591199992224574,9.062199998879805,4.930900002364069,2.285099995788187,0.0,True,ok,4902,4902
2497,97,9.700000000000001,20,215896.1735148,215896.1840268,10.014400002546608,10.51200000802055,6.619399995543063,2.0078000088687986,0.0,True,ok,4793,4793
2498,98,9.8,20,215896.2067911,215896.2159144,8.61700001405552,9.123299998464063,5.183000001125038,2.0930000173393637,0.0,True,ok,4857,4857
2499,99,9.9,20,215896.2404884,215896.2490111,8.016600011615083,8.522699994500726,4.66549998964183,2.0262000034563243,33.69730000849813,True,ok,4985,4985
2500,100,10.0,20,215896.273727,215896.2826197,8.274100022390485,8.89270001789555,4.762500000651926,2.008299983572215,0.0,True,ok,4973,4973
2501,101,10.100000000000001,20,215896.3070585,215896.3163466,8.668100024806336,9.28810000186786,5.313999979989603,2.0191000076010823,0.0,True,ok,4507,4507
2502,102,10.200000000000001,20,215896.3403124,215896.3506759,9.426500007975847,10.363500012317672,5.99599999259226,2.0306999795138836,0.0,True,ok,4834,4834
2503,103,10.3,20,215896.3736885,215896.38306,8.929200004786253,9.371499996632338,5.452899989904836,2.116700023179874,0.0,True,ok,4943,4943
2504,104,10.4,20,215896.4067217,215896.4155675,8.372699987376109,8.845799980917946,5.0740999868139625,1.9286999886389822,0.0,True,ok,5082,5082
2505,105,10.5,20,215896.4402526,215896.4491228,8.1814999866765,8.870199992088601,4.91010001860559,1.9423000048846006,0.0,True,ok,4986,4986
2506,106,10.600000000000001,20,215896.4734669,215896.4846153,10.51200000802055,11.148399993544444,6.869999982882291,2.298799983691424,0.0,True,ok,5037,5037
2507,107,10.700000000000001,20,215896.506982,215896.5164976,8.861200010869652,9.515600017039105,5.0669999909587204,2.4569000233896077,0.0,True,ok,5162,5162
2508,108,10.8,20,215896.5401153,215896.5489912,8.143999992171302,8.875899977283552,4.762500000651926,2.030799980275333,0.0,True,ok,4884,4884
2509,109,10.9,20,215896.5737937,215896.5828651,8.601800014730543,9.071400010725483,5.186700000194833,2.0592999935615808,0.0,True,ok,4890,4890
2510,110,11.0,20,215896.6068142,215896.6173063,9.877600008621812,10.492100002011284,4.8559999850112945,3.6733000015374273,0.0,True,ok,4848,4848
2511,111,11.100000000000001,20,215896.6405973,215896.6494211,8.155999996233732,8.823800017125905,4.827199998544529,1.9807999779004604,0.0,True,ok,5030,5030
2512,112,11.200000000000001,20,215896.6738806,215896.682788,8.288900018669665,8.90740001341328,4.801699978997931,2.084399980958551,0.0,True,ok,5114,5114
2513,113,11.3,20,215896.7069265,215896.7162341,8.615099999587983,9.307600004831329,4.999400000087917,2.2265000152401626,0.0,True,ok,5293,5293
2514,114,11.4,20,215896.7402857,215896.7500221,8.998799981782213,9.736399981193244,5.195900012040511,2.367800014326349,0.0,True,ok,5423,5423
2515,115,11.5,20,215896.773859,215896.784329,9.984199976315722,10.469999979250133,6.31170000997372,2.2504999942611903,0.0,True,ok,5340,5340
2516,116,11.600000000000001,20,215896.8070564,215896.8162861,8.658599981572479,9.229699993738905,5.073400010587648,2.234399988083169,0.0,True,ok,5279,5279
2517,117,11.700000000000001,20,215896.8401043,215896.8498595,9.023500024341047,9.755200007930398,5.397100001573563,2.195500012021512,0.0,True,ok,5498,5498
2518,118,11.8,20,215896.873625,215896.884761,10.458799981279299,11.135999986436218,6.70859997626394,2.234999992651865,0.0,True,ok,5517,5517
2519,119,11.9,20,215896.9068113,215896.9159623,8.640000014565885,9.151000005658716,5.0094999896828085,2.208899997640401,0.0,True,ok,5266,5266
2520,0,0.0,21,215896.9441699,215896.9528478,8.199600008083507,8.67790001211688,4.678500001318753,2.1909000060986727,37.35860000597313,True,ok,4708,4708
2521,1,0.1,21,215896.9737508,215896.9843571,10.024400020483881,10.606299998471513,6.348099996102974,2.200599992647767,0.0,True,ok,4681,4681
2522,2,0.2,21,215897.007163,215897.0154952,7.8581999987363815,8.332199999131262,4.677200020523742,1.8481999868527055,0.0,True,ok,4360,4360
2523,3,0.30000000000000004,21,215897.0401907,215897.048936,8.07480001822114,8.745300001464784,4.706700012320653,2.047000016318634,0.0,True,ok,4532,4532
2524,4,0.4,21,215897.0735762,215897.0847337,10.68529998883605,11.157500004628673,6.92639997578226,2.1527000062633306,0.0,True,ok,4533,4533
2525,5,0.5,21,215897.1068406,215897.1160581,8.647799986647442,9.217499988153577,5.059499992057681,2.2302000143099576,0.0,True,ok,4334,4334
2526,6,0.6000000000000001,21,215897.1401391,215897.1485695,7.993799983523786,8.43039999017492,4.744700010633096,1.8989999953191727,0.0,True,ok,4462,4462
2527,7,0.7000000000000001,21,215897.1737353,215897.1843468,9.877000004053116,10.611500008963048,6.405599997378886,2.1222000068519264,0.0,True,ok,4479,4479
2528,8,0.8,21,215897.2071388,215897.2182311,9.896700008539483,11.092300002928823,5.334800021955743,2.0795000018551946,0.0,True,ok,4534,4534
2529,9,0.9,21,215897.2405606,215897.2498893,8.54300000355579,9.328699990874156,5.079499998828396,2.096800017170608,0.0,True,ok,4491,4491
2530,10,1.0,21,215897.2737062,215897.282877,8.472299989080057,9.170799981802702,4.864300019107759,2.207900019129738,0.0,True,ok,4600,4600
2531,11,1.1,21,215897.3069967,215897.3156994,8.305099996505305,8.702699997229502,5.086499993922189,1.880600000731647,0.0,True,ok,4781,4781
2532,12,1.2000000000000002,21,215897.3401916,215897.3490001,8.333499979926273,8.808499987935647,4.896200000075623,2.035300014540553,33.19489999557845,True,ok,5044,5044
2533,13,1.3,21,215897.3735549,215897.3845938,10.496000002603978,11.038900003768504,6.972800008952618,2.208299993071705,0.0,True,ok,4620,4620
2534,14,1.4000000000000001,21,215897.407242,215897.4164171,8.672199997818097,9.175100014545023,4.873900004895404,2.245100011350587,0.0,True,ok,4785,4785
2535,15,1.5,21,215897.4403164,215897.4497343,8.944000001065433,9.417900000698864,5.323000019416213,2.17349999002181,0.0,True,ok,5045,5045
2536,16,1.6,21,215897.4734233,215897.4830673,9.226800000760704,9.644000005209818,5.314799986081198,2.2434999991673976,0.0,True,ok,5382,5382
2537,17,1.7000000000000002,21,215897.5068861,215897.5192227,11.802299995906651,12.336600018898025,5.1367999985814095,4.3889000080525875,0.0,True,ok,5312,5312
2538,18,1.8,21,215897.5405438,215897.5498265,8.095199998933822,9.282700018957257,4.683700011810288,1.9176999921910465,0.0,True,ok,5363,5363
2539,19,1.9000000000000001,21,215897.5735495,215897.5831031,9.103600023081526,9.553600015351549,5.424999981187284,2.1994000126142055,33.00570001010783,True,ok,5455,5455
2540,20,2.0,21,215897.6073136,215897.6172877,8.636900020064786,9.97410001582466,4.974200011929497,2.200899994932115,0.0,True,ok,5508,5508
2541,21,2.1,21,215897.6404064,215897.6500254,9.244500019121915,9.619000018574297,4.970999987563118,2.6046000130008906,0.0,True,ok,5300,5300
2542,22,2.2,21,215897.6737318,215897.6841364,9.9251999927219,10.404600005131215,6.299100001342595,2.146699989680201,0.0,True,ok,5384,5384
2543,23,2.3000000000000003,21,215897.7069407,215897.7160723,8.541100018192083,9.131600003456697,4.9156000022776425,2.174399996874854,0.0,True,ok,5355,5355
2544,24,2.4000000000000004,21,215897.7405929,215897.7500845,9.044500009622425,9.491600008914247,5.015400005504489,2.581400010967627,0.0,True,ok,5072,5072
2545,25,2.5,21,215897.7738018,215897.7831963,8.917500003008172,9.394499997142702,5.432899983134121,2.1022000000812113,0.0,True,ok,4851,4851
2546,26,2.6,21,215897.8071423,215897.8159011,8.249200007412583,8.758799987845123,4.866399976890534,1.9811000092886388,0.0,True,ok,4933,4933
2547,27,2.7,21,215897.8402881,215897.8492954,8.536299981642514,9.007299988297746,5.1386000122874975,2.017100021475926,0.0,True,ok,4889,4889
2548,28,2.8000000000000003,21,215897.8735003,215897.8848091,10.829500010004267,11.308800021652132,7.272399991052225,2.15129999560304,0.0,True,ok,4508,4508
2549,29,2.9000000000000004,21,215897.9069788,215897.9165687,8.40059999609366,9.589900000719354,4.864699993049726,1.9898000173270702,0.0,True,ok,4516,4516
2550,30,3.0,21,215897.9404003,215897.9489527,8.051700016949326,8.552400016924366,4.769399994984269,1.927000004798174,0.0,True,ok,4326,4326
2551,31,3.1,21,215897.9738017,215897.9840772,9.872399998130277,10.275500011630356,6.5138999780174345,1.866400009021163,0.0,True,ok,4407,4407
2552,32,3.2,21,215898.0067652,215898.0152982,8.033100020838901,8.533000014722347,4.811300022993237,1.8999999738298357,0.0,True,ok,4113,4113
2553,33,3.3000000000000003,21,215898.0405592,215898.0492184,8.151199988787994,8.659200015245005,4.8294000152964145,2.008699986618012,0.0,True,ok,4211,4211
2554,34,3.4000000000000004,21,215898.0736385,215898.0825239,8.410399983404204,8.885399991413578,5.141500005265698,1.9720000273082405,0.0,True,ok,4198,4198
2555,35,3.5,21,215898.1070019,215898.1155817,7.89400000940077,8.579799992730841,4.593200021190569,2.016800019191578,0.0,True,ok,4125,4125
2556,36,3.6,21,215898.1403032,215898.1490841,8.417800010647625,8.780900010606274,5.191899981582537,2.0117000094614923,33.301299990853295,True,ok,4267,4267
2557,37,3.7,21,215898.1736921,215898.1824056,8.289299992611632,8.713499992154539,4.894299985608086,2.0583999867085367,0.0,True,ok,3805,3805
2558,38,3.8000000000000003,21,215898.2071369,215898.2159725,8.392799994908273,8.835600019665435,4.904400004306808,2.1972000249661505,0.0,True,ok,3921,3921
2559,39,3.9000000000000004,21,215898.2402779,215898.2501354,8.651700016343966,9.857500001089647,4.897799983154982,2.458099974319339,0.0,True,ok,3864,3864
2560,40,4.0,21,215898.273554,215898.2826374,8.262099989224225,9.083399985684082,4.969400004483759,2.0090000180061907,0.0,True,ok,3828,3828
2561,41,4.1000000000000005,21,215898.3072003,215898.3167075,8.533799991710111,9.507199982181191,5.226300010690466,2.0871000015176833,0.0,True,ok,3659,3659
2562,42,4.2,21,215898.3405363,215898.3497849,8.13999999081716,9.248599992133677,4.804600001079962,2.0659000147134066,0.0,True,ok,3989,3989
2563,43,4.3,21,215898.3741642,215898.3845115,9.300799982156605,10.347299976274371,5.843999999342486,1.9548000127542764,0.0,True,ok,4294,4294
2564,44,4.4,21,215898.4069486,215898.4173156,9.88659998984076,10.367000009864569,6.173199974000454,2.1960999874863774,0.0,True,ok,4623,4623
2565,45,4.5,21,215898.440498,215898.45002,8.898999978555366,9.521999978460371,4.774300003191456,2.7387999871280044,0.0,True,ok,4708,4708
2566,46,4.6000000000000005,21,215898.473629,215898.4822723,8.058699982939288,8.643300010589883,4.73079999210313,1.8275000038556755,0.0,True,ok,4834,4834
2567,47,4.7,21,215898.5071409,215898.5165787,8.321499975863844,9.4377999776043,4.935800010571256,2.067699999315664,0.0,True,ok,4677,4677
2568,48,4.800000000000001,21,215898.540539,215898.5494611,7.890799985034391,8.92209997982718,4.615499987266958,2.007300005061552,33.39810000034049,True,ok,4591,4591
2569,49,4.9,21,215898.5735592,215898.582827,8.637299994006753,9.267799992812797,5.218499980401248,2.1277999912854284,0.0,True,ok,4442,4442
2570,50,5.0,21,215898.6068949,215898.6158174,8.258999994723126,8.922499982872978,4.907399998046458,2.058799989754334,0.0,True,ok,4408,4408
2571,51,5.1000000000000005,21,215898.6403549,215898.6496018,8.725799998501316,9.246899979189038,4.963300016243011,2.1744999976363033,0.0,True,ok,4418,4418
2572,52,5.2,21,215898.6735528,215898.6824049,8.148599998094141,8.852099999785423,4.8328000120818615,1.996500010136515,0.0,True,ok,4600,4600
2573,53,5.300000000000001,21,215898.7070275,215898.716275,8.648900024127215,9.247500012861565,5.0484000239521265,2.318999991985038,0.0,True,ok,4489,4489
2574,54,5.4,21,215898.7404157,215898.7488975,7.951299980049953,8.481799974106252,4.554699989967048,2.1009999909438193,0.0,True,ok,4625,4625
2575,55,5.5,21,215898.7736939,215898.7828731,8.188499981770292,9.179199987556785,4.692499991506338,2.1961999882478267,33.27819998958148,True,ok,4379,4379
2576,56,5.6000000000000005,21,215898.8070089,215898.8167561,9.295099996961653,9.747199976118281,6.220600014785305,1.8294999899808317,0.0,True,ok,4212,4212
2577,57,5.7,21,215898.8406896,215898.8502835,9.023799997521564,9.593900002073497,5.0749999936670065,2.5138000200968236,0.0,True,ok,4229,4229
2578,58,5.800000000000001,21,215898.8737256,215898.883156,8.760299999266863,9.43040000856854,5.07750001270324,2.316899975994602,0.0,True,ok,4294,4294
2579,59,5.9,21,215898.9071972,215898.9160962,8.217800001148134,8.899000007659197,4.5492000062949955,2.2718999825883657,0.0,True,ok,4337,4337
2580,60,6.0,21,215898.9402006,215898.9490959,8.224199991673231,8.895300008589402,4.750499996589497,2.2333000088110566,0.0,True,ok,4334,4334
2581,61,6.1000000000000005,21,215898.9737116,215898.9842735,9.73119999980554,10.561900009633973,6.322700006421655,2.1357999939937145,0.0,True,ok,4169,4169
2582,62,6.2,21,215899.0071879,215899.0162737,8.51779998629354,9.085800003958866,4.828000004636124,2.1238999906927347,0.0,True,ok,4172,4172
2583,63,6.300000000000001,21,215899.0404902,215899.0495149,8.314199978485703,9.024700004374608,4.855500010307878,2.202900010161102,0.0,True,ok,4147,4147
2584,64,6.4,21,215899.0738731,215899.082828,8.479600015562028,8.95490002585575,5.211000010604039,2.0146000024396926,0.0,True,ok,4178,4178
2585,65,6.5,21,215899.1068282,215899.1161626,8.268500008853152,9.334400005172938,4.823600000236183,1.9761000003200024,0.0,True,ok,4169,4169
2586,66,6.6000000000000005,21,215899.140422,215899.1487775,7.971599989105016,8.355500001925975,4.883100016741082,1.8508000066503882,0.0,True,ok,4168,4168
2587,67,6.7,21,215899.1733074,215899.1844599,10.455199982970953,11.152499995660037,7.225099980132654,1.9379000004846603,0.0,True,ok,4086,4086
2588,68,6.800000000000001,21,215899.2069814,215899.2173967,9.924599988153204,10.415299999294803,6.4252000011038035,2.172899985453114,0.0,True,ok,4379,4379
2589,69,6.9,21,215899.2401013,215899.2503645,9.597500000381842,10.26320000528358,4.99739998485893,3.2841000065673143,0.0,True,ok,4282,4282
2590,70,7.0,21,215899.2735907,215899.2824766,8.376699988730252,8.885899995220825,4.9112999986391515,2.183300006436184,0.0,True,ok,4247,4247
2591,71,7.1000000000000005,21,215899.3071802,215899.3162444,8.625199989182875,9.064199985004961,5.408800003351644,1.9764000026043504,0.0,True,ok,4354,4354
2592,72,7.2,21,215899.3405156,215899.3491494,8.16219998523593,8.633799996459857,4.864199989242479,2.0299000025261194,0.0,True,ok,4628,4628
2593,73,7.300000000000001,21,215899.373573,215899.3854349,11.352200002875179,11.861900013172999,7.297699979972094,2.1698000200558454,0.0,True,ok,4287,4287
2594,74,7.4,21,215899.4071289,215899.4161341,8.304799994220957,9.00520000141114,4.988300002878532,2.0281000179238617,0.0,True,ok,4455,4455
2595,75,7.5,21,215899.440171,215899.4495266,8.741799974814057,9.355599991977215,5.100100010167807,2.311599993845448,0.0,True,ok,4560,4560
2596,76,7.6000000000000005,21,215899.4734874,215899.4841054,10.219300020253286,10.618000000249594,6.991200003540143,1.9403000187594444,0.0,True,ok,4662,4662
2597,77,7.7,21,215899.5068002,215899.5160249,8.747499989112839,9.224699984770268,5.45820000115782,2.0511999900918454,0.0,True,ok,4381,4381
2598,78,7.800000000000001,21,215899.5404549,215899.5494465,8.503099990775809,8.991599985165522,5.117199994856492,2.0969999895896763,0.0,True,ok,4350,4350
2599,79,7.9,21,215899.573879,215899.5837626,9.20959998620674,9.883599996101111,5.9594000049401075,2.000899985432625,0.0,True,ok,4058,4058
2600,80,8.0,21,215899.6072421,215899.6161986,8.276700013084337,8.956500008935109,5.007400002796203,2.0098999957554042,0.0,True,ok,4074,4074
2601,81,8.1,21,215899.6403228,215899.6493871,8.675300021423027,9.064300014870241,5.0131999887526035,1.8955999985337257,0.0,True,ok,4080,4080
2602,82,8.200000000000001,21,215899.673654,215899.6844245,10.277699999278411,10.770499997306615,6.896999984746799,1.9317999831400812,0.0,True,ok,4288,4288
2603,83,8.3,21,215899.7068741,215899.7165352,8.897599996998906,9.661099989898503,4.790200007846579,2.7797000075224787,0.0,True,ok,4269,4269
2604,84,8.4,21,215899.740372,215899.7492447,8.138800010783598,8.872700011124834,4.75289998576045,2.137700008461252,0.0,True,ok,3996,3996
2605,85,8.5,21,215899.7733941,215899.7822954,8.42739999643527,8.901299996068701,4.990400018868968,2.160500007448718,0.0,True,ok,4318,4318
2606,86,8.6,21,215899.8069556,215899.8155807,8.161000005202368,8.625099988421425,4.8544000019319355,2.0351000130176544,0.0,True,ok,4410,4410
2607,87,8.700000000000001,21,215899.840691,215899.8497113,8.530199993401766,9.020299999974668,5.25379998725839,2.0263000042177737,0.0,True,ok,4345,4345
2608,88,8.8,21,215899.8737794,215899.8826523,8.360900013940409,8.872900012647733,5.031799984863028,2.1035000099800527,0.0,True,ok,3995,3995
2609,89,8.9,21,215899.9068873,215899.9180587,10.47339997603558,11.17139999405481,5.065399978775531,4.14839998120442,0.0,True,ok,4114,4114
2610,90,9.0,21,215899.9401542,215899.9492779,8.536200009984896,9.12370000150986,4.820100002689287,2.3354000004474074,0.0,True,ok,4407,4407
2611,91,9.1,21,215899.9738743,215899.9840286,9.593199996743351,10.154300020076334,6.079600017983466,2.2173000033944845,0.0,True,ok,4504,4504
2612,92,9.200000000000001,21,215900.0068448,215900.0161153,8.77260000561364,9.27050001337193,5.269499990390614,2.2173000033944845,0.0,True,ok,4602,4602
2613,93,9.3,21,215900.0405965,215900.0496222,8.33250000141561,9.025699982885271,4.818599991267547,2.1788000012747943,0.0,True,ok,4719,4719
2614,94,9.4,21,215900.0737629,215900.0831083,8.846999990055338,9.345400001620874,5.284000013489276,2.277499996125698,0.0,True,ok,4623,4623
2615,95,9.5,21,215900.1069211,215900.1160686,8.62440001219511,9.14750000811182,5.067300022346899,2.297500002896413,0.0,True,ok,4555,4555
2616,96,9.600000000000001,21,215900.1401799,215900.150017,9.053300018422306,9.837100020376965,5.394200008595362,2.3176000104285777,0.0,True,ok,4902,4902
2617,97,9.700000000000001,21,215900.1739811,215900.1835354,9.03919999836944,9.554299991577864,5.712199985282496,1.9916000019293278,0.0,True,ok,4793,4793
2618,98,9.8,21,215900.2068882,215900.2159451,8.368900016648695,9.056900016730651,4.9156000022776425,2.1360999962780625,0.0,True,ok,4857,4857
2619,99,9.9,21,215900.2405776,215900.2493401,8.258000016212463,8.762500016018748,5.054899986134842,1.9647000008262694,0.0,True,ok,4985,4985
2620,100,10.0,21,215900.2735241,215900.2838542,9.68090002425015,10.330100019928068,5.541999998968095,2.8460000175982714,0.0,True,ok,4973,4973
2621,101,10.100000000000001,21,215900.3069044,215900.3159774,8.491799992043525,9.072999993804842,5.128699995111674,2.1043000160716474,0.0,True,ok,4507,4507
2622,102,10.200000000000001,21,215900.3404452,215900.3519095,10.968999995384365,11.464299983344972,7.178100000601262,2.3987999884411693,0.0,True,ok,4834,4834
2623,103,10.3,21,215900.3735038,215900.3836068,8.830000006128103,10.10300000780262,5.535100004635751,2.047500020125881,0.0,True,ok,4943,4943
2624,104,10.4,21,215900.4070778,215900.4156574,8.063200017204508,8.579600020311773,4.835800005821511,1.9882999768014997,33.574000000953674,True,ok,5082,5082
2625,105,10.5,21,215900.4403534,215900.449065,8.2465999876149,8.711600006790832,4.99889999628067,2.0490000024437904,0.0,True,ok,4986,4986
2626,106,10.600000000000001,21,215900.4734994,215900.4821363,8.074300014413893,8.636900020064786,4.791300016222522,2.0545000152196735,0.0,True,ok,5037,5037
2627,107,10.700000000000001,21,215900.5070718,215900.5164783,8.59040001523681,9.406500001205131,5.100500013213605,2.2615000198129565,0.0,True,ok,5162,5162
2628,108,10.8,21,215900.5401275,215900.5495893,8.757500007050112,9.461800014832988,5.088100006105378,2.4378999951295555,0.0,True,ok,4884,4884
2629,109,10.9,21,215900.5738648,215900.5829582,8.637599996291101,9.093399974517524,5.404600000474602,2.0374000014271587,0.0,True,ok,4890,4890
2630,110,11.0,21,215900.6070741,215900.6163313,8.577300002798438,9.257199999410659,5.103900009999052,2.16609999188222,0.0,True,ok,4848,4848
2631,111,11.100000000000001,21,215900.6405364,215900.6520795,10.141300008399412,11.54310000129044,6.6784999798983335,2.2160999942570925,0.0,True,ok,5030,5030
2632,112,11.200000000000001,21,215900.6737878,215900.6834164,8.878099994035438,9.628599975258112,5.773599987151101,1.9146999984513968,0.0,True,ok,5114,5114
2633,113,11.3,21,215900.7069776,215900.7161469,8.657800004584715,9.169299999484792,5.155799997737631,2.2330999781843275,0.0,True,ok,5293,5293
2634,114,11.4,21,215900.7400798,215900.7491251,8.579200017265975,9.04530001571402,4.973200004315004,2.283500012708828,0.0,True,ok,5423,5423
2635,115,11.5,21,215900.7737838,215900.783613,9.370100015075877,9.829200018430129,6.057300022803247,2.0290999964345247,0.0,True,ok,5340,5340
2636,116,11.600000000000001,21,215900.8067726,215900.8157158,8.253800013335422,8.943200024077669,4.871399985859171,2.119800017680973,0.0,True,ok,5279,5279
2637,117,11.700000000000001,21,215900.8402646,215900.8492679,8.372199983568862,9.003299986943603,4.872400022577494,2.250999998068437,0.0,True,ok,5498,5498
2638,118,11.8,21,215900.8734108,215900.8854546,11.289600020973012,12.043800001265481,6.752700021024793,3.252700000302866,0.0,True,ok,5517,5517
2639,119,11.9,21,215900.907138,215900.9158121,8.191500004613772,8.674099983181804,4.763700009789318,2.185100020142272,33.72720000334084,True,ok,5266,5266
2640,0,0.0,22,215900.9422696,215900.9510493,8.21689999429509,8.779700001468882,4.850500001339242,2.116899995598942,0.0,True,ok,4708,4708
2641,1,0.1,22,215900.9737459,215900.9821418,7.878699980210513,8.395899989409372,4.745899990666658,1.9349999784026295,0.0,True,ok,4681,4681
2642,2,0.2,22,215901.0073268,215901.0159789,8.188499981770292,8.652099990285933,4.937699995934963,2.049500006251037,0.0,True,ok,4360,4360
2643,3,0.30000000000000004,22,215901.0406304,215901.0495477,8.235899993451312,8.917300001485273,4.664800013415515,2.1757000067736953,0.0,True,ok,4532,4532
2644,4,0.4,22,215901.0738116,215901.0825546,8.257999987108633,8.74299998395145,5.146300012711436,1.8845000013243407,0.0,True,ok,4533,4533
2645,5,0.5,22,215901.1071256,215901.1167933,8.295799983898178,9.667699981946498,4.862999980105087,2.2348000202327967,0.0,True,ok,4334,4334
2646,6,0.6000000000000001,22,215901.14052,215901.1489719,7.896099996287376,8.451900008367375,4.689399997005239,1.9802000024355948,0.0,True,ok,4462,4462
2647,7,0.7000000000000001,22,215901.1736016,215901.1839713,9.743400005390868,10.36970000131987,6.484799989266321,2.049700007773936,0.0,True,ok,4479,4479
2648,8,0.8,22,215901.2070973,215901.2165763,8.045299997320399,9.479000000283122,4.8362000088673085,1.9938999903388321,0.0,True,ok,4534,4534
2649,9,0.9,22,215901.240539,215901.2487675,7.777999999234453,8.228499995311722,4.546200012555346,2.0283999911043793,33.44169998308644,True,ok,4491,4491
2650,10,1.0,22,215901.2738182,215901.2834259,9.13849999778904,9.607700019842014,5.605900019872934,2.162699995096773,0.0,True,ok,4600,4600
2651,11,1.1,22,215901.3071291,215901.315805,8.15609999699518,8.675899996887892,4.896900005405769,2.0627000194508582,0.0,True,ok,4781,4781
2652,12,1.2000000000000002,22,215901.3406562,215901.3493942,8.165799983544275,8.738000004086643,4.795399989234284,2.108599990606308,0.0,True,ok,5044,5044
2653,13,1.3,22,215901.3739431,215901.3867426,12.321500020334497,12.79949999297969,6.593500002054498,4.506700002821162,0.0,True,ok,4620,4620
2654,14,1.4000000000000001,22,215901.4070185,215901.4155619,8.08800000231713,8.543400006601587,4.767500009620562,2.080899983411655,0.0,True,ok,4785,4785
2655,15,1.5,22,215901.4402367,215901.4488055,8.033799997065216,8.568799996282905,4.684600018663332,2.1130999957676977,0.0,True,ok,5045,5045
2656,16,1.6,22,215901.4738683,215901.4823695,8.104100008495152,8.501200005412102,4.699100012658164,2.175699977669865,0.0,True,ok,5382,5382
2657,17,1.7000000000000002,22,215901.5071976,215901.5162297,8.567800017772242,9.032100002514198,5.1371000008657575,2.137200004654005,0.0,True,ok,5312,5312
2658,18,1.8,22,215901.5404575,215901.5491603,8.20519999251701,8.702799997990951,4.809500009287149,2.0751999982167035,0.0,True,ok,5363,5363
2659,19,1.9000000000000001,22,215901.5736848,215901.5827992,8.565800002543256,9.114399988902733,4.886399983661249,2.3302999907173216,0.0,True,ok,5455,5455
2660,20,2.0,22,215901.6068717,215901.6159497,8.587899996200576,9.078000002773479,5.029899999499321,2.303699991898611,0.0,True,ok,5508,5508
2661,21,2.1,22,215901.6405156,215901.6498564,8.97260001511313,9.340799995698035,4.633199976524338,2.901400002883747,0.0,True,ok,5300,5300
2662,22,2.2,22,215901.6734872,215901.6823858,8.408699999563396,8.8986000046134,4.888600000413135,2.2433999984059483,0.0,True,ok,5384,5384
2663,23,2.3000000000000003,22,215901.706901,215901.7170768,9.54460000502877,10.17580000916496,5.870000022696331,2.3871000157669187,0.0,True,ok,5355,5355
2664,24,2.4000000000000004,22,215901.740573,215901.7491486,8.082500018645078,8.57560001895763,4.713300004368648,2.1778000227641314,0.0,True,ok,5072,5072
2665,25,2.5,22,215901.7738718,215901.7825115,8.186799997929484,8.639700012281537,4.728300002170727,2.223399991635233,0.0,True,ok,4851,4851
2666,26,2.6,22,215901.8072525,215901.8157908,8.023900008993223,8.538299996871501,4.828299977816641,1.9976999901700765,0.0,True,ok,4933,4933
2667,27,2.7,22,215901.8403349,215901.8488246,8.007199998246506,8.48970000515692,4.823099996428937,1.9907999958377331,0.0,True,ok,4889,4889
2668,28,2.8000000000000003,22,215901.873865,215901.8844697,9.7947999893222,10.604699986288324,6.468600011430681,2.140600001439452,0.0,True,ok,4508,4508
2669,29,2.9000000000000004,22,215901.9071583,215901.9162519,8.243099990068004,9.093600005144253,4.986500018276274,2.0773000142071396,0.0,True,ok,4516,4516
2670,30,3.0,22,215901.9401824,215901.9485607,7.821999985026196,8.378300000913441,4.7867999819573015,1.879099989309907,0.0,True,ok,4326,4326
2671,31,3.1,22,215901.9736053,215901.9831811,9.057899995241314,9.575799980666488,5.716799991205335,2.181400021072477,0.0,True,ok,4407,4407
2672,32,3.2,22,215902.007166,215902.0160195,8.370199997443706,8.853500010445714,5.235500022536144,1.968900003703311,0.0,True,ok,4113,4113
2673,33,3.3000000000000003,22,215902.0401975,215902.0498776,9.069399995496497,9.680099989054725,5.994800012558699,1.9239999819546938,0.0,True,ok,4211,4211
2674,34,3.4000000000000004,22,215902.0735727,215902.0834653,9.290300018619746,9.89260000642389,4.865800001425669,3.184199973475188,0.0,True,ok,4198,4198
2675,35,3.5,22,215902.1073831,215902.1162277,8.113999996567145,8.844600000884384,4.749200015794486,2.250099991215393,33.81039999658242,True,ok,4125,4125
2676,36,3.6,22,215902.1403823,215902.1488846,8.123400009935722,8.502300013788044,4.9211999867111444,2.111999987391755,32.999199989717454,True,ok,4267,4267
2677,37,3.7,22,215902.1737029,215902.1824996,8.120899990899488,8.796699985396117,4.768699989654124,1.9152000022586435,0.0,True,ok,3805,3805
2678,38,3.8000000000000003,22,215902.2072002,215902.2175396,9.262800012947991,10.339400003431365,5.331299995305017,2.6387000107206404,0.0,True,ok,3921,3921
2679,39,3.9000000000000004,22,215902.2404324,215902.2503242,8.658599981572479,9.891800000332296,5.0712999945972115,2.491899998858571,0.0,True,ok,3864,3864
2680,40,4.0,22,215902.2739262,215902.2831587,8.527199999662116,9.232500015059486,5.230599985225126,2.025800000410527,0.0,True,ok,3828,3828
2681,41,4.1000000000000005,22,215902.3069416,215902.3159123,8.585100003983825,8.970700000645593,5.232700001215562,2.0289000240154564,0.0,True,ok,3659,3659
2682,42,4.2,22,215902.3403975,215902.3517619,10.524800018174574,11.364400008460507,5.183200002647936,4.075299977557734,0.0,True,ok,3989,3989
2683,43,4.3,22,215902.3736465,215902.3841378,10.028799995779991,10.49129999591969,6.964800006244332,1.8869999912567437,0.0,True,ok,4294,4294
2684,44,4.4,22,215902.4073082,215902.4166242,8.187800005543977,9.316000010585412,4.863400012254715,2.149100007954985,0.0,True,ok,4623,4623
2685,45,4.5,22,215902.4400012,215902.4493738,8.046999981161207,9.37259997590445,4.60479999310337,2.2727999894414097,0.0,True,ok,4708,4708
2686,46,4.6000000000000005,22,215902.4738387,215902.4821885,7.763900008285418,8.349799987627193,4.52190000214614,1.9192000036127865,0.0,True,ok,4834,4834
2687,47,4.7,22,215902.5073035,215902.5169061,8.393099997192621,9.602600010111928,4.973000002792105,2.2324000019580126,0.0,True,ok,4677,4677
2688,48,4.800000000000001,22,215902.5402791,215902.5494646,8.100999984890223,9.185499977320433,4.927700007101521,2.0539000106509775,0.0,True,ok,4591,4591
2689,49,4.9,22,215902.5736706,215902.5830648,8.678700018208474,9.394200023962185,5.125999974552542,2.137800009222701,0.0,True,ok,4442,4442
2690,50,5.0,22,215902.6071761,215902.6160911,8.25990000157617,8.915000013075769,4.908000002615154,2.1752000029664487,0.0,True,ok,4408,4408
2691,51,5.1000000000000005,22,215902.6402828,215902.6489919,8.189599990146235,8.709099987754598,4.883699992205948,2.135699993232265,0.0,True,ok,4418,4418
2692,52,5.2,22,215902.6739682,215902.6828348,7.93410002370365,8.866600022884086,4.72490000538528,2.0136000239290297,0.0,True,ok,4600,4600
2693,53,5.300000000000001,22,215902.7073331,215902.7174659,9.647300001233816,10.13280000188388,5.661599978338927,2.808499993989244,0.0,True,ok,4489,4489
2694,54,5.4,22,215902.7401344,215902.7485717,7.903799996711314,8.437300013611093,4.519500012975186,2.16760000330396,32.8012999962084,True,ok,4625,4625
2695,55,5.5,22,215902.7738614,215902.7831457,8.060499996645376,9.284300002036616,4.629300005035475,2.2560000070370734,0.0,True,ok,4379,4379
2696,56,5.6000000000000005,22,215902.8070786,215902.8163094,8.647199982078746,9.230800002114847,4.868399992119521,2.589199983049184,0.0,True,ok,4212,4212
2697,57,5.7,22,215902.8402596,215902.8492736,8.129699999699369,9.01400001021102,4.888700001174584,2.082000020891428,0.0,True,ok,4229,4229
2698,58,5.800000000000001,22,215902.8738865,215902.884497,9.976100001949817,10.610500001348555,6.736500014085323,2.036599995335564,0.0,True,ok,4294,4294
2699,59,5.9,22,215902.9070981,215902.9162329,8.631600008811802,9.134799998719245,5.313500005286187,2.088200009893626,0.0,True,ok,4337,4337
2700,60,6.0,22,215902.9402045,215902.9496712,8.446300023933873,9.466700023040175,4.774799977894872,2.5164999824482948,33.10639999108389,True,ok,4334,4334
2701,61,6.1000000000000005,22,215902.9736434,215902.9840685,9.877999982563779,10.425099986605346,6.6630999790504575,2.0459000079426914,0.0,True,ok,4169,4169
2702,62,6.2,22,215903.0066635,215903.0152393,7.959500013384968,8.575799991376698,4.807899997103959,1.9698000105563551,0.0,True,ok,4172,4172
2703,63,6.300000000000001,22,215903.0402822,215903.0488864,8.041399996727705,8.604200003901497,4.444699996383861,2.4611999979242682,0.0,True,ok,4147,4147
2704,64,6.4,22,215903.073798,215903.0829438,8.674999990034848,9.145799995167181,5.3134999761823565,2.0549999899230897,0.0,True,ok,4178,4178
2705,65,6.5,22,215903.1068793,215903.1153258,7.921399985207245,8.44649999635294,4.833199986023828,1.863300014520064,0.0,True,ok,4169,4169
2706,66,6.6000000000000005,22,215903.1404183,215903.148664,7.783000008203089,8.245700009865686,4.691100009949878,1.9317000114824623,0.0,True,ok,4168,4168
2707,67,6.7,22,215903.1736542,215903.1827419,8.254599990323186,9.087699989322573,4.654799995478243,2.4047000042628497,0.0,True,ok,4086,4086
2708,68,6.800000000000001,22,215903.2072381,215903.2161733,8.360999985598028,8.935199992265552,4.972900002030656,2.1603000059258193,0.0,True,ok,4379,4379
2709,69,6.9,22,215903.240259,215903.2490448,8.12810001662001,8.78579998970963,4.8504000005777925,2.065500011667609,0.0,True,ok,4282,4282
2710,70,7.0,22,215903.2735892,215903.283056,8.755299990298226,9.466799994697794,5.270299996482208,2.2446000075433403,0.0,True,ok,4247,4247
2711,71,7.1000000000000005,22,215903.3068994,215903.3155528,8.14279998303391,8.653400000184774,4.919200000585988,2.00159999076277,0.0,True,ok,4354,4354
2712,72,7.2,22,215903.3403344,215903.3487358,7.941000018035993,8.401400002185255,4.751700005726889,2.006199996685609,0.0,True,ok,4628,4628
2713,73,7.300000000000001,22,215903.3734524,215903.3825009,8.374900004127994,9.048500010976568,5.1614999829325825,2.0361999922897667,0.0,True,ok,4287,4287
2714,74,7.4,22,215903.4068369,215903.415917,8.375100005650893,9.080100018763915,4.949799971655011,2.2043999924790114,0.0,True,ok,4455,4455
2715,75,7.5,22,215903.4403734,215903.4491733,8.19329998921603,8.799900009762496,4.869600001256913,2.0619999850168824,0.0,True,ok,4560,4560
2716,76,7.6000000000000005,22,215903.4734574,215903.4841189,10.139199992408976,10.661500011337921,6.884100002935156,2.0118000102229416,0.0,True,ok,4662,4662
2717,77,7.7,22,215903.5073119,215903.5159725,8.201899996493012,8.660599996801466,4.961800004821271,2.030400006333366,0.0,True,ok,4381,4381
2718,78,7.800000000000001,22,215903.5403789,215903.5497883,8.980999991763383,9.409399994183332,5.030500004068017,2.667900000233203,0.0,True,ok,4350,4350
2719,79,7.9,22,215903.5735896,215903.582754,8.70589999249205,9.164399991277605,5.417500011390075,2.0912000036332756,0.0,True,ok,4058,4058
2720,80,8.0,22,215903.6067897,215903.6171807,9.686000004876405,10.391000017989427,4.820300004212186,3.6232999991625547,0.0,True,ok,4074,4074
2721,81,8.1,22,215903.6403005,215903.6485399,7.815899996785447,8.239399990998209,4.69820000580512,1.9698000105563551,0.0,True,ok,4080,4080
2722,82,8.200000000000001,22,215903.6734908,215903.6818924,7.8640999854542315,8.401600003708154,4.672499984735623,1.9598000217229128,0.0,True,ok,4288,4288
2723,83,8.3,22,215903.7069641,215903.7164536,8.554300002288073,9.489499992923811,5.306300008669496,2.024500019615516,0.0,True,ok,4269,4269
2724,84,8.4,22,215903.7403783,215903.7494214,8.542700001271442,9.043099998962134,5.043699988164008,2.0069000020157546,0.0,True,ok,3996,3996
2725,85,8.5,22,215903.7735955,215903.7842675,10.079200001200661,10.67200000397861,4.755100002512336,3.343900025356561,0.0,True,ok,4318,4318
2726,86,8.6,22,215903.8071646,215903.8159096,8.266899996669963,8.744999999180436,4.970000009052455,2.048299997113645,0.0,True,ok,4410,4410
2727,87,8.700000000000001,22,215903.8406552,215903.8493189,8.150600013323128,8.663699991302565,4.793200001586229,2.1086999913677573,0.0,True,ok,4345,4345
2728,88,8.8,22,215903.8737444,215903.8828352,8.227999991504475,9.090799983823672,4.900800005998462,2.0788000256288797,0.0,True,ok,3995,3995
2729,89,8.9,22,215903.9072587,215903.9159998,7.734699989669025,8.741099998587742,4.645300010452047,1.8817000091075897,0.0,True,ok,4114,4114
2730,90,9.0,22,215903.9406591,215903.949066,7.914599991636351,8.406900014961138,4.629199975170195,2.085799991618842,0.0,True,ok,4407,4407
2731,91,9.1,22,215903.9737594,215903.9828013,8.325700007844716,9.041900018928573,4.792199993971735,2.245100011350587,0.0,True,ok,4504,4504
2732,92,9.200000000000001,22,215904.0070779,215904.0163207,8.57700000051409,9.242800006177276,4.926199995679781,2.401400008238852,0.0,True,ok,4602,4602
2733,93,9.3,22,215904.040614,215904.0496699,8.534499997040257,9.055900009116158,4.896900005405769,2.231599995866418,0.0,True,ok,4719,4719
2734,94,9.4,22,215904.0738471,215904.0827602,8.435299998382106,8.913099998608232,4.89219999872148,2.2745000023860484,0.0,True,ok,4623,4623
2735,95,9.5,22,215904.1073137,215904.1161535,8.232300024246797,8.839800022542477,4.546500014839694,2.316699974471703,0.0,True,ok,4555,4555
2736,96,9.600000000000001,22,215904.140327,215904.1492104,8.152900001732633,8.883400005288422,4.6273999905679375,2.245499985292554,0.0,True,ok,4902,4902
2737,97,9.700000000000001,22,215904.1739701,215904.1840938,9.614599985070527,10.12369999079965,6.277100008446723,2.0552999922074378,0.0,True,ok,4793,4793
2738,98,9.8,22,215904.2071839,215904.2164613,8.763499994529411,9.277400007704273,4.904300003545359,2.357799996389076,0.0,True,ok,4857,4857
2739,99,9.9,22,215904.2404586,215904.24866,7.648400001926348,8.201400021789595,4.476400004932657,1.865800004452467,0.0,True,ok,4985,4985
2740,100,10.0,22,215904.2737728,215904.2843727,10.129900008905679,10.599900007946417,6.747500010533258,2.0183000015094876,0.0,True,ok,4973,4973
2741,101,10.100000000000001,22,215904.3068244,215904.3155229,8.232799998950213,8.69849999435246,4.8473000060766935,2.044200024101883,0.0,True,ok,4507,4507
2742,102,10.200000000000001,22,215904.3404294,215904.3491416,8.08959998539649,8.712199982255697,4.72930000978522,2.061100007267669,0.0,True,ok,4834,4834
2743,103,10.3,22,215904.3734217,215904.3849853,11.050900007830933,11.563600011868402,7.299800025066361,2.157100010663271,0.0,True,ok,4943,4943
2744,104,10.4,22,215904.4070979,215904.4161965,8.417700009886175,9.09860001411289,5.037900002207607,2.0573000074364245,0.0,True,ok,5082,5082
2745,105,10.5,22,215904.4401671,215904.4499728,9.288700006436557,9.805700014112517,4.848900018259883,2.847499999916181,0.0,True,ok,4986,4986
2746,106,10.600000000000001,22,215904.4738406,215904.4842405,9.91190000786446,10.399899998446926,6.577000021934509,2.0169000199530274,0.0,True,ok,5037,5037
2747,107,10.700000000000001,22,215904.5071412,215904.5159735,8.375200006412342,8.832299994537607,4.958399978931993,2.1006000170018524,0.0,True,ok,5162,5162
2748,108,10.8,22,215904.5400923,215904.5491856,8.438899996690452,9.093299973756075,4.732299974421039,2.4227999965660274,0.0,True,ok,4884,4884
2749,109,10.9,22,215904.5736462,215904.5835513,8.630199998151511,9.905099985189736,4.853300022659823,2.219999994849786,0.0,True,ok,4890,4890
2750,110,11.0,22,215904.6067661,215904.6155452,8.308400021633133,8.779099996900186,4.873799975030124,2.1569000091403723,0.0,True,ok,4848,4848
2751,111,11.100000000000001,22,215904.6400898,215904.6488864,8.213600027374923,8.796600013738498,4.927200003294274,1.967699994565919,0.0,True,ok,5030,5030
2752,112,11.200000000000001,22,215904.6738554,215904.6866821,12.113300006603822,12.826699996367097,7.0361999969463795,3.714999998919666,0.0,True,ok,5114,5114
2753,113,11.3,22,215904.7073003,215904.716789,8.835399989038706,9.488699986832216,4.754599998705089,2.6301000034436584,0.0,True,ok,5293,5293
2754,114,11.4,22,215904.7400365,215904.7488542,8.151999994879588,8.817699999781325,4.690999980084598,2.100200013956055,0.0,True,ok,5423,5423
2755,115,11.5,22,215904.7733946,215904.7844943,10.580700007267296,11.099700001068413,6.243700016057119,2.676599979167804,0.0,True,ok,5340,5340
2756,116,11.600000000000001,22,215904.8068147,215904.8163674,8.724499988602474,9.552700008498505,5.020999989937991,2.2514000011142343,0.0,True,ok,5279,5279
2757,117,11.700000000000001,22,215904.8406887,215904.8495273,8.314499980770051,8.838599984301254,4.739500000141561,2.1868000039830804,0.0,True,ok,5498,5498
2758,118,11.8,22,215904.8738238,215904.8833701,9.046299994224682,9.546299988869578,5.348500009858981,2.0834000024478883,0.0,True,ok,5517,5517
2759,119,11.9,22,215904.9071214,215904.9157568,7.943600008729845,8.635400008643046,4.530300007900223,2.0204999891575426,0.0,True,ok,5266,5266
2760,0,0.0,23,215904.9432372,215904.9520826,8.323899994138628,8.845400006975979,4.741999990073964,2.2763000160921365,0.0,True,ok,4708,4708
2761,1,0.1,23,215904.9735224,215904.9846705,10.561800008872524,11.148100020363927,5.0762000028043985,4.132100002607331,0.0,True,ok,4681,4681
2762,2,0.2,23,215905.0070396,215905.0156115,7.933300017612055,8.571900019887835,4.655900003854185,1.9129000138491392,0.0,True,ok,4360,4360
2763,3,0.30000000000000004,23,215905.040523,215905.0491739,8.10289999935776,8.650900010252371,4.577499988954514,2.216599998064339,0.0,True,ok,4532,4532
2764,4,0.4,23,215905.0738858,215905.0831129,8.383100008359179,9.227100003045052,4.803099989658222,2.073400013614446,0.0,True,ok,4533,4533
2765,5,0.5,23,215905.1069398,215905.1171189,9.67639998998493,10.179100005188957,6.168799998704344,2.206700009992346,0.0,True,ok,4334,4334
2766,6,0.6000000000000001,23,215905.1406024,215905.1491246,8.139499987009913,8.52219999069348,4.798300011316314,1.9306999747641385,0.0,True,ok,4462,4462
2767,7,0.7000000000000001,23,215905.1739902,215905.1847021,10.262299998430535,10.71189998765476,6.694500014418736,2.2547000262420624,0.0,True,ok,4479,4479
2768,8,0.8,23,215905.2069172,215905.2161467,8.480199991026893,9.229499992216006,5.200599989620969,1.9311000069137663,0.0,True,ok,4534,4534
2769,9,0.9,23,215905.2404731,215905.2511485,9.56520001636818,10.675400000764057,4.899899999145418,3.3552000240888447,0.0,True,ok,4491,4491
2770,10,1.0,23,215905.2738324,215905.283466,8.236599998781458,9.633599984226748,4.660000005969778,2.214799984358251,0.0,True,ok,4600,4600
2771,11,1.1,23,215905.3067831,215905.3164143,9.230900002876297,9.631199995055795,5.768999981228262,2.100299985613674,0.0,True,ok,4781,4781
2772,12,1.2000000000000002,23,215905.3403298,215905.3502899,9.482399997068569,9.960099996533245,6.145399995148182,1.989599986700341,0.0,True,ok,5044,5044
2773,13,1.3,23,215905.3735206,215905.3845266,10.534000000916421,11.006000015186146,7.042600016575307,2.170699997805059,0.0,True,ok,4620,4620
2774,14,1.4000000000000001,23,215905.4069965,215905.4165696,8.254199987277389,9.573099989211187,4.812400002265349,2.0822999940719455,0.0,True,ok,4785,4785
2775,15,1.5,23,215905.4402547,215905.4492308,8.521700015990064,8.976100012660027,5.00940001802519,1.9803000031970441,0.0,True,ok,5045,5045
2776,16,1.6,23,215905.4738751,215905.4843617,9.978299989597872,10.486599989235401,6.294500024523586,2.2084999945946038,0.0,True,ok,5382,5382
2777,17,1.7000000000000002,23,215905.5067531,215905.5159513,8.528800011845306,9.198200015816838,4.9919000011868775,2.1007000177633017,0.0,True,ok,5312,5312
2778,18,1.8,23,215905.5402573,215905.5509943,10.161899990634993,10.737000004155561,4.746099992189556,3.9086000178940594,0.0,True,ok,5363,5363
2779,19,1.9000000000000001,23,215905.5736767,215905.5833062,9.026199986692518,9.629499982111156,5.118500004755333,2.3561999842058867,0.0,True,ok,5455,5455
2780,20,2.0,23,215905.606988,215905.6163147,8.716999989701435,9.32669997564517,5.010499997297302,2.2400000016205013,0.0,True,ok,5508,5508
2781,21,2.1,23,215905.640398,215905.6495212,8.560199989005923,9.123199997702613,4.954099975293502,1.9709999905899167,0.0,True,ok,5300,5300
2782,22,2.2,23,215905.6737935,215905.6853213,10.961499996483326,11.527800001204014,6.848799996078014,2.612299984320998,0.0,True,ok,5384,5384
2783,23,2.3000000000000003,23,215905.706784,215905.7158912,8.63039999967441,9.107199992286041,4.981000005500391,2.197400026489049,0.0,True,ok,5355,5355
2784,24,2.4000000000000004,23,215905.7401859,215905.7488771,8.141700003761798,8.69119999697432,4.701300000306219,2.105199993820861,0.0,True,ok,5072,5072
2785,25,2.5,23,215905.7738411,215905.7831925,8.879700006218627,9.351400018204004,5.229899979894981,2.2631000028923154,0.0,True,ok,4851,4851
2786,26,2.6,23,215905.8073261,215905.8159026,8.084100001724437,8.576499996706843,4.864000016823411,1.8726999987848103,0.0,True,ok,4933,4933
2787,27,2.7,23,215905.8402956,215905.8491458,8.36509998771362,8.850199985317886,4.937000019708648,2.04610000946559,0.0,True,ok,4889,4889
2788,28,2.8000000000000003,23,215905.8739158,215905.8847168,9.886200015898794,10.80099999671802,6.456899980548769,2.082699997117743,0.0,True,ok,4508,4508
2789,29,2.9000000000000004,23,215905.9069792,215905.9160814,8.591299992986023,9.102200012421235,5.052699998486787,2.1698999917134643,0.0,True,ok,4516,4516
2790,30,3.0,23,215905.9403309,215905.9488543,8.068399998592213,8.523399999830872,4.494800028624013,2.267699979711324,33.351699996273965,True,ok,4326,4326
2791,31,3.1,23,215905.9734268,215905.9840144,10.214299982180819,10.58760000159964,6.996799987973645,1.9264000002294779,0.0,True,ok,4407,4407
2792,32,3.2,23,215906.0072881,215906.0167847,9.053800022229552,9.496600017882884,5.775800003902987,1.989599986700341,0.0,True,ok,4113,4113
2793,33,3.3000000000000003,23,215906.0403472,215906.0489313,8.001400012290105,8.584099996369332,4.6448000066448,2.026199974352494,0.0,True,ok,4211,4211
2794,34,3.4000000000000004,23,215906.073976,215906.0842872,9.112900006584823,10.311199992429465,5.841800011694431,1.965200004633516,0.0,True,ok,4198,4198
2795,35,3.5,23,215906.1068171,215906.1159415,8.625399990705773,9.124400006840006,4.9943999911192805,2.1487000049091876,0.0,True,ok,4125,4125
2796,36,3.6,23,215906.1403198,215906.1494507,8.77549999859184,9.130899998126552,4.782800009706989,2.0053999905940145,0.0,True,ok,4267,4267
2797,37,3.7,23,215906.1738518,215906.1848134,10.509799991268665,10.961599997244775,6.9651999801862985,2.224299998488277,0.0,True,ok,3805,3805
2798,38,3.8000000000000003,23,215906.2071227,215906.2179287,9.516499994788319,10.806000005686656,5.983000010019168,2.253700018627569,0.0,True,ok,3921,3921
2799,39,3.9000000000000004,23,215906.2406282,215906.249767,8.498100010911003,9.138800000073388,4.8414999910164624,2.3360000050161034,0.0,True,ok,3864,3864
2800,40,4.0,23,215906.2735436,215906.2836374,9.617199975764379,10.093799995956942,5.671099992468953,2.6690999802667648,0.0,True,ok,3828,3828
2801,41,4.1000000000000005,23,215906.3070544,215906.3157825,8.272399980342016,8.72809998691082,4.985300009138882,2.030100004049018,33.51080001448281,True,ok,3659,3659
2802,42,4.2,23,215906.340427,215906.3499069,9.072299988474697,9.479900007136166,5.598400020971894,2.144900005077943,0.0,True,ok,3989,3989
2803,43,4.3,23,215906.3738451,215906.3845063,10.186600004089996,10.661200009053573,6.80210001883097,2.079300000332296,0.0,True,ok,4294,4294
2804,44,4.4,23,215906.4071079,215906.4165794,8.763499994529411,9.471499972278252,4.901499982224777,2.217200002633035,0.0,True,ok,4623,4623
2805,45,4.5,23,215906.4405589,215906.4498603,8.841700007906184,9.3013999867253,5.2137000020593405,2.2610999876633286,0.0,True,ok,4708,4708
2806,46,4.6000000000000005,23,215906.473491,215906.4841057,10.085999994771555,10.614699975121766,6.727699976181611,1.9984999962616712,0.0,True,ok,4834,4834
2807,47,4.7,23,215906.5070783,215906.5160628,8.532199979526922,8.98449998931028,4.99600000330247,2.2102000075392425,0.0,True,ok,4677,4677
2808,48,4.800000000000001,23,215906.5402394,215906.5490684,8.130700007313862,8.82899999851361,4.666499997256324,2.009400021051988,0.0,True,ok,4591,4591
2809,49,4.9,23,215906.5738685,215906.5828584,8.50890000583604,8.989900001324713,5.086999997729436,2.1032000076957047,0.0,True,ok,4442,4442
2810,50,5.0,23,215906.6071866,215906.6175777,9.873700008029118,10.391099989647046,6.173500005388632,2.296899998327717,0.0,True,ok,4408,4408
2811,51,5.1000000000000005,23,215906.6405137,215906.6495207,8.428300003288314,9.007000015117228,4.797699977643788,2.2062000061850995,0.0,True,ok,4418,4418
2812,52,5.2,23,215906.6736522,215906.6843786,10.028600023360923,10.726400010753423,6.760400021448731,1.9031999981962144,0.0,True,ok,4600,4600
2813,53,5.300000000000001,23,215906.7070145,215906.7161968,8.091800002148375,9.182300011161715,4.835400002775714,1.8525999912526459,33.3622999896761,True,ok,4489,4489
2814,54,5.4,23,215906.7401941,215906.7489235,8.281500020530075,8.729399996809661,4.8775999748613685,2.064600004814565,0.0,True,ok,4625,4625
2815,55,5.5,23,215906.7737037,215906.7848735,10.062499990453944,11.16980001097545,6.666600005701184,2.1066000044811517,0.0,True,ok,4379,4379
2816,56,5.6000000000000005,23,215906.8069522,215906.815837,8.37110000429675,8.884800015948713,5.070099985459819,2.0117000094614923,0.0,True,ok,4212,4212
2817,57,5.7,23,215906.840556,215906.8495209,8.399899990763515,8.964899985585362,4.972900002030656,2.161199983675033,0.0,True,ok,4229,4229
2818,58,5.800000000000001,23,215906.8736797,215906.8848302,10.70300000719726,11.15050000953488,7.186100003309548,2.1207999961916357,0.0,True,ok,4294,4294
2819,59,5.9,23,215906.9073478,215906.9162013,8.39019997511059,8.853499981341884,4.901600012090057,2.0915000059176236,0.0,True,ok,4337,4337
2820,60,6.0,23,215906.9405553,215906.9501102,8.846100012306124,9.55489999614656,5.266599997412413,2.2458999883383512,0.0,True,ok,4334,4334
2821,61,6.1000000000000005,23,215906.9736705,215906.983752,9.227800008375198,10.081499989610165,5.5927000066731125,2.311599993845448,0.0,True,ok,4169,4169
2822,62,6.2,23,215907.0071668,215907.0162027,8.25410001561977,9.035900002345443,4.9020000151358545,2.003900008276105,0.0,True,ok,4172,4172
2823,63,6.300000000000001,23,215907.0404926,215907.0496466,8.548300014808774,9.153999999398366,4.682399972807616,2.3747000086586922,0.0,True,ok,4147,4147
2824,64,6.4,23,215907.0738028,215907.0835943,9.199599997373298,9.791499993298203,5.767800001194701,2.15430001844652,0.0,True,ok,4178,4178
2825,65,6.5,23,215907.1072277,215907.1161922,8.451899979263544,8.964499982539564,5.061800009571016,2.0096999942325056,0.0,True,ok,4169,4169
2826,66,6.6000000000000005,23,215907.1403377,215907.1486993,7.99180002650246,8.361600019270554,4.80329999118112,1.8866000173147768,0.0,True,ok,4168,4168
2827,67,6.7,23,215907.1736609,215907.1847483,10.413300013169646,11.087399994721636,7.055800000671297,1.9634000200312585,0.0,True,ok,4086,4086
2828,68,6.800000000000001,23,215907.2073121,215907.2170907,8.612799982074648,9.77859998238273,5.054500012192875,2.213400002801791,0.0,True,ok,4379,4379
2829,69,6.9,23,215907.2406042,215907.2498288,8.755899994866922,9.22460001311265,4.753199988044798,2.4108999932650477,33.29209997900762,True,ok,4282,4282
2830,70,7.0,23,215907.2734307,215907.2829071,8.938999992096797,9.47639998048544,5.503799999132752,2.1286999981384724,0.0,True,ok,4247,4247
2831,71,7.1000000000000005,23,215907.3068353,215907.3160373,8.81700002355501,9.202000015648082,5.149199976585805,2.1871000062674284,0.0,True,ok,4354,4354
2832,72,7.2,23,215907.3406335,215907.349269,8.020899986149743,8.635500009404495,4.697700001997873,2.00159999076277,0.0,True,ok,4628,4628
2833,73,7.300000000000001,23,215907.373873,215907.3845701,10.041600005934015,10.69709999137558,6.830900005297735,1.8976000137627125,0.0,True,ok,4287,4287
2834,74,7.4,23,215907.4072343,215907.4158715,8.006200019735843,8.637200022349134,4.775100009283051,1.8825999868568033,0.0,True,ok,4455,4455
2835,75,7.5,23,215907.4401285,215907.4490142,8.21700002416037,8.885700022801757,4.811799997696653,1.9934999872930348,0.0,True,ok,4560,4560
2836,76,7.6000000000000005,23,215907.4739191,215907.4844186,9.870800015050918,10.499500000150874,6.3390000141225755,2.11719999788329,0.0,True,ok,4662,4662
2837,77,7.7,23,215907.506974,215907.5168668,9.392599982675165,9.89280000794679,5.4509000037796795,2.414600021438673,33.05489997728728,True,ok,4381,4381
2838,78,7.800000000000001,23,215907.5401776,215907.549387,8.763100020587444,9.209400013787672,5.170999997062609,2.0692000107374042,0.0,True,ok,4350,4350
2839,79,7.9,23,215907.5737337,215907.5823624,7.965700002387166,8.628699986729771,4.686200001742691,1.9801000016741455,0.0,True,ok,4058,4058
2840,80,8.0,23,215907.6068995,215907.6163411,8.952699980000034,9.441599977435544,5.025100021157414,2.5719999975990504,0.0,True,ok,4074,4074
2841,81,8.1,23,215907.640307,215907.6490889,8.128700021188706,8.781900018220767,4.871799988904968,2.0237999851815403,0.0,True,ok,4080,4080
2842,82,8.200000000000001,23,215907.673519,215907.6845991,10.493200010387227,11.080099997343495,7.099500013282523,2.0297000010032207,0.0,True,ok,4288,4288
2843,83,8.3,23,215907.707387,215907.7161588,8.283500006655231,8.771799999522045,4.978100012522191,2.0009000145364553,0.0,True,ok,4269,4269
2844,84,8.4,23,215907.740314,215907.7489328,7.917799986898899,8.618799998657778,4.581699991831556,2.088399982312694,0.0,True,ok,3996,3996
2845,85,8.5,23,215907.7734488,215907.7826197,8.51909999619238,9.170900011667982,4.925100016407669,2.2778999991714954,0.0,True,ok,4318,4318
2846,86,8.6,23,215907.8068825,215907.8159043,8.317600004374981,9.021799982292578,4.981299978680909,2.049500006251037,0.0,True,ok,4410,4410
2847,87,8.700000000000001,23,215907.8406393,215907.8516617,10.521799995331094,11.022399994544685,7.04210001276806,2.087300003040582,0.0,True,ok,4345,4345
2848,88,8.8,23,215907.8738594,215907.8829006,8.543900010408834,9.041200013598427,4.985000006854534,1.9650000031106174,0.0,True,ok,3995,3995
2849,89,8.9,23,215907.9066923,215907.9154441,8.251500024925917,8.75180002185516,4.9374999944120646,2.005799993639812,0.0,True,ok,4114,4114
2850,90,9.0,23,215907.9406018,215907.9525144,10.98320001619868,11.912600020878017,5.9701999998651445,3.6659000033978373,0.0,True,ok,4407,4407
2851,91,9.1,23,215907.9736503,215907.9845034,10.356799990404397,10.853099985979497,6.771399988792837,2.1738000214099884,0.0,True,ok,4504,4504
2852,92,9.200000000000001,23,215908.007191,215908.0184458,10.687500005587935,11.254799988819286,6.384599982993677,2.91129999095574,0.0,True,ok,4602,4602
2853,93,9.3,23,215908.0404423,215908.0494666,8.268300007330254,9.024300001328811,4.73370001418516,2.1995999850332737,0.0,True,ok,4719,4719
2854,94,9.4,23,215908.0739218,215908.0830674,8.515599998645484,9.145599993644282,4.90120000904426,2.2622999968007207,0.0,True,ok,4623,4623
2855,95,9.5,23,215908.1070103,215908.1162147,8.503500022925436,9.204400004819036,4.9048000073526055,2.2396999993361533,0.0,True,ok,4555,4555
2856,96,9.600000000000001,23,215908.1402086,215908.1494205,8.748299995204434,9.211900003720075,5.021700024371967,2.4071999941952527,0.0,True,ok,4902,4902
2857,97,9.700000000000001,23,215908.1737053,215908.1829599,8.72509999317117,9.254600008716807,5.3733999957330525,2.0025999983772635,0.0,True,ok,4793,4793
2858,98,9.8,23,215908.2067942,215908.2155357,8.147499989718199,8.74150000163354,4.8448999878019094,1.9598999933805317,0.0,True,ok,4857,4857
2859,99,9.9,23,215908.2404187,215908.2494189,8.272000006400049,9.000199992442504,4.880700027570128,2.0871000015176833,0.0,True,ok,4985,4985
2860,100,10.0,23,215908.2738357,215908.2837091,9.13270001183264,9.87340000574477,5.718000000342727,2.0493000047281384,0.0,True,ok,4973,4973
2861,101,10.100000000000001,23,215908.3069994,215908.3159739,8.17690000985749,8.974500000476837,4.931300005409867,1.9517000182531774,0.0,True,ok,4507,4507
2862,102,10.200000000000001,23,215908.3402741,215908.3489608,8.092100004432723,8.68670002091676,4.801000002771616,2.032299991697073,0.0,True,ok,4834,4834
2863,103,10.3,23,215908.3736601,215908.3836813,9.521400002995506,10.021199996117502,6.3322000205516815,1.9052000134252012,0.0,True,ok,4943,4943
2864,104,10.4,23,215908.4068637,215908.4154741,7.952500018291175,8.610400022007525,4.619100014679134,2.027699985774234,0.0,True,ok,5082,5082
2865,105,10.5,23,215908.4404801,215908.4506707,9.397199988598004,10.19060000544414,5.322300014086068,2.7860999980475754,0.0,True,ok,4986,4986
2866,106,10.600000000000001,23,215908.4735821,215908.4833885,9.327500010840595,9.806399990338832,6.022000015946105,2.0260999735910445,0.0,True,ok,5037,5037
2867,107,10.700000000000001,23,215908.5070932,215908.516982,9.445700008654967,9.888800006592646,6.048900017049164,2.0084000134374946,0.0,True,ok,5162,5162
2868,108,10.8,23,215908.5403366,215908.5501546,8.596900006523356,9.817999991355464,5.128199991304427,2.185499994084239,0.0,True,ok,4884,4884
2869,109,10.9,23,215908.5734034,215908.5835384,9.619200020097196,10.135000018635765,6.356700003379956,1.9964000093750656,0.0,True,ok,4890,4890
2870,110,11.0,23,215908.6067491,215908.6159007,8.631000004243106,9.151600010227412,5.196600017370656,2.179699979024008,0.0,True,ok,4848,4848
2871,111,11.100000000000001,23,215908.6404167,215908.6491158,8.259500027634203,8.699100028024986,4.898500017588958,2.061599981971085,0.0,True,ok,5030,5030
2872,112,11.200000000000001,23,215908.6734982,215908.6837223,9.747599979164079,10.224099998595193,6.391300004906952,2.0463999826461077,0.0,True,ok,5114,5114
2873,113,11.3,23,215908.7069489,215908.7181433,10.542400006670505,11.194399994565174,5.00790000660345,4.1742000030353665,0.0,True,ok,5293,5293
2874,114,11.4,23,215908.7405142,215908.7498316,8.667899994179606,9.317399992141873,4.874799982644618,2.361099992413074,0.0,True,ok,5423,5423
2875,115,11.5,23,215908.7739073,215908.7834561,9.045600017998368,9.548800007905811,5.253099981928244,2.4772000033408403,0.0,True,ok,5340,5340
2876,116,11.600000000000001,23,215908.8068303,215908.8160032,8.692099974723533,9.172899997793138,5.173000012291595,2.248200005851686,0.0,True,ok,5279,5279
2877,117,11.700000000000001,23,215908.8401364,215908.8503108,9.687099984148517,10.174399998504668,6.224900018423796,2.1714000031352043,0.0,True,ok,5498,5498
2878,118,11.8,23,215908.8734595,215908.8848378,10.934599995380268,11.378299997886643,6.825599994044751,2.757399983238429,0.0,True,ok,5517,5517
2879,119,11.9,23,215908.906861,215908.91739,9.899099997710437,10.528999991947785,4.966600012267008,3.5525999846868217,0.0,True,ok,5266,5266
2880,0,0.0,24,215908.9442373,215908.9530327,8.351500000571832,8.795400004601106,4.995099996449426,2.122700010659173,0.0,True,ok,4708,4708
2881,1,0.1,24,215908.9735315,215908.9841106,10.168899985728785,10.579099995084107,6.801299983635545,2.078199991956353,0.0,True,ok,4681,4681
2882,2,0.2,24,215909.0068872,215909.0165361,8.854500018060207,9.648900013417006,4.9322999839205295,2.078199991956353,0.0,True,ok,4360,4360
2883,3,0.30000000000000004,24,215909.0405615,215909.0492504,8.238800015533343,8.688900008564815,4.665399988880381,2.230699989013374,0.0,True,ok,4532,4532
2884,4,0.4,24,215909.0740044,215909.0830331,8.357600017916411,9.028700005728751,4.712299996754155,2.348200010601431,0.0,True,ok,4533,4533
2885,5,0.5,24,215909.1069699,215909.1162783,8.58880000305362,9.308400010922924,4.979099991032854,2.339900005608797,0.0,True,ok,4334,4334
2886,6,0.6000000000000001,24,215909.1404537,215909.1491539,8.202299999538809,8.700200007297099,4.7058999771252275,2.0010999869555235,0.0,True,ok,4462,4462
2887,7,0.7000000000000001,24,215909.1736167,215909.183488,9.425500000361353,9.871300018858165,5.988799995975569,2.0289000240154564,0.0,True,ok,4479,4479
2888,8,0.8,24,215909.2072302,215909.2157305,8.08349999715574,8.500299998559058,4.818899993551895,2.0166999893262982,33.61350001068786,True,ok,4534,4534
2889,9,0.9,24,215909.2405259,215909.2503282,9.302699996624142,9.80229998822324,6.016900006216019,1.9987999985460192,33.29570000641979,True,ok,4491,4491
2890,10,1.0,24,215909.2738007,215909.2832431,8.949100010795519,9.44240001263097,5.1485000003594905,2.4391000042669475,0.0,True,ok,4600,4600
2891,11,1.1,24,215909.3072323,215909.3158592,8.249400008935481,8.626900002127513,5.073999986052513,1.9296000245958567,0.0,True,ok,4781,4781
2892,12,1.2000000000000002,24,215909.3404106,215909.3496744,8.043500012718141,9.263799991458654,4.748799983644858,2.0071000035386533,0.0,True,ok,5044,5044
2893,13,1.3,24,215909.3736321,215909.3844923,9.679700015112758,10.86020001093857,6.156500021461397,2.2638000082224607,0.0,True,ok,4620,4620
2894,14,1.4000000000000001,24,215909.4069266,215909.416241,8.482700010063127,9.314399998402223,4.740599979413673,2.460199990309775,33.2944999972824,True,ok,4785,4785
2895,15,1.5,24,215909.4404275,215909.4491361,8.256700006313622,8.708600013051182,5.117299995617941,1.8686999974306673,0.0,True,ok,5045,5045
2896,16,1.6,24,215909.4739058,215909.4841107,8.998899982543662,10.204899997916073,5.326699989382178,2.1561000030487776,0.0,True,ok,5382,5382
2897,17,1.7000000000000002,24,215909.5073108,215909.5175061,9.029600012581795,10.195300012128428,5.697799992049113,2.028599992627278,0.0,True,ok,5312,5312
2898,18,1.8,24,215909.5405182,215909.5491645,8.184700011042878,8.646300004329532,4.93680001818575,1.924800017150119,0.0,True,ok,5363,5363
2899,19,1.9000000000000001,24,215909.5736263,215909.5830584,8.555199980037287,9.432099992409348,4.988700005924329,2.2560000070370734,0.0,True,ok,5455,5455
2900,20,2.0,24,215909.6072155,215909.616352,8.460800017928705,9.136500011663884,4.968599998392165,2.206000004662201,0.0,True,ok,5508,5508
2901,21,2.1,24,215909.6403706,215909.6488237,8.055000012973323,8.453099988400936,4.866400005994365,1.8635000160429627,0.0,True,ok,5300,5300
2902,22,2.2,24,215909.6736062,215909.6846059,10.30609998269938,10.999699996318668,6.795399996917695,2.1942000021226704,0.0,True,ok,5384,5384
2903,23,2.3000000000000003,24,215909.7070709,215909.7167927,9.276600001612678,9.721799986436963,5.615700007183477,2.180200011935085,0.0,True,ok,5355,5355
2904,24,2.4000000000000004,24,215909.7401151,215909.748577,7.931300002383068,8.461899997200817,4.518100002314895,2.139099990017712,0.0,True,ok,5072,5072
2905,25,2.5,24,215909.7738622,215909.7834435,8.651299984194338,9.581299993442371,5.098900001030415,2.2883000201545656,0.0,True,ok,4851,4851
2906,26,2.6,24,215909.8067826,215909.8158721,8.702499995706603,9.089500003028661,4.56040000426583,2.861699991626665,32.920400000875816,True,ok,4933,4933
2907,27,2.7,24,215909.8401617,215909.8500777,9.46449997718446,9.915999980876222,6.139700009953231,2.0201000152155757,0.0,True,ok,4889,4889
2908,28,2.8000000000000003,24,215909.8737041,215909.884694,10.337500018067658,10.989900009008124,6.804000004194677,2.14529997901991,0.0,True,ok,4508,4508
2909,29,2.9000000000000004,24,215909.9068119,215909.9155543,8.1697000132408,8.742400008486584,4.9715000204741955,1.8628000107128173,0.0,True,ok,4516,4516
2910,30,3.0,24,215909.9403254,215909.9485155,7.668400008697063,8.190099993953481,4.6085000212769955,1.8591000116430223,0.0,True,ok,4326,4326
2911,31,3.1,24,215909.9737133,215909.983711,8.814300002995878,9.997700020903721,5.660399998305365,1.9361000158824027,0.0,True,ok,4407,4407
2912,32,3.2,24,215910.0072504,215910.0158837,8.128999994369224,8.63329999265261,4.976900003384799,1.9452999986242503,0.0,True,ok,4113,4113
2913,33,3.3000000000000003,24,215910.0403977,215910.0494141,8.025500021176413,9.016399999381974,4.981499980203807,1.8589999817777425,0.0,True,ok,4211,4211
2914,34,3.4000000000000004,24,215910.0734273,215910.082749,8.820099988952279,9.321699995780364,5.222400010097772,2.3090000031515956,0.0,True,ok,4198,4198
2915,35,3.5,24,215910.1067949,215910.1158209,8.368400012841448,9.02600001427345,4.971299989847466,2.216599998064339,0.0,True,ok,4125,4125
2916,36,3.6,24,215910.140221,215910.1488067,8.168399974238127,8.585699979448691,4.839799978071824,2.1881000138819218,0.0,True,ok,4267,4267
2917,37,3.7,24,215910.1735704,215910.1845075,10.457800002768636,10.937100014416501,7.371799991233274,1.9051000126637518,0.0,True,ok,3805,3805
2918,38,3.8000000000000003,24,215910.2073593,215910.2177897,9.992899984354153,10.43039999785833,5.032400018535554,3.761200001463294,0.0,True,ok,3921,3921
2919,39,3.9000000000000004,24,215910.2403326,215910.2493903,8.268500008853152,9.057700022822246,5.113199993502349,2.0173999946564436,0.0,True,ok,3864,3864
2920,40,4.0,24,215910.2739108,215910.2826672,8.290700003271922,8.75639999867417,5.093300016596913,2.036899997619912,0.0,True,ok,3828,3828
2921,41,4.1000000000000005,24,215910.3071696,215910.31569,8.124399988446385,8.520399976987392,4.8423999978695065,2.180299983592704,0.0,True,ok,3659,3659
2922,42,4.2,24,215910.3402825,215910.3490252,8.3001000166405,8.742700010770932,5.038699979195371,2.07570000202395,0.0,True,ok,3989,3989
2923,43,4.3,24,215910.3738238,215910.3842571,9.938300005160272,10.433299990836531,6.326900009298697,2.296599996043369,0.0,True,ok,4294,4294
2924,44,4.4,24,215910.4072863,215910.4164692,8.383099979255348,9.18289998662658,4.987399996025488,2.1858999971300364,0.0,True,ok,4623,4623
2925,45,4.5,24,215910.4403348,215910.4515493,10.663699998985976,11.214500002097338,4.888000024948269,4.556099971523508,0.0,True,ok,4708,4708
2926,46,4.6000000000000005,24,215910.474004,215910.4839398,8.876600011717528,9.93580001522787,5.894100002478808,1.808900007745251,0.0,True,ok,4834,4834
2927,47,4.7,24,215910.5067001,215910.5156295,8.319699991261587,8.929400006309152,4.90999998874031,2.2305000165943056,0.0,True,ok,4677,4677
2928,48,4.800000000000001,24,215910.5404527,215910.5494858,8.341800014022738,9.033100010128692,4.765899997437373,2.2302000143099576,0.0,True,ok,4591,4591
2929,49,4.9,24,215910.5736425,215910.5822774,8.14580000587739,8.6349000048358,4.8670999822206795,2.1188000100664794,0.0,True,ok,4442,4442
2930,50,5.0,24,215910.6069082,215910.6167663,9.381099982419983,9.858100005658343,5.104000010760501,3.135400009341538,0.0,True,ok,4408,4408
2931,51,5.1000000000000005,24,215910.6400591,215910.6487826,8.126200002152473,8.723500010091811,4.94410001556389,1.9907999958377331,0.0,True,ok,4418,4418
2932,52,5.2,24,215910.6734512,215910.6844692,10.355500009609386,11.017999990144745,7.1604000113438815,1.9782999879680574,0.0,True,ok,4600,4600
2933,53,5.300000000000001,24,215910.7070813,215910.71584,8.133800001814961,8.758699987083673,4.872700024861842,2.0115000079385936,0.0,True,ok,4489,4489
2934,54,5.4,24,215910.740573,215910.7500037,8.110700000543147,9.430700010852888,4.799199989065528,2.1234000159893185,0.0,True,ok,4625,4625
2935,55,5.5,24,215910.7734834,215910.7830471,8.968000009190291,9.56370000494644,5.512600007932633,2.2690999903716147,0.0,True,ok,4379,4379
2936,56,5.6000000000000005,24,215910.8067814,215910.8156451,8.385499997530133,8.863700000802055,4.961500002536923,2.245100011350587,0.0,True,ok,4212,4212
2937,57,5.7,24,215910.8406756,215910.8504829,8.485300000756979,9.807299997191876,4.959699988830835,2.350099995965138,0.0,True,ok,4229,4229
2938,58,5.800000000000001,24,215910.8738057,215910.8845504,10.080199979711324,10.7447000045795,6.8023999920114875,2.064300002530217,0.0,True,ok,4294,4294
2939,59,5.9,24,215910.907237,215910.9162244,8.413499977905303,8.98739998228848,4.912400007015094,2.2684999858029187,0.0,True,ok,4337,4337
2940,60,6.0,24,215910.9403355,215910.9488508,7.942500000353903,8.515299996361136,4.673800023738295,2.0976999949198216,0.0,True,ok,4334,4334
2941,61,6.1000000000000005,24,215910.9739203,215910.9840098,9.005700005218387,10.089500021422282,5.695700005162507,2.159900002880022,0.0,True,ok,4169,4169
2942,62,6.2,24,215911.0070565,215911.0159805,8.394200005568564,8.923999994294718,4.920499981380999,2.3111999907996505,33.13620001426898,True,ok,4172,4172
2943,63,6.300000000000001,24,215911.0405131,215911.0499046,8.105399989290163,9.391500003403053,4.895499994745478,2.056600002106279,0.0,True,ok,4147,4147
2944,64,6.4,24,215911.0735054,215911.0825906,8.629200019640848,9.08519999939017,5.583599995588884,1.9020999898202717,0.0,True,ok,4178,4178
2945,65,6.5,24,215911.1071723,215911.1162522,8.620400010840967,9.079900017241016,5.242200015345588,1.9714999943971634,0.0,True,ok,4169,4169
2946,66,6.6000000000000005,24,215911.1401627,215911.1484132,7.834499992895871,8.250499988207594,4.886600014287978,1.81350001366809,32.9904000100214,True,ok,4168,4168
2947,67,6.7,24,215911.1734404,215911.1845181,10.247099999105558,11.077700008172542,7.057200011331588,1.9745000172406435,0.0,True,ok,4086,4086
2948,68,6.800000000000001,24,215911.2070568,215911.2159137,8.410100010223687,8.856900007231161,4.973899980541319,2.2797999845352024,0.0,True,ok,4379,4379
2949,69,6.9,24,215911.2406127,215911.2517279,10.004500014474615,11.115200002677739,6.1018000124022365,2.008399984333664,0.0,True,ok,4282,4282
2950,70,7.0,24,215911.2739944,215911.2828997,8.332899975357577,8.905299997422844,4.942100000334904,2.2019000025466084,0.0,True,ok,4247,4247
2951,71,7.1000000000000005,24,215911.3070057,215911.3161152,8.72670000535436,9.109500009799376,5.069099977845326,2.4693000013940036,0.0,True,ok,4354,4354
2952,72,7.2,24,215911.340491,215911.3493555,8.339599997270852,8.86449997778982,4.618499981006607,2.5661999825388193,0.0,True,ok,4628,4628
2953,73,7.300000000000001,24,215911.3736372,215911.3845445,9.813500015297905,10.907299991231412,6.599600019399077,2.052600000752136,33.14620000310242,True,ok,4287,4287
2954,74,7.4,24,215911.4069301,215911.4169021,8.717899996554479,9.971999999834225,5.589500011410564,1.9105999963358045,0.0,True,ok,4455,4455
2955,75,7.5,24,215911.4405349,215911.4495057,7.868899992899969,8.970800001407042,4.838599998038262,1.8528999935369939,33.60480000264943,True,ok,4560,4560
2956,76,7.6000000000000005,24,215911.4735956,215911.4840542,10.088700015330687,10.45860000886023,6.971700000576675,1.93349999608472,0.0,True,ok,4662,4662
2957,77,7.7,24,215911.5069889,215911.5159468,8.36959999287501,8.9579000195954,5.108800018206239,2.0668999932240695,0.0,True,ok,4381,4381
2958,78,7.800000000000001,24,215911.5402239,215911.548761,8.075300022028387,8.53710001683794,5.048199993325397,1.8591000116430223,0.0,True,ok,4350,4350
2959,79,7.9,24,215911.5740076,215911.5826925,8.129800000460818,8.684900007210672,4.871699988143519,2.0918999798595905,0.0,True,ok,4058,4058
2960,80,8.0,24,215911.6068943,215911.6157636,8.16080000367947,8.869300014339387,4.937899997457862,2.049400005489588,0.0,True,ok,4074,4074
2961,81,8.1,24,215911.6403644,215911.6489411,8.036699990043417,8.576699998229742,4.80480000260286,2.120599994668737,0.0,True,ok,4080,4080
2962,82,8.200000000000001,24,215911.6735775,215911.6842836,10.121700004674494,10.70610000169836,7.057300012093037,1.8939999863505363,0.0,True,ok,4288,4288
2963,83,8.3,24,215911.7071557,215911.7161261,8.33249997231178,8.970399998361245,4.839499975787476,2.365699998335913,0.0,True,ok,4269,4269
2964,84,8.4,24,215911.7403757,215911.7499289,8.697600016603246,9.553200012305751,4.870900011155754,2.526700001908466,0.0,True,ok,3996,3996
2965,85,8.5,24,215911.7739618,215911.7827451,8.054600009927526,8.783299999777228,4.640300001483411,2.1856999956071377,0.0,True,ok,4318,4318
2966,86,8.6,24,215911.8069245,215911.8158153,8.397199999308214,8.890800003428012,5.122499977005646,2.070499991532415,0.0,True,ok,4410,4410
2967,87,8.700000000000001,24,215911.8404506,215911.8503768,9.033899987116456,9.926200000336394,4.854699975112453,2.802200004225597,0.0,True,ok,4345,4345
2968,88,8.8,24,215911.8739755,215911.8826815,8.0168999847956,8.7059999932535,4.771899984916672,2.0687999785877764,0.0,True,ok,3995,3995
2969,89,8.9,24,215911.9069735,215911.9162835,8.11190000968054,9.309999994002283,4.906599991954863,2.038700011326,0.0,True,ok,4114,4114
2970,90,9.0,24,215911.9404021,215911.948922,7.793400000082329,8.519900002283975,4.728900006739423,1.8703000096138567,0.0,True,ok,4407,4407
2971,91,9.1,24,215911.9738089,215911.9838419,9.326299972599372,10.032999998657033,6.0468000010587275,2.0585000165738165,0.0,True,ok,4504,4504
2972,92,9.200000000000001,24,215912.0070956,215912.015892,8.314000006066635,8.796399983111769,4.923100001178682,2.1948999783489853,0.0,True,ok,4602,4602
2973,93,9.3,24,215912.0405856,215912.050299,8.992299990495667,9.71339998068288,4.729000007500872,2.9434000025503337,0.0,True,ok,4719,4719
2974,94,9.4,24,215912.0737573,215912.0824259,8.182399993529543,8.668599999509752,4.724700003862381,2.2502999927382916,0.0,True,ok,4623,4623
2975,95,9.5,24,215912.106932,215912.1158706,8.330800017574802,8.93860001815483,4.956999997375533,2.1594000281766057,0.0,True,ok,4555,4555
2976,96,9.600000000000001,24,215912.1404564,215912.1496396,8.468299987725914,9.183199988910928,4.732600005809218,2.5187999999616295,0.0,True,ok,4902,4902
2977,97,9.700000000000001,24,215912.1738159,215912.1829504,8.513699984177947,9.134499996434897,4.754599998705089,2.4676999892108142,0.0,True,ok,4793,4793
2978,98,9.8,24,215912.2072629,215912.2163602,8.459499978926033,9.097300004214048,5.017899995436892,2.205800003139302,0.0,True,ok,4857,4857
2979,99,9.9,24,215912.2403122,215912.2489631,7.968799996888265,8.650899981148541,4.8220000171568245,1.9136999908369035,0.0,True,ok,4985,4985
2980,100,10.0,24,215912.2740064,215912.2836177,9.112600004300475,9.61130001815036,5.7446999999228865,2.0259000011719763,0.0,True,ok,4973,4973
2981,101,10.100000000000001,24,215912.3070216,215912.3159208,8.197899995138869,8.899200009182096,4.9183999944943935,2.0234000112395734,0.0,True,ok,4507,4507
2982,102,10.200000000000001,24,215912.3401159,215912.3487688,7.96069999341853,8.652899996377528,4.793600004632026,1.9366999913472682,0.0,True,ok,4834,4834
2983,103,10.3,24,215912.3735694,215912.3844809,10.447299981024116,10.911499994108453,6.132900016382337,3.0187999946065247,0.0,True,ok,4943,4943
2984,104,10.4,24,215912.4069004,215912.4156822,8.141199999954551,8.781799988355488,4.8562999872956425,2.02240000362508,0.0,True,ok,5082,5082
2985,105,10.5,24,215912.4403549,215912.4489612,8.131299982778728,8.606299990788102,4.965500003891066,1.9169000152032822,0.0,True,ok,4986,4986
2986,106,10.600000000000001,24,215912.4737811,215912.4832674,8.435600000666454,9.486299997661263,5.101799994008616,2.062499988824129,0.0,True,ok,5037,5037
2987,107,10.700000000000001,24,215912.5069138,215912.5156397,8.24359999387525,8.725899999262765,5.020999989937991,1.9589999865274876,0.0,True,ok,5162,5162
2988,108,10.8,24,215912.5400497,215912.5490246,8.326300012413412,8.974900003522635,4.910799994831905,2.0343000069260597,0.0,True,ok,4884,4884
2989,109,10.9,24,215912.5739225,215912.5839502,9.549700014758855,10.027699987404048,6.252000021049753,1.9042999774683267,0.0,True,ok,4890,4890
2990,110,11.0,24,215912.607057,215912.6165198,8.893000020179898,9.462800022447482,5.161700013559312,2.3652000236324966,0.0,True,ok,4848,4848
2991,111,11.100000000000001,24,215912.6403171,215912.6495977,8.567699987906963,9.28059997386299,5.331099993782118,1.9736000103875995,0.0,True,ok,5030,5030
2992,112,11.200000000000001,24,215912.673943,215912.6832984,7.949999999254942,9.355399990454316,4.627499991329387,2.019600011408329,0.0,True,ok,5114,5114
2993,113,11.3,24,215912.7071353,215912.7161237,8.351600001333281,8.988399989902973,4.9405999889131635,2.105499996105209,0.0,True,ok,5293,5293
2994,114,11.4,24,215912.740175,215912.749277,8.450699999229982,9.101999981794506,4.973599978256971,2.204899996286258,0.0,True,ok,5423,5423
2995,115,11.5,24,215912.7738734,215912.7838404,8.991199982119724,9.966999990865588,5.434999999124557,2.235299994936213,0.0,True,ok,5340,5340
2996,116,11.600000000000001,24,215912.8068652,215912.8183049,10.536899993894622,11.439699999755248,5.010900000343099,3.942999988794327,32.991799991577864,True,ok,5279,5279
2997,117,11.700000000000001,24,215912.84042,215912.8493821,8.127099979901686,8.96209999336861,4.655500000808388,2.18390001100488,0.0,True,ok,5498,5498
2998,118,11.8,24,215912.8736226,215912.8847824,9.838199999649078,11.159800022142008,6.067999987863004,2.4486999900545925,0.0,True,ok,5517,5517
2999,119,11.9,24,215912.9071724,215912.9166684,8.829300000797957,9.495999984210357,5.085599987069145,2.2385999909602106,0.0,True,ok,5266,5266
3000,0,0.0,25,215912.9428031,215912.9528435,8.595200022682548,10.040399996796623,5.085299984784797,2.290700009325519,0.0,True,ok,4708,4708
3001,1,0.1,25,215912.9734212,215912.9843211,10.46610000776127,10.899899993091822,6.795499997679144,2.3010000004433095,0.0,True,ok,4681,4681
3002,2,0.2,25,215913.006909,215913.0154786,7.918499992229044,8.5696000023745,4.746499995235354,1.9221999973524362,0.0,True,ok,4360,4360
3003,3,0.30000000000000004,25,215913.0404399,215913.0491687,8.15480001620017,8.728799992240965,4.707200016127899,2.2046999947633594,0.0,True,ok,4532,4532
3004,4,0.4,25,215913.0734851,215913.0838551,9.764399990672246,10.370000003604218,6.392700015567243,2.083699975628406,0.0,True,ok,4533,4533
3005,5,0.5,25,215913.1071627,215913.1162748,8.55769999907352,9.112100000493228,5.03449997631833,2.2649999882560223,0.0,True,ok,4334,4334
3006,6,0.6000000000000001,25,215913.1402906,215913.1490304,8.21550001273863,8.739800017792732,4.9888000066857785,2.003900008276105,0.0,True,ok,4462,4462
3007,7,0.7000000000000001,25,215913.1738841,215913.1842706,9.790899988729507,10.386500012828037,6.473199988249689,2.051000017672777,0.0,True,ok,4479,4479
3008,8,0.8,25,215913.2070756,215913.2167682,9.203900001011789,9.69260002602823,5.1611999806482345,2.400100027443841,0.0,True,ok,4534,4534
3009,9,0.9,25,215913.2406193,215913.2496503,8.3427999925334,9.030999994138256,5.033099994761869,2.0292999979574233,0.0,True,ok,4491,4491
3010,10,1.0,25,215913.2735592,215913.2832512,9.183699992718175,9.691999992355704,5.647000012686476,2.1997000148985535,0.0,True,ok,4600,4600
3011,11,1.1,25,215913.3070262,215913.3160535,8.632199984276667,9.02729999506846,5.398300010710955,1.9920000049751252,0.0,True,ok,4781,4781
3012,12,1.2000000000000002,25,215913.3401418,215913.3488153,8.127200009766966,8.673500007716939,4.828700009966269,1.9974999886471778,0.0,True,ok,5044,5044
3013,13,1.3,25,215913.37367,215913.3832227,8.667000016430393,9.552700008498505,5.039500014390796,2.2760999854654074,0.0,True,ok,4620,4620
3014,14,1.4000000000000001,25,215913.4071106,215913.4175812,9.935199981555343,10.470599983818829,6.4252000011038035,2.1782999974675477,0.0,True,ok,4785,4785
3015,15,1.5,25,215913.44031,215913.4506122,9.798699989914894,10.302199982106686,6.498899980215356,1.934700005222112,0.0,True,ok,5045,5045
3016,16,1.6,25,215913.4734852,215913.4838795,10.021900001447648,10.394300014013425,6.666500004939735,1.9987999985460192,0.0,True,ok,5382,5382
3017,17,1.7000000000000002,25,215913.5070554,215913.5163777,8.841900009429082,9.32230000034906,5.003700003726408,2.293099998496473,0.0,True,ok,5312,5312
3018,18,1.8,25,215913.5406867,215913.5501162,8.969999995315447,9.429500001715496,5.100799986394122,2.471200015861541,0.0,True,ok,5363,5363
3019,19,1.9000000000000001,25,215913.5739161,215913.5831231,8.55329999467358,9.206999995512888,4.90120000904426,2.2452999837696552,0.0,True,ok,5455,5455
3020,20,2.0,25,215913.6072902,215913.6193027,11.545400018803775,12.012500024866313,6.875399994896725,3.0960000003688037,0.0,True,ok,5508,5508
3021,21,2.1,25,215913.6405083,215913.6493236,8.391499985009432,8.815299981506541,5.108299985295162,1.8515000119805336,0.0,True,ok,5300,5300
3022,22,2.2,25,215913.6737548,215913.6853739,10.955499979900196,11.619099997915328,6.668099988019094,2.2384000185411423,0.0,True,ok,5384,5384
3023,23,2.3000000000000003,25,215913.707001,215913.7164718,8.81560001289472,9.470799996051937,5.282700003590435,2.163900004234165,0.0,True,ok,5355,5355
3024,24,2.4000000000000004,25,215913.7404574,215913.7493495,8.25849999091588,8.892099984223023,4.549500008579344,2.1994000126142055,0.0,True,ok,5072,5072
3025,25,2.5,25,215913.7735102,215913.7832736,9.30740000330843,9.763400012161583,5.606199993053451,2.3456999915651977,0.0,True,ok,4851,4851
3026,26,2.6,25,215913.8070675,215913.8171982,9.754600003361702,10.130700014997274,5.03150001168251,3.3678000036161393,0.0,True,ok,4933,4933
3027,27,2.7,25,215913.8406394,215913.8495921,8.324400027049705,8.952700009103864,4.7869999834802,2.136800001608208,0.0,True,ok,4889,4889
3028,28,2.8000000000000003,25,215913.8737591,215913.8844742,10.250099992845207,10.715099982917309,6.819600006565452,2.091300004394725,0.0,True,ok,4508,4508
3029,29,2.9000000000000004,25,215913.9068751,215913.915743,8.153499977197498,8.867900003679097,4.796400025952607,1.9373000250197947,0.0,True,ok,4516,4516
3030,30,3.0,25,215913.9403973,215913.9500902,9.222399996360764,9.692899999208748,5.666099983500317,2.0954000065103173,0.0,True,ok,4326,4326
3031,31,3.1,25,215913.9733656,215913.9839122,10.095900011947379,10.546600009547547,6.912000011652708,1.9128999847453088,32.96829998726025,True,ok,4407,4407
3032,32,3.2,25,215914.0069632,215914.0168497,9.534700016956776,9.886500018183142,4.666799999540672,1.9400999881327152,33.597600006032735,True,ok,4113,4113
3033,33,3.3000000000000003,25,215914.0401294,215914.049029,8.322799985762686,8.899599983124062,5.042500008130446,2.0109999750275165,0.0,True,ok,4211,4211
3034,34,3.4000000000000004,25,215914.0737941,215914.0842689,9.156100015388802,10.474800015799701,5.951900006039068,1.954499981366098,0.0,True,ok,4198,4198
3035,35,3.5,25,215914.1068747,215914.1161048,8.552499988581985,9.230099996784702,5.0571000028867275,2.2129999997559935,0.0,True,ok,4125,4125
3036,36,3.6,25,215914.1405651,215914.1491949,8.238400012487546,8.629799995105714,4.959300014888868,2.1149999811314046,0.0,True,ok,4267,4267
3037,37,3.7,25,215914.1734662,215914.1850777,10.897800006205216,11.611499998252839,7.071100000757724,2.38389999140054,0.0,True,ok,3805,3805
3038,38,3.8000000000000003,25,215914.2073023,215914.2159467,8.129099995130673,8.644399989861995,4.842100024688989,2.0763000065926462,0.0,True,ok,3921,3921
3039,39,3.9000000000000004,25,215914.24027,215914.2493867,8.450699999229982,9.116699977312237,4.800900002010167,2.312500000698492,0.0,True,ok,3864,3864
3040,40,4.0,25,215914.2737345,215914.282756,8.368500013602898,9.02150000911206,5.107599979965016,2.0247999927960336,0.0,True,ok,3828,3828
3041,41,4.1000000000000005,25,215914.3069856,215914.3158166,8.338299987372011,8.830999984638765,5.1488000026438385,1.9841000030282885,0.0,True,ok,3659,3659
3042,42,4.2,25,215914.3404716,215914.3508663,9.90000000456348,10.394699987955391,6.132899987278506,2.3643999884370714,0.0,True,ok,3989,3989
3043,43,4.3,25,215914.3735819,215914.3846354,10.553200001595542,11.053499998524785,7.295800023712218,1.9466000085230917,0.0,True,ok,4294,4294
3044,44,4.4,25,215914.4072606,215914.4169287,9.163000009721145,9.668099984992296,5.572900001425296,2.2761999862268567,0.0,True,ok,4623,4623
3045,45,4.5,25,215914.440142,215914.4493928,8.76379999681376,9.250799979781732,5.115800013300031,2.3233000247273594,0.0,True,ok,4708,4708
3046,46,4.6000000000000005,25,215914.4739138,215914.4822807,7.9849000030662864,8.366900001419708,4.873199999565259,1.7955999937839806,0.0,True,ok,4834,4834
3047,47,4.7,25,215914.5068005,215914.5157263,8.456499985186383,8.925799978896976,5.019300006097183,2.0892000175081193,0.0,True,ok,4677,4677
3048,48,4.800000000000001,25,215914.5405314,215914.5496395,7.91919999755919,9.108099999139085,4.709799977717921,1.9385000050533563,0.0,True,ok,4591,4591
3049,49,4.9,25,215914.5735812,215914.5829024,8.645900001283735,9.321199991973117,5.396199994720519,1.9431000109761953,0.0,True,ok,4442,4442
3050,50,5.0,25,215914.6070625,215914.6165598,8.812699990812689,9.497299994109198,4.923500004224479,2.592400007415563,0.0,True,ok,4408,4408
3051,51,5.1000000000000005,25,215914.6405144,215914.6496203,8.49120001657866,9.10590001149103,4.848000011406839,2.1742999961134046,0.0,True,ok,4418,4418
3052,52,5.2,25,215914.6734791,215914.6846596,10.603300004731864,11.180500005139038,7.1662999980617315,2.0849000138696283,0.0,True,ok,4600,4600
3053,53,5.300000000000001,25,215914.7068121,215914.7158815,8.576399995945394,9.069399995496497,5.109499994432554,2.1603000059258193,0.0,True,ok,4489,4489
3054,54,5.4,25,215914.7404032,215914.7496399,8.549499994842336,9.236699988832697,5.032800021581352,2.1909000060986727,0.0,True,ok,4625,4625
3055,55,5.5,25,215914.7738258,215914.7860786,10.898900014581159,12.25280002108775,6.754300004104152,2.5311000063084066,0.0,True,ok,4379,4379
3056,56,5.6000000000000005,25,215914.8067538,215914.815499,8.04210000205785,8.745200000703335,4.899400024442002,1.8901000148616731,0.0,True,ok,4212,4212
3057,57,5.7,25,215914.8403743,215914.8497057,8.652999997138977,9.331400011433288,5.181799991987646,2.2009999956935644,0.0,True,ok,4229,4229
3058,58,5.800000000000001,25,215914.873438,215914.8850415,10.950399999273941,11.603499995544553,7.3201000050175935,2.297200000612065,0.0,True,ok,4294,4294
3059,59,5.9,25,215914.9070271,215914.9165121,8.599900000263005,9.484999987762421,5.036699993070215,2.1828000026289374,0.0,True,ok,4337,4337
3060,60,6.0,25,215914.9406034,215914.9497881,8.712799986824393,9.184700000332668,4.99889999628067,2.2453999845311046,0.0,True,ok,4334,4334
3061,61,6.1000000000000005,25,215914.9737192,215914.9842119,9.152400016319007,10.49270000657998,5.857400014065206,2.0170999923720956,0.0,True,ok,4169,4169
3062,62,6.2,25,215915.0070398,215915.0165359,8.91770000453107,9.496100014075637,4.979199991794303,2.3176999820861965,0.0,True,ok,4172,4172
3063,63,6.300000000000001,25,215915.0404068,215915.0495679,8.472199988318607,9.161099995253608,4.906499991193414,2.2319000272545964,0.0,True,ok,4147,4147
3064,64,6.4,25,215915.0736411,215915.0823049,8.183999976608902,8.663799992064014,5.011800007196143,1.8582999764475971,0.0,True,ok,4178,4178
3065,65,6.5,25,215915.1071145,215915.116384,8.608400006778538,9.269500005757436,4.931200004648417,2.259300003061071,0.0,True,ok,4169,4169
3066,66,6.6000000000000005,25,215915.1402665,215915.1490767,8.276400010799989,8.810200000880286,4.888000024948269,2.0758000027853996,0.0,True,ok,4168,4168
3067,67,6.7,25,215915.1738778,215915.1846178,9.917499992297962,10.739999997895211,6.619899999350309,1.984399976208806,0.0,True,ok,4086,4086
3068,68,6.800000000000001,25,215915.2069383,215915.2158729,8.333300007507205,8.934600016800687,4.811599996173754,2.1924999891780317,0.0,True,ok,4379,4379
3069,69,6.9,25,215915.240334,215915.2496592,8.834499982185662,9.32519999332726,5.0094999896828085,2.3083999985828996,0.0,True,ok,4282,4282
3070,70,7.0,25,215915.2735928,215915.2830769,8.99339999887161,9.484100010013208,5.385800002841279,2.2819999721832573,0.0,True,ok,4247,4247
3071,71,7.1000000000000005,25,215915.307172,215915.3160073,8.45100000151433,8.835299988277256,5.07449998985976,2.0169999916106462,0.0,True,ok,4354,4354
3072,72,7.2,25,215915.3406512,215915.3499211,8.250099985161796,9.269899979699403,4.852399986702949,2.0209999929647893,33.479200006695464,True,ok,4628,4628
3073,73,7.300000000000001,25,215915.373702,215915.3845916,10.226600017631426,10.889600001974031,6.887099996674806,2.0092000195290893,0.0,True,ok,4287,4287
3074,74,7.4,25,215915.40683,215915.4162893,8.731699985219166,9.459299995796755,5.316099995980039,1.9920000049751252,0.0,True,ok,4455,4455
3075,75,7.5,25,215915.4405051,215915.4492917,8.188000007066876,8.786599995801225,4.896900005405769,1.8768000009004027,0.0,True,ok,4560,4560
3076,76,7.6000000000000005,25,215915.4737674,215915.4825876,8.18730000173673,8.820200018817559,4.825699987122789,2.008899988140911,0.0,True,ok,4662,4662
3077,77,7.7,25,215915.5069191,215915.5170452,9.439599991310388,10.126099979970604,5.996300023980439,1.9145999976899475,0.0,True,ok,4381,4381
3078,78,7.800000000000001,25,215915.5403304,215915.5491979,8.403199986787513,8.8675000006333,5.011299974285066,2.004899986786768,0.0,True,ok,4350,4350
3079,79,7.9,25,215915.5739755,215915.582758,8.31319999997504,8.782499993685633,4.782100004376844,2.1182000054977834,0.0,True,ok,4058,4058
3080,80,8.0,25,215915.6070892,215915.6162368,8.483300014631823,9.147600008873269,5.006799998227507,2.140999975381419,0.0,True,ok,4074,4074
3081,81,8.1,25,215915.6404768,215915.6503806,9.509099996648729,9.903800004394725,4.970199981471524,3.2408999977633357,0.0,True,ok,4080,4080
3082,82,8.200000000000001,25,215915.6737904,215915.68465,10.39630000013858,10.859600006369874,7.081200019456446,1.9727000035345554,0.0,True,ok,4288,4288
3083,83,8.3,25,215915.707293,215915.716349,8.444699982646853,9.055999980773777,5.019800009904429,2.1007000177633017,0.0,True,ok,4269,4269
3084,84,8.4,25,215915.7402564,215915.7492826,8.555800013709813,9.026200015796348,5.157899984624237,2.105499996105209,0.0,True,ok,3996,3996
3085,85,8.5,25,215915.7739328,215915.7857618,11.400200019124895,11.829000024590641,5.269899993436411,4.535599990049377,0.0,True,ok,4318,4318
3086,86,8.6,25,215915.8071148,215915.8162695,8.45389999449253,9.154700004728511,4.979400022421032,1.9735000096261501,0.0,True,ok,4410,4410
3087,87,8.700000000000001,25,215915.8401632,215915.8492894,8.478000003378838,9.126200020546094,5.132699996465817,1.9908999965991825,0.0,True,ok,4345,4345
3088,88,8.8,25,215915.8738066,215915.8829782,8.446200023172423,9.171600016998127,5.135400017024949,2.023300010478124,0.0,True,ok,3995,3995
3089,89,8.9,25,215915.9072439,215915.9162684,8.413600007770583,9.02450000285171,5.096099979709834,1.9782999879680574,0.0,True,ok,4114,4114
3090,90,9.0,25,215915.9402813,215915.9495583,8.497999981045723,9.277000004658476,5.130099976668134,2.0228000066708773,0.0,True,ok,4407,4407
3091,91,9.1,25,215915.9737523,215915.9849478,10.755700001027435,11.195500002941117,6.703299994114786,2.4744000111240894,0.0,True,ok,4504,4504
3092,92,9.200000000000001,25,215916.0071415,215916.0161916,8.459200005745515,9.050099994055927,4.862400004640222,2.192100015236065,0.0,True,ok,4602,4602
3093,93,9.3,25,215916.0401088,215916.0494348,8.581899979617447,9.325999999418855,4.694999981438741,2.3893000034149736,0.0,True,ok,4719,4719
3094,94,9.4,25,215916.0737952,215916.0833867,8.475399983581156,9.591499983798712,4.895499994745478,2.108800021233037,0.0,True,ok,4623,4623
3095,95,9.5,25,215916.1070159,215916.1162049,8.662600012030452,9.18900000397116,4.996600007871166,2.12610000744462,0.0,True,ok,4555,4555
3096,96,9.600000000000001,25,215916.1404298,215916.1492808,8.422499988228083,8.85099999140948,4.813999985344708,2.2265999868977815,0.0,True,ok,4902,4902
3097,97,9.700000000000001,25,215916.1737412,215916.1831146,8.773199981078506,9.373399981996045,5.258100020000711,2.060300001176074,0.0,True,ok,4793,4793
3098,98,9.8,25,215916.2070299,215916.2163808,8.841800008667633,9.350900014396757,5.226500012213364,2.2668999736197293,0.0,True,ok,4857,4857
3099,99,9.9,25,215916.2403961,215916.2493,8.27029999345541,8.903899986762553,4.897500009974465,1.9925000087823719,0.0,True,ok,4985,4985
3100,100,10.0,25,215916.2735719,215916.2837076,9.613700007321313,10.13569999486208,6.2107999983709306,1.9678000244311988,0.0,True,ok,4973,4973
3101,101,10.100000000000001,25,215916.3071582,215916.316078,8.333500009030104,8.919799991417676,4.90410000202246,2.047399990260601,0.0,True,ok,4507,4507
3102,102,10.200000000000001,25,215916.3406089,215916.3493836,8.3030000096187,8.774699992500246,4.900899977656081,2.043699991190806,0.0,True,ok,4834,4834
3103,103,10.3,25,215916.3740692,215916.3832599,8.720100013306364,9.190699987811968,5.370400001993403,2.005499991355464,0.0,True,ok,4943,4943
3104,104,10.4,25,215916.4070749,215916.4157583,8.237000001827255,8.683399995788932,4.7848999965935946,2.0299000025261194,0.0,True,ok,5082,5082
3105,105,10.5,25,215916.440386,215916.4492175,8.18000000435859,8.831499988446012,4.740100004710257,2.0929999882355332,0.0,True,ok,4986,4986
3106,106,10.600000000000001,25,215916.473697,215916.4822859,8.115300006465986,8.58890000381507,4.732999979751185,2.0711999968625605,0.0,True,ok,5037,5037
3107,107,10.700000000000001,25,215916.5073467,215916.5164888,8.420700003625825,9.142099996097386,4.993099981220439,2.0714999991469085,0.0,True,ok,5162,5162
3108,108,10.8,25,215916.5404411,215916.5496078,8.652199991047382,9.16670000879094,5.215600016526878,2.1149999811314046,0.0,True,ok,4884,4884
3109,109,10.9,25,215916.5734483,215916.5828961,8.83030000841245,9.447799995541573,5.564599996432662,1.97199999820441,0.0,True,ok,4890,4890
3110,110,11.0,25,215916.6070831,215916.6164692,8.853300008922815,9.386099991388619,5.239399994025007,2.2726000170223415,0.0,True,ok,4848,4848
3111,111,11.100000000000001,25,215916.6404498,215916.6490445,7.968199992319569,8.59469998977147,4.618800012394786,2.0193999807816,0.0,True,ok,5030,5030
3112,112,11.200000000000001,25,215916.6735388,215916.6840414,9.99039999442175,10.502599994651973,6.691899994621053,1.9459000031929463,0.0,True,ok,5114,5114
3113,113,11.3,25,215916.7071105,215916.7161426,8.4080999949947,9.032100002514198,4.609099996741861,2.265799994347617,0.0,True,ok,5293,5293
3114,114,11.4,25,215916.7404468,215916.7492524,8.290400000987574,8.805600024061278,4.725700011476874,2.229100005934015,0.0,True,ok,5423,5423
3115,115,11.5,25,215916.7736929,215916.782643,8.431000023847446,8.950100018410012,4.753999994136393,2.2619999945163727,0.0,True,ok,5340,5340
3116,116,11.600000000000001,25,215916.8072041,215916.8163476,8.622099994681776,9.143499977653846,5.065800010925159,2.2154999896883965,0.0,True,ok,5279,5279
3117,117,11.700000000000001,25,215916.8404972,215916.8505869,8.810600003926083,10.08969999384135,4.870900011155754,2.437999995891005,0.0,True,ok,5498,5498
3118,118,11.8,25,215916.8735067,215916.8846467,10.70320000872016,11.139999987790361,6.916799989994615,2.391200017882511,0.0,True,ok,5517,5517
3119,119,11.9,25,215916.9072801,215916.91599,8.242900017648935,8.709900022950023,4.714200011221692,2.17800002428703,0.0,True,ok,5266,5266
3120,0,0.0,26,215916.9424009,215916.9509339,8.060499996645376,8.532999985618517,4.583900008583441,2.1927999914623797,35.120800021104515,True,ok,4708,4708
3121,1,0.1,26,215916.9737032,215916.9839636,9.795200021471828,10.260400013066828,6.527799996547401,1.8856999813579023,0.0,True,ok,4681,4681
3122,2,0.2,26,215917.0072268,215917.0158724,7.9415999935008585,8.645599998999387,4.753099987283349,1.8909999926108867,0.0,True,ok,4360,4360
3123,3,0.30000000000000004,26,215917.0404775,215917.049245,8.071499993093312,8.767499995883554,4.64780000038445,2.1209999977145344,0.0,True,ok,4532,4532
3124,4,0.4,26,215917.0739496,215917.082774,8.360400010133162,8.8244000216946,5.0635999941732734,2.0034000044688582,0.0,True,ok,4533,4533
3125,5,0.5,26,215917.1070597,215917.1159672,8.410299982642755,8.9074999850709,5.022200028179213,2.092299982905388,0.0,True,ok,4334,4334
3126,6,0.6000000000000001,26,215917.1401647,215917.1488121,8.20360000943765,8.647400012705475,4.798399982973933,2.10390001302585,0.0,True,ok,4462,4462
3127,7,0.7000000000000001,26,215917.1739662,215917.1844581,9.417299996130168,10.491900000488386,6.011699995724484,1.9822999893222004,0.0,True,ok,4479,4479
3128,8,0.8,26,215917.2072241,215917.2159877,8.289799996418878,8.76359999529086,5.0580000097397715,1.9047000096179545,0.0,True,ok,4534,4534
3129,9,0.9,26,215917.240435,215917.2492048,8.091299998341128,8.769799984293059,4.709700006060302,1.9982000230811536,0.0,True,ok,4491,4491
3130,10,1.0,26,215917.2738323,215917.2832103,8.911299984902143,9.377999987918884,5.278099997667596,2.182000025641173,0.0,True,ok,4600,4600
3131,11,1.1,26,215917.3072414,215917.3164542,8.488699997542426,9.212799981469288,5.1337000040803105,2.0542000129353255,0.0,True,ok,4781,4781
3132,12,1.2000000000000002,26,215917.3404494,215917.3495514,8.678199985297397,9.101999981794506,5.181499989703298,2.1394999930635095,0.0,True,ok,5044,5044
3133,13,1.3,26,215917.3737771,215917.3844618,10.191399982431903,10.684699984267354,6.691099988529459,2.2084999945946038,33.32769998814911,True,ok,4620,4620
3134,14,1.4000000000000001,26,215917.4067524,215917.4157147,8.498000010149553,8.96229999489151,5.128300021169707,2.0515999931376427,0.0,True,ok,4785,4785
3135,15,1.5,26,215917.4400966,215917.4489461,8.336099999723956,8.84949997998774,4.9174000159837306,2.096599986543879,0.0,True,ok,5045,5045
3136,16,1.6,26,215917.4736133,215917.4843494,10.355400008847937,10.736099997302517,6.882799993036315,2.0911000028718263,0.0,True,ok,5382,5382
3137,17,1.7000000000000002,26,215917.5068878,215917.5154404,8.1415000022389,8.552599989343435,4.860700020799413,1.9309000053908676,0.0,True,ok,5312,5312
3138,18,1.8,26,215917.540544,215917.54941,8.27779999235645,8.86600001831539,4.8356000042986125,2.026700007263571,0.0,True,ok,5363,5363
3139,19,1.9000000000000001,26,215917.5736836,215917.5836639,8.880600013071671,9.980300004826859,5.277899996144697,2.230399986729026,0.0,True,ok,5455,5455
3140,20,2.0,26,215917.6071598,215917.6174033,9.755500010214746,10.243500000797212,4.863300011493266,2.218100009486079,33.476200012955815,True,ok,5508,5508
3141,21,2.1,26,215917.640233,215917.6490923,8.420800004387274,8.859299996402115,4.900300002191216,2.14830000186339,0.0,True,ok,5300,5300
3142,22,2.2,26,215917.6738831,215917.6837525,9.381999989273027,9.869399975286797,4.77369999862276,3.1593999883625656,0.0,True,ok,5384,5384
3143,23,2.3000000000000003,26,215917.706982,215917.7168121,9.329199994681403,9.830099996179342,4.914199991617352,2.363300009164959,33.09889999218285,True,ok,5355,5355
3144,24,2.4000000000000004,26,215917.7406955,215917.7503127,8.87319998582825,9.61720000486821,5.2284999983385205,2.209800004493445,0.0,True,ok,5072,5072
3145,25,2.5,26,215917.7736615,215917.7832996,8.977299992693588,9.638100018491969,5.296700022881851,2.35130000510253,0.0,True,ok,4851,4851
3146,26,2.6,26,215917.8067978,215917.8154592,8.13560001552105,8.66140000289306,4.739399999380112,1.9574000034481287,0.0,True,ok,4933,4933
3147,27,2.7,26,215917.8404116,215917.8493994,8.36959999287501,8.987800014438108,5.070499988505617,1.9480999908410013,0.0,True,ok,4889,4889
3148,28,2.8000000000000003,26,215917.8737205,215917.8846172,10.160100006032735,10.896699997829273,6.771499989554286,2.1284999966155738,0.0,True,ok,4508,4508
3149,29,2.9000000000000004,26,215917.9068038,215917.9169079,9.63500002399087,10.104100016178563,6.345300003886223,2.00159999076277,0.0,True,ok,4516,4516
3150,30,3.0,26,215917.940234,215917.9488087,8.1073000037577,8.574699983000755,4.807999997865409,2.037500002188608,0.0,True,ok,4326,4326
3151,31,3.1,26,215917.9735297,215917.9842261,10.278300003847107,10.696400015149266,7.063700002618134,1.9583999819587916,0.0,True,ok,4407,4407
3152,32,3.2,26,215918.0071692,215918.0158728,8.034900005441159,8.703600004082546,4.733999987365678,2.0234000112395734,0.0,True,ok,4113,4113
3153,33,3.3000000000000003,26,215918.040616,215918.0494524,8.3740999980364,8.8363999966532,5.084699980216101,2.0503999840002507,0.0,True,ok,4211,4211
3154,34,3.4000000000000004,26,215918.0735297,215918.0823256,8.10889998683706,8.795900008408353,4.833200015127659,2.0437999919522554,0.0,True,ok,4198,4198
3155,35,3.5,26,215918.1072133,215918.1160111,8.26000000233762,8.79779999377206,4.900500003714114,2.1502000163309276,0.0,True,ok,4125,4125
3156,36,3.6,26,215918.1405493,215918.1493219,8.205999998608604,8.77260000561364,4.878000007010996,2.140199998393655,0.0,True,ok,4267,4267
3157,37,3.7,26,215918.1740584,215918.1827144,8.174699993105605,8.655999990878627,4.90259999060072,2.0271000103093684,33.50910000153817,True,ok,3805,3805
3158,38,3.8000000000000003,26,215918.2071622,215918.2160291,8.311600016895682,8.866899996064603,4.923700005747378,2.1707999985665083,0.0,True,ok,3921,3921
3159,39,3.9000000000000004,26,215918.2404163,215918.2497445,8.65709999925457,9.32820001617074,4.87750000320375,2.193499996792525,0.0,True,ok,3864,3864
3160,40,4.0,26,215918.273834,215918.2829415,7.931499974802136,9.10749999457039,4.817899985937402,1.965299976291135,0.0,True,ok,3828,3828
3161,41,4.1000000000000005,26,215918.3068176,215918.3155946,8.222699980251491,8.77699998090975,5.2207999979145825,1.876299997093156,0.0,True,ok,3659,3659
3162,42,4.2,26,215918.3405714,215918.3496547,8.394200005568564,9.083299984922633,4.975100018782541,2.221100003225729,0.0,True,ok,3989,3989
3163,43,4.3,26,215918.3738408,215918.3843609,9.2984999937471,10.520100011490285,6.185400008689612,1.9709000189322978,0.0,True,ok,4294,4294
3164,44,4.4,26,215918.4069683,215918.4162458,8.546500001102686,9.277500008465722,5.1188999786973,2.2262999846134335,0.0,True,ok,4623,4623
3165,45,4.5,26,215918.4404462,215918.4499498,9.041800018167123,9.503600012976676,5.29229998937808,2.364400017540902,0.0,True,ok,4708,4708
3166,46,4.6000000000000005,26,215918.4735426,215918.4844628,10.410499991849065,10.920200002146885,6.942100008018315,2.251300000352785,0.0,True,ok,4834,4834
3167,47,4.7,26,215918.5067814,215918.5153671,8.123399980831891,8.585699979448691,4.691999987699091,2.218999987235293,0.0,True,ok,4677,4677
3168,48,4.800000000000001,26,215918.5406312,215918.5491154,7.757899991702288,8.484199992381036,4.683399980422109,1.8610999977681786,0.0,True,ok,4591,4591
3169,49,4.9,26,215918.57362,215918.582465,8.157200005371124,8.845000003930181,4.94409998646006,2.006399998208508,0.0,True,ok,4442,4442
3170,50,5.0,26,215918.6070462,215918.616069,8.5667000093963,9.022800019010901,5.305800004862249,2.053100004559383,0.0,True,ok,4408,4408
3171,51,5.1000000000000005,26,215918.6401722,215918.6491141,8.52360000135377,8.941900014178827,5.16200001584366,2.1473000233527273,0.0,True,ok,4418,4418
3172,52,5.2,26,215918.673601,215918.6846663,10.393599979579449,11.065300001064315,7.090999977663159,1.993100013351068,0.0,True,ok,4600,4600
3173,53,5.300000000000001,26,215918.7073539,215918.7166234,8.555699983844534,9.269499976653606,5.369799997424707,2.0109000033698976,33.75290002441034,True,ok,4489,4489
3174,54,5.4,26,215918.740483,215918.7504556,9.41860000602901,9.97260000440292,4.673200019169599,3.4551999997347593,0.0,True,ok,4625,4625
3175,55,5.5,26,215918.7738957,215918.7828665,8.37540000793524,8.970800001407042,4.86270000692457,2.285700000356883,0.0,True,ok,4379,4379
3176,56,5.6000000000000005,26,215918.8070838,215918.8156025,8.138199977111071,8.518699993146583,5.16189998597838,1.8444000161252916,0.0,True,ok,4212,4212
3177,57,5.7,26,215918.8401888,215918.8500207,9.101599978748709,9.8318999807816,4.992700007278472,2.3416999902110547,0.0,True,ok,4229,4229
3178,58,5.800000000000001,26,215918.8736571,215918.8846729,10.552299994742498,11.01580000249669,7.112899998901412,2.196200017351657,0.0,True,ok,4294,4294
3179,59,5.9,26,215918.90687,215918.9169716,9.624099999200553,10.10159999714233,5.2986000082455575,3.0453000217676163,0.0,True,ok,4337,4337
3180,60,6.0,26,215918.9405215,215918.9492468,8.102399995550513,8.7253000237979,4.733899986604229,2.221700007794425,0.0,True,ok,4334,4334
3181,61,6.1000000000000005,26,215918.9736495,215918.9823281,8.235200017224997,8.678600017447025,4.879799991613254,2.158499992219731,0.0,True,ok,4169,4169
3182,62,6.2,26,215919.0069064,215919.0154894,7.9511999792885035,8.58299998799339,4.9291999894194305,1.8288000137545168,0.0,True,ok,4172,4172
3183,63,6.300000000000001,26,215919.0401209,215919.0490816,8.26430000597611,8.96070001181215,4.946500004734844,2.1383999846875668,0.0,True,ok,4147,4147
3184,64,6.4,26,215919.0738289,215919.082677,8.370199997443706,8.84809999843128,5.149000004166737,2.0394999883137643,0.0,True,ok,4178,4178
3185,65,6.5,26,215919.1070671,215919.1156722,7.907899998826906,8.60509998165071,4.869399999734014,1.8764999986160547,0.0,True,ok,4169,4169
3186,66,6.6000000000000005,26,215919.140358,215919.1487779,7.922599994344637,8.41989999753423,4.665099986596033,1.9483999931253493,0.0,True,ok,4168,4168
3187,67,6.7,26,215919.1735772,215919.1825207,8.155200019245967,8.943499997258186,4.932700016070157,2.070000016828999,0.0,True,ok,4086,4086
3188,68,6.800000000000001,26,215919.2073853,215919.2163288,8.473800000501797,8.943499997258186,4.941499995766208,2.2966999968048185,0.0,True,ok,4379,4379
3189,69,6.9,26,215919.2404559,215919.2494711,8.339099993463606,9.015199990244582,4.857899999478832,1.9592999888118356,0.0,True,ok,4282,4282
3190,70,7.0,26,215919.2738494,215919.2833443,8.840399998007342,9.494900004938245,5.023300007451326,2.618699974846095,0.0,True,ok,4247,4247
3191,71,7.1000000000000005,26,215919.3071536,215919.3155497,8.02579999435693,8.39609999093227,4.993500013370067,1.8306999991182238,33.304200012935326,True,ok,4354,4354
3192,72,7.2,26,215919.3401344,215919.3492113,8.065500005614012,9.076899994397536,4.91289998171851,1.9631999894045293,0.0,True,ok,4628,4628
3193,73,7.300000000000001,26,215919.3737074,215919.3848529,10.20240000798367,11.145500000566244,6.7365999857429415,2.166699996450916,0.0,True,ok,4287,4287
3194,74,7.4,26,215919.4067728,215919.4157192,8.110100025078282,8.946400019340217,4.808899975614622,2.0813000155612826,0.0,True,ok,4455,4455
3195,75,7.5,26,215919.4404114,215919.449765,8.851699996739626,9.353600005852059,5.595599999651313,2.0531999762170017,0.0,True,ok,4560,4560
3196,76,7.6000000000000005,26,215919.4734383,215919.4823567,8.497700007865205,8.918400009861216,5.278299999190494,1.9865999929606915,0.0,True,ok,4662,4662
3197,77,7.7,26,215919.5072412,215919.5161377,8.425600011833012,8.896500017726794,5.262799997581169,2.0052000181749463,0.0,True,ok,4381,4381
3198,78,7.800000000000001,26,215919.5405505,215919.549324,8.204799989471212,8.773499983362854,4.983099992386997,2.0259000011719763,0.0,True,ok,4350,4350
3199,79,7.9,26,215919.5736158,215919.5825977,8.493300003465265,8.981899998616427,5.303999991156161,2.0146000024396926,0.0,True,ok,4058,4058
3200,80,8.0,26,215919.6074311,215919.6166905,8.094399992842227,9.259399987058714,4.929999995511025,1.9745000172406435,33.815300004789606,True,ok,4074,4074
3201,81,8.1,26,215919.6401569,215919.6488312,8.32799999625422,8.674300013808534,5.310300010023639,1.9351999799255282,0.0,True,ok,4080,4080
3202,82,8.200000000000001,26,215919.6738518,215919.6839921,8.942200016463175,10.140300000784919,5.697999993572012,2.047900023171678,0.0,True,ok,4288,4288
3203,83,8.3,26,215919.7071176,215919.7156262,8.06150000425987,8.508600003551692,4.899499996099621,2.0032000029459596,0.0,True,ok,4269,4269
3204,84,8.4,26,215919.7402541,215919.7494975,8.403499989071861,9.243399981642142,5.202000000281259,2.04899997333996,0.0,True,ok,3996,3996
3205,85,8.5,26,215919.7737308,215919.7822761,8.079700026428327,8.545300021069124,4.778000002261251,2.0834000024478883,0.0,True,ok,4318,4318
3206,86,8.6,26,215919.8071564,215919.8173272,9.681700001237914,10.170800000196323,6.442399986553937,2.059899998130277,0.0,True,ok,4410,4410
3207,87,8.700000000000001,26,215919.8405596,215919.849408,8.367600006749853,8.848400000715628,5.099000001791865,2.0269000087864697,0.0,True,ok,4345,4345
3208,88,8.8,26,215919.873765,215919.8833185,8.8333000021521,9.5535000145901,4.964499996276572,2.4474000092595816,0.0,True,ok,3995,3995
3209,89,8.9,26,215919.9067914,215919.9157748,8.341300010215491,8.983400010038167,5.097799992654473,2.0391999860294163,0.0,True,ok,4114,4114
3210,90,9.0,26,215919.9402065,215919.9485465,7.752000004984438,8.34000000031665,4.617099999450147,1.9489999976940453,0.0,True,ok,4407,4407
3211,91,9.1,26,215919.9736305,215919.9841133,9.705099975690246,10.482799989404157,6.3293999992311,2.1597000013571233,0.0,True,ok,4504,4504
3212,92,9.200000000000001,26,215920.0070021,215920.017017,9.508100018138066,10.014900006353855,5.905199999688193,2.4167000083252788,0.0,True,ok,4602,4602
3213,93,9.3,26,215920.040523,215920.0499439,8.676600002218038,9.420899994438514,4.783100011991337,2.2090999991633,0.0,True,ok,4719,4719
3214,94,9.4,26,215920.0735252,215920.0828376,8.805899997241795,9.312400012277067,5.382000003010035,2.186099998652935,0.0,True,ok,4623,4623
3215,95,9.5,26,215920.1071191,215920.1159725,8.163999998942018,8.853400009684265,4.714000009698793,2.2413000115193427,0.0,True,ok,4555,4555
3216,96,9.600000000000001,26,215920.1403814,215920.149648,8.068299997830763,9.266599983675405,4.825900017749518,2.062999992631376,0.0,True,ok,4902,4902
3217,97,9.700000000000001,26,215920.1742666,215920.1833607,8.062200009590015,9.0941000089515,4.777900001499802,2.069700014544651,0.0,True,ok,4793,4793
3218,98,9.8,26,215920.2068385,215920.2158351,8.314600010635331,8.996600023237988,5.087400000775233,2.0469999872148037,0.0,True,ok,4857,4857
3219,99,9.9,26,215920.240357,215920.2493267,8.034600003156811,8.9696999930311,4.793800006154925,2.0068000012543052,0.0,True,ok,4985,4985
3220,100,10.0,26,215920.2736428,215920.2822153,8.030500001041219,8.5724999953527,4.9057000142056495,1.900699979159981,0.0,True,ok,4973,4973
3221,101,10.100000000000001,26,215920.3069726,215920.3167281,8.523500000592321,9.755500010214746,5.2838000119663775,1.947999990079552,0.0,True,ok,4507,4507
3222,102,10.200000000000001,26,215920.3404921,215920.3491961,7.988099998328835,8.704000007128343,4.704300023149699,2.0872000022791326,0.0,True,ok,4834,4834
3223,103,10.3,26,215920.3735025,215920.3827783,8.675199991557747,9.275799995521083,5.532800016226247,1.9162000098731369,0.0,True,ok,4943,4943
3224,104,10.4,26,215920.4068914,215920.4173027,9.059100004378706,10.41129999794066,5.8490999799687415,1.9772000086959451,0.0,True,ok,5082,5082
3225,105,10.5,26,215920.4407039,215920.4495995,7.836399978259578,8.89559998176992,4.651800001738593,2.010399999562651,33.812500012572855,True,ok,4986,4986
3226,106,10.600000000000001,26,215920.4733345,215920.4845676,10.78609999967739,11.233099998207763,7.571800000732765,2.0038000075146556,0.0,True,ok,5037,5037
3227,107,10.700000000000001,26,215920.5070154,215920.5166922,8.937200007494539,9.676799993030727,5.169599986402318,2.1007999894209206,0.0,True,ok,5162,5162
3228,108,10.8,26,215920.5401829,215920.5492842,8.58600001083687,9.101300005568191,5.258099990896881,2.1542999893426895,0.0,True,ok,4884,4884
3229,109,10.9,26,215920.5735062,215920.582628,8.640999993076548,9.121800016146153,5.559699988225475,1.890199986519292,0.0,True,ok,4890,4890
3230,110,11.0,26,215920.6071459,215920.6165846,8.957400015788153,9.438700013561174,5.118300003232434,2.27580001228489,0.0,True,ok,4848,4848
3231,111,11.100000000000001,26,215920.6404969,215920.6503459,9.35480001498945,9.848999994574115,6.176199996843934,1.9156000053044409,0.0,True,ok,5030,5030
3232,112,11.200000000000001,26,215920.673594,215920.6829099,8.111300005111843,9.315900009823963,4.85080000362359,2.047099987976253,0.0,True,ok,5114,5114
3233,113,11.3,26,215920.707278,215920.7162043,8.26000000233762,8.926300011808053,4.827299999305978,2.1829000033903867,0.0,True,ok,5293,5293
3234,114,11.4,26,215920.7403825,215920.7493153,8.459200005745515,8.932800003094599,5.083199997898191,2.136299997800961,0.0,True,ok,5423,5423
3235,115,11.5,26,215920.7736278,215920.7845826,10.465200000908226,10.954800003673881,5.732899997383356,2.749600011156872,0.0,True,ok,5340,5340
3236,116,11.600000000000001,26,215920.8073,215920.8163885,8.422100014286116,9.088500024517998,4.962999984854832,2.231899998150766,0.0,True,ok,5279,5279
3237,117,11.700000000000001,26,215920.8403216,215920.8523583,10.748000000603497,12.036700005410239,5.079399998066947,4.399299999931827,0.0,True,ok,5498,5498
3238,118,11.8,26,215920.8737414,215920.8844581,10.035199986305088,10.716699995100498,6.6577999969013035,2.068500005407259,0.0,True,ok,5517,5517
3239,119,11.9,26,215920.906889,215920.9159597,8.360300009371713,9.070700005395338,4.8248000093735754,2.3181000142358243,0.0,True,ok,5266,5266
3240,0,0.0,27,215920.9435169,215920.9539237,9.239800012437627,10.40679999277927,5.38859999505803,2.633099997183308,0.0,True,ok,4708,4708
3241,1,0.1,27,215920.9735405,215920.9840428,9.897800016915426,10.502299992367625,6.731700006639585,1.9380000012461096,0.0,True,ok,4681,4681
3242,2,0.2,27,215921.0068472,215921.015905,8.331699995324016,9.057799994479865,5.0641999987419695,2.0306000078562647,0.0,True,ok,4360,4360
3243,3,0.30000000000000004,27,215921.0407883,215921.0499703,8.389499998884276,9.182000008877367,5.001400015316904,2.176899986807257,0.0,True,ok,4532,4532
3244,4,0.4,27,215921.0738533,215921.0829066,8.100100007141009,9.053299989318475,4.770300001837313,2.1023000008426607,0.0,True,ok,4533,4533
3245,5,0.5,27,215921.1070636,215921.1163896,8.830200007651001,9.325999999418855,5.222200008574873,2.3615999962203205,0.0,True,ok,4334,4334
3246,6,0.6000000000000001,27,215921.1406079,215921.1490823,8.081199979642406,8.474400005070493,4.901899985270575,1.9847000075969845,0.0,True,ok,4462,4462
3247,7,0.7000000000000001,27,215921.1737735,215921.1843881,10.069099982501939,10.614600003464147,6.812199979322031,2.0250999950803816,0.0,True,ok,4479,4479
3248,8,0.8,27,215921.2069839,215921.2154607,8.029000018723309,8.476800023345277,4.826099990168586,1.972600002773106,0.0,True,ok,4534,4534
3249,9,0.9,27,215921.2404495,215921.249276,8.368599985260516,8.826499979477376,5.046200007200241,2.0970999903511256,0.0,True,ok,4491,4491
3250,10,1.0,27,215921.273974,215921.2833847,8.694499992998317,9.410699974978343,5.131000012625009,2.326600020751357,0.0,True,ok,4600,4600
3251,11,1.1,27,215921.3072151,215921.3161552,8.368300012079999,8.94010000047274,4.994100017938763,2.061400009552017,0.0,True,ok,4781,4781
3252,12,1.2000000000000002,27,215921.3403906,215921.3500992,9.054900001501665,9.708600002340972,4.819199995836243,2.9510000022128224,0.0,True,ok,5044,5044
3253,13,1.3,27,215921.3738012,215921.3848275,10.203500016359612,11.026299995137379,6.580999994184822,2.1689000132028013,0.0,True,ok,4620,4620
3254,14,1.4000000000000001,27,215921.4070056,215921.41591,8.428300003288314,8.90440001967363,4.965200001606718,2.1938999998383224,0.0,True,ok,4785,4785
3255,15,1.5,27,215921.4402393,215921.4489024,8.207500010030344,8.6631000158377,4.899199993815273,2.0360999915283173,0.0,True,ok,5045,5045
3256,16,1.6,27,215921.4736732,215921.4851475,10.42910001706332,11.474300001282245,6.300100008957088,2.808199991704896,0.0,True,ok,5382,5382
3257,17,1.7000000000000002,27,215921.5069689,215921.5160225,8.578100008890033,9.053599991602823,4.825500014703721,2.418699994450435,0.0,True,ok,5312,5312
3258,18,1.8,27,215921.5404641,215921.5493449,8.088700007647276,8.88080001459457,4.7553000040352345,1.9910999981220812,33.495199983008206,True,ok,5363,5363
3259,19,1.9000000000000001,27,215921.5735401,215921.5827384,8.734600007301196,9.198299987474456,5.10560002294369,2.3281000030692667,0.0,True,ok,5455,5455
3260,20,2.0,27,215921.6072169,215921.6174982,9.553700016112998,10.281299997586757,4.7723000170663,3.4633999748621136,0.0,True,ok,5508,5508
3261,21,2.1,27,215921.6405158,215921.6501251,8.908199990401044,9.609299973817542,5.746299983002245,1.8263000238221139,0.0,True,ok,5300,5300
3262,22,2.2,27,215921.6735804,215921.6844548,10.410799994133413,10.874400002649054,6.876900006318465,2.1920000144746155,0.0,True,ok,5384,5384
3263,23,2.3000000000000003,27,215921.7072423,215921.7170747,8.708399982424453,9.832399984588847,5.163800000445917,2.224800002295524,0.0,True,ok,5355,5355
3264,24,2.4000000000000004,27,215921.7402415,215921.749316,8.215700014261529,9.074500005226582,4.772100015543401,2.159600000595674,32.999199989717454,True,ok,5072,5072
3265,25,2.5,27,215921.7739213,215921.7842365,9.073699999134988,10.315200022887439,4.919099999824539,2.8566000110004097,0.0,True,ok,4851,4851
3266,26,2.6,27,215921.8071352,215921.8172723,9.038999996846542,10.13709997641854,5.665500008035451,2.0515999931376427,0.0,True,ok,4933,4933
3267,27,2.7,27,215921.8403794,215921.8494225,8.364800014533103,9.043099998962134,4.88190000760369,2.06389999948442,0.0,True,ok,4889,4889
3268,28,2.8000000000000003,27,215921.8738428,215921.882776,8.290199999464676,8.933200006140396,4.732900008093566,2.2659999958705157,0.0,True,ok,4508,4508
3269,29,2.9000000000000004,27,215921.9070958,215921.9158936,8.148599998094141,8.79779999377206,4.885300004389137,2.008099982049316,0.0,True,ok,4516,4516
3270,30,3.0,27,215921.9405214,215921.9492635,8.106799999950454,8.742099977098405,4.806199984159321,2.053200005320832,0.0,True,ok,4326,4326
3271,31,3.1,27,215921.9737971,215921.9838656,8.737399999517947,10.068499977933243,5.577599979005754,1.9206000142730772,0.0,True,ok,4407,4407
3272,32,3.2,27,215922.0069514,215922.0163846,8.735099982004613,9.433200000785291,5.499299993971363,2.0012000168208033,0.0,True,ok,4113,4113
3273,33,3.3000000000000003,27,215922.0401211,215922.048952,7.9901000135578215,8.830900012981147,4.731599998194724,2.0069000020157546,0.0,True,ok,4211,4211
3274,34,3.4000000000000004,27,215922.0736484,215922.0826435,8.49989999551326,8.995100011816248,5.164000001968816,2.1074999822303653,0.0,True,ok,4198,4198
3275,35,3.5,27,215922.107065,215922.1163972,8.570000005420297,9.332200017524883,5.057699978351593,2.2889999963808805,0.0,True,ok,4125,4125
3276,36,3.6,27,215922.1401364,215922.1486169,8.089200011454523,8.480499993311241,4.909399984171614,1.9845000060740858,0.0,True,ok,4267,4267
3277,37,3.7,27,215922.1738967,215922.1848947,9.503700013738126,10.99800001247786,6.279900000663474,2.0188000053167343,0.0,True,ok,3805,3805
3278,38,3.8000000000000003,27,215922.2070159,215922.2155808,8.11759999487549,8.564899995690212,4.88930000574328,2.047900023171678,0.0,True,ok,3921,3921
3279,39,3.9000000000000004,27,215922.2404034,215922.2509741,9.35619999654591,10.570699989330024,5.956499982858077,2.1465000172611326,0.0,True,ok,3864,3864
3280,40,4.0,27,215922.2738791,215922.2825959,8.193100016796961,8.716800017282367,4.968399996869266,2.0337000023573637,33.47569998004474,True,ok,3828,3828
3281,41,4.1000000000000005,27,215922.3068607,215922.3160661,8.858099987264723,9.205400012433529,5.79009999637492,1.9131000153720379,0.0,True,ok,3659,3659
3282,42,4.2,27,215922.3405025,215922.3496094,8.420199999818578,9.106899990001693,4.928400012431666,2.271699981065467,0.0,True,ok,3989,3989
3283,43,4.3,27,215922.373518,215922.3846042,10.433099989313632,11.086199985584244,7.294499984709546,1.9169000152032822,0.0,True,ok,4294,4294
3284,44,4.4,27,215922.4073605,215922.4167674,8.539599977666512,9.406900004250929,5.020800017518923,2.2284000006038696,0.0,True,ok,4623,4623
3285,45,4.5,27,215922.4403074,215922.4496433,8.852099999785423,9.335900016594678,5.215000011958182,2.3784000077284873,0.0,True,ok,4708,4708
3286,46,4.6000000000000005,27,215922.4739894,215922.4844055,9.985799988498911,10.416100005386397,6.59459998132661,2.110700006596744,0.0,True,ok,4834,4834
3287,47,4.7,27,215922.5069814,215922.5159396,8.397500001592562,8.958200021879748,4.864799993811175,2.1220000053290278,0.0,True,ok,4677,4677
3288,48,4.800000000000001,27,215922.5403898,215922.5504711,9.395700006280094,10.081299988087267,6.028899981174618,2.099600009387359,0.0,True,ok,4591,4591
3289,49,4.9,27,215922.5736309,215922.5831939,8.900400018319488,9.562999999616295,5.208300019148737,2.4378999951295555,0.0,True,ok,4442,4442
3290,50,5.0,27,215922.6069007,215922.6166255,8.7993000051938,9.724800009280443,4.832600010558963,2.669100009370595,0.0,True,ok,4408,4408
3291,51,5.1000000000000005,27,215922.6405797,215922.649386,8.334999991348013,8.806300000287592,4.939300008118153,2.1216000022832304,0.0,True,ok,4418,4418
3292,52,5.2,27,215922.6735254,215922.6847643,10.627100011333823,11.238900013267994,7.2398000047542155,2.0779000187758356,0.0,True,ok,4600,4600
3293,53,5.300000000000001,27,215922.7071168,215922.715984,8.398300007684156,8.867199998348951,5.103800009237602,2.0201999868731946,0.0,True,ok,4489,4489
3294,54,5.4,27,215922.740251,215922.7490656,8.259199996246025,8.814599976176396,4.7697999980300665,2.2305000165943056,0.0,True,ok,4625,4625
3295,55,5.5,27,215922.7739375,215922.7828413,8.443500002613291,8.903800015104935,4.962400009389967,2.207200013799593,0.0,True,ok,4379,4379
3296,56,5.6000000000000005,27,215922.8069693,215922.8169671,9.576899989042431,9.99779999256134,6.24789998983033,2.128200023435056,0.0,True,ok,4212,4212
3297,57,5.7,27,215922.8405832,215922.849983,8.92219998058863,9.399799979291856,5.304000020259991,2.35130000510253,0.0,True,ok,4229,4229
3298,58,5.800000000000001,27,215922.8738796,215922.8849804,10.364999994635582,11.100800009444356,6.712400005199015,2.2327000042423606,0.0,True,ok,4294,4294
3299,59,5.9,27,215922.9069627,215922.9160169,8.565399999497458,9.05419999617152,5.05229999544099,2.21800000872463,0.0,True,ok,4337,4337
3300,60,6.0,27,215922.9406018,215922.9498718,7.968399993842468,9.270000009564683,4.588100011460483,2.171300002373755,0.0,True,ok,4334,4334
3301,61,6.1000000000000005,27,215922.9735077,215922.9845959,9.792500000912696,11.08820000081323,6.333199999062344,2.197499998146668,0.0,True,ok,4169,4169
3302,62,6.2,27,215923.0070661,215923.0161932,8.525599987478927,9.127099998295307,5.073400010587648,2.1394999930635095,0.0,True,ok,4172,4172
3303,63,6.300000000000001,27,215923.0404273,215923.0495409,8.595900028012693,9.113600011914968,4.795100016053766,2.2230000176932663,0.0,True,ok,4147,4147
3304,64,6.4,27,215923.0737385,215923.0824206,8.238000009441748,8.68209998589009,4.8285000084433705,2.13199999416247,0.0,True,ok,4178,4178
3305,65,6.5,27,215923.1067743,215923.1162411,8.811300009256229,9.466800023801625,4.826299991691485,2.7159000164829195,0.0,True,ok,4169,4169
3306,66,6.6000000000000005,27,215923.1401398,215923.1490862,8.532899984857067,8.946399990236387,5.12190000154078,1.982499990845099,0.0,True,ok,4168,4168
3307,67,6.7,27,215923.1734922,215923.1847651,10.813000000780448,11.272900010226294,7.4841000023297966,1.9778000132646412,0.0,True,ok,4086,4086
3308,68,6.800000000000001,27,215923.207205,215923.2164778,8.809799997834489,9.272799972677603,5.148700001882389,2.2102000075392425,0.0,True,ok,4379,4379
3309,69,6.9,27,215923.2403398,215923.2502486,9.407800011103973,9.908800013363361,5.805400025565177,2.182099997298792,0.0,True,ok,4282,4282
3310,70,7.0,27,215923.2739815,215923.282707,8.244099997682497,8.725499996216968,4.663100000470877,2.2632000036537647,0.0,True,ok,4247,4247
3311,71,7.1000000000000005,27,215923.306943,215923.3155305,8.20509999175556,8.587499993154779,5.098099994938821,1.8214999872725457,0.0,True,ok,4354,4354
3312,72,7.2,27,215923.3402363,215923.3491059,8.169800014002249,8.869600016623735,4.847599979257211,1.9988999993074685,0.0,True,ok,4628,4628
3313,73,7.300000000000001,27,215923.3738563,215923.3847432,10.260500013828278,10.88690001051873,6.853300001239404,2.0143000001553446,0.0,True,ok,4287,4287
3314,74,7.4,27,215923.407442,215923.4181137,9.567300003254786,10.671700001694262,6.2627000152133405,1.9666000152938068,0.0,True,ok,4455,4455
3315,75,7.5,27,215923.4406984,215923.4498097,8.482999983243644,9.111299994401634,5.034800007706508,2.107000007526949,0.0,True,ok,4560,4560
3316,76,7.6000000000000005,27,215923.4735639,215923.4839225,9.957000002032146,10.358599975006655,6.700199999613687,1.9171999883837998,32.86550001939759,True,ok,4662,4662
3317,77,7.7,27,215923.5072284,215923.5162708,8.429400011664256,9.042399993631989,5.082100018626079,2.0234000112395734,0.0,True,ok,4381,4381
3318,78,7.800000000000001,27,215923.5406885,215923.5494538,8.22429999243468,8.765299979131669,4.947699984768406,1.9743000157177448,0.0,True,ok,4350,4350
3319,79,7.9,27,215923.5736633,215923.5828839,8.639900013804436,9.220600011758506,5.369599995901808,1.9366000196896493,0.0,True,ok,4058,4058
3320,80,8.0,27,215923.6068622,215923.6163259,8.85839998954907,9.463700000196695,5.665100004989654,1.9403999904170632,0.0,True,ok,4074,4074
3321,81,8.1,27,215923.6401056,215923.6487251,8.243100019171834,8.619500003987923,5.120899993926287,1.8853000074159354,0.0,True,ok,4080,4080
3322,82,8.200000000000001,27,215923.6734812,215923.6852595,11.084400000981987,11.778299987781793,7.335100002819672,1.9929000118281692,0.0,True,ok,4288,4288
3323,83,8.3,27,215923.7073632,215923.7165808,8.320100023411214,9.217600018018857,4.986200015991926,2.024899993557483,0.0,True,ok,4269,4269
3324,84,8.4,27,215923.7406754,215923.751534,9.433900006115437,10.85859999875538,6.0683999909088016,1.9412999972701073,0.0,True,ok,3996,3996
3325,85,8.5,27,215923.7739001,215923.7830366,8.395500015467405,9.136500011663884,4.889200004981831,2.1726999839302152,0.0,True,ok,4318,4318
3326,86,8.6,27,215923.8072066,215923.8170328,9.337399998912588,9.826199995586649,5.332100001396611,2.431000000797212,0.0,True,ok,4410,4410
3327,87,8.700000000000001,27,215923.8402136,215923.8493058,8.598799991887063,9.092199994483963,5.216299992753193,1.9929000118281692,0.0,True,ok,4345,4345
3328,88,8.8,27,215923.8738388,215923.8828778,8.349300012923777,9.038999996846542,4.979799996362999,2.0690000092145056,0.0,True,ok,3995,3995
3329,89,8.9,27,215923.9070998,215923.9162203,8.210399973904714,9.120499977143481,4.878599982475862,2.0456000056583434,33.26100000413135,True,ok,4114,4114
3330,90,9.0,27,215923.9403437,215923.9491219,8.300499990582466,8.778199990047142,4.97970002470538,2.0146000024396926,0.0,True,ok,4407,4407
3331,91,9.1,27,215923.9735042,215923.9843495,10.376000020187348,10.84530001389794,6.8789999932050705,2.1695000177714974,0.0,True,ok,4504,4504
3332,92,9.200000000000001,27,215924.0072923,215924.0169483,8.273800020106137,9.656000009272248,4.889399977400899,2.0490000024437904,0.0,True,ok,4602,4602
3333,93,9.3,27,215924.0404923,215924.0499558,8.623200003057718,9.463499998673797,4.804700001841411,2.406300016446039,0.0,True,ok,4719,4719
3334,94,9.4,27,215924.0739341,215924.0827144,8.30889999633655,8.780300006037578,4.776499990839511,2.153899986296892,33.441799983847886,True,ok,4623,4623
3335,95,9.5,27,215924.1069354,215924.1162032,8.49110001581721,9.267800021916628,4.92039998061955,2.2139000066090375,0.0,True,ok,4555,4555
3336,96,9.600000000000001,27,215924.1403422,215924.1491835,8.320399996591732,8.841300004860386,4.716299998108298,2.2112999868113548,33.40680000837892,True,ok,4902,4902
3337,97,9.700000000000001,27,215924.1737867,215924.1852361,10.902499983785674,11.449399986304343,7.4862999899778515,1.9846000068355352,0.0,True,ok,4793,4793
3338,98,9.8,27,215924.2068657,215924.215639,8.181799988960847,8.773300010943785,4.743900004541501,2.0864999969489872,0.0,True,ok,4857,4857
3339,99,9.9,27,215924.2405623,215924.2491998,7.939999981317669,8.637499995529652,4.563900001812726,2.0243999897502363,0.0,True,ok,4985,4985
3340,100,10.0,27,215924.2737449,215924.2841339,9.888499975204468,10.38899997365661,6.473699992056936,2.0032000029459596,0.0,True,ok,4973,4973
3341,101,10.100000000000001,27,215924.3068097,215924.3158283,8.576399995945394,9.01859998703003,5.026400001952425,2.20610000542365,0.0,True,ok,4507,4507
3342,102,10.200000000000001,27,215924.3401866,215924.3491313,8.316699997521937,8.944700006395578,4.801500006578863,2.0106000010855496,0.0,True,ok,4834,4834
3343,103,10.3,27,215924.3737963,215924.3854314,10.927600000286475,11.6351000033319,6.256599997868761,2.9762999911326915,0.0,True,ok,4943,4943
3344,104,10.4,27,215924.4070197,215924.4176745,9.422100003575906,10.654799989424646,5.006799998227507,2.9443000094033778,0.0,True,ok,5082,5082
3345,105,10.5,27,215924.4399488,215924.448949,8.44960001995787,9.000200021546334,4.981300007784739,2.038499980699271,0.0,True,ok,4986,4986
3346,106,10.600000000000001,27,215924.4738346,215924.4919976,17.640500009292737,18.16300000064075,14.062500005820766,2.16760000330396,0.0,True,ok,5037,5037
3347,107,10.700000000000001,27,215924.5068901,215924.5164659,9.080499992705882,9.575800009770319,4.918599996017292,2.22389999544248,0.0,True,ok,5162,5162
3348,108,10.8,27,215924.5406044,215924.5497161,8.552900020731613,9.111699997447431,4.837999993469566,2.355000004172325,0.0,True,ok,4884,4884
3349,109,10.9,27,215924.5737567,215924.584839,10.528999991947785,11.08229998499155,6.538499990710989,2.3224999895319343,0.0,True,ok,4890,4890
3350,110,11.0,27,215924.6068881,215924.6156664,8.154899987857789,8.778299990808591,4.554699989967048,2.2757999831810594,33.13140000682324,True,ok,4848,4848
3351,111,11.100000000000001,27,215924.6403806,215924.6488747,7.928400009404868,8.49410000955686,4.574199992930517,1.9632999901659787,0.0,True,ok,5030,5030
3352,112,11.200000000000001,27,215924.6741031,215924.6848737,10.159600002225488,10.770599998068064,6.228099984582514,2.471899992087856,0.0,True,ok,5114,5114
3353,113,11.3,27,215924.706887,215924.715714,8.290099998703226,8.826999983284622,4.519999987678602,2.315299992915243,0.0,True,ok,5293,5293
3354,114,11.4,27,215924.7402454,215924.7491816,8.32079999963753,8.936199999880046,4.580600012559444,2.2723999863956124,0.0,True,ok,5423,5423
3355,115,11.5,27,215924.7735215,215924.7850375,10.86899999063462,11.515999998664483,7.171899982495233,2.223399991635233,0.0,True,ok,5340,5340
3356,116,11.600000000000001,27,215924.8070577,215924.8165764,8.860299974912778,9.518699982436374,4.820000001927838,2.6237999845761806,0.0,True,ok,5279,5279
3357,117,11.700000000000001,27,215924.8403902,215924.8501649,9.029400011058897,9.774700010893866,5.209399998420849,2.1781999967060983,0.0,True,ok,5498,5498
3358,118,11.8,27,215924.8739369,215924.8856375,11.1756999976933,11.700600007316098,7.011300011072308,2.6591999921947718,0.0,True,ok,5517,5517
3359,119,11.9,27,215924.9069225,215924.9171138,8.992400020360947,10.191300010774285,5.280699988361448,2.299299987498671,0.0,True,ok,5266,5266
3360,0,0.0,28,215924.9426945,215924.9526428,8.702299994183704,9.948299993993714,4.866500006755814,2.2849000233691186,0.0,True,ok,4708,4708
3361,1,0.1,28,215924.9737268,215924.9846292,10.383799992268905,10.902399983024225,6.792300002416596,2.0981000270694494,0.0,True,ok,4681,4681
3362,2,0.2,28,215925.007174,215925.0162401,8.61099999747239,9.066099999472499,4.960099991876632,2.126700012013316,0.0,True,ok,4360,4360
3363,3,0.30000000000000004,28,215925.0402147,215925.0496285,8.794000023044646,9.413799998583272,5.407499993452802,2.039900020463392,0.0,True,ok,4532,4532
3364,4,0.4,28,215925.0738372,215925.0834384,9.088599996175617,9.601199999451637,5.537799996091053,2.1268999844323844,0.0,True,ok,4533,4533
3365,5,0.5,28,215925.1073103,215925.1163379,8.541199989849702,9.027599997352809,4.9882000021170825,2.221700007794425,0.0,True,ok,4334,4334
3366,6,0.6000000000000001,28,215925.1405163,215925.1492788,8.25710000935942,8.762500016018748,4.934700002195314,1.950799982296303,0.0,True,ok,4462,4462
3367,7,0.7000000000000001,28,215925.1740488,215925.1843901,9.432999999262393,10.341300017898902,6.011299992678687,2.054300013696775,0.0,True,ok,4479,4479
3368,8,0.8,28,215925.2071016,215925.2161796,8.562999981222674,9.077999973669648,5.007600004319102,2.147299994248897,0.0,True,ok,4534,4534
3369,9,0.9,28,215925.2403919,215925.2497147,8.77700001001358,9.322800004156306,4.7135999775491655,2.0588000188581645,33.29029999440536,True,ok,4491,4491
3370,10,1.0,28,215925.2737476,215925.2841963,9.88219998544082,10.448699991684407,6.061799998860806,2.3910999880172312,0.0,True,ok,4600,4600
3371,11,1.1,28,215925.3067817,215925.3154048,7.858900004066527,8.623100002296269,4.586499999277294,1.887399994302541,0.0,True,ok,4781,4781
3372,12,1.2000000000000002,28,215925.3403621,215925.3494765,8.484199992381036,9.114400018006563,5.05079998401925,2.064600004814565,0.0,True,ok,5044,5044
3373,13,1.3,28,215925.3737285,215925.3838909,9.662800002843142,10.16239999444224,6.17390000843443,2.1373000054154545,0.0,True,ok,4620,4620
3374,14,1.4000000000000001,28,215925.4073833,215925.416968,8.619700005510822,9.584700019331649,4.958700010320172,2.244800009066239,0.0,True,ok,4785,4785
3375,15,1.5,28,215925.4404108,215925.449869,8.931599993957207,9.458200016524643,5.191700009163469,2.0192000083625317,0.0,True,ok,5045,5045
3376,16,1.6,28,215925.4734773,215925.4824641,8.388299989746884,8.986800006823614,4.696799995144829,2.1075999829918146,0.0,True,ok,5382,5382
3377,17,1.7000000000000002,28,215925.5070283,215925.5161275,8.573900006012991,9.099200018681586,5.1382000092417,1.9943999941460788,0.0,True,ok,5312,5312
3378,18,1.8,28,215925.5404772,215925.5496293,8.379499980947003,9.152099984930828,4.832599981455132,2.069599984679371,0.0,True,ok,5363,5363
3379,19,1.9000000000000001,28,215925.5734599,215925.5827737,8.77420001779683,9.313799993833527,4.923899978166446,2.205500000854954,0.0,True,ok,5455,5455
3380,20,2.0,28,215925.6070433,215925.6162819,8.718800003407523,9.238600003300235,5.067300022346899,2.1462000149767846,0.0,True,ok,5508,5508
3381,21,2.1,28,215925.6400835,215925.648982,8.382400003029034,8.89850000385195,4.9319999816361815,1.9942999933846295,0.0,True,ok,5300,5300
3382,22,2.2,28,215925.6735931,215925.6826263,8.384699991438538,9.033200010890141,4.671800008509308,2.2666999720968306,0.0,True,ok,5384,5384
3383,23,2.3000000000000003,28,215925.7070919,215925.7167019,8.887900010449812,9.610000008251518,4.796299996087328,2.5197000068146735,0.0,True,ok,5355,5355
3384,24,2.4000000000000004,28,215925.7405684,215925.7498493,8.77989997388795,9.280899976147339,4.78109999676235,2.2709000040777028,0.0,True,ok,5072,5072
3385,25,2.5,28,215925.7736309,215925.7826727,8.353700017323717,9.041800018167123,4.554100014502183,2.404500002739951,0.0,True,ok,4851,4851
3386,26,2.6,28,215925.8068366,215925.8157145,8.36219999473542,8.877899992512539,4.993999988073483,1.9554000173229724,0.0,True,ok,4933,4933
3387,27,2.7,28,215925.8405526,215925.8503558,9.24509999458678,9.803199995076284,5.202500004088506,2.4037999974098057,0.0,True,ok,4889,4889
3388,28,2.8000000000000003,28,215925.8738146,215925.8836637,9.239899984095246,9.849099995335564,5.4222000180743635,2.2401000023819506,0.0,True,ok,4508,4508
3389,29,2.9000000000000004,28,215925.9069641,215925.9160628,8.58150000567548,9.098700014874339,4.996900010155514,2.1831000049132854,0.0,True,ok,4516,4516
3390,30,3.0,28,215925.9405405,215925.9495554,8.433600014541298,9.014899987960234,4.432600020663813,2.11130001116544,0.0,True,ok,4326,4326
3391,31,3.1,28,215925.9738727,215925.9834315,8.881899993866682,9.558799996739253,5.583699996350333,1.9961999787483364,0.0,True,ok,4407,4407
3392,32,3.2,28,215926.0069369,215926.0175012,9.934800007613376,10.564299998804927,4.864199989242479,3.736999991815537,0.0,True,ok,4113,4113
3393,33,3.3000000000000003,28,215926.0401452,215926.0503803,9.615299990400672,10.235099995043129,4.694799979915842,3.597999981138855,0.0,True,ok,4211,4211
3394,34,3.4000000000000004,28,215926.0738414,215926.0825108,7.96360001550056,8.669400005601346,4.654799995478243,2.011000004131347,0.0,True,ok,4198,4198
3395,35,3.5,28,215926.1068277,215926.1161954,8.920000022044405,9.367700025904924,5.1494000072125345,2.295800019055605,0.0,True,ok,4125,4125
3396,36,3.6,28,215926.1405779,215926.149248,8.004800009075552,8.670100010931492,4.6818999981042,2.1095999982208014,0.0,True,ok,4267,4267
3397,37,3.7,28,215926.1739638,215926.1835722,8.557200024370104,9.608399996068329,4.597599996486679,2.1514000254683197,0.0,True,ok,3805,3805
3398,38,3.8000000000000003,28,215926.2072079,215926.2165399,8.833500003674999,9.331999986898154,4.938999976729974,2.2299000120256096,0.0,True,ok,3921,3921
3399,39,3.9000000000000004,28,215926.2401979,215926.2488467,8.064499997999519,8.648799994261935,4.745699989143759,2.114100003382191,0.0,True,ok,3864,3864
3400,40,4.0,28,215926.2737618,215926.2820469,7.704900024691597,8.28510001883842,4.599200008669868,1.8432999786455184,0.0,True,ok,3828,3828
3401,41,4.1000000000000005,28,215926.3071037,215926.3152796,7.705500000156462,8.175900002242997,4.608499992173165,1.8689999997150153,0.0,True,ok,3659,3659
3402,42,4.2,28,215926.340898,215926.3496708,8.260700007667765,8.772800007136539,4.614300007233396,2.3809999984223396,0.0,True,ok,3989,3989
3403,43,4.3,28,215926.3735466,215926.3838236,9.911099972669035,10.276999993948266,6.709699984639883,1.953200000571087,0.0,True,ok,4294,4294
3404,44,4.4,28,215926.4072809,215926.417493,9.738299995660782,10.212099994532764,6.325500027742237,2.147899998817593,0.0,True,ok,4623,4623
3405,45,4.5,28,215926.4406666,215926.4501692,8.92369999201037,9.502599976258352,5.156300001544878,2.440899988869205,0.0,True,ok,4708,4708
3406,46,4.6000000000000005,28,215926.4738865,215926.482483,8.078000013483688,8.596500003477558,4.651600000215694,2.126000006683171,0.0,True,ok,4834,4834
3407,47,4.7,28,215926.5072663,215926.5167574,8.230600011302158,9.491100005107,4.703500017058104,2.161899989005178,0.0,True,ok,4677,4677
3408,48,4.800000000000001,28,215926.5402759,215926.5491654,8.44210002105683,8.88949999352917,5.111899983603507,2.073100011330098,0.0,True,ok,4591,4591
3409,49,4.9,28,215926.5736903,215926.5842653,10.155500000109896,10.575000022072345,6.587299983948469,2.070799993816763,0.0,True,ok,4442,4442
3410,50,5.0,28,215926.6067566,215926.6157512,8.505500009050593,8.994600008009002,5.094599997391924,2.1622999920509756,0.0,True,ok,4408,4408
3411,51,5.1000000000000005,28,215926.6402197,215926.6496969,8.271300001069903,9.477200015680864,4.826899996260181,2.1625999943353236,0.0,True,ok,4418,4418
3412,52,5.2,28,215926.673456,215926.6829336,9.000300022307783,9.477600018726662,5.567200016230345,2.1588999952655286,0.0,True,ok,4600,4600
3413,53,5.300000000000001,28,215926.7070174,215926.7158058,8.386400004383177,8.788399980403483,5.144999973708764,1.9752999942284077,0.0,True,ok,4489,4489
3414,54,5.4,28,215926.7405346,215926.7495374,8.481700002448633,9.002800012240186,4.749099985929206,2.44909999310039,0.0,True,ok,4625,4625
3415,55,5.5,28,215926.7736178,215926.7845676,9.93259999086149,10.949799994705245,6.4962999895215034,2.180599985877052,0.0,True,ok,4379,4379
3416,56,5.6000000000000005,28,215926.8072281,215926.8164002,8.631700009573251,9.172100020805374,5.4364000097848475,2.024500019615516,0.0,True,ok,4212,4212
3417,57,5.7,28,215926.8401909,215926.8488446,8.058200008235872,8.653700002469122,4.648000001907349,2.1566000068560243,0.0,True,ok,4229,4229
3418,58,5.800000000000001,28,215926.8736864,215926.8838634,9.812400006921962,10.17699998919852,6.470899999840185,2.0952000049874187,0.0,True,ok,4294,4294
3419,59,5.9,28,215926.9067921,215926.9158488,8.562900009565055,9.056700015207753,5.057399976067245,2.220800000941381,0.0,True,ok,4337,4337
3420,60,6.0,28,215926.940397,215926.9492944,8.432500006165355,8.897399995476007,5.090299993753433,2.135200018528849,0.0,True,ok,4334,4334
3421,61,6.1000000000000005,28,215926.9735755,215926.9845306,10.471699992194772,10.95510000595823,7.034200010821223,2.1865000016987324,0.0,True,ok,4169,4169
3422,62,6.2,28,215927.0071139,215927.0155573,7.77700002072379,8.443400001851842,4.711300018243492,1.8093999824486673,0.0,True,ok,4172,4172
3423,63,6.300000000000001,28,215927.040557,215927.0489618,7.824700005585328,8.404799998970702,4.574799997499213,2.0644000032916665,0.0,True,ok,4147,4147
3424,64,6.4,28,215927.0736057,215927.0825736,8.068199997069314,8.967900008428842,4.832699982216582,2.004800015129149,33.04869998828508,True,ok,4178,4178
3425,65,6.5,28,215927.1070355,215927.1160125,8.060899999691173,8.97699999040924,4.745800019009039,2.0705000206362456,0.0,True,ok,4169,4169
3426,66,6.6000000000000005,28,215927.1401423,215927.1491143,8.47180001437664,8.972000010544434,4.530999984126538,2.70690000616014,0.0,True,ok,4168,4168
3427,67,6.7,28,215927.1735492,215927.1821446,8.114399999612942,8.595399995101616,5.0033000006806105,1.8967000069096684,0.0,True,ok,4086,4086
3428,68,6.800000000000001,28,215927.2072974,215927.216448,8.61989997792989,9.150600002612919,4.778000002261251,2.239599998574704,0.0,True,ok,4379,4379
3429,69,6.9,28,215927.2402051,215927.2490594,8.25260000419803,8.854299987433478,4.583500005537644,2.146699989680201,0.0,True,ok,4282,4282
3430,70,7.0,28,215927.2735985,215927.2824426,8.352900011232123,8.844099997077137,4.869800002779812,2.2533000155817717,0.0,True,ok,4247,4247
3431,71,7.1000000000000005,28,215927.3071561,215927.3158006,8.122299972455949,8.644499990623444,5.01079999958165,1.8485999898985028,0.0,True,ok,4354,4354
3432,72,7.2,28,215927.3405094,215927.349196,8.206900005461648,8.68659999105148,5.033599998569116,1.951699989149347,0.0,True,ok,4628,4628
3433,73,7.300000000000001,28,215927.3736257,215927.3821759,8.059500018134713,8.550200000172481,4.7765999916009605,2.0383000082802027,0.0,True,ok,4287,4287
3434,74,7.4,28,215927.4069507,215927.4154902,7.972099992912263,8.539499976905063,4.879300016909838,1.8734000041149557,0.0,True,ok,4455,4455
3435,75,7.5,28,215927.4402485,215927.4490856,8.25539999641478,8.837100001983345,4.862000001594424,2.1023000008426607,0.0,True,ok,4560,4560
3436,76,7.6000000000000005,28,215927.4737677,215927.4828767,8.420199999818578,9.10900000599213,4.897699982393533,2.235299994936213,0.0,True,ok,4662,4662
3437,77,7.7,28,215927.5069111,215927.5167683,9.292800008552149,9.8571999988053,5.129199998918921,2.9104000132065266,0.0,True,ok,4381,4381
3438,78,7.800000000000001,28,215927.5405559,215927.5498514,8.27180000487715,9.29550000000745,5.173899990040809,1.8483999883756042,0.0,True,ok,4350,4350
3439,79,7.9,28,215927.5738219,215927.5837917,8.7399999902118,9.96979998308234,4.879499989328906,2.380599995376542,0.0,True,ok,4058,4058
3440,80,8.0,28,215927.6074447,215927.6161014,8.196499984478578,8.656699996208772,5.030800006352365,1.9114000024273992,0.0,True,ok,4074,4074
3441,81,8.1,28,215927.6403837,215927.6494708,8.219800016377121,9.087100013857707,4.952500021317974,2.0560999982990324,0.0,True,ok,4080,4080
3442,82,8.200000000000001,28,215927.6738355,215927.6829087,8.490000007441267,9.073199995327741,5.219100014073774,2.043999993475154,0.0,True,ok,4288,4288
3443,83,8.3,28,215927.7072015,215927.716349,8.66279998444952,9.14750000811182,4.959199985023588,2.0696000137832016,0.0,True,ok,4269,4269
3444,84,8.4,28,215927.7405517,215927.7510643,9.529200004180893,10.512600012589246,6.469799991464242,1.9195999775547534,33.350200013956055,True,ok,3996,3996
3445,85,8.5,28,215927.7737046,215927.7821429,8.035999984713271,8.438299992121756,4.775899986270815,2.0729000098071992,33.152899995911866,True,ok,4318,4318
3446,86,8.6,28,215927.8069916,215927.8162046,8.538699999917299,9.213000012096018,5.300599994370714,2.0176000252831727,0.0,True,ok,4410,4410
3447,87,8.700000000000001,28,215927.8404621,215927.8491237,8.0761999997776,8.66160000441596,4.827400000067428,2.011900010984391,0.0,True,ok,4345,4345
3448,88,8.8,28,215927.8736267,215927.8823424,8.222100004786626,8.715700008906424,5.124199989950284,1.9075999734923244,0.0,True,ok,3995,3995
3449,89,8.9,28,215927.9073061,215927.9163281,8.54599999729544,9.021999983815476,5.123599985381588,2.0705999922938645,0.0,True,ok,4114,4114
3450,90,9.0,28,215927.9403787,215927.9490823,8.227600017562509,8.703600004082546,4.977300006430596,2.052800002275035,0.0,True,ok,4407,4407
3451,91,9.1,28,215927.9736948,215927.9846625,10.333300015190616,10.967700014589354,6.860699999378994,2.243599999928847,0.0,True,ok,4504,4504
3452,92,9.200000000000001,28,215928.0068097,215928.0159744,8.58439999865368,9.164700022665784,4.450899985386059,2.918299986049533,0.0,True,ok,4602,4602
3453,93,9.3,28,215928.0404964,215928.049814,8.385699999053031,9.317599993664771,4.95740000042133,2.1957999852020293,0.0,True,ok,4719,4719
3454,94,9.4,28,215928.0736145,215928.084026,9.991099999751896,10.411499999463558,6.602500012377277,2.164899982744828,0.0,True,ok,4623,4623
3455,95,9.5,28,215928.1067885,215928.1158693,8.402900013606995,9.08079999499023,4.934900003718212,2.2558999771717936,0.0,True,ok,4555,4555
3456,96,9.600000000000001,28,215928.1404463,215928.1492078,8.061899978201836,8.761499979300424,4.680300015024841,2.1964999905321747,0.0,True,ok,4902,4902
3457,97,9.700000000000001,28,215928.1734537,215928.1824938,8.422400016570464,9.040100005222484,5.097899993415922,2.0616000110749155,0.0,True,ok,4793,4793
3458,98,9.8,28,215928.2072299,215928.21596,8.069200004683807,8.730100002139807,4.895600024610758,2.0062999974470586,0.0,True,ok,4857,4857
3459,99,9.9,28,215928.2401631,215928.2494613,8.747799991397187,9.298199991462752,5.342899996321648,2.21350000356324,0.0,True,ok,4985,4985
3460,100,10.0,28,215928.2739519,215928.2825684,8.163799997419119,8.616500010248274,5.044299992732704,1.8870000203605741,0.0,True,ok,4973,4973
3461,101,10.100000000000001,28,215928.3068022,215928.3151792,7.918199989944696,8.3769999910146,4.713200003607199,2.0038999791722745,32.85030002007261,True,ok,4507,4507
3462,102,10.200000000000001,28,215928.3407494,215928.3508089,8.957999991253018,10.059499996714294,5.749100004322827,1.9899999897461385,0.0,True,ok,4834,4834
3463,103,10.3,28,215928.3737689,215928.3828738,8.516600006259978,9.104900003876537,5.410299985669553,1.9181999959982932,0.0,True,ok,4943,4943
3464,104,10.4,28,215928.4069071,215928.4155703,8.20380001096055,8.663200016599149,4.957799974363297,2.037800004472956,0.0,True,ok,5082,5082
3465,105,10.5,28,215928.4404093,215928.44929,8.3398999995552,8.88069998472929,5.122500006109476,2.03569998848252,0.0,True,ok,4986,4986
3466,106,10.600000000000001,28,215928.4738048,215928.4823232,8.06290001492016,8.518399990862235,4.769599996507168,2.1078999852761626,0.0,True,ok,5037,5037
3467,107,10.700000000000001,28,215928.506948,215928.5158656,8.430499990936369,8.917600003769621,5.124599992996082,2.119900018442422,0.0,True,ok,5162,5162
3468,108,10.8,28,215928.5406564,215928.5498342,8.05999999283813,9.177800006000325,4.832000005990267,2.0363999938126653,0.0,True,ok,4884,4884
3469,109,10.9,28,215928.5739458,215928.5839154,9.303800005000085,9.969600010663271,6.131500005722046,2.000999986194074,0.0,True,ok,4890,4890
3470,110,11.0,28,215928.6069897,215928.6161886,8.663399989018217,9.198899992043152,5.220500024734065,2.271399978781119,0.0,True,ok,4848,4848
3471,111,11.100000000000001,28,215928.640298,215928.6506724,9.897499985527247,10.374399978900328,6.599799991818145,1.9940999918617308,0.0,True,ok,5030,5030
3472,112,11.200000000000001,28,215928.6735459,215928.6841386,9.498100000200793,10.592699982225895,5.832299997564405,2.2437000006902963,0.0,True,ok,5114,5114
3473,113,11.3,28,215928.7070547,215928.7163742,8.843100018566474,9.319500008132309,5.342100019333884,2.2505999950226396,0.0,True,ok,5293,5293
3474,114,11.4,28,215928.7402771,215928.7501448,9.31190000846982,9.867699991445988,5.074200016679242,2.9993999924045056,0.0,True,ok,5423,5423
3475,115,11.5,28,215928.7738965,215928.7840515,9.053399990079924,10.15499999630265,5.39599999319762,2.38540000282228,0.0,True,ok,5340,5340
3476,116,11.600000000000001,28,215928.8072691,215928.8161305,8.25109999277629,8.86139998328872,4.885200003627688,2.1772999898530543,0.0,True,ok,5279,5279
3477,117,11.700000000000001,28,215928.8405653,215928.8509587,9.893899987218902,10.39340000716038,6.45829999120906,2.2338000126183033,0.0,True,ok,5498,5498
3478,118,11.8,28,215928.8738028,215928.8841874,9.951599990017712,10.3845999983605,6.762700009858236,2.0229000074323267,0.0,True,ok,5517,5517
3479,119,11.9,28,215928.9070098,215928.9181471,10.671700001694262,11.13729999633506,5.392799997935072,4.024299996672198,0.0,True,ok,5266,5266
3480,0,0.0,29,215928.9425061,215928.9511993,8.131800015689805,8.693200012203306,4.787000012584031,2.187699981732294,0.0,True,ok,4708,4708
3481,1,0.1,29,215928.9737761,215928.982724,7.979799993336201,8.947900001658127,4.713200003607199,2.070399990770966,0.0,True,ok,4681,4681
3482,2,0.2,29,215929.0071946,215929.0159682,8.203899982618168,8.773599984124303,4.95149998459965,2.044900000328198,0.0,True,ok,4360,4360
3483,3,0.30000000000000004,29,215929.0402839,215929.0492774,8.537799993064255,8.993499999633059,5.142199981492013,2.1801000111736357,0.0,True,ok,4532,4532
3484,4,0.4,29,215929.0737513,215929.0843212,10.097399994265288,10.56990001234226,6.969000009121373,1.9431000109761953,0.0,True,ok,4533,4533
3485,5,0.5,29,215929.1068012,215929.1157661,8.290700003271922,8.964900014689192,4.917699989164248,2.1795000066049397,0.0,True,ok,4334,4334
3486,6,0.6000000000000001,29,215929.140551,215929.149442,8.24070000089705,8.89100000495091,4.82860000920482,2.205500000854954,0.0,True,ok,4462,4462
3487,7,0.7000000000000001,29,215929.1739286,215929.1823339,7.749100012006238,8.405300002777949,4.549499979475513,2.0220000005792826,0.0,True,ok,4479,4479
3488,8,0.8,29,215929.2073176,215929.2156429,7.871800014982,8.325300004798919,4.754200024763122,1.944599993294105,0.0,True,ok,4534,4534
3489,9,0.9,29,215929.2401908,215929.2489264,7.960999995702878,8.73560001491569,4.654200020013377,2.14389999746345,0.0,True,ok,4491,4491
3490,10,1.0,29,215929.2734325,215929.2821914,8.19180000689812,8.758900017710403,4.726599989226088,2.2541999933309853,0.0,True,ok,4600,4600
3491,11,1.1,29,215929.3071934,215929.31602,8.146799984388053,8.826600009342656,4.897400009213015,2.036299993051216,0.0,True,ok,4781,4781
3492,12,1.2000000000000002,29,215929.3400992,215929.3494174,8.199899981264025,9.318199998233467,4.7092999739106745,2.1348000154830515,0.0,True,ok,5044,5044
3493,13,1.3,29,215929.3738736,215929.3857448,11.049399996409193,11.871199996676296,4.792399995494634,4.9891000089701265,0.0,True,ok,4620,4620
3494,14,1.4000000000000001,29,215929.4068714,215929.416083,8.587099990108982,9.211600001435727,5.137200001627207,2.206900011515245,0.0,True,ok,4785,4785
3495,15,1.5,29,215929.4405564,215929.4491247,7.925400015665218,8.56830002157949,4.672400013078004,1.9986999977845699,0.0,True,ok,5045,5045
3496,16,1.6,29,215929.4738533,215929.4828262,8.364899986190721,8.972899988293648,4.847999982303008,2.241199981654063,0.0,True,ok,5382,5382
3497,17,1.7000000000000002,29,215929.506939,215929.5157971,8.329400006914511,8.858099987264723,4.998300020815805,2.0576000097207725,0.0,True,ok,5312,5312
3498,18,1.8,29,215929.5404822,215929.5494567,8.327100018505007,8.974500000476837,4.6156000171322376,2.200700022513047,0.0,True,ok,5363,5363
3499,19,1.9000000000000001,29,215929.5735969,215929.5842906,9.83640001504682,10.693699994590133,6.301099987467751,2.212599996710196,0.0,True,ok,5455,5455
3500,20,2.0,29,215929.6073406,215929.6166822,8.859499997925013,9.34160000178963,5.145200004335493,2.411299996310845,0.0,True,ok,5508,5508
3501,21,2.1,29,215929.6404178,215929.649247,8.285999996587634,8.829200000036508,4.9112999986391515,2.073599986033514,0.0,True,ok,5300,5300
3502,22,2.2,29,215929.6735084,215929.684059,9.930500003974885,10.550599981797859,6.4315999916289,2.206000004662201,0.0,True,ok,5384,5384
3503,23,2.3000000000000003,29,215929.7072232,215929.7161063,8.362299995496869,8.883100003004074,4.863599984673783,2.2326000034809113,0.0,True,ok,5355,5355
3504,24,2.4000000000000004,29,215929.7404262,215929.7492542,8.309500000905246,8.827999990899116,4.875699989497662,2.169700019294396,0.0,True,ok,5072,5072
3505,25,2.5,29,215929.7739325,215929.7841312,9.063899982720613,10.198700008913875,4.900100000668317,2.900799998315051,0.0,True,ok,4851,4851
3506,26,2.6,29,215929.8072105,215929.8158597,8.155899995472282,8.649199997307733,4.956300021149218,1.9560999935492873,0.0,True,ok,4933,4933
3507,27,2.7,29,215929.8400493,215929.8490452,8.47770000109449,8.995900017907843,5.26120001450181,1.9881000043824315,0.0,True,ok,4889,4889
3508,28,2.8000000000000003,29,215929.87386,215929.8826632,8.253500011051074,8.803200005786493,4.832900012843311,2.1788000012747943,33.81069999886677,True,ok,4508,4508
3509,29,2.9000000000000004,29,215929.9068772,215929.9167604,9.297699987655506,9.883199993055314,4.8500999982934445,3.0777999782003462,0.0,True,ok,4516,4516
3510,30,3.0,29,215929.9405144,215929.9490307,7.877500000176951,8.51630000397563,4.8414999910164624,1.858700008597225,0.0,True,ok,4326,4326
3511,31,3.1,29,215929.973954,215929.9840868,9.084899997105822,10.13280000188388,5.753800011007115,2.081899991026148,0.0,True,ok,4407,4407
3512,32,3.2,29,215930.0069735,215930.0159271,8.447400003205985,8.953599986853078,5.12339998385869,2.081299986457452,0.0,True,ok,4113,4113
3513,33,3.3000000000000003,29,215930.0406474,215930.0492983,7.966000004671514,8.650900010252371,4.851599980611354,1.887699996586889,0.0,True,ok,4211,4211
3514,34,3.4000000000000004,29,215930.0738282,215930.0842038,9.485800022957847,10.37560001714155,5.832299997564405,2.2798999852966517,0.0,True,ok,4198,4198
3515,35,3.5,29,215930.1068884,215930.1184812,10.901200002990663,11.592800001380965,6.792600004700944,2.4551999813411385,0.0,True,ok,4125,4125
3516,36,3.6,29,215930.1404579,215930.1492304,8.2630000251811,8.77250000485219,4.9712000181898475,2.1219000045675784,0.0,True,ok,4267,4267
3517,37,3.7,29,215930.1738907,215930.1837572,9.382799995364621,9.866499982308596,6.225799996173009,2.0170999923720956,0.0,True,ok,3805,3805
3518,38,3.8000000000000003,29,215930.2069893,215930.2171616,8.98310000775382,10.172300011618063,5.7517999957781285,2.068500005407259,0.0,True,ok,3921,3921
3519,39,3.9000000000000004,29,215930.2404553,215930.2492397,8.258999994723126,8.78440000815317,4.86270000692457,2.226999989943579,0.0,True,ok,3864,3864
3520,40,4.0,29,215930.2737187,215930.282344,8.090699993772432,8.625300019048154,5.061300005763769,1.8894000095315278,0.0,True,ok,3828,3828
3521,41,4.1000000000000005,29,215930.3069576,215930.3155053,8.075899997493252,8.547700010240078,4.9746000149752945,1.9708000181708485,0.0,True,ok,3659,3659
3522,42,4.2,29,215930.340447,215930.3509422,9.90299999830313,10.495199996512383,4.670899972552434,4.047399997944012,0.0,True,ok,3989,3989
3523,43,4.3,29,215930.3735075,215930.3843266,9.683200012659654,10.819100018125027,6.457100011175498,2.059699996607378,0.0,True,ok,4294,4294
3524,44,4.4,29,215930.4068531,215930.4157037,8.275800006231293,8.850600017467514,4.8710999835748225,2.1821999980602413,0.0,True,ok,4623,4623
3525,45,4.5,29,215930.4404219,215930.4501596,9.271699993405491,9.737699991092086,5.019899981562048,2.938599995104596,0.0,True,ok,4708,4708
3526,46,4.6000000000000005,29,215930.473466,215930.4822069,8.08519998099655,8.740899997064844,4.808199999388307,2.041800005827099,0.0,True,ok,4834,4834
3527,47,4.7,29,215930.5069147,215930.5164042,9.023999999044463,9.489499992923811,4.863300011493266,2.8611999878194183,0.0,True,ok,4677,4677
3528,48,4.800000000000001,29,215930.5403276,215930.5506793,9.059200005140156,10.351700009778142,5.8809000183828175,1.9444999925326556,0.0,True,ok,4591,4591
3529,49,4.9,29,215930.5737538,215930.5846632,10.210899985395372,10.909399978118017,6.757399998605251,2.2298000112641603,0.0,True,ok,4442,4442
3530,50,5.0,29,215930.6070287,215930.6158563,8.320900000398979,8.827599987853318,4.838199994992465,2.233499981230125,33.27489999355748,True,ok,4408,4408
3531,51,5.1000000000000005,29,215930.6403275,215930.6492425,8.458099997369573,8.914999983971938,4.939100006595254,2.1678000048268586,0.0,True,ok,4418,4418
3532,52,5.2,29,215930.6736436,215930.6823441,8.112999988952652,8.700500009581447,4.908299975795671,2.0102999988012016,0.0,True,ok,4600,4600
3533,53,5.300000000000001,29,215930.7068151,215930.7156667,8.317300002090633,8.851599995978177,4.9832000222522765,1.9521000212989748,0.0,True,ok,4489,4489
3534,54,5.4,29,215930.7404905,215930.7495078,8.322600013343617,9.017300006235018,4.666799999540672,2.413100010016933,0.0,True,ok,4625,4625
3535,55,5.5,29,215930.7737516,215930.7866298,11.516899976413697,12.878199981059879,5.838699988089502,4.4052999874111265,0.0,True,ok,4379,4379
3536,56,5.6000000000000005,29,215930.8071978,215930.8165164,8.584800001699477,9.318600001279265,5.26559998979792,2.111099980538711,0.0,True,ok,4212,4212
3537,57,5.7,29,215930.8403531,215930.8503139,8.79039999563247,9.96080000186339,4.958400008035824,2.621699997689575,0.0,True,ok,4229,4229
3538,58,5.800000000000001,29,215930.8734092,215930.8839998,10.167400003410876,10.59059999533929,6.740999990142882,2.1816000225953758,0.0,True,ok,4294,4294
3539,59,5.9,29,215930.9071736,215930.9161189,8.490200008964166,8.945300010964274,5.001700017601252,2.2394999978132546,0.0,True,ok,4337,4337
3540,60,6.0,29,215930.9401815,215930.9489525,8.228500024415553,8.771000022534281,4.7752000100445,2.263000002130866,33.007899997755885,True,ok,4334,4334
3541,61,6.1000000000000005,29,215930.9737156,215930.9826185,8.286000025691465,8.90290000825189,4.787199985003099,2.2877000155858696,0.0,True,ok,4169,4169
3542,62,6.2,29,215931.0069379,215931.0153636,7.7905999787617475,8.425699983490631,4.646899993531406,1.883000019006431,0.0,True,ok,4172,4172
3543,63,6.300000000000001,29,215931.0404329,215931.0488697,8.00669999443926,8.436800009803846,4.711299989139661,2.1025000023655593,0.0,True,ok,4147,4147
3544,64,6.4,29,215931.0738545,215931.0843683,9.259000013116747,10.513800021726638,6.049000017810613,1.9748999911826104,0.0,True,ok,4178,4178
3545,65,6.5,29,215931.106829,215931.1155348,8.097099984297529,8.7057999917306,4.845099989324808,1.9855000136885792,0.0,True,ok,4169,4169
3546,66,6.6000000000000005,29,215931.1404493,215931.1493035,8.069699979387224,8.854199986672029,4.778600006829947,2.0585999882314354,0.0,True,ok,4168,4168
3547,67,6.7,29,215931.1738891,215931.1845788,10.279499983880669,10.68969999323599,6.48650000221096,2.228500001365319,0.0,True,ok,4086,4086
3548,68,6.800000000000001,29,215931.2070548,215931.2182824,10.370899981353432,11.22759998543188,5.037700000684708,4.021200002171099,0.0,True,ok,4379,4379
3549,69,6.9,29,215931.2404882,215931.2493942,8.456499985186383,8.905999973649159,5.180600011954084,2.0287999941501766,0.0,True,ok,4282,4282
3550,70,7.0,29,215931.2735611,215931.2827198,8.620799984782934,9.158699976978824,5.129400000441819,2.199900016421452,0.0,True,ok,4247,4247
3551,71,7.1000000000000005,29,215931.3071705,215931.316193,8.349900017492473,9.022500016726553,4.891299991868436,2.005899994401261,0.0,True,ok,4354,4354
3552,72,7.2,29,215931.3407517,215931.3502118,8.2436999946367,9.46010000188835,4.843200003961101,2.1169000247027725,0.0,True,ok,4628,4628
3553,73,7.300000000000001,29,215931.3739634,215931.3837873,9.455799998249859,9.823900007177144,6.240899994736537,1.9972000154666603,0.0,True,ok,4287,4287
3554,74,7.4,29,215931.4069038,215931.4171819,8.976700017228723,10.278100002324209,5.657400004565716,2.00609999592416,0.0,True,ok,4455,4455
3555,75,7.5,29,215931.4404403,215931.4494646,8.384100015973672,9.024300001328811,4.884399997536093,2.072899980703369,0.0,True,ok,4560,4560
3556,76,7.6000000000000005,29,215931.473765,215931.4826364,8.40359998983331,8.871400001225993,5.185299989534542,1.9250999903306365,0.0,True,ok,4662,4662
3557,77,7.7,29,215931.5068814,215931.5152423,7.898699986981228,8.360899984836578,4.734299989650026,1.9001000036951154,0.0,True,ok,4381,4381
3558,78,7.800000000000001,29,215931.5405005,215931.5490518,7.8458999923896044,8.551299979444593,4.5409000013023615,1.9863999914377928,0.0,True,ok,4350,4350
3559,79,7.9,29,215931.5738399,215931.5844935,10.18010001280345,10.653600009391084,6.876900006318465,2.0345000084489584,0.0,True,ok,4058,4058
3560,80,8.0,29,215931.6067592,215931.6158497,8.541099989088252,9.090500010643154,5.117799999425188,2.1096999989822507,0.0,True,ok,4074,4074
3561,81,8.1,29,215931.6403378,215931.6491612,8.10430001001805,8.823400014080107,4.892400000244379,1.9952000002376735,0.0,True,ok,4080,4080
3562,82,8.200000000000001,29,215931.6734852,215931.6831202,9.226499998476356,9.634999994887039,6.116700009442866,1.8620999762788415,0.0,True,ok,4288,4288
3563,83,8.3,29,215931.7067994,215931.716496,8.965500019257888,9.696599998278543,5.187700007809326,2.2010999964550138,0.0,True,ok,4269,4269
3564,84,8.4,29,215931.7404122,215931.7492766,8.37399999727495,8.8644000061322,4.972499998984858,2.17349999002181,0.0,True,ok,3996,3996
3565,85,8.5,29,215931.7737641,215931.7830171,8.58900000457652,9.252999996533617,5.13969999155961,2.147399995010346,0.0,True,ok,4318,4318
3566,86,8.6,29,215931.8069621,215931.8162448,8.135999989463016,9.282699989853427,4.862000001594424,2.011000004131347,0.0,True,ok,4410,4410
3567,87,8.700000000000001,29,215931.8408642,215931.8497326,8.41850001597777,8.868400007486343,4.9638000200502574,2.1665999956894666,0.0,True,ok,4345,4345
3568,88,8.8,29,215931.8737129,215931.8834569,8.953099983045831,9.743999980855733,5.665499978931621,2.001299988478422,32.84870000788942,True,ok,3995,3995
3569,89,8.9,29,215931.9069701,215931.9156487,8.249900012742728,8.678599988343194,4.973600007360801,1.9930999842472374,0.0,True,ok,4114,4114
3570,90,9.0,29,215931.940065,215931.9489312,7.983499992405996,8.866199990734458,4.70560000394471,2.0109000033698976,33.09489999082871,True,ok,4407,4407
3571,91,9.1,29,215931.9737334,215931.9827531,8.405500004300848,9.019699995405972,4.664800013415515,2.18679997487925,0.0,True,ok,4504,4504
3572,92,9.200000000000001,29,215932.0067702,215932.0178466,10.58309999643825,11.0763999982737,6.033399986336008,3.194199991412461,0.0,True,ok,4602,4602
3573,93,9.3,29,215932.0403474,215932.0491221,8.179600001312792,8.774699992500246,4.716700001154095,2.1638000034727156,0.0,True,ok,4719,4719
3574,94,9.4,29,215932.0736895,215932.0847217,10.515100002521649,11.032200010959059,7.035500020720065,2.158600022085011,0.0,True,ok,4623,4623
3575,95,9.5,29,215932.1068942,215932.1160463,8.491700020385906,9.152100014034659,4.974200011929497,2.1861999994143844,0.0,True,ok,4555,4555
3576,96,9.600000000000001,29,215932.140677,215932.1499612,8.797599992249161,9.284200001275167,5.296299990732223,2.2040999901946634,0.0,True,ok,4902,4902
3577,97,9.700000000000001,29,215932.1738357,215932.1847071,9.681499999715015,10.871400008909404,6.5085999958682805,1.8597000162117183,0.0,True,ok,4793,4793
3578,98,9.8,29,215932.2069538,215932.2158358,8.440899982815608,8.881999994628131,4.943799984175712,2.1386999869719148,0.0,True,ok,4857,4857
3579,99,9.9,29,215932.2404545,215932.2496496,8.28209999599494,9.195100021315739,4.948700021486729,1.9900999905075878,0.0,True,ok,4985,4985
3580,100,10.0,29,215932.2738244,215932.2845093,10.237599984975532,10.684899985790253,6.8712999927811325,2.0035000052303076,0.0,True,ok,4973,4973
3581,101,10.100000000000001,29,215932.3073281,215932.3162246,8.118800004012883,8.896500017726794,4.90860000718385,1.8390000041108578,0.0,True,ok,4507,4507
3582,102,10.200000000000001,29,215932.3403008,215932.3488973,8.185099984984845,8.596500003477558,4.89370001014322,1.9765999750234187,0.0,True,ok,4834,4834
3583,103,10.3,29,215932.3739259,215932.3845844,9.968899976229295,10.658499988494441,6.535300024552271,2.040599996689707,0.0,True,ok,4943,4943
3584,104,10.4,29,215932.4068945,215932.4159538,8.414199983235449,9.059300005901605,4.95450000744313,2.038700011326,0.0,True,ok,5082,5082
3585,105,10.5,29,215932.4405711,215932.449817,8.231999992858618,9.245899971574545,4.885499976808205,2.0106000010855496,0.0,True,ok,4986,4986
3586,106,10.600000000000001,29,215932.4736784,215932.4825605,8.271300001069903,8.88209999538958,4.8217000148724765,2.0487000001594424,0.0,True,ok,5037,5037
3587,107,10.700000000000001,29,215932.5070251,215932.5165338,8.661300002131611,9.508699993602931,5.053300003055483,2.1346999856177717,0.0,True,ok,5162,5162
3588,108,10.8,29,215932.5401156,215932.5494756,8.925700007239357,9.360000025480986,5.372699990402907,2.2384000185411423,0.0,True,ok,4884,4884
3589,109,10.9,29,215932.5736848,215932.5830009,8.379699982469901,9.316099982243031,4.73519999650307,2.1373000054154545,0.0,True,ok,4890,4890
3590,110,11.0,29,215932.6067912,215932.6156533,8.226799982367083,8.862099988618866,4.781399999046698,2.150199987227097,0.0,True,ok,4848,4848
3591,111,11.100000000000001,29,215932.6402768,215932.6496112,8.349800016731024,9.334400005172938,4.8491999914404005,2.1420999837573618,0.0,True,ok,5030,5030
3592,112,11.200000000000001,29,215932.6733587,215932.683015,9.046899998793378,9.656299982452765,5.6868999963626266,2.0040000090375543,0.0,True,ok,5114,5114
3593,113,11.3,29,215932.7071291,215932.7163372,8.509599982062355,9.20810000388883,4.9116000009234995,2.2489999828394502,0.0,True,ok,5293,5293
3594,114,11.4,29,215932.7404999,215932.7521072,10.364700021455064,11.607299995375797,5.596800008788705,2.9042999958619475,0.0,True,ok,5423,5423
3595,115,11.5,29,215932.773433,215932.7847829,10.624800022924319,11.349900014465675,7.143199996789917,2.1031000069342554,0.0,True,ok,5340,5340
3596,116,11.600000000000001,29,215932.8070786,215932.8163159,8.53400002233684,9.237300022505224,4.876799997873604,2.2699999972246587,0.0,True,ok,5279,5279
3597,117,11.700000000000001,29,215932.8404799,215932.8516485,10.727899993071333,11.168599972734228,5.01680001616478,4.282400012016296,0.0,True,ok,5498,5498
3598,118,11.8,29,215932.8734671,215932.8848246,10.813500004587695,11.357500014128163,7.291699992492795,2.1183000062592328,0.0,True,ok,5517,5517
3599,119,11.9,29,215932.9071351,215932.9158834,8.280400012154132,8.748300024308264,4.80930000776425,2.095900010317564,33.66799998912029,True,ok,5266,5266
3600,0,0.0,30,215932.9428453,215932.9525066,8.262000017566606,9.661300020525232,4.563000024063513,2.3415999894496053,0.0,True,ok,4708,4708
3601,1,0.1,30,215932.9734534,215932.9842138,10.219599993433803,10.760400007711723,5.8169999974779785,2.649700007168576,30.608100001700222,True,ok,4681,4681
3602,2,0.2,30,215933.0069238,215933.0155556,8.103800006210804,8.63179998123087,4.701900004874915,1.9731000065803528,0.0,True,ok,4360,4360
3603,3,0.30000000000000004,30,215933.0401912,215933.0491785,8.329699980095029,8.98729998152703,4.858300002524629,2.1624999935738742,0.0,True,ok,4532,4532
3604,4,0.4,30,215933.0739085,215933.0849127,10.347200004616752,11.004200001480058,7.0242999936454,1.9591999880503863,0.0,True,ok,4533,4533
3605,5,0.5,30,215933.1069447,215933.1164778,8.81550001213327,9.533100004773587,5.255399999441579,2.234999992651865,0.0,True,ok,4334,4334
3606,6,0.6000000000000001,30,215933.1403095,215933.1508456,9.274200012441725,10.536099987803027,5.777799990028143,1.970799989067018,0.0,True,ok,4462,4462
3607,7,0.7000000000000001,30,215933.1734191,215933.1825597,8.261300012236461,9.140600013779476,4.88480000058189,2.046900015557185,0.0,True,ok,4479,4479
3608,8,0.8,30,215933.2071456,215933.2159414,8.23930001934059,8.795800007646903,4.883999994490296,1.9687000021804124,0.0,True,ok,4534,4534
3609,9,0.9,30,215933.2404467,215933.2498896,8.953100012149662,9.442900016438216,5.2463999891188,2.333799988264218,0.0,True,ok,4491,4491
3610,10,1.0,30,215933.2735649,215933.2840277,9.815199999138713,10.462799982633442,5.211000010604039,3.2060000230558217,0.0,True,ok,4600,4600
3611,11,1.1,30,215933.3072044,215933.3166193,8.598799991887063,9.414900006959215,5.171800003154203,1.9991000008303672,0.0,True,ok,4781,4781
3612,12,1.2000000000000002,30,215933.3403375,215933.3509526,9.31630001286976,10.615100007271394,6.0665999772027135,1.8961000023409724,0.0,True,ok,5044,5044
3613,13,1.3,30,215933.3739825,215933.3836691,8.766899991314858,9.686600009445101,5.092600011266768,2.2567999840248376,0.0,True,ok,4620,4620
3614,14,1.4000000000000001,30,215933.4073322,215933.4165565,8.752699999604374,9.22429998172447,5.1198000146541744,2.2589000000152737,0.0,True,ok,4785,4785
3615,15,1.5,30,215933.4406262,215933.4504829,8.598499989602715,9.856699994998053,4.824700008612126,2.0346999808680266,0.0,True,ok,5045,5045
3616,16,1.6,30,215933.4736634,215933.4846171,10.46770001994446,10.953700024401769,6.607199989957735,2.3719000164419413,0.0,True,ok,5382,5382
3617,17,1.7000000000000002,30,215933.506777,215933.5166909,9.414600004674867,9.913899993989617,5.886900005862117,2.0933999912813306,0.0,True,ok,5312,5312
3618,18,1.8,30,215933.5403034,215933.5502628,9.242800006177276,9.95940002030693,5.74999998207204,2.039600018179044,0.0,True,ok,5363,5363
3619,19,1.9000000000000001,30,215933.5739791,215933.5847322,9.561899991240352,10.753099981229752,5.867700005182996,2.215699991211295,0.0,True,ok,5455,5455
3620,20,2.0,30,215933.6073484,215933.6169804,9.12209998932667,9.63200000114739,5.220000020926818,2.2997000196482986,0.0,True,ok,5508,5508
3621,21,2.1,30,215933.6402215,215933.6510826,10.172400012379512,10.861099988687783,6.329200026812032,2.1610000112559646,0.0,True,ok,5300,5300
3622,22,2.2,30,215933.6735515,215933.6832203,9.155800013104454,9.668800019426271,5.291900015436113,2.280599990626797,0.0,True,ok,5384,5384
3623,23,2.3000000000000003,30,215933.7069605,215933.7169426,9.378000017022714,9.982099989429116,4.8405000125057995,2.3142000136431307,0.0,True,ok,5355,5355
3624,24,2.4000000000000004,30,215933.740624,215933.7503735,8.859699999447912,9.749499993631616,4.933399992296472,2.501700015272945,0.0,True,ok,5072,5072
3625,25,2.5,30,215933.7735513,215933.7843852,10.269499995047227,10.833900014404207,5.092099978355691,3.7136999890208244,0.0,True,ok,4851,4851
3626,26,2.6,30,215933.8069133,215933.8157485,8.35779999033548,8.835199987515807,4.950500006088987,1.9865000213030726,0.0,True,ok,4933,4933
3627,27,2.7,30,215933.8404441,215933.8493724,8.424100000411272,8.928299997933209,4.967899993062019,2.0488000009208918,0.0,True,ok,4889,4889
3628,28,2.8000000000000003,30,215933.8739735,215933.8832738,8.695199998328462,9.300299978349358,4.969600006006658,2.3132000060286373,0.0,True,ok,4508,4508
3629,29,2.9000000000000004,30,215933.9070585,215933.9162655,8.602700021583587,9.207000024616718,4.89969999762252,2.3191000218503177,0.0,True,ok,4516,4516
3630,30,3.0,30,215933.9403335,215933.9494265,8.422600018093362,9.093000000575557,5.017800023779273,2.047999994829297,0.0,True,ok,4326,4326
3631,31,3.1,30,215933.9737694,215933.9860378,11.59070001449436,12.268399994354695,5.693299986887723,4.486699996050447,0.0,True,ok,4407,4407
3632,32,3.2,30,215934.0069486,215934.0162336,8.485800004564226,9.285000007366762,5.280099983792752,1.8922000017482787,0.0,True,ok,4113,4113
3633,33,3.3000000000000003,30,215934.0403274,215934.0490288,8.214999979827553,8.70139998733066,4.829200013773516,2.0360999915283173,0.0,True,ok,4211,4211
3634,34,3.4000000000000004,30,215934.0737273,215934.0843824,10.1831000065431,10.655099991708994,6.885999988298863,1.9938000186812133,0.0,True,ok,4198,4198
3635,35,3.5,30,215934.1070811,215934.1172476,9.431299986317754,10.166499996557832,5.950399994617328,2.1915999823249876,0.0,True,ok,4125,4125
3636,36,3.6,30,215934.1400683,215934.1505739,9.975399996619672,10.505599988391623,5.619200004730374,2.7246999961789697,0.0,True,ok,4267,4267
3637,37,3.7,30,215934.1736902,215934.1829319,8.707200002390891,9.241699997801334,4.860699991695583,2.314699988346547,33.62189998733811,True,ok,3805,3805
3638,38,3.8000000000000003,30,215934.207158,215934.2161971,8.573700004490092,9.039099997607991,5.004700011340901,2.287500014062971,0.0,True,ok,3921,3921
3639,39,3.9000000000000004,30,215934.2401913,215934.2523231,11.525599984452128,12.131800001952797,4.740000003948808,4.618800012394786,0.0,True,ok,3864,3864
3640,40,4.0,30,215934.273602,215934.2826049,8.391600014874712,9.002900013001636,5.156800005352125,1.9426000071689487,0.0,True,ok,3828,3828
3641,41,4.1000000000000005,30,215934.3070056,215934.3156825,8.066499984124675,8.676899975398555,4.82410000404343,1.9956000032834709,0.0,True,ok,3659,3659
3642,42,4.2,30,215934.3402475,215934.3489712,8.312799996929243,8.72370001161471,4.76630000048317,2.2461000189650804,0.0,True,ok,3989,3989
3643,43,4.3,30,215934.3738216,215934.3843678,10.101099993335083,10.54620000650175,6.825099990237504,2.0077000081073493,0.0,True,ok,4294,4294
3644,44,4.4,30,215934.4070444,215934.4173296,9.766899980604649,10.28519999817945,6.219300004886463,2.174699999159202,0.0,True,ok,4623,4623
3645,45,4.5,30,215934.4400965,215934.4511395,10.572899976978078,11.042999976780266,6.389999995008111,2.8501000197138637,0.0,True,ok,4708,4708
3646,46,4.6000000000000005,30,215934.4735047,215934.4830015,8.796699985396117,9.496799990301952,5.410100013250485,2.0414000027813017,0.0,True,ok,4834,4834
3647,47,4.7,30,215934.5072316,215934.5159912,8.187200000975281,8.759599993936718,4.807299992535263,2.0868999999947846,0.0,True,ok,4677,4677
3648,48,4.800000000000001,30,215934.5404389,215934.5486532,7.8224000171758235,8.214300003601238,4.765000019688159,1.7867999849840999,0.0,True,ok,4591,4591
3649,49,4.9,30,215934.5736807,215934.5846916,10.152600007131696,11.010899994289503,6.938200007425621,1.9319999846629798,0.0,True,ok,4442,4442
3650,50,5.0,30,215934.6072941,215934.6163094,8.534599997801706,9.015300020109862,5.010300024878234,2.2139000066090375,0.0,True,ok,4408,4408
3651,51,5.1000000000000005,30,215934.6405176,215934.6503348,8.512300002621487,9.8172000143677,5.031200009398162,2.1658999903593212,0.0,True,ok,4418,4418
3652,52,5.2,30,215934.6737908,215934.6821986,7.7191999880596995,8.407799992710352,4.563499998766929,1.8443000153638422,0.0,True,ok,4600,4600
3653,53,5.300000000000001,30,215934.7069953,215934.7162223,8.12069998937659,9.227000002283603,4.8507000028621405,2.0044999837409705,0.0,True,ok,4489,4489
3654,54,5.4,30,215934.7401092,215934.7487402,7.987200020579621,8.631000004243106,4.632700001820922,2.0979000255465508,0.0,True,ok,4625,4625
3655,55,5.5,30,215934.7735623,215934.7831381,8.440200006589293,9.575800009770319,4.773900000145659,2.245700015919283,0.0,True,ok,4379,4379
3656,56,5.6000000000000005,30,215934.8071823,215934.8162107,8.569300000090152,9.028400003444403,4.998599993996322,2.2715999803040177,0.0,True,ok,4212,4212
3657,57,5.7,30,215934.8403897,215934.8493658,8.182100020349026,8.976100012660027,4.853399994317442,2.0831000001635402,0.0,True,ok,4229,4229
3658,58,5.800000000000001,30,215934.8735481,215934.8846986,10.72240000939928,11.15050000953488,7.328300009248778,2.1055999968666583,0.0,True,ok,4294,4294
3659,59,5.9,30,215934.9069804,215934.9168043,9.363500023027882,9.823900007177144,5.038799979956821,2.4542999744880944,0.0,True,ok,4337,4337
3660,60,6.0,30,215934.9401591,215934.9491274,8.499399991706014,8.96830001147464,5.020000011427328,2.2350999934133142,0.0,True,ok,4334,4334
3661,61,6.1000000000000005,30,215934.9738651,215934.9829086,8.311300014611334,9.043500002007931,4.630900017218664,2.037500002188608,0.0,True,ok,4169,4169
3662,62,6.2,30,215935.006882,215935.0154935,8.043399982852861,8.611500001279637,4.88490000134334,1.8727999995462596,0.0,True,ok,4172,4172
3663,63,6.300000000000001,30,215935.0403007,215935.0496491,8.818800008157268,9.348399995360523,4.80329999118112,2.6926000136882067,0.0,True,ok,4147,4147
3664,64,6.4,30,215935.0740717,215935.084594,9.61410001036711,10.52230002824217,6.270400015637279,2.1055999968666583,0.0,True,ok,4178,4178
3665,65,6.5,30,215935.1070271,215935.1159228,8.257400011643767,8.8957000116352,4.968599998392165,1.990300021134317,0.0,True,ok,4169,4169
3666,66,6.6000000000000005,30,215935.140144,215935.1482427,7.514600001741201,8.098699996480718,4.3812000076286495,1.8620000046212226,0.0,True,ok,4168,4168
3667,67,6.7,30,215935.1739234,215935.1829668,8.337000006577,9.043400001246482,4.880599997704849,1.9582000095397234,0.0,True,ok,4086,4086
3668,68,6.800000000000001,30,215935.2071908,215935.2162986,8.652099990285933,9.107799996854737,5.389199999626726,2.026700007263571,0.0,True,ok,4379,4379
3669,69,6.9,30,215935.2406021,215935.2495661,8.30150002730079,8.964000007836148,4.934500000672415,2.027900016400963,0.0,True,ok,4282,4282
3670,70,7.0,30,215935.2735624,215935.2825431,8.295700012240559,8.980700018582866,4.829800018342212,2.1775999921374023,0.0,True,ok,4247,4247
3671,71,7.1000000000000005,30,215935.3070534,215935.31613,8.38579999981448,9.076599992113188,4.9845000030472875,2.060300001176074,0.0,True,ok,4354,4354
3672,72,7.2,30,215935.3406251,215935.3490859,8.020200009923428,8.460799988824874,4.743600002257153,1.9935999880544841,33.57170001254417,True,ok,4628,4628
3673,73,7.300000000000001,30,215935.3735543,215935.3846411,10.572400002274662,11.08680001925677,7.168500014813617,1.9844000053126365,32.929199980571866,True,ok,4287,4287
3674,74,7.4,30,215935.4071924,215935.4163691,8.46300000557676,9.176700026728213,5.116099986480549,2.0149000047240406,0.0,True,ok,4455,4455
3675,75,7.5,30,215935.4403957,215935.4492272,7.88799999281764,8.831500017549843,4.728300002170727,1.865199999883771,0.0,True,ok,4560,4560
3676,76,7.6000000000000005,30,215935.4737655,215935.4830524,7.770399999571964,9.286899992730469,4.5797000057064,1.9265000009909272,0.0,True,ok,4662,4662
3677,77,7.7,30,215935.5073322,215935.5166512,8.184700011042878,9.319000004325062,4.805500007933006,1.9921999773941934,0.0,True,ok,4381,4381
3678,78,7.800000000000001,30,215935.5401691,215935.5497101,8.86299999547191,9.541000006720424,4.590600001392886,2.976900024805218,0.0,True,ok,4350,4350
3679,79,7.9,30,215935.5734498,215935.584267,10.405500011984259,10.81720000365749,7.276799995452166,1.8487999914214015,0.0,True,ok,4058,4058
3680,80,8.0,30,215935.6070995,215935.615808,8.186999999452382,8.708500012289733,4.875199985690415,2.0508999878074974,0.0,True,ok,4074,4074
3681,81,8.1,30,215935.6401403,215935.6491203,8.271500002592802,8.97999998414889,5.0682000000961125,2.0136000239290297,0.0,True,ok,4080,4080
3682,82,8.200000000000001,30,215935.6737063,215935.6828094,8.632099983515218,9.103099990170449,5.505199980689213,1.8668000120669603,0.0,True,ok,4288,4288
3683,83,8.3,30,215935.7068589,215935.718023,10.771700006444007,11.164099996676669,4.988199973013252,4.5131000224500895,0.0,True,ok,4269,4269
3684,84,8.4,30,215935.7405394,215935.7489726,7.831499999156222,8.4332000114955,4.732700006570667,1.9216999935451895,0.0,True,ok,3996,3996
3685,85,8.5,30,215935.7737604,215935.7833517,9.117299981880933,9.591299982275814,4.639899998437613,3.2364999933633953,0.0,True,ok,4318,4318
3686,86,8.6,30,215935.8069559,215935.8172751,9.155300009297207,10.319199995137751,5.858799995621666,1.9922000064980239,0.0,True,ok,4410,4410
3687,87,8.700000000000001,30,215935.8406033,215935.8497537,8.11169997905381,9.15040000109002,4.885899979854003,1.9872999982908368,33.64739997778088,True,ok,4345,4345
3688,88,8.8,30,215935.8736416,215935.8851193,11.1105999967549,11.477699998067692,7.289999979548156,1.8614000000525266,0.0,True,ok,3995,3995
3689,89,8.9,30,215935.9071075,215935.9161645,8.580900001106784,9.05699998838827,5.421999987447634,1.9490999984554946,0.0,True,ok,4114,4114
3690,90,9.0,30,215935.9405026,215935.9490723,8.099800004856661,8.56970000313595,4.824700008612126,2.037500002188608,33.39509997749701,True,ok,4407,4407
3691,91,9.1,30,215935.9736325,215935.9831151,8.31040000775829,9.482599998591468,4.97370000812225,2.0554000220727175,0.0,True,ok,4504,4504
3692,92,9.200000000000001,30,215936.0073217,215936.0165188,8.634300000267103,9.197100007440895,5.079100024886429,2.196400018874556,0.0,True,ok,4602,4602
3693,93,9.3,30,215936.0403165,215936.0499612,9.158400003798306,9.644700010539964,4.91300001158379,2.7510999934747815,0.0,True,ok,4719,4719
3694,94,9.4,30,215936.073959,215936.084782,9.985099983168766,10.82299998961389,6.515500019304454,2.1784999989904463,0.0,True,ok,4623,4623
3695,95,9.5,30,215936.1072015,215936.1167032,9.067000006325543,9.501699998509139,5.5964000057429075,2.199500013375655,0.0,True,ok,4555,4555
3696,96,9.600000000000001,30,215936.1402863,215936.1491264,8.197500021196902,8.840099995722994,4.845599993132055,2.139299991540611,0.0,True,ok,4902,4902
3697,97,9.700000000000001,30,215936.1736747,215936.1839167,9.54900000942871,10.242000018479303,6.532200000947341,1.786700013326481,0.0,True,ok,4793,4793
3698,98,9.8,30,215936.2069944,215936.2156765,8.214900008169934,8.68209998589009,4.942800005665049,2.00009997934103,0.0,True,ok,4857,4857
3699,99,9.9,30,215936.2402936,215936.249319,8.30449999193661,9.025399980600923,4.9211999867111444,2.078399993479252,0.0,True,ok,4985,4985
3700,100,10.0,30,215936.2738449,215936.2828494,8.101800020085648,9.004500025184825,4.7848999965935946,2.0573999790940434,0.0,True,ok,4973,4973
3701,101,10.100000000000001,30,215936.3069806,215936.3159992,8.535899978596717,9.01859998703003,4.944000014802441,2.355300006456673,0.0,True,ok,4507,4507
3702,102,10.200000000000001,30,215936.340213,215936.3487536,8.143699989886954,8.540600014384836,4.9156000022776425,2.004899986786768,0.0,True,ok,4834,4834
3703,103,10.3,30,215936.3741144,215936.384609,9.63489999412559,10.494599991943687,6.496699992567301,1.8876000249292701,0.0,True,ok,4943,4943
3704,104,10.4,30,215936.4070905,215936.4171618,9.60669998312369,10.071299999253824,6.423500017262995,1.9539000059012324,0.0,True,ok,5082,5082
3705,105,10.5,30,215936.4403949,215936.4504307,9.583200007909909,10.035799990873784,6.402700004400685,1.971699995920062,0.0,True,ok,4986,4986
3706,106,10.600000000000001,30,215936.4738473,215936.4829448,8.61560000339523,9.097500005736947,5.2278999937698245,2.0053999905940145,0.0,True,ok,5037,5037
3707,107,10.700000000000001,30,215936.5072185,215936.5169716,9.13859999855049,9.753100021043792,4.835100000491366,3.0824999848846346,0.0,True,ok,5162,5162
3708,108,10.8,30,215936.5403252,215936.5488388,8.143499988364056,8.513599983416498,4.858600004808977,2.1419999829959124,0.0,True,ok,4884,4884
3709,109,10.9,30,215936.5737537,215936.5844554,10.256100009428337,10.70169999729842,7.195500016678125,1.8700000073295087,0.0,True,ok,4890,4890
3710,110,11.0,30,215936.6070002,215936.6171834,9.063300007255748,10.18320000730455,5.23149999207817,2.4667000107001513,0.0,True,ok,4848,4848
3711,111,11.100000000000001,30,215936.6405001,215936.6512087,10.20530000096187,10.708599991630763,5.3001999913249165,3.6686999956145883,0.0,True,ok,5030,5030
3712,112,11.200000000000001,30,215936.6734905,215936.6831416,8.918899984564632,9.65110000106506,5.1438999944366515,2.3710000095888972,0.0,True,ok,5114,5114
3713,113,11.3,30,215936.7070152,215936.7166686,9.041700017405674,9.653400018578395,5.096200009575114,2.25349998800084,0.0,True,ok,5293,5293
3714,114,11.4,30,215936.7404908,215936.7493824,8.427799999481067,8.891600009519607,4.941499995766208,2.2561000077985227,0.0,True,ok,5423,5423
3715,115,11.5,30,215936.7738858,215936.7847132,9.915200003888458,10.827399994013831,6.609700008993968,2.0684000046458095,0.0,True,ok,5340,5340
3716,116,11.600000000000001,30,215936.8070649,215936.816252,8.712899987585843,9.187099989503622,5.26269999681972,2.1921999868936837,0.0,True,ok,5279,5279
3717,117,11.700000000000001,30,215936.840516,215936.849246,8.276600012322888,8.730000001378357,4.882400011410937,2.1397999953478575,0.0,True,ok,5498,5498
3718,118,11.8,30,215936.8737599,215936.8826673,8.261300012236461,8.90740001341328,4.759999981615692,2.0911000028718263,0.0,True,ok,5517,5517
3719,119,11.9,30,215936.9068326,215936.9160381,8.55189998401329,9.205499984091148,4.985500010661781,2.318999991985038,0.0,True,ok,5266,5266
3720,0,0.0,31,215936.9433188,215936.9530434,8.921699976781383,9.724599978653714,4.901399981463328,2.771500003291294,0.0,True,ok,4708,4708
3721,1,0.1,31,215936.9738839,215936.9825967,8.150699984980747,8.712799986824393,4.766500002006069,2.1410000044852495,0.0,True,ok,4681,4681
3722,2,0.2,31,215937.006995,215937.0163044,8.6124999797903,9.309399989433587,4.857099993387237,2.5670000177342445,0.0,True,ok,4360,4360
3723,3,0.30000000000000004,31,215937.0404727,215937.0507812,9.241099993232638,10.308500000974163,5.963000003248453,2.0909000013489276,0.0,True,ok,4532,4532
3724,4,0.4,31,215937.0734548,215937.0847313,10.803500015754253,11.27650000853464,7.580300007248297,1.9854000129271299,0.0,True,ok,4533,4533
3725,5,0.5,31,215937.1069107,215937.1163437,8.766000013565645,9.432999999262393,5.29530001222156,2.2584999969694763,0.0,True,ok,4334,4334
3726,6,0.6000000000000001,31,215937.1404074,215937.148691,7.793400000082329,8.28360000741668,4.492299980483949,2.076800010399893,0.0,True,ok,4462,4462
3727,7,0.7000000000000001,31,215937.1736289,215937.1842963,10.253499989630654,10.667399998055771,7.06870001158677,1.8125000060535967,33.22149999439716,True,ok,4479,4479
3728,8,0.8,31,215937.2070885,215937.2162042,8.072500000707805,9.115699998801574,4.869399999734014,1.9948999979533255,0.0,True,ok,4534,4534
3729,9,0.9,31,215937.2405197,215937.2494126,8.398000005399808,8.892900019418448,5.20489999325946,1.9857999868690968,0.0,True,ok,4491,4491
3730,10,1.0,31,215937.2735357,215937.2828749,8.590100012952462,9.339200012618676,5.303500016452745,2.075299998978153,0.0,True,ok,4600,4600
3731,11,1.1,31,215937.3069016,215937.3156806,8.25700000859797,8.778999996138737,5.069000006187707,1.9908999965991825,0.0,True,ok,4781,4781
3732,12,1.2000000000000002,31,215937.3406087,215937.3513249,10.07049999316223,10.716199991293252,6.785199977457523,2.0259000011719763,0.0,True,ok,5044,5044
3733,13,1.3,31,215937.3735531,215937.3837548,9.702499984996393,10.201699973549694,6.326200003968552,2.058100013528019,0.0,True,ok,4620,4620
3734,14,1.4000000000000001,31,215937.4070604,215937.4163236,8.728599990718067,9.263199986889958,5.2149000111967325,2.282900008140132,0.0,True,ok,4785,4785
3735,15,1.5,31,215937.4403014,215937.4490687,8.269599988125265,8.767299994360656,5.104999989271164,1.9660000107251108,0.0,True,ok,5045,5045
3736,16,1.6,31,215937.4736854,215937.4866104,12.38770000054501,12.924999988172203,5.7493000058457255,5.357100017135963,0.0,True,ok,5382,5382
3737,17,1.7000000000000002,31,215937.5073237,215937.51626,8.43780001741834,8.936300000641495,5.174899997655302,1.9819999870378524,0.0,True,ok,5312,5312
3738,18,1.8,31,215937.5405879,215937.5494213,8.121699996991083,8.83340000291355,4.810899990843609,2.0275000133551657,0.0,True,ok,5363,5363
3739,19,1.9000000000000001,31,215937.573482,215937.5831753,8.975300006568432,9.693300002254546,5.614499998046085,2.084699983242899,0.0,True,ok,5455,5455
3740,20,2.0,31,215937.6069785,215937.6159578,8.468400017591193,8.979300007922575,4.942200001096353,2.256200008559972,0.0,True,ok,5508,5508
3741,21,2.1,31,215937.6402147,215937.6493174,8.588700002292171,9.102700016228482,5.153099977178499,2.1294999751262367,0.0,True,ok,5300,5300
3742,22,2.2,31,215937.6738064,215937.6833225,8.61399999121204,9.516099991742522,5.185200017876923,2.05199999618344,0.0,True,ok,5384,5384
3743,23,2.3000000000000003,31,215937.7072978,215937.7163221,8.542299998225644,9.024300001328811,4.886100010480732,2.359900012379512,33.49139998317696,True,ok,5355,5355
3744,24,2.4000000000000004,31,215937.7403859,215937.7493891,8.557499997550622,9.003200015285984,5.18999999621883,2.126300008967519,0.0,True,ok,5072,5072
3745,25,2.5,31,215937.773611,215937.7840511,9.951699990779161,10.440099984407425,6.660699989879504,2.085599990095943,0.0,True,ok,4851,4851
3746,26,2.6,31,215937.8071782,215937.8162529,7.936799986055121,9.074700006749481,4.858299973420799,1.8684999959077686,33.56719997827895,True,ok,4933,4933
3747,27,2.7,31,215937.8409735,215937.849831,8.375800010981038,8.857500011799857,5.080200004158542,2.031900017755106,0.0,True,ok,4889,4889
3748,28,2.8000000000000003,31,215937.8740778,215937.8833928,8.172000001650304,9.315000002970919,4.684400017140433,2.261100016767159,0.0,True,ok,4508,4508
3749,29,2.9000000000000004,31,215937.9068045,215937.9155999,8.034200000111014,8.795400004601106,4.862000001594424,1.9362999883014709,0.0,True,ok,4516,4516
3750,30,3.0,31,215937.9404687,215937.9493485,8.254699991084635,8.879800006980076,4.792399995494634,2.0212999952491373,0.0,True,ok,4326,4326
3751,31,3.1,31,215937.9736468,215937.9852507,10.673300013877451,11.60389999859035,6.220500014023855,2.1249999990686774,0.0,True,ok,4407,4407
3752,32,3.2,31,215938.006934,215938.0157596,8.180400007404387,8.825600001728162,5.071699997643009,1.9245999865233898,0.0,True,ok,4113,4113
3753,33,3.3000000000000003,31,215938.0405426,215938.049327,8.205999998608604,8.78439997904934,5.043900018790737,1.9228000019211322,0.0,True,ok,4211,4211
3754,34,3.4000000000000004,31,215938.0739563,215938.0827,8.008300006622449,8.743699989281595,4.7633000067435205,2.0480999955907464,33.413700002711266,True,ok,4198,4198
3755,35,3.5,31,215938.1071128,215938.1160181,8.319499989738688,8.905299997422844,4.922199994325638,2.2656999935861677,0.0,True,ok,4125,4125
3756,36,3.6,31,215938.1402651,215938.1492047,8.061899978201836,8.939599996665493,4.838600027142093,2.092500013532117,0.0,True,ok,4267,4267
3757,37,3.7,31,215938.173915,215938.1840055,9.361300006275997,10.090499999932945,6.022899993695319,2.026400004979223,0.0,True,ok,3805,3805
3758,38,3.8000000000000003,31,215938.2072044,215938.2160694,8.154899987857789,8.864999981597066,4.96930000372231,2.0514999923761934,0.0,True,ok,3921,3921
3759,39,3.9000000000000004,31,215938.240458,215938.2492513,8.342300017829984,8.7933000177145,5.020900018280372,2.207000012276694,0.0,True,ok,3864,3864
3760,40,4.0,31,215938.2737589,215938.2831698,8.559100009733811,9.410900005605072,5.023300007451326,2.4033999943640083,0.0,True,ok,3828,3828
3761,41,4.1000000000000005,31,215938.3071138,215938.3160786,8.310600009281188,8.964800013927743,5.114600004162639,2.0432999881450087,0.0,True,ok,3659,3659
3762,42,4.2,31,215938.3404182,215938.3490866,8.181000011973083,8.668399997986853,4.823099996428937,2.1980000019539148,0.0,True,ok,3989,3989
3763,43,4.3,31,215938.3736662,215938.383718,9.010499983560294,10.051799996290356,5.994099978124723,1.8672000151127577,0.0,True,ok,4294,4294
3764,44,4.4,31,215938.4068719,215938.4156895,8.177999989129603,8.817599999019876,4.80779999634251,2.162099990528077,0.0,True,ok,4623,4623
3765,45,4.5,31,215938.4403495,215938.4497368,8.90879999496974,9.387300000526011,4.921600018860772,2.826099982485175,0.0,True,ok,4708,4708
3766,46,4.6000000000000005,31,215938.4735969,215938.4824042,8.198299998184666,8.807300007902086,4.989200009731576,2.017700026044622,0.0,True,ok,4834,4834
3767,47,4.7,31,215938.5071919,215938.5161575,8.54890001937747,8.965600020019338,5.180099979043007,2.189199993154034,0.0,True,ok,4677,4677
3768,48,4.800000000000001,31,215938.5402994,215938.5489087,8.149600005708635,8.609300013631582,5.005500017432496,1.9972000154666603,0.0,True,ok,4591,4591
3769,49,4.9,31,215938.573867,215938.5843754,9.36809999984689,10.508400009712204,6.265300005907193,1.9253000209573656,0.0,True,ok,4442,4442
3770,50,5.0,31,215938.607172,215938.616135,8.282299997517839,8.963000000221655,4.93369999458082,2.1695000177714974,0.0,True,ok,4408,4408
3771,51,5.1000000000000005,31,215938.6406019,215938.6493344,8.120299986330792,8.73249999131076,4.817400011233985,2.0828999986406416,0.0,True,ok,4418,4418
3772,52,5.2,31,215938.6739078,215938.6839437,8.619299973361194,10.035899991635233,4.8912000202108175,2.477700007148087,0.0,True,ok,4600,4600
3773,53,5.300000000000001,31,215938.7066303,215938.7151116,7.875100011005998,8.481299999402836,4.7913999878801405,1.8143999914173037,0.0,True,ok,4489,4489
3774,54,5.4,31,215938.7404505,215938.749232,8.324800000991672,8.78150001517497,5.073099979199469,2.051399991614744,0.0,True,ok,4625,4625
3775,55,5.5,31,215938.7735993,215938.7847016,10.35940001020208,11.102299991762266,6.644099979894236,2.500200003851205,0.0,True,ok,4379,4379
3776,56,5.6000000000000005,31,215938.8071219,215938.8158596,8.225500001572073,8.737700001802295,4.91889999830164,2.1254000021144748,0.0,True,ok,4212,4212
3777,57,5.7,31,215938.8402108,215938.8492417,8.398599980864674,9.030899993376806,4.997000010916963,2.261799992993474,0.0,True,ok,4229,4229
3778,58,5.800000000000001,31,215938.8739637,215938.8845674,10.214800015091896,10.603700007777661,6.468999985372648,2.339300001040101,0.0,True,ok,4294,4294
3779,59,5.9,31,215938.9074456,215938.9166284,8.447300002444535,9.182800014968961,5.021699995268136,2.1938999998383224,0.0,True,ok,4337,4337
3780,60,6.0,31,215938.9406336,215938.9495575,8.312499994644895,8.923899993533269,4.923100001178682,2.226000011432916,0.0,True,ok,4334,4334
3781,61,6.1000000000000005,31,215938.9734856,215938.9820084,7.997499982593581,8.522799995262176,4.792499996256083,2.0423999812919647,0.0,True,ok,4169,4169
3782,62,6.2,31,215939.0072977,215939.0175577,9.091599989915267,10.2599999809172,4.90410000202246,2.9830000130459666,0.0,True,ok,4172,4172
3783,63,6.300000000000001,31,215939.0405185,215939.0491258,8.075299992924556,8.607299998402596,4.754699999466538,2.160800009733066,0.0,True,ok,4147,4147
3784,64,6.4,31,215939.0734094,215939.0834788,9.449000004678965,10.069399984786287,6.373999989591539,1.9216999935451895,0.0,True,ok,4178,4178
3785,65,6.5,31,215939.1067806,215939.1154156,8.148100023390725,8.635000005597249,4.940499988151714,2.0115999795962125,0.0,True,ok,4169,4169
3786,66,6.6000000000000005,31,215939.140422,215939.1498153,8.077000005869195,9.39330001710914,4.858300002524629,1.9854999845847487,0.0,True,ok,4168,4168
3787,67,6.7,31,215939.1737056,215939.1840861,9.950799983926117,10.380499996244907,6.742700003087521,1.9993000023532659,0.0,True,ok,4086,4086
3788,68,6.800000000000001,31,215939.2070801,215939.2160457,8.519599999999627,8.965600020019338,5.129400000441819,2.1308000141289085,0.0,True,ok,4379,4379
3789,69,6.9,31,215939.2402023,215939.2488395,8.192200009943917,8.637200022349134,4.947699984768406,1.978499989490956,0.0,True,ok,4282,4282
3790,70,7.0,31,215939.2739739,215939.2860487,10.698200028855354,12.074800004484132,5.97540001035668,3.4768999903462827,0.0,True,ok,4247,4247
3791,71,7.1000000000000005,31,215939.3070592,215939.3159063,8.353100012755021,8.847100019920617,5.013100017094985,2.1210999984759837,0.0,True,ok,4354,4354
3792,72,7.2,31,215939.3404068,215939.348934,8.056100021349266,8.527199999662116,4.812600003788248,2.0243000180926174,0.0,True,ok,4628,4628
3793,73,7.300000000000001,31,215939.3736777,215939.384276,10.206300008576363,10.598299995763227,6.736000010278076,2.1074000105727464,0.0,True,ok,4287,4287
3794,74,7.4,31,215939.4068861,215939.4158618,8.484999998472631,8.975699980510399,5.018299998482689,1.9953000009991229,0.0,True,ok,4455,4455
3795,75,7.5,31,215939.4404372,215939.4492852,8.308000018587336,8.847999997669831,5.059999995864928,2.029100025538355,0.0,True,ok,4560,4560
3796,76,7.6000000000000005,31,215939.4737456,215939.4823406,8.156500000040978,8.594999992055818,4.985900013707578,1.9099999917671084,0.0,True,ok,4662,4662
3797,77,7.7,31,215939.5072132,215939.5160494,8.333700010553002,8.8361999951303,5.2174000011291355,1.939600013429299,33.46760000567883,True,ok,4381,4381
3798,78,7.800000000000001,31,215939.5401651,215939.5483935,7.786600006511435,8.228399994550273,4.742500022985041,1.8494999967515469,32.95190000790171,True,ok,4350,4350
3799,79,7.9,31,215939.5736897,215939.5843104,10.158999997656792,10.620700020808727,6.988499982981011,1.971099991351366,0.0,True,ok,4058,4058
3800,80,8.0,31,215939.6072527,215939.6171521,8.820999995805323,9.899399999994785,5.493000004207715,2.078000019537285,0.0,True,ok,4074,4074
3801,81,8.1,31,215939.6404733,215939.6492644,8.269900019513443,8.791100000962615,4.9173999868799,2.136800001608208,0.0,True,ok,4080,4080
3802,82,8.200000000000001,31,215939.6736435,215939.6840929,9.9991999741178,10.449399997014552,6.820600014179945,1.9328999915160239,0.0,True,ok,4288,4288
3803,83,8.3,31,215939.7067017,215939.7149749,7.81100001768209,8.27320001553744,4.60929999826476,2.015799982473254,0.0,True,ok,4269,4269
3804,84,8.4,31,215939.740316,215939.7495374,8.138000004692003,9.22139998874627,4.882800014456734,2.051500021480024,0.0,True,ok,3996,3996
3805,85,8.5,31,215939.7738086,215939.7829829,8.597500011092052,9.174300008453429,5.126199976075441,2.2302999859675765,0.0,True,ok,4318,4318
3806,86,8.6,31,215939.8068679,215939.8157941,8.310000004712492,8.926199981942773,5.048399994848296,2.0269000087864697,0.0,True,ok,4410,4410
3807,87,8.700000000000001,31,215939.8403549,215939.8489994,8.233900007326156,8.644500019727275,5.063299991888925,1.9325999892316759,0.0,True,ok,4345,4345
3808,88,8.8,31,215939.8738049,215939.884497,9.858000004896894,10.692099982406944,6.644699984462932,1.95720000192523,0.0,True,ok,3995,3995
3809,89,8.9,31,215939.9070066,215939.916084,8.597000007284805,9.077399998204783,5.132699996465817,1.9782999879680574,0.0,True,ok,4114,4114
3810,90,9.0,31,215939.9405828,215939.9494311,7.685799995670095,8.848299999954179,4.630400013411418,1.868899998953566,0.0,True,ok,4407,4407
3811,91,9.1,31,215939.9739634,215939.9833033,8.814399974653497,9.33989998884499,5.3573000186588615,2.2163999965414405,0.0,True,ok,4504,4504
3812,92,9.200000000000001,31,215940.0069051,215940.0166299,8.913900004699826,9.724800009280443,5.3558000072371215,2.2544999956153333,0.0,True,ok,4602,4602
3813,93,9.3,31,215940.0405639,215940.0499049,8.209299994632602,9.340999997220933,4.967400018358603,2.0087000157218426,0.0,True,ok,4719,4719
3814,94,9.4,31,215940.073674,215940.0848362,10.65129999187775,11.162199982209131,7.351399981416762,2.0363000221550465,0.0,True,ok,4623,4623
3815,95,9.5,31,215940.1068965,215940.1167621,9.041199984494597,9.865600004559383,5.181300017284229,2.4081000010482967,0.0,True,ok,4555,4555
3816,96,9.600000000000001,31,215940.140368,215940.1492817,8.208899991586804,8.913700003176928,4.598500003339723,2.2782000014558434,0.0,True,ok,4902,4902
3817,97,9.700000000000001,31,215940.1740918,215940.1835327,8.905099995899945,9.44090000120923,5.542300001252443,2.035900019109249,33.72380000655539,True,ok,4793,4793
3818,98,9.8,31,215940.2068703,215940.2157383,8.489900006679818,8.868000004440546,5.01820002682507,2.206000004662201,0.0,True,ok,4857,4857
3819,99,9.9,31,215940.2401825,215940.2494895,8.584200026234612,9.307000000262633,5.073599983006716,2.115600014803931,0.0,True,ok,4985,4985
3820,100,10.0,31,215940.2739541,215940.285024,10.551200015470386,11.069900006987154,6.504799996037036,2.480100025422871,0.0,True,ok,4973,4973
3821,101,10.100000000000001,31,215940.3069697,215940.3159503,8.313500002259389,8.980599988717586,4.860399989411235,2.1572000114247203,0.0,True,ok,4507,4507
3822,102,10.200000000000001,31,215940.3401155,215940.3488584,8.135299984132871,8.74289998319,4.7975999768823385,2.0496999786701053,0.0,True,ok,4834,4834
3823,103,10.3,31,215940.3737753,215940.3849584,10.55340000311844,11.18310002493672,6.5744000021368265,2.68320000031963,0.0,True,ok,4943,4943
3824,104,10.4,31,215940.4069996,215940.4157626,8.143199986079708,8.762999990722165,4.693900002166629,2.0323999924585223,0.0,True,ok,5082,5082
3825,105,10.5,31,215940.4402377,215940.4491711,8.289899997180328,8.933399978559464,4.947500012349337,2.0336000015959144,0.0,True,ok,4986,4986
3826,106,10.600000000000001,31,215940.4735625,215940.4829774,8.944600005634129,9.414900006959215,5.588799976976588,2.0614999812096357,0.0,True,ok,5037,5037
3827,107,10.700000000000001,31,215940.506893,215940.5156896,8.411399991018698,8.796599984634668,5.109399993671104,2.0035000052303076,0.0,True,ok,5162,5162
3828,108,10.8,31,215940.5403785,215940.54916,8.285299991257489,8.78149998607114,4.920599982142448,2.067299996269867,0.0,True,ok,4884,4884
3829,109,10.9,31,215940.5736354,215940.5846753,10.409999988041818,11.039899982279167,7.144500006688759,1.9406999927014112,0.0,True,ok,4890,4890
3830,110,11.0,31,215940.6073406,215940.6172869,9.460400004172698,9.946300007868558,6.0939000104554,2.129500004230067,0.0,True,ok,4848,4848
3831,111,11.100000000000001,31,215940.6404678,215940.6492472,8.084800007054582,8.779399999184534,4.813599982298911,1.9598999933805317,0.0,True,ok,5030,5030
3832,112,11.200000000000001,31,215940.6735461,215940.682942,8.915300015360117,9.395900007802993,5.59009998687543,2.003000001423061,0.0,True,ok,5114,5114
3833,113,11.3,31,215940.7068658,215940.7160919,8.673999982420355,9.226099995430559,4.851400008192286,2.4673999869264662,0.0,True,ok,5293,5293
3834,114,11.4,31,215940.7404361,215940.7505311,9.4319999916479,10.095000005094334,5.815799988340586,2.180299983592704,0.0,True,ok,5423,5423
3835,115,11.5,31,215940.7737863,215940.7832374,8.786999998847023,9.45109999156557,5.088500009151176,2.1638000034727156,0.0,True,ok,5340,5340
3836,116,11.600000000000001,31,215940.8070067,215940.8159482,8.259800000814721,8.94150001113303,4.73809998948127,2.190100000007078,0.0,True,ok,5279,5279
3837,117,11.700000000000001,31,215940.8402727,215940.8492046,8.35170000209473,8.931899996241555,4.835999978240579,2.162600023439154,0.0,True,ok,5498,5498
3838,118,11.8,31,215940.8739175,215940.8846539,10.293500003172085,10.736399999586865,6.857600004877895,2.0440999942366034,0.0,True,ok,5517,5517
3839,119,11.9,31,215940.9070945,215940.9164675,8.439700002782047,9.373000008054078,4.87000000430271,2.1955999836791307,0.0,True,ok,5266,5266
3840,0,0.0,32,215940.9432329,215940.9523056,8.536199980881065,9.072699991520494,4.760099982377142,2.154000016162172,0.0,True,ok,4708,4708
3841,1,0.1,32,215940.973737,215940.9833551,8.919500018237159,9.618100011721253,5.372500017983839,2.219200017862022,0.0,True,ok,4681,4681
3842,2,0.2,32,215941.0071184,215941.0159712,8.145399973727763,8.852799976011738,4.799499991349876,2.0215999975334853,0.0,True,ok,4360,4360
3843,3,0.30000000000000004,32,215941.0406645,215941.0513218,9.47340001584962,10.65730000846088,5.898600007640198,2.259900007629767,0.0,True,ok,4532,4532
3844,4,0.4,32,215941.0736622,215941.0826971,8.462500001769513,9.03489999473095,5.2909000078216195,1.8512999813538045,0.0,True,ok,4533,4533
3845,5,0.5,32,215941.1071274,215941.1162361,8.370299998205155,9.108700003707781,4.887999995844439,2.212799998233095,0.0,True,ok,4334,4334
3846,6,0.6000000000000001,32,215941.1404038,215941.1509506,9.41119997878559,10.546799981966615,5.093599989777431,2.991799992742017,0.0,True,ok,4462,4462
3847,7,0.7000000000000001,32,215941.1734247,215941.1832364,9.063299978151917,9.811699972487986,5.5976999865379184,2.0656000124290586,0.0,True,ok,4479,4479
3848,8,0.8,32,215941.2070314,215941.2161142,8.514500019373372,9.082800010219216,4.88480000058189,2.278900006785989,0.0,True,ok,4534,4534
3849,9,0.9,32,215941.2404104,215941.2502248,9.10579998162575,9.814399993047118,4.880099993897602,2.8670000028796494,0.0,True,ok,4491,4491
3850,10,1.0,32,215941.2738712,215941.2832573,8.856300002662465,9.386099991388619,5.203100008657202,2.2810999944340438,0.0,True,ok,4600,4600
3851,11,1.1,32,215941.3072498,215941.3161048,8.345500013092533,8.854999992763624,4.9909999943338335,2.0076000073459,0.0,True,ok,4781,4781
3852,12,1.2000000000000002,32,215941.3407525,215941.3494848,8.237900008680299,8.732300018891692,4.729100008262321,2.002099994570017,0.0,True,ok,5044,5044
3853,13,1.3,32,215941.3736715,215941.3841289,9.909200016409159,10.457399999722838,6.271300022490323,2.2711000056006014,0.0,True,ok,4620,4620
3854,14,1.4000000000000001,32,215941.4070015,215941.4158763,8.395699987886474,8.87479999801144,4.882199980784208,2.1536000131163746,0.0,True,ok,4785,4785
3855,15,1.5,32,215941.4401983,215941.449505,8.779099996900186,9.306699997978285,5.14860000112094,2.015600010054186,0.0,True,ok,5045,5045
3856,16,1.6,32,215941.4734661,215941.4831762,9.139600006164983,9.710100013762712,5.51749998703599,2.2129999997559935,0.0,True,ok,5382,5382
3857,17,1.7000000000000002,32,215941.5071547,215941.5189281,10.347300005378202,11.773400008678436,6.8746999895665795,2.0255999988876283,0.0,True,ok,5312,5312
3858,18,1.8,32,215941.5404789,215941.5490484,8.100099978037179,8.56950000161305,4.784600023413077,1.873800007160753,0.0,True,ok,5363,5363
3859,19,1.9000000000000001,32,215941.5738664,215941.5844624,10.114300006534904,10.596000007353723,6.409599998733029,2.2450999822467566,0.0,True,ok,5455,5455
3860,20,2.0,32,215941.6071336,215941.6161841,8.349100011400878,9.050500026205555,4.731799999717623,2.2003000194672495,0.0,True,ok,5508,5508
3861,21,2.1,32,215941.6401519,215941.6493434,8.2377000071574,9.191499993903562,4.784399992786348,1.9620000093709677,0.0,True,ok,5300,5300
3862,22,2.2,32,215941.6737798,215941.6844167,10.036899999249727,10.636899998644367,6.2763000023551285,2.1918999846093357,0.0,True,ok,5384,5384
3863,23,2.3000000000000003,32,215941.7072249,215941.7163986,8.72969999909401,9.173700003884733,5.011200002627447,2.26250002742745,0.0,True,ok,5355,5355
3864,24,2.4000000000000004,32,215941.7401191,215941.74965,8.979100006399676,9.530900017125532,4.916199977742508,2.688599983230233,0.0,True,ok,5072,5072
3865,25,2.5,32,215941.7736673,215941.7842849,9.354600013466552,10.617599997203797,5.7001999812200665,2.2361000010278076,0.0,True,ok,4851,4851
3866,26,2.6,32,215941.806966,215941.8159721,8.516100002452731,9.006100008264184,4.956899996614084,1.8758000223897398,0.0,True,ok,4933,4933
3867,27,2.7,32,215941.8405942,215941.8495054,8.420600002864376,8.911199984140694,4.987499996786937,2.047399990260601,0.0,True,ok,4889,4889
3868,28,2.8000000000000003,32,215941.8736355,215941.8849342,10.812099993927404,11.29870000295341,7.148599979700521,2.2812999959569424,0.0,True,ok,4508,4508
3869,29,2.9000000000000004,32,215941.9071032,215941.9162668,8.42589998501353,9.16359998518601,5.027600011089817,1.9819999870378524,0.0,True,ok,4516,4516
3870,30,3.0,32,215941.9402452,215941.9490264,8.088899980066344,8.781199983786792,4.704999999376014,2.008800016483292,0.0,True,ok,4326,4326
3871,31,3.1,32,215941.9735665,215941.9823565,8.29410000005737,8.789999992586672,4.829899989999831,2.095699979690835,0.0,True,ok,4407,4407
3872,32,3.2,32,215942.0070565,215942.0162868,8.558400004403666,9.2302999983076,5.103900009999052,2.109199995175004,0.0,True,ok,4113,4113
3873,33,3.3000000000000003,32,215942.0404641,215942.0491208,8.141899976180866,8.656699996208772,4.7916999901644886,2.0069999736733735,0.0,True,ok,4211,4211
3874,34,3.4000000000000004,32,215942.0739333,215942.0830523,8.503399993060157,9.118999994825572,4.707599990069866,2.2527000110130757,0.0,True,ok,4198,4198
3875,35,3.5,32,215942.1070314,215942.1164542,8.952900010626763,9.422800008906052,4.887600021902472,2.748200000496581,0.0,True,ok,4125,4125
3876,36,3.6,32,215942.1403804,215942.1502067,9.323899983428419,9.826299996348098,5.496499972650781,2.2465000220108777,0.0,True,ok,4267,4267
3877,37,3.7,32,215942.1734703,215942.1832512,9.23490000423044,9.780899999896064,5.885399994440377,2.054199983831495,0.0,True,ok,3805,3805
3878,38,3.8000000000000003,32,215942.2070972,215942.2164983,8.903299982193857,9.401099989190698,5.06860000314191,2.4084999749902636,0.0,True,ok,3921,3921
3879,39,3.9000000000000004,32,215942.2404915,215942.2506584,9.024300001328811,10.16689999960363,5.398700013756752,2.3077999940142035,0.0,True,ok,3864,3864
3880,40,4.0,32,215942.2736743,215942.2830391,8.731900015845895,9.364800003822893,5.349799990653992,2.0653000101447105,0.0,True,ok,3828,3828
3881,41,4.1000000000000005,32,215942.307331,215942.3166416,8.269599988125265,9.310599998570979,4.9977999879047275,1.9957000040449202,33.656699990388006,True,ok,3659,3659
3882,42,4.2,32,215942.3406391,215942.3503638,8.48509999923408,9.724700008518994,4.888900002697483,2.1760000090580434,0.0,True,ok,3989,3989
3883,43,4.3,32,215942.3733931,215942.3845291,10.52690000506118,11.136000015540048,6.947100016986951,2.2594999754801393,0.0,True,ok,4294,4294
3884,44,4.4,32,215942.4069148,215942.4163112,8.668299997225404,9.39640001161024,4.698999982792884,2.1704000246245414,0.0,True,ok,4623,4623
3885,45,4.5,32,215942.4403417,215942.4499929,8.96799998008646,9.65119997272268,4.966199980117381,2.4105999909806997,0.0,True,ok,4708,4708
3886,46,4.6000000000000005,32,215942.4737836,215942.4829596,8.628299983683974,9.175999992294237,5.304599995724857,1.9728000042960048,0.0,True,ok,4834,4834
3887,47,4.7,32,215942.5068464,215942.515683,8.304899994982406,8.836599998176098,4.910499992547557,2.0523999992292374,0.0,True,ok,4677,4677
3888,48,4.800000000000001,32,215942.5401509,215942.5485557,7.943699980387464,8.404799998970702,4.729999986011535,1.9104999955743551,0.0,True,ok,4591,4591
3889,49,4.9,32,215942.5740597,215942.5846384,9.546499990392476,10.57869999203831,6.168600026285276,2.047099987976253,0.0,True,ok,4442,4442
3890,50,5.0,32,215942.6068473,215942.615855,8.475200011162087,9.007700020447373,4.888399998890236,2.209500002209097,0.0,True,ok,4408,4408
3891,51,5.1000000000000005,32,215942.6405408,215942.6495867,8.413699979428202,9.045899991178885,5.007500003557652,2.116200019372627,0.0,True,ok,4418,4418
3892,52,5.2,32,215942.6737296,215942.6826443,8.315899991430342,8.91469998168759,4.966000007698312,2.0428999850992113,0.0,True,ok,4600,4600
3893,53,5.300000000000001,32,215942.7068984,215942.717074,9.787599992705509,10.17559997853823,5.932799977017567,2.141100005246699,0.0,True,ok,4489,4489
3894,54,5.4,32,215942.740329,215942.7498003,8.841200004098937,9.471299999859184,5.260700010694563,2.216599998064339,0.0,True,ok,4625,4625
3895,55,5.5,32,215942.7738248,215942.7835308,8.791300002485514,9.70599998254329,4.9869000213220716,2.4440999841317534,0.0,True,ok,4379,4379
3896,56,5.6000000000000005,32,215942.8068823,215942.8155953,8.235299988882616,8.712999988347292,5.048899998655543,1.9101999932900071,0.0,True,ok,4212,4212
3897,57,5.7,32,215942.8400821,215942.8492408,8.746399980736896,9.158699976978824,5.34420000622049,2.139099990017712,0.0,True,ok,4229,4229
3898,58,5.800000000000001,32,215942.8739448,215942.8847892,10.178099997574463,10.844400007044896,6.628200004342943,2.1754000044893473,0.0,True,ok,4294,4294
3899,59,5.9,32,215942.9068072,215942.9154133,8.129900001222268,8.606100018369034,4.630699986591935,2.101199992466718,0.0,True,ok,4337,4337
3900,60,6.0,32,215942.9403516,215942.9491483,8.296699990751222,8.796699985396117,4.958099976647645,2.043000014964491,0.0,True,ok,4334,4334
3901,61,6.1000000000000005,32,215942.9738223,215942.9844368,9.364500001538545,10.614500002702698,5.688400007784367,2.2199000231921673,0.0,True,ok,4169,4169
3902,62,6.2,32,215943.007009,215943.0162671,8.624100009910762,9.258100006263703,4.902099986793473,2.053200005320832,0.0,True,ok,4172,4172
3903,63,6.300000000000001,32,215943.0401768,215943.0489571,8.35629997891374,8.780300006037578,4.771399981109425,2.271600009407848,0.0,True,ok,4147,4147
3904,64,6.4,32,215943.0735236,215943.0846596,10.655399993993342,11.135999986436218,7.230399991385639,2.069100009975955,0.0,True,ok,4178,4178
3905,65,6.5,32,215943.1069766,215943.1156247,8.171199995558709,8.64810001803562,4.9045000050682575,1.9668999884743243,33.45299998181872,True,ok,4169,4169
3906,66,6.6000000000000005,32,215943.1405002,215943.1493484,8.112800016533583,8.84819999919273,4.8240999749396,1.9398000149521977,0.0,True,ok,4168,4168
3907,67,6.7,32,215943.1734992,215943.182266,8.219399984227493,8.766799990553409,4.725999984657392,2.175300003727898,0.0,True,ok,4086,4086
3908,68,6.800000000000001,32,215943.2072211,215943.2162594,8.645900001283735,9.038300020620227,5.336200003512204,2.031699987128377,0.0,True,ok,4379,4379
3909,69,6.9,32,215943.2405871,215943.2497245,8.50279998849146,9.137399989413098,5.051699990872294,2.121199999237433,0.0,True,ok,4282,4282
3910,70,7.0,32,215943.2738313,215943.2825724,8.080400002654642,8.741099998587742,4.692100017564371,2.0423000096343458,0.0,True,ok,4247,4247
3911,71,7.1000000000000005,32,215943.3068226,215943.3157943,8.481500000925735,8.971700008260086,5.0014999869745225,2.1419000113382936,0.0,True,ok,4354,4354
3912,72,7.2,32,215943.3405454,215943.3494554,8.433999988483265,8.910000004107133,5.190899973968044,1.9281999848317355,0.0,True,ok,4628,4628
3913,73,7.300000000000001,32,215943.3736119,215943.3844078,10.351600009016693,10.795900016091764,6.981499987887219,2.0591999928001314,0.0,True,ok,4287,4287
3914,74,7.4,32,215943.4070758,215943.4159905,8.469699998386204,8.914700010791421,4.9786000163294375,2.0918000082019717,0.0,True,ok,4455,4455
3915,75,7.5,32,215943.4401566,215943.4491008,8.217199996579438,8.944200002588332,4.952600022079423,1.93500000750646,0.0,True,ok,4560,4560
3916,76,7.6000000000000005,32,215943.4737024,215943.4841676,9.957500005839393,10.465200000908226,6.446699990192428,1.9916000019293278,0.0,True,ok,4662,4662
3917,77,7.7,32,215943.5068427,215943.5164306,8.674199983943254,9.587899985490367,4.858400003286079,2.367800014326349,0.0,True,ok,4381,4381
3918,78,7.800000000000001,32,215943.5402855,215943.549737,9.032200003275648,9.451499994611368,5.652699997881427,2.0508000161498785,0.0,True,ok,4350,4350
3919,79,7.9,32,215943.5737951,215943.5849552,9.874500014120713,11.160099995322526,6.472999986726791,1.9206000142730772,0.0,True,ok,4058,4058
3920,80,8.0,32,215943.606834,215943.6156498,8.33699997747317,8.815799985313788,5.065699981059879,1.9801000016741455,0.0,True,ok,4074,4074
3921,81,8.1,32,215943.6404591,215943.6487992,7.722799986368045,8.340100001078099,4.530900012468919,1.9049000111408532,0.0,True,ok,4080,4080
3922,82,8.200000000000001,32,215943.6736427,215943.6833817,9.235399978933856,9.738999971887097,5.8905000041704625,2.0186999754514545,0.0,True,ok,4288,4288
3923,83,8.3,32,215943.7066773,215943.7165862,9.504999994533136,9.90889998502098,6.176199996843934,1.9155000045429915,0.0,True,ok,4269,4269
3924,84,8.4,32,215943.7406823,215943.7495261,8.06150000425987,8.84379999479279,4.809200007002801,2.0272000110708177,0.0,True,ok,3996,3996
3925,85,8.5,32,215943.7739329,215943.7831698,8.691399998497218,9.236900019459426,4.83449999592267,2.55129998549819,0.0,True,ok,4318,4318
3926,86,8.6,32,215943.8072973,215943.8160571,8.128199988277629,8.759799995459616,4.955599986715242,1.8641999922692776,0.0,True,ok,4410,4410
3927,87,8.700000000000001,32,215943.8404569,215943.8490489,8.188500010874122,8.591999998316169,4.939100006595254,1.9595999910961837,0.0,True,ok,4345,4345
3928,88,8.8,32,215943.8739817,215943.8825637,7.921000011265278,8.582000009482726,4.726700019091368,1.944500021636486,0.0,True,ok,3995,3995
3929,89,8.9,32,215943.9075068,215943.9180954,9.344899997813627,10.588600009214133,6.097400008002296,1.951399986864999,0.0,True,ok,4114,4114
3930,90,9.0,32,215943.9402002,215943.9488913,8.073600009083748,8.69109999621287,4.7725999902468175,1.9915000011678785,0.0,True,ok,4407,4407
3931,91,9.1,32,215943.9733497,215943.9832488,9.428100020159036,9.899099997710437,5.87459999951534,2.22389999544248,0.0,True,ok,4504,4504
3932,92,9.200000000000001,32,215944.0072292,215944.0163569,8.636000013211742,9.127700002864003,5.12329998309724,2.2052999993320554,0.0,True,ok,4602,4602
3933,93,9.3,32,215944.0403223,215944.0497804,8.804999990388751,9.458100015763193,5.223399988608435,2.293099998496473,0.0,True,ok,4719,4719
3934,94,9.4,32,215944.0738812,215944.0827405,8.218999981181696,8.859299996402115,4.787700017914176,2.068000001600012,0.0,True,ok,4623,4623
3935,95,9.5,32,215944.1072234,215944.1164112,8.504600002197549,9.187799994833767,4.9774000071920455,2.2277999960351735,0.0,True,ok,4555,4555
3936,96,9.600000000000001,32,215944.140132,215944.1494059,8.640600019134581,9.273900010157377,5.047100014053285,2.2675000072922558,0.0,True,ok,4902,4902
3937,97,9.700000000000001,32,215944.1735943,215944.1854441,11.34900000761263,11.84980000834912,7.339200004935265,2.288599993335083,0.0,True,ok,4793,4793
3938,98,9.8,32,215944.2070726,215944.2154959,7.881199999246746,8.423299994319677,4.7036999894771725,1.896300003863871,0.0,True,ok,4857,4857
3939,99,9.9,32,215944.2407004,215944.2501784,8.424999978160486,9.477999992668629,5.089899990707636,2.014400000916794,33.62780000315979,True,ok,4985,4985
3940,100,10.0,32,215944.273824,215944.2852802,11.028700013412163,11.456200008979067,7.269299996551126,2.1958999859634787,0.0,True,ok,4973,4973
3941,101,10.100000000000001,32,215944.3068267,215944.3153622,8.004400006029755,8.53550000465475,4.714900016551837,1.945500000147149,0.0,True,ok,4507,4507
3942,102,10.200000000000001,32,215944.3404404,215944.3494044,8.477099996525794,8.964000007836148,4.799199989065528,2.3976000084076077,0.0,True,ok,4834,4834
3943,103,10.3,32,215944.3734487,215944.3822563,8.213799999793991,8.807600010186434,4.997099982574582,1.9329999922774732,0.0,True,ok,4943,4943
3944,104,10.4,32,215944.4066615,215944.4171669,9.86150000244379,10.505400015972555,6.018899992341176,2.4200000043492764,0.0,True,ok,5082,5082
3945,105,10.5,32,215944.4401887,215944.4491186,8.26279999455437,8.929899981012568,4.902799992123619,2.106400002958253,0.0,True,ok,4986,4986
3946,106,10.600000000000001,32,215944.4735134,215944.4821912,8.065000001806766,8.6777999822516,4.770900006406009,2.0235999836586416,0.0,True,ok,5037,5037
3947,107,10.700000000000001,32,215944.507038,215944.5160848,8.512400003382936,9.04679999803193,5.058699985966086,2.2140999790281057,0.0,True,ok,5162,5162
3948,108,10.8,32,215944.5403335,215944.5489869,8.077899983618408,8.653400000184774,4.738299991004169,2.1321999956853688,0.0,True,ok,4884,4884
3949,109,10.9,32,215944.5734289,215944.5820499,8.053300000028685,8.620999986305833,4.80490000336431,2.011499978834763,0.0,True,ok,4890,4890
3950,110,11.0,32,215944.6070815,215944.6172833,9.10289998864755,10.201800003414974,5.546900007175282,2.3339999897871166,0.0,True,ok,4848,4848
3951,111,11.100000000000001,32,215944.6402096,215944.6515934,10.716099990531802,11.383799981558695,4.81220000074245,4.642299987608567,0.0,True,ok,5030,5030
3952,112,11.200000000000001,32,215944.6736059,215944.6825497,8.17109999479726,8.943799999542534,4.950500006088987,1.9885000074282289,0.0,True,ok,5114,5114
3953,113,11.3,32,215944.7066979,215944.7154129,8.360500010894611,8.715000003576279,4.989599983673543,2.119300013873726,0.0,True,ok,5293,5293
3954,114,11.4,32,215944.7404617,215944.7495541,8.421800012001768,9.092399996006861,4.946800007019192,2.2043999924790114,0.0,True,ok,5423,5423
3955,115,11.5,32,215944.7737624,215944.7852023,10.73430001270026,11.439900001278147,7.064100005663931,2.3449999862350523,0.0,True,ok,5340,5340
3956,116,11.600000000000001,32,215944.8069699,215944.8153955,7.967299985466525,8.425599982729182,4.596499988110736,2.115600014803931,0.0,True,ok,5279,5279
3957,117,11.700000000000001,32,215944.8402528,215944.8499448,8.885399991413578,9.691999992355704,5.174499994609505,2.2403000039048493,0.0,True,ok,5498,5498
3958,118,11.8,32,215944.8733997,215944.8846072,10.613099992042407,11.207499977899715,7.139299996197224,2.174399996874854,0.0,True,ok,5517,5517
3959,119,11.9,32,215944.9070351,215944.9163706,8.724899991648272,9.33549998444505,5.293199996231124,2.154399990104139,0.0,True,ok,5266,5266
3960,0,0.0,33,215944.9425821,215944.9516581,8.501000003889203,9.076000016648322,4.9878999998327345,2.2384999901987612,0.0,True,ok,4708,4708
3961,1,0.1,33,215944.9736048,215944.9826743,8.410400012508035,9.069499996257946,4.9909999943338335,2.0921000104863197,0.0,True,ok,4681,4681
3962,2,0.2,33,215945.0072567,215945.0161016,8.179800002835691,8.844900003168732,4.8436000070068985,2.0775000157300383,0.0,True,ok,4360,4360
3963,3,0.30000000000000004,33,215945.040535,215945.0495015,8.545499993488193,8.966499997768551,5.214100005105138,2.088200009893626,0.0,True,ok,4532,4532
3964,4,0.4,33,215945.0737006,215945.0847489,10.560499998973683,11.04829998803325,7.252400013385341,2.0056999928783625,0.0,True,ok,4533,4533
3965,5,0.5,33,215945.1071079,215945.1173862,9.570299996994436,10.278300003847107,5.795500008389354,2.4984999909065664,0.0,True,ok,4334,4334
3966,6,0.6000000000000001,33,215945.1401742,215945.1491485,8.483000012347475,8.974299998953938,5.2152000134810805,1.9817999855149537,0.0,True,ok,4462,4462
3967,7,0.7000000000000001,33,215945.1738347,215945.1829695,8.451799978502095,9.134799998719245,5.2331999759189785,1.9924000080209225,0.0,True,ok,4479,4479
3968,8,0.8,33,215945.2072202,215945.2159974,8.254199987277389,8.777199982432649,4.909300012513995,2.039399987552315,0.0,True,ok,4534,4534
3969,9,0.9,33,215945.240388,215945.2493973,8.352600008947775,9.009300003526732,5.087500001536682,2.040500025032088,0.0,True,ok,4491,4491
3970,10,1.0,33,215945.2736238,215945.2826856,8.386899979086593,9.061799995834008,4.722600016975775,2.3818000045139343,0.0,True,ok,4600,4600
3971,11,1.1,33,215945.3068971,215945.3158891,8.367100002942607,8.991999988211319,5.059099989011884,2.0201000152155757,0.0,True,ok,4781,4781
3972,12,1.2000000000000002,33,215945.3404605,215945.3498678,8.290600002510473,9.407299978192896,4.978699987987056,2.027000009547919,0.0,True,ok,5044,5044
3973,13,1.3,33,215945.3736538,215945.3826958,8.558300003642216,9.042000019690022,5.0008999824058264,2.2837999858893454,0.0,True,ok,4620,4620
3974,14,1.4000000000000001,33,215945.4068755,215945.4160681,8.483199984766543,9.192600002279505,5.031699984101579,2.157599985366687,0.0,True,ok,4785,4785
3975,15,1.5,33,215945.4403366,215945.4494451,8.580800000345334,9.108500002184883,4.86849999288097,2.226000011432916,33.46110001439229,True,ok,5045,5045
3976,16,1.6,33,215945.4739484,215945.4838135,8.650900010252371,9.865100000752136,5.011300003388897,2.3147000174503773,0.0,True,ok,5382,5382
3977,17,1.7000000000000002,33,215945.5067496,215945.5157918,8.546500001102686,9.04219999210909,4.7528000141028315,2.431000000797212,0.0,True,ok,5312,5312
3978,18,1.8,33,215945.5403155,215945.5489386,8.152599999448285,8.623100002296269,4.772699991008267,2.0297000010032207,0.0,True,ok,5363,5363
3979,19,1.9000000000000001,33,215945.5737392,215945.5861453,11.231800017412752,12.406100024236366,6.744899990735576,2.951899979962036,0.0,True,ok,5455,5455
3980,20,2.0,33,215945.6070101,215945.6162991,8.54589999653399,9.288999979617074,4.986700019799173,2.2595000045839697,0.0,True,ok,5508,5508
3981,21,2.1,33,215945.6403555,215945.6506478,9.50889999512583,10.292299994034693,6.165500002680346,2.0318999886512756,0.0,True,ok,5300,5300
3982,22,2.2,33,215945.6735772,215945.6839965,9.768800024176016,10.419300000648946,5.591699999058619,2.6485999987926334,0.0,True,ok,5384,5384
3983,23,2.3000000000000003,33,215945.7070326,215945.715629,8.09400001890026,8.59640000271611,4.7590000031050295,2.027900016400963,0.0,True,ok,5355,5355
3984,24,2.4000000000000004,33,215945.7401464,215945.7494172,8.57999999425374,9.270799986552447,4.827900003874674,2.3236999986693263,0.0,True,ok,5072,5072
3985,25,2.5,33,215945.7738662,215945.7841787,9.802999993553385,10.312500002328306,6.235299981199205,2.229100005934015,0.0,True,ok,4851,4851
3986,26,2.6,33,215945.8068754,215945.8159178,8.532700012438,9.042399993631989,5.185399990295991,2.07430002046749,0.0,True,ok,4933,4933
3987,27,2.7,33,215945.8404736,215945.8504524,8.5813999758102,9.978799993405119,5.069899983936921,2.0995999802835286,0.0,True,ok,4889,4889
3988,28,2.8000000000000003,33,215945.8736166,215945.882921,8.727000007638708,9.30440000956878,5.121800000779331,2.237100008642301,0.0,True,ok,4508,4508
3989,29,2.9000000000000004,33,215945.9071223,215945.916125,8.339799998793751,9.002699982374907,4.99600000330247,2.0821000216528773,0.0,True,ok,4516,4516
3990,30,3.0,33,215945.9403867,215945.9489593,8.082999993348494,8.57259999611415,4.832600010558963,1.9839000015053898,0.0,True,ok,4326,4326
3991,31,3.1,33,215945.973804,215945.9863875,12.049599987221882,12.583499978063628,6.190199987031519,4.549100005533546,0.0,True,ok,4407,4407
3992,32,3.2,33,215946.0071601,215946.0157554,8.093500015093014,8.595299994340166,4.74860001122579,1.9899000180885196,0.0,True,ok,4113,4113
3993,33,3.3000000000000003,33,215946.0401376,215946.0486408,8.026099996641278,8.503199991537258,4.914800025289878,1.8914999964181334,32.97749999910593,True,ok,4211,4211
3994,34,3.4000000000000004,33,215946.073822,215946.0836312,9.330000000772998,9.809199982555583,6.093500007409602,2.043000014964491,0.0,True,ok,4198,4198
3995,35,3.5,33,215946.1068846,215946.1159848,8.546400000341237,9.100199997192249,5.108099983772263,2.2396999993361533,0.0,True,ok,4125,4125
3996,36,3.6,33,215946.1405652,215946.1489753,7.837399985874072,8.410099981119856,4.547799995634705,2.1155999857001007,33.680599997751415,True,ok,4267,4267
3997,37,3.7,33,215946.1737725,215946.183559,9.341800003312528,9.786499984329566,6.2587000138591975,1.964299997780472,0.0,True,ok,3805,3805
3998,38,3.8000000000000003,33,215946.2074021,215946.2184206,9.637199982535094,11.018499993951991,5.606699996860698,2.82979998155497,0.0,True,ok,3921,3921
3999,39,3.9000000000000004,33,215946.2404953,215946.2494219,8.438899996690452,8.92659998498857,4.933399992296472,2.389400004176423,0.0,True,ok,3864,3864
4000,40,4.0,33,215946.2739385,215946.2846303,10.070800024550408,10.691800009226426,6.60210000933148,2.298799983691424,0.0,True,ok,3828,3828
4001,41,4.1000000000000005,33,215946.3069024,215946.3157951,8.245500008342788,8.892699988791719,5.052499996963888,2.0145000016782433,0.0,True,ok,3659,3659
4002,42,4.2,33,215946.3401243,215946.348817,8.27619998017326,8.692699979292229,5.01079999958165,2.1458000119309872,0.0,True,ok,3989,3989
4003,43,4.3,33,215946.3734373,215946.3843599,10.240000003250316,10.922599991317838,7.092499989084899,1.9921000057365745,0.0,True,ok,4294,4294
4004,44,4.4,33,215946.4068087,215946.4176426,10.153199982596561,10.833899985300377,5.055899993749335,3.8243999879341573,0.0,True,ok,4623,4623
4005,45,4.5,33,215946.4401396,215946.4489535,8.332899975357577,8.813899999950081,4.836899985093623,2.3280000023078173,0.0,True,ok,4708,4708
4006,46,4.6000000000000005,33,215946.473738,215946.4827525,8.367399976123124,9.014499984914437,5.163699999684468,2.0266000065021217,0.0,True,ok,4834,4834
4007,47,4.7,33,215946.5068321,215946.5161036,8.52220001979731,9.271499991882592,5.097799992654473,2.2277999960351735,0.0,True,ok,4677,4677
4008,48,4.800000000000001,33,215946.5404724,215946.5491705,8.00499998149462,8.698099991306663,4.716299998108298,2.069400012260303,0.0,True,ok,4591,4591
4009,49,4.9,33,215946.5736596,215946.5843177,10.026200005086139,10.658100014552474,6.981399987125769,1.8837999959941953,0.0,True,ok,4442,4442
4010,50,5.0,33,215946.6069055,215946.6160097,8.433399983914569,9.104199998546392,5.198099999688566,2.054000011412427,0.0,True,ok,4408,4408
4011,51,5.1000000000000005,33,215946.6405084,215946.6495447,8.335999998962507,9.03629997628741,5.029499996453524,2.1557000000029802,0.0,True,ok,4418,4418
4012,52,5.2,33,215946.6734231,215946.6828634,8.936199999880046,9.440299996640533,5.6801000027917325,2.0286999933887273,0.0,True,ok,4600,4600
4013,53,5.300000000000001,33,215946.7070479,215946.7156127,8.14140000147745,8.564799994928762,4.818799992790446,2.149299980374053,33.62480000942014,True,ok,4489,4489
4014,54,5.4,33,215946.7401159,215946.7495072,8.836900000460446,9.391300001880154,5.326999991666526,2.178099995944649,0.0,True,ok,4625,4625
4015,55,5.5,33,215946.774071,215946.7844839,9.258300007786602,10.412900010123849,5.943199998000637,2.1723000099882483,0.0,True,ok,4379,4379
4016,56,5.6000000000000005,33,215946.8070896,215946.815264,7.511700008763,8.174399990821257,4.480800009332597,1.879699993878603,0.0,True,ok,4212,4212
4017,57,5.7,33,215946.8402415,215946.8495039,8.623100002296269,9.262400009902194,5.009000014979392,2.3397000040858984,0.0,True,ok,4229,4229
4018,58,5.800000000000001,33,215946.8738042,215946.8838539,9.403100004419684,10.04970000940375,6.13540000631474,2.1080999867990613,0.0,True,ok,4294,4294
4019,59,5.9,33,215946.907153,215946.9161436,8.513100008713081,8.990600006654859,5.102099996292964,2.1727999846916646,0.0,True,ok,4337,4337
4020,60,6.0,33,215946.9403736,215946.9498188,8.31629999447614,9.44520000484772,5.074599990621209,2.097100019454956,0.0,True,ok,4334,4334
4021,61,6.1000000000000005,33,215946.9738408,215946.9825766,8.261300012236461,8.735800016438589,4.7734999970998615,2.3502999974880368,0.0,True,ok,4169,4169
4022,62,6.2,33,215947.0069255,215947.0167527,8.996999997179955,9.827200003201142,5.813499999931082,1.9823999900836498,0.0,True,ok,4172,4172
4023,63,6.300000000000001,33,215947.0406698,215947.0513899,9.955500019714236,10.720100020989776,4.700099991168827,3.0041999998502433,0.0,True,ok,4147,4147
4024,64,6.4,33,215947.0736796,215947.0843011,9.84809998772107,10.62149999779649,6.621200009249151,2.074699994409457,0.0,True,ok,4178,4178
4025,65,6.5,33,215947.1071336,215947.1165857,8.729099994525313,9.452099999180064,5.399200017563999,2.1145000064279884,0.0,True,ok,4169,4169
4026,66,6.6000000000000005,33,215947.1402594,215947.1499652,9.207199997035787,9.705799981020391,6.162100005894899,1.8549999804235995,0.0,True,ok,4168,4168
4027,67,6.7,33,215947.1738345,215947.1848095,9.814699995331466,10.975000011967495,6.111499998951331,2.1647999819833785,33.57509998022579,True,ok,4086,4086
4028,68,6.800000000000001,33,215947.2071326,215947.2155613,8.053500001551583,8.428700006334111,4.733299982035533,2.159600000595674,33.298099995590746,True,ok,4379,4379
4029,69,6.9,33,215947.2403796,215947.2490952,8.079799998085946,8.715600008144975,4.636800003936514,2.2317999973893166,0.0,True,ok,4282,4282
4030,70,7.0,33,215947.2737141,215947.2842983,9.83789999736473,10.584199975710362,6.544100004248321,2.1149999811314046,0.0,True,ok,4247,4247
4031,71,7.1000000000000005,33,215947.3071279,215947.3157284,8.050099975662306,8.600499975727871,4.86559999990277,2.0215999975334853,0.0,True,ok,4354,4354
4032,72,7.2,33,215947.3406229,215947.3492488,8.035599981667474,8.62589999451302,4.714200011221692,2.150999993318692,0.0,True,ok,4628,4628
4033,73,7.300000000000001,33,215947.37369,215947.384016,9.905299986712635,10.325999988708645,6.767100014258176,1.986600022064522,0.0,True,ok,4287,4287
4034,74,7.4,33,215947.4072516,215947.4159798,8.269099984318018,8.72819998767227,5.08780000382103,1.9954000017605722,0.0,True,ok,4455,4455
4035,75,7.5,33,215947.4406374,215947.4492171,8.066499984124675,8.579699991969392,4.906199988909066,1.9803000031970441,33.385799993993714,True,ok,4560,4560
4036,76,7.6000000000000005,33,215947.4735494,215947.4824421,8.36659999913536,8.89270001789555,4.965500003891066,2.02240000362508,0.0,True,ok,4662,4662
4037,77,7.7,33,215947.5071934,215947.5160752,8.393500000238419,8.881799993105233,5.110700003569946,2.1077000128570944,0.0,True,ok,4381,4381
4038,78,7.800000000000001,33,215947.540508,215947.5488663,7.907999999588355,8.358299994142726,4.744700010633096,2.0071000035386533,0.0,True,ok,4350,4350
4039,79,7.9,33,215947.5737769,215947.5830222,8.785300015006214,9.24529999610968,5.4390000004787,2.1898000268265605,0.0,True,ok,4058,4058
4040,80,8.0,33,215947.6070913,215947.6168558,8.644000015920028,9.764500020537525,5.481400003191084,2.022100001340732,0.0,True,ok,4074,4074
4041,81,8.1,33,215947.6400546,215947.6486212,8.116400014841929,8.56660000863485,4.842299997108057,2.1631999989040196,0.0,True,ok,4080,4080
4042,82,8.200000000000001,33,215947.6734385,215947.6827828,8.68369999807328,9.344299993244931,5.598699994152412,1.887699996586889,0.0,True,ok,4288,4288
4043,83,8.3,33,215947.7071066,215947.7163166,8.077500009676442,9.210000018356368,4.84790001064539,2.049700007773936,0.0,True,ok,4269,4269
4044,84,8.4,33,215947.7403602,215947.7490163,7.805000001098961,8.656099991640076,4.643099993700162,2.002099994570017,0.0,True,ok,3996,3996
4045,85,8.5,33,215947.7738927,215947.7847487,10.052400000859052,10.856000008061528,6.605399976251647,2.155599999241531,0.0,True,ok,4318,4318
4046,86,8.6,33,215947.8069008,215947.8153248,7.900700002210215,8.423999999649823,4.728500003693625,1.97789998492226,33.008099999278784,True,ok,4410,4410
4047,87,8.700000000000001,33,215947.8403649,215947.8509245,10.091900010593235,10.559599992120638,4.929399990942329,3.9508000190835446,0.0,True,ok,4345,4345
4048,88,8.8,33,215947.8737723,215947.8838004,9.409000020241365,10.028100019553676,6.331500015221536,1.9480000191833824,0.0,True,ok,3995,3995
4049,89,8.9,33,215947.9071236,215947.9158849,8.281399990664795,8.761300006881356,5.091900005936623,2.0138999971095473,33.35129999322817,True,ok,4114,4114
4050,90,9.0,33,215947.9407249,215947.9494649,8.154400013154373,8.74000001931563,4.931400006171316,2.051000017672777,0.0,True,ok,4407,4407
4051,91,9.1,33,215947.9738677,215947.9825938,8.10889998683706,8.726100000785664,4.733999987365678,2.1204999939072877,0.0,True,ok,4504,4504
4052,92,9.200000000000001,33,215948.0072523,215948.0160997,8.301800000481308,8.847399993101135,4.941899998812005,2.1563000045716763,0.0,True,ok,4602,4602
4053,93,9.3,33,215948.0401622,215948.0489792,8.438099990598857,8.81699999445118,4.853400023421273,2.3713000118732452,0.0,True,ok,4719,4719
4054,94,9.4,33,215948.0736538,215948.0848709,10.761099983938038,11.21709999279119,7.291900023119524,2.2538999910466373,0.0,True,ok,4623,4623
4055,95,9.5,33,215948.1067225,215948.1154066,8.00359999993816,8.684100001119077,4.654799995478243,2.151900000171736,0.0,True,ok,4555,4555
4056,96,9.600000000000001,33,215948.14043,215948.1490647,8.097699988866225,8.6347000033129,4.558099986752495,2.2758999839425087,0.0,True,ok,4902,4902
4057,97,9.700000000000001,33,215948.1738013,215948.1840772,9.815400000661612,10.275900014676154,6.6439000074751675,1.966799987712875,0.0,True,ok,4793,4793
4058,98,9.8,33,215948.2068148,215948.2153844,8.053400000790134,8.5696000023745,4.602600005455315,2.039699989836663,0.0,True,ok,4857,4857
4059,99,9.9,33,215948.2402575,215948.2506614,9.31490000220947,10.40389999980107,5.715400009648874,2.133100002538413,0.0,True,ok,4985,4985
4060,100,10.0,33,215948.2737421,215948.2846907,10.301900008926168,10.948600014671683,7.000099983997643,2.0099999965168536,0.0,True,ok,4973,4973
4061,101,10.100000000000001,33,215948.3071478,215948.3158936,8.263900002930313,8.74580000527203,4.989900015061721,1.986199989914894,0.0,True,ok,4507,4507
4062,102,10.200000000000001,33,215948.3401456,215948.3490944,8.45260001369752,8.94880000851117,4.9823000153992325,2.201499999500811,0.0,True,ok,4834,4834
4063,103,10.3,33,215948.3734923,215948.3841027,10.118899983353913,10.610400000587106,6.881200009956956,1.9899999897461385,0.0,True,ok,4943,4943
4064,104,10.4,33,215948.4068233,215948.4155845,8.105699991574511,8.761200006119907,4.863499983912334,1.969200005987659,0.0,True,ok,5082,5082
4065,105,10.5,33,215948.4401091,215948.450264,9.657300019171089,10.15490002464503,5.132999998750165,3.261200006818399,0.0,True,ok,4986,4986
4066,106,10.600000000000001,33,215948.4734084,215948.4830515,9.053799993125722,9.643099998356774,5.754399986471981,2.0376000029500574,0.0,True,ok,5037,5037
4067,107,10.700000000000001,33,215948.50693,215948.5157335,8.331899996846914,8.803500008070841,4.866400005994365,2.0293999987188727,0.0,True,ok,5162,5162
4068,108,10.8,33,215948.5401474,215948.5489404,8.337600011145696,8.793000015430152,4.9152999999932945,2.206700009992346,0.0,True,ok,4884,4884
4069,109,10.9,33,215948.5737854,215948.5846688,10.43049999861978,10.883400012971833,7.118299981812015,2.068000001600012,0.0,True,ok,4890,4890
4070,110,11.0,33,215948.6072704,215948.6190044,11.122199997771531,11.733999999705702,5.456500017317012,4.386800021165982,0.0,True,ok,4848,4848
4071,111,11.100000000000001,33,215948.6405476,215948.6503923,9.140400012256578,9.844700020039454,5.904599995119497,1.9839000015053898,0.0,True,ok,5030,5030
4072,112,11.200000000000001,33,215948.6734534,215948.6820315,8.116400014841929,8.578100008890033,4.712800000561401,2.0955000072717667,0.0,True,ok,5114,5114
4073,113,11.3,33,215948.70725,215948.7163508,8.685400011017919,9.100800001760945,4.9811000062618405,2.2908999817445874,0.0,True,ok,5293,5293
4074,114,11.4,33,215948.7403929,215948.7497637,8.794499997748062,9.370799991302192,4.750399995828047,2.7424999861977994,0.0,True,ok,5423,5423
4075,115,11.5,33,215948.7739089,215948.7846815,9.718899993458763,10.77259998419322,6.261400005314499,2.1126000210642815,0.0,True,ok,5340,5340
4076,116,11.600000000000001,33,215948.806873,215948.8172701,9.053299989318475,10.397100006230175,5.583299993304536,2.18239999958314,0.0,True,ok,5279,5279
4077,117,11.700000000000001,33,215948.8403543,215948.8496668,8.705299987923354,9.312500013038516,5.072599975392222,2.2795999830123037,0.0,True,ok,5498,5498
4078,118,11.8,33,215948.8736844,215948.882335,8.251699997344986,8.650600007968023,4.778300004545599,2.1917000121902674,0.0,True,ok,5517,5517
4079,119,11.9,33,215948.9068884,215948.9163039,8.745099999941885,9.41550001152791,5.034600006183609,2.2231999901123345,0.0,True,ok,5266,5266
4080,0,0.0,34,215948.942927,215948.9518529,8.384899992961437,8.925900008762255,4.957700002705678,2.1769999875687063,0.0,True,ok,4708,4708
4081,1,0.1,34,215948.9735621,215948.9832545,9.230099996784702,9.692399995401502,5.606799997622147,2.30389999342151,0.0,True,ok,4681,4681
4082,2,0.2,34,215949.0071381,215949.0159777,8.31180001841858,8.839600021019578,4.78859999566339,2.1012000215705484,33.57599998707883,True,ok,4360,4360
4083,3,0.30000000000000004,34,215949.0406416,215949.049403,8.170100016286597,8.761400007642806,4.847200005315244,2.0807000109925866,0.0,True,ok,4532,4532
4084,4,0.4,34,215949.0734673,215949.084658,10.501200013095513,11.190699995495379,7.274600007804111,1.9457000016700476,0.0,True,ok,4533,4533
4085,5,0.5,34,215949.1071122,215949.1173473,9.566499997163191,10.235099995043129,6.038899999111891,2.295999991474673,0.0,True,ok,4334,4334
4086,6,0.6000000000000001,34,215949.140192,215949.1488994,7.772599987220019,8.70740000391379,4.508300015004352,2.0090999896638095,0.0,True,ok,4462,4462
4087,7,0.7000000000000001,34,215949.1737809,215949.1845767,9.818299993639812,10.795800015330315,6.1678999918513,2.398300013737753,33.588899997994304,True,ok,4479,4479
4088,8,0.8,34,215949.2069969,215949.216785,8.835199987515807,9.788099996512756,5.56789999245666,1.9771000079344958,0.0,True,ok,4534,4534
4089,9,0.9,34,215949.2404584,215949.250558,9.619099990231916,10.099600011017174,6.320400018012151,2.0364999945741147,0.0,True,ok,4491,4491
4090,10,1.0,34,215949.2737411,215949.2842923,10.057600011350587,10.551199986366555,6.520800001453608,2.1902000007685274,0.0,True,ok,4600,4600
4091,11,1.1,34,215949.3072162,215949.3168596,8.459199976641685,9.643400000641122,5.095500004244968,2.0315999863669276,0.0,True,ok,4781,4781
4092,12,1.2000000000000002,34,215949.3402252,215949.3490348,8.30729998415336,8.80959999631159,4.898799990769476,2.0732000120915473,0.0,True,ok,5044,5044
4093,13,1.3,34,215949.3739941,215949.3835675,8.30589997349307,9.573399991495535,4.728799976874143,2.2701999987475574,0.0,True,ok,4620,4620
4094,14,1.4000000000000001,34,215949.4070717,215949.4163008,8.47189998603426,9.229099989170209,4.909099981887266,2.2302000143099576,0.0,True,ok,4785,4785
4095,15,1.5,34,215949.4402173,215949.4493729,8.665800007293,9.155600011581555,4.767200007336214,2.086399996187538,0.0,True,ok,5045,5045
4096,16,1.6,34,215949.4735566,215949.4838805,9.814299992285669,10.32390000182204,5.404499999713153,2.8091999993193895,0.0,True,ok,5382,5382
4097,17,1.7000000000000002,34,215949.5071749,215949.5162894,8.595299994340166,9.114499989664182,5.3054000018164515,1.9084999803453684,0.0,True,ok,5312,5312
4098,18,1.8,34,215949.5405988,215949.5512948,9.593700000550598,10.696000012103468,6.206599995493889,1.9964999810326844,0.0,True,ok,5363,5363
4099,19,1.9000000000000001,34,215949.5738509,215949.5829247,8.273899991763756,9.073799999896437,4.685899999458343,2.2455000143963844,33.25209999457002,True,ok,5455,5455
4100,20,2.0,34,215949.6068556,215949.6154683,7.952999992994592,8.61270001041703,4.534699983196333,2.058300015050918,0.0,True,ok,5508,5508
4101,21,2.1,34,215949.6404736,215949.6496457,8.474100002786145,9.172099991701543,4.9297999939881265,2.073899988317862,0.0,True,ok,5300,5300
4102,22,2.2,34,215949.6738085,215949.6826421,8.307999989483505,8.833600004436448,4.699299985077232,2.201199997216463,0.0,True,ok,5384,5384
4103,23,2.3000000000000003,34,215949.7071819,215949.7163849,8.699099998921156,9.202999994158745,4.99889999628067,2.292899996973574,0.0,True,ok,5355,5355
4104,24,2.4000000000000004,34,215949.7402475,215949.7495972,8.397099998546764,9.349699976155534,4.7178999811876565,2.315299992915243,0.0,True,ok,5072,5072
4105,25,2.5,34,215949.7739214,215949.7840161,9.009799978230149,10.094700002809986,5.463200010126457,2.1957000135444105,0.0,True,ok,4851,4851
4106,26,2.6,34,215949.8068857,215949.8157465,8.362599997781217,8.860800007823855,4.952699993737042,1.9937999895773828,0.0,True,ok,4933,4933
4107,27,2.7,34,215949.840495,215949.8494813,8.475800015730783,8.986300003016368,5.060700001195073,1.9914000004064292,0.0,True,ok,4889,4889
4108,28,2.8000000000000003,34,215949.8737273,215949.8832948,9.023699996760115,9.567500004777685,5.4148000199347734,2.214300009654835,0.0,True,ok,4508,4508
4109,29,2.9000000000000004,34,215949.9072014,215949.9160693,8.34890000987798,8.867900003679097,5.078000016510487,1.9123000092804432,0.0,True,ok,4516,4516
4110,30,3.0,34,215949.9400799,215949.9494489,8.87779999175109,9.369000006699935,5.409899982623756,2.164899982744828,0.0,True,ok,4326,4326
4111,31,3.1,34,215949.9735203,215949.9841042,10.108000016771257,10.583900002529845,6.706299987854436,2.067900000838563,0.0,True,ok,4407,4407
4112,32,3.2,34,215950.0073089,215950.0164417,8.518799993908033,9.132799983490258,5.047299986472353,2.076699980534613,0.0,True,ok,4113,4113
4113,33,3.3000000000000003,34,215950.0402749,215950.0495806,8.6038000008557,9.305699990363792,4.873800004133955,2.4258000194095075,0.0,True,ok,4211,4211
4114,34,3.4000000000000004,34,215950.0738227,215950.0837398,9.228400012943894,9.917099989252165,5.9917999897152185,1.94089999422431,0.0,True,ok,4198,4198
4115,35,3.5,34,215950.107196,215950.1161143,8.217399998102337,8.918300009099767,4.600300017045811,2.300599997397512,0.0,True,ok,4125,4125
4116,36,3.6,34,215950.1403454,215950.1495409,8.509099978255108,9.195499995257705,4.751899978145957,2.514099993277341,0.0,True,ok,4267,4267
4117,37,3.7,34,215950.1735663,215950.1854359,11.148599995067343,11.869599984493107,6.696099997498095,3.193399985320866,0.0,True,ok,3805,3805
4118,38,3.8000000000000003,34,215950.2067196,215950.215579,8.306700008688495,8.859399997163564,4.817799985175952,2.2120999929029495,0.0,True,ok,3921,3921
4119,39,3.9000000000000004,34,215950.2404446,215950.2504269,9.515899990219623,9.982299990952015,6.131600006483495,2.147200022591278,0.0,True,ok,3864,3864
4120,40,4.0,34,215950.2739412,215950.2841475,9.07040000311099,10.206300008576363,5.953900021268055,1.8871000211220235,0.0,True,ok,3828,3828
4121,41,4.1000000000000005,34,215950.3070723,215950.3159065,8.312599995406345,8.834200009005144,5.023400008212775,2.0220000005792826,0.0,True,ok,3659,3659
4122,42,4.2,34,215950.3404709,215950.349417,8.320099994307384,8.946099987952039,4.765899997437373,2.2234000207390636,0.0,True,ok,3989,3989
4123,43,4.3,34,215950.3739236,215950.3845634,9.915600006934255,10.639799991622567,6.198100018082187,2.317799982847646,0.0,True,ok,4294,4294
4124,44,4.4,34,215950.4070822,215950.4163655,8.837399975163862,9.283299994422123,5.186700000194833,2.3576999956276268,0.0,True,ok,4623,4623
4125,45,4.5,34,215950.4405602,215950.4500056,8.719600009499118,9.445400006370619,4.982999991625547,2.3742999765090644,0.0,True,ok,4708,4708
4126,46,4.6000000000000005,34,215950.4735324,215950.4829554,8.739199984120205,9.42299998132512,5.441799992695451,2.0022999960929155,0.0,True,ok,4834,4834
4127,47,4.7,34,215950.5070691,215950.5170233,9.466299990890548,9.954200009815395,5.951099999947473,2.173400018364191,0.0,True,ok,4677,4677
4128,48,4.800000000000001,34,215950.5402718,215950.5491519,8.176400006050244,8.880099980160594,4.904000001261011,1.997700019273907,0.0,True,ok,4591,4591
4129,49,4.9,34,215950.5736136,215950.5844001,9.454699989873916,10.786500002723187,6.140900019090623,1.9600999949034303,0.0,True,ok,4442,4442
4130,50,5.0,34,215950.6070275,215950.6161441,8.668099995702505,9.116600005654618,5.1241000182926655,2.043399988906458,0.0,True,ok,4408,4408
4131,51,5.1000000000000005,34,215950.6405912,215950.6493722,8.322599984239787,8.780999982263893,4.7734999970998615,2.1712000016123056,0.0,True,ok,4418,4418
4132,52,5.2,34,215950.673612,215950.6830634,8.979500009445474,9.451399993849918,5.557399999815971,2.0678000000771135,0.0,True,ok,4600,4600
4133,53,5.300000000000001,34,215950.7068691,215950.716665,9.38440000754781,9.795900026801974,6.002700014505535,2.0413000020198524,0.0,True,ok,4489,4489
4134,54,5.4,34,215950.7401652,215950.749459,8.85120002203621,9.293800016166642,5.42410000343807,2.1355999924708158,0.0,True,ok,4625,4625
4135,55,5.5,34,215950.7735572,215950.7844032,10.318099986761808,10.845999990124255,7.0090000226628035,2.022100001340732,0.0,True,ok,4379,4379
4136,56,5.6000000000000005,34,215950.8072002,215950.8161551,8.207200007745996,8.95489999675192,4.819900001166388,2.095300005748868,0.0,True,ok,4212,4212
4137,57,5.7,34,215950.8406054,215950.8496962,8.44959999085404,9.090799983823672,4.820999980438501,2.221599977929145,0.0,True,ok,4229,4229
4138,58,5.800000000000001,34,215950.8735382,215950.8848815,10.633800004143268,11.34330002241768,6.801199982874095,2.478099981090054,0.0,True,ok,4294,4294
4139,59,5.9,34,215950.9070426,215950.9184005,10.75799998943694,11.35789998807013,4.723899997770786,4.628399998182431,0.0,True,ok,4337,4337
4140,60,6.0,34,215950.9401691,215950.9490309,8.29549998161383,8.861799986334518,4.803899995749816,2.206400007707998,0.0,True,ok,4334,4334
4141,61,6.1000000000000005,34,215950.9737049,215950.9831491,8.097200014162809,9.444199997233227,4.612399992765859,2.1647999819833785,0.0,True,ok,4169,4169
4142,62,6.2,34,215951.0075282,215951.0171647,8.352600008947775,9.63650000630878,4.899899999145418,2.115600014803931,0.0,True,ok,4172,4172
4143,63,6.300000000000001,34,215951.0401795,215951.049053,8.222600008593872,8.873499988112599,4.825699987122789,2.116500021656975,0.0,True,ok,4147,4147
4144,64,6.4,34,215951.0737519,215951.0842694,10.02299998071976,10.517499991692603,6.7328999866731465,2.0108000026084483,0.0,True,ok,4178,4178
4145,65,6.5,34,215951.1069721,215951.1153159,7.905000005848706,8.343800000147894,4.694599978392944,1.8363000126555562,0.0,True,ok,4169,4169
4146,66,6.6000000000000005,34,215951.1401255,215951.1489259,8.150599984219298,8.800399984465912,4.760700016049668,2.0551000197883695,0.0,True,ok,4168,4168
4147,67,6.7,34,215951.1737672,215951.1833926,8.481099997879937,9.625400009099394,5.20039998809807,1.9915000011678785,0.0,True,ok,4086,4086
4148,68,6.800000000000001,34,215951.2069899,215951.216022,8.409400004893541,9.032100002514198,4.7799999883864075,2.1370000031311065,0.0,True,ok,4379,4379
4149,69,6.9,34,215951.2401503,215951.2494468,8.450199995422736,9.296500007621944,5.01519997487776,2.0650000078603625,0.0,True,ok,4282,4282
4150,70,7.0,34,215951.2735286,215951.28474,9.863799990853295,11.21140000759624,6.311099976301193,2.1942000021226704,0.0,True,ok,4247,4247
4151,71,7.1000000000000005,34,215951.3069018,215951.3159492,8.284100011223927,9.047400002600625,4.878099978668615,2.033800003118813,0.0,True,ok,4354,4354
4152,72,7.2,34,215951.3405497,215951.3504046,9.19469998916611,9.854900010395795,5.15450001694262,2.66689999261871,0.0,True,ok,4628,4628
4153,73,7.300000000000001,34,215951.3734344,215951.3842736,10.239099996397272,10.839199996553361,6.74129999242723,2.134499984094873,0.0,True,ok,4287,4287
4154,74,7.4,34,215951.4068604,215951.4164289,8.857300010276958,9.568500012392178,4.729800013592467,2.6874000031966716,33.42599997995421,True,ok,4455,4455
4155,75,7.5,34,215951.4403519,215951.4496197,8.331199991516769,9.267799992812797,4.924199980450794,1.985899987630546,0.0,True,ok,4560,4560
4156,76,7.6000000000000005,34,215951.4735207,215951.483177,8.985499996924773,9.656299982452765,5.533200019272044,2.0634999964386225,0.0,True,ok,4662,4662
4157,77,7.7,34,215951.5071321,215951.5170119,9.133199986536056,9.879799996269867,4.894400015473366,2.8209000010974705,0.0,True,ok,4381,4381
4158,78,7.800000000000001,34,215951.5404154,215951.5491644,7.9347999999299645,8.74900000053458,4.582800000207499,2.027900016400963,0.0,True,ok,4350,4350
4159,79,7.9,34,215951.5735695,215951.5842579,10.177599993767217,10.688399983337149,6.882700021378696,1.9644999993033707,0.0,True,ok,4058,4058
4160,80,8.0,34,215951.6068733,215951.6154402,8.120499987853691,8.566899981815368,4.748200008179992,1.9800000009126961,0.0,True,ok,4074,4074
4161,81,8.1,34,215951.6403783,215951.6488954,8.035799983190373,8.517099980963394,4.797100002178922,1.9303000008221716,0.0,True,ok,4080,4080
4162,82,8.200000000000001,34,215951.6739122,215951.6830582,8.666499983519316,9.14599999669008,5.2850000211037695,2.0278999872971326,0.0,True,ok,4288,4288
4163,83,8.3,34,215951.7070408,215951.7154886,8.040899992920458,8.447799977147952,4.770799976540729,1.9480999908410013,0.0,True,ok,4269,4269
4164,84,8.4,34,215951.7404537,215951.7496881,8.44970002071932,9.234400000423193,4.956699995091185,2.202900010161102,33.41289999661967,True,ok,3996,3996
4165,85,8.5,34,215951.7734854,215951.7822736,8.22279998101294,8.788200007984415,4.593399993609637,2.143599995179102,0.0,True,ok,4318,4318
4166,86,8.6,34,215951.8068998,215951.8157459,8.399100013775751,8.846100012306124,5.028199986554682,2.0167999900877476,0.0,True,ok,4410,4410
4167,87,8.700000000000001,34,215951.8401345,215951.8494674,8.854699990479276,9.332899993751198,5.458700004965067,2.0493000047281384,0.0,True,ok,4345,4345
4168,88,8.8,34,215951.8737638,215951.8838987,9.774900012416765,10.134900017874315,6.496699992567301,1.9937999895773828,0.0,True,ok,3995,3995
4169,89,8.9,34,215951.9072197,215951.9163531,8.658900012960657,9.133400017162785,5.0171999901067466,2.1795999782625586,0.0,True,ok,4114,4114
4170,90,9.0,34,215951.9402294,215951.9487855,7.946199999423698,8.556099986890331,4.817200009711087,1.8288999854121357,0.0,True,ok,4407,4407
4171,91,9.1,34,215951.9738562,215951.9834233,9.02749999659136,9.567100001731887,5.428500007838011,2.2166999988257885,0.0,True,ok,4504,4504
4172,92,9.200000000000001,34,215952.0067478,215952.0159419,8.709599991561845,9.194099984597415,4.889000003458932,2.2413000115193427,0.0,True,ok,4602,4602
4173,93,9.3,34,215952.0401817,215952.0491932,8.611499972175807,9.011499991174787,5.0934999890159816,2.1501000155694783,0.0,True,ok,4719,4719
4174,94,9.4,34,215952.0736819,215952.0847846,10.572300001513213,11.102700023911893,6.949899980099872,2.204100019298494,0.0,True,ok,4623,4623
4175,95,9.5,34,215952.1068763,215952.1164345,9.013500006403774,9.558199992170557,4.856300016399473,2.7791000029537827,0.0,True,ok,4555,4555
4176,96,9.600000000000001,34,215952.1406097,215952.1495749,8.480499993311241,8.96519998786971,4.893900011666119,2.1770999883301556,0.0,True,ok,4902,4902
4177,97,9.700000000000001,34,215952.1734678,215952.1841974,9.873100003460422,10.729600006015971,5.3047999972477555,2.9078000225126743,0.0,True,ok,4793,4793
4178,98,9.8,34,215952.2070558,215952.2173357,9.267699992051348,10.279899986926466,5.337199982022867,2.555899991421029,0.0,True,ok,4857,4857
4179,99,9.9,34,215952.2405712,215952.2492913,8.275699976366013,8.720099984202534,5.011200002627447,1.9303000008221716,0.0,True,ok,4985,4985
4180,100,10.0,34,215952.2736061,215952.2831267,9.034199989400804,9.520599996903911,5.626800004392862,2.0292999979574233,0.0,True,ok,4973,4973
4181,101,10.100000000000001,34,215952.3071186,215952.3167783,9.142800001427531,9.659700008342043,4.977000004146248,2.79279999085702,0.0,True,ok,4507,4507
4182,102,10.200000000000001,34,215952.3401753,215952.3487148,8.035700011532754,8.539500006008893,4.76929999422282,1.930400001583621,0.0,True,ok,4834,4834
4183,103,10.3,34,215952.3734545,215952.3845979,10.583900002529845,11.143400013679639,7.126599986804649,1.9310999778099358,0.0,True,ok,4943,4943
4184,104,10.4,34,215952.4070194,215952.415591,8.120199985569343,8.571599988499656,4.660000005969778,2.0921999821439385,0.0,True,ok,5082,5082
4185,105,10.5,34,215952.4402896,215952.4522745,10.768500011181459,11.984900018433109,5.783000000519678,3.2254999969154596,0.0,True,ok,4986,4986
4186,106,10.600000000000001,34,215952.4738034,215952.4830074,8.41539999237284,9.204000001773238,5.130299978191033,1.9539000059012324,0.0,True,ok,5037,5037
4187,107,10.700000000000001,34,215952.5070709,215952.516088,8.545699995011091,9.01710000471212,5.188100010855123,1.9868999952450395,0.0,True,ok,5162,5162
4188,108,10.8,34,215952.5401962,215952.5496129,8.719700010260567,9.416700020665303,5.235100019490346,2.2299000120256096,0.0,True,ok,4884,4884
4189,109,10.9,34,215952.5735666,215952.5847906,10.53880000836216,11.223999987123534,7.174099999247119,2.0567000028677285,0.0,True,ok,4890,4890
4190,110,11.0,34,215952.6069768,215952.6175353,9.427200013305992,10.558500012848526,5.899099982343614,2.2117000189609826,0.0,True,ok,4848,4848
4191,111,11.100000000000001,34,215952.6404498,215952.649143,8.200499985832721,8.693199983099476,4.837499989662319,2.0508000161498785,0.0,True,ok,5030,5030
4192,112,11.200000000000001,34,215952.6735969,215952.6830311,8.94289999268949,9.434200008399785,5.6715999962762,1.9262999994680285,0.0,True,ok,5114,5114
4193,113,11.3,34,215952.7071059,215952.716041,8.303200011141598,8.935100020607933,4.756100010126829,2.2150000149849802,0.0,True,ok,5293,5293
4194,114,11.4,34,215952.740188,215952.7490837,8.443099999567494,8.8957000116352,4.864800022915006,2.2536999895237386,0.0,True,ok,5423,5423
4195,115,11.5,34,215952.7736993,215952.7849285,10.607900010654703,11.22919999761507,7.222699990961701,2.0475999917834997,0.0,True,ok,5340,5340
4196,116,11.600000000000001,34,215952.8070739,215952.8160292,8.48820002283901,8.955299999797717,4.851200006669387,2.2754000092390925,0.0,True,ok,5279,5279
4197,117,11.700000000000001,34,215952.8401203,215952.8496101,8.853500010445714,9.489799995208159,5.312399996910244,2.1865000016987324,0.0,True,ok,5498,5498
4198,118,11.8,34,215952.8734187,215952.8846117,10.776999988593161,11.192999983904883,7.259600010002032,2.1861999994143844,0.0,True,ok,5517,5517
4199,119,11.9,34,215952.9071928,215952.9171159,8.670499984873459,9.923100005835295,5.199900013394654,2.1593999990727752,0.0,True,ok,5266,5266
4200,0,0.0,35,215952.9428972,215952.9521303,8.710099995369092,9.233099990524352,5.044999998062849,2.360899990890175,0.0,True,ok,4708,4708
4201,1,0.1,35,215952.9737969,215952.983388,8.86289999471046,9.591099980752915,5.506299989065155,1.9812000100500882,0.0,True,ok,4681,4681
4202,2,0.2,35,215953.0068625,215953.0159811,8.32210000953637,9.118599991779774,4.904999979771674,1.9823000184260309,33.065600000554696,True,ok,4360,4360
4203,3,0.30000000000000004,35,215953.0403791,215953.0497875,9.00819999515079,9.408399986568838,5.041099997470155,2.6490000018384308,0.0,True,ok,4532,4532
4204,4,0.4,35,215953.0737411,215953.0854293,11.002200015354902,11.688200000207871,7.194000005256385,2.0272000110708177,0.0,True,ok,4533,4533
4205,5,0.5,35,215953.1070165,215953.1174807,9.847599983913824,10.464199993293732,4.859899985603988,3.6723999946843833,0.0,True,ok,4334,4334
4206,6,0.6000000000000001,35,215953.14052,215953.1503847,8.65250002243556,9.86470002681017,5.144300026586279,2.1563000045716763,0.0,True,ok,4462,4462
4207,7,0.7000000000000001,35,215953.1736737,215953.1826711,8.340499975020066,8.997400000225753,4.956599994329736,2.0281999895814806,0.0,True,ok,4479,4479
4208,8,0.8,35,215953.206864,215953.2166109,8.883900009095669,9.746900002937764,5.512000003363937,2.0840000070165843,0.0,True,ok,4534,4534
4209,9,0.9,35,215953.2403218,215953.2489012,7.907699997304007,8.579399989685044,4.6842000156175345,1.9369999936316162,0.0,True,ok,4491,4491
4210,10,1.0,35,215953.2737009,215953.2839624,9.576499985996634,10.26149999233894,5.408299999544397,2.7948000060860068,0.0,True,ok,4600,4600
4211,11,1.1,35,215953.3070348,215953.3159609,8.270100021036342,8.926100010285154,4.9297999939881265,1.9529999990481883,0.0,True,ok,4781,4781
4212,12,1.2000000000000002,35,215953.3403663,215953.3498574,8.561499998904765,9.491100005107,5.192699987674132,1.99280001106672,0.0,True,ok,5044,5044
4213,13,1.3,35,215953.3740213,215953.3861617,11.60990001517348,12.14040000922978,7.67620000988245,2.2424999915529042,0.0,True,ok,4620,4620
4214,14,1.4000000000000001,35,215953.4072256,215953.4163671,8.605499984696507,9.14149999152869,5.100000009406358,2.1828000026289374,0.0,True,ok,4785,4785
4215,15,1.5,35,215953.4407838,215953.4509308,9.259699989343062,10.146999993594363,4.656999983126298,3.2429999846499413,0.0,True,ok,5045,5045
4216,16,1.6,35,215953.4738867,215953.4828925,8.503299992298707,9.005800005979836,4.9159000045619905,2.0457999780774117,0.0,True,ok,5382,5382
4217,17,1.7000000000000002,35,215953.5070116,215953.5180872,10.599200002616271,11.075599992182106,6.116999982623383,3.0481000139843673,0.0,True,ok,5312,5312
4218,18,1.8,35,215953.5406532,215953.5495728,8.211599983042106,8.919599989894778,4.74399997619912,1.90529998508282,0.0,True,ok,5363,5363
4219,19,1.9000000000000001,35,215953.5738542,215953.5843501,9.404199983691797,10.495900001842529,5.769199982751161,2.246999996714294,33.2009999838192,True,ok,5455,5455
4220,20,2.0,35,215953.6071014,215953.6168595,8.581800007959828,9.758100000908598,4.970899986801669,2.2726999886799604,0.0,True,ok,5508,5508
4221,21,2.1,35,215953.6405618,215953.6507902,9.744199982378632,10.228399973129854,6.407499982742593,1.9051999843213707,0.0,True,ok,5300,5300
4222,22,2.2,35,215953.6738303,215953.6841803,9.869900008197874,10.350000025937334,6.301099987467751,2.206000004662201,0.0,True,ok,5384,5384
4223,23,2.3000000000000003,35,215953.7071437,215953.7163713,8.692999981576577,9.227599977748469,4.90109997917898,2.2868000087328255,0.0,True,ok,5355,5355
4224,24,2.4000000000000004,35,215953.7402541,215953.7492478,8.495000016409904,8.993700001155958,4.892400000244379,2.271500008646399,33.11039999243803,True,ok,5072,5072
4225,25,2.5,35,215953.7735794,215953.7844306,10.202500008745119,10.85120000061579,6.468900013715029,2.1880000131204724,0.0,True,ok,4851,4851
4226,26,2.6,35,215953.8067308,215953.8152815,8.053099998505786,8.550700003979728,4.6730000176467,2.0549999899230897,0.0,True,ok,4933,4933
4227,27,2.7,35,215953.8404913,215953.8495501,8.47180001437664,9.058800002094358,5.0678999978117645,2.085199987050146,0.0,True,ok,4889,4889
4228,28,2.8000000000000003,35,215953.873809,215953.8847148,9.573699993779883,10.905799979809672,6.1341999971773475,2.1388999884948134,0.0,True,ok,4508,4508
4229,29,2.9000000000000004,35,215953.906976,215953.9161693,8.255299995653331,9.19330000760965,4.939300008118153,2.0188000053167343,0.0,True,ok,4516,4516
4230,30,3.0,35,215953.9405224,215953.9491896,8.15490001696162,8.667200017953292,4.8745000094641,2.0302000048104674,0.0,True,ok,4326,4326
4231,31,3.1,35,215953.9735506,215953.9830267,8.73560001491569,9.476100007304922,5.413200007751584,2.039699989836663,0.0,True,ok,4407,4407
4232,32,3.2,35,215954.0069475,215954.0158436,8.38730001123622,8.896100014680997,5.2798000106122345,1.8488999921828508,0.0,True,ok,4113,4113
4233,33,3.3000000000000003,35,215954.0404627,215954.0497688,8.823300013318658,9.306099993409589,5.551500013098121,1.992999983485788,0.0,True,ok,4211,4211
4234,34,3.4000000000000004,35,215954.0741326,215954.0839946,8.721399994101375,9.861999977147207,5.365799996070564,1.9997000053990632,33.66990000358783,True,ok,4198,4198
4235,35,3.5,35,215954.1068228,215954.1154277,8.129800000460818,8.604899980127811,4.700699995737523,2.2345000179484487,0.0,True,ok,4125,4125
4236,36,3.6,35,215954.1402764,215954.1494806,8.688500005519018,9.204200003296137,5.127899989020079,2.3920999956317246,0.0,True,ok,4267,4267
4237,37,3.7,35,215954.1737431,215954.1829405,8.690199989359826,9.197400009725243,5.390600010287017,2.0748999959323555,0.0,True,ok,3805,3805
4238,38,3.8000000000000003,35,215954.2070438,215954.2159706,8.275800006231293,8.926799986511469,4.879199987044558,2.1938999998383224,0.0,True,ok,3921,3921
4239,39,3.9000000000000004,35,215954.2405382,215954.2499801,8.586899988586083,9.441899979719892,4.956799995852634,2.4212000134866685,0.0,True,ok,3864,3864
4240,40,4.0,35,215954.2736458,215954.2845224,10.34300000173971,10.876599990297109,6.998199998633936,2.1807000157423317,0.0,True,ok,3828,3828
4241,41,4.1000000000000005,35,215954.3070835,215954.3157701,8.211699983803555,8.68659999105148,4.967999993823469,2.077599987387657,0.0,True,ok,3659,3659
4242,42,4.2,35,215954.340245,215954.3493794,8.651399984955788,9.134399995673448,5.138999986229464,2.299899992067367,0.0,True,ok,3989,3989
4243,43,4.3,35,215954.3736317,215954.3843693,10.294900013832375,10.737600008724257,6.687000015517697,2.231899998150766,33.38670000084676,True,ok,4294,4294
4244,44,4.4,35,215954.4069215,215954.4159498,8.603900001617149,9.028300002682954,5.216200021095574,2.14239998604171,0.0,True,ok,4623,4623
4245,45,4.5,35,215954.4403798,215954.4495783,8.537799993064255,9.198499988997355,4.903299995930865,2.4412999919150025,0.0,True,ok,4708,4708
4246,46,4.6000000000000005,35,215954.4736187,215954.4843313,10.04529997589998,10.712599992984906,5.926599988015369,2.8051999979652464,0.0,True,ok,4834,4834
4247,47,4.7,35,215954.5069838,215954.5158649,8.309400000143796,8.881099987775087,4.923800006508827,2.1573000121861696,0.0,True,ok,4677,4677
4248,48,4.800000000000001,35,215954.5402737,215954.5488612,7.983399991644546,8.587499993154779,4.6811000211164355,2.1306999842636287,0.0,True,ok,4591,4591
4249,49,4.9,35,215954.5734836,215954.584464,10.262000025250018,10.980400023981929,6.991199974436313,2.004299982218072,0.0,True,ok,4442,4442
4250,50,5.0,35,215954.6071984,215954.6175411,9.854399977484718,10.342699999455363,6.586500006960705,2.071099996101111,0.0,True,ok,4408,4408
4251,51,5.1000000000000005,35,215954.6406241,215954.6495035,8.378099999390543,8.879400003934279,4.828399978578091,2.2769999923184514,0.0,True,ok,4418,4418
4252,52,5.2,35,215954.6738471,215954.6827165,8.38900002418086,8.869400015100837,4.817900015041232,2.2499000187963247,0.0,True,ok,4600,4600
4253,53,5.300000000000001,35,215954.7072487,215954.7164341,8.70010000653565,9.185400005662814,4.9996000016108155,2.424500009510666,0.0,True,ok,4489,4489
4254,54,5.4,35,215954.7403793,215954.7497314,8.900499989977106,9.352099994430318,4.977500007953495,2.7061000000685453,0.0,True,ok,4625,4625
4255,55,5.5,35,215954.7735865,215954.7845904,10.457500000484288,11.00389999919571,7.026200008112937,2.2523000079672784,0.0,True,ok,4379,4379
4256,56,5.6000000000000005,35,215954.8071197,215954.8167641,9.153599996352568,9.644399979151785,5.91760000679642,1.920500013511628,0.0,True,ok,4212,4212
4257,57,5.7,35,215954.8402178,215954.8495493,8.701200014911592,9.331500012194738,5.3425999940373,2.1838000102434307,0.0,True,ok,4229,4229
4258,58,5.800000000000001,35,215954.8739424,215954.8842445,9.91199997952208,10.302099981345236,6.513900007121265,2.139599993824959,0.0,True,ok,4294,4294
4259,59,5.9,35,215954.9071783,215954.9163145,8.406300010392442,9.136200009379536,5.014199996367097,2.1687000116799027,0.0,True,ok,4337,4337
4260,60,6.0,35,215954.9406216,215954.9495166,8.45399999525398,8.895000006305054,5.163800000445917,2.107300009811297,0.0,True,ok,4334,4334
4261,61,6.1000000000000005,35,215954.9739201,215954.9835237,9.089200000744313,9.603600017726421,5.276699987007305,2.6419000059831887,33.298499998636544,True,ok,4169,4169
4262,62,6.2,35,215955.0072226,215955.0156658,8.017899992410094,8.443200000328943,4.981799982488155,1.8592000124044716,0.0,True,ok,4172,4172
4263,63,6.300000000000001,35,215955.0403176,215955.0487502,8.048299991060048,8.432599977822974,4.790700011653826,2.112599991960451,0.0,True,ok,4147,4147
4264,64,6.4,35,215955.0734673,215955.0851574,11.028000008082017,11.690099985571578,7.043999998131767,1.982499990845099,0.0,True,ok,4178,4178
4265,65,6.5,35,215955.1067203,215955.1154458,8.055900019826367,8.725499996216968,4.7972999745979905,2.059699996607378,0.0,True,ok,4169,4169
4266,66,6.6000000000000005,35,215955.1403742,215955.1489545,8.023500005947426,8.580299996538088,4.860799992457032,1.9994000031147152,0.0,True,ok,4168,4168
4267,67,6.7,35,215955.1736014,215955.1829285,8.578799985116348,9.327100007794797,5.298299976857379,2.098099997965619,33.227199979592115,True,ok,4086,4086
4268,68,6.800000000000001,35,215955.2071491,215955.2171312,9.576000011293218,9.982100018532947,6.1545999778900295,2.254399994853884,0.0,True,ok,4379,4379
4269,69,6.9,35,215955.240834,215955.2496848,7.980700000189245,8.850799989886582,4.790200007846579,1.9751000218093395,0.0,True,ok,4282,4282
4270,70,7.0,35,215955.273836,215955.2845779,10.092899989103898,10.741899983258918,6.588499993085861,2.2271999914664775,0.0,True,ok,4247,4247
4271,71,7.1000000000000005,35,215955.3073259,215955.3160507,8.202800003346056,8.724799990886822,4.869299998972565,2.121500001521781,0.0,True,ok,4354,4354
4272,72,7.2,35,215955.3405372,215955.3493318,7.78440001886338,8.794599998509511,4.764699988299981,1.8149999959859997,33.21130000404082,True,ok,4628,4628
4273,73,7.300000000000001,35,215955.3737686,215955.3847455,10.56679998873733,10.976899997331202,7.12059999932535,2.2084999945946038,0.0,True,ok,4287,4287
4274,74,7.4,35,215955.4069226,215955.4156448,8.245400007581338,8.72220000019297,5.007200001273304,2.0281000179238617,0.0,True,ok,4455,4455
4275,75,7.5,35,215955.4405878,215955.4493257,8.03319999249652,8.737900003325194,4.811999999219552,1.9697999814525247,0.0,True,ok,4560,4560
4276,76,7.6000000000000005,35,215955.4736355,215955.4830644,8.925900008762255,9.4288999971468,5.162199988262728,2.455399982864037,0.0,True,ok,4662,4662
4277,77,7.7,35,215955.5073705,215955.5170184,8.970899973064661,9.647899976698682,5.077999987406656,2.37649999326095,0.0,True,ok,4381,4381
4278,78,7.800000000000001,35,215955.5404252,215955.5490827,8.049999974900857,8.657500002300367,4.808900004718453,2.019600011408329,0.0,True,ok,4350,4350
4279,79,7.9,35,215955.5737558,215955.582805,8.555800013709813,9.049200016306713,4.806600016308948,2.431200002320111,0.0,True,ok,4058,4058
4280,80,8.0,35,215955.6071658,215955.6163311,8.553099993150681,9.16529999813065,5.277999996906146,2.029499999480322,0.0,True,ok,4074,4074
4281,81,8.1,35,215955.6403446,215955.649136,8.253299980424345,8.791400003246963,5.138999986229464,1.9288999901618809,0.0,True,ok,4080,4080
4282,82,8.200000000000001,35,215955.6739996,215955.6828048,8.013299986487255,8.80519999191165,4.746099992189556,2.0302000048104674,0.0,True,ok,4288,4288
4283,83,8.3,35,215955.7068221,215955.7154817,7.974699983606115,8.659599989186972,4.833300015889108,1.9376999989617616,0.0,True,ok,4269,4269
4284,84,8.4,35,215955.7403084,215955.7491415,8.164800005033612,8.833100000629202,4.839899978833273,1.936800021212548,33.486300002550706,True,ok,3996,3996
4285,85,8.5,35,215955.7736487,215955.7847866,10.6140999996569,11.137900000903755,6.921700027305633,2.419999975245446,0.0,True,ok,4318,4318
4286,86,8.6,35,215955.807122,215955.8170851,9.048799984157085,9.963099990272895,5.284099985146895,2.46389998937957,0.0,True,ok,4410,4410
4287,87,8.700000000000001,35,215955.8402791,215955.849188,8.365499990759417,8.90889999573119,5.0604999996721745,1.9395999843254685,0.0,True,ok,4345,4345
4288,88,8.8,35,215955.8739558,215955.8843629,9.974299988243729,10.407099995063618,6.637899990892038,2.115500014042482,0.0,True,ok,3995,3995
4289,89,8.9,35,215955.9074659,215955.917039,9.026299987453967,9.573099989211187,5.775700003141537,2.02240000362508,33.510100009152666,True,ok,4114,4114
4290,90,9.0,35,215955.9404953,215955.9491114,8.049900003243238,8.616100007202476,4.872899997280911,1.9978000200353563,0.0,True,ok,4407,4407
4291,91,9.1,35,215955.9738588,215955.9830951,8.728799992240965,9.23630001489073,5.403799994383007,2.117800002451986,0.0,True,ok,4504,4504
4292,92,9.200000000000001,35,215956.0069627,215956.0169414,9.446200012462214,9.9787000217475,6.059100007405505,2.2329000057652593,0.0,True,ok,4602,4602
4293,93,9.3,35,215956.0402514,215956.0501401,8.579600020311773,9.888700005831197,5.112499988172203,2.260800014482811,0.0,True,ok,4719,4719
4294,94,9.4,35,215956.074024,215956.0836292,8.843499992508441,9.60520000080578,4.9285999848507345,2.691699977731332,0.0,True,ok,4623,4623
4295,95,9.5,35,215956.107193,215956.1182791,10.621099994750693,11.086099984822795,6.713500013574958,2.407299994956702,0.0,True,ok,4555,4555
4296,96,9.600000000000001,35,215956.1402634,215956.1493121,8.386500005144626,9.048699983395636,4.871999990427867,2.2287000028882176,0.0,True,ok,4902,4902
4297,97,9.700000000000001,35,215956.1734952,215956.1826246,8.61260000965558,9.129400015808642,5.574899987550452,1.857800001744181,0.0,True,ok,4793,4793
4298,98,9.8,35,215956.2069243,215956.2156301,8.144799998262897,8.7057999917306,5.067999998573214,1.92760000936687,0.0,True,ok,4857,4857
4299,99,9.9,35,215956.2404396,215956.2499795,8.451300003798679,9.539899998344481,5.098900001030415,1.9981999939773232,0.0,True,ok,4985,4985
4300,100,10.0,35,215956.2739151,215956.2844992,9.795999998459592,10.584100004052743,6.510699982754886,2.070699993055314,0.0,True,ok,4973,4973
4301,101,10.100000000000001,35,215956.3068041,215956.3153076,8.01989997853525,8.503499993821606,4.746700025862083,1.8511999805923551,0.0,True,ok,4507,4507
4302,102,10.200000000000001,35,215956.3404255,215956.3488569,7.958100002724677,8.431399997789413,4.7076999908313155,2.0366999960970134,0.0,True,ok,4834,4834
4303,103,10.3,35,215956.3733893,215956.3841731,10.370700008934364,10.783800011267886,7.368099992163479,1.812300004530698,0.0,True,ok,4943,4943
4304,104,10.4,35,215956.4069358,215956.4169133,9.278299985453486,9.977499983506277,5.316199996741489,2.595199999632314,0.0,True,ok,5082,5082
4305,105,10.5,35,215956.4403184,215956.4493213,8.350799995241687,9.002899983897805,4.939100006595254,2.147299994248897,0.0,True,ok,4986,4986
4306,106,10.600000000000001,35,215956.4737715,215956.4829956,8.412299997871742,9.224100009305403,5.096600012620911,2.04459999804385,0.0,True,ok,5037,5037
4307,107,10.700000000000001,35,215956.507456,215956.5171932,8.851499995216727,9.73720001638867,5.583399994065985,2.020599989918992,0.0,True,ok,5162,5162
4308,108,10.8,35,215956.5401708,215956.5494004,8.681199979037046,9.229599992977455,4.944899992551655,2.397400006884709,0.0,True,ok,4884,4884
4309,109,10.9,35,215956.5736149,215956.5853182,10.995199991157278,11.7032999987714,7.0294000033754855,2.455800015013665,0.0,True,ok,4890,4890
4310,110,11.0,35,215956.606857,215956.6157904,8.354100020369515,8.933400007663295,4.994799994165078,2.194100001361221,0.0,True,ok,4848,4848
4311,111,11.100000000000001,35,215956.6406323,215956.6488243,7.626400009030476,8.192000008421019,4.5347000123001635,1.9099000201094896,0.0,True,ok,5030,5030
4312,112,11.200000000000001,35,215956.6736188,215956.6827537,8.682500018039718,9.134899999480695,5.603700003121048,1.8560999887995422,0.0,True,ok,5114,5114
4313,113,11.3,35,215956.7071413,215956.7161324,8.308999997097999,8.991100010462105,4.796399996848777,2.2748000046703964,0.0,True,ok,5293,5293
4314,114,11.4,35,215956.7406502,215956.7499927,8.764600002905354,9.342500008642673,5.352099979063496,2.1704999962821603,0.0,True,ok,5423,5423
4315,115,11.5,35,215956.7739692,215956.7830066,8.144799998262897,9.037399984663352,4.751300002681091,2.1570000099018216,0.0,True,ok,5340,5340
4316,116,11.600000000000001,35,215956.8068866,215956.8155176,8.092699979897588,8.630999975139275,4.806100012501702,2.058400015812367,0.0,True,ok,5279,5279
4317,117,11.700000000000001,35,215956.8401784,215956.8489234,8.235599991166964,8.744999999180436,4.903299995930865,2.078000019537285,0.0,True,ok,5498,5498
4318,118,11.8,35,215956.8738397,215956.8834744,9.1281000059098,9.634699992602691,5.404700001236051,2.449699997669086,0.0,True,ok,5517,5517
4319,119,11.9,35,215956.9067776,215956.916154,8.855799998855218,9.376400004839525,5.403599992860109,2.1809000172652304,0.0,True,ok,5266,5266
4320,0,0.0,36,215956.9429854,215956.9518146,8.201599994208664,8.829200000036508,4.675100004533306,2.275000006193295,0.0,True,ok,4708,4708
4321,1,0.1,36,215956.9739009,215956.9828465,8.17710001138039,8.945600013248622,4.683700011810288,2.1046000183559954,0.0,True,ok,4681,4681
4322,2,0.2,36,215957.0066609,215957.0151411,7.884700025897473,8.480200020130724,4.508100013481453,2.1447000035550445,0.0,True,ok,4360,4360
4323,3,0.30000000000000004,36,215957.0404734,215957.0494915,8.501899981638417,9.018099983222783,4.96179997571744,2.2886999940965325,0.0,True,ok,4532,4532
4324,4,0.4,36,215957.073637,215957.0844143,9.97420001658611,10.77730001998134,6.666200002655387,1.9638000230770558,33.163599990075454,True,ok,4533,4533
4325,5,0.5,36,215957.1072437,215957.1164006,8.57120001455769,9.156899992376566,5.258800025330856,2.115500014042482,0.0,True,ok,4334,4334
4326,6,0.6000000000000001,36,215957.1404155,215957.1490831,8.096000005025417,8.667599991895258,4.921800020383671,1.9599000224843621,0.0,True,ok,4462,4462
4327,7,0.7000000000000001,36,215957.1737225,215957.1855579,10.905300005106255,11.835399986011907,4.743600002257153,4.443100013304502,0.0,True,ok,4479,4479
4328,8,0.8,36,215957.2070486,215957.2164531,8.307799987960607,9.404500015079975,5.071100022178143,1.9927999819628894,33.32609997596592,True,ok,4534,4534
4329,9,0.9,36,215957.2405536,215957.2497494,8.161400008248165,9.195800026645884,4.980999976396561,1.9429999811109155,33.50499999942258,True,ok,4491,4491
4330,10,1.0,36,215957.273649,215957.2830938,8.895200007827953,9.444800001801923,5.460299988044426,2.1545999916270375,0.0,True,ok,4600,4600
4331,11,1.1,36,215957.306891,215957.3160942,8.387600013520569,9.203200024785474,5.051399988587946,2.0838999771513045,0.0,True,ok,4781,4781
4332,12,1.2000000000000002,36,215957.3403358,215957.349049,8.246200013672933,8.713200018974021,4.924200009554625,2.0824999955948442,0.0,True,ok,5044,5044
4333,13,1.3,36,215957.3735717,215957.3834177,9.358200011774898,9.846000000834465,5.862000019988045,2.2834000119473785,0.0,True,ok,4620,4620
4334,14,1.4000000000000001,36,215957.4070974,215957.4164879,8.906899980502203,9.39049999578856,4.988900007447228,2.2511999995913357,0.0,True,ok,4785,4785
4335,15,1.5,36,215957.4402624,215957.4492035,8.247099991422147,8.941100008087233,4.919999977573752,2.0348000107333064,0.0,True,ok,5045,5045
4336,16,1.6,36,215957.4736383,215957.4828314,8.684200001880527,9.193100006086752,5.225500004598871,2.1570999815594405,0.0,True,ok,5382,5382
4337,17,1.7000000000000002,36,215957.5073716,215957.5164625,8.201299991924316,9.090900013688952,4.875599988736212,1.9805000047199428,0.0,True,ok,5312,5312
4338,18,1.8,36,215957.5404086,215957.5489533,7.826799992471933,8.544699987396598,4.551599995465949,1.9318000122439116,0.0,True,ok,5363,5363
4339,19,1.9000000000000001,36,215957.5733705,215957.5824276,8.50579998223111,9.05709998914972,4.747200000565499,2.3163000005297363,0.0,True,ok,5455,5455
4340,20,2.0,36,215957.6069611,215957.6171215,9.017499978654087,10.160399979213253,5.415500025264919,2.1946000051684678,0.0,True,ok,5508,5508
4341,21,2.1,36,215957.6404612,215957.6493892,8.26150001375936,8.927999995648861,4.963599989423528,1.9288999901618809,0.0,True,ok,5300,5300
4342,22,2.2,36,215957.6735316,215957.6826815,8.319900021888316,9.149899997282773,4.865800001425669,2.12309998460114,0.0,True,ok,5384,5384
4343,23,2.3000000000000003,36,215957.7068076,215957.7157966,8.395200013183057,8.98899999447167,4.83439999516122,2.2090999991633,0.0,True,ok,5355,5355
4344,24,2.4000000000000004,36,215957.74055,215957.7489925,8.019600005354732,8.442500024102628,4.693400027463213,2.010099997278303,0.0,True,ok,5072,5072
4345,25,2.5,36,215957.7736413,215957.7902443,15.941099991323426,16.60299999639392,12.480200006393716,2.1416000090539455,0.0,True,ok,4851,4851
4346,26,2.6,36,215957.8071224,215957.8159184,8.246200013672933,8.796000009169802,5.085600016172975,1.9228000019211322,0.0,True,ok,4933,4933
4347,27,2.7,36,215957.8406661,215957.8501676,8.45270001445897,9.50149999698624,5.100799986394122,2.0337000023573637,0.0,True,ok,4889,4889
4348,28,2.8000000000000003,36,215957.8736174,215957.8847237,10.447200009366497,11.106299993116409,6.963799998629838,2.2280999983195215,0.0,True,ok,4508,4508
4349,29,2.9000000000000004,36,215957.9071368,215957.9167901,8.178999996744096,9.653299988713115,4.897799983154982,2.0016999915242195,0.0,True,ok,4516,4516
4350,30,3.0,36,215957.9402123,215957.9488747,8.08649999089539,8.662400010507554,4.793199972482398,2.052800002275035,0.0,True,ok,4326,4326
4351,31,3.1,36,215957.9739039,215957.9838286,9.444199997233227,9.924699988914654,6.313999998383224,1.883699995232746,0.0,True,ok,4407,4407
4352,32,3.2,36,215958.0068517,215958.0160038,8.513000007951632,9.152100014034659,5.23310000426136,2.0275999850127846,0.0,True,ok,4113,4113
4353,33,3.3000000000000003,36,215958.0402854,215958.0486904,7.97989999409765,8.405000000493601,4.770300001837313,1.9894999859388918,0.0,True,ok,4211,4211
4354,34,3.4000000000000004,36,215958.0735692,215958.082875,8.065200003329664,9.305799991125241,4.831800004467368,1.983200025279075,0.0,True,ok,4198,4198
4355,35,3.5,36,215958.1072523,215958.1162118,8.202900004107505,8.959500002674758,4.817900015041232,2.1843000140506774,0.0,True,ok,4125,4125
4356,36,3.6,36,215958.1402199,215958.1497198,9.119100024690852,9.499900013906881,5.799500009743497,2.1019999985583127,0.0,True,ok,4267,4267
4357,37,3.7,36,215958.1735071,215958.1823186,8.31920001655817,8.811500010779127,4.932100011501461,2.088099980028346,0.0,True,ok,3805,3805
4358,38,3.8000000000000003,36,215958.207229,215958.2167768,8.309400000143796,9.547800000291318,4.762100026709959,2.355500007979572,0.0,True,ok,3921,3921
4359,39,3.9000000000000004,36,215958.2402074,215958.2503173,9.621100005460903,10.109900002134964,4.982100013876334,3.4654999908525497,0.0,True,ok,3864,3864
4360,40,4.0,36,215958.273491,215958.2837234,9.59790000342764,10.232400003587827,6.493100023362786,1.9444000208750367,0.0,True,ok,3828,3828
4361,41,4.1000000000000005,36,215958.3068848,215958.3166817,9.338800009572878,9.796900005312636,6.085300003178418,2.0775000157300383,0.0,True,ok,3659,3659
4362,42,4.2,36,215958.340523,215958.3505946,9.60669998312369,10.071600001538172,6.1923000030219555,2.1890999923925847,0.0,True,ok,3989,3989
4363,43,4.3,36,215958.3736803,215958.382902,7.99770001322031,9.221700020134449,4.733899986604229,1.9884000066667795,0.0,True,ok,4294,4294
4364,44,4.4,36,215958.4070158,215958.4159572,8.214300003601238,8.94139998126775,4.7845999943092465,2.1607000089716166,0.0,True,ok,4623,4623
4365,45,4.5,36,215958.4401819,215958.4505098,9.543799998937175,10.327900003176183,5.669500009389594,2.506699995137751,0.0,True,ok,4708,4708
4366,46,4.6000000000000005,36,215958.4734573,215958.4838151,9.82739997562021,10.35779999801889,6.504799996037036,2.0237000135239214,0.0,True,ok,4834,4834
4367,47,4.7,36,215958.5068502,215958.5159836,8.64230000297539,9.133399988058954,4.562900023302063,2.744199999142438,33.39290001895279,True,ok,4677,4677
4368,48,4.800000000000001,36,215958.5407143,215958.550517,9.30450001033023,9.802699991269037,6.036500009940937,1.908099977299571,0.0,True,ok,4591,4591
4369,49,4.9,36,215958.5735625,215958.5839767,9.936699992977083,10.41419999091886,6.67470000917092,1.9801000016741455,0.0,True,ok,4442,4442
4370,50,5.0,36,215958.606937,215958.6165586,8.960200008004904,9.62160000926815,5.204499990213662,2.4394999782089144,0.0,True,ok,4408,4408
4371,51,5.1000000000000005,36,215958.6406635,215958.6513526,9.370299987494946,10.689099988667294,5.125800002133474,2.9406000103335828,0.0,True,ok,4418,4418
4372,52,5.2,36,215958.6738241,215958.683755,9.225100016919896,9.930900007020682,5.91750000603497,2.036599995335564,0.0,True,ok,4600,4600
4373,53,5.300000000000001,36,215958.7071008,215958.7171828,9.386399993672967,10.081999993417412,6.012600002577528,2.1164999925531447,0.0,True,ok,4489,4489
4374,54,5.4,36,215958.7402391,215958.749191,8.203300007153302,8.95190000301227,4.683799983467907,2.2604000114370137,0.0,True,ok,4625,4625
4375,55,5.5,36,215958.7736939,215958.7830881,8.890400000382215,9.394199994858354,5.551799986278638,2.085199987050146,0.0,True,ok,4379,4379
4376,56,5.6000000000000005,36,215958.8074614,215958.8171164,8.527800004230812,9.655000001657754,5.2284999983385205,2.0232000097166747,0.0,True,ok,4212,4212
4377,57,5.7,36,215958.8403886,215958.8493508,8.4731999959331,8.96220002323389,4.980099998647347,2.1321999956853688,0.0,True,ok,4229,4229
4378,58,5.800000000000001,36,215958.8739943,215958.8848238,9.42439999198541,10.829500010004267,5.817500001285225,2.2929999977350235,0.0,True,ok,4294,4294
4379,59,5.9,36,215958.9071174,215958.9179588,9.24530002521351,10.841400013305247,5.882099998416379,2.051699993899092,0.0,True,ok,4337,4337
4380,60,6.0,36,215958.9406197,215958.9498719,8.071999996900558,9.252199990442023,4.622800013748929,2.1932000236120075,0.0,True,ok,4334,4334
4381,61,6.1000000000000005,36,215958.9737357,215958.9840878,9.490099997492507,10.352099983720109,5.890600004931912,2.2838999866507947,0.0,True,ok,4169,4169
4382,62,6.2,36,215959.007235,215959.0160129,8.277200016891584,8.777900016866624,4.856999992625788,2.022199972998351,0.0,True,ok,4172,4172
4383,63,6.300000000000001,36,215959.0403133,215959.0492706,8.447300002444535,8.957299985922873,5.029699997976422,2.1751000022049993,0.0,True,ok,4147,4147
4384,64,6.4,36,215959.0739273,215959.0837606,9.135100001003593,9.833300020545721,5.879599979380146,2.003000001423061,0.0,True,ok,4178,4178
4385,65,6.5,36,215959.10687,215959.1159741,8.575699990615249,9.104099997784942,5.241500010015443,2.0277000148780644,0.0,True,ok,4169,4169
4386,66,6.6000000000000005,36,215959.1404743,215959.1494402,7.975700020324439,8.965900022303686,4.811000020708889,1.8930000078398734,0.0,True,ok,4168,4168
4387,67,6.7,36,215959.1738623,215959.1844203,9.198500018101186,10.55800000904128,5.700600013369694,2.0188000053167343,0.0,True,ok,4086,4086
4388,68,6.800000000000001,36,215959.2071781,215959.2199771,12.273000000277534,12.798999989172444,8.030600001802668,2.483700023731217,0.0,True,ok,4379,4379
4389,69,6.9,36,215959.2406263,215959.2494532,8.193399989977479,8.826900011627004,4.879599990090355,1.9205999851692468,0.0,True,ok,4282,4282
4390,70,7.0,36,215959.2738011,215959.2830716,8.024599985219538,9.270499984268099,4.628399998182431,2.0858999923802912,0.0,True,ok,4247,4247
4391,71,7.1000000000000005,36,215959.3073912,215959.3163065,8.38429998839274,8.915299986256287,4.99289997969754,2.0447999995667487,0.0,True,ok,4354,4354
4392,72,7.2,36,215959.3404537,215959.3490136,8.02579999435693,8.559900015825406,4.792099993210286,1.9113000016659498,0.0,True,ok,4628,4628
4393,73,7.300000000000001,36,215959.3735301,215959.3823105,8.285899995826185,8.780399977695197,4.854300001170486,2.118400007020682,0.0,True,ok,4287,4287
4394,74,7.4,36,215959.4069402,215959.4169159,9.361899981740862,9.97569999890402,5.605799990007654,2.1287999988999218,0.0,True,ok,4455,4455
4395,75,7.5,36,215959.4404245,215959.4490685,7.95329999527894,8.643999986816198,4.594600002747029,2.0413000020198524,0.0,True,ok,4560,4560
4396,76,7.6000000000000005,36,215959.4738255,215959.4838379,9.432500024558976,10.012400016421452,6.195199996000156,1.9546999828889966,0.0,True,ok,4662,4662
4397,77,7.7,36,215959.5070176,215959.5159185,8.306400006404147,8.900899993022904,4.875199985690415,2.125200000591576,0.0,True,ok,4381,4381
4398,78,7.800000000000001,36,215959.540621,215959.5499557,8.862699993187562,9.334700007457286,5.30710001476109,2.12309998460114,0.0,True,ok,4350,4350
4399,79,7.9,36,215959.5738352,215959.5829873,8.684700005687773,9.152100014034659,5.465399997774512,1.9420000026002526,0.0,True,ok,4058,4058
4400,80,8.0,36,215959.6072097,215959.6155881,8.007299999007955,8.37839997257106,4.763200005982071,1.9902000203728676,0.0,True,ok,4074,4074
4401,81,8.1,36,215959.6403294,215959.6491529,8.31190001918003,8.823500014841557,5.132099991897121,1.9145999976899475,0.0,True,ok,4080,4080
4402,82,8.200000000000001,36,215959.6735262,215959.6844343,9.714299987535924,10.908099997323006,6.375900004059076,1.985899987630546,0.0,True,ok,4288,4288
4403,83,8.3,36,215959.7070146,215959.7157024,8.159399993019179,8.687800000188872,4.659199999878183,1.9863999914377928,0.0,True,ok,4269,4269
4404,84,8.4,36,215959.7401484,215959.7488759,8.270999998785555,8.727500011445954,4.847700009122491,2.1397999953478575,0.0,True,ok,3996,3996
4405,85,8.5,36,215959.7737987,215959.7838589,8.800499985227361,10.06020000204444,5.145200004335493,2.1631999989040196,0.0,True,ok,4318,4318
4406,86,8.6,36,215959.8070646,215959.8156949,8.108000009087846,8.63029999891296,4.780099989147857,2.036299993051216,0.0,True,ok,4410,4410
4407,87,8.700000000000001,36,215959.8401753,215959.8493132,8.61109999823384,9.137899993220344,5.161200009752065,2.064500004053116,0.0,True,ok,4345,4345
4408,88,8.8,36,215959.8738879,215959.883995,8.95780001883395,10.107100009918213,5.39299999945797,1.9041000050492585,0.0,True,ok,3995,3995
4409,89,8.9,36,215959.9071223,215959.9160214,8.30889999633655,8.899099979316816,4.994299990357831,2.0198000129312277,0.0,True,ok,4114,4114
4410,90,9.0,36,215959.9402816,215959.9489625,8.30129999667406,8.680900005856529,5.025499995099381,1.9844000053126365,0.0,True,ok,4407,4407
4411,91,9.1,36,215959.9739728,215959.9845854,9.521300002234057,10.61259998823516,6.043200002750382,2.085799991618842,0.0,True,ok,4504,4504
4412,92,9.200000000000001,36,215960.0068717,215960.0162668,8.828299993183464,9.395100001711398,5.011300003388897,2.4339999945368618,0.0,True,ok,4602,4602
4413,93,9.3,36,215960.0406005,215960.0499013,8.699700003489852,9.300799982156605,4.789600003277883,2.3234000254888088,0.0,True,ok,4719,4719
4414,94,9.4,36,215960.0736769,215960.0830331,8.84809999843128,9.35619999654591,5.057899979874492,2.433199988445267,0.0,True,ok,4623,4623
4415,95,9.5,36,215960.1070281,215960.1178338,10.3446000139229,10.805700003402308,6.470699998317286,2.4440999841317534,0.0,True,ok,4555,4555
4416,96,9.600000000000001,36,215960.1405801,215960.1494193,8.223899989388883,8.83919998886995,4.750699998112395,2.170399995520711,0.0,True,ok,4902,4902
4417,97,9.700000000000001,36,215960.173428,215960.1846362,10.558899986790493,11.20819998322986,7.174200000008568,2.003000001423061,0.0,True,ok,4793,4793
4418,98,9.8,36,215960.2067953,215960.2163073,9.006799984490499,9.51199998962693,5.5908999929670244,2.0471999887377024,0.0,True,ok,4857,4857
4419,99,9.9,36,215960.2406251,215960.2499027,8.455599978333339,9.277599980123341,4.765599995153025,2.1675000025425106,0.0,True,ok,4985,4985
4420,100,10.0,36,215960.2733938,215960.2823464,8.451400004560128,8.952600008342415,4.753899993374944,1.9878999737557024,0.0,True,ok,4973,4973
4421,101,10.100000000000001,36,215960.3069726,215960.3181451,10.491699998965487,11.172500002430752,5.224900000030175,3.6920999991707504,0.0,True,ok,4507,4507
4422,102,10.200000000000001,36,215960.3404976,215960.3489545,8.016499981749803,8.45689998823218,4.804299998795614,1.8525999912526459,0.0,True,ok,4834,4834
4423,103,10.3,36,215960.3737337,215960.3830567,8.80670000333339,9.323000005679205,5.459799984237179,1.979399996344,0.0,True,ok,4943,4943
4424,104,10.4,36,215960.4068806,215960.4154758,8.128599991323426,8.595199993578717,4.893000004813075,1.8554000125732273,0.0,True,ok,5082,5082
4425,105,10.5,36,215960.4405737,215960.4495696,8.503799996105954,8.995899988804013,4.941399995004758,2.1630999981425703,0.0,True,ok,4986,4986
4426,106,10.600000000000001,36,215960.4733984,215960.484625,10.660500003723428,11.226600006921217,7.0257000043056905,2.246399992145598,0.0,True,ok,5037,5037
4427,107,10.700000000000001,36,215960.5072136,215960.5163427,8.610899996710941,9.129099984420463,5.239999998593703,2.002799999900162,33.815200004028156,True,ok,5162,5162
4428,108,10.8,36,215960.5404887,215960.549829,8.914400008507073,9.340299991890788,5.46130002476275,2.155099995434284,0.0,True,ok,4884,4884
4429,109,10.9,36,215960.5737541,215960.5830663,8.808299986412749,9.312199981650338,5.45240001520142,2.003600005991757,0.0,True,ok,4890,4890
4430,110,11.0,36,215960.6072269,215960.6162298,8.596100000431761,9.002900013001636,4.953399999067187,2.12910000118427,0.0,True,ok,4848,4848
4431,111,11.100000000000001,36,215960.6403989,215960.6526602,11.814700003014877,12.261299998499453,5.833100003656,4.425899998750538,0.0,True,ok,5030,5030
4432,112,11.200000000000001,36,215960.6736134,215960.6865717,12.34479999402538,12.958300008904189,7.187699986388907,3.715700004249811,0.0,True,ok,5114,5114
4433,113,11.3,36,215960.7069433,215960.7159827,8.441699988907203,9.039399999892339,4.803599993465468,2.215200016507879,0.0,True,ok,5293,5293
4434,114,11.4,36,215960.7404113,215960.7492704,8.149200002662838,8.859099994879216,4.593599995132536,2.1610999829135835,0.0,True,ok,5423,5423
4435,115,11.5,36,215960.7736956,215960.7839142,9.563500003423542,10.21860001492314,5.940700008068234,2.1918999846093357,0.0,True,ok,5340,5340
4436,116,11.600000000000001,36,215960.8070517,215960.8158372,8.287900011055171,8.785500016529113,4.744800011394545,2.168899984098971,0.0,True,ok,5279,5279
4437,117,11.700000000000001,36,215960.8402524,215960.8494962,8.522700023604557,9.24380001379177,4.9266999994870275,2.1927999914623797,0.0,True,ok,5498,5498
4438,118,11.8,36,215960.8738313,215960.8860052,11.484800023026764,12.173900002380833,6.926000001840293,3.0863000138197094,0.0,True,ok,5517,5517
4439,119,11.9,36,215960.9068765,215960.916599,9.222299995599315,9.722499991767108,5.58120000641793,2.2462000197265297,0.0,True,ok,5266,5266
4440,0,0.0,37,215960.943347,215960.9519152,8.030800003325567,8.56820002081804,4.463199991732836,2.225100004579872,0.0,True,ok,4708,4708
4441,1,0.1,37,215960.9737532,215960.9847345,10.55790000827983,10.981300001731142,6.965400010813028,1.9431000109761953,0.0,True,ok,4681,4681
4442,2,0.2,37,215961.0070785,215961.0158403,8.139700017636642,8.761800010688603,4.852100013522431,1.9810999801848084,0.0,True,ok,4360,4360
4443,3,0.30000000000000004,37,215961.0403787,215961.0511466,9.240899991709739,10.767899977508932,5.7397000200580806,2.175999979954213,0.0,True,ok,4532,4532
4444,4,0.4,37,215961.0737002,215961.0840255,9.834299999056384,10.3252999833785,6.336300022667274,2.1424000151455402,0.0,True,ok,4533,4533
4445,5,0.5,37,215961.1072845,215961.1183175,9.959599992725998,11.032999987946823,6.548600009409711,2.0936999935656786,0.0,True,ok,4334,4334
4446,6,0.6000000000000001,37,215961.1401202,215961.1490505,8.22010001866147,8.930300013162196,4.954300005920231,1.8553999834693968,0.0,True,ok,4462,4462
4447,7,0.7000000000000001,37,215961.1735681,215961.1853516,11.31790000363253,11.783499998273328,7.647299993550405,2.188599988585338,0.0,True,ok,4479,4479
4448,8,0.8,37,215961.2069798,215961.2157744,8.27040002332069,8.794600027613342,4.74109998322092,2.0317000162322074,0.0,True,ok,4534,4534
4449,9,0.9,37,215961.2403657,215961.2497163,8.250899991253391,9.350599983008578,4.872599994996563,2.020599989918992,33.385900023858994,True,ok,4491,4491
4450,10,1.0,37,215961.2737915,215961.284891,9.813799988478422,11.099499999545515,6.211500003701076,2.221200003987178,0.0,True,ok,4600,4600
4451,11,1.1,37,215961.3070487,215961.3161242,8.25099999201484,9.075500012841076,4.929999995511025,1.9749999919440597,0.0,True,ok,4781,4781
4452,12,1.2000000000000002,37,215961.3403387,215961.3492608,8.475299982819706,8.92209997982718,5.144700000528246,1.969299977645278,0.0,True,ok,5044,5044
4453,13,1.3,37,215961.373828,215961.3858304,10.979199985740706,12.00239997706376,6.727400003001094,2.905600005760789,33.489299996290356,True,ok,4620,4620
4454,14,1.4000000000000001,37,215961.4071275,215961.4166346,8.514599991030991,9.507100010523573,5.096799985039979,2.042600011918694,0.0,True,ok,4785,4785
4455,15,1.5,37,215961.4400957,215961.4490053,8.156800002325326,8.909600001061335,4.837999993469566,1.9447999948170036,0.0,True,ok,5045,5045
4456,16,1.6,37,215961.4738062,215961.4834802,8.643999986816198,9.674000000813976,5.0657000101637095,2.1769999875687063,33.71049999259412,True,ok,5382,5382
4457,17,1.7000000000000002,37,215961.5072613,215961.516706,8.368799986783415,9.444700001040474,5.101699993247166,1.8928999779745936,0.0,True,ok,5312,5312
4458,18,1.8,37,215961.5401015,215961.5504922,9.438000008231029,10.390700015705079,6.016899977112189,2.007900009630248,32.84020000137389,True,ok,5363,5363
4459,19,1.9000000000000001,37,215961.5736889,215961.5826948,8.34729999769479,9.005899977637455,4.594900005031377,2.2501000203192234,0.0,True,ok,5455,5455
4460,20,2.0,37,215961.6068527,215961.6156698,8.340800006408244,8.81709999521263,4.695600015111268,2.226600016001612,0.0,True,ok,5508,5508
4461,21,2.1,37,215961.6405255,215961.6498654,8.879699977114797,9.33989998884499,4.980900004738942,2.4532999959774315,0.0,True,ok,5300,5300
4462,22,2.2,37,215961.6736848,215961.6851922,10.877799999434501,11.507400020491332,7.267399982083589,2.054799988400191,0.0,True,ok,5384,5384
4463,23,2.3000000000000003,37,215961.7067937,215961.7185253,11.27049999195151,11.731600010534748,6.7125000059604645,2.7637000021059066,0.0,True,ok,5355,5355
4464,24,2.4000000000000004,37,215961.7404443,215961.7497161,8.458099997369573,9.27179999416694,4.77820000378415,2.3151999921537936,0.0,True,ok,5072,5072
4465,25,2.5,37,215961.7739583,215961.7833228,8.863099996233359,9.364500001538545,5.2803999860771,2.2286000021267682,0.0,True,ok,4851,4851
4466,26,2.6,37,215961.8070489,215961.8158236,8.185299986507744,8.774699992500246,4.778700007591397,2.0457000064197928,0.0,True,ok,4933,4933
4467,27,2.7,37,215961.8401654,215961.8491589,8.498800016241148,8.993499999633059,5.022900004405528,2.0944999996572733,0.0,True,ok,4889,4889
4468,28,2.8000000000000003,37,215961.873804,215961.8852569,10.77409999561496,11.452899983851239,7.252299983520061,2.1890999923925847,0.0,True,ok,4508,4508
4469,29,2.9000000000000004,37,215961.9067809,215961.9156995,8.265400014352053,8.918600011384115,4.849399992963299,2.061700011836365,0.0,True,ok,4516,4516
4470,30,3.0,37,215961.9403256,215961.9493043,8.342500019352883,8.978700003353879,5.057000002125278,1.9902999920304865,0.0,True,ok,4326,4326
4471,31,3.1,37,215961.9737525,215961.9854801,11.152699997182935,11.727600009180605,6.762500008335337,3.0457999964710325,0.0,True,ok,4407,4407
4472,32,3.2,37,215962.007421,215962.0165378,7.993499981239438,9.116800007177517,4.840000008698553,1.8888000049628317,33.668499992927536,True,ok,4113,4113
4473,33,3.3000000000000003,37,215962.0402547,215962.048837,8.02440001280047,8.582300011767074,4.665300017222762,2.0454000041354448,0.0,True,ok,4211,4211
4474,34,3.4000000000000004,37,215962.0737328,215962.0828955,8.429100009379908,9.162700007436797,5.184800014831126,1.9945999956689775,0.0,True,ok,4198,4198
4475,35,3.5,37,215962.107128,215962.1166718,9.056200011400506,9.543799998937175,5.185500020161271,2.4292999878525734,0.0,True,ok,4125,4125
4476,36,3.6,37,215962.1403767,215962.1525002,11.662500008242205,12.123499996960163,5.81079997937195,4.601399996317923,0.0,True,ok,4267,4267
4477,37,3.7,37,215962.1737811,215962.1846337,9.933699999237433,10.852600011276081,6.660699989879504,2.0293999987188727,0.0,True,ok,3805,3805
4478,38,3.8000000000000003,37,215962.2072416,215962.2157859,8.025700022699311,8.544300013454631,4.735000024084002,2.0597999973688275,0.0,True,ok,3921,3921
4479,39,3.9000000000000004,37,215962.2406522,215962.2498724,8.522599993739277,9.220199979608878,4.796699999133125,2.320800005691126,33.41060000821017,True,ok,3864,3864
4480,40,4.0,37,215962.2737166,215962.2824234,8.25549999717623,8.706799999345094,5.097699991893023,1.943300012499094,0.0,True,ok,3828,3828
4481,41,4.1000000000000005,37,215962.3071233,215962.3170107,9.509700001217425,9.887399995932356,5.42120001045987,2.7364999987185,0.0,True,ok,3659,3659
4482,42,4.2,37,215962.3401736,215962.3492945,8.429399982560426,9.120899980189279,4.899099993053824,2.292799996212125,0.0,True,ok,3989,3989
4483,43,4.3,37,215962.3737693,215962.3820802,7.8544999996665865,8.310900011565536,4.581600020173937,2.0203999883960932,33.5956999915652,True,ok,4294,4294
4484,44,4.4,37,215962.4070784,215962.417408,9.649100014939904,10.329600016120821,5.339600000297651,3.01949999993667,0.0,True,ok,4623,4623
4485,45,4.5,37,215962.4401564,215962.4495676,8.67030001245439,9.41120000788942,4.919500002870336,2.4649999977555126,0.0,True,ok,4708,4708
4486,46,4.6000000000000005,37,215962.4734588,215962.4823095,8.380799990845844,8.850699989125133,5.0230999768245965,2.0380999776534736,0.0,True,ok,4834,4834
4487,47,4.7,37,215962.5070363,215962.5160866,8.582299982663244,9.050299995578825,5.081400013295934,2.1758000075351447,0.0,True,ok,4677,4677
4488,48,4.800000000000001,37,215962.5402434,215962.5486377,7.864100014558062,8.394300006330013,4.6907000069040805,1.96460000006482,0.0,True,ok,4591,4591
4489,49,4.9,37,215962.5738335,215962.5836573,9.311000001616776,9.823800006415695,6.084799999371171,2.0022999960929155,0.0,True,ok,4442,4442
4490,50,5.0,37,215962.6067192,215962.6154671,8.047199982684106,8.747899992158636,4.6033000107854605,2.1403999999165535,0.0,True,ok,4408,4408
4491,51,5.1000000000000005,37,215962.640405,215962.6495306,8.44810000853613,9.125599986873567,4.902400018181652,2.280599990626797,0.0,True,ok,4418,4418
4492,52,5.2,37,215962.6736324,215962.6838167,9.694700012914836,10.184300015680492,6.315800012089312,2.137100003892556,0.0,True,ok,4600,4600
4493,53,5.300000000000001,37,215962.7071521,215962.7158882,8.231600018916652,8.736100018722937,5.081600014818832,1.9081000064034015,0.0,True,ok,4489,4489
4494,54,5.4,37,215962.7402026,215962.749631,8.877400017809123,9.428400022443384,4.879399988567457,2.520799986086786,33.05050000199117,True,ok,4625,4625
4495,55,5.5,37,215962.7735879,215962.7838268,9.106700017582625,10.238899994874373,5.660800001351163,2.2062000061850995,0.0,True,ok,4379,4379
4496,56,5.6000000000000005,37,215962.8071794,215962.8159644,7.947000005515292,8.785000012721866,4.867299983743578,1.8674999882932752,0.0,True,ok,4212,4212
4497,57,5.7,37,215962.8402803,215962.8489591,8.050100004766136,8.678799989866093,4.687500011641532,2.148800005670637,0.0,True,ok,4229,4229
4498,58,5.800000000000001,37,215962.8734454,215962.8829639,9.000499994726852,9.518499980913475,5.4530999914277345,2.2427000221796334,0.0,True,ok,4294,4294
4499,59,5.9,37,215962.9071941,215962.9162578,8.332800003699958,9.063700010301545,4.836999985855073,2.032599993981421,0.0,True,ok,4337,4337
4500,60,6.0,37,215962.940274,215962.950204,9.43340000230819,9.930000000167638,5.063399992650375,2.321400010259822,0.0,True,ok,4334,4334
4501,61,6.1000000000000005,37,215962.9735106,215962.9840485,10.037100000772625,10.537900001509115,6.524600001284853,2.226999989943579,0.0,True,ok,4169,4169
4502,62,6.2,37,215963.0066967,215963.0156513,8.462400001008064,8.954599994467571,4.827400000067428,2.3347999958787113,0.0,True,ok,4172,4172
4503,63,6.300000000000001,37,215963.0405241,215963.0494596,8.282700000563636,8.9354999945499,4.788000020198524,2.1976999996695668,0.0,True,ok,4147,4147
4504,64,6.4,37,215963.0736681,215963.0828009,8.146200008923188,9.132800012594089,4.956899996614084,2.0235999836586416,0.0,True,ok,4178,4178
4505,65,6.5,37,215963.107219,215963.1158855,8.17250000545755,8.666500012623146,4.913300013868138,1.8856000097002834,0.0,True,ok,4169,4169
4506,66,6.6000000000000005,37,215963.1403809,215963.1498973,8.65410000551492,9.51639999402687,5.490999988978729,1.9592000171542168,0.0,True,ok,4168,4168
4507,67,6.7,37,215963.1738812,215963.1840319,9.576299984473735,10.150699992664158,6.355799996526912,1.9905999943148345,0.0,True,ok,4086,4086
4508,68,6.800000000000001,37,215963.2072642,215963.2166752,8.162700018147007,9.411000006366521,4.854500002693385,2.0822999940719455,0.0,True,ok,4379,4379
4509,69,6.9,37,215963.2404546,215963.2511935,10.188400017796084,10.738900018623099,5.139799992321059,3.746799979126081,33.19039999041706,True,ok,4282,4282
4510,70,7.0,37,215963.2735449,215963.2839752,9.805600013351068,10.430299997096881,6.3547000172548,2.1923999884165823,0.0,True,ok,4247,4247
4511,71,7.1000000000000005,37,215963.306927,215963.3155467,8.079399995040148,8.619700005510822,4.657899989979342,1.9791999948211014,0.0,True,ok,4354,4354
4512,72,7.2,37,215963.3405732,215963.3494334,8.156700001563877,8.860200003255159,4.653400013921782,2.240999980131164,0.0,True,ok,4628,4628
4513,73,7.300000000000001,37,215963.3735685,215963.3840823,9.689200000138953,10.513799992622808,6.183500023325905,2.0121000125072896,0.0,True,ok,4287,4287
4514,74,7.4,37,215963.4070739,215963.4175959,10.017900000093505,10.522000025957823,4.932900017593056,3.5436999751254916,0.0,True,ok,4455,4455
4515,75,7.5,37,215963.4401916,215963.4493093,8.512100001098588,9.11769998492673,5.075099994428456,2.129200001945719,0.0,True,ok,4560,4560
4516,76,7.6000000000000005,37,215963.4738168,215963.484145,9.874299983493984,10.32820000546053,6.631299998844042,2.0056999928783625,0.0,True,ok,4662,4662
4517,77,7.7,37,215963.5072316,215963.5157502,7.8603999863844365,8.518599992385134,4.804500000318512,1.851300010457635,0.0,True,ok,4381,4381
4518,78,7.800000000000001,37,215963.5406216,215963.5491325,7.7852999966125935,8.510899991961196,4.613299999618903,1.9583000103011727,0.0,True,ok,4350,4350
4519,79,7.9,37,215963.573805,215963.5838436,8.827300014672801,10.038600012194365,4.642300016712397,2.870900003472343,0.0,True,ok,4058,4058
4520,80,8.0,37,215963.6068117,215963.6157252,8.263100025942549,8.913500001654029,4.9048000073526055,2.140299999155104,0.0,True,ok,4074,4074
4521,81,8.1,37,215963.6403585,215963.6489049,8.100400009425357,8.546400000341237,4.916799982311204,2.024299988988787,0.0,True,ok,4080,4080
4522,82,8.200000000000001,37,215963.673554,215963.6850504,10.803000011947006,11.496399994939566,7.0346999855246395,2.3899999796412885,0.0,True,ok,4288,4288
4523,83,8.3,37,215963.7072495,215963.7165155,7.872400019550696,9.26600000821054,4.80039999820292,1.8694000027608126,0.0,True,ok,4269,4269
4524,84,8.4,37,215963.7402727,215963.7506966,9.667100006481633,10.423900006571785,5.032499990193173,3.4890999959316105,0.0,True,ok,3996,3996
4525,85,8.5,37,215963.7738424,215963.7839424,8.75490001635626,10.10000001406297,5.379099980928004,2.1317999926395714,0.0,True,ok,4318,4318
4526,86,8.6,37,215963.8069156,215963.8186753,11.278299993136898,11.759699991671368,4.653300013160333,4.9214999889954925,0.0,True,ok,4410,4410
4527,87,8.700000000000001,37,215963.84024,215963.849252,8.300800021970645,9.012000024085864,4.952599992975593,2.101700025377795,0.0,True,ok,4345,4345
4528,88,8.8,37,215963.8736946,215963.884425,10.208699997747317,10.730399983003736,7.015699986368418,2.0155000092927366,33.45460002310574,True,ok,3995,3995
4529,89,8.9,37,215963.9070399,215963.9159723,7.917999988421798,8.932400000048801,4.882400011410937,1.8319000082556158,0.0,True,ok,4114,4114
4530,90,9.0,37,215963.9405001,215963.9488508,7.817699981387705,8.350699994480237,4.5828999718651175,2.009199990425259,33.46020000753924,True,ok,4407,4407
4531,91,9.1,37,215963.974016,215963.9835764,8.456799987470731,9.560400008922443,4.587400006130338,2.646600012667477,0.0,True,ok,4504,4504
4532,92,9.200000000000001,37,215964.0072108,215964.0165006,8.748299995204434,9.2898000148125,4.88630001200363,2.6319999888073653,0.0,True,ok,4602,4602
4533,93,9.3,37,215964.0403189,215964.0489946,8.152199996402487,8.675699995364994,4.767599981278181,2.1496000117622316,0.0,True,ok,4719,4719
4534,94,9.4,37,215964.073431,215964.0830774,9.203199995681643,9.646399994380772,5.742900015320629,2.2708000033162534,0.0,True,ok,4623,4623
4535,95,9.5,37,215964.1071935,215964.1157327,8.10450001154095,8.539200003724545,4.864300019107759,2.024899993557483,0.0,True,ok,4555,4555
4536,96,9.600000000000001,37,215964.1403754,215964.1511033,10.224400000879541,10.727900022175163,5.2970999968238175,3.727300005266443,0.0,True,ok,4902,4902
4537,97,9.700000000000001,37,215964.1738351,215964.1844614,9.966000012354925,10.626300005242229,6.737899995641783,1.9973000162281096,0.0,True,ok,4793,4793
4538,98,9.8,37,215964.2071521,215964.2164883,8.819800015771762,9.336200018879026,5.718400003388524,1.9082000071648508,0.0,True,ok,4857,4857
4539,99,9.9,37,215964.2407067,215964.251101,9.132400009548292,10.394300014013425,5.562700011068955,2.3150999913923442,0.0,True,ok,4985,4985
4540,100,10.0,37,215964.2740898,215964.2840993,8.94290002179332,10.009500023443252,4.689200024586171,2.911199990194291,0.0,True,ok,4973,4973
4541,101,10.100000000000001,37,215964.3067222,215964.3150849,7.858600001782179,8.362699998542666,4.923800006508827,1.7724999925121665,0.0,True,ok,4507,4507
4542,102,10.200000000000001,37,215964.340141,215964.3487754,7.973700005095452,8.634400001028553,4.762900003697723,1.9654000061564147,0.0,True,ok,4834,4834
4543,103,10.3,37,215964.3737701,215964.3843858,10.060799977509305,10.61569998273626,6.880599976284429,2.0093999919481575,0.0,True,ok,4943,4943
4544,104,10.4,37,215964.4069025,215964.4163664,8.97850000183098,9.463900001719594,4.941799998050556,2.829600009135902,0.0,True,ok,5082,5082
4545,105,10.5,37,215964.4401284,215964.4484714,7.927600003313273,8.34300002316013,4.863700014539063,1.8979999877046794,33.225899998797104,True,ok,4986,4986
4546,106,10.600000000000001,37,215964.473729,215964.4850802,10.735299991210923,11.351199995260686,7.026500010397285,2.508500008843839,0.0,True,ok,5037,5037
4547,107,10.700000000000001,37,215964.5067622,215964.5149951,7.631999993463978,8.232899999711663,4.591199976857752,1.886400015791878,0.0,True,ok,5162,5162
4548,108,10.8,37,215964.5402955,215964.5496728,8.257899986347184,9.377300011692569,4.872299992712215,2.2274999937508255,0.0,True,ok,4884,4884
4549,109,10.9,37,215964.5738537,215964.5823186,7.80950000626035,8.464899990940467,4.700099991168827,1.9515000167302787,0.0,True,ok,4890,4890
4550,110,11.0,37,215964.60705,215964.6167399,9.092199994483963,9.689900005469099,5.075099994428456,2.850899996701628,0.0,True,ok,4848,4848
4551,111,11.100000000000001,37,215964.6405229,215964.6498641,8.601900015491992,9.341199998743832,5.592499976046383,1.8900000141002238,0.0,True,ok,5030,5030
4552,112,11.200000000000001,37,215964.6736667,215964.6837215,9.56820001010783,10.054800019133836,6.463700003223494,1.9306000031065196,0.0,True,ok,5114,5114
4553,113,11.3,37,215964.7071193,215964.7158091,8.20509999175556,8.689799986314029,4.962900013197213,2.032899996265769,0.0,True,ok,5293,5293
4554,114,11.4,37,215964.7403481,215964.7495894,8.74900000053458,9.241299994755536,5.348500009858981,2.202000003308058,0.0,True,ok,5423,5423
4555,115,11.5,37,215964.7735704,215964.7824851,8.25260000419803,8.914700010791421,4.84779998078011,2.1899999992456287,0.0,True,ok,5340,5340
4556,116,11.600000000000001,37,215964.8070689,215964.8170755,8.953700016718358,10.006600001361221,5.429400014691055,2.3508000012952834,0.0,True,ok,5279,5279
4557,117,11.700000000000001,37,215964.8403465,215964.8506688,9.357500006444752,10.32230001874268,5.981499998597428,2.1707999985665083,0.0,True,ok,5498,5498
4558,118,11.8,37,215964.8737573,215964.8847671,10.418799996841699,11.00980001501739,7.072600012179464,2.113800001097843,0.0,True,ok,5517,5517
4559,119,11.9,37,215964.9069279,215964.9155591,8.151399990310892,8.631199976662174,4.917999991448596,2.044299995759502,0.0,True,ok,5266,5266
4560,0,0.0,38,215964.9425119,215964.9515057,8.4674000099767,8.993800001917407,5.120299989357591,2.1634000004269183,0.0,True,ok,4708,4708
4561,1,0.1,38,215964.9737136,215964.9843284,10.216199996648356,10.614800004987046,6.868099997518584,2.0139999978709966,0.0,True,ok,4681,4681
4562,2,0.2,38,215965.0071179,215965.0159548,8.362599997781217,8.836900000460446,5.0786999927368015,1.8782999832183123,0.0,True,ok,4360,4360
4563,3,0.30000000000000004,38,215965.0401966,215965.0487718,8.11630001408048,8.575200015911832,4.805100004887208,2.084500010823831,0.0,True,ok,4532,4532
4564,4,0.4,38,215965.0741462,215965.0831202,8.435199997620657,8.97399999666959,5.066100013209507,2.1551999961957335,0.0,True,ok,4533,4533
4565,5,0.5,38,215965.1071426,215965.1167121,8.880099980160594,9.569499990902841,4.957900004228577,2.4534000258427113,0.0,True,ok,4334,4334
4566,6,0.6000000000000001,38,215965.1402802,215965.1493803,8.086899993941188,9.1000999964308,4.990900022676215,1.9235999789088964,0.0,True,ok,4462,4462
4567,7,0.7000000000000001,38,215965.1738592,215965.1847286,10.21869998658076,10.869399993680418,7.033000001683831,1.9973999878857285,0.0,True,ok,4479,4479
4568,8,0.8,38,215965.2071958,215965.2162277,8.314000006066635,9.0319000009913,5.136399995535612,1.9987999985460192,0.0,True,ok,4534,4534
4569,9,0.9,38,215965.2401807,215965.2502,9.51329999952577,10.019300010753796,6.389599991962314,1.971099991351366,0.0,True,ok,4491,4491
4570,10,1.0,38,215965.2738071,215965.2835449,9.026800020365044,9.737800020957366,5.609599989838898,2.2320999996736646,0.0,True,ok,4600,4600
4571,11,1.1,38,215965.3071487,215965.3155494,7.9960000002756715,8.40069999685511,4.852400015806779,1.9382000027690083,0.0,True,ok,4781,4781
4572,12,1.2000000000000002,38,215965.3401308,215965.3489722,8.305199997266755,8.841400005621836,4.958499979693443,2.139999996870756,0.0,True,ok,5044,5044
4573,13,1.3,38,215965.3735021,215965.3849248,10.735399991972372,11.422699986724183,7.287600019481033,2.213899977505207,0.0,True,ok,4620,4620
4574,14,1.4000000000000001,38,215965.406901,215965.4169109,9.307800006354228,10.009899997385219,4.975099989678711,3.0994999979157,0.0,True,ok,4785,4785
4575,15,1.5,38,215965.4407077,215965.4502614,8.552499988581985,9.553699987009168,4.77080000564456,2.0121000125072896,0.0,True,ok,5045,5045
4576,16,1.6,38,215965.4736592,215965.4858996,11.591899994527921,12.240399984875694,6.850100005976856,3.481899999314919,0.0,True,ok,5382,5382
4577,17,1.7000000000000002,38,215965.5072624,215965.5159075,7.9166000068653375,8.64509999519214,4.810499987797812,1.8350000027567148,0.0,True,ok,5312,5312
4578,18,1.8,38,215965.5401092,215965.5491525,8.577800006605685,9.043300000485033,5.171600001631305,2.119300013873726,0.0,True,ok,5363,5363
4579,19,1.9000000000000001,38,215965.5739155,215965.5832643,8.807499980321154,9.34879999840632,5.331200023647398,2.210400009062141,0.0,True,ok,5455,5455
4580,20,2.0,38,215965.6068776,215965.6172855,9.23169997986406,10.407900001155213,4.805100004887208,2.828000026056543,0.0,True,ok,5508,5508
4581,21,2.1,38,215965.6405125,215965.649157,8.084100001724437,8.644500019727275,4.89370001014322,1.898499991511926,0.0,True,ok,5300,5300
4582,22,2.2,38,215965.6737965,215965.6849301,10.37999999243766,11.133599997265264,6.995800009462982,2.0644000032916665,0.0,True,ok,5384,5384
4583,23,2.3000000000000003,38,215965.7071865,215965.7162338,8.38879999355413,9.047300001839176,4.973000002792105,2.085499989334494,0.0,True,ok,5355,5355
4584,24,2.4000000000000004,38,215965.740194,215965.749428,8.57840001117438,9.233999997377396,4.81670000590384,2.352200011955574,0.0,True,ok,5072,5072
4585,25,2.5,38,215965.7735973,215965.7841153,9.83329999144189,10.51799999549985,4.83299998450093,3.7614000029861927,0.0,True,ok,4851,4851
4586,26,2.6,38,215965.8071505,215965.8161231,8.535400003893301,8.9725999860093,5.375000007916242,1.934400002937764,0.0,True,ok,4933,4933
4587,27,2.7,38,215965.8402425,215965.8496909,8.32059999811463,9.448400000110269,5.191800009924918,1.9067999965045601,0.0,True,ok,4889,4889
4588,28,2.8000000000000003,38,215965.8736215,215965.8850919,10.705000022426248,11.470400000689551,7.2355000011157244,2.232200000435114,0.0,True,ok,4508,4508
4589,29,2.9000000000000004,38,215965.9072742,215965.9180115,9.448900003917515,10.73730000643991,6.378499994752929,1.8350000027567148,0.0,True,ok,4516,4516
4590,30,3.0,38,215965.9405558,215965.949749,8.527199999662116,9.19319997774437,4.8774000024423,2.0844999817200005,0.0,True,ok,4326,4326
4591,31,3.1,38,215965.9734276,215965.9843127,10.30019999598153,10.885099996812642,7.105199998477474,2.0129000185988843,0.0,True,ok,4407,4407
4592,32,3.2,38,215966.0070391,215966.0163604,8.869600016623735,9.321300021838397,5.793399992398918,1.8863000150304288,0.0,True,ok,4113,4113
4593,33,3.3000000000000003,38,215966.0405113,215966.0508603,9.09399997908622,10.34899998921901,5.889499996555969,2.000500011490658,0.0,True,ok,4211,4211
4594,34,3.4000000000000004,38,215966.0735646,215966.0822991,7.868999993661419,8.734500006539747,4.667300003347918,2.0056000212207437,0.0,True,ok,4198,4198
4595,35,3.5,38,215966.1071764,215966.1161478,8.217099995817989,8.971400005975738,4.867799987550825,2.2032999841030687,0.0,True,ok,4125,4125
4596,36,3.6,38,215966.1403464,215966.1489112,8.180100005120039,8.564799994928762,4.852000012760982,2.1459999843500555,0.0,True,ok,4267,4267
4597,37,3.7,38,215966.1735704,215966.1859224,11.852199997520074,12.352000019745901,7.641700009116903,2.739299990935251,0.0,True,ok,3805,3805
4598,38,3.8000000000000003,38,215966.2069721,215966.2171984,9.523499989882112,10.226300015347078,4.862200003117323,3.399700013687834,0.0,True,ok,3921,3921
4599,39,3.9000000000000004,38,215966.2404586,215966.2491912,8.087399997748435,8.73260002117604,4.910499992547557,2.0457999780774117,0.0,True,ok,3864,3864
4600,40,4.0,38,215966.2735431,215966.284466,10.367000009864569,10.922900022706017,7.159200002206489,1.9357000128366053,0.0,True,ok,3828,3828
4601,41,4.1000000000000005,38,215966.3071618,215966.3161749,8.447300002444535,9.013100003357977,5.13380000484176,2.149299980374053,0.0,True,ok,3659,3659
4602,42,4.2,38,215966.3404988,215966.3492231,8.14879999961704,8.724299987079576,4.861800000071526,2.1354999917093664,0.0,True,ok,3989,3989
4603,43,4.3,38,215966.3735594,215966.3848055,10.536600020714104,11.246100009884685,7.422499998938292,1.9125000108033419,0.0,True,ok,4294,4294
4604,44,4.4,38,215966.4069058,215966.4157263,8.316100022057071,8.820500021101907,4.903699998976663,2.184899989515543,0.0,True,ok,4623,4623
4605,45,4.5,38,215966.440115,215966.4494813,8.871400001225993,9.366299986140803,5.095900007290766,2.57650000276044,0.0,True,ok,4708,4708
4606,46,4.6000000000000005,38,215966.4738286,215966.4841814,9.842700004810467,10.352800018154085,6.625499983783811,1.9872999982908368,0.0,True,ok,4834,4834
4607,47,4.7,38,215966.5068814,215966.5158011,8.37550000869669,8.919699990656227,4.969500005245209,2.2037000162526965,0.0,True,ok,4677,4677
4608,48,4.800000000000001,38,215966.5401777,215966.5493232,8.21989998803474,9.145499992882833,5.048300023190677,1.965500006917864,0.0,True,ok,4591,4591
4609,49,4.9,38,215966.5736877,215966.5841003,9.61560002178885,10.412600007839501,6.293000013101846,2.0892999891657382,0.0,True,ok,4442,4442
4610,50,5.0,38,215966.6073267,215966.6166232,8.632500015664846,9.296500007621944,5.048099992563948,2.3268999939318746,33.639000001130626,True,ok,4408,4408
4611,51,5.1000000000000005,38,215966.6404216,215966.6494874,8.535799977835268,9.06579999718815,5.0230999768245965,2.2591000015381724,0.0,True,ok,4418,4418
4612,52,5.2,38,215966.6736733,215966.6822519,8.099500002572313,8.578599983593449,4.7811999975237995,2.075299998978153,0.0,True,ok,4600,4600
4613,53,5.300000000000001,38,215966.7068202,215966.7154848,8.205599995562807,8.664599998155609,4.676699987612665,2.1563000045716763,0.0,True,ok,4489,4489
4614,54,5.4,38,215966.7406153,215966.7497761,8.464900020044297,9.16080002207309,4.641300009097904,2.3862999805714935,0.0,True,ok,4625,4625
4615,55,5.5,38,215966.7736694,215966.7833202,9.15619998704642,9.650799998780712,5.726799980038777,2.1622999920509756,0.0,True,ok,4379,4379
4616,56,5.6000000000000005,38,215966.8072975,215966.8166779,8.660499996040016,9.380400006193668,4.851700010476634,2.5907999952323735,0.0,True,ok,4212,4212
4617,57,5.7,38,215966.8404462,215966.8492891,8.211900014430285,8.842900017043576,4.739800002425909,2.2455000143963844,0.0,True,ok,4229,4229
4618,58,5.800000000000001,38,215966.873687,215966.8839658,9.775899990927428,10.278799978550524,6.2756999977864325,2.2490000119432807,0.0,True,ok,4294,4294
4619,59,5.9,38,215966.9067422,215966.9152027,7.847600005334243,8.460500015644357,4.549000004772097,2.0172999938949943,0.0,True,ok,4337,4337
4620,60,6.0,38,215966.9402053,215966.9494465,8.627799979876727,9.241199993994087,4.978500015567988,2.4591000110376626,0.0,True,ok,4334,4334
4621,61,6.1000000000000005,38,215966.9737946,215966.9827251,8.432300004642457,8.930500014685094,4.9288999871350825,2.117800002451986,0.0,True,ok,4169,4169
4622,62,6.2,38,215967.0071675,215967.0158405,8.175900002242997,8.673000003909692,4.977099975803867,1.9601999956648797,0.0,True,ok,4172,4172
4623,63,6.300000000000001,38,215967.0403557,215967.049288,8.349500014446676,8.932299999287352,4.948299989337102,2.19130000914447,0.0,True,ok,4147,4147
4624,64,6.4,38,215967.0740726,215967.0836878,8.583900023950264,9.615200018743053,5.388200021116063,1.9776000117417425,0.0,True,ok,4178,4178
4625,65,6.5,38,215967.1070296,215967.1161989,8.308300020871684,9.169299999484792,5.059400020400062,1.9912999996449798,0.0,True,ok,4169,4169
4626,66,6.6000000000000005,38,215967.1403469,215967.1489978,7.764699985273182,8.650899981148541,4.6480999735649675,1.8856000097002834,0.0,True,ok,4168,4168
4627,67,6.7,38,215967.1736439,215967.1822877,8.06150000425987,8.64380001439713,4.695800016634166,2.0970999903511256,0.0,True,ok,4086,4086
4628,68,6.800000000000001,38,215967.207143,215967.2160882,8.485799975460395,8.945199981098995,5.055700021330267,2.1622999920509756,0.0,True,ok,4379,4379
4629,69,6.9,38,215967.2407991,215967.249725,8.260700007667765,8.925900008762255,4.938300000503659,2.0484999986365438,0.0,True,ok,4282,4282
4630,70,7.0,38,215967.2736608,215967.2849507,10.831499996129423,11.28989999415353,5.64639997901395,3.860600001644343,0.0,True,ok,4247,4247
4631,71,7.1000000000000005,38,215967.3068047,215967.3168848,9.587700013071299,10.080100008053705,6.285500014200807,2.002199995331466,0.0,True,ok,4354,4354
4632,72,7.2,38,215967.3403411,215967.3491022,8.289799996418878,8.761100005358458,5.173899990040809,1.8627999816089869,0.0,True,ok,4628,4628
4633,73,7.300000000000001,38,215967.3736219,215967.3841999,9.870200010482222,10.577999986708164,6.540800008224323,2.065100008621812,0.0,True,ok,4287,4287
4634,74,7.4,38,215967.407006,215967.4163179,8.473900001263246,9.31190000846982,5.003500002203509,2.1600000036414713,0.0,True,ok,4455,4455
4635,75,7.5,38,215967.4401658,215967.4490926,8.26140001299791,8.926799986511469,4.8525999882258475,1.951399986864999,0.0,True,ok,4560,4560
4636,76,7.6000000000000005,38,215967.4736312,215967.4840446,9.61549999192357,10.413399984827265,6.316799990599975,2.0065999997314066,0.0,True,ok,4662,4662
4637,77,7.7,38,215967.5069217,215967.5158631,8.438799995929003,8.94140001037158,5.13969999155961,2.041200001258403,0.0,True,ok,4381,4381
4638,78,7.800000000000001,38,215967.540617,215967.5503305,9.183499991195276,9.71350001054816,5.738999985624105,2.1705000253859907,0.0,True,ok,4350,4350
4639,79,7.9,38,215967.5738299,215967.5831967,8.453599992208183,9.36679998994805,5.142800015164539,2.03419997706078,33.21290001622401,True,ok,4058,4058
4640,80,8.0,38,215967.6070187,215967.6161493,8.651300013298169,9.130600024946034,5.140399996889755,2.115500014042482,0.0,True,ok,4074,4074
4641,81,8.1,38,215967.6406781,215967.6502877,8.542299998225644,9.60960000520572,5.340700008673593,1.9843000045511872,0.0,True,ok,4080,4080
4642,82,8.200000000000001,38,215967.6739142,215967.6848674,10.4099000163842,10.953200020594522,6.88060000538826,2.142799989087507,0.0,True,ok,4288,4288
4643,83,8.3,38,215967.7072088,215967.7160956,8.192199980840087,8.886799972970039,4.955099982907996,1.9456000009085983,0.0,True,ok,4269,4269
4644,84,8.4,38,215967.7402784,215967.7498314,8.868400007486343,9.553000010782853,5.556399992201477,2.0397999905981123,0.0,True,ok,3996,3996
4645,85,8.5,38,215967.7734656,215967.7843943,10.503899975446984,10.928699979558587,7.074499997543171,2.134700014721602,0.0,True,ok,4318,4318
4646,86,8.6,38,215967.8071664,215967.8161058,8.39780000387691,8.939400024246424,5.113799998071045,1.9971999863628298,0.0,True,ok,4410,4410
4647,87,8.700000000000001,38,215967.8405822,215967.8500046,8.456200012005866,9.422400005860254,4.9974999856203794,2.1047999907750636,0.0,True,ok,4345,4345
4648,88,8.8,38,215967.8734999,215967.8849094,10.926499991910532,11.409500002628192,7.438400003593415,2.135999995516613,0.0,True,ok,3995,3995
4649,89,8.9,38,215967.9069509,215967.9158561,8.226400008425117,8.905199996661395,4.87149998662062,2.095900010317564,0.0,True,ok,4114,4114
4650,90,9.0,38,215967.9403238,215967.9498851,8.621000015409663,9.561300015775487,5.0512000161688775,2.146499988157302,0.0,True,ok,4407,4407
4651,91,9.1,38,215967.9736913,215967.9844534,10.26899999123998,10.762099991552532,6.757400027709082,2.176800015149638,0.0,True,ok,4504,4504
4652,92,9.200000000000001,38,215968.0070854,215968.0168761,9.297700016759336,9.790700016310439,4.947200010064989,2.9964999994263053,33.39409999898635,True,ok,4602,4602
4653,93,9.3,38,215968.0403776,215968.0492145,8.436700009042397,8.836900000460446,4.896200000075623,2.2213000047486275,0.0,True,ok,4719,4719
4654,94,9.4,38,215968.0733482,215968.0833923,8.975900011137128,10.044099995866418,5.431699973996729,2.2044999932404608,0.0,True,ok,4623,4623
4655,95,9.5,38,215968.1070728,215968.116119,8.346800022991374,9.046200022567064,4.856999992625788,2.1744999976363033,0.0,True,ok,4555,4555
4656,96,9.600000000000001,38,215968.1406508,215968.1496919,8.349800016731024,9.041100012836978,4.843599977903068,2.2009999956935644,0.0,True,ok,4902,4902
4657,97,9.700000000000001,38,215968.173977,215968.1849185,10.181899997405708,10.94149998971261,6.79610000224784,2.0266000065021217,0.0,True,ok,4793,4793
4658,98,9.8,38,215968.2068477,215968.2162137,8.45110000227578,9.366000012960285,5.049500003224239,2.051000017672777,0.0,True,ok,4857,4857
4659,99,9.9,38,215968.2401607,215968.249323,8.682399988174438,9.162300004391,4.899099993053824,2.261499990709126,0.0,True,ok,4985,4985
4660,100,10.0,38,215968.2737055,215968.2844794,10.249399987515062,10.773899994092062,6.808200007071719,2.0269999804440886,0.0,True,ok,4973,4973
4661,101,10.100000000000001,38,215968.3069071,215968.3157701,8.387999987462536,8.86299999547191,5.0477999902796,1.9949999987147748,0.0,True,ok,4507,4507
4662,102,10.200000000000001,38,215968.3404259,215968.3498209,8.238800015533343,9.395000000949949,4.891799995675683,2.014400000916794,0.0,True,ok,4834,4834
4663,103,10.3,38,215968.3734622,215968.3848958,10.373600001912564,11.4336000115145,6.991800008108839,1.9170999876223505,0.0,True,ok,4943,4943
4664,104,10.4,38,215968.4069918,215968.4160187,8.529999991878867,9.026899992022663,5.0706999900285155,2.030100004049018,0.0,True,ok,5082,5082
4665,105,10.5,38,215968.4404591,215968.4491881,8.261999988462776,8.728999993763864,4.8353000020142645,2.0786999957636,0.0,True,ok,4986,4986
4666,106,10.600000000000001,38,215968.4736631,215968.4841967,10.148500005016103,10.533599997870624,7.001699996180832,1.816900010453537,0.0,True,ok,5037,5037
4667,107,10.700000000000001,38,215968.5067422,215968.5169526,9.72520001232624,10.210400010691956,4.733100009616464,3.6598000151570886,0.0,True,ok,5162,5162
4668,108,10.8,38,215968.5403638,215968.5496709,8.566500007873401,9.307100001024082,4.849899996770546,2.3674999829381704,0.0,True,ok,4884,4884
4669,109,10.9,38,215968.573905,215968.5831414,8.699199999682605,9.23640001565218,5.3014000004623085,2.079600002616644,0.0,True,ok,4890,4890
4670,110,11.0,38,215968.6066709,215968.6155257,8.140799996908754,8.854800020344555,4.603399982443079,2.223399991635233,0.0,True,ok,4848,4848
4671,111,11.100000000000001,38,215968.6400956,215968.6499524,9.404000011272728,9.856799995759502,5.046000005677342,2.9273999971337616,0.0,True,ok,5030,5030
4672,112,11.200000000000001,38,215968.6737254,215968.6852163,10.606099996948615,11.490899982163683,6.823600007919595,2.3059999803081155,33.62979998928495,True,ok,5114,5114
4673,113,11.3,38,215968.7068666,215968.716453,9.026399988215417,9.586400003172457,4.774900007760152,2.83129999297671,0.0,True,ok,5293,5293
4674,114,11.4,38,215968.7405966,215968.74955,8.317400002852082,8.95340001443401,4.724400001578033,2.2032999841030687,0.0,True,ok,5423,5423
4675,115,11.5,38,215968.7736404,215968.7827171,8.41539999237284,9.076699992874637,4.749799991259351,2.2644999844487756,0.0,True,ok,5340,5340
4676,116,11.600000000000001,38,215968.8072576,215968.8161626,8.50600001285784,8.904999995138496,5.0134999910369515,2.114700007950887,0.0,True,ok,5279,5279
4677,117,11.700000000000001,38,215968.8402088,215968.849783,9.026200015796348,9.57420002669096,5.1688999810721725,2.2980999783612788,0.0,True,ok,5498,5498
4678,118,11.8,38,215968.8738599,215968.8828386,8.482899982482195,8.978700003353879,4.879400017671287,2.2090999991633,0.0,True,ok,5517,5517
4679,119,11.9,38,215968.9068651,215968.9158141,8.465299993986264,8.94900001003407,4.675499978475273,2.2769999923184514,0.0,True,ok,5266,5266
4680,0,0.0,39,215968.9425319,215968.9516518,8.646799979032949,9.119900001678616,4.902399989077821,2.3723000194877386,0.0,True,ok,4708,4708
4681,1,0.1,39,215968.9739247,215968.9843597,9.81570000294596,10.43500000378117,6.531099992571399,1.9132000161334872,0.0,True,ok,4681,4681
4682,2,0.2,39,215969.0068046,215969.0155048,8.265099982963875,8.700199978193268,4.9285999848507345,1.9832999969366938,0.0,True,ok,4360,4360
4683,3,0.30000000000000004,39,215969.0404641,215969.0516015,10.659599996870384,11.137399997096509,4.7701000003144145,4.525900003500283,0.0,True,ok,4532,4532
4684,4,0.4,39,215969.0738422,215969.0829067,8.54010001057759,9.06449998728931,5.201099993428215,1.9779999856837094,0.0,True,ok,4533,4533
4685,5,0.5,39,215969.1070856,215969.1171384,9.429400000954047,10.05280000390485,5.875399976503104,2.19719999586232,0.0,True,ok,4334,4334
4686,6,0.6000000000000001,39,215969.1400951,215969.1486205,8.122600003844127,8.525399985956028,4.666199994971976,2.0081999828107655,0.0,True,ok,4462,4462
4687,7,0.7000000000000001,39,215969.1735353,215969.1850538,10.836800007382408,11.518499988596886,7.319100026506931,2.02240000362508,0.0,True,ok,4479,4479
4688,8,0.8,39,215969.2067431,215969.2154406,8.169800014002249,8.697500015841797,4.80490000336431,1.981899986276403,0.0,True,ok,4534,4534
4689,9,0.9,39,215969.2405305,215969.2495312,8.490600012009963,9.00069999624975,5.098499997984618,2.0444999972824007,0.0,True,ok,4491,4491
4690,10,1.0,39,215969.273779,215969.2832076,8.948600006988272,9.428599994862452,5.478599981870502,2.078099991194904,0.0,True,ok,4600,4600
4691,11,1.1,39,215969.3067946,215969.3155034,8.245300006819889,8.70879998547025,4.712900001322851,2.0339000038802624,0.0,True,ok,4781,4781
4692,12,1.2000000000000002,39,215969.3402849,215969.3494305,8.644599991384894,9.145599993644282,4.921200015814975,2.2859000018797815,0.0,True,ok,5044,5044
4693,13,1.3,39,215969.3739451,215969.3835243,8.787800004938617,9.579200006555766,5.057200003648177,2.195200009737164,0.0,True,ok,4620,4620
4694,14,1.4000000000000001,39,215969.4071518,215969.4166489,8.850099984556437,9.4970999925863,4.980799974873662,2.4104999902192503,0.0,True,ok,4785,4785
4695,15,1.5,39,215969.4402396,215969.449739,9.043900005053729,9.499400010099635,5.700599984265864,1.9289999909233302,0.0,True,ok,5045,5045
4696,16,1.6,39,215969.473718,215969.4847613,9.884200000669807,11.043300008168444,6.332300021313131,2.117500000167638,0.0,True,ok,5382,5382
4697,17,1.7000000000000002,39,215969.5068082,215969.5162703,8.79029999487102,9.462099988013506,4.972700000507757,2.145200007362291,0.0,True,ok,5312,5312
4698,18,1.8,39,215969.5402052,215969.5493595,8.608700009062886,9.154300001682714,5.032899993238971,2.0730000105686486,0.0,True,ok,5363,5363
4699,19,1.9000000000000001,39,215969.5735941,215969.5834928,9.246000001439825,9.89870002376847,5.6090999860316515,2.1533000108320266,0.0,True,ok,5455,5455
4700,20,2.0,39,215969.606906,215969.6160819,8.679799997480586,9.175899991532788,5.055799992987886,2.1729999862145633,0.0,True,ok,5508,5508
4701,21,2.1,39,215969.640376,215969.6495294,8.720899990294129,9.15339999482967,5.205599998589605,2.0320999901741743,0.0,True,ok,5300,5300
4702,22,2.2,39,215969.6734592,215969.6853798,11.427000019466504,11.920599994482473,7.741700013866648,2.0139999978709966,0.0,True,ok,5384,5384
4703,23,2.3000000000000003,39,215969.7070693,215969.7159647,8.411500020883977,8.895400009350851,4.855600011069328,2.114799979608506,0.0,True,ok,5355,5355
4704,24,2.4000000000000004,39,215969.7403271,215969.7493803,8.398799982387573,9.053199988557026,4.74999999278225,2.248399978270754,0.0,True,ok,5072,5072
4705,25,2.5,39,215969.77366,215969.7829745,8.787900005700067,9.314499999163672,5.197699996642768,2.1661999926436692,33.33289999864064,True,ok,4851,4851
4706,26,2.6,39,215969.806838,215969.815959,8.586499985540286,9.121000010054559,5.083600000943989,2.052900003036484,0.0,True,ok,4933,4933
4707,27,2.7,39,215969.8402899,215969.8496112,8.80670000333339,9.321300021838397,5.253600014839321,2.1074999822303653,0.0,True,ok,4889,4889
4708,28,2.8000000000000003,39,215969.8734455,215969.8852362,11.159200017573312,11.79069999489002,7.596599985845387,2.0292999979574233,0.0,True,ok,4508,4508
4709,29,2.9000000000000004,39,215969.9069161,215969.9162198,8.773100009420887,9.303700004238635,5.118200002470985,2.0994000078644603,0.0,True,ok,4516,4516
4710,30,3.0,39,215969.9403903,215969.9487965,7.940199982840568,8.406199980527163,4.571199999190867,2.066499990178272,0.0,True,ok,4326,4326
4711,31,3.1,39,215969.9738812,215969.9826579,7.883799989940599,8.776699978625402,4.5934000227134675,1.8801999976858497,0.0,True,ok,4407,4407
4712,32,3.2,39,215970.0070856,215970.0181043,9.642599994549528,11.01869999547489,6.388399982824922,1.9119000062346458,0.0,True,ok,4113,4113
4713,33,3.3000000000000003,39,215970.0404761,215970.0491844,8.251899998867884,8.708300010766834,4.978999990271404,1.9529999990481883,0.0,True,ok,4211,4211
4714,34,3.4000000000000004,39,215970.0737214,215970.0835626,8.720299985725433,9.841199993388727,5.449000018415973,1.996800012420863,0.0,True,ok,4198,4198
4715,35,3.5,39,215970.1073146,215970.116483,8.506599988322705,9.168399992631748,5.050999985542148,2.1889999916311353,0.0,True,ok,4125,4125
4716,36,3.6,39,215970.1405808,215970.1493748,8.19320001755841,8.793999993940815,4.822999995667487,2.1220000053290278,0.0,True,ok,4267,4267
4717,37,3.7,39,215970.1738088,215970.1825855,8.12810001662001,8.776700007729232,4.800299997441471,2.085499989334494,0.0,True,ok,3805,3805
4718,38,3.8000000000000003,39,215970.2070342,215970.2163562,8.541699993656948,9.321999998064712,5.100799986394122,2.2010999964550138,0.0,True,ok,3921,3921
4719,39,3.9000000000000004,39,215970.2401688,215970.2495935,8.859800000209361,9.424699994269758,4.981000005500391,2.4822000123094767,0.0,True,ok,3864,3864
4720,40,4.0,39,215970.2739835,215970.2831515,8.68080000509508,9.168000018689781,5.363000003853813,2.0653999818023294,0.0,True,ok,3828,3828
4721,41,4.1000000000000005,39,215970.3069053,215970.3158423,8.391700015636161,8.93700000597164,4.628199996659532,2.5083000073209405,0.0,True,ok,3659,3659
4722,42,4.2,39,215970.3403556,215970.3501834,8.872100006556138,9.827800007769838,5.016500013880432,2.515200001653284,33.45029999036342,True,ok,3989,3989
4723,43,4.3,39,215970.373804,215970.3848924,10.730800015153363,11.08840000233613,7.36209997558035,2.0478999940678477,0.0,True,ok,4294,4294
4724,44,4.4,39,215970.4071167,215970.4159957,8.389199996599928,8.879000000888482,4.858500004047528,2.204200020059943,33.31269999034703,True,ok,4623,4623
4725,45,4.5,39,215970.4405779,215970.4500708,9.053399990079924,9.492899989709258,5.078100017271936,2.4784999841358513,0.0,True,ok,4708,4708
4726,46,4.6000000000000005,39,215970.4739413,215970.4845577,9.86910000210628,10.616399988066405,6.294999999227002,2.0004000107292086,33.363399998052046,True,ok,4834,4834
4727,47,4.7,39,215970.507095,215970.5174836,9.956299996702,10.388599999714643,5.95309998607263,2.6766999799292535,0.0,True,ok,4677,4677
4728,48,4.800000000000001,39,215970.5404622,215970.5494811,8.333799982210621,9.018899989314377,4.851400008192286,2.158399991458282,0.0,True,ok,4591,4591
4729,49,4.9,39,215970.5738493,215970.5843236,9.801399981370196,10.474299982888624,6.357700010994449,2.141400007531047,0.0,True,ok,4442,4442
4730,50,5.0,39,215970.6071876,215970.616836,8.72069998877123,9.648400009609759,5.239599995547906,2.199600014137104,0.0,True,ok,4408,4408
4731,51,5.1000000000000005,39,215970.6402694,215970.6491866,8.211400010623038,8.917200000723824,4.707599990069866,2.195200009737164,0.0,True,ok,4418,4418
4732,52,5.2,39,215970.6735255,215970.6838767,9.549999987939373,10.351200005970895,6.183199991937727,2.017199993133545,0.0,True,ok,4600,4600
4733,53,5.300000000000001,39,215970.7068529,215970.7160159,8.424200001172721,9.162999980617315,5.090699996799231,1.993400015635416,0.0,True,ok,4489,4489
4734,54,5.4,39,215970.7404286,215970.7496023,8.64660000661388,9.173700003884733,5.273099988698959,2.0726000075228512,0.0,True,ok,4625,4625
4735,55,5.5,39,215970.7735629,215970.7840049,9.938999981386587,10.441999998874962,6.610500015085563,2.0343000069260597,0.0,True,ok,4379,4379
4736,56,5.6000000000000005,39,215970.8075347,215970.8170504,8.045999973546714,9.515699988696724,4.806999990250915,1.9846000068355352,0.0,True,ok,4212,4212
4737,57,5.7,39,215970.8403404,215970.8494725,8.467900013783947,9.132100007263944,4.977500007953495,2.227200020570308,0.0,True,ok,4229,4229
4738,58,5.800000000000001,39,215970.8739374,215970.8845911,10.130400012712926,10.653700010152534,5.599900003289804,3.15730000147596,0.0,True,ok,4294,4294
4739,59,5.9,39,215970.9069951,215970.9160129,8.440300007350743,9.017800010042265,4.85369999660179,2.249400014989078,0.0,True,ok,4337,4337
4740,60,6.0,39,215970.9403586,215970.9504981,9.41850000526756,10.139499994693324,4.671400005463511,3.4725999867077917,0.0,True,ok,4334,4334
4741,61,6.1000000000000005,39,215970.9740247,215970.9829749,8.444699982646853,8.950199990067631,4.963200015481561,2.2197999933268875,0.0,True,ok,4169,4169
4742,62,6.2,39,215971.0068301,215971.0167602,9.467700001550838,9.930100000929087,5.9070999850519,2.2806000197306275,0.0,True,ok,4172,4172
4743,63,6.300000000000001,39,215971.0402453,215971.04981,8.313800004543737,9.564699983457103,4.7525000118184835,2.3206000041682273,0.0,True,ok,4147,4147
4744,64,6.4,39,215971.0735981,215971.0841461,10.053800011519343,10.548000020207837,6.63759998860769,2.026100002694875,0.0,True,ok,4178,4178
4745,65,6.5,39,215971.1069507,215971.1168554,8.574300009058788,9.904700011247769,5.297800002153963,2.0006000122521073,0.0,True,ok,4169,4169
4746,66,6.6000000000000005,39,215971.1402968,215971.1490168,8.070799987763166,8.719999983441085,4.84780000988394,1.9693000067491084,0.0,True,ok,4168,4168
4747,67,6.7,39,215971.1738375,215971.1840948,9.569499990902841,10.257299989461899,6.085100001655519,2.2007999941706657,0.0,True,ok,4086,4086
4748,68,6.800000000000001,39,215971.2067946,215971.2157675,8.245799981523305,8.972899988293648,4.645199980586767,2.324200002476573,0.0,True,ok,4379,4379
4749,69,6.9,39,215971.2404018,215971.2498863,8.38010001461953,9.484500013059005,4.999700002372265,2.066099987132475,33.60719999182038,True,ok,4282,4282
4750,70,7.0,39,215971.2735907,215971.2842348,9.946400008630008,10.644099995261058,6.346800015307963,2.3167000035755336,0.0,True,ok,4247,4247
4751,71,7.1000000000000005,39,215971.3072135,215971.3183254,9.693800006061792,11.111900006653741,6.416100019123405,1.9690000044647604,0.0,True,ok,4354,4354
4752,72,7.2,39,215971.3402921,215971.3487463,7.825700013199821,8.454199996776879,4.66110001434572,1.879099989309907,0.0,True,ok,4628,4628
4753,73,7.300000000000001,39,215971.3735082,215971.3839241,9.902399993734434,10.415900003863499,6.515300017781556,1.9786999910138547,0.0,True,ok,4287,4287
4754,74,7.4,39,215971.407304,215971.4172124,8.585500007029623,9.908400010317564,4.985000006854534,2.279000007547438,0.0,True,ok,4455,4455
4755,75,7.5,39,215971.4403012,215971.449647,8.681200008140877,9.345800004666671,4.854900005739182,2.1112999820616096,0.0,True,ok,4560,4560
4756,76,7.6000000000000005,39,215971.4735232,215971.4840037,9.842500003287569,10.480500000994653,6.68789999326691,1.8351000035181642,0.0,True,ok,4662,4662
4757,77,7.7,39,215971.5072417,215971.5160034,8.307100011734292,8.761700009927154,4.975499992724508,2.0178999984636903,0.0,True,ok,4381,4381
4758,78,7.800000000000001,39,215971.5404154,215971.5491515,8.160500001395121,8.736099989619106,4.73809998948127,2.1167999948374927,0.0,True,ok,4350,4350
4759,79,7.9,39,215971.5737501,215971.5825946,8.15040001180023,8.844500000122935,4.879600019194186,2.031000010902062,33.33470001234673,True,ok,4058,4058
4760,80,8.0,39,215971.6071887,215971.6164955,8.86900001205504,9.306799998739734,5.090699996799231,2.3326000082306564,0.0,True,ok,4074,4074
4761,81,8.1,39,215971.6402836,215971.6490491,8.367400005226955,8.765500009758398,5.090299993753433,2.035399986198172,33.09489999082871,True,ok,4080,4080
4762,82,8.200000000000001,39,215971.6739166,215971.6846832,10.299599991412833,10.766599996713921,6.867799995234236,1.9844000053126365,0.0,True,ok,4288,4288
4763,83,8.3,39,215971.7070747,215971.7158534,8.107200002996251,8.778699993854389,4.897800012258813,1.9808999786619097,0.0,True,ok,4269,4269
4764,84,8.4,39,215971.7402285,215971.7498608,9.09399997908622,9.632299974327907,6.022300018230453,1.8807000014930964,33.15380000276491,True,ok,3996,3996
4765,85,8.5,39,215971.7736565,215971.782675,8.587099990108982,9.01849998626858,5.126899981405586,2.184899989515543,0.0,True,ok,4318,4318
4766,86,8.6,39,215971.8069016,215971.8151883,7.830600021407008,8.28670000191778,4.620399995474145,1.9474999862723053,0.0,True,ok,4410,4410
4767,87,8.700000000000001,39,215971.8404618,215971.8496465,8.264899981440976,9.184700000332668,5.056199996033683,1.9320999854244292,0.0,True,ok,4345,4345
4768,88,8.8,39,215971.8739567,215971.8830576,7.894100010162219,9.100900002522394,4.652800009353086,2.01500000548549,33.49490000982769,True,ok,3995,3995
4769,89,8.9,39,215971.9073908,215971.9159846,8.097099984297529,8.593799982918426,4.93080000160262,1.9554000173229724,0.0,True,ok,4114,4114
4770,90,9.0,39,215971.9401082,215971.9484474,7.894100010162219,8.339199994225055,4.570599994622171,2.0997999818064272,0.0,True,ok,4407,4407
4771,91,9.1,39,215971.9735975,215971.9841636,9.93269999162294,10.566099983407184,6.613200006540865,2.0622000156436116,0.0,True,ok,4504,4504
4772,92,9.200000000000001,39,215972.0072357,215972.0164087,8.698299992829561,9.172999998554587,5.208099988522008,2.2327000042423606,0.0,True,ok,4602,4602
4773,93,9.3,39,215972.0404755,215972.0496197,8.364000008441508,9.144200012087822,4.879300016909838,2.2382000170182437,0.0,True,ok,4719,4719
4774,94,9.4,39,215972.0740726,215972.0828559,8.310100005473942,8.783299999777228,4.821300011826679,2.213700005086139,0.0,True,ok,4623,4623
4775,95,9.5,39,215972.1070488,215972.1161298,8.369300019694492,9.080999996513128,4.946300003211945,2.162699995096773,0.0,True,ok,4555,4555
4776,96,9.600000000000001,39,215972.1404819,215972.1492179,8.256400004029274,8.736000017961487,4.853599995840341,2.1840000117663294,0.0,True,ok,4902,4902
4777,97,9.700000000000001,39,215972.1736325,215972.1856533,10.897500003920868,12.020800000755116,6.444400001782924,2.832099999068305,33.15060000750236,True,ok,4793,4793
4778,98,9.8,39,215972.2072121,215972.2156711,8.042700006626546,8.459000004222617,4.9260999949183315,1.8737999780569226,0.0,True,ok,4857,4857
4779,99,9.9,39,215972.240785,215972.2504206,8.502000011503696,9.635599999455735,5.314700014423579,1.962100010132417,0.0,True,ok,4985,4985
4780,100,10.0,39,215972.2734108,215972.2830767,8.709599991561845,9.66589999734424,5.288599990308285,2.135899994755164,0.0,True,ok,4973,4973
4781,101,10.100000000000001,39,215972.3069162,215972.3156426,8.34729999769479,8.726400003070012,5.102499999338761,2.027900016400963,0.0,True,ok,4507,4507
4782,102,10.200000000000001,39,215972.3405383,215972.349513,8.230599982198328,8.974700001999736,4.9906999920494854,1.9178999937139452,0.0,True,ok,4834,4834
4783,103,10.3,39,215972.3735576,215972.3845022,10.452299989992753,10.94460001331754,7.179200008977205,2.0266000065021217,0.0,True,ok,4943,4943
4784,104,10.4,39,215972.4069501,215972.4154953,8.05390000459738,8.545199991203845,4.793600004632026,2.0172999938949943,0.0,True,ok,5082,5082
4785,105,10.5,39,215972.4402387,215972.448803,8.093100012047216,8.564300020225346,4.867599986027926,2.0170999923720956,0.0,True,ok,4986,4986
4786,106,10.600000000000001,39,215972.4738364,215972.4837919,8.911300014005974,9.955500019714236,5.902000004425645,1.826499996241182,0.0,True,ok,5037,5037
4787,107,10.700000000000001,39,215972.506803,215972.5158316,8.383700012927875,9.028600004967302,4.950800008373335,2.210700011346489,0.0,True,ok,5162,5162
4788,108,10.8,39,215972.5402635,215972.5489372,8.019199973205104,8.673699980136007,4.801100003533065,2.048599999397993,0.0,True,ok,4884,4884
4789,109,10.9,39,215972.5736232,215972.5829814,8.887099975254387,9.358199982671067,5.647699988912791,2.033800003118813,0.0,True,ok,4890,4890
4790,110,11.0,39,215972.607001,215972.6161769,8.57399997767061,9.175899991532788,5.220999999437481,2.2052999993320554,0.0,True,ok,4848,4848
4791,111,11.100000000000001,39,215972.6404433,215972.6489189,7.864199986215681,8.475599985104054,4.777099995408207,1.9082000071648508,0.0,True,ok,5030,5030
4792,112,11.200000000000001,39,215972.6738129,215972.6847619,10.454799979925156,10.94899998861365,7.069100014632568,2.1656999888364226,0.0,True,ok,5114,5114
4793,113,11.3,39,215972.7070697,215972.7162776,8.733399998163804,9.207900002365932,5.189099989365786,2.272500016260892,0.0,True,ok,5293,5293
4794,114,11.4,39,215972.7402238,215972.7489978,8.084500004770234,8.7739999871701,4.833800019696355,2.0346000092104077,0.0,True,ok,5423,5423
4795,115,11.5,39,215972.7738502,215972.7828397,8.298100001411512,8.989499998278916,4.547499993350357,2.5277000095229596,0.0,True,ok,5340,5340
4796,116,11.600000000000001,39,215972.8069674,215972.8159469,8.225500001572073,8.979499980341643,5.016500013880432,2.0050000166520476,0.0,True,ok,5279,5279
4797,117,11.700000000000001,39,215972.8406429,215972.850153,8.866399992257357,9.510100004263222,5.033299996284768,2.3569000186398625,0.0,True,ok,5498,5498
4798,118,11.8,39,215972.8736815,215972.8850047,10.333599988371134,11.323199985781685,6.693000002996996,2.3492999898735434,0.0,True,ok,5517,5517
4799,119,11.9,39,215972.9071287,215972.9185717,10.59190000523813,11.442999995779246,7.138199987821281,2.230099984444678,0.0,True,ok,5266,5266
4800,0,0.0,40,215972.9427848,215972.9520322,8.032400015508756,9.247400012100115,4.65220000478439,2.2194000193849206,0.0,True,ok,4708,4708
4801,1,0.1,40,215972.9739137,215972.9844075,9.887899999739602,10.493799985852093,6.475100002717227,2.0998000109102577,0.0,True,ok,4681,4681
4802,2,0.2,40,215973.0068387,215973.0152446,7.9280000063590705,8.405900007346645,4.716600000392646,2.002399996854365,0.0,True,ok,4360,4360
4803,3,0.30000000000000004,40,215973.0403147,215973.0490201,8.231500018155202,8.705400017788634,4.806000011740252,2.0474000193644315,0.0,True,ok,4532,4532
4804,4,0.4,40,215973.0737454,215973.0827008,8.46879999153316,8.955400000559166,5.111400008900091,2.140600001439452,0.0,True,ok,4533,4533
4805,5,0.5,40,215973.1069671,215973.1158021,8.162499987520278,8.834999985992908,4.729600012069568,2.223999996203929,0.0,True,ok,4334,4334
4806,6,0.6000000000000001,40,215973.1405439,215973.1494817,7.669999991776422,8.937800012063235,4.660099977627397,1.800600002752617,0.0,True,ok,4462,4462
4807,7,0.7000000000000001,40,215973.1737794,215973.1831845,8.906500006560236,9.40509999054484,5.601500015472993,2.090699999826029,0.0,True,ok,4479,4479
4808,8,0.8,40,215973.2070909,215973.2155446,7.959600014146417,8.453700022073463,4.938600002788007,1.8387000018265098,0.0,True,ok,4534,4534
4809,9,0.9,40,215973.2404158,215973.2499205,8.991700015030801,9.504699992248788,5.705099989427254,2.0927000150550157,0.0,True,ok,4491,4491
4810,10,1.0,40,215973.2735177,215973.2831209,9.115300024859607,9.603200014680624,5.7348000118508935,2.1493000094778836,0.0,True,ok,4600,4600
4811,11,1.1,40,215973.306824,215973.3155116,8.183800004189834,8.687599998665974,5.000199977075681,1.9940999918617308,0.0,True,ok,4781,4781
4812,12,1.2000000000000002,40,215973.3404276,215973.3493518,8.207499980926514,8.924199995817617,5.011400004150346,1.9860999891534448,0.0,True,ok,5044,5044
4813,13,1.3,40,215973.3736503,215973.3849924,10.875800013309345,11.342100013280287,7.147099997382611,2.285099995788187,0.0,True,ok,4620,4620
4814,14,1.4000000000000001,40,215973.4070467,215973.4165924,8.487299986882135,9.545699984300882,5.000999983167276,2.25060002412647,0.0,True,ok,4785,4785
4815,15,1.5,40,215973.4403051,215973.4497052,8.381599996937439,9.400100010680035,5.122100003063679,2.026700007263571,33.258399984333664,True,ok,5045,5045
4816,16,1.6,40,215973.4739494,215973.4854468,11.054700007662177,11.497400002554059,6.696399999782443,3.0513999809045345,0.0,True,ok,5382,5382
4817,17,1.7000000000000002,40,215973.5071196,215973.5162377,8.46440001623705,9.118100017076358,4.746599995996803,2.438099996652454,0.0,True,ok,5312,5312
4818,18,1.8,40,215973.5405856,215973.5491288,8.082699991064146,8.543199975974858,4.949099995428696,1.8848999752663076,0.0,True,ok,5363,5363
4819,19,1.9000000000000001,40,215973.5737012,215973.5829125,8.783099998254329,9.211299999151379,5.308099993271753,2.169799990952015,0.0,True,ok,5455,5455
4820,20,2.0,40,215973.6068931,215973.6159021,8.374700002605096,9.009000001242384,4.937599995173514,2.213200001278892,0.0,True,ok,5508,5508
4821,21,2.1,40,215973.6404474,215973.6504578,8.884999988367781,10.010400001192465,4.810599988559261,2.4597000156063586,0.0,True,ok,5300,5300
4822,22,2.2,40,215973.6735241,215973.6848593,10.798100003739819,11.335199989844114,7.352799992077053,2.16760000330396,0.0,True,ok,5384,5384
4823,23,2.3000000000000003,40,215973.7068366,215973.716271,8.58439999865368,9.434400009922683,4.9937000148929656,2.287000010255724,0.0,True,ok,5355,5355
4824,24,2.4000000000000004,40,215973.7404759,215973.7504441,9.238900005584583,9.96820000000298,5.660900002112612,2.383699989877641,0.0,True,ok,5072,5072
4825,25,2.5,40,215973.7738351,215973.7825588,8.233000000473112,8.72370001161471,4.877999977907166,2.153400011593476,0.0,True,ok,4851,4851
4826,26,2.6,40,215973.8068483,215973.8148196,7.567599997855723,7.971299986820668,4.54409999656491,1.8217999895568937,0.0,True,ok,4933,4933
4827,27,2.7,40,215973.8404862,215973.8493955,8.347499999217689,8.909299998776987,4.90549998357892,2.1998999873176217,0.0,True,ok,4889,4889
4828,28,2.8000000000000003,40,215973.8739078,215973.8849625,10.603399976389483,11.054699978558347,7.249799993587658,2.1521000016946346,0.0,True,ok,4508,4508
4829,29,2.9000000000000004,40,215973.9072894,215973.9158995,8.07169999461621,8.610099990619346,4.739199997857213,2.104599989252165,0.0,True,ok,4516,4516
4830,30,3.0,40,215973.9403454,215973.9489291,7.824600004823878,8.583699993323535,4.7605000145267695,1.9029999966733158,33.05600001476705,True,ok,4326,4326
4831,31,3.1,40,215973.9739129,215973.9848751,10.40229998761788,10.962200001813471,6.7152999981772155,2.1240000205580145,0.0,True,ok,4407,4407
4832,32,3.2,40,215974.0069479,215974.0162968,8.650100004160777,9.34889999916777,4.96630000998266,2.0309000101406127,0.0,True,ok,4113,4113
4833,33,3.3000000000000003,40,215974.0401981,215974.0487265,8.05540001601912,8.528400008799508,4.878300009295344,2.030100004049018,0.0,True,ok,4211,4211
4834,34,3.4000000000000004,40,215974.0736936,215974.0823752,8.216599992010742,8.681600011186674,5.027500010328367,1.9863999914377928,0.0,True,ok,4198,4198
4835,35,3.5,40,215974.1070701,215974.116058,8.297700027469546,8.987900015199557,4.922899999655783,2.2464999929070473,0.0,True,ok,4125,4125
4836,36,3.6,40,215974.1405325,215974.1485666,7.638199982466176,8.034099999349564,4.508100013481453,2.008699986618012,0.0,True,ok,4267,4267
4837,37,3.7,40,215974.1734128,215974.1848576,10.792599990963936,11.444799980381504,7.675000000745058,1.961200003279373,0.0,True,ok,3805,3805
4838,38,3.8000000000000003,40,215974.2070347,215974.2157875,8.267900004284456,8.752800000365824,4.897100006928667,2.2425999923143536,0.0,True,ok,3921,3921
4839,39,3.9000000000000004,40,215974.2404231,215974.2490911,8.179099997505546,8.667999994941056,4.942699975799769,2.1106000058352947,0.0,True,ok,3864,3864
4840,40,4.0,40,215974.2739142,215974.283271,8.888499985914677,9.356800001114607,4.912700009299442,2.842599991708994,0.0,True,ok,3828,3828
4841,41,4.1000000000000005,40,215974.3068824,215974.3151667,7.892199995694682,8.284299983642995,4.7744000039529055,2.0324999932199717,0.0,True,ok,3659,3659
4842,42,4.2,40,215974.340583,215974.3496235,8.168600004864857,9.040499979164451,4.663800005801022,2.200899994932115,0.0,True,ok,3989,3989
4843,43,4.3,40,215974.3735552,215974.3828084,8.695299999089912,9.253199998056516,5.577000003540888,1.952299993718043,0.0,True,ok,4294,4294
4844,44,4.4,40,215974.4071137,215974.4169613,9.33570001507178,9.847600013017654,5.878600000869483,2.2496999881695956,0.0,True,ok,4623,4623
4845,45,4.5,40,215974.4404285,215974.4507861,9.595600015018135,10.357599996495992,6.108200002927333,2.3181999858934432,0.0,True,ok,4708,4708
4846,46,4.6000000000000005,40,215974.4735768,215974.482357,7.89400000940077,8.780200005276129,4.6780000266153365,2.0517999946605414,0.0,True,ok,4834,4834
4847,47,4.7,40,215974.5070989,215974.5162858,8.519900002283975,9.186899987980723,4.94409998646006,2.387599990470335,0.0,True,ok,4677,4677
4848,48,4.800000000000001,40,215974.5405211,215974.5497413,8.411199989495799,9.220200008712709,4.802599985850975,2.428500010864809,0.0,True,ok,4591,4591
4849,49,4.9,40,215974.5735502,215974.5835039,8.640400017611682,9.953700006008148,5.428999982541427,1.9908999965991825,0.0,True,ok,4442,4442
4850,50,5.0,40,215974.6070183,215974.6160147,8.294300001580268,8.99639999261126,4.751300002681091,2.351900009671226,0.0,True,ok,4408,4408
4851,51,5.1000000000000005,40,215974.6402047,215974.649105,8.26139998389408,8.900299988454208,4.904600005829707,2.1627999958582222,0.0,True,ok,4418,4418
4852,52,5.2,40,215974.6736763,215974.6839866,9.798899991437793,10.310299985576421,6.513000000268221,2.0456000056583434,0.0,True,ok,4600,4600
4853,53,5.300000000000001,40,215974.7070027,215974.7160574,8.118899975670502,9.054699999978766,4.901199979940429,2.047099987976253,0.0,True,ok,4489,4489
4854,54,5.4,40,215974.7404993,215974.7503157,9.30439998046495,9.816399979172274,4.759800009196624,3.311100008431822,0.0,True,ok,4625,4625
4855,55,5.5,40,215974.7737899,215974.7833774,9.075499983737245,9.58749998244457,5.604100006166846,2.2090999991633,0.0,True,ok,4379,4379
4856,56,5.6000000000000005,40,215974.8072253,215974.815658,7.864500017603859,8.432700007688254,4.734799993457273,1.975699997274205,0.0,True,ok,4212,4212
4857,57,5.7,40,215974.8405922,215974.8503588,9.074200002942234,9.766600007424131,4.9675000191200525,2.9366000089794397,0.0,True,ok,4229,4229
4858,58,5.800000000000001,40,215974.873904,215974.8838494,9.34740001684986,9.945400001015514,5.222299980232492,2.920700004324317,0.0,True,ok,4294,4294
4859,59,5.9,40,215974.9071981,215974.9163555,8.649099996546283,9.157399996183813,5.202100001042709,2.2299000120256096,0.0,True,ok,4337,4337
4860,60,6.0,40,215974.9404934,215974.9492064,8.179700002074242,8.712999988347292,4.755500005558133,2.252800011774525,0.0,True,ok,4334,4334
4861,61,6.1000000000000005,40,215974.973661,215974.984122,9.635199996409938,10.460999998031184,6.247100012842566,2.2071999846957624,0.0,True,ok,4169,4169
4862,62,6.2,40,215975.0071482,215975.0162639,8.287300006486475,9.115699998801574,5.016900016926229,2.0648999779950827,0.0,True,ok,4172,4172
4863,63,6.300000000000001,40,215975.0405853,215975.0510019,9.920599986799061,10.416599980089813,6.449600012274459,2.2916000161785632,0.0,True,ok,4147,4147
4864,64,6.4,40,215975.0739359,215975.0831551,8.16220001433976,9.219200001098216,4.942100000334904,1.8737000063993037,33.35059998789802,True,ok,4178,4178
4865,65,6.5,40,215975.106964,215975.1166947,9.260899998480454,9.730699995998293,6.042099994374439,2.014700003201142,0.0,True,ok,4169,4169
4866,66,6.6000000000000005,40,215975.1402482,215975.1490794,8.270499994978309,8.831199986161664,4.976099997293204,2.0493999763857573,33.28420000616461,True,ok,4168,4168
4867,67,6.7,40,215975.1738705,215975.1826174,8.009899989701807,8.746899984544143,4.7836999874562025,2.0420999790076166,0.0,True,ok,4086,4086
4868,68,6.800000000000001,40,215975.2068651,215975.2164115,8.267500001238659,9.546400018734857,4.876200022408739,2.1656000171788037,0.0,True,ok,4379,4379
4869,69,6.9,40,215975.2405938,215975.2496195,8.28950002323836,9.025700011989102,4.969399975379929,2.072899980703369,0.0,True,ok,4282,4282
4870,70,7.0,40,215975.2738394,215975.2827695,8.433899987721816,8.930099982535467,4.782200005138293,2.4058000126387924,0.0,True,ok,4247,4247
4871,71,7.1000000000000005,40,215975.3068224,215975.3156033,8.276000007754192,8.780900010606274,5.019899981562048,2.0411000004969537,0.0,True,ok,4354,4354
4872,72,7.2,40,215975.3403844,215975.3508211,9.970299986889586,10.436699987621978,5.152499972609803,3.554800001438707,0.0,True,ok,4628,4628
4873,73,7.300000000000001,40,215975.3737415,215975.3837954,9.35629999730736,10.053900012280792,6.082400010200217,2.055999997537583,0.0,True,ok,4287,4287
4874,74,7.4,40,215975.4068298,215975.4171342,9.728599980007857,10.304399998858571,4.651700000977144,3.7958999746479094,0.0,True,ok,4455,4455
4875,75,7.5,40,215975.4405732,215975.4493035,8.10740000451915,8.730300003662705,4.815899999812245,2.0560999982990324,0.0,True,ok,4560,4560
4876,76,7.6000000000000005,40,215975.4738654,215975.4839776,9.733299986692145,10.112199990544468,6.545799988089129,1.994000020204112,0.0,True,ok,4662,4662
4877,77,7.7,40,215975.5069787,215975.5167745,9.234400000423193,9.795799996936694,5.953499989118427,1.9298999977763742,0.0,True,ok,4381,4381
4878,78,7.800000000000001,40,215975.5402414,215975.5490424,8.342299988726154,8.800999989034608,4.691500012995675,2.411599998595193,0.0,True,ok,4350,4350
4879,79,7.9,40,215975.57398,215975.5831415,8.02430001203902,9.161500027403235,4.757699993206188,2.0515999931376427,0.0,True,ok,4058,4058
4880,80,8.0,40,215975.6070011,215975.6171138,9.428499994101003,10.112699994351715,6.146800005808473,2.0213999960105866,0.0,True,ok,4074,4074
4881,81,8.1,40,215975.6402664,215975.6493106,8.34000000031665,9.044200007338077,5.07300000754185,2.1111999813001603,0.0,True,ok,4080,4080
4882,82,8.200000000000001,40,215975.6738815,215975.6850489,9.958399983588606,11.167399992700666,6.178899988299236,2.2353999956976622,0.0,True,ok,4288,4288
4883,83,8.3,40,215975.7067468,215975.7163152,8.969999995315447,9.568400011630729,4.706400010036305,3.0187999946065247,0.0,True,ok,4269,4269
4884,84,8.4,40,215975.7401577,215975.749312,8.29840000369586,9.154300001682714,4.562899994198233,2.371899987338111,0.0,True,ok,3996,3996
4885,85,8.5,40,215975.77369,215975.7830688,8.823599986499175,9.378799994010478,5.329899984644726,2.2289000044111162,0.0,True,ok,4318,4318
4886,86,8.6,40,215975.8072278,215975.8168004,8.427599997958168,9.57260001450777,5.262000020593405,1.9385000050533563,33.53779998724349,True,ok,4410,4410
4887,87,8.700000000000001,40,215975.8400927,215975.8488151,8.120100013911724,8.722400001715869,4.8989000206347555,1.9471000123303384,0.0,True,ok,4345,4345
4888,88,8.8,40,215975.873592,215975.8843904,10.09999998495914,10.798400006024167,6.991000002017245,1.8945000192616135,0.0,True,ok,3995,3995
4889,89,8.9,40,215975.9070463,215975.9159933,8.440200006589293,8.946999994805083,5.149300006451085,2.071599999908358,0.0,True,ok,4114,4114
4890,90,9.0,40,215975.9402835,215975.9494163,8.630099997390062,9.132799983490258,4.439600015757605,2.0585999882314354,0.0,True,ok,4407,4407
4891,91,9.1,40,215975.9734926,215975.9845969,10.618500004056841,11.104300006991252,6.997499993303791,2.052900003036484,0.0,True,ok,4504,4504
4892,92,9.200000000000001,40,215976.0069352,215976.0165572,8.57400000677444,9.621999983210117,5.015800008550286,2.2698000248055905,33.44260001904331,True,ok,4602,4602
4893,93,9.3,40,215976.040596,215976.0492119,8.124500018311664,8.615900005679578,4.699600016465411,2.1345000131987035,0.0,True,ok,4719,4719
4894,94,9.4,40,215976.073467,215976.0833506,9.345500002382323,9.883599996101111,5.74419999611564,2.3259000154212117,0.0,True,ok,4623,4623
4895,95,9.5,40,215976.107189,215976.1179542,9.351699991384521,10.76519998605363,5.914100009249523,2.1541000169236213,0.0,True,ok,4555,4555
4896,96,9.600000000000001,40,215976.1403871,215976.1493227,8.30439999117516,8.93559999531135,4.855499981204048,2.055099990684539,0.0,True,ok,4902,4902
4897,97,9.700000000000001,40,215976.1738543,215976.1847073,10.365499998442829,10.853000014321879,6.834100000560284,2.0404999959282577,0.0,True,ok,4793,4793
4898,98,9.8,40,215976.2068958,215976.2157929,8.200500014936551,8.89710002229549,4.871900018770248,2.0497999794315547,0.0,True,ok,4857,4857
4899,99,9.9,40,215976.2405846,215976.2499524,8.920399995986372,9.367799997562543,5.584900005487725,2.032599993981421,0.0,True,ok,4985,4985
4900,100,10.0,40,215976.2735875,215976.2828166,8.343199995579198,9.229099989170209,5.178999999770895,1.8417999963276088,0.0,True,ok,4973,4973
4901,101,10.100000000000001,40,215976.3070898,215976.3158561,8.21840000571683,8.766300015849993,5.028300016419962,1.9417000003159046,0.0,True,ok,4507,4507
4902,102,10.200000000000001,40,215976.3401373,215976.3486109,8.021699992241338,8.473599998978898,4.623400018317625,1.9767000048886985,33.04750000825152,True,ok,4834,4834
4903,103,10.3,40,215976.3739366,215976.3846892,10.157599986996502,10.752600006526336,6.9515999930445105,1.8501000013202429,0.0,True,ok,4943,4943
4904,104,10.4,40,215976.4070821,215976.4158524,8.312599995406345,8.770300017204136,4.875799990259111,2.011900010984391,0.0,True,ok,5082,5082
4905,105,10.5,40,215976.4403259,215976.4492578,8.449999993899837,8.931899996241555,5.0054999883286655,2.0933000196237117,0.0,True,ok,4986,4986
4906,106,10.600000000000001,40,215976.4736347,215976.484443,10.096699988935143,10.80829999409616,6.5861999755725265,2.115500014042482,0.0,True,ok,5037,5037
4907,107,10.700000000000001,40,215976.5069898,215976.5161663,8.53859999915585,9.176499996101484,4.825300013180822,2.2032999841030687,0.0,True,ok,5162,5162
4908,108,10.8,40,215976.5405831,215976.5495356,8.237300004111603,8.952500007580966,4.620099993189797,2.3305999930016696,0.0,True,ok,4884,4884
4909,109,10.9,40,215976.5737962,215976.5829765,8.51050001801923,9.180299995932728,5.205100023886189,2.0169999916106462,0.0,True,ok,4890,4890
4910,110,11.0,40,215976.60698,215976.6172141,8.817900001304224,10.234099987428635,5.311800021445379,2.219299989519641,0.0,True,ok,4848,4848
4911,111,11.100000000000001,40,215976.6402408,215976.6489561,8.326899987878278,8.715299976756796,5.193299992242828,1.8167999805882573,0.0,True,ok,5030,5030
4912,112,11.200000000000001,40,215976.6737697,215976.6854583,10.518600000068545,11.688600003253669,6.639500003075227,2.164500008802861,33.52889997768216,True,ok,5114,5114
4913,113,11.3,40,215976.7071638,215976.7320905,24.32930000941269,24.92670001811348,20.650199992815033,2.257499989354983,0.0,True,ok,5293,5293
4914,114,11.4,40,215976.7401643,215976.7493641,8.712899987585843,9.199799998896196,5.174299993086606,2.1598000021185726,0.0,True,ok,5423,5423
4915,115,11.5,40,215976.7737782,215976.7847185,9.8541000043042,10.94030000967905,4.7950999869499356,3.6545000039041042,33.613900013733655,True,ok,5340,5340
4916,116,11.600000000000001,40,215976.8068825,215976.8159033,8.402600011322647,9.020800003781915,4.929099988657981,2.1606000082101673,0.0,True,ok,5279,5279
4917,117,11.700000000000001,40,215976.8406086,215976.8502488,8.915000013075769,9.640200005378574,5.291700013913214,2.2422999900300056,0.0,True,ok,5498,5498
4918,118,11.8,40,215976.8736533,215976.8849269,10.813000000780448,11.27360001555644,7.0863000000827014,2.187699981732294,0.0,True,ok,5517,5517
4919,119,11.9,40,215976.9067738,215976.9155809,8.206900005461648,8.807100006379187,4.756999987876043,2.117800002451986,33.120500011136755,True,ok,5266,5266
4920,0,0.0,41,215976.9425792,215976.9517503,8.731700014322996,9.17110001319088,4.750899999635294,2.1069000067654997,35.80539999529719,True,ok,4708,4708
4921,1,0.1,41,215976.9738812,215976.9842612,9.999600006267428,10.37999999243766,6.476300011854619,2.1508999925572425,0.0,True,ok,4681,4681
4922,2,0.2,41,215977.0072342,215977.0161469,8.278199995402247,8.912699995562434,5.021300021326169,1.9246999872848392,0.0,True,ok,4360,4360
4923,3,0.30000000000000004,41,215977.0405682,215977.051541,9.83789999736473,10.97279999521561,6.172499997774139,2.153400011593476,0.0,True,ok,4532,4532
4924,4,0.4,41,215977.0737601,215977.0825989,8.28499998897314,8.838799985824153,4.9159000045619905,2.0238000142853707,0.0,True,ok,4533,4533
4925,5,0.5,41,215977.1070431,215977.1160459,8.413400006247684,9.002800012240186,4.85069997375831,2.199200011091307,0.0,True,ok,4334,4334
4926,6,0.6000000000000001,41,215977.1402884,215977.1487173,7.9889000044204295,8.42890000785701,4.746400023577735,1.925100019434467,0.0,True,ok,4462,4462
4927,7,0.7000000000000001,41,215977.1737459,215977.1844259,10.072200006106868,10.679999977583066,6.699299992760643,2.044100023340434,0.0,True,ok,4479,4479
4928,8,0.8,41,215977.2067515,215977.215667,8.278300025267527,8.915500016883016,4.670800000894815,2.0887000137008727,0.0,True,ok,4534,4534
4929,9,0.9,41,215977.2405553,215977.2493324,8.308500022394583,8.77710001077503,4.9365999875590205,1.944500021636486,0.0,True,ok,4491,4491
4930,10,1.0,41,215977.2734387,215977.2832053,9.288699977332726,9.7665999783203,5.763300025137141,2.1741999953519553,0.0,True,ok,4600,4600
4931,11,1.1,41,215977.307105,215977.3170222,8.9014999975916,9.917199990013614,5.472100019687787,2.075099997455254,0.0,True,ok,4781,4781
4932,12,1.2000000000000002,41,215977.3401534,215977.3490035,8.174800022970885,8.850100013660267,4.850899975281209,1.8539000011514872,0.0,True,ok,5044,5044
4933,13,1.3,41,215977.3737311,215977.3831795,8.643400011351332,9.448400000110269,5.06549997953698,2.2376999841071665,0.0,True,ok,4620,4620
4934,14,1.4000000000000001,41,215977.4068537,215977.4157785,8.41989999753423,8.924800000386313,4.724200000055134,2.3483999830204993,0.0,True,ok,4785,4785
4935,15,1.5,41,215977.4406797,215977.4515971,10.158300021430477,10.917400009930134,6.552699982421473,2.1019999985583127,0.0,True,ok,5045,5045
4936,16,1.6,41,215977.4737158,215977.4844144,10.096500016516075,10.69860000279732,6.454899994423613,2.2603999823331833,0.0,True,ok,5382,5382
4937,17,1.7000000000000002,41,215977.5069278,215977.5160919,8.696100005181506,9.164100018097088,5.165899987332523,2.0896999922115356,33.21199998026714,True,ok,5312,5312
4938,18,1.8,41,215977.5405128,215977.5498062,8.905299997422844,9.293399984017015,5.28790001408197,2.1749000006821007,0.0,True,ok,5363,5363
4939,19,1.9000000000000001,41,215977.5735313,215977.5839848,9.621800010791048,10.453499999130145,5.895799986319616,2.18979999772273,33.01849999115802,True,ok,5455,5455
4940,20,2.0,41,215977.6070707,215977.6160612,8.339399995747954,8.99050000589341,4.715499992016703,2.2470999974757433,0.0,True,ok,5508,5508
4941,21,2.1,41,215977.6404429,215977.6493002,8.289299992611632,8.857299981173128,4.797100002178922,1.9082999788224697,0.0,True,ok,5300,5300
4942,22,2.2,41,215977.6738763,215977.6851847,10.587700002361089,11.308400018606335,6.606599985389039,2.4416999949608,0.0,True,ok,5384,5384
4943,23,2.3000000000000003,41,215977.7072357,215977.7190025,11.067999992519617,11.76679998752661,5.011100001865998,4.626299982191995,0.0,True,ok,5355,5355
4944,24,2.4000000000000004,41,215977.7402704,215977.7493701,8.651800017105415,9.099699993385002,5.066200013970956,2.2117999906186014,0.0,True,ok,5072,5072
4945,25,2.5,41,215977.773676,215977.7832533,8.750800014240667,9.577299992088228,5.11900000856258,2.2649000165984035,0.0,True,ok,4851,4851
4946,26,2.6,41,215977.8068303,215977.8162434,8.584199997130781,9.413100022356957,5.196599988266826,2.0126000163145363,0.0,True,ok,4933,4933
4947,27,2.7,41,215977.8404822,215977.8496794,8.476600021822378,9.197200008202344,5.070900020655245,1.9854999845847487,0.0,True,ok,4889,4889
4948,28,2.8000000000000003,41,215977.8736667,215977.8859998,11.821899999631569,12.333099992247298,7.103799987817183,3.329300001496449,0.0,True,ok,4508,4508
4949,29,2.9000000000000004,41,215977.9072004,215977.9164852,8.515599998645484,9.284800005843863,5.009899992728606,2.112500020302832,0.0,True,ok,4516,4516
4950,30,3.0,41,215977.9402493,215977.9505282,9.464799979468808,10.278899979311973,4.49960000696592,3.399400011403486,0.0,True,ok,4326,4326
4951,31,3.1,41,215977.9738037,215977.9842346,9.787699993466958,10.430900001665577,6.516599998576567,1.9486999954096973,0.0,True,ok,4407,4407
4952,32,3.2,41,215978.0072628,215978.0163947,8.619300002465025,9.131900005741045,5.206200003158301,2.0955999789293855,0.0,True,ok,4113,4113
4953,33,3.3000000000000003,41,215978.0405829,215978.0511263,9.37870002235286,10.543400014284998,6.048899987945333,2.003000001423061,0.0,True,ok,4211,4211
4954,34,3.4000000000000004,41,215978.0741848,215978.083086,8.086299989372492,8.901199995307252,4.599299980327487,2.0151000062469393,0.0,True,ok,4198,4198
4955,35,3.5,41,215978.1066778,215978.1160246,8.875800005625933,9.346799983177334,4.594300000462681,2.2455999860540032,0.0,True,ok,4125,4125
4956,36,3.6,41,215978.140371,215978.1493124,8.321200002683327,8.94140001037158,4.6725000138394535,2.387899992754683,0.0,True,ok,4267,4267
4957,37,3.7,41,215978.1739615,215978.1844983,9.662199998274446,10.536799993133172,6.530999991809949,1.8416999955661595,0.0,True,ok,3805,3805
4958,38,3.8000000000000003,41,215978.2069518,215978.2160846,8.592400001361966,9.132799983490258,4.818899993551895,2.4498999991919845,0.0,True,ok,3921,3921
4959,39,3.9000000000000004,41,215978.240248,215978.2490357,8.314299979247153,8.787700004177168,4.977899981895462,2.076500008115545,0.0,True,ok,3864,3864
4960,40,4.0,41,215978.2737395,215978.2831086,8.781300013652071,9.369100007461384,5.406600015703589,2.0592999935615808,0.0,True,ok,3828,3828
4961,41,4.1000000000000005,41,215978.3071881,215978.3164719,8.884800015948713,9.28379999822937,4.68039998668246,2.217500004917383,0.0,True,ok,3659,3659
4962,42,4.2,41,215978.3407062,215978.3496949,8.513600012520328,8.988700021291152,4.7559000086039305,2.471899992087856,0.0,True,ok,3989,3989
4963,43,4.3,41,215978.3735916,215978.3845898,10.297300003003329,10.998200014000759,7.053400011500344,1.909899991005659,0.0,True,ok,4294,4294
4964,44,4.4,41,215978.4068709,215978.4154934,8.0110999988392,8.622499997727573,4.397999990032986,2.227299992227927,0.0,True,ok,4623,4623
4965,45,4.5,41,215978.4402959,215978.449702,8.668499998748302,9.406099998159334,4.6901000023353845,2.4087999772746116,0.0,True,ok,4708,4708
4966,46,4.6000000000000005,41,215978.4736803,215978.4826003,8.313600003020838,8.919999992940575,5.013300018617883,1.9375999982003123,0.0,True,ok,4834,4834
4967,47,4.7,41,215978.5074141,215978.5165614,8.417500008363277,9.147300006588921,4.947999987052754,2.1038000122644007,33.733799995388836,True,ok,4677,4677
4968,48,4.800000000000001,41,215978.5401911,215978.5487137,7.986600016010925,8.522599993739277,4.684700019424781,1.9081000064034015,0.0,True,ok,4591,4591
4969,49,4.9,41,215978.5737281,215978.5826685,8.376399986445904,8.940400002757087,5.051000014645979,1.9990000000689179,0.0,True,ok,4442,4442
4970,50,5.0,41,215978.6071493,215978.6162422,8.580699999583885,9.092899999814108,5.0060999928973615,2.232999977422878,0.0,True,ok,4408,4408
4971,51,5.1000000000000005,41,215978.6405619,215978.6499515,8.754200011026114,9.389599988935515,5.070899991551414,2.2388000215869397,0.0,True,ok,4418,4418
4972,52,5.2,41,215978.673911,215978.6835543,8.745200000703335,9.643299999879673,4.932099982397631,2.212199993664399,0.0,True,ok,4600,4600
4973,53,5.300000000000001,41,215978.7068856,215978.7158089,8.221599971875548,8.923299988964573,4.882300010649487,2.054300013696775,0.0,True,ok,4489,4489
4974,54,5.4,41,215978.7404385,215978.7501692,8.633000019472092,9.730699995998293,5.12039999011904,2.1624000219162554,0.0,True,ok,4625,4625
4975,55,5.5,41,215978.7737483,215978.7830546,8.799600007478148,9.306299994932488,5.272100010188296,2.2255000076256692,0.0,True,ok,4379,4379
4976,56,5.6000000000000005,41,215978.8072103,215978.8173906,9.107199992286041,10.180299985222518,4.837999993469566,2.932499977760017,33.4619999921415,True,ok,4212,4212
4977,57,5.7,41,215978.8403032,215978.8493362,8.476899995002896,9.032999980263412,5.036899994593114,2.1770999883301556,0.0,True,ok,4229,4229
4978,58,5.800000000000001,41,215978.8736282,215978.8825861,8.405700005823746,8.957899990491569,4.732399975182489,2.3003999958746135,0.0,True,ok,4294,4294
4979,59,5.9,41,215978.907182,215978.9179226,9.336599992820993,10.740600002463907,5.895000009331852,2.066099987132475,0.0,True,ok,4337,4337
4980,60,6.0,41,215978.9401846,215978.949875,9.19319997774437,9.690399980172515,5.770099989604205,2.136600000085309,0.0,True,ok,4334,4334
4981,61,6.1000000000000005,41,215978.9739118,215978.9827294,8.311400015372783,8.817599999019876,4.698799981269985,2.2504000226035714,0.0,True,ok,4169,4169
4982,62,6.2,41,215979.0071138,215979.0161522,8.531700004823506,9.038399992277846,4.995399998733774,2.2170000011101365,0.0,True,ok,4172,4172
4983,63,6.300000000000001,41,215979.040409,215979.0493604,8.383500011404976,8.951399999205023,4.899799998383969,2.156200003810227,0.0,True,ok,4147,4147
4984,64,6.4,41,215979.0737467,215979.0841541,9.915200003888458,10.407399997347966,6.576199986739084,2.0864999969489872,0.0,True,ok,4178,4178
4985,65,6.5,41,215979.1069333,215979.1170508,9.591400012141094,10.117500001797453,6.249199999729171,1.9882000051438808,0.0,True,ok,4169,4169
4986,66,6.6000000000000005,41,215979.1401939,215979.1488828,8.17689998075366,8.688899979460984,4.8408000147901475,2.023300010478124,0.0,True,ok,4168,4168
4987,67,6.7,41,215979.1735629,215979.1841196,10.053499980131164,10.556699999142438,6.801400013500825,1.9165999838151038,0.0,True,ok,4086,4086
4988,68,6.800000000000001,41,215979.2071406,215979.2158696,8.244199998443946,8.729000022867694,4.838200024096295,2.057100005913526,0.0,True,ok,4379,4379
4989,69,6.9,41,215979.2403892,215979.2497619,8.462199999485165,9.37270000576973,4.947199980961159,2.16459998046048,0.0,True,ok,4282,4282
4990,70,7.0,41,215979.2738179,215979.2833099,8.828699996229261,9.492000011960045,4.834200022742152,2.4018999829422683,33.428700000513345,True,ok,4247,4247
4991,71,7.1000000000000005,41,215979.306844,215979.3158217,8.23179999133572,8.977699995739385,4.850399971473962,2.062000014120713,0.0,True,ok,4354,4354
4992,72,7.2,41,215979.3404731,215979.3494305,8.468000014545396,8.957400015788153,5.149800010258332,2.0018000213894993,0.0,True,ok,4628,4628
4993,73,7.300000000000001,41,215979.3738695,215979.3839197,9.142299997620285,10.050199984107167,5.718599975807592,2.11719999788329,0.0,True,ok,4287,4287
4994,74,7.4,41,215979.4071444,215979.4158543,8.227499987697229,8.709899993846193,4.905200010398403,1.9743000157177448,0.0,True,ok,4455,4455
4995,75,7.5,41,215979.4403013,215979.4490594,8.13120001112111,8.758100011618808,4.723599995486438,1.9739000126719475,0.0,True,ok,4560,4560
4996,76,7.6000000000000005,41,215979.4734249,215979.4820042,8.0199999792967,8.579299988923594,4.702500009443611,2.018099999986589,0.0,True,ok,4662,4662
4997,77,7.7,41,215979.5073776,215979.5182413,9.52069999766536,10.863699979381636,6.305299990344793,1.9221999973524362,0.0,True,ok,4381,4381
4998,78,7.800000000000001,41,215979.5401837,215979.5512129,9.888800006592646,11.029199988115579,6.527799996547401,2.0684000046458095,0.0,True,ok,4350,4350
4999,79,7.9,41,215979.5738902,215979.5827869,8.414499985519797,8.896699990145862,5.259799974737689,1.8408999894745648,0.0,True,ok,4058,4058
5000,80,8.0,41,215979.606912,215979.6159488,8.327899995492771,9.036800009198487,4.908000002615154,2.1095999982208014,0.0,True,ok,4074,4074
5001,81,8.1,41,215979.6403987,215979.6501222,8.691600000020117,9.723499999381602,5.473199998959899,1.9672000198625028,0.0,True,ok,4080,4080
5002,82,8.200000000000001,41,215979.6735922,215979.6855092,10.73129998985678,11.916999996174127,6.739499978721142,2.577100007329136,0.0,True,ok,4288,4288
5003,83,8.3,41,215979.7071547,215979.717941,9.522100008325651,10.786300001200289,5.610200023511425,2.5830000231508166,0.0,True,ok,4269,4269
5004,84,8.4,41,215979.7401164,215979.7490476,8.470000000670552,8.93119999091141,5.008300009649247,2.097199991112575,0.0,True,ok,3996,3996
5005,85,8.5,41,215979.7737327,215979.7845025,9.436599997570738,10.76979999197647,5.83460001507774,2.2496999881695956,0.0,True,ok,4318,4318
5006,86,8.6,41,215979.8067906,215979.8154384,8.05699999909848,8.647799986647442,4.524300020420924,2.0329999970272183,0.0,True,ok,4410,4410
5007,87,8.700000000000001,41,215979.8402315,215979.8501976,9.095699992030859,9.966099984012544,5.678699992131442,1.9708999898284674,0.0,True,ok,4345,4345
5008,88,8.8,41,215979.8738988,215979.8846462,9.914299997035414,10.747399996034801,6.614900019485503,2.0260000019334257,0.0,True,ok,3995,3995
5009,89,8.9,41,215979.9070095,215979.9169788,9.360600000945851,9.969300008378923,5.381800001487136,2.6762000052258372,0.0,True,ok,4114,4114
5010,90,9.0,41,215979.9404595,215979.9491153,8.143199986079708,8.655799989355728,4.815799999050796,2.0342000061646104,0.0,True,ok,4407,4407
5011,91,9.1,41,215979.9734714,215979.9847579,10.642800014466047,11.286499997368082,6.61389998276718,2.6809000119101256,0.0,True,ok,4504,4504
5012,92,9.200000000000001,41,215980.0070545,215980.0165969,8.32819999777712,9.542400017380714,4.943000007187948,2.0955000072717667,0.0,True,ok,4602,4602
5013,93,9.3,41,215980.0405418,215980.0493827,8.354199992027134,8.840900001814589,4.801999981282279,2.2253999777603894,0.0,True,ok,4719,4719
5014,94,9.4,41,215980.0738122,215980.0832496,8.19319998845458,9.437400003662333,4.6830000064801425,2.199900016421452,0.0,True,ok,4623,4623
5015,95,9.5,41,215980.1068221,215980.1155224,8.01410002168268,8.700300008058548,4.46850000298582,2.2625999990850687,0.0,True,ok,4555,4555
5016,96,9.600000000000001,41,215980.140489,215980.1506182,9.678499976871535,10.129199974471703,6.370999995851889,2.0260000019334257,0.0,True,ok,4902,4902
5017,97,9.700000000000001,41,215980.1739425,215980.1855061,11.078600015025586,11.563600011868402,6.998199998633936,2.3028999858070165,0.0,True,ok,4793,4793
5018,98,9.8,41,215980.2067667,215980.2152728,8.037899999180809,8.506100013619289,4.733000008855015,2.0105000003241003,0.0,True,ok,4857,4857
5019,99,9.9,41,215980.240182,215980.24893,8.22439999319613,8.747999992920086,4.835400002775714,2.0484999986365438,0.0,True,ok,4985,4985
5020,100,10.0,41,215980.2739695,215980.2825033,8.039599983021617,8.533799991710111,4.890000011073425,1.8432000069878995,0.0,True,ok,4973,4973
5021,101,10.100000000000001,41,215980.3071069,215980.3155727,8.086799993179739,8.46579999779351,4.928900016238913,1.9041000050492585,0.0,True,ok,4507,4507
5022,102,10.200000000000001,41,215980.3403792,215980.3493284,7.732600002782419,8.949200011556968,4.650399991078302,1.832999987527728,0.0,True,ok,4834,4834
5023,103,10.3,41,215980.373602,215980.3847662,10.490100015886128,11.164199997438118,7.193900004494935,2.0241999882273376,0.0,True,ok,4943,4943
5024,104,10.4,41,215980.4070191,215980.4167278,9.219200001098216,9.708700003102422,5.778499995358288,2.121500001521781,0.0,True,ok,5082,5082
5025,105,10.5,41,215980.440536,215980.4506424,8.789100014837459,10.106400004588068,5.259400000795722,2.135999995516613,0.0,True,ok,4986,4986
5026,106,10.600000000000001,41,215980.4736659,215980.4843772,10.228200000710785,10.711299983086064,6.741999997757375,2.0972999918740243,0.0,True,ok,5037,5037
5027,107,10.700000000000001,41,215980.5068964,215980.516215,8.72080001863651,9.318600001279265,4.608700022799894,2.7676000026986003,0.0,True,ok,5162,5162
5028,108,10.8,41,215980.5403754,215980.549098,8.10739997541532,8.722599974134937,4.819400026462972,2.0936999935656786,0.0,True,ok,4884,4884
5029,109,10.9,41,215980.5735968,215980.5822111,8.052699995459989,8.614299993496388,4.904300003545359,1.901299983728677,0.0,True,ok,4890,4890
5030,110,11.0,41,215980.6073267,215980.6178157,9.37110002269037,10.489000007510185,5.932500003837049,2.231699996627867,0.0,True,ok,4848,4848
5031,111,11.100000000000001,41,215980.6405748,215980.6490458,8.053199999267235,8.471000008285046,4.8353000020142645,1.9901999912690371,0.0,True,ok,5030,5030
5032,112,11.200000000000001,41,215980.6739473,215980.684867,10.024299990618601,10.919699998339638,6.610400014324114,2.1594999998342246,0.0,True,ok,5114,5114
5033,113,11.3,41,215980.7070666,215980.7159572,8.253500011051074,8.890600001905113,4.781900002853945,2.1871000062674284,0.0,True,ok,5293,5293
5034,114,11.4,41,215980.740333,215980.7504007,8.952999982284382,10.067700000945479,5.051000014645979,2.4575999996159226,0.0,True,ok,5423,5423
5035,115,11.5,41,215980.7738877,215980.7830209,8.290099998703226,9.133200015639886,4.98549998155795,2.0062999974470586,0.0,True,ok,5340,5340
5036,116,11.600000000000001,41,215980.8067539,215980.8152624,7.95169998309575,8.508500002790242,4.5405999990180135,2.1628999966196716,0.0,True,ok,5279,5279
5037,117,11.700000000000001,41,215980.8404397,215980.8502705,8.98439998854883,9.830800001509488,5.38570000207983,2.2031000116840005,33.68580000824295,True,ok,5498,5498
5038,118,11.8,41,215980.8737185,215980.8848442,9.97409998672083,11.125699995318428,6.4198000181932,2.2711000056006014,0.0,True,ok,5517,5517
5039,119,11.9,41,215980.907016,215980.9158226,8.141800004523247,8.80660000257194,4.724300000816584,2.126000006683171,0.0,True,ok,5266,5266
5040,0,0.0,42,215980.9443974,215980.9531238,8.214599976781756,8.726400003070012,4.682900005718693,2.27580001228489,37.381399975856766,True,ok,4708,4708
5041,1,0.1,42,215980.9736112,215980.9846457,10.376799997175112,11.034499999368563,6.921699998201802,2.133700007107109,0.0,True,ok,4681,4681
5042,2,0.2,42,215981.0071357,215981.0160804,8.47190001513809,8.944700006395578,5.127600015839562,2.078000019537285,0.0,True,ok,4360,4360
5043,3,0.30000000000000004,42,215981.0402329,215981.0487806,7.976199995027855,8.547699981136248,4.5541999861598015,2.1720000077039003,0.0,True,ok,4532,4532
5044,4,0.4,42,215981.073426,215981.0826078,8.51620000321418,9.181800007354468,5.246599990641698,2.027900016400963,0.0,True,ok,4533,4533
5045,5,0.5,42,215981.107101,215981.11614,8.533799991710111,9.038999996846542,5.024500016588718,2.241299982415512,33.67500001331791,True,ok,4334,4334
5046,6,0.6000000000000001,42,215981.1401181,215981.1494414,8.866299991495907,9.323299978859723,5.490499985171482,1.9811999809462577,0.0,True,ok,4462,4462
5047,7,0.7000000000000001,42,215981.1737018,215981.1848127,10.400099999969825,11.110899999039248,7.145099982153624,1.9925999804399908,0.0,True,ok,4479,4479
5048,8,0.8,42,215981.2069629,215981.216782,9.239600010914728,9.819099999731407,5.415699997683987,2.3809999984223396,0.0,True,ok,4534,4534
5049,9,0.9,42,215981.2404526,215981.2503896,8.812699990812689,9.93699999526143,5.1626999920699745,2.015799982473254,0.0,True,ok,4491,4491
5050,10,1.0,42,215981.2736095,215981.2841058,9.948799997800961,10.496300004888326,5.119400011608377,3.535300027579069,0.0,True,ok,4600,4600
5051,11,1.1,42,215981.3072065,215981.316545,8.552600018447265,9.33850000728853,5.265199986752123,2.034400007687509,0.0,True,ok,4781,4781
5052,12,1.2000000000000002,42,215981.340477,215981.3493405,8.436699979938567,8.863499999279156,5.034899979364127,2.113800001097843,0.0,True,ok,5044,5044
5053,13,1.3,42,215981.3740533,215981.3848522,9.4970999925863,10.798899980727583,6.105999986175448,2.1815999934915453,0.0,True,ok,4620,4620
5054,14,1.4000000000000001,42,215981.407057,215981.4162479,8.312099991599098,9.190899989334866,4.810099984752014,2.212299994425848,0.0,True,ok,4785,4785
5055,15,1.5,42,215981.4401481,215981.4490724,8.44069998129271,8.924299996579066,5.0879999762400985,2.1069000067654997,0.0,True,ok,5045,5045
5056,16,1.6,42,215981.4735798,215981.484773,10.62030001776293,11.193200014531612,6.8931999849155545,2.3908999864943326,0.0,True,ok,5382,5382
5057,17,1.7000000000000002,42,215981.5071024,215981.5160658,8.454700000584126,8.963400003267452,5.111000005854294,1.9560999935492873,0.0,True,ok,5312,5312
5058,18,1.8,42,215981.5406384,215981.550615,9.12969998898916,9.976599976653233,4.967600019881502,2.7637000021059066,33.53600000264123,True,ok,5363,5363
5059,19,1.9000000000000001,42,215981.5737734,215981.5833442,8.902199973817915,9.570799971697852,5.071399995358661,2.296199992997572,0.0,True,ok,5455,5455
5060,20,2.0,42,215981.6072693,215981.6166292,8.304199989652261,9.359899995615706,4.8633999831508845,2.1733000176027417,33.49589998833835,True,ok,5508,5508
5061,21,2.1,42,215981.6404487,215981.6495618,8.421100006671622,9.113100008107722,5.112600018037483,2.0336999732535332,0.0,True,ok,5300,5300
5062,22,2.2,42,215981.6737691,215981.6838774,9.035600000061095,10.108300019055605,5.527699977392331,2.18390001100488,0.0,True,ok,5384,5384
5063,23,2.3000000000000003,42,215981.7070923,215981.7178142,9.792400000151247,10.721900005592033,5.104400013806298,3.236399992601946,0.0,True,ok,5355,5355
5064,24,2.4000000000000004,42,215981.7404999,215981.7494456,8.457599993562326,8.945699984906241,5.0042999791912735,2.1982000034768134,0.0,True,ok,5072,5072
5065,25,2.5,42,215981.7739523,215981.7834347,9.026399988215417,9.482399997068569,4.836100008105859,2.914800017606467,0.0,True,ok,4851,4851
5066,26,2.6,42,215981.806801,215981.8155179,8.171199995558709,8.716899988939986,4.879499989328906,2.041500003542751,0.0,True,ok,4933,4933
5067,27,2.7,42,215981.8405195,215981.8499542,8.171699999365956,9.434700012207031,4.873700003372505,2.0034000044688582,0.0,True,ok,4889,4889
5068,28,2.8000000000000003,42,215981.8736346,215981.8849081,10.545199998887256,11.27350001479499,7.16360000660643,2.1356000215746462,0.0,True,ok,4508,4508
5069,29,2.9000000000000004,42,215981.9068063,215981.9157037,7.981100003235042,8.897400024579838,4.743800003780052,2.0052000181749463,0.0,True,ok,4516,4516
5070,30,3.0,42,215981.9405433,215981.9488444,7.800499995937571,8.301099995151162,4.747599974507466,1.878799987025559,0.0,True,ok,4326,4326
5071,31,3.1,42,215981.9735551,215981.9844012,10.035799990873784,10.846099990885705,6.95169999380596,1.876599999377504,0.0,True,ok,4407,4407
5072,32,3.2,42,215982.0071127,215982.0165739,9.008599998196587,9.461200010264292,5.908899998757988,1.9057999888900667,0.0,True,ok,4113,4113
5073,33,3.3000000000000003,42,215982.040407,215982.0493204,7.984500000020489,8.91340000089258,4.772500018589199,2.0329999970272183,0.0,True,ok,4211,4211
5074,34,3.4000000000000004,42,215982.073663,215982.0835055,9.27769998088479,9.842500003287569,5.5859000131022185,2.505700016627088,0.0,True,ok,4198,4198
5075,35,3.5,42,215982.1068019,215982.1161404,8.217299997340888,9.33850000728853,4.867599986027926,2.212199993664399,0.0,True,ok,4125,4125
5076,36,3.6,42,215982.1404479,215982.1498408,8.576699998229742,9.392900014063343,5.258100020000711,2.1807000157423317,0.0,True,ok,4267,4267
5077,37,3.7,42,215982.1735338,215982.1847109,10.704900021664798,11.177100008353591,7.568899978650734,1.9745000172406435,0.0,True,ok,3805,3805
5078,38,3.8000000000000003,42,215982.2068568,215982.2157941,8.242699987022206,8.937299979152158,4.963799990946427,2.1118999866303056,0.0,True,ok,3921,3921
5079,39,3.9000000000000004,42,215982.2404955,215982.2507211,9.368999977596104,10.225599980913103,4.803699994226918,3.362700022989884,33.63869999884628,True,ok,3864,3864
5080,40,4.0,42,215982.2736138,215982.2831573,8.949999988544732,9.543499996652827,5.631300009554252,2.167300001019612,0.0,True,ok,3828,3828
5081,41,4.1000000000000005,42,215982.3070154,215982.3157278,7.709900004556403,8.712400012882426,4.769399994984269,1.8714000179897994,33.40159999788739,True,ok,3659,3659
5082,42,4.2,42,215982.340288,215982.3523193,10.821900010341778,12.031299993395805,5.334099987521768,4.204199998639524,0.0,True,ok,3989,3989
5083,43,4.3,42,215982.3734209,215982.3849684,11.091499996837229,11.547500005690381,7.684699987294152,2.070799993816763,0.0,True,ok,4294,4294
5084,44,4.4,42,215982.406946,215982.4160173,8.321700006490573,9.071300009964034,4.971699992893264,2.195900015067309,0.0,True,ok,4623,4623
5085,45,4.5,42,215982.4405254,215982.4515832,9.813299984671175,11.057800002163276,6.276200001593679,2.3367999820038676,0.0,True,ok,4708,4708
5086,46,4.6000000000000005,42,215982.4738943,215982.4843591,9.967099991627038,10.464799997862428,5.557800002861768,2.7765999839175493,0.0,True,ok,4834,4834
5087,47,4.7,42,215982.5071759,215982.5160666,8.365399989997968,8.890699973562732,4.9220999935641885,2.2130999714136124,0.0,True,ok,4677,4677
5088,48,4.800000000000001,42,215982.5402952,215982.5488024,8.008800010429695,8.507200021995232,4.906899994239211,1.969899982213974,0.0,True,ok,4591,4591
5089,49,4.9,42,215982.5736943,215982.5843695,10.177399992244318,10.675199999241158,6.760899996152148,2.204299991717562,0.0,True,ok,4442,4442
5090,50,5.0,42,215982.6071092,215982.61605,8.231100015109405,8.940800005802885,4.896300000837073,2.1997000148985535,0.0,True,ok,4408,4408
5091,51,5.1000000000000005,42,215982.6404975,215982.6493602,8.294500003103167,8.862700022291392,4.852499987464398,2.202900010161102,0.0,True,ok,4418,4418
5092,52,5.2,42,215982.6738408,215982.6829905,8.171800000127405,9.149699995759875,5.051799991633743,1.947999990079552,0.0,True,ok,4600,4600
5093,53,5.300000000000001,42,215982.7071195,215982.7160395,8.405400003539398,8.919999992940575,5.048799997894093,2.201800001785159,0.0,True,ok,4489,4489
5094,54,5.4,42,215982.740284,215982.7488659,7.9953999957069755,8.581900008721277,4.564499977277592,2.174399996874854,0.0,True,ok,4625,4625
5095,55,5.5,42,215982.7739953,215982.7836807,9.166400006506592,9.685400000307709,5.946499994024634,2.041200001258403,0.0,True,ok,4379,4379
5096,56,5.6000000000000005,42,215982.8070377,215982.8169619,8.568600023863837,9.924200014211237,5.118000000948086,1.985899987630546,0.0,True,ok,4212,4212
5097,57,5.7,42,215982.8404871,215982.8495492,8.32230001105927,9.062099998118356,4.920300008961931,2.2225999855436385,0.0,True,ok,4229,4229
5098,58,5.800000000000001,42,215982.8738624,215982.8836764,9.300700010498986,9.81399999000132,5.687600001692772,2.308499999344349,0.0,True,ok,4294,4294
5099,59,5.9,42,215982.9069006,215982.916679,9.273699979530647,9.778399980859831,5.389600002672523,2.6298000011593103,0.0,True,ok,4337,4337
5100,60,6.0,42,215982.9402996,215982.9493299,8.488999999826774,9.03029998880811,4.805900010978803,2.366700005950406,0.0,True,ok,4334,4334
5101,61,6.1000000000000005,42,215982.9739095,215982.9838411,9.434300009161234,9.931600012350827,6.088800000725314,2.1914999815635383,0.0,True,ok,4169,4169
5102,62,6.2,42,215983.0069043,215983.0154297,7.98439999925904,8.525399985956028,4.748700011987239,2.0414000027813017,0.0,True,ok,4172,4172
5103,63,6.300000000000001,42,215983.0402208,215983.0493207,8.596800005761907,9.0998999949079,4.958200006512925,2.478300011716783,0.0,True,ok,4147,4147
5104,64,6.4,42,215983.073928,215983.0837602,9.339400014141575,9.832200012169778,5.87009999435395,2.332800009753555,0.0,True,ok,4178,4178
5105,65,6.5,42,215983.1071609,215983.1162136,8.530199993401766,9.05270001385361,5.188400013139471,1.9601999956648797,0.0,True,ok,4169,4169
5106,66,6.6000000000000005,42,215983.1400835,215983.1490261,8.147999993525445,8.942599990405142,4.914099990855902,2.0773000142071396,0.0,True,ok,4168,4168
5107,67,6.7,42,215983.1736461,215983.1841429,10.007599979871884,10.496799979591742,6.590800010599196,2.2140999790281057,0.0,True,ok,4086,4086
5108,68,6.800000000000001,42,215983.2072958,215983.2163691,8.425100008025765,9.07329999608919,4.989599983673543,2.241400012280792,0.0,True,ok,4379,4379
5109,69,6.9,42,215983.2405377,215983.2490651,8.053700003074482,8.527400001185015,4.977799981134012,1.882199983811006,0.0,True,ok,4282,4282
5110,70,7.0,42,215983.2737725,215983.2840901,9.612499998183921,10.317600012058392,6.1997000011615455,2.212899998994544,0.0,True,ok,4247,4247
5111,71,7.1000000000000005,42,215983.3069748,215983.3161546,8.677300007548183,9.179799992125481,4.976399999577552,2.275200007716194,0.0,True,ok,4354,4354
5112,72,7.2,42,215983.3403327,215983.3496639,8.090200019069016,9.33120000991039,4.901699983747676,1.9777999841608107,0.0,True,ok,4628,4628
5113,73,7.300000000000001,42,215983.3739267,215983.384039,9.404399985214695,10.112299991305918,6.115599971963093,2.112899994244799,0.0,True,ok,4287,4287
5114,74,7.4,42,215983.4070889,215983.4158063,8.014299994101748,8.717399992747232,4.806199984159321,2.0370999991428107,0.0,True,ok,4455,4455
5115,75,7.5,42,215983.4403274,215983.4488944,7.884299993747845,8.567000011680648,4.810199985513464,1.8736000056378543,0.0,True,ok,4560,4560
5116,76,7.6000000000000005,42,215983.4738643,215983.4840862,9.515800018562004,10.221900010947138,6.322300003375858,2.0437999919522554,0.0,True,ok,4662,4662
5117,77,7.7,42,215983.5070803,215983.5156876,8.121000020764768,8.607299998402596,5.014599999412894,1.9255000224802643,0.0,True,ok,4381,4381
5118,78,7.800000000000001,42,215983.5403957,215983.5487833,7.8125,8.387600013520569,4.634999990230426,1.9777000125031918,0.0,True,ok,4350,4350
5119,79,7.9,42,215983.5735173,215983.5849636,10.883000009926036,11.446299991803244,5.793899996206164,3.8812000129837543,0.0,True,ok,4058,4058
5120,80,8.0,42,215983.6070684,215983.6161933,8.604100003140047,9.124900010647252,4.877800005488098,2.313899982254952,0.0,True,ok,4074,4074
5121,81,8.1,42,215983.6405421,215983.6492304,8.220700023230165,8.688300003996119,5.000900011509657,2.0087999873794615,0.0,True,ok,4080,4080
5122,82,8.200000000000001,42,215983.673676,215983.6847924,10.250899998936802,11.1163999827113,6.853300001239404,2.1609000104945153,0.0,True,ok,4288,4288
5123,83,8.3,42,215983.7067937,215983.7152773,8.013200014829636,8.48360001691617,4.7627000021748245,2.0941999973729253,0.0,True,ok,4269,4269
5124,84,8.4,42,215983.7406252,215983.7488788,7.663600001251325,8.253599982708693,4.526800010353327,1.9603999971877784,0.0,True,ok,3996,3996
5125,85,8.5,42,215983.7736719,215983.7823417,8.02869998733513,8.669799979543313,4.607399983797222,2.201199997216463,0.0,True,ok,4318,4318
5126,86,8.6,42,215983.8068635,215983.8149405,7.675899978494272,8.076999976765364,4.6448000066448,1.8794999923557043,33.191599999554455,True,ok,4410,4410
5127,87,8.700000000000001,42,215983.840608,215983.8493657,8.253000007243827,8.75770000857301,4.830799996852875,2.037800004472956,0.0,True,ok,4345,4345
5128,88,8.8,42,215983.8737107,215983.8836956,8.833700005197898,9.984900010749698,5.718400003388524,1.9619000086095184,0.0,True,ok,3995,3995
5129,89,8.9,42,215983.9068675,215983.9165767,9.22750000609085,9.709200006909668,6.104300002334639,1.962799986358732,0.0,True,ok,4114,4114
5130,90,9.0,42,215983.9404632,215983.9490755,8.13989999005571,8.612299978267401,5.008099979022518,1.9536000036168844,0.0,True,ok,4407,4407
5131,91,9.1,42,215983.9735874,215983.9844875,10.492900008102879,10.90010002371855,6.939899991266429,2.139599993824959,0.0,True,ok,4504,4504
5132,92,9.200000000000001,42,215984.0070505,215984.0161274,8.522500022081658,9.076900023501366,4.960699996445328,2.3910999880172312,0.0,True,ok,4602,4602
5133,93,9.3,42,215984.0402614,215984.0490397,8.182600024156272,8.778300019912422,4.759799980092794,2.1829999750480056,0.0,True,ok,4719,4719
5134,94,9.4,42,215984.0739004,215984.0825618,8.170899993274361,8.66140000289306,4.85219998518005,2.075600001262501,33.639000001130626,True,ok,4623,4623
5135,95,9.5,42,215984.107066,215984.1172006,9.653600020101294,10.134600015589967,5.558100005146116,2.566699986346066,0.0,True,ok,4555,4555
5136,96,9.600000000000001,42,215984.1406983,215984.1490253,7.915599999250844,8.326999988639727,4.537499975413084,2.1428000181913376,33.63230000832118,True,ok,4902,4902
5137,97,9.700000000000001,42,215984.1737179,215984.1848518,10.711300012189895,11.133899999549612,7.160299981478602,2.1792000043205917,0.0,True,ok,4793,4793
5138,98,9.8,42,215984.2072076,215984.2166228,8.928700000979006,9.415200009243563,4.987299995264038,2.7132999966852367,0.0,True,ok,4857,4857
5139,99,9.9,42,215984.2403149,215984.2504748,9.659900009864941,10.159900004509836,6.0498999955598265,2.3119999968912452,0.0,True,ok,4985,4985
5140,100,10.0,42,215984.2735831,215984.2825491,8.082599990302697,8.965999993961304,4.733899986604229,2.0831000001635402,0.0,True,ok,4973,4973
5141,101,10.100000000000001,42,215984.3071759,215984.3158126,8.035999984713271,8.636699989438057,4.809999983990565,1.9979000207968056,0.0,True,ok,4507,4507
5142,102,10.200000000000001,42,215984.3402666,215984.3485148,7.722699985606596,8.24819999979809,4.619300016202033,1.8791999900713563,0.0,True,ok,4834,4834
5143,103,10.3,42,215984.3737399,215984.3847232,10.516799986362457,10.983299987856299,7.3170000105164945,1.9253000209573656,0.0,True,ok,4943,4943
5144,104,10.4,42,215984.406805,215984.415341,7.906500017270446,8.536000008461997,4.6135000011418015,2.0259000011719763,0.0,True,ok,5082,5082
5145,105,10.5,42,215984.4401399,215984.4488513,8.209799998439848,8.711400005267933,4.906499991193414,2.0500999817159027,0.0,True,ok,4986,4986
5146,106,10.600000000000001,42,215984.4736808,215984.4843221,10.054999991552904,10.641300003044307,6.850300007499754,1.95419997908175,0.0,True,ok,5037,5037
5147,107,10.700000000000001,42,215984.5071653,215984.5161085,8.275600004708394,8.943200024077669,4.985099978512153,1.9981999939773232,0.0,True,ok,5162,5162
5148,108,10.8,42,215984.5401723,215984.5491349,8.400999999139458,8.962599997175857,4.80039999820292,2.2438000014517456,0.0,True,ok,4884,4884
5149,109,10.9,42,215984.5737049,215984.5825818,8.410000009462237,8.876900014001876,5.1426000136416405,2.0321999909356236,0.0,True,ok,4890,4890
5150,110,11.0,42,215984.6071909,215984.6162773,8.423299994319677,9.086400008527562,4.96779999230057,2.206900011515245,0.0,True,ok,4848,4848
5151,111,11.100000000000001,42,215984.6401421,215984.648675,8.157900010701269,8.532900013960898,4.9180999922100455,2.005299989832565,0.0,True,ok,5030,5030
5152,112,11.200000000000001,42,215984.6737806,215984.6849581,10.362100001657382,11.177500011399388,6.974099989747629,2.058799989754334,0.0,True,ok,5114,5114
5153,113,11.3,42,215984.7069334,215984.7163502,8.749600005103275,9.416799992322922,5.206000001635402,2.2558000055141747,0.0,True,ok,5293,5293
5154,114,11.4,42,215984.7401417,215984.7490996,8.318500011228025,8.9579000195954,4.710900015197694,2.2948999830987304,0.0,True,ok,5423,5423
5155,115,11.5,42,215984.7737653,215984.7833514,8.884599985321984,9.58610000088811,5.398700013756752,2.1593999990727752,0.0,True,ok,5340,5340
5156,116,11.600000000000001,42,215984.8068764,215984.8156636,8.372799988137558,8.787200000369921,4.9171000136993825,2.211399987572804,0.0,True,ok,5279,5279
5157,117,11.700000000000001,42,215984.8401394,215984.8495566,8.931000018492341,9.417199995368719,5.164400005014613,2.2480000043287873,0.0,True,ok,5498,5498
5158,118,11.8,42,215984.8738179,215984.8851503,10.4556999867782,11.332399997627363,6.910800002515316,2.0693000114988536,0.0,True,ok,5517,5517
5159,119,11.9,42,215984.9068732,215984.9158508,8.278299996163696,8.977599994977936,4.808300000149757,2.187600010074675,0.0,True,ok,5266,5266
5160,0,0.0,43,215984.9433269,215984.9520754,8.158400014508516,8.748500025831163,4.732900008093566,2.194400003645569,0.0,True,ok,4708,4708
5161,1,0.1,43,215984.9737588,215984.9841875,9.802699991269037,10.428699984913692,6.582000001799315,1.9509000121615827,0.0,True,ok,4681,4681
5162,2,0.2,43,215985.0069735,215985.0165487,8.630500000435859,9.575199976097792,5.125499999849126,2.208400022936985,0.0,True,ok,4360,4360
5163,3,0.30000000000000004,43,215985.0400928,215985.0490181,8.460399985779077,8.92530000419356,4.864499991526827,2.2871000110171735,0.0,True,ok,4532,4532
5164,4,0.4,43,215985.0737947,215985.0833964,9.029500011820346,9.601700003258884,5.672300001606345,2.0059999951627105,0.0,True,ok,4533,4533
5165,5,0.5,43,215985.1068563,215985.1159815,8.426700020208955,9.1252000129316,4.958200006512925,2.2047999955248088,0.0,True,ok,4334,4334
5166,6,0.6000000000000001,43,215985.1402988,215985.149016,8.163999998942018,8.717200020328164,4.84790001064539,2.048599999397993,0.0,True,ok,4462,4462
5167,7,0.7000000000000001,43,215985.1738801,215985.1852941,10.244400007650256,11.414000007789582,6.5771999943535775,2.3625000030733645,0.0,True,ok,4479,4479
5168,8,0.8,43,215985.2072789,215985.2166422,8.549399994080886,9.363299992401153,5.060399998910725,1.880600000731647,0.0,True,ok,4534,4534
5169,9,0.9,43,215985.2404074,215985.2494507,8.494900015648454,9.043300000485033,4.944799991790205,2.2637999791186303,0.0,True,ok,4491,4491
5170,10,1.0,43,215985.2738669,215985.2833645,8.77700001001358,9.497599996393546,5.287499981932342,2.2114999883342534,0.0,True,ok,4600,4600
5171,11,1.1,43,215985.3067882,215985.3151365,7.9117999994196,8.348300005309284,4.665500018745661,1.9641999970190227,0.0,True,ok,4781,4781
5172,12,1.2000000000000002,43,215985.3405378,215985.3499704,8.305000024847686,9.432600025320426,5.055400019045919,1.962400012416765,0.0,True,ok,5044,5044
5173,13,1.3,43,215985.3738464,215985.3850594,10.56540000718087,11.212999990675598,7.1709000039845705,2.104299986967817,0.0,True,ok,4620,4620
5174,14,1.4000000000000001,43,215985.4069325,215985.4156612,8.066700014751405,8.728700020583346,4.620199993951246,2.094700001180172,0.0,True,ok,4785,4785
5175,15,1.5,43,215985.4403824,215985.4491062,8.091999974567443,8.723799983272329,4.824899981031194,1.8921000009868294,0.0,True,ok,5045,5045
5176,16,1.6,43,215985.4735401,215985.4844581,10.291599988704547,10.917999985395,6.927600014023483,2.0124999864492565,0.0,True,ok,5382,5382
5177,17,1.7000000000000002,43,215985.5069556,215985.5158782,8.46010001259856,8.922600012738258,5.09970000712201,1.9987999985460192,0.0,True,ok,5312,5312
5178,18,1.8,43,215985.5400819,215985.5487724,8.05699999909848,8.690500020748004,4.6254999761004,2.062799991108477,0.0,True,ok,5363,5363
5179,19,1.9000000000000001,43,215985.5735512,215985.5829825,8.957899990491569,9.431299986317754,5.274299997836351,2.2794000105932355,0.0,True,ok,5455,5455
5180,20,2.0,43,215985.6069431,215985.6162264,8.83189999149181,9.283299994422123,5.1374000031501055,2.3234999971464276,0.0,True,ok,5508,5508
5181,21,2.1,43,215985.6401392,215985.6492506,8.758899988606572,9.111399995163083,5.037700000684708,2.203000010922551,0.0,True,ok,5300,5300
5182,22,2.2,43,215985.6734696,215985.6854613,11.498999985633418,11.991699982900172,7.472900004358962,2.2985999821685255,0.0,True,ok,5384,5384
5183,23,2.3000000000000003,43,215985.7069847,215985.716482,8.870099991327152,9.497299994109198,5.239999998593703,2.1957999852020293,0.0,True,ok,5355,5355
5184,24,2.4000000000000004,43,215985.7401824,215985.7496188,8.713699993677437,9.43639999604784,5.020099983084947,2.1641000057570636,0.0,True,ok,5072,5072
5185,25,2.5,43,215985.7737893,215985.7837872,9.198899992043152,9.99789999332279,5.586699990089983,2.2634000051766634,0.0,True,ok,4851,4851
5186,26,2.6,43,215985.8068348,215985.8152516,7.980700000189245,8.416800003033131,4.647399997338653,1.9947999971918762,0.0,True,ok,4933,4933
5187,27,2.7,43,215985.8401854,215985.8492943,8.425499981967732,9.10889997612685,4.993299982743338,2.080599981127307,0.0,True,ok,4889,4889
5188,28,2.8000000000000003,43,215985.8740389,215985.8832791,8.54010001057759,9.240200015483424,4.90410000202246,2.202100004069507,0.0,True,ok,4508,4508
5189,29,2.9000000000000004,43,215985.9070064,215985.9161286,8.359799976460636,9.12219999008812,4.911800002446398,2.071399998385459,32.96750001027249,True,ok,4516,4516
5190,30,3.0,43,215985.9405938,215985.9493648,8.332199999131262,8.77099999343045,5.134599981829524,1.9045000080950558,0.0,True,ok,4326,4326
5191,31,3.1,43,215985.9738008,215985.9833885,8.98290000623092,9.587699983967468,5.586000013863668,2.0600999996531755,0.0,True,ok,4407,4407
5192,32,3.2,43,215986.0069688,215986.0162272,8.58879997394979,9.25839997944422,4.9980999901890755,2.338999998755753,0.0,True,ok,4113,4113
5193,33,3.3000000000000003,43,215986.0403352,215986.0494652,8.651799988001585,9.129999991273507,4.961400001775473,2.2133000020403415,0.0,True,ok,4211,4211
5194,34,3.4000000000000004,43,215986.073928,215986.0828251,8.405699976719916,8.89709999319166,5.000900011509657,2.136900002369657,0.0,True,ok,4198,4198
5195,35,3.5,43,215986.1072627,215986.1163101,8.549600024707615,9.047400002600625,5.03300002310425,2.2917000169400126,0.0,True,ok,4125,4125
5196,36,3.6,43,215986.1403088,215986.1494881,8.481600001687184,9.179299988318235,5.019000003812835,2.231699996627867,0.0,True,ok,4267,4267
5197,37,3.7,43,215986.1735636,215986.1848762,10.299799992935732,11.312599992379546,7.011400011833757,2.040599996689707,33.25479998602532,True,ok,3805,3805
5198,38,3.8000000000000003,43,215986.2071886,215986.2162036,8.396999997785315,9.014999988721684,4.9808000039774925,2.1808999881614,0.0,True,ok,3921,3921
5199,39,3.9000000000000004,43,215986.2405628,215986.249727,8.666299981996417,9.164199989754707,5.253000010270625,2.1698999917134643,0.0,True,ok,3864,3864
5200,40,4.0,43,215986.2735216,215986.2830092,9.024099999805912,9.487600007560104,5.7631999952718616,2.0055000204592943,0.0,True,ok,3828,3828
5201,41,4.1000000000000005,43,215986.3068334,215986.3151631,7.921699987491593,8.329699980095029,4.629800008842722,1.9184999982826412,0.0,True,ok,3659,3659
5202,42,4.2,43,215986.3405918,215986.3494632,8.212899992940947,8.871400001225993,4.87589999102056,2.052600000752136,0.0,True,ok,3989,3989
5203,43,4.3,43,215986.3736122,215986.3848952,10.64079999923706,11.282999999821186,7.457500003511086,1.905599987367168,0.0,True,ok,4294,4294
5204,44,4.4,43,215986.4070862,215986.4163975,8.664900000439957,9.311300003901124,5.1353000162635,2.2314999951049685,0.0,True,ok,4623,4623
5205,45,4.5,43,215986.4404864,215986.4498574,8.76070000231266,9.37099999282509,4.864000016823411,2.3209000064525753,0.0,True,ok,4708,4708
5206,46,4.6000000000000005,43,215986.4734443,215986.4842688,10.21279999986291,10.82450000103563,6.96939998306334,1.8816999800037593,0.0,True,ok,4834,4834
5207,47,4.7,43,215986.5070617,215986.5161307,8.552200015401468,9.06900002155453,4.908100003376603,2.3292000114452094,0.0,True,ok,4677,4677
5208,48,4.800000000000001,43,215986.5403711,215986.549027,8.155999996233732,8.655899990117177,4.879500018432736,1.953899976797402,0.0,True,ok,4591,4591
5209,49,4.9,43,215986.5735837,215986.5843391,10.164399980567396,10.755399998743087,6.845800002338365,1.9813000108115375,0.0,True,ok,4442,4442
5210,50,5.0,43,215986.6072805,215986.6164318,8.652899996377528,9.151300007943064,5.07300000754185,2.267900010338053,0.0,True,ok,4408,4408
5211,51,5.1000000000000005,43,215986.6404612,215986.6507474,9.64390000444837,10.286200005793944,6.113599985837936,2.141200006008148,0.0,True,ok,4418,4418
5212,52,5.2,43,215986.6738504,215986.6848058,10.433599993120879,10.955400008242577,7.042600016575307,2.0332999993115664,0.0,True,ok,4600,4600
5213,53,5.300000000000001,43,215986.7069684,215986.7161399,8.281999995233491,9.171500016236678,5.036700022174045,1.958499982720241,0.0,True,ok,4489,4489
5214,54,5.4,43,215986.7402355,215986.7511244,10.130700014997274,10.888899996643886,5.619900010060519,3.183199994964525,0.0,True,ok,4625,4625
5215,55,5.5,43,215986.7737595,215986.7832022,8.810300001641735,9.442699985811487,5.437799991341308,2.0727000082843006,0.0,True,ok,4379,4379
5216,56,5.6000000000000005,43,215986.8067613,215986.81515,7.775800011586398,8.388700021896511,4.604999994626269,1.9068999972660094,0.0,True,ok,4212,4212
5217,57,5.7,43,215986.8403497,215986.8497801,8.334599988302216,9.43039997946471,4.847100004553795,2.1680000063497573,33.58840002329089,True,ok,4229,4229
5218,58,5.800000000000001,43,215986.8739552,215986.8860276,11.518300016177818,12.072400015313178,7.8056999773252755,2.3159999982453883,0.0,True,ok,4294,4294
5219,59,5.9,43,215986.9069587,215986.9158239,8.351399999810383,8.865199983119965,4.663699975935742,2.1741999953519553,0.0,True,ok,4337,4337
5220,60,6.0,43,215986.9402048,215986.9491426,8.432100003119558,8.937800012063235,5.0162999832537025,2.150699991034344,0.0,True,ok,4334,4334
5221,61,6.1000000000000005,43,215986.9739992,215986.9847339,9.88239998696372,10.734699986642227,6.389100017258897,2.1517000277526677,0.0,True,ok,4169,4169
5222,62,6.2,43,215987.0067605,215987.0153947,8.041199995204806,8.634199999505654,4.563700000289828,2.09500000346452,0.0,True,ok,4172,4172
5223,63,6.300000000000001,43,215987.0402521,215987.0496479,8.84960000985302,9.395800007041544,5.308899999363348,2.1995999850332737,33.49160001380369,True,ok,4147,4147
5224,64,6.4,43,215987.0738619,215987.0840329,9.475099999690428,10.171000001719221,6.206600024597719,1.9791000231634825,0.0,True,ok,4178,4178
5225,65,6.5,43,215987.1069491,215987.1157583,8.28380000893958,8.809199993265793,4.963499988662079,1.9389000080991536,0.0,True,ok,4169,4169
5226,66,6.6000000000000005,43,215987.14002,215987.1488705,8.334200014360249,8.850500016706064,4.7713000094518065,2.080500009469688,0.0,True,ok,4168,4168
5227,67,6.7,43,215987.173815,215987.1842423,9.903900005156174,10.427300003357232,6.610199983697385,1.959099987288937,0.0,True,ok,4086,4086
5228,68,6.800000000000001,43,215987.2068305,215987.2154916,8.179600001312792,8.661100000608712,4.729599982965738,2.082999999402091,0.0,True,ok,4379,4379
5229,69,6.9,43,215987.2402623,215987.2491312,8.168300002580509,8.86889998218976,4.757800023071468,2.032599993981421,0.0,True,ok,4282,4282
5230,70,7.0,43,215987.2738786,215987.2844863,9.973199979867786,10.607699980027974,6.442599988076836,2.123500016750768,0.0,True,ok,4247,4247
5231,71,7.1000000000000005,43,215987.3069092,215987.3209328,13.420600007520989,14.023600000655279,9.630599990487099,2.2570000146515667,0.0,True,ok,4354,4354
5232,72,7.2,43,215987.3404754,215987.3490986,8.138300006976351,8.623200003057718,4.817999986698851,1.975099992705509,0.0,True,ok,4628,4628
5233,73,7.300000000000001,43,215987.3737277,215987.3843761,9.952099993824959,10.64839999889955,6.5771999943535775,2.025199995841831,0.0,True,ok,4287,4287
5234,74,7.4,43,215987.4069868,215987.4163307,8.536100009223446,9.343900019302964,4.933599993819371,2.1721999801229686,0.0,True,ok,4455,4455
5235,75,7.5,43,215987.440146,215987.4489281,8.020699984626845,8.782099990639836,4.738399991765618,1.9170999876223505,0.0,True,ok,4560,4560
5236,76,7.6000000000000005,43,215987.4737527,215987.4851231,10.80819999333471,11.370399995939806,5.559899989748374,3.6954000242985785,0.0,True,ok,4662,4662
5237,77,7.7,43,215987.5068943,215987.5158601,8.38439998915419,8.965799992438406,4.937600024277344,2.0654999825637788,0.0,True,ok,4381,4381
5238,78,7.800000000000001,43,215987.5402131,215987.5491693,8.356000005733222,8.95620000665076,4.640300001483411,2.0801000064238906,0.0,True,ok,4350,4350
5239,79,7.9,43,215987.5738818,215987.583762,9.303300001192838,9.880199999315664,5.346799996914342,2.5479000178165734,0.0,True,ok,4058,4058
5240,80,8.0,43,215987.6069501,215987.6173073,9.492300014244393,10.357200022554025,5.0788999942597,2.316199999768287,0.0,True,ok,4074,4074
5241,81,8.1,43,215987.6405246,215987.6495683,8.498000010149553,9.04370000353083,5.038600007537752,2.151699998648837,0.0,True,ok,4080,4080
5242,82,8.200000000000001,43,215987.6736997,215987.6832068,8.990600006654859,9.507099981419742,5.701100017176941,1.9383000035304576,0.0,True,ok,4288,4288
5243,83,8.3,43,215987.7069596,215987.7172274,9.51929998700507,10.267799982102588,4.770200001075864,2.7680000057443976,0.0,True,ok,4269,4269
5244,84,8.4,43,215987.7406599,215987.7496841,8.171699999365956,9.024200000567362,4.708300024503842,2.1243000228423625,33.70030000223778,True,ok,3996,3996
5245,85,8.5,43,215987.7737461,215987.7834022,8.402900013606995,9.656100010033697,4.996100004063919,2.0446999988052994,0.0,True,ok,4318,4318
5246,86,8.6,43,215987.8067269,215987.8151469,7.847099972423166,8.41999999829568,4.530799982603639,1.9728000042960048,0.0,True,ok,4410,4410
5247,87,8.700000000000001,43,215987.8402348,215987.8490231,8.275899977888912,8.788299979642034,4.96790002216585,1.9474000146146864,0.0,True,ok,4345,4345
5248,88,8.8,43,215987.8739526,215987.8833972,8.258999994723126,9.444600000279024,4.740600008517504,2.125500002875924,0.0,True,ok,3995,3995
5249,89,8.9,43,215987.9069683,215987.917405,9.701799979666248,10.436699987621978,4.978400014806539,3.348600002937019,0.0,True,ok,4114,4114
5250,90,9.0,43,215987.9405256,215987.9489128,7.654999993974343,8.387200010474771,4.4098999933339655,1.9214999920222908,0.0,True,ok,4407,4407
5251,91,9.1,43,215987.9736925,215987.9850695,10.647799994330853,11.376999987987801,6.7347000003792346,2.458300004946068,0.0,True,ok,4504,4504
5252,92,9.200000000000001,43,215988.0071457,215988.0163946,8.408299996517599,9.248900023521855,4.877600003965199,2.1988000080455095,0.0,True,ok,4602,4602
5253,93,9.3,43,215988.0403342,215988.0498605,8.413700008532032,9.526300011202693,4.979000019375235,2.07129999762401,0.0,True,ok,4719,4719
5254,94,9.4,43,215988.0734209,215988.0827052,8.770500018727034,9.284300002036616,5.003800004487857,2.248500008136034,0.0,True,ok,4623,4623
5255,95,9.5,43,215988.1071382,215988.116203,8.328500000061467,9.064800018677488,4.751600004965439,2.1847999887540936,0.0,True,ok,4555,4555
5256,96,9.600000000000001,43,215988.1404763,215988.1497752,8.644899993669242,9.298899996792898,4.737399984151125,2.4571999965701252,0.0,True,ok,4902,4902
5257,97,9.700000000000001,43,215988.1736533,215988.1831137,8.927200018661097,9.460400004172698,5.516699980944395,2.0725999784190208,0.0,True,ok,4793,4793
5258,98,9.8,43,215988.2072833,215988.2168558,8.995800017146394,9.572500013746321,4.979899997124448,2.6017000200226903,0.0,True,ok,4857,4857
5259,99,9.9,43,215988.2404156,215988.2496656,8.571699989261106,9.249999973690137,4.858500004047528,2.293099998496473,0.0,True,ok,4985,4985
5260,100,10.0,43,215988.2733432,215988.2840056,9.9505000107456,10.662399989087135,6.598800013307482,1.9431000109761953,0.0,True,ok,4973,4973
5261,101,10.100000000000001,43,215988.3067636,215988.3154289,7.972999999765307,8.665300003485754,4.512200015597045,2.1022000000812113,0.0,True,ok,4507,4507
5262,102,10.200000000000001,43,215988.3400407,215988.3556927,15.113499975996092,15.652000001864508,11.707300000125542,2.0260000019334257,0.0,True,ok,4834,4834
5263,103,10.3,43,215988.373692,215988.3829643,8.76070000231266,9.272299997974187,5.395500018494204,1.9921000057365745,0.0,True,ok,4943,4943
5264,104,10.4,43,215988.4070729,215988.4160726,8.271200000308454,8.999699988635257,4.74999999278225,2.1797000081278384,0.0,True,ok,5082,5082
5265,105,10.5,43,215988.440221,215988.4494189,8.530400024028495,9.19790001353249,4.847199976211414,2.314699988346547,0.0,True,ok,4986,4986
5266,106,10.600000000000001,43,215988.4737009,215988.4840207,9.7861000103876,10.319799999706447,6.5181999816559255,1.9049000111408532,0.0,True,ok,5037,5037
5267,107,10.700000000000001,43,215988.5072105,215988.5178975,9.216499980539083,10.686999972676858,5.965399992419407,1.9212999904993922,0.0,True,ok,5162,5162
5268,108,10.8,43,215988.5401888,215988.5496804,8.549599995603785,9.491600008914247,5.008699983591214,2.2492999851237983,0.0,True,ok,4884,4884
5269,109,10.9,43,215988.5738313,215988.5843226,10.004600015236065,10.49130002502352,6.728699983796105,1.9769000064115971,0.0,True,ok,4890,4890
5270,110,11.0,43,215988.6071099,215988.6161628,8.495899994159117,9.052899986272678,4.947699984768406,2.2882000193931162,0.0,True,ok,4848,4848
5271,111,11.100000000000001,43,215988.6403793,215988.6499283,8.397400000831112,9.54900000942871,4.947899986291304,2.1099000005051494,0.0,True,ok,5030,5030
5272,112,11.200000000000001,43,215988.6735883,215988.6828327,8.655299985548481,9.244399989256635,4.873800004133955,2.0978999964427203,0.0,True,ok,5114,5114
5273,113,11.3,43,215988.706924,215988.7160204,8.374400000320747,9.096399997361004,4.848200012929738,2.1502999879885465,0.0,True,ok,5293,5293
5274,114,11.4,43,215988.7403317,215988.7492655,8.41700000455603,8.933799981605262,4.867400013608858,2.2062000061850995,0.0,True,ok,5423,5423
5275,115,11.5,43,215988.7738153,215988.7843526,9.982399991713464,10.537299996940419,6.1839000263717026,2.4160999746527523,33.483599981991574,True,ok,5340,5340
5276,116,11.600000000000001,43,215988.8071625,215988.8161767,8.44820000929758,9.01420001173392,4.7805999929551035,2.344299980904907,0.0,True,ok,5279,5279
5277,117,11.700000000000001,43,215988.8402688,215988.8493709,8.40079999761656,9.102099982555956,4.7778000007383525,2.2692000202368945,0.0,True,ok,5498,5498
5278,118,11.8,43,215988.8733266,215988.8832236,9.263699990697205,9.89699998172,5.699399975128472,2.2261000121943653,0.0,True,ok,5517,5517
5279,119,11.9,43,215988.9069361,215988.9156841,8.135000010952353,8.748000022023916,4.554599989205599,2.237100008642301,0.0,True,ok,5266,5266
5280,0,0.0,44,215988.943122,215988.9528665,8.44380000489764,9.74450001376681,4.750899999635294,2.319299994269386,0.0,True,ok,4708,4708
5281,1,0.1,44,215988.9736534,215988.9828975,8.58449999941513,9.244100016076118,5.353399988962337,1.872599998023361,0.0,True,ok,4681,4681
5282,2,0.2,44,215989.006847,215989.0158848,8.3059000025969,9.03779998770915,4.947200010064989,2.0158999832347035,0.0,True,ok,4360,4360
5283,3,0.30000000000000004,44,215989.0404784,215989.0493759,8.278499997686595,8.897499996237457,4.6907000069040805,2.2732999932486564,0.0,True,ok,4532,4532
5284,4,0.4,44,215989.0735048,215989.0842872,10.142600018298253,10.782400000607595,6.771799991838634,2.019699983065948,0.0,True,ok,4533,4533
5285,5,0.5,44,215989.1071143,215989.116367,8.263600000645965,9.2527000233531,4.73519999650307,2.2099999769125134,0.0,True,ok,4334,4334
5286,6,0.6000000000000001,44,215989.14035,215989.1490957,8.05400000535883,8.745700004510581,4.6335999795701355,2.1029000054113567,0.0,True,ok,4462,4462
5287,7,0.7000000000000001,44,215989.1735831,215989.1824945,8.172200003173202,8.911400014767423,4.920600011246279,1.9718999974429607,0.0,True,ok,4479,4479
5288,8,0.8,44,215989.207238,215989.2184446,10.685899993404746,11.206600000150502,5.828199995448813,3.392699989490211,0.0,True,ok,4534,4534
5289,9,0.9,44,215989.2403786,215989.2488144,7.7831999806221575,8.435800002189353,4.563099995721132,1.9468999817036092,0.0,True,ok,4491,4491
5290,10,1.0,44,215989.2736288,215989.2838636,8.803999982774258,10.23479999275878,4.7036999894771725,2.188500016927719,0.0,True,ok,4600,4600
5291,11,1.1,44,215989.3067002,215989.3163727,9.087800019187853,9.672500018496066,5.269499990390614,2.0259000011719763,0.0,True,ok,4781,4781
5292,12,1.2000000000000002,44,215989.3404579,215989.3491792,8.069700008491054,8.721300022443756,4.737099981866777,2.002699999138713,0.0,True,ok,5044,5044
5293,13,1.3,44,215989.3735677,215989.3847635,10.714000003645197,11.195800005225465,6.974200019612908,2.378600009251386,0.0,True,ok,4620,4620
5294,14,1.4000000000000001,44,215989.4071916,215989.4163599,8.262599993031472,9.168299991870299,4.878599982475862,2.0573000074364245,0.0,True,ok,4785,4785
5295,15,1.5,44,215989.4402412,215989.4491928,8.297899999888614,8.951600000727922,4.825299984076992,2.1311999880708754,0.0,True,ok,5045,5045
5296,16,1.6,44,215989.4737462,215989.4828205,8.568599994760007,9.074300003703684,4.974500014213845,2.2049000253900886,0.0,True,ok,5382,5382
5297,17,1.7000000000000002,44,215989.5075936,215989.5165866,8.144199993694201,8.992999995825812,4.740999982459471,2.037800004472956,0.0,True,ok,5312,5312
5298,18,1.8,44,215989.5405913,215989.5493489,8.078000013483688,8.757600007811561,4.676999989897013,1.9754999957513064,0.0,True,ok,5363,5363
5299,19,1.9000000000000001,44,215989.573554,215989.5855872,11.371900007361546,12.033200007863343,7.741100009297952,2.237899985630065,0.0,True,ok,5455,5455
5300,20,2.0,44,215989.6070543,215989.6161547,8.587099990108982,9.100399998715147,4.979000019375235,2.2552000009454787,0.0,True,ok,5508,5508
5301,21,2.1,44,215989.6402775,215989.6493163,8.511599997291341,9.038799995323643,5.023999983677641,2.043800021056086,0.0,True,ok,5300,5300
5302,22,2.2,44,215989.674053,215989.6847972,9.930500003974885,10.744200000772253,6.269300007261336,2.240699977846816,0.0,True,ok,5384,5384
5303,23,2.3000000000000003,44,215989.7070899,215989.7181537,9.76240000454709,11.063799989642575,6.113999988883734,2.275300008477643,0.0,True,ok,5355,5355
5304,24,2.4000000000000004,44,215989.7402306,215989.7502146,9.242700005415827,9.984000003896654,4.616600024746731,2.2576000192202628,0.0,True,ok,5072,5072
5305,25,2.5,44,215989.7737451,215989.7829989,8.595099992817268,9.253799973521382,4.868099989835173,2.2480000043287873,0.0,True,ok,4851,4851
5306,26,2.6,44,215989.8067499,215989.8152542,7.838099991204217,8.5042999999132,4.531500017037615,1.9983999955002218,0.0,True,ok,4933,4933
5307,27,2.7,44,215989.8401809,215989.8488112,8.105599990813062,8.63029999891296,4.881699976976961,1.9417000003159046,0.0,True,ok,4889,4889
5308,28,2.8000000000000003,44,215989.8734271,215989.8846905,10.770699998829514,11.263399996096268,7.2619999991729856,2.146399987395853,0.0,True,ok,4508,4508
5309,29,2.9000000000000004,44,215989.9071006,215989.9160836,8.309299999382347,8.98300000699237,4.8331000143662095,2.070799993816763,0.0,True,ok,4516,4516
5310,30,3.0,44,215989.9405318,215989.9489487,7.922600023448467,8.41690000379458,4.675500007579103,2.000599983148277,0.0,True,ok,4326,4326
5311,31,3.1,44,215989.9736366,215989.9837927,9.40680000348948,10.156099975574762,6.241499999305233,1.9355999829713255,0.0,True,ok,4407,4407
5312,32,3.2,44,215990.0069545,215990.0159636,8.314299979247153,9.009100002003834,5.067399994004518,2.0004000107292086,33.31789997173473,True,ok,4113,4113
5313,33,3.3000000000000003,44,215990.0404302,215990.0487179,7.8412000148091465,8.287700009532273,4.579800006467849,2.0352000137791038,0.0,True,ok,4211,4211
5314,34,3.4000000000000004,44,215990.0740107,215990.084548,10.080300009576604,10.53730002604425,6.781900010537356,2.0158999832347035,0.0,True,ok,4198,4198
5315,35,3.5,44,215990.1072856,215990.1173769,9.54149998142384,10.091299976920709,5.890899978112429,2.2973000013735145,0.0,True,ok,4125,4125
5316,36,3.6,44,215990.1402668,215990.1506498,9.725799987791106,10.38299998617731,5.5256999912671745,3.0285000102594495,0.0,True,ok,4267,4267
5317,37,3.7,44,215990.173917,215990.1820638,7.76360000600107,8.146799984388053,4.728600004455075,1.870400010375306,0.0,True,ok,3805,3805
5318,38,3.8000000000000003,44,215990.2068833,215990.2153922,8.0422000028193,8.50890000583604,4.710699984570965,2.0979999972041696,32.966300001135096,True,ok,3921,3921
5319,39,3.9000000000000004,44,215990.2405368,215990.251052,10.096300014993176,10.515200003283098,5.008300009649247,3.9046000165399164,0.0,True,ok,3864,3864
5320,40,4.0,44,215990.2737146,215990.283084,8.635200007120147,9.369399980641901,5.119100009324029,2.318300015758723,0.0,True,ok,3828,3828
5321,41,4.1000000000000005,44,215990.3069953,215990.3167745,9.291900001699105,9.779200016055256,6.096199998864904,2.0454000041354448,0.0,True,ok,3659,3659
5322,42,4.2,44,215990.3405177,215990.3488505,7.811800023773685,8.332800003699958,4.642500018235296,2.0139999978709966,0.0,True,ok,3989,3989
5323,43,4.3,44,215990.3735301,215990.3847991,10.819599992828444,11.26899998052977,7.406399992760271,2.2074999869801104,0.0,True,ok,4294,4294
5324,44,4.4,44,215990.4069147,215990.4161406,8.610899996710941,9.22589999390766,4.9144999939017,2.474699984304607,0.0,True,ok,4623,4623
5325,45,4.5,44,215990.4403012,215990.4498936,8.91489998321049,9.592399990651757,5.120199988596141,2.4019999837037176,0.0,True,ok,4708,4708
5326,46,4.6000000000000005,44,215990.4734932,215990.4829375,8.719800011022016,9.444299997994676,5.452100012917072,2.038799982983619,0.0,True,ok,4834,4834
5327,47,4.7,44,215990.5069967,215990.5153227,7.913899986306205,8.326000010129064,4.63589999708347,2.076899982057512,0.0,True,ok,4677,4677
5328,48,4.800000000000001,44,215990.5406273,215990.5492917,8.186299994122237,8.66439999663271,4.835500003537163,2.0991000055801123,0.0,True,ok,4591,4591
5329,49,4.9,44,215990.5738835,215990.5844287,9.8230000003241,10.545199998887256,6.645299989031628,1.9856000144500285,0.0,True,ok,4442,4442
5330,50,5.0,44,215990.6071912,215990.6165998,8.512400003382936,9.408600017195567,4.705400002421811,2.205500000854954,0.0,True,ok,4408,4408
5331,51,5.1000000000000005,44,215990.6405937,215990.6498132,8.332800003699958,9.219500003382564,4.8115000245161355,2.3307999945245683,0.0,True,ok,4418,4418
5332,52,5.2,44,215990.6733906,215990.6844325,10.639000014634803,11.041900026611984,7.085599994752556,2.3367999820038676,0.0,True,ok,4600,4600
5333,53,5.300000000000001,44,215990.7069713,215990.715516,8.107800007564947,8.544699987396598,5.042600008891895,1.8649999983608723,0.0,True,ok,4489,4489
5334,54,5.4,44,215990.740439,215990.7496175,7.911199994850904,9.17850001133047,4.520499991485849,2.1696999901905656,0.0,True,ok,4625,4625
5335,55,5.5,44,215990.7739034,215990.7831738,8.625500020571053,9.27040001261048,5.168800009414554,2.2629000013694167,0.0,True,ok,4379,4379
5336,56,5.6000000000000005,44,215990.8068913,215990.8168475,9.41110000712797,9.956200025044382,6.326900009298697,1.9413999980315566,0.0,True,ok,4212,4212
5337,57,5.7,44,215990.8400687,215990.8488433,8.351500000571832,8.774599991738796,4.838299995753914,2.3138000105973333,0.0,True,ok,4229,4229
5338,58,5.800000000000001,44,215990.8737005,215990.884785,10.51650001318194,11.084500001743436,6.948299997020513,2.249400014989078,0.0,True,ok,4294,4294
5339,59,5.9,44,215990.9072057,215990.9165004,8.563299983507022,9.294699993915856,4.498000023886561,2.80019998899661,0.0,True,ok,4337,4337
5340,60,6.0,44,215990.9403332,215990.948544,7.757400016998872,8.210800006054342,4.445400001714006,2.1641999774146825,0.0,True,ok,4334,4334
5341,61,6.1000000000000005,44,215990.9740175,215990.9832261,8.495900023262948,9.208600007696077,5.22560000536032,2.0616000110749155,0.0,True,ok,4169,4169
5342,62,6.2,44,215991.0070445,215991.0162014,8.76649998826906,9.156899992376566,5.6693000078666955,1.9045000080950558,0.0,True,ok,4172,4172
5343,63,6.300000000000001,44,215991.040404,215991.049351,8.174899994628504,8.946999994805083,4.830799996852875,2.199099981226027,0.0,True,ok,4147,4147
5344,64,6.4,44,215991.0737604,215991.0844009,10.150899994187057,10.640499996952713,6.988900015130639,1.9917000026907772,0.0,True,ok,4178,4178
5345,65,6.5,44,215991.1068087,215991.1150827,7.776200014632195,8.274000021629035,4.603100009262562,1.973899983568117,0.0,True,ok,4169,4169
5346,66,6.6000000000000005,44,215991.140104,215991.14887,8.24230001308024,8.766000013565645,4.611800017300993,2.307899994775653,0.0,True,ok,4168,4168
5347,67,6.7,44,215991.1738304,215991.184704,10.394600016297773,10.87360002566129,7.076599984429777,2.1077000128570944,0.0,True,ok,4086,4086
5348,68,6.800000000000001,44,215991.2070461,215991.2157062,8.242799987783656,8.660099992994219,4.839800007175654,2.20459999400191,0.0,True,ok,4379,4379
5349,69,6.9,44,215991.240141,215991.2490357,8.269699988886714,8.894700004020706,4.929999995511025,2.076500008115545,0.0,True,ok,4282,4282
5350,70,7.0,44,215991.273432,215991.2823675,8.102000021608546,8.93550002365373,4.741599987028167,2.137800009222701,0.0,True,ok,4247,4247
5351,71,7.1000000000000005,44,215991.3069382,215991.3173971,9.751500008860603,10.458900011144578,5.833400005940348,2.6135999942198396,0.0,True,ok,4354,4354
5352,72,7.2,44,215991.3403778,215991.3487879,7.7917999878991395,8.410100010223687,4.6168999979272485,1.9910999981220812,0.0,True,ok,4628,4628
5353,73,7.300000000000001,44,215991.3735584,215991.3819957,7.732099998975173,8.437300013611093,4.669000016292557,1.892600004794076,0.0,True,ok,4287,4287
5354,74,7.4,44,215991.4072527,215991.4159003,8.194199996069074,8.647599985124543,4.942300001857802,2.034400007687509,0.0,True,ok,4455,4455
5355,75,7.5,44,215991.4402197,215991.4487656,8.08660002076067,8.54590002563782,4.821800015633926,2.0653000101447105,0.0,True,ok,4560,4560
5356,76,7.6000000000000005,44,215991.4734944,215991.481973,7.996499974979088,8.478599978843704,4.783799988217652,2.0074000058230013,0.0,True,ok,4662,4662
5357,77,7.7,44,215991.5073865,215991.5167093,8.207899983972311,9.322800004156306,4.963699990184978,2.07129999762401,0.0,True,ok,4381,4381
5358,78,7.800000000000001,44,215991.540523,215991.5489363,7.848900015233085,8.413300005486235,4.606800008332357,2.0480999955907464,0.0,True,ok,4350,4350
5359,79,7.9,44,215991.573576,215991.5839246,9.635900001740083,10.348600015277043,6.581599998753518,1.8921000009868294,0.0,True,ok,4058,4058
5360,80,8.0,44,215991.6071127,215991.6154,7.780100015224889,8.287300006486475,4.717700008768588,1.891099993372336,0.0,True,ok,4074,4074
5361,81,8.1,44,215991.6403945,215991.6490285,7.965600001625717,8.633999997982755,4.895000020042062,1.9033999997191131,0.0,True,ok,4080,4080
5362,82,8.200000000000001,44,215991.6734236,215991.6845775,10.693999996874481,11.153900006320328,7.507000002078712,2.015600010054186,0.0,True,ok,4288,4288
5363,83,8.3,44,215991.7071491,215991.7157921,8.027800009585917,8.643000008305535,4.764600016642362,2.036899997619912,0.0,True,ok,4269,4269
5364,84,8.4,44,215991.7409408,215991.7498091,8.362699998542666,8.868300006724894,5.304399994201958,1.9112000009045005,0.0,True,ok,3996,3996
5365,85,8.5,44,215991.7735304,215991.783422,9.356700000353158,9.891599998809397,5.753800011007115,2.443600009428337,0.0,True,ok,4318,4318
5366,86,8.6,44,215991.8071368,215991.8159367,8.172700006980449,8.799900009762496,4.805400007171556,2.140800002962351,0.0,True,ok,4410,4410
5367,87,8.700000000000001,44,215991.8404393,215991.8492744,8.142700011376292,8.835100015858188,4.8454999923706055,2.0895999914500862,0.0,True,ok,4345,4345
5368,88,8.8,44,215991.8735977,215991.8844661,10.334799997508526,10.868399986065924,6.2763000023551285,2.6860000216402113,0.0,True,ok,3995,3995
5369,89,8.9,44,215991.9070265,215991.9171611,9.4939999980852,10.134599986486137,5.965100019238889,2.153100009309128,0.0,True,ok,4114,4114
5370,90,9.0,44,215991.9405897,215991.9492553,7.81689997529611,8.665599976666272,4.617900005541742,2.04610000946559,0.0,True,ok,4407,4407
5371,91,9.1,44,215991.9738233,215991.9834565,9.005500003695488,9.633199981180951,5.697699991287664,2.1299000072758645,0.0,True,ok,4504,4504
5372,92,9.200000000000001,44,215992.0069882,215992.0167975,8.685599983436987,9.809299983317032,5.287999985739589,2.187399979447946,0.0,True,ok,4602,4602
5373,93,9.3,44,215992.0405906,215992.0492552,8.149700006470084,8.664599998155609,4.740900010801852,2.195500012021512,0.0,True,ok,4719,4719
5374,94,9.4,44,215992.0739596,215992.084181,9.035600000061095,10.221400007139891,5.431900004623458,2.3957999947015196,0.0,True,ok,4623,4623
5375,95,9.5,44,215992.1068525,215992.1156689,8.161499979905784,8.816399989882484,4.67139997635968,2.268500014906749,0.0,True,ok,4555,4555
5376,96,9.600000000000001,44,215992.1406313,215992.1495852,8.437100012088194,8.953900018241256,4.882999986875802,2.358300000196323,0.0,True,ok,4902,4902
5377,97,9.700000000000001,44,215992.1736204,215992.1850422,10.871200007386506,11.42180000897497,7.174700003815815,2.227500022854656,0.0,True,ok,4793,4793
5378,98,9.8,44,215992.2067529,215992.2150521,7.651699997950345,8.299199980683625,4.485799989197403,1.9474999862723053,0.0,True,ok,4857,4857
5379,99,9.9,44,215992.2403792,215992.2491218,8.252400002675131,8.742600010009483,5.093700019642711,1.9878999737557024,0.0,True,ok,4985,4985
5380,100,10.0,44,215992.2735115,215992.2819401,7.702199975028634,8.428599976468831,4.534599982434884,1.9608000002335757,0.0,True,ok,4973,4973
5381,101,10.100000000000001,44,215992.3073974,215992.3168657,8.220699994126335,9.468300006119534,4.843500006245449,2.03419997706078,0.0,True,ok,4507,4507
5382,102,10.200000000000001,44,215992.3405144,215992.3487025,7.733799982815981,8.188099978724495,4.61970001924783,1.8850000051315874,33.11700001358986,True,ok,4834,4834
5383,103,10.3,44,215992.3735472,215992.3820487,8.006100018974394,8.50150000769645,4.6950000105425715,2.0508000161498785,0.0,True,ok,4943,4943
5384,104,10.4,44,215992.407195,215992.4159209,8.17250000545755,8.725899999262765,5.047499987995252,1.8865999882109463,0.0,True,ok,5082,5082
5385,105,10.5,44,215992.4404017,215992.4491775,8.277999993879348,8.775800000876188,5.096400011098012,1.9253999926149845,0.0,True,ok,4986,4986
5386,106,10.600000000000001,44,215992.4735956,215992.4841958,10.107100009918213,10.600200010230765,6.908499985001981,1.9970999856013805,0.0,True,ok,5037,5037
5387,107,10.700000000000001,44,215992.5072639,215992.5160413,8.131599985063076,8.777399983955547,4.9644000246189535,1.9960000063292682,0.0,True,ok,5162,5162
5388,108,10.8,44,215992.5403949,215992.5491838,8.259499998530373,8.78890001331456,4.9085000064224005,2.1831000049132854,0.0,True,ok,4884,4884
5389,109,10.9,44,215992.5735132,215992.5843635,10.355100006563589,10.850299993762746,7.314399990718812,1.8378999957349151,0.0,True,ok,4890,4890
5390,110,11.0,44,215992.6069945,215992.6155979,8.112300012726337,8.603399997809902,4.6048000222072005,2.2148000134620816,0.0,True,ok,4848,4848
5391,111,11.100000000000001,44,215992.6401349,215992.6519154,11.318500008201227,11.780500004533678,5.042200005846098,5.0760000012815,0.0,True,ok,5030,5030
5392,112,11.200000000000001,44,215992.6738482,215992.6840893,9.582300001056865,10.241099982522428,6.440299999667332,1.9579000072553754,0.0,True,ok,5114,5114
5393,113,11.3,44,215992.7070373,215992.7172602,8.9919000165537,10.222900018561631,5.6096999906003475,2.140800002962351,0.0,True,ok,5293,5293
5394,114,11.4,44,215992.7404238,215992.7492832,8.166300016455352,8.859400026267394,4.723499994724989,2.194400003645569,0.0,True,ok,5423,5423
5395,115,11.5,44,215992.7734417,215992.7825969,8.501200005412102,9.155200008535758,5.032399989431724,2.1207999961916357,0.0,True,ok,5340,5340
5396,116,11.600000000000001,44,215992.8071694,215992.8160641,8.296300016809255,8.894700004020706,4.850500001339242,2.1807000157423317,0.0,True,ok,5279,5279
5397,117,11.700000000000001,44,215992.8402507,215992.8489364,8.192200009943917,8.685699984198436,4.725899983895943,2.2253000061027706,0.0,True,ok,5498,5498
5398,118,11.8,44,215992.8733834,215992.8846904,10.633300000336021,11.307000007946044,7.2586000023875386,2.062699990347028,0.0,True,ok,5517,5517
5399,119,11.9,44,215992.9067614,215992.9155895,8.21089997771196,8.828099991660565,4.808800003957003,2.1394999930635095,0.0,True,ok,5266,5266
