sequence,source_index,source_time_s,replay_cycle,capture_s,output_s,processing_ms,frame_age_ms,core_ms,distance_render_ms,depth_age_ms,depth_valid,depth_status,edge_pixels,valid_depth_edge_pixels
0,0,0.0,0,215322.0276693,215322.0555592,27.17260000645183,27.8898999968078,2.590099989902228,7.43909997981973,0.0,True,ok,4708,4708
1,1,0.1,0,215322.0520489,215322.0616417,6.067600013921037,9.592800022801384,2.6033000031020492,1.960599998710677,0.0,True,ok,4681,4681
2,2,0.2,0,215322.0851912,215322.091317,5.638900009216741,6.125800020527095,2.166399994166568,2.078799996525049,0.0,True,ok,4360,4360
3,3,0.30000000000000004,0,215322.1186663,215322.1251142,5.84490000619553,6.44789999932982,2.2271000198088586,2.1957000135444105,0.0,True,ok,4532,4532
4,4,0.4,0,215322.1521752,215322.1584117,5.56489999871701,6.236499990336597,2.3732999979984015,2.0101999980397522,0.0,True,ok,4533,4533
5,5,0.5,0,215322.1851763,215322.1918834,5.886700004339218,6.707099993946031,2.4307999992743134,2.199200011091307,0.0,True,ok,4334,4334
6,6,0.6000000000000001,0,215322.2187435,215322.2249888,5.557299999054521,6.245299999136478,2.2096999746281654,2.1305000118445605,0.0,True,ok,4462,4462
7,7,0.7000000000000001,0,215322.2517592,215322.2579942,5.810899980133399,6.234999978914857,2.1967999928165227,2.199699985794723,0.0,True,ok,4479,4479
8,8,0.8,0,215322.2854244,215322.2916447,5.702199996449053,6.220299983397126,2.3449000145774335,2.1949999791104347,0.0,True,ok,4534,4534
9,9,0.9,0,215322.3188345,215322.3248313,5.510699993465096,5.996799998683855,2.4759999942034483,1.858400006312877,0.0,True,ok,4491,4491
10,10,1.0,0,215322.3521826,215322.3583124,5.645600002026185,6.129799992777407,2.164099976653233,2.2428000229410827,0.0,True,ok,4600,4600
11,11,1.1,0,215322.3853505,215322.3912558,5.336000001989305,5.9053000004496425,2.186099998652935,1.919799979077652,0.0,True,ok,4781,4781
12,12,1.2000000000000002,0,215322.4184581,215322.4245423,5.459100008010864,6.084199994802475,2.1784999989904463,1.9566999981179833,0.0,True,ok,5044,5044
13,13,1.3,0,215322.4522348,215322.4588751,6.137900025350973,6.640300009166822,2.5849999801721424,2.2119999921415,0.0,True,ok,4620,4620
14,14,1.4000000000000001,0,215322.485177,215322.4916448,5.700999987311661,6.467800005339086,2.34540001838468,2.0963999850209802,0.0,True,ok,4785,4785
15,15,1.5,0,215322.5183238,215322.524406,5.431300000054762,6.082200008677319,2.1943000028841197,1.9591999880503863,0.0,True,ok,5045,5045
16,16,1.6,0,215322.5516635,215322.5582513,6.108100002165884,6.587800016859546,2.4096000124700367,2.2185000125318766,0.0,True,ok,5382,5382
17,17,1.7000000000000002,0,215322.5853436,215322.5911411,5.389300000388175,5.7975000236183405,2.1142999758012593,1.971099991351366,33.68009999394417,True,ok,5312,5312
18,18,1.8,0,215322.6186,215322.6256281,6.593400001293048,7.028100022580475,2.2049999970477074,2.005899994401261,33.25639999820851,True,ok,5363,5363
19,19,1.9000000000000001,0,215322.6518497,215322.6589151,5.833000002894551,7.065400015562773,2.191800012951717,2.2706999734509736,0.0,True,ok,5455,5455
20,20,2.0,0,215322.6853008,215322.6919637,6.003099988447502,6.662900006631389,2.2936000023037195,2.4384999996982515,0.0,True,ok,5508,5508
21,21,2.1,0,215322.7187509,215322.7257604,6.302900001173839,7.00949999736622,2.3215999826788902,2.6058999937959015,0.0,True,ok,5300,5300
22,22,2.2,0,215322.75168,215322.7580525,5.6647000019438565,6.372500007273629,2.2372000094037503,2.0958000095561147,0.0,True,ok,5384,5384
23,23,2.3000000000000003,0,215322.7852651,215322.7930729,7.0899999991524965,7.807799993315712,2.6294999988749623,2.9537999944295734,0.0,True,ok,5355,5355
24,24,2.4000000000000004,0,215322.8185902,215322.8256324,6.51760000619106,7.042199984425679,2.5385000044479966,2.497900015441701,0.0,True,ok,5072,5072
25,25,2.5,0,215322.8519995,215322.8585705,6.021499983035028,6.570999976247549,2.530099998693913,2.154699992388487,0.0,True,ok,4851,4851
26,26,2.6,0,215322.8853792,215322.8918262,5.9455000155139714,6.447000021580607,2.5711999915074557,2.100299985613674,0.0,True,ok,4933,4933
27,27,2.7,0,215322.9184834,215322.924699,5.72049999027513,6.215600005816668,2.2871000110171735,2.1563000045716763,0.0,True,ok,4889,4889
28,28,2.8000000000000003,0,215322.9520148,215322.9584868,5.802500003483146,6.472000008216128,2.29350000154227,2.19870000728406,0.0,True,ok,4508,4508
29,29,2.9000000000000004,0,215322.9852386,215322.9915814,5.676900007529184,6.34280001395382,2.3010000004433095,2.094399998895824,0.0,True,ok,4516,4516
30,30,3.0,0,215323.0183891,215323.0246105,5.660099996021017,6.221399991773069,2.3253999825101346,2.07570000202395,0.0,True,ok,4326,4326
31,31,3.1,0,215323.0519488,215323.0581534,5.614199995761737,6.204599980264902,2.2680999827571213,1.961200003279373,0.0,True,ok,4407,4407
32,32,3.2,0,215323.0856838,215323.0920469,5.730100005166605,6.363100023008883,2.45649999123998,2.071599999908358,0.0,True,ok,4113,4113
33,33,3.3000000000000003,0,215323.1188808,215323.1254566,5.858100019395351,6.575800012797117,2.293700003065169,2.2960999922361225,33.19700001156889,True,ok,4211,4211
34,34,3.4000000000000004,0,215323.1517396,215323.1582077,5.869600019650534,6.468100007623434,2.385100000537932,2.188500016927719,0.0,True,ok,4198,4198
35,35,3.5,0,215323.1852258,215323.1918504,6.0187000199221075,6.624600006034598,2.2487000096589327,2.5536000030115247,0.0,True,ok,4125,4125
36,36,3.6,0,215323.2187794,215323.225182,5.791000003227964,6.402600003639236,2.2597000061068684,2.0514999923761934,0.0,True,ok,4267,4267
37,37,3.7,0,215323.2521589,215323.2580964,5.2724000124726444,5.937500012805685,2.216799999587238,1.8530999950598925,0.0,True,ok,3805,3805
38,38,3.8000000000000003,0,215323.2850423,215323.2911418,5.530700000235811,6.099499994888902,2.206000004662201,2.076200005831197,0.0,True,ok,3921,3921
39,39,3.9000000000000004,0,215323.318751,215323.3255943,6.308099982561544,6.843299983302131,2.316500002052635,2.662000013515353,33.708700007991865,True,ok,3864,3864
40,40,4.0,0,215323.3525624,215323.3585256,5.3217999811749905,5.963200004771352,2.304199995705858,1.8465000030118972,0.0,True,ok,3828,3828
41,41,4.1000000000000005,0,215323.3855257,215323.3917456,5.594699992798269,6.219900009455159,2.226000011432916,2.146399987395853,0.0,True,ok,3659,3659
42,42,4.2,0,215323.4188253,215323.4251685,5.754399986471981,6.343199987895787,2.2470999974757433,2.1575000137090683,0.0,True,ok,3989,3989
43,43,4.3,0,215323.4518241,215323.4581105,5.637199996272102,6.286400021053851,2.3307999945245683,1.982799993129447,32.998799986671656,True,ok,4294,4294
44,44,4.4,0,215323.4854324,215323.492106,6.038099993020296,6.673600000794977,2.311899996129796,2.3403000086545944,0.0,True,ok,4623,4623
45,45,4.5,0,215323.518838,215323.5257977,5.922799988184124,6.959699996514246,2.244800009066239,2.42390000494197,0.0,True,ok,4708,4708
46,46,4.6000000000000005,0,215323.5519699,215323.5590178,6.451599998399615,7.047899998724461,2.8433000261429697,2.2724999871570617,0.0,True,ok,4834,4834
47,47,4.7,0,215323.5853009,215323.5919458,5.825400003232062,6.64489998598583,2.2001999896019697,2.2994999890215695,0.0,True,ok,4677,4677
48,48,4.800000000000001,0,215323.6186767,215323.6256707,6.283200025791302,6.994000024860725,2.4107999925035983,2.480800001649186,0.0,True,ok,4591,4591
49,49,4.9,0,215323.6521692,215323.6585542,5.8794000069610775,6.384999986039475,2.4098000139929354,2.068999980110675,0.0,True,ok,4442,4442
50,50,5.0,0,215323.6851349,215323.6918665,6.067000009352341,6.731600005878136,2.317799982847646,2.378799981670454,0.0,True,ok,4408,4408
51,51,5.1000000000000005,0,215323.7187058,215323.7254432,6.267599994316697,6.737399991834536,2.4225999950431287,2.425000013317913,0.0,True,ok,4418,4418
52,52,5.2,0,215323.7516418,215323.7581601,5.923599994275719,6.518300011521205,2.595199999632314,2.04159997520037,0.0,True,ok,4600,4600
53,53,5.300000000000001,0,215323.7854102,215323.7920652,5.813499999931082,6.654999975580722,2.3717999865766615,2.1829000033903867,0.0,True,ok,4489,4489
54,54,5.4,0,215323.8184929,215323.8250999,5.956899985903874,6.606999988434836,2.2621999960392714,2.3936000070534647,0.0,True,ok,4625,4625
55,55,5.5,0,215323.8520371,215323.8595092,6.7057000123895705,7.4720999982673675,3.0599000165238976,2.4058999842964113,0.0,True,ok,4379,4379
56,56,5.6000000000000005,0,215323.8851621,215323.8914644,5.7631999952718616,6.302299996605143,2.453199995215982,2.0674999977927655,0.0,True,ok,4212,4212
57,57,5.7,0,215323.9186477,215323.9250112,5.795399978524074,6.36349999695085,2.297200000612065,2.1773999906145036,0.0,True,ok,4229,4229
58,58,5.800000000000001,0,215323.9517947,215323.9584184,6.02719999733381,6.623699999181554,2.263600006699562,2.4141000176314265,0.0,True,ok,4294,4294
59,59,5.9,0,215323.9853476,215323.9918126,5.993200000375509,6.464999984018505,2.4182999914046377,2.2247000015340745,0.0,True,ok,4337,4337
60,60,6.0,0,215324.0187198,215324.0250424,5.791100003989413,6.322600005660206,2.346699999179691,2.140800002962351,0.0,True,ok,4334,4334
61,61,6.1000000000000005,0,215324.0520092,215324.0583181,5.765899986727163,6.308899988653138,2.2714000078849494,2.2105000098235905,0.0,True,ok,4169,4169
62,62,6.2,0,215324.0849924,215324.0906162,5.163599998923019,5.623800010653213,2.128599997377023,1.7930000030901283,0.0,True,ok,4172,4172
63,63,6.300000000000001,0,215324.1187628,215324.1265737,7.284399995114654,7.810899987816811,3.7130999844521284,2.198400004999712,0.0,True,ok,4147,4147
64,64,6.4,0,215324.1518739,215324.1581891,5.743000016082078,6.315200007520616,2.3625000030733645,2.0927000150550157,0.0,True,ok,4178,4178
65,65,6.5,0,215324.185391,215324.1916519,5.593700014287606,6.2609000015072525,2.1573000121861696,2.04459999804385,0.0,True,ok,4169,4169
66,66,6.6000000000000005,0,215324.2184706,215324.2246729,5.64489999669604,6.202299991855398,2.276800019899383,2.105199993820861,0.0,True,ok,4168,4168
67,67,6.7,0,215324.2517924,215324.2575847,5.295500013744459,5.792300013126805,2.0877000060863793,1.9585000118240714,0.0,True,ok,4086,4086
68,68,6.800000000000001,0,215324.285031,215324.2915918,6.01819998701103,6.560799985891208,2.5265000003855675,2.227599994512275,0.0,True,ok,4379,4379
69,69,6.9,0,215324.3186723,215324.3253229,5.9738999989349395,6.650600000284612,2.3572999925818294,2.246000018203631,0.0,True,ok,4282,4282
70,70,7.0,0,215324.3517227,215324.3581918,5.784400011179969,6.469100015237927,2.219699992565438,2.198600006522611,0.0,True,ok,4247,4247
71,71,7.1000000000000005,0,215324.3853183,215324.3916186,5.781699990620837,6.300300010479987,2.2422000183723867,2.1056999976281077,33.59559999080375,True,ok,4354,4354
72,72,7.2,0,215324.4186402,215324.4253375,5.937999987509102,6.697300006635487,2.4036000249907374,2.188899990869686,0.0,True,ok,4628,4628
73,73,7.300000000000001,0,215324.4520466,215324.4584889,5.5176000169012696,6.442300014896318,2.1826000011060387,2.006199996685609,0.0,True,ok,4287,4287
74,74,7.4,0,215324.4850321,215324.4914878,5.844300001626834,6.455700000515208,2.286499977344647,2.2410000092349946,0.0,True,ok,4455,4455
75,75,7.5,0,215324.5186824,215324.5249654,5.654399981722236,6.282999995164573,2.170699997805059,1.9690000044647604,0.0,True,ok,4560,4560
76,76,7.6000000000000005,0,215324.5521508,215324.5595636,6.931699987035245,7.4127999832853675,3.6570999945979565,1.959000015631318,0.0,True,ok,4662,4662
77,77,7.7,0,215324.5850721,215324.5914406,5.658099980792031,6.368500005919486,2.1881000138819218,1.9475999870337546,0.0,True,ok,4381,4381
78,78,7.800000000000001,0,215324.6187923,215324.6251445,5.751999997301027,6.352199998218566,2.263600006699562,2.147099992725998,0.0,True,ok,4350,4350
79,79,7.9,0,215324.6516557,215324.6578676,5.613400018773973,6.211900006746873,2.281499997479841,2.0260999735910445,0.0,True,ok,4058,4058
80,80,8.0,0,215324.6852581,215324.6918805,5.908899998757988,6.622399989282712,2.6993000064976513,1.894799992442131,0.0,True,ok,4074,4074
81,81,8.1,0,215324.7185398,215324.7247917,5.5961000034585595,6.251899991184473,2.3117999953683466,1.9727000035345554,0.0,True,ok,4080,4080
82,82,8.200000000000001,0,215324.7519457,215324.7580576,5.505200009793043,6.111900001997128,2.3175000096671283,1.863300014520064,0.0,True,ok,4288,4288
83,83,8.3,0,215324.7850899,215324.7912187,5.619000003207475,6.128800014266744,2.3419999924954027,1.9558999920263886,0.0,True,ok,4269,4269
84,84,8.4,0,215324.8185838,215324.8256052,5.919499992160127,7.0214000006671995,2.4030999920796603,2.0992000063415617,0.0,True,ok,3996,3996
85,85,8.5,0,215324.8518417,215324.8581025,5.536899989238009,6.260800000745803,2.160699979867786,2.0557000243570656,0.0,True,ok,4318,4318
86,86,8.6,0,215324.8853132,215324.8921274,5.859199998667464,6.814199994551018,2.583499997854233,1.939000008860603,0.0,True,ok,4410,4410
87,87,8.700000000000001,0,215324.91837,215324.9247245,5.731899989768863,6.3544999866280705,2.2791000083088875,2.104299986967817,0.0,True,ok,4345,4345
88,88,8.8,0,215324.9520898,215324.9604216,7.790500007104129,8.331799996085465,3.912599990144372,2.596700011054054,0.0,True,ok,3995,3995
89,89,8.9,0,215324.9852244,215324.991358,5.570600013015792,6.1335999926086515,2.269499993417412,2.0241999882273376,33.13460000208579,True,ok,4114,4114
90,90,9.0,0,215325.0187439,215325.0249231,5.710199999157339,6.179199990583584,2.3840999929234385,2.0416000043042004,0.0,True,ok,4407,4407
91,91,9.1,0,215325.0520865,215325.058554,5.948799982434139,6.467499973950908,2.315200021257624,2.1655999880749732,0.0,True,ok,4504,4504
92,92,9.200000000000001,0,215325.0852026,215325.0923074,6.596299994271249,7.1047999954316765,2.5428000080864877,2.7043999871239066,0.0,True,ok,4602,4602
93,93,9.3,0,215325.1187024,215325.1251933,5.746999988332391,6.49089997750707,2.1892999939154834,2.1966999920550734,0.0,True,ok,4719,4719
94,94,9.4,0,215325.1517892,215325.1584446,6.142900005215779,6.65540000773035,2.2555000032298267,2.3680000158492476,0.0,True,ok,4623,4623
95,95,9.5,0,215325.1851414,215325.1915498,5.814299976918846,6.408399989595637,2.224600000772625,2.224600000772625,0.0,True,ok,4555,4555
96,96,9.600000000000001,0,215325.2184716,215325.2249454,5.87009999435395,6.473799992818385,2.3117000237107277,2.1729999862145633,0.0,True,ok,4902,4902
97,97,9.700000000000001,0,215325.2518134,215325.2581004,5.586100014625117,6.286999996518716,2.2140999790281057,2.040599996689707,0.0,True,ok,4793,4793
98,98,9.8,0,215325.2852415,215325.2916052,5.722300003981218,6.363699998473749,2.2345000179484487,2.0517999946605414,0.0,True,ok,4857,4857
99,99,9.9,0,215325.3183798,215325.324955,5.958099995041266,6.575199979124591,2.2508999973069876,2.270099997986108,0.0,True,ok,4985,4985
100,100,10.0,0,215325.3519401,215325.3582649,5.861399986315519,6.324799993308261,2.1758000075351447,2.221500006271526,0.0,True,ok,4973,4973
101,101,10.100000000000001,0,215325.3852815,215325.3929869,6.400099984603003,7.705399999395013,2.5572000013198704,2.453699999023229,0.0,True,ok,4507,4507
102,102,10.200000000000001,0,215325.4185276,215325.4251615,6.038699997588992,6.633899989537895,2.5151000008918345,2.105199993820861,0.0,True,ok,4834,4834
103,103,10.3,0,215325.4519611,215325.4585,6.0187000199221075,6.538899993756786,2.5037000013981014,2.1009000192862004,0.0,True,ok,4943,4943
104,104,10.4,0,215325.4851424,215325.4920256,6.343299988657236,6.883199996082112,2.2779999999329448,2.656800003023818,0.0,True,ok,5082,5082
105,105,10.5,0,215325.5186222,215325.5252532,5.989500001305714,6.630999996559694,2.1417999814730138,2.0186000037938356,0.0,True,ok,4986,4986
106,106,10.600000000000001,0,215325.5519738,215325.5585331,6.076399993617088,6.5593000035732985,2.1659999911207706,2.5332999939564615,33.351599995512515,True,ok,5037,5037
107,107,10.700000000000001,0,215325.5850957,215325.5908553,5.415799998445436,5.759599996963516,2.050700015388429,2.0232000097166747,33.121899992693216,True,ok,5162,5162
108,108,10.8,0,215325.6189056,215325.6252701,5.869499989785254,6.364500004565343,2.264599985210225,2.2612000175286084,0.0,True,ok,4884,4884
109,109,10.9,0,215325.6519649,215325.6580656,5.566100007854402,6.100700004026294,2.2520000056829304,1.94240000564605,0.0,True,ok,4890,4890
110,110,11.0,0,215325.6853381,215325.6917376,5.716199986636639,6.399499980034307,2.203699987148866,2.122700010659173,0.0,True,ok,4848,4848
111,111,11.100000000000001,0,215325.7184548,215325.7256098,6.683399988105521,7.154999999329448,3.3708999981172383,1.959399989573285,0.0,True,ok,5030,5030
112,112,11.200000000000001,0,215325.7518779,215325.75806,5.628699989756569,6.182099983561784,2.1468999912030995,1.9181999959982932,0.0,True,ok,5114,5114
113,113,11.3,0,215325.7855253,215325.7922501,6.058700004359707,6.724800012307242,2.1526999771595,2.2071000130381435,0.0,True,ok,5293,5293
114,114,11.4,0,215325.8184422,215325.8251175,5.933400010690093,6.675300013739616,2.3247000062838197,2.2194999910425395,0.0,True,ok,5423,5423
115,115,11.5,0,215325.8516572,215325.8587271,6.361200008541346,7.0699000207241625,2.3449000145774335,2.4197000020649284,0.0,True,ok,5340,5340
116,116,11.600000000000001,0,215325.8854001,215325.8919956,5.953699990641326,6.595499988179654,2.282199973706156,2.2606000129599124,0.0,True,ok,5279,5279
117,117,11.700000000000001,0,215325.9183506,215325.9246466,5.760900006862357,6.296000006841496,2.135999995516613,2.213100000517443,0.0,True,ok,5498,5498
118,118,11.8,0,215325.9520891,215325.9589829,6.275199993979186,6.8937999894842505,2.7858999965246767,2.066499990178272,0.0,True,ok,5517,5517
119,119,11.9,0,215325.9850137,215325.9915669,5.814599979203194,6.553199986228719,2.2093000006861985,2.1204999939072877,0.0,True,ok,5266,5266
120,0,0.0,1,215326.0207186,215326.0272445,5.957199988188222,6.525900011183694,2.276100014569238,2.221899980213493,0.0,True,ok,4708,4708
121,1,0.1,1,215326.0522536,215326.0596391,6.255100015550852,7.385500008240342,2.6800999767147005,2.147899998817593,0.0,True,ok,4681,4681
122,2,0.2,1,215326.0853509,215326.0912616,5.495599994901568,5.910700012464076,2.2376000124495476,1.8962000031024218,0.0,True,ok,4360,4360
123,3,0.30000000000000004,1,215326.1186793,215326.1251684,5.829100002301857,6.489099992904812,2.2544999956153333,2.216299995779991,0.0,True,ok,4532,4532
124,4,0.4,1,215326.1519704,215326.1591566,6.598500011023134,7.186200004070997,2.5818999856710434,2.4439000117126852,0.0,True,ok,4533,4533
125,5,0.5,1,215326.1854253,215326.1935693,7.180099986726418,8.143999992171302,2.218600013293326,3.4228000149596483,33.45489999628626,True,ok,4334,4334
126,6,0.6000000000000001,1,215326.2186252,215326.2250968,5.789899994852021,6.4715999760665,2.3080999962985516,2.0824999955948442,0.0,True,ok,4462,4462
127,7,0.7000000000000001,1,215326.2520824,215326.2592353,6.435799994505942,7.152900012442842,2.495900000212714,2.4961000017356128,0.0,True,ok,4479,4479
128,8,0.8,1,215326.2851435,215326.2918695,6.004000024404377,6.726000021444634,2.299699990544468,2.131399989593774,0.0,True,ok,4534,4534
129,9,0.9,1,215326.31835,215326.3251237,5.959799978882074,6.773700006306171,2.270400000270456,2.2804999898653477,0.0,True,ok,4491,4491
130,10,1.0,1,215326.3519135,215326.3587922,6.113699986599386,6.8786999909207225,2.5372999953106046,2.192500018281862,0.0,True,ok,4600,4600
131,11,1.1,1,215326.3854383,215326.3916953,5.583799997111782,6.257000000914559,2.1844999864697456,1.9854999845847487,33.524800004670396,True,ok,4781,4781
132,12,1.2000000000000002,1,215326.4184053,215326.4257321,6.41830000677146,7.326799997827038,2.4412999919150025,2.3452999885194004,0.0,True,ok,5044,5044
133,13,1.3,1,215326.4516428,215326.4579045,5.685900017851964,6.261700007598847,2.1628999966196716,2.153599984012544,0.0,True,ok,4620,4620
134,14,1.4000000000000001,1,215326.4851213,215326.4918915,6.088099995395169,6.770199979655445,2.306199981831014,2.3246000055223703,33.47850000136532,True,ok,4785,4785
135,15,1.5,1,215326.518719,215326.5255401,6.094500015024096,6.821099988883361,2.727500017499551,1.9551000150386244,0.0,True,ok,5045,5045
136,16,1.6,1,215326.5518836,215326.5584599,6.043900008080527,6.5762999875005335,2.357499994104728,2.1997000148985535,0.0,True,ok,5382,5382
137,17,1.7000000000000002,1,215326.5851988,215326.5915998,5.7234000123571604,6.401000020559877,2.2412000107578933,1.9911999988835305,0.0,True,ok,5312,5312
138,18,1.8,1,215326.6182964,215326.6245827,5.707600008463487,6.286299991188571,2.2022000048309565,1.982499990845099,0.0,True,ok,5363,5363
139,19,1.9000000000000001,1,215326.6517469,215326.6582674,5.868200008990243,6.52049999916926,2.2760000138077885,2.1019999985583127,0.0,True,ok,5455,5455
140,20,2.0,1,215326.6853234,215326.691799,5.811999988509342,6.475600006524473,2.196899993577972,2.156800008378923,33.57649999088608,True,ok,5508,5508
141,21,2.1,1,215326.718761,215326.7253341,5.800299986731261,6.573099992237985,2.3295000137295574,1.8851000058930367,0.0,True,ok,5300,5300
142,22,2.2,1,215326.7523044,215326.758775,5.702199996449053,6.470599997555837,2.170399995520711,2.074399992125109,0.0,True,ok,5384,5384
143,23,2.3000000000000003,1,215326.7852788,215326.7928602,6.975700001930818,7.58139998652041,3.109000012045726,2.0770999835804105,0.0,True,ok,5355,5355
144,24,2.4000000000000004,1,215326.8185722,215326.8262784,6.767699989723042,7.7062000054866076,2.8159999928902835,2.272500016260892,33.29339998890646,True,ok,5072,5072
145,25,2.5,1,215326.8520854,215326.8586994,6.083400017814711,6.614000012632459,2.3372000141534954,2.243900002213195,0.0,True,ok,4851,4851
146,26,2.6,1,215326.8854543,215326.8921471,6.130699999630451,6.692800001474097,2.3423999955412,2.3475000052712858,0.0,True,ok,4933,4933
147,27,2.7,1,215326.9187853,215326.9256323,5.655000015394762,6.847000011475757,2.2151000157464296,2.076699980534613,33.330999984173104,True,ok,4889,4889
148,28,2.8000000000000003,1,215326.9522719,215326.9589282,5.749900010414422,6.656300014583394,2.2075999877415597,2.2012999979779124,33.486600004835054,True,ok,4508,4508
149,29,2.9000000000000004,1,215326.9853526,215326.9923834,6.469500018283725,7.030800014035776,2.586599992355332,2.528199984226376,0.0,True,ok,4516,4516
150,30,3.0,1,215327.0187722,215327.0252227,5.750500014983118,6.450499990023673,2.288899995619431,2.1262000082060695,0.0,True,ok,4326,4326
151,31,3.1,1,215327.0517373,215327.0583847,5.857600015588105,6.647400005022064,2.4884000013116747,1.872299995739013,0.0,True,ok,4407,4407
152,32,3.2,1,215327.085401,215327.0915643,5.6585000129416585,6.163300015032291,2.3612000222783536,1.967999996850267,0.0,True,ok,4113,4113
153,33,3.3000000000000003,1,215327.1185119,215327.1254151,6.350699986796826,6.903200002852827,2.5705999869387597,2.4369999882765114,0.0,True,ok,4211,4211
154,34,3.4000000000000004,1,215327.1522846,215327.1584918,5.419199995230883,6.207200000062585,2.241499983938411,1.8792999908328056,0.0,True,ok,4198,4198
155,35,3.5,1,215327.1850782,215327.1926242,6.626099988352507,7.545999978901818,2.8796000115107745,2.4443999864161015,32.79360002488829,True,ok,4125,4125
156,36,3.6,1,215327.2188026,215327.2254046,5.859400000190362,6.60200000857003,2.365799999097362,2.208299993071705,0.0,True,ok,4267,4267
157,37,3.7,1,215327.2520226,215327.2581882,5.663999996613711,6.165600003441796,2.4216999881900847,1.959099987288937,0.0,True,ok,3805,3805
158,38,3.8000000000000003,1,215327.2849708,215327.2913897,5.825100000947714,6.418899982236326,2.437799994368106,2.1662999934051186,0.0,True,ok,3921,3921
159,39,3.9000000000000004,1,215327.3186932,215327.325823,6.554499996127561,7.129799982067198,2.9869000136386603,2.2081999923102558,0.0,True,ok,3864,3864
160,40,4.0,1,215327.3518225,215327.3581307,5.609300016658381,6.308200012426823,2.345600019907579,1.8854000081773847,0.0,True,ok,3828,3828
161,41,4.1000000000000005,1,215327.3849245,215327.3908074,5.2803999860771,5.882900004507974,2.180200011935085,1.8989999953191727,0.0,True,ok,3659,3659
162,42,4.2,1,215327.4186934,215327.4250353,5.425499984994531,6.341900007100776,2.1730000153183937,1.9992000015918165,0.0,True,ok,3989,3989
163,43,4.3,1,215327.451686,215327.4581128,5.797999998321757,6.426800013286993,2.3273999977391213,2.162300021154806,0.0,True,ok,4294,4294
164,44,4.4,1,215327.4854138,215327.4919242,5.87900000391528,6.510400009574369,2.1834000071976334,2.315899997483939,0.0,True,ok,4623,4623
165,45,4.5,1,215327.5187986,215327.5257874,6.300100008957088,6.988799985265359,2.4451000208500773,2.3956999939400703,0.0,True,ok,4708,4708
166,46,4.6000000000000005,1,215327.5518748,215327.5583666,5.65669999923557,6.491799984360114,2.3649999930057675,2.0032000029459596,0.0,True,ok,4834,4834
167,47,4.7,1,215327.5851603,215327.5921648,6.446800020057708,7.004500017501414,2.9073000187054276,2.2350999934133142,0.0,True,ok,4677,4677
168,48,4.800000000000001,1,215327.6189535,215327.6249062,5.40340002044104,5.952700012130663,2.165400015655905,1.9906999950762838,0.0,True,ok,4591,4591
169,49,4.9,1,215327.6521631,215327.6585147,5.642499978421256,6.35159999364987,2.3883999965619296,1.9805000047199428,0.0,True,ok,4442,4442
170,50,5.0,1,215327.6853147,215327.6917226,5.805199994938448,6.40789998578839,2.372499991906807,2.080800011754036,0.0,True,ok,4408,4408
171,51,5.1000000000000005,1,215327.7182865,215327.7248088,5.892500019399449,6.522300012875348,2.3828000121284276,2.2117999906186014,0.0,True,ok,4418,4418
172,52,5.2,1,215327.7517262,215327.7580249,5.72190000093542,6.298699998296797,2.282000001287088,2.1055999968666583,0.0,True,ok,4600,4600
173,53,5.300000000000001,1,215327.7850303,215327.7913012,5.519700003787875,6.270899990340695,2.2595000045839697,1.997100014705211,0.0,True,ok,4489,4489
174,54,5.4,1,215327.8186844,215327.8249104,5.56779999169521,6.225999997695908,2.282700006617233,2.03719999990426,0.0,True,ok,4625,4625
175,55,5.5,1,215327.8522432,215327.8583421,5.5145999940577894,6.098899990320206,2.20320001244545,2.0456000056583434,0.0,True,ok,4379,4379
176,56,5.6000000000000005,1,215327.8853668,215327.8915862,5.595000024186447,6.219400005647913,2.4141999892890453,1.9398000149521977,0.0,True,ok,4212,4212
177,57,5.7,1,215327.9182432,215327.9244032,5.73690002784133,6.160000019008294,2.337600017199293,2.207399986218661,0.0,True,ok,4229,4229
178,58,5.800000000000001,1,215327.9520268,215327.9588367,6.255200016312301,6.809900020016357,2.6842000079341233,2.219599991803989,0.0,True,ok,4294,4294
179,59,5.9,1,215327.9854413,215327.9923135,6.358000013278797,6.8721999996341765,2.511900005629286,2.306999987922609,0.0,True,ok,4337,4337
180,60,6.0,1,215328.018969,215328.0259585,5.838399985805154,6.989499990595505,2.4253999872598797,2.1834000071976334,0.0,True,ok,4334,4334
181,61,6.1000000000000005,1,215328.0521071,215328.0607713,8.20059998659417,8.664199995109811,4.006100003607571,2.7381999825593084,0.0,True,ok,4169,4169
182,62,6.2,1,215328.0850784,215328.0912065,5.660799972247332,6.128099979832768,2.4204000073950738,1.8509999790694565,0.0,True,ok,4172,4172
183,63,6.300000000000001,1,215328.1187259,215328.1257942,5.958099995041266,7.068299979437143,2.531599981011823,2.18979999772273,0.0,True,ok,4147,4147
184,64,6.4,1,215328.151653,215328.1577698,5.519699974684045,6.116799981100485,2.362900006119162,1.9418999727349728,0.0,True,ok,4178,4178
185,65,6.5,1,215328.1853958,215328.1918009,5.699200002709404,6.405099993571639,2.3646999907214195,2.051699993899092,0.0,True,ok,4169,4169
186,66,6.6000000000000005,1,215328.2187954,215328.2250564,5.556699994485825,6.261000002268702,2.368400018895045,1.9601000240072608,0.0,True,ok,4168,4168
187,67,6.7,1,215328.2519478,215328.2581593,5.485200003022328,6.211500003701076,2.3560999834444374,1.870799984317273,0.0,True,ok,4086,4086
188,68,6.800000000000001,1,215328.2850258,215328.2921718,6.618800020078197,7.146000018110499,2.32759999926202,2.979899989441037,33.07800000766292,True,ok,4379,4379
189,69,6.9,1,215328.3184795,215328.3253752,6.166499981191009,6.8956999748479575,2.559200016548857,2.216599998064339,0.0,True,ok,4282,4282
190,70,7.0,1,215328.3519469,215328.3589604,6.3643999747000635,7.013499998720363,2.6351000124122947,2.4366999859921634,33.4673999750521,True,ok,4247,4247
191,71,7.1000000000000005,1,215328.3851606,215328.3914827,5.733300000429153,6.322100001852959,2.3999999975785613,2.008599985856563,0.0,True,ok,4354,4354
192,72,7.2,1,215328.4185202,215328.4259653,6.073600001400337,7.44509999640286,2.855200000340119,1.9749999919440597,0.0,True,ok,4628,4628
193,73,7.300000000000001,1,215328.4516316,215328.4580964,5.752299999585375,6.464799982495606,2.346099994610995,2.081899991026148,0.0,True,ok,4287,4287
194,74,7.4,1,215328.4854021,215328.4920362,6.037300016032532,6.634100020164624,2.438900002744049,2.076999982818961,0.0,True,ok,4455,4455
195,75,7.5,1,215328.518771,215328.5255364,6.251500017242506,6.765400001313537,2.4880999990273267,2.4508999777026474,0.0,True,ok,4560,4560
196,76,7.6000000000000005,1,215328.5520088,215328.5586207,5.953699990641326,6.611899996642023,2.792000013869256,1.8521999882068485,0.0,True,ok,4662,4662
197,77,7.7,1,215328.5852419,215328.591508,5.752199998823926,6.2661000119987875,2.4039999989327043,2.057700010482222,33.233099995413795,True,ok,4381,4381
198,78,7.800000000000001,1,215328.6187159,215328.6261483,6.906300026457757,7.432400016114116,3.544300008798018,1.9461999763734639,0.0,True,ok,4350,4350
199,79,7.9,1,215328.6521293,215328.6593714,5.842699989443645,7.24209999316372,2.6425999822095037,1.9295999954920262,0.0,True,ok,4058,4058
200,80,8.0,1,215328.6852938,215328.6917282,5.693200015230104,6.434400012949482,2.360700018471107,2.0726000075228512,0.0,True,ok,4074,4074
201,81,8.1,1,215328.7184805,215328.7245529,5.567300016991794,6.072399992262945,2.3378999903798103,2.041800005827099,0.0,True,ok,4080,4080
202,82,8.200000000000001,1,215328.7521663,215328.758391,5.556600022828206,6.224700016900897,2.300700027262792,1.9954000017605722,0.0,True,ok,4288,4288
203,83,8.3,1,215328.7854307,215328.7935586,6.947500020032749,8.127900015097111,2.3902000102680176,3.2839000050444156,0.0,True,ok,4269,4269
204,84,8.4,1,215328.8185309,215328.8250831,5.879300006199628,6.552200007718056,2.517399989301339,1.9833999976981431,0.0,True,ok,3996,3996
205,85,8.5,1,215328.8516756,215328.8586333,6.438299984438345,6.95770001038909,2.615599980344996,2.5098999904002994,0.0,True,ok,4318,4318
206,86,8.6,1,215328.8850413,215328.8916451,5.987299984553829,6.603799993172288,2.591500000562519,2.1232999861240387,0.0,True,ok,4410,4410
207,87,8.700000000000001,1,215328.9182659,215328.924638,5.639100010739639,6.372100004227832,2.3939999809954315,2.001400018343702,0.0,True,ok,4345,4345
208,88,8.8,1,215328.9519351,215328.958344,5.7483999989926815,6.408900022506714,2.499299996998161,2.0032999746035784,0.0,True,ok,3995,3995
209,89,8.9,1,215328.9855617,215328.9923003,6.063699984224513,6.738599971868098,2.5415999989490956,2.2689999896101654,33.62660002312623,True,ok,4114,4114
210,90,9.0,1,215329.0188028,215329.0254443,6.141699996078387,6.641499989200383,2.551899990066886,2.0216000266373158,0.0,True,ok,4407,4407
211,91,9.1,1,215329.0518223,215329.0590405,6.556899985298514,7.218199985800311,2.4318999785464257,2.7874999796040356,0.0,True,ok,4504,4504
212,92,9.200000000000001,1,215329.0853835,215329.0940104,7.870100002037361,8.626900002127513,2.4627000093460083,4.146399995079264,0.0,True,ok,4602,4602
213,93,9.3,1,215329.118548,215329.1249299,5.726999981561676,6.381899991538376,2.3040999949444085,2.2031999833416194,0.0,True,ok,4719,4719
214,94,9.4,1,215329.151895,215329.1581607,5.715400009648874,6.26570000895299,2.3394000018015504,2.1114000119268894,0.0,True,ok,4623,4623
215,95,9.5,1,215329.1850611,215329.1914002,5.633599997963756,6.339100014884025,2.3031000164337456,2.1071999799460173,0.0,True,ok,4555,4555
216,96,9.600000000000001,1,215329.2185529,215329.2252541,6.20049997814931,6.70119997812435,2.6501000102143735,2.315599995199591,0.0,True,ok,4902,4902
217,97,9.700000000000001,1,215329.2520643,215329.2585955,6.026499992003664,6.531199993332848,2.6526000001467764,2.1220000053290278,0.0,True,ok,4793,4793
218,98,9.8,1,215329.2852588,215329.2917089,5.925500008743256,6.450100016081706,2.4170000106096268,2.1604000066872686,0.0,True,ok,4857,4857
219,99,9.9,1,215329.3183541,215329.3248893,6.083000014768913,6.535200023790821,2.42100001196377,2.23869999172166,0.0,True,ok,4985,4985
220,100,10.0,1,215329.3517098,215329.3601676,7.295000017620623,8.457800024189055,3.606499987654388,2.220100024715066,0.0,True,ok,4973,4973
221,101,10.100000000000001,1,215329.3850138,215329.3913025,5.801599996630102,6.288700009463355,2.626000001328066,1.9715999951586127,0.0,True,ok,4507,4507
222,102,10.200000000000001,1,215329.4187382,215329.4246605,5.507299996679649,5.9222999843768775,2.365799999097362,1.9669999892357737,0.0,True,ok,4834,4834
223,103,10.3,1,215329.4518228,215329.4577961,5.322799988789484,5.9732999943662435,2.3050000017974526,1.8248999840579927,0.0,True,ok,4943,4943
224,104,10.4,1,215329.4854501,215329.4918438,5.710400000680238,6.393699994077906,2.4747999850660563,2.0259000011719763,0.0,True,ok,5082,5082
225,105,10.5,1,215329.5186012,215329.5248121,5.566999985603616,6.21089999913238,2.3056999780237675,1.9874999998137355,0.0,True,ok,4986,4986
226,106,10.600000000000001,1,215329.5516598,215329.5576056,5.263099999865517,5.9458000177983195,2.2838999866507947,1.816600008169189,0.0,True,ok,5037,5037
227,107,10.700000000000001,1,215329.5852614,215329.5920507,6.219500006409362,6.789300008676946,2.900699997553602,2.121800003806129,0.0,True,ok,5162,5162
228,108,10.8,1,215329.6183287,215329.624824,5.972199985990301,6.4953000110108405,2.492299972800538,2.3265999916475266,0.0,True,ok,4884,4884
229,109,10.9,1,215329.652038,215329.659959,6.645700021181256,7.921000011265278,2.553099999204278,2.8925999940838665,0.0,True,ok,4890,4890
230,110,11.0,1,215329.6852018,215329.691621,5.783000000519678,6.419200013624504,2.4320000084117055,2.164800011087209,0.0,True,ok,4848,4848
231,111,11.100000000000001,1,215329.7187057,215329.7249122,5.712000012863427,6.2064999947324395,2.4963000032585114,2.0320999901741743,0.0,True,ok,5030,5030
232,112,11.200000000000001,1,215329.7519015,215329.7582689,5.838700017193332,6.367399997543544,2.1495000110007823,2.27870000526309,0.0,True,ok,5114,5114
233,113,11.3,1,215329.7852794,215329.7918812,5.950600025244057,6.601800007047132,2.3387999972328544,2.4033999943640083,0.0,True,ok,5293,5293
234,114,11.4,1,215329.8184723,215329.8257227,6.46130001405254,7.250400027260184,2.74840000201948,2.3483000113628805,0.0,True,ok,5423,5423
235,115,11.5,1,215329.8519379,215329.8581809,5.766099988250062,6.242999981623143,2.5077000027522445,2.030799980275333,0.0,True,ok,5340,5340
236,116,11.600000000000001,1,215329.885246,215329.8918566,6.099299993366003,6.610600015847012,2.4793999909888953,2.3379999911412597,33.30809998442419,True,ok,5279,5279
237,117,11.700000000000001,1,215329.9187151,215329.926548,6.846599979326129,7.832899980712682,3.3998000144492835,2.251900004921481,0.0,True,ok,5498,5498
238,118,11.8,1,215329.9521638,215329.9597868,6.483800010755658,7.623000012245029,3.277800016803667,2.0046000136062503,0.0,True,ok,5517,5517
239,119,11.9,1,215329.9853927,215329.9936002,6.908299983479083,8.207499980926514,3.5291000094730407,2.0973999926354736,0.0,True,ok,5266,5266
240,0,0.0,2,215330.0205279,215330.0273568,5.627000005915761,6.828900019172579,2.3271000245586038,2.0887999853584915,35.13519998523407,True,ok,4708,4708
241,1,0.1,2,215330.0519416,215330.0591168,6.019899999955669,7.1752000076230615,2.668100001756102,2.0167999900877476,0.0,True,ok,4681,4681
242,2,0.2,2,215330.0855451,215330.0915723,5.57680000201799,6.02719999733381,2.47869998565875,1.9512000144459307,0.0,True,ok,4360,4360
243,3,0.30000000000000004,2,215330.1188489,215330.1260374,6.299900007434189,7.188500021584332,2.723599987803027,2.353700023377314,0.0,True,ok,4532,4532
244,4,0.4,2,215330.1521463,215330.1585516,5.753400007961318,6.405299995094538,2.5304000009782612,1.8943999893963337,0.0,True,ok,4533,4533
245,5,0.5,2,215330.1853359,215330.191728,5.949899990810081,6.392100010998547,2.5295999948866665,2.261300018290058,0.0,True,ok,4334,4334
246,6,0.6000000000000001,2,215330.218566,215330.2248567,5.657200003042817,6.290699995588511,2.4513000098522753,2.0321999909356236,0.0,True,ok,4462,4462
247,7,0.7000000000000001,2,215330.2517161,215330.2573401,5.169100011698902,5.624000012176111,2.148600004147738,1.8795000214595348,0.0,True,ok,4479,4479
248,8,0.8,2,215330.2854915,215330.2924955,6.113600014941767,7.004000013694167,2.617000020109117,2.2974999737925828,0.0,True,ok,4534,4534
249,9,0.9,2,215330.3185432,215330.3249292,5.673200008459389,6.385999993653968,2.3618999985046685,2.0118999818805605,0.0,True,ok,4491,4491
250,10,1.0,2,215330.3520065,215330.3582581,5.7055999932345,6.251599988900125,2.2772999946027994,2.1997000148985535,0.0,True,ok,4600,4600
251,11,1.1,2,215330.3852179,215330.3920295,6.359500024700537,6.811600003857166,2.4397000088356435,2.295299986144528,0.0,True,ok,4781,4781
252,12,1.2000000000000002,2,215330.4183618,215330.4244621,5.443000001832843,6.100300000980496,2.294100006110966,1.9551999866962433,0.0,True,ok,5044,5044
253,13,1.3,2,215330.4518026,215330.4582592,6.00650001433678,6.456600007368252,2.34990002354607,2.494200016371906,0.0,True,ok,4620,4620
254,14,1.4000000000000001,2,215330.4855728,215330.4929051,6.1474999820347875,7.332299981499091,2.6108000020030886,2.3469000007025898,0.0,True,ok,4785,4785
255,15,1.5,2,215330.5189034,215330.5265723,6.228600017493591,7.668900012504309,2.8663999983109534,2.0736000151373446,0.0,True,ok,5045,5045
256,16,1.6,2,215330.551851,215330.5585379,6.194400019012392,6.686900014756247,2.501100010704249,2.4010000051930547,0.0,True,ok,5382,5382
257,17,1.7000000000000002,2,215330.5850157,215330.591184,5.756300000939518,6.168299994897097,2.3089000023901463,2.2139999782666564,33.1646999984514,True,ok,5312,5312
258,18,1.8,2,215330.618701,215330.6252921,6.104400003096089,6.591100012883544,2.61360002332367,2.139899996109307,0.0,True,ok,5363,5363
259,19,1.9000000000000001,2,215330.65181,215330.6581057,5.641499999910593,6.295699975453317,2.313599979970604,2.053400006843731,0.0,True,ok,5455,5455
260,20,2.0,2,215330.685543,215330.6925599,6.110399990575388,7.01689999550581,2.403899998171255,2.2852999973110855,0.0,True,ok,5508,5508
261,21,2.1,2,215330.7184416,215330.725574,5.990700010443106,7.13240000186488,2.696700015803799,2.005799993639812,0.0,True,ok,5300,5300
262,22,2.2,2,215330.751984,215330.7603652,7.974799984367564,8.381199993891641,3.9678000030107796,2.4204999790526927,0.0,True,ok,5384,5384
263,23,2.3000000000000003,2,215330.7853522,215330.7934706,7.678299996769056,8.118400000967085,4.300300002796575,2.0960999827366322,0.0,True,ok,5355,5355
264,24,2.4000000000000004,2,215330.8185194,215330.827416,8.02419998217374,8.896599989384413,4.4861999922432005,2.341499988688156,0.0,True,ok,5072,5072
265,25,2.5,2,215330.8518764,215330.860605,7.909699983429164,8.728599990718067,4.501199990045279,2.160800009733066,0.0,True,ok,4851,4851
266,26,2.6,2,215330.8851673,215330.8932329,7.4483000207692385,8.065600006375462,4.163599980529398,2.0512999908532947,0.0,True,ok,4933,4933
267,27,2.7,2,215330.9185058,215330.9282395,8.993700001155958,9.733700018841773,4.396900010760874,2.7230999839957803,33.33849998307414,True,ok,4889,4889
268,28,2.8000000000000003,2,215330.952003,215330.960013,7.645800011232495,8.009999990463257,4.073099989909679,2.139999996870756,0.0,True,ok,4508,4508
269,29,2.9000000000000004,2,215330.9853827,215330.9934721,7.489300012821332,8.089400012977421,4.183400014881045,2.063599997200072,0.0,True,ok,4516,4516
270,30,3.0,2,215331.0185015,215331.0264031,7.281900005182251,7.901600009063259,4.157699993811548,1.8733999750111252,0.0,True,ok,4326,4326
271,31,3.1,2,215331.0519611,215331.0600659,7.53689999692142,8.104800013825297,4.394000017782673,1.9338000274728984,0.0,True,ok,4407,4407
272,32,3.2,2,215331.0852481,215331.0933964,7.588000007672235,8.148300024913624,4.172000015387312,2.2102000075392425,0.0,True,ok,4113,4113
273,33,3.3000000000000003,2,215331.1184513,215331.1262827,7.349499996053055,7.831399998394772,4.104799998458475,2.060200000414625,0.0,True,ok,4211,4211
274,34,3.4000000000000004,2,215331.1520692,215331.1600791,7.5536000076681376,8.009899989701807,4.243800009135157,2.012099983403459,0.0,True,ok,4198,4198
275,35,3.5,2,215331.1853469,215331.1938135,7.966500008478761,8.466600003885105,4.326399997808039,2.424400008749217,0.0,True,ok,4125,4125
276,36,3.6,2,215331.2189065,215331.2270363,7.4841000023297966,8.129800000460818,4.141999990679324,2.178300026571378,0.0,True,ok,4267,4267
277,37,3.7,2,215331.2517724,215331.2598957,7.492200005799532,8.123300009174272,4.214399988995865,2.1047999907750636,0.0,True,ok,3805,3805
278,38,3.8000000000000003,2,215331.2852955,215331.2937071,7.894400012446567,8.411599992541596,4.021800006739795,2.490800019586459,0.0,True,ok,3921,3921
279,39,3.9000000000000004,2,215331.318503,215331.3273026,8.15919999149628,8.799600007478148,4.625700006727129,2.2709999757353216,0.0,True,ok,3864,3864
280,40,4.0,2,215331.3516885,215331.3612955,8.369800023501739,9.607000014511868,5.087300000013784,2.1305999835021794,0.0,True,ok,3828,3828
281,41,4.1000000000000005,2,215331.3852425,215331.3931303,7.449900003848597,7.887800020398572,4.177100025117397,2.1025000023655593,0.0,True,ok,3659,3659
282,42,4.2,2,215331.4185802,215331.4267243,7.695799984503537,8.144099992932752,4.2538999987300485,2.264500013552606,0.0,True,ok,3989,3989
283,43,4.3,2,215331.4520721,215331.4597453,6.986199994571507,7.6732000161428005,3.9032000058796257,1.944800023920834,0.0,True,ok,4294,4294
284,44,4.4,2,215331.4852968,215331.4940117,8.092700009001419,8.71490000281483,4.264899995177984,2.2622999968007207,0.0,True,ok,4623,4623
285,45,4.5,2,215331.5187422,215331.5298648,10.42739997501485,11.122600000817329,4.373300005681813,4.740700009278953,0.0,True,ok,4708,4708
286,46,4.6000000000000005,2,215331.551825,215331.560075,7.681899995077401,8.249999984400347,4.374699987238273,2.1089999936521053,0.0,True,ok,4834,4834
287,47,4.7,2,215331.5853775,215331.5958764,9.907300001941621,10.498899995582178,5.5970000103116035,2.9140000115148723,0.0,True,ok,4677,4677
288,48,4.800000000000001,2,215331.6186432,215331.6276851,8.297899999888614,9.041899989824742,4.553999984636903,2.4590000102762133,33.265699981711805,True,ok,4591,4591
289,49,4.9,2,215331.6520111,215331.6605277,7.998699991730973,8.516600006259978,4.612299992004409,2.1081000159028918,0.0,True,ok,4442,4442
290,50,5.0,2,215331.6850262,215331.6938869,8.198800001991913,8.860700007062405,4.777299996931106,2.182099997298792,0.0,True,ok,4408,4408
291,51,5.1000000000000005,2,215331.7187296,215331.7275023,8.234999986598268,8.77270000637509,4.63599999784492,2.2607999853789806,0.0,True,ok,4418,4418
292,52,5.2,2,215331.751728,215331.7605344,8.148299995809793,8.806400001049042,4.341499996371567,2.5682999985292554,0.0,True,ok,4600,4600
293,53,5.300000000000001,2,215331.7853647,215331.7933274,7.305999984964728,7.962700008647516,4.0062000043690205,2.070399990770966,0.0,True,ok,4489,4489
294,54,5.4,2,215331.8184519,215331.8269146,7.950800005346537,8.462700003292412,4.45970002328977,2.202499978011474,0.0,True,ok,4625,4625
295,55,5.5,2,215331.8520642,215331.8617258,9.10749999457039,9.66159999370575,5.6588000152260065,2.222300012363121,33.612300001550466,True,ok,4379,4379
296,56,5.6000000000000005,2,215331.885107,215331.894018,8.3740999980364,8.910999982617795,5.140099994605407,2.050000010058284,0.0,True,ok,4212,4212
297,57,5.7,2,215331.9187351,215331.9278355,8.290700003271922,9.100400027818978,4.9325999862048775,2.169799990952015,0.0,True,ok,4229,4229
298,58,5.800000000000001,2,215331.951779,215331.96177,9.474499995121732,9.990999998990446,5.23310000426136,2.8995000175200403,0.0,True,ok,4294,4294
299,59,5.9,2,215331.9853611,215331.9944385,8.347700000740588,9.077399998204783,4.900200001429766,2.0904999983031303,0.0,True,ok,4337,4337
300,60,6.0,2,215332.0183618,215332.0278234,8.543300005840138,9.46160001331009,4.736800008686259,2.608599985251203,0.0,True,ok,4334,4334
301,61,6.1000000000000005,2,215332.0520482,215332.06201,9.054800000740215,9.961799980374053,5.3626000008080155,2.3327999806497246,33.686400012811646,True,ok,4169,4169
302,62,6.2,2,215332.0853051,215332.0941922,8.410699985688552,8.887100004358217,5.2241999947000295,1.984099973924458,33.256899972911924,True,ok,4172,4172
303,63,6.300000000000001,2,215332.1186856,215332.1282708,8.436599979177117,9.585199994035065,4.9125000077765435,2.31280000298284,0.0,True,ok,4147,4147
304,64,6.4,2,215332.1516815,215332.1611966,8.902300003683195,9.515100013231859,5.7403999962843955,1.988399977562949,0.0,True,ok,4178,4178
305,65,6.5,2,215332.1852238,215332.1940311,8.15479998709634,8.807299978798255,4.908300004899502,1.923600008012727,0.0,True,ok,4169,4169
306,66,6.6000000000000005,2,215332.2186246,215332.2270419,7.948200014652684,8.417300006840378,4.638599988538772,2.061200008029118,0.0,True,ok,4168,4168
307,67,6.7,2,215332.2523999,215332.2611513,8.075899997493252,8.751399989705533,4.703800019342452,2.1299000072758645,0.0,True,ok,4086,4086
308,68,6.800000000000001,2,215332.2854036,215332.2944565,8.329100004630163,9.052900015376508,4.686600004788488,2.411599998595193,0.0,True,ok,4379,4379
309,69,6.9,2,215332.3183103,215332.3271595,8.351399999810383,8.849200006807223,5.052599997725338,2.064200001768768,0.0,True,ok,4282,4282
310,70,7.0,2,215332.352184,215332.3610329,8.272899984149262,8.848900004522875,4.821900016395375,2.210300008300692,0.0,True,ok,4247,4247
311,71,7.1000000000000005,2,215332.38552,215332.3941186,8.072500000707805,8.598599990364164,4.77959998534061,2.036599995335564,0.0,True,ok,4354,4354
312,72,7.2,2,215332.4184498,215332.4273592,8.34289999329485,8.909399999538437,4.946000000927597,2.1117000142112374,0.0,True,ok,4628,4628
313,73,7.300000000000001,2,215332.4516466,215332.4603012,8.004499977687374,8.654599980218336,4.781899973750114,1.9737000111490488,0.0,True,ok,4287,4287
314,74,7.4,2,215332.4854554,215332.4940521,8.09689998277463,8.596700005000457,4.744999983813614,2.099000004818663,0.0,True,ok,4455,4455
315,75,7.5,2,215332.5183402,215332.527293,8.455599978333339,8.952799980761483,4.981999984011054,2.2117000189609826,0.0,True,ok,4560,4560
316,76,7.6000000000000005,2,215332.5519734,215332.5604697,7.872899994254112,8.496299997204915,4.608999995980412,1.98529998306185,0.0,True,ok,4662,4662
317,77,7.7,2,215332.5851264,215332.5938647,8.051300013903528,8.738300006370991,4.848700016736984,1.9651000038720667,0.0,True,ok,4381,4381
318,78,7.800000000000001,2,215332.6184375,215332.6271376,8.140799996908754,8.70010000653565,4.801800008863211,2.078900026390329,0.0,True,ok,4350,4350
319,79,7.9,2,215332.6517363,215332.660138,7.864800019888207,8.401700004469603,4.788200021721423,1.865800004452467,0.0,True,ok,4058,4058
320,80,8.0,2,215332.6851364,215332.6938603,7.987499993760139,8.723900013137609,4.827900003874674,1.9097000185865909,0.0,True,ok,4074,4074
321,81,8.1,2,215332.7186639,215332.7277895,8.628400013549253,9.125599986873567,4.782900010468438,2.156999980797991,0.0,True,ok,4080,4080
322,82,8.200000000000001,2,215332.7518757,215332.7606942,8.304199989652261,8.81850000587292,4.768299986608326,2.231599995866418,0.0,True,ok,4288,4288
323,83,8.3,2,215332.7853553,215332.7939421,8.054099977016449,8.586799987824634,4.6802000142633915,2.0819000201299787,0.0,True,ok,4269,4269
324,84,8.4,2,215332.8183725,215332.8274641,8.552799990866333,9.091599989915267,4.918300022836775,2.2723000147379935,33.01720001036301,True,ok,3996,3996
325,85,8.5,2,215332.8520009,215332.8614477,8.78890001331456,9.44680001703091,5.04640000872314,2.4290999863296747,0.0,True,ok,4318,4318
326,86,8.6,2,215332.8852614,215332.8947248,8.646299975225702,9.463399997912347,5.099300004076213,2.275000006193295,0.0,True,ok,4410,4410
327,87,8.700000000000001,2,215332.9189531,215332.9288308,8.501899981638417,9.877700009383261,5.162600020412356,2.049700007773936,0.0,True,ok,4345,4345
328,88,8.8,2,215332.952125,215332.9609676,8.200299984309822,8.842599985655397,4.8500999982934445,2.0111000048927963,0.0,True,ok,3995,3995
329,89,8.9,2,215332.9852642,215332.9942428,8.159899996826425,8.97860000259243,4.759100003866479,2.155599999241531,33.1391999789048,True,ok,4114,4114
330,90,9.0,2,215333.0183786,215333.027094,8.195699978386983,8.715399977518246,4.772400017827749,2.024200017331168,0.0,True,ok,4407,4407
331,91,9.1,2,215333.0519433,215333.0611563,8.71040002675727,9.213000012096018,4.8291000130120665,2.376299991738051,0.0,True,ok,4504,4504
332,92,9.200000000000001,2,215333.0854461,215333.0947868,8.66010002209805,9.340699994936585,4.804199998034164,2.4739000073168427,0.0,True,ok,4602,4602
333,93,9.3,2,215333.1185961,215333.1277285,8.643799985293299,9.132400009548292,5.105199990794063,2.230199985206127,0.0,True,ok,4719,4719
334,94,9.4,2,215333.1521237,215333.1615628,8.242699987022206,9.439099987503141,4.621899977792054,2.230499987490475,0.0,True,ok,4623,4623
335,95,9.5,2,215333.1857891,215333.1946029,8.246200013672933,8.813799999188632,4.702200007159263,2.2381000162567943,0.0,True,ok,4555,4555
336,96,9.600000000000001,2,215333.2184166,215333.2276357,8.526399993570521,9.219100000336766,5.058799986727536,2.181199990445748,0.0,True,ok,4902,4902
337,97,9.700000000000001,2,215333.252022,215333.2606146,8.031400007894263,8.592600002884865,4.650499991839752,2.100500016240403,0.0,True,ok,4793,4793
338,98,9.8,2,215333.2852969,215333.2939866,8.13689999631606,8.68970001465641,4.754800000227988,2.0505999855231494,0.0,True,ok,4857,4857
339,99,9.9,2,215333.3187058,215333.3279282,8.256599976448342,9.222399996360764,4.909099981887266,2.045500004896894,0.0,True,ok,4985,4985
340,100,10.0,2,215333.3519625,215333.3618685,9.379100025398657,9.90600002114661,6.075500015867874,1.8305999983567744,0.0,True,ok,4973,4973
341,101,10.100000000000001,2,215333.3850239,215333.3938144,8.108400012133643,8.79050002549775,4.766699974425137,1.9998000061605126,0.0,True,ok,4507,4507
342,102,10.200000000000001,2,215333.4184034,215333.4272222,8.334999991348013,8.818800008157268,4.833299986785278,2.164500008802861,0.0,True,ok,4834,4834
343,103,10.3,2,215333.4521327,215333.4601107,7.472900004358962,7.977999979630113,4.247899982146919,1.9219000241719186,33.729300019331276,True,ok,4943,4943
344,104,10.4,2,215333.4851067,215333.4946373,8.321600005729124,9.530599985737354,5.0063999951817095,1.9616000063251704,0.0,True,ok,5082,5082
345,105,10.5,2,215333.5186064,215333.527565,8.43019998865202,8.958599995821714,4.833899991353974,2.107099979184568,0.0,True,ok,4986,4986
346,106,10.600000000000001,2,215333.5518469,215333.5605186,8.192799985408783,8.67169999401085,4.7101999807637185,2.0280999888200313,0.0,True,ok,5037,5037
347,107,10.700000000000001,2,215333.5849572,215333.5936767,8.261599985416979,8.719500008737668,4.808300000149757,2.1095000265631825,0.0,True,ok,5162,5162
348,108,10.8,2,215333.6186376,215333.6277741,8.55339999543503,9.136499982560053,4.811700026039034,2.4953999964054674,0.0,True,ok,4884,4884
349,109,10.9,2,215333.6520982,215333.6606243,8.106799999950454,8.526100020390004,4.776499990839511,1.97199999820441,0.0,True,ok,4890,4890
350,110,11.0,2,215333.6851589,215333.694187,8.395499986363575,9.028099972056225,4.869399999734014,2.162099990528077,0.0,True,ok,4848,4848
351,111,11.100000000000001,2,215333.7183219,215333.7270729,8.16199998371303,8.750999986659735,4.727999999886379,2.1225999807938933,0.0,True,ok,5030,5030
352,112,11.200000000000001,2,215333.751733,215333.7600506,7.762399996863678,8.31759997527115,4.58559999242425,1.8367000157013535,0.0,True,ok,5114,5114
353,113,11.3,2,215333.785526,215333.7941953,8.239899994805455,8.669300004839897,4.644700005883351,2.175300003727898,0.0,True,ok,5293,5293
354,114,11.4,2,215333.8188261,215333.8287327,9.46010000188835,9.906599996611476,5.132699996465817,2.6233999815303832,0.0,True,ok,5423,5423
355,115,11.5,2,215333.8520273,215333.8614014,8.727200009161606,9.37410001643002,4.932700016070157,2.3159999982453883,0.0,True,ok,5340,5340
356,116,11.600000000000001,2,215333.885049,215333.894336,8.855899999616668,9.286999993491918,4.784199991263449,2.7120000158902258,33.0217000155244,True,ok,5279,5279
357,117,11.700000000000001,2,215333.9186678,215333.9282553,9.156600019196048,9.5875000115484,5.556999996770173,2.2028000093996525,0.0,True,ok,5498,5498
358,118,11.8,2,215333.9520368,215333.9616329,9.20090000727214,9.596099989721552,5.615200003376231,2.18829998630099,0.0,True,ok,5517,5517
359,119,11.9,2,215333.9853829,215333.996545,9.934000001521781,11.162100010551512,6.253600004129112,2.1983000042382628,0.0,True,ok,5266,5266
360,0,0.0,3,215334.0207224,215334.0299325,8.62440001219511,9.210100019117817,4.965100000845268,2.2594000038225204,0.0,True,ok,4708,4708
361,1,0.1,3,215334.0519397,215334.0625588,10.053400008473545,10.619100008625537,6.462899997131899,2.21800000872463,0.0,True,ok,4681,4681
362,2,0.2,3,215334.0851482,215334.0938572,8.284600015031174,8.708999986993149,4.974400013452396,1.982499990845099,0.0,True,ok,4360,4360
363,3,0.30000000000000004,3,215334.1185839,215334.1275364,8.304099988890812,8.952499978477135,4.825500014703721,2.1712000016123056,0.0,True,ok,4532,4532
364,4,0.4,3,215334.1520152,215334.1617352,9.313899994594976,9.720000001834705,5.500599974766374,2.454300003591925,0.0,True,ok,4533,4533
365,5,0.5,3,215334.1850899,215334.1941503,8.539300004485995,9.060399985173717,4.956899996614084,2.186400000937283,0.0,True,ok,4334,4334
366,6,0.6000000000000001,3,215334.2187611,215334.2274808,8.167299994966015,8.719700010260567,4.712399997515604,2.0852000161539763,0.0,True,ok,4462,4462
367,7,0.7000000000000001,3,215334.2517537,215334.2605579,8.200000011129305,8.804200013400987,4.841399990255013,2.017499995417893,0.0,True,ok,4479,4479
368,8,0.8,3,215334.2856158,215334.2941161,7.937499991385266,8.500299998559058,4.626599984476343,1.974199985852465,0.0,True,ok,4534,4534
369,9,0.9,3,215334.3184494,215334.3274063,8.311399986268952,8.956900011980906,4.953499999828637,2.0192999800201505,0.0,True,ok,4491,4491
370,10,1.0,3,215334.351954,215334.3608914,8.354199992027134,8.937399979913607,4.656100005377084,2.3034000187180936,0.0,True,ok,4600,4600
371,11,1.1,3,215334.3853297,215334.3953862,9.474399994360283,10.056500002974644,6.080699997255579,2.024599991273135,0.0,True,ok,4781,4781
372,12,1.2000000000000002,3,215334.418814,215334.4282888,8.758799987845123,9.47479999740608,4.8952000215649605,2.246999996714294,0.0,True,ok,5044,5044
373,13,1.3,3,215334.4520513,215334.4606211,8.191400003852323,8.569800003897399,4.86260000616312,1.9845999777317047,0.0,True,ok,4620,4620
374,14,1.4000000000000001,3,215334.4851368,215334.4941747,8.094299992080778,9.037899988470599,4.632900003343821,2.069499983917922,0.0,True,ok,4785,4785
375,15,1.5,3,215334.5188458,215334.5281672,8.726000000024214,9.321400022599846,5.079800001112744,2.0776999881491065,0.0,True,ok,5045,5045
376,16,1.6,3,215334.5518937,215334.5603475,7.890299981227145,8.453799993731081,4.368800000520423,2.064900007098913,0.0,True,ok,5382,5382
377,17,1.7000000000000002,3,215334.5850102,215334.5937722,8.168300002580509,8.761999983107671,4.595200007315725,2.05500001902692,0.0,True,ok,5312,5312
378,18,1.8,3,215334.61844,215334.6272051,8.264600008260459,8.7651000067126,4.743600002257153,2.03280002460815,0.0,True,ok,5363,5363
379,19,1.9000000000000001,3,215334.651809,215334.6619988,9.681199997430667,10.189799999352545,5.922900018049404,2.280599990626797,0.0,True,ok,5455,5455
380,20,2.0,3,215334.6853093,215334.697293,10.591199999907985,11.983700009295717,5.692899983841926,3.0909999914001673,0.0,True,ok,5508,5508
381,21,2.1,3,215334.7188882,215334.72831,8.294600003864616,9.421800001291558,4.802899988135323,2.0081999828107655,0.0,True,ok,5300,5300
382,22,2.2,3,215334.7519377,215334.7613776,8.957199985161424,9.439899993594736,5.078200018033385,2.2317999973893166,0.0,True,ok,5384,5384
383,23,2.3000000000000003,3,215334.7850324,215334.7940655,8.466500003123656,9.033100010128692,4.671900009270757,2.2902000055182725,0.0,True,ok,5355,5355
384,24,2.4000000000000004,3,215334.8185829,215334.8279323,8.36369997705333,9.349399973871186,4.77369999862276,2.214300009654835,33.55050002573989,True,ok,5072,5072
385,25,2.5,3,215334.8518823,215334.8607746,8.334500016644597,8.892300014849752,4.661600018152967,2.2544999956153333,0.0,True,ok,4851,4851
386,26,2.6,3,215334.8853734,215334.8940669,8.227599988458678,8.693499985383824,4.7701000003144145,2.039300015894696,0.0,True,ok,4933,4933
387,27,2.7,3,215334.9186149,215334.9272283,7.9511999792885035,8.613399986643344,4.589899996062741,1.950400008354336,0.0,True,ok,4889,4889
388,28,2.8000000000000003,3,215334.9521899,215334.9617869,9.027699998114258,9.596999996574596,5.340400006389245,2.328800008399412,0.0,True,ok,4508,4508
389,29,2.9000000000000004,3,215334.9852874,215334.995725,9.97249997453764,10.437599994475022,5.14120000298135,2.735599991865456,0.0,True,ok,4516,4516
390,30,3.0,3,215335.0186034,215335.0291736,10.072200006106868,10.570199985522777,6.64199999300763,2.067099994746968,0.0,True,ok,4326,4326
391,31,3.1,3,215335.0516633,215335.0607505,8.54450001497753,9.087200014619157,4.944599990267307,2.2240999969653785,0.0,True,ok,4407,4407
392,32,3.2,3,215335.0851515,215335.0940072,8.287400007247925,8.855699998093769,4.862100002355874,2.024299988988787,0.0,True,ok,4113,4113
393,33,3.3000000000000003,3,215335.1185553,215335.1276613,8.266200020443648,9.10600001225248,4.62849999894388,2.310799987753853,0.0,True,ok,4211,4211
394,34,3.4000000000000004,3,215335.1517528,215335.1615774,9.254600008716807,9.82459998340346,5.871500005014241,2.044900000328198,0.0,True,ok,4198,4198
395,35,3.5,3,215335.1855303,215335.1953663,9.385600016685203,9.836000012001023,5.893000023206696,2.1988999797031283,0.0,True,ok,4125,4125
396,36,3.6,3,215335.2184153,215335.2272218,8.159700024407357,8.806500001810491,4.730900021968409,2.061899984255433,0.0,True,ok,4267,4267
397,37,3.7,3,215335.2521761,215335.2615908,8.321899978909642,9.414699976332486,4.7651999921072274,2.2871000110171735,0.0,True,ok,3805,3805
398,38,3.8000000000000003,3,215335.2850414,215335.2936811,8.218000002671033,8.639700012281537,4.894100013189018,2.0659000147134066,0.0,True,ok,3921,3921
399,39,3.9000000000000004,3,215335.318422,215335.3273598,8.364399982383475,8.937799982959405,4.9678000214044005,2.156500006094575,0.0,True,ok,3864,3864
400,40,4.0,3,215335.3520246,215335.3619566,9.440499998163432,9.932000015396625,6.284300005063415,1.9202999828848988,0.0,True,ok,3828,3828
401,41,4.1000000000000005,3,215335.3850878,215335.3938242,8.191600005375221,8.736399991903454,4.915400000754744,1.9959000055678189,0.0,True,ok,3659,3659
402,42,4.2,3,215335.41844,215335.4273224,8.403400017414242,8.882399997673929,4.918500024359673,2.2016000002622604,0.0,True,ok,3989,3989
403,43,4.3,3,215335.4516735,215335.4622496,10.19780000206083,10.576100001344457,5.89090000721626,2.2441000037360936,0.0,True,ok,4294,4294
404,44,4.4,3,215335.4852999,215335.4952393,9.459799999604002,9.939400013536215,5.058800015831366,2.915700024459511,0.0,True,ok,4623,4623
405,45,4.5,3,215335.5187283,215335.5280135,8.824699994875118,9.28520000888966,5.0999999803025275,2.3978000099305063,0.0,True,ok,4708,4708
406,46,4.6000000000000005,3,215335.552115,215335.5622262,9.406400000443682,10.111200012033805,5.805099994176999,2.005899994401261,33.38670000084676,True,ok,4834,4834
407,47,4.7,3,215335.5855773,215335.5942971,8.242800016887486,8.719800011022016,4.77820000378415,2.1594999998342246,0.0,True,ok,4677,4677
408,48,4.800000000000001,3,215335.6188581,215335.6274496,8.007299999007955,8.591499994508922,4.825199983315542,1.8844000005628914,0.0,True,ok,4591,4591
409,49,4.9,3,215335.6518482,215335.6617205,9.398900001542643,9.872299997368827,5.952699983026832,2.159900002880022,0.0,True,ok,4442,4442
410,50,5.0,3,215335.6852263,215335.6943521,8.512600004905835,9.125799988396466,5.096999986562878,2.135699993232265,0.0,True,ok,4408,4408
411,51,5.1000000000000005,3,215335.7187483,215335.7274673,8.189699990907684,8.719000004930422,4.673199990065768,2.165400015655905,33.521999983349815,True,ok,4418,4418
412,52,5.2,3,215335.7516779,215335.7612422,8.712100010598078,9.564300009515136,5.497500009369105,1.9107999978587031,0.0,True,ok,4600,4600
413,53,5.300000000000001,3,215335.785262,215335.7944232,8.707099972525612,9.161199996015057,5.108800018206239,2.3179000127129257,0.0,True,ok,4489,4489
414,54,5.4,3,215335.8183534,215335.8278614,8.666100009577349,9.507999988272786,5.028199986554682,2.334399992832914,0.0,True,ok,4625,4625
415,55,5.5,3,215335.8517963,215335.8622933,10.022599977673963,10.49699998111464,6.4774000202305615,2.2699999972246587,0.0,True,ok,4379,4379
416,56,5.6000000000000005,3,215335.8853926,215335.8938857,8.048499992582947,8.493100001942366,4.946300003211945,1.871099986601621,0.0,True,ok,4212,4212
417,57,5.7,3,215335.9187638,215335.9274815,8.32669998635538,8.71769999503158,4.889000003458932,2.1001000131946057,0.0,True,ok,4229,4229
418,58,5.800000000000001,3,215335.9520003,215335.9616916,8.764900005189702,9.69130001612939,5.311800021445379,2.0878000068478286,0.0,True,ok,4294,4294
419,59,5.9,3,215335.9853734,215335.9949735,8.541899995179847,9.600099991075695,4.851199977565557,2.2795999830123037,0.0,True,ok,4337,4337
420,60,6.0,3,215336.0184513,215336.0276019,8.604699978604913,9.150599973509088,4.969600006006658,2.3967999732121825,0.0,True,ok,4334,4334
421,61,6.1000000000000005,3,215336.0519918,215336.0607052,8.234000008087605,8.71340002049692,4.923100001178682,2.046700014034286,0.0,True,ok,4169,4169
422,62,6.2,3,215336.0851841,215336.095668,9.305199986556545,10.4838999977801,5.657800007611513,2.2624999983236194,33.1923000048846,True,ok,4172,4172
423,63,6.300000000000001,3,215336.1184075,215336.1282081,8.957500016549602,9.800600004382432,5.5444999889004976,2.156999980797991,0.0,True,ok,4147,4147
424,64,6.4,3,215336.1520782,215336.1615877,8.947799971792847,9.509499999694526,5.64190000295639,2.011000004131347,0.0,True,ok,4178,4178
425,65,6.5,3,215336.1852664,215336.1947218,8.139600016875193,9.455400024307892,4.713600006652996,1.9854999845847487,0.0,True,ok,4169,4169
426,66,6.6000000000000005,3,215336.2190803,215336.2274497,7.816700002877042,8.369399991352111,4.552400001557544,2.0041000097990036,0.0,True,ok,4168,4168
427,67,6.7,3,215336.251995,215336.2602282,7.753399986540899,8.23320000199601,4.418800002895296,2.0235999836586416,32.914699986577034,True,ok,4086,4086
428,68,6.800000000000001,3,215336.2850242,215336.2940492,8.296599989989772,9.024999977555126,4.725599981611595,2.2207000001799315,0.0,True,ok,4379,4379
429,69,6.9,3,215336.3186989,215336.3274785,8.274499996332452,8.779600000707433,4.893599980277941,2.048599999397993,0.0,True,ok,4282,4282
430,70,7.0,3,215336.3517257,215336.3605275,8.207899983972311,8.801799995126203,4.764299985254183,2.143599995179102,0.0,True,ok,4247,4247
431,71,7.1000000000000005,3,215336.385378,215336.3940078,8.029399992665276,8.629799995105714,4.720199998700991,2.0209000213071704,0.0,True,ok,4354,4354
432,72,7.2,3,215336.4188409,215336.4275839,8.093499985989183,8.74299998395145,4.797999979928136,2.0034000044688582,0.0,True,ok,4628,4628
433,73,7.300000000000001,3,215336.4521347,215336.4609538,8.299700013594702,8.819100010441616,4.804099997272715,2.196400018874556,0.0,True,ok,4287,4287
434,74,7.4,3,215336.4852167,215336.4938785,8.053600002313033,8.661800005938858,4.661499988287687,2.054400014458224,0.0,True,ok,4455,4455
435,75,7.5,3,215336.5184738,215336.5271717,8.149500004947186,8.697899989783764,4.753899993374944,2.061100007267669,0.0,True,ok,4560,4560
436,76,7.6000000000000005,3,215336.5519352,215336.5610313,8.581699978094548,9.096099995076656,4.995099996449426,2.153199980966747,0.0,True,ok,4662,4662
437,77,7.7,3,215336.5850619,215336.5940924,8.009899989701807,9.030499990331009,4.725799983134493,1.9514999876264483,33.12670000013895,True,ok,4381,4381
438,78,7.800000000000001,3,215336.6186378,215336.6273023,8.204600017052144,8.66449999739416,4.912100004730746,1.9771000079344958,0.0,True,ok,4350,4350
439,79,7.9,3,215336.6517074,215336.6603343,7.924799981992692,8.626900002127513,4.634299984900281,1.9801000016741455,0.0,True,ok,4058,4058
440,80,8.0,3,215336.6852301,215336.6940166,8.17539999843575,8.786499995039776,4.667200002586469,2.0804000087082386,0.0,True,ok,4074,4074
441,81,8.1,3,215336.7185517,215336.7275407,8.374600001843646,8.98899999447167,4.74709999980405,2.2428999945987016,0.0,True,ok,4080,4080
442,82,8.200000000000001,3,215336.7522295,215336.760579,7.836799981305376,8.349499985342845,4.573200014419854,1.9088000117335469,0.0,True,ok,4288,4288
443,83,8.3,3,215336.7852396,215336.7944087,8.461799996439368,9.169099997961894,4.7830999828875065,1.9460000039543957,0.0,True,ok,4269,4269
444,84,8.4,3,215336.818789,215336.8283128,8.180800010450184,9.52379999216646,5.0389000098221,1.906199991935864,0.0,True,ok,3996,3996
445,85,8.5,3,215336.8521741,215336.8616666,8.972899988293648,9.49249998666346,5.4418999934569,2.237799984868616,0.0,True,ok,4318,4318
446,86,8.6,3,215336.8850419,215336.8943994,8.873899991158396,9.357499977340922,5.563199985772371,2.0059999951627105,0.0,True,ok,4410,4410
447,87,8.700000000000001,3,215336.9187095,215336.9275802,8.324099995661527,8.870699995895848,5.0063999951817095,2.0358999900054187,0.0,True,ok,4345,4345
448,88,8.8,3,215336.9516994,215336.9608888,8.619300002465025,9.189400007016957,4.964099993230775,2.4147999938577414,32.98990000621416,True,ok,3995,3995
449,89,8.9,3,215336.9854341,215336.9939028,7.976599998073652,8.46869999077171,4.587200004607439,2.1646000095643103,33.73470000224188,True,ok,4114,4114
450,90,9.0,3,215337.018566,215337.0271537,8.002799993846565,8.587699994677678,4.658300022128969,2.1034000092186034,0.0,True,ok,4407,4407
451,91,9.1,3,215337.0521185,215337.0612578,8.236599998781458,9.139300003880635,4.573999991407618,2.173100016079843,0.0,True,ok,4504,4504
452,92,9.200000000000001,3,215337.0853756,215337.0955432,9.0912000159733,10.167600004933774,5.619499977910891,2.173100016079843,33.25710000353865,True,ok,4602,4602
453,93,9.3,3,215337.1183961,215337.127399,8.357399987289682,9.002899983897805,4.88480000058189,2.187600010074675,0.0,True,ok,4719,4719
454,94,9.4,3,215337.1518116,215337.1614279,9.006299980683252,9.616299998015165,5.569000000832602,2.1481000003404915,0.0,True,ok,4623,4623
455,95,9.5,3,215337.1851665,215337.1946224,8.683300024131313,9.455899999011308,4.774699977133423,2.578200015705079,0.0,True,ok,4555,4555
456,96,9.600000000000001,3,215337.2187076,215337.2275829,8.208999992348254,8.875300001818687,4.767199978232384,2.193000022089109,0.0,True,ok,4902,4902
457,97,9.700000000000001,3,215337.2518789,215337.2603998,7.882700010668486,8.520900009898469,4.565800016280264,2.0215999975334853,0.0,True,ok,4793,4793
458,98,9.8,3,215337.2850515,215337.294068,8.412099996348843,9.016500000143424,4.633100004866719,2.4636000161990523,0.0,True,ok,4857,4857
459,99,9.9,3,215337.3187019,215337.3277515,8.397400000831112,9.04960001935251,5.018700001528487,2.1278999920468777,0.0,True,ok,4985,4985
460,100,10.0,3,215337.3519528,215337.3604316,7.853000017348677,8.478800009470433,4.369899979792535,1.9869999960064888,0.0,True,ok,4973,4973
461,101,10.100000000000001,3,215337.3851464,215337.3942224,7.992700004251674,9.076000016648322,4.610000003594905,2.048900001682341,0.0,True,ok,4507,4507
462,102,10.200000000000001,3,215337.419023,215337.4279823,8.335699996678159,8.95930000115186,4.741300013847649,2.210100006777793,0.0,True,ok,4834,4834
463,103,10.3,3,215337.4517142,215337.4597101,7.58430000860244,7.995899999514222,4.520999995293096,1.8469000060576946,32.69120000186376,True,ok,4943,4943
464,104,10.4,3,215337.4855237,215337.4936383,7.56949998321943,8.114600001135841,4.465699981665239,1.8752999894786626,0.0,True,ok,5082,5082
465,105,10.5,3,215337.5185305,215337.5268978,7.836800010409206,8.367300004465505,4.661399987526238,1.972300000488758,0.0,True,ok,4986,4986
466,106,10.600000000000001,3,215337.5518853,215337.5607625,8.325900009367615,8.877200016286224,4.433299996890128,2.4539000005461276,0.0,True,ok,5037,5037
467,107,10.700000000000001,3,215337.5850214,215337.5932494,7.750899996608496,8.227999991504475,4.670399997849017,1.827100000809878,0.0,True,ok,5162,5162
468,108,10.8,3,215337.6185018,215337.6269583,8.099400001810864,8.456500014290214,4.859300010139123,2.0939999958500266,0.0,True,ok,4884,4884
469,109,10.9,3,215337.6519723,215337.6622221,9.07330002519302,10.24980001966469,5.750999989686534,2.1177000016905367,0.0,True,ok,4890,4890
470,110,11.0,3,215337.6853915,215337.6953734,9.418000001460314,9.981899987906218,4.882799985352904,3.2461999799124897,0.0,True,ok,4848,4848
471,111,11.100000000000001,3,215337.7187213,215337.7277666,8.391300012590364,9.045299986610189,4.7562000108882785,2.3130000045057386,33.32980000413954,True,ok,5030,5030
472,112,11.200000000000001,3,215337.7518478,215337.7602504,7.815699995262548,8.402599982218817,4.470399988349527,2.083300001686439,0.0,True,ok,5114,5114
473,113,11.3,3,215337.7853474,215337.7936441,7.696199987549335,8.296699990751222,4.378600016934797,2.088200009893626,0.0,True,ok,5293,5293
474,114,11.4,3,215337.8187241,215337.828011,8.557599998312071,9.286899992730469,5.0799000018741935,2.211699989857152,0.0,True,ok,5423,5423
475,115,11.5,3,215337.8517772,215337.8621864,9.799799998290837,10.409199981950223,6.063600012566894,2.449799998430535,0.0,True,ok,5340,5340
476,116,11.600000000000001,3,215337.8853322,215337.8948699,9.022099984576926,9.537699981592596,4.842100024688989,2.939599973615259,0.0,True,ok,5279,5279
477,117,11.700000000000001,3,215337.9189022,215337.9283683,8.573600003728643,9.466099989367649,4.9752000195439905,2.3283000045921654,0.0,True,ok,5498,5498
478,118,11.8,3,215337.9522143,215337.9611601,8.263800002168864,8.945800014771521,4.543300019577146,2.217400004155934,0.0,True,ok,5517,5517
479,119,11.9,3,215337.9851948,215337.9939907,8.165599982021376,8.795899979304522,4.711899993708357,2.1795999782625586,0.0,True,ok,5266,5266
480,0,0.0,4,215338.0208054,215338.0295156,8.15609999699518,8.710199996130541,4.790500010130927,2.112299989676103,35.61059999628924,True,ok,4708,4708
481,1,0.1,4,215338.0520755,215338.060417,7.780299987643957,8.34150001173839,4.674099996918812,1.871999993454665,0.0,True,ok,4681,4681
482,2,0.2,4,215338.0850695,215338.0936644,7.964699994772673,8.594899991294369,4.826200020033866,1.9214999920222908,0.0,True,ok,4360,4360
483,3,0.30000000000000004,4,215338.1183988,215338.1273204,8.318100008182228,8.921600005123764,4.937000019708648,2.042199979769066,0.0,True,ok,4532,4532
484,4,0.4,4,215338.1519194,215338.1612473,8.643200009828433,9.327900013886392,5.463799985591322,1.947999990079552,0.0,True,ok,4533,4533
485,5,0.5,4,215338.1853997,215338.1944072,8.35029999143444,9.007499989820644,4.88490000134334,2.2179000079631805,33.48030001507141,True,ok,4334,4334
486,6,0.6000000000000001,4,215338.2187428,215338.2291649,9.173800004646182,10.422099992865697,5.911399988690391,1.9870999967679381,0.0,True,ok,4462,4462
487,7,0.7000000000000001,4,215338.2520003,215338.2612113,8.051900018472224,9.21099999686703,4.707799991592765,2.0438999927137047,33.25750000658445,True,ok,4479,4479
488,8,0.8,4,215338.2854315,215338.2938175,7.918099989183247,8.38600000133738,4.673199990065768,2.02980000176467,0.0,True,ok,4534,4534
489,9,0.9,4,215338.3184592,215338.3272048,8.085700013907626,8.745600003749132,4.9146999954245985,1.9909999973606318,0.0,True,ok,4491,4491
490,10,1.0,4,215338.3518747,215338.3617222,9.180900000501424,9.847500012256205,5.554900009883568,2.166999998735264,0.0,True,ok,4600,4600
491,11,1.1,4,215338.3853013,215338.3945597,8.151400019414723,9.258400008548051,4.993200011085719,1.939900015713647,0.0,True,ok,4781,4781
492,12,1.2000000000000002,4,215338.4186287,215338.4269749,7.777399994665757,8.346200018422678,4.702399979578331,1.880299998447299,0.0,True,ok,5044,5044
493,13,1.3,4,215338.4517301,215338.4611051,8.982400002423674,9.374999994179234,5.708100012270734,2.0373000006657094,0.0,True,ok,4620,4620
494,14,1.4000000000000001,4,215338.4853296,215338.4958197,9.423900017281994,10.490100015886128,6.07309999759309,2.1348999871406704,0.0,True,ok,4785,4785
495,15,1.5,4,215338.518359,215338.5266434,7.747499999823049,8.284399984404445,4.4957999780308455,2.0259000011719763,0.0,True,ok,5045,5045
496,16,1.6,4,215338.5518916,215338.562588,10.032099991803989,10.696400015149266,4.964699997799471,3.788200003327802,0.0,True,ok,5382,5382
497,17,1.7000000000000002,4,215338.5851163,215338.5934532,7.780400017509237,8.33690000581555,4.4852999853901565,2.0354999869596213,0.0,True,ok,5312,5312
498,18,1.8,4,215338.618678,215338.6273333,8.131400012644008,8.655300014652312,4.6730000176467,2.207900019129738,0.0,True,ok,5363,5363
499,19,1.9000000000000001,4,215338.6517449,215338.6605379,8.326199982548133,8.792999986326322,4.647900001145899,2.4070000217761844,33.06690001045354,True,ok,5455,5455
500,20,2.0,4,215338.6851002,215338.6942213,8.513699984177947,9.121099981712177,4.979799996362999,2.294100006110966,0.0,True,ok,5508,5508
501,21,2.1,4,215338.7185485,215338.7280663,8.400300022913143,9.51780000468716,4.817899985937402,2.1133999980520457,0.0,True,ok,5300,5300
502,22,2.2,4,215338.7518876,215338.7604218,7.993599982000887,8.534199994755909,4.589799995301291,2.1367000008467585,0.0,True,ok,5384,5384
503,23,2.3000000000000003,4,215338.7850601,215338.7941706,8.653600001707673,9.11050001741387,5.330299987690523,2.079900004900992,0.0,True,ok,5355,5355
504,24,2.4000000000000004,4,215338.8184588,215338.8273072,8.257300010882318,8.848400000715628,4.872299992712215,2.1792000043205917,0.0,True,ok,5072,5072
505,25,2.5,4,215338.852005,215338.8626949,10.203399986494333,10.689899994758889,6.282999995164573,2.6695999840740114,0.0,True,ok,4851,4851
506,26,2.6,4,215338.8851034,215338.8965806,10.496100003365427,11.477199994260445,6.786899990402162,2.2899000032339245,0.0,True,ok,4933,4933
507,27,2.7,4,215338.9186806,215338.927412,8.232099993620068,8.731399982934818,4.93219998315908,2.0351000130176544,0.0,True,ok,4889,4889
508,28,2.8000000000000003,4,215338.9522582,215338.9621869,8.786299993516877,9.928699990268797,5.308699997840449,2.267000003485009,0.0,True,ok,4508,4508
509,29,2.9000000000000004,4,215338.9853117,215338.9939204,7.722700014710426,8.608700009062886,4.562599991913885,1.957800006493926,0.0,True,ok,4516,4516
510,30,3.0,4,215339.0187952,215339.0287766,9.047900006407872,9.981399984098971,4.686200001742691,3.1584000098519027,0.0,True,ok,4326,4326
511,31,3.1,4,215339.0519326,215339.0605936,8.077400008914992,8.660999999847263,4.79600002290681,2.0735000143758953,0.0,True,ok,4407,4407
512,32,3.2,4,215339.0851929,215339.0940022,7.807699992554262,8.809299994027242,4.593999998178333,2.0546999876387417,0.0,True,ok,4113,4113
513,33,3.3000000000000003,4,215339.1186924,215339.1275669,8.357299986528233,8.874499995727092,5.095799977425486,2.0665000192821026,0.0,True,ok,4211,4211
514,34,3.4000000000000004,4,215339.1518644,215339.1613905,8.952700009103864,9.526100009679794,5.910000007133931,1.8392000056337565,0.0,True,ok,4198,4198
515,35,3.5,4,215339.1851072,215339.194509,8.93700000597164,9.401799994520843,5.060299998149276,2.532799990149215,0.0,True,ok,4125,4125
516,36,3.6,4,215339.2187408,215339.2285173,9.029400011058897,9.776500024599954,4.851499979849905,2.8329000051598996,33.63359998911619,True,ok,4267,4267
517,37,3.7,4,215339.2517382,215339.2608969,8.728799992240965,9.158700006082654,4.732800007332116,2.824700000928715,32.997400005115196,True,ok,3805,3805
518,38,3.8000000000000003,4,215339.2851318,215339.2937721,8.080200001131743,8.640300016850233,4.784099990502,2.153400011593476,0.0,True,ok,3921,3921
519,39,3.9000000000000004,4,215339.3187558,215339.3275114,8.083799999440089,8.755600021686405,4.70409999252297,2.265199989778921,0.0,True,ok,3864,3864
520,40,4.0,4,215339.3521801,215339.361662,8.971700008260086,9.481900022365153,5.639899987727404,2.053200005320832,0.0,True,ok,3828,3828
521,41,4.1000000000000005,4,215339.3854424,215339.3944578,8.307999989483505,9.015399991767481,5.143399990629405,2.061200008029118,0.0,True,ok,3659,3659
522,42,4.2,4,215339.4183815,215339.4283106,9.430200007045642,9.929099993314594,5.985899973893538,2.2954999876674265,0.0,True,ok,3989,3989
523,43,4.3,4,215339.451947,215339.4611527,8.652999997138977,9.205700014717877,5.488199996761978,2.0391000143717974,0.0,True,ok,4294,4294
524,44,4.4,4,215339.4851738,215339.494118,8.329800009960309,8.944200002588332,4.824200004804879,2.362700004596263,0.0,True,ok,4623,4623
525,45,4.5,4,215339.5184288,215339.5278515,8.992299990495667,9.422700008144602,5.050100007792935,2.7535999834071845,0.0,True,ok,4708,4708
526,46,4.6000000000000005,4,215339.5517368,215339.5622665,9.900300006847829,10.52969999727793,6.605799979297444,2.121500001521781,0.0,True,ok,4834,4834
527,47,4.7,4,215339.5852849,215339.5939841,8.133499999530613,8.699199999682605,4.892600001767278,2.069899986963719,0.0,True,ok,4677,4677
528,48,4.800000000000001,4,215339.6185886,215339.627308,8.220599993364885,8.719400007976219,4.969699977664277,2.0382000075187534,0.0,True,ok,4591,4591
529,49,4.9,4,215339.6521819,215339.6615195,8.844700001645833,9.337600000435486,5.743900022935122,1.9431000109761953,0.0,True,ok,4442,4442
530,50,5.0,4,215339.685263,215339.6941876,8.431599999312311,8.924599998863414,5.018299998482689,2.23869999172166,0.0,True,ok,4408,4408
531,51,5.1000000000000005,4,215339.7187433,215339.7289469,9.483000001637265,10.203599988017231,6.19299997924827,2.1253000013530254,0.0,True,ok,4418,4418
532,52,5.2,4,215339.7520827,215339.760907,8.35170000209473,8.82429999182932,4.810899990843609,1.967699994565919,0.0,True,ok,4600,4600
533,53,5.300000000000001,4,215339.7853763,215339.794081,7.589799992274493,8.704700012458488,4.602300003170967,1.8833000212907791,0.0,True,ok,4489,4489
534,54,5.4,4,215339.8191604,215339.8281795,8.545100019546226,9.019100019941106,5.1623999897856265,2.18840001616627,0.0,True,ok,4625,4625
535,55,5.5,4,215339.852134,215339.8621759,9.452500002225861,10.041900008218363,5.974700005026534,2.1428000181913376,0.0,True,ok,4379,4379
536,56,5.6000000000000005,4,215339.8852519,215339.8936265,7.791100011672825,8.374600001843646,4.710900015197694,1.9262999994680285,0.0,True,ok,4212,4212
537,57,5.7,4,215339.9188004,215339.9275488,8.272900013253093,8.748400025069714,4.880899999989197,2.24910001270473,0.0,True,ok,4229,4229
538,58,5.800000000000001,4,215339.9518853,215339.9612595,9.004099993035197,9.37420001719147,5.643999989842996,2.1026999747846276,0.0,True,ok,4294,4294
539,59,5.9,4,215339.9850818,215339.9938224,8.287000004202127,8.740599994780496,4.91010001860559,2.149700012523681,0.0,True,ok,4337,4337
540,60,6.0,4,215340.0187037,215340.0281324,8.77710001077503,9.428699995623901,5.349099985323846,2.280899992911145,0.0,True,ok,4334,4334
541,61,6.1000000000000005,4,215340.0518163,215340.0607081,8.337500010384247,8.891800011042506,4.858300002524629,2.2724999871570617,0.0,True,ok,4169,4169
542,62,6.2,4,215340.0854085,215340.0938157,7.7769999916199595,8.407200017245486,4.571600002236664,1.9941999926231802,0.0,True,ok,4172,4172
543,63,6.300000000000001,4,215340.1187369,215340.1273487,8.231500018155202,8.611800003563985,4.73380001494661,2.2089999984018505,0.0,True,ok,4147,4147
544,64,6.4,4,215340.1520097,215340.161702,9.180799999739975,9.692300023743883,5.885599995963275,2.1397999953478575,0.0,True,ok,4178,4178
545,65,6.5,4,215340.1849452,215340.1938498,8.42300002113916,8.90460002119653,4.87299999804236,2.3250000085681677,0.0,True,ok,4169,4169
546,66,6.6000000000000005,4,215340.2188063,215340.2272151,7.866100000683218,8.408800000324845,4.638000013073906,2.0474000193644315,0.0,True,ok,4168,4168
547,67,6.7,4,215340.2517908,215340.2603848,7.928200007881969,8.594000013545156,4.577599989715964,2.0343999785836786,0.0,True,ok,4086,4086
548,68,6.800000000000001,4,215340.2853413,215340.2948021,8.947800000896677,9.460799978114665,4.942400002619252,2.69199998001568,0.0,True,ok,4379,4379
549,69,6.9,4,215340.3190671,215340.3284964,8.272300008684397,9.429300000192598,5.031300010159612,2.0178999984636903,0.0,True,ok,4282,4282
550,70,7.0,4,215340.3516025,215340.3615294,9.217799990437925,9.926899976562709,5.797899997560307,2.117500000167638,0.0,True,ok,4247,4247
551,71,7.1000000000000005,4,215340.3853533,215340.3946298,8.06150000425987,9.276500000851229,4.800700000487268,2.0373000006657094,0.0,True,ok,4354,4354
552,72,7.2,4,215340.4185548,215340.4271888,8.090600022114813,8.633999997982755,4.784600023413077,1.9884000066667795,33.20150001673028,True,ok,4628,4628
553,73,7.300000000000001,4,215340.4522948,215340.4617245,8.11480000265874,9.429700003238395,4.656500008422881,2.0380000059958547,0.0,True,ok,4287,4287
554,74,7.4,4,215340.4854409,215340.4942016,8.066400012467057,8.76070000231266,4.850600002100691,1.9806000054813921,0.0,True,ok,4455,4455
555,75,7.5,4,215340.5188131,215340.5272971,7.705500000156462,8.483999990858138,4.6876000124029815,1.8154999997932464,0.0,True,ok,4560,4560
556,76,7.6000000000000005,4,215340.5517078,215340.5606403,8.441700018011034,8.93250000081025,5.153500009328127,2.043999993475154,0.0,True,ok,4662,4662
557,77,7.7,4,215340.5850843,215340.5947042,9.112500003539026,9.619899996323511,4.837799991946667,2.858899999409914,0.0,True,ok,4381,4381
558,78,7.800000000000001,4,215340.6183665,215340.6269599,8.149500004947186,8.593399979872629,4.904600005829707,2.0229000074323267,0.0,True,ok,4350,4350
559,79,7.9,4,215340.6519187,215340.6602923,7.698100002016872,8.373599994229153,4.500200011534616,2.005799993639812,0.0,True,ok,4058,4058
560,80,8.0,4,215340.6853297,215340.6940839,7.991099992068484,8.754199981922284,4.756399983307347,2.0462000102270395,0.0,True,ok,4074,4074
561,81,8.1,4,215340.7185647,215340.7273513,8.115700009511784,8.786600024905056,4.882199980784208,1.9813000108115375,0.0,True,ok,4080,4080
562,82,8.200000000000001,4,215340.7519897,215340.7604731,7.899999996880069,8.483400015393272,4.468099999940023,2.075600001262501,0.0,True,ok,4288,4288
563,83,8.3,4,215340.7856399,215340.7941985,7.928199978778139,8.558600005926564,4.742499993881211,1.9633000192698091,0.0,True,ok,4269,4269
564,84,8.4,4,215340.8188627,215340.8283288,8.580499998060986,9.46610001847148,5.27599998167716,1.9987999985460192,0.0,True,ok,3996,3996
565,85,8.5,4,215340.8519611,215340.8608739,8.219500014092773,8.912799996323884,4.8115000245161355,2.181799995014444,0.0,True,ok,4318,4318
566,86,8.6,4,215340.8850971,215340.8937046,7.971399987582117,8.607499999925494,4.816200002096593,1.9342000014148653,0.0,True,ok,4410,4410
567,87,8.700000000000001,4,215340.9187126,215340.9274382,8.082799991825595,8.725599996978417,4.7765999916009605,2.101799997035414,0.0,True,ok,4345,4345
568,88,8.8,4,215340.9522116,215340.960748,8.012800011783838,8.536400011507794,4.860500019276515,1.9095000170636922,0.0,True,ok,3995,3995
569,89,8.9,4,215340.9852458,215340.993901,7.997900014743209,8.655200013890862,4.5446000003721565,1.9077000033576041,0.0,True,ok,4114,4114
570,90,9.0,4,215341.0185182,215341.0272511,8.217199996579438,8.732899994356558,4.889100004220381,2.081799990264699,0.0,True,ok,4407,4407
571,91,9.1,4,215341.0519373,215341.0604195,7.803999993484467,8.48219997715205,4.3899999873247,2.147699997294694,0.0,True,ok,4504,4504
572,92,9.200000000000001,4,215341.085307,215341.0945515,8.75759997870773,9.244499990018085,4.8470000037923455,2.589100011391565,0.0,True,ok,4602,4602
573,93,9.3,4,215341.1186029,215341.1275057,8.177399984560907,8.90279997838661,4.753899993374944,2.1813999919686466,0.0,True,ok,4719,4719
574,94,9.4,4,215341.1519744,215341.1614742,8.321600005729124,9.499799984041601,4.8707999812904745,2.164200006518513,0.0,True,ok,4623,4623
575,95,9.5,4,215341.1851628,215341.1943756,8.494899986544624,9.212800010573119,4.861699999310076,2.2284000006038696,0.0,True,ok,4555,4555
576,96,9.600000000000001,4,215341.218566,215341.228388,9.207199997035787,9.821999992709607,4.765699995914474,3.199099999619648,0.0,True,ok,4902,4902
577,97,9.700000000000001,4,215341.2522101,215341.2608561,7.983200019225478,8.646000002045184,4.512199986493215,2.061400009552017,0.0,True,ok,4793,4793
578,98,9.8,4,215341.2854788,215341.294179,8.062199980486184,8.700199978193268,4.637699981685728,2.1176000009290874,0.0,True,ok,4857,4857
579,99,9.9,4,215341.318975,215341.3293741,9.58600000012666,10.399099992355332,6.366100016748533,1.94679998094216,0.0,True,ok,4985,4985
580,100,10.0,4,215341.352395,215341.3610995,7.9240000050049275,8.70450001093559,4.733999987365678,1.8808000022545457,0.0,True,ok,4973,4973
581,101,10.100000000000001,4,215341.3853432,215341.3938588,7.902699988335371,8.515599998645484,4.613099998096004,2.0167000184301287,0.0,True,ok,4507,4507
582,102,10.200000000000001,4,215341.4184764,215341.4273095,8.218300004955381,8.833100000629202,4.709300003014505,2.1235999884083867,0.0,True,ok,4834,4834
583,103,10.3,4,215341.4518982,215341.4607074,7.78729998273775,8.809199993265793,4.677300021285191,1.7823999805841595,0.0,True,ok,4943,4943
584,104,10.4,4,215341.4855141,215341.4940803,7.934099994599819,8.566200005589053,4.605800000717863,1.8785999855026603,0.0,True,ok,5082,5082
585,105,10.5,4,215341.518477,215341.5270316,7.887500018114224,8.554600004572421,4.566799994790927,2.0373000006657094,0.0,True,ok,4986,4986
586,106,10.600000000000001,4,215341.5519135,215341.5607195,7.65400001546368,8.805999998003244,4.514800006290898,1.8328000151086599,0.0,True,ok,5037,5037
587,107,10.700000000000001,4,215341.5851689,215341.5941233,8.429799985606223,8.954399992944673,4.955400014296174,2.1680000063497573,33.255399990594015,True,ok,5162,5162
588,108,10.8,4,215341.6185171,215341.6276633,8.775800000876188,9.146199998212978,5.455100006656721,2.1272999874781817,0.0,True,ok,4884,4884
589,109,10.9,4,215341.6517796,215341.6612575,8.998500008601695,9.47789999190718,5.732999998144805,1.9784000178333372,0.0,True,ok,4890,4890
590,110,11.0,4,215341.6850684,215341.6942912,8.535700006177649,9.222799999406561,4.785299999639392,2.478399983374402,0.0,True,ok,4848,4848
591,111,11.100000000000001,4,215341.7187481,215341.7270047,7.694300002185628,8.256600005552173,4.569999990053475,1.855600014096126,0.0,True,ok,5030,5030
592,112,11.200000000000001,4,215341.7523182,215341.7606759,7.647699996596202,8.35770001867786,4.447199986316264,1.8689999997150153,0.0,True,ok,5114,5114
593,113,11.3,4,215341.7851574,215341.7936051,8.063500019488856,8.447700005490333,4.673200019169599,2.092299982905388,0.0,True,ok,5293,5293
594,114,11.4,4,215341.8188831,215341.8280465,8.483400015393272,9.163400012766942,4.902799992123619,2.238399989437312,0.0,True,ok,5423,5423
595,115,11.5,4,215341.8518225,215341.8619754,9.409000020241365,10.152900009416044,5.900000018300489,2.1972999966237694,0.0,True,ok,5340,5340
596,116,11.600000000000001,4,215341.8850381,215341.8938843,8.383399981539696,8.846199983963743,4.749500018078834,2.3321000044234097,0.0,True,ok,5279,5279
597,117,11.700000000000001,4,215341.9185618,215341.9280394,8.553799998480827,9.477599989622831,4.890700016403571,2.262099995277822,0.0,True,ok,5498,5498
598,118,11.8,4,215341.9517388,215341.961311,9.165499999653548,9.572199982358143,5.624799989163876,1.945199997862801,0.0,True,ok,5517,5517
599,119,11.9,4,215341.9849909,215341.9941582,8.7028999987524,9.167299984255806,4.879800020717084,2.463599987095222,0.0,True,ok,5266,5266
600,0,0.0,5,215342.0215011,215342.0299049,7.893600006354973,8.403799991356209,4.542399983620271,2.0837000047322363,0.0,True,ok,4708,4708
601,1,0.1,5,215342.0520538,215342.0604771,7.901200006017461,8.423299994319677,4.685299994889647,1.9186999998055398,0.0,True,ok,4681,4681
602,2,0.2,5,215342.0855441,215342.0962261,9.458199987420812,10.681999992812052,5.575599992880598,2.5647000002209097,0.0,True,ok,4360,4360
603,3,0.30000000000000004,5,215342.118566,215342.1272194,8.137700002407655,8.653400000184774,4.71889998880215,2.083699975628406,0.0,True,ok,4532,4532
604,4,0.4,5,215342.1518304,215342.1615113,8.983799983980134,9.68089999514632,5.607400002190843,1.9349000067450106,0.0,True,ok,4533,4533
605,5,0.5,5,215342.1852914,215342.1943841,8.45850000041537,9.09269999829121,4.954400006681681,2.1849999902769923,0.0,True,ok,4334,4334
606,6,0.6000000000000001,5,215342.2183832,215342.2275503,8.461000019451603,9.167100011836737,5.043000011937693,2.0484999986365438,0.0,True,ok,4462,4462
607,7,0.7000000000000001,5,215342.2519938,215342.2622062,9.741799993207678,10.212399996817112,6.166899984236807,2.1594999998342246,0.0,True,ok,4479,4479
608,8,0.8,5,215342.2852738,215342.2946379,8.935699996072799,9.364099998492748,5.265800020424649,2.388799999607727,0.0,True,ok,4534,4534
609,9,0.9,5,215342.3188082,215342.3276312,8.371899981284514,8.82299998193048,5.106099997647107,2.005899994401261,0.0,True,ok,4491,4491
610,10,1.0,5,215342.3520375,215342.3616737,9.203200024785474,9.636200004024431,5.630500003462657,2.160699979867786,0.0,True,ok,4600,4600
611,11,1.1,5,215342.3854719,215342.3947835,8.071099990047514,9.311600006185472,4.771299980347976,1.979099994059652,0.0,True,ok,4781,4781
612,12,1.2000000000000002,5,215342.4187212,215342.4280178,8.5978000133764,9.296600008383393,5.333900015102699,1.8974999838974327,0.0,True,ok,5044,5044
613,13,1.3,5,215342.4519486,215342.4615386,9.008499997435138,9.590000001480803,5.64489999669604,2.0062999974470586,0.0,True,ok,4620,4620
614,14,1.4000000000000001,5,215342.4851511,215342.494467,8.860600006300956,9.315900009823963,5.0195999792777,2.231699996627867,0.0,True,ok,4785,4785
615,15,1.5,5,215342.5185933,215342.5279104,8.663300017360598,9.317100018961355,4.830099991522729,2.3372000141534954,0.0,True,ok,5045,5045
616,16,1.6,5,215342.551764,215342.5610838,8.641500025987625,9.319800010416657,4.651499999454245,2.5576000043656677,0.0,True,ok,5382,5382
617,17,1.7000000000000002,5,215342.5855373,215342.5945995,8.469299995340407,9.062199998879805,4.8636999854352325,2.038499980699271,0.0,True,ok,5312,5312
618,18,1.8,5,215342.6188167,215342.6273951,8.187200000975281,8.57839998207055,4.67439999920316,2.097499993396923,0.0,True,ok,5363,5363
619,19,1.9000000000000001,5,215342.6516981,215342.6622977,10.150899994187057,10.599600005662069,5.903100012801588,2.8155000181868672,0.0,True,ok,5455,5455
620,20,2.0,5,215342.6853998,215342.6947321,8.749200002057478,9.332300018286332,4.842599999392405,2.273499994771555,0.0,True,ok,5508,5508
621,21,2.1,5,215342.7184842,215342.7284436,9.481799992499873,9.9593999912031,6.097999983467162,1.9897999882232398,0.0,True,ok,5300,5300
622,22,2.2,5,215342.7518323,215342.7630143,10.669699986465275,11.181999987456948,7.228300004499033,2.020599989918992,0.0,True,ok,5384,5384
623,23,2.3000000000000003,5,215342.7850667,215342.7939454,8.488799998303875,8.878699998604134,4.900200001429766,2.208599995356053,33.234399976208806,True,ok,5355,5355
624,24,2.4000000000000004,5,215342.8185928,215342.8280114,8.822400006465614,9.41860000602901,5.190500000026077,2.1736999915447086,0.0,True,ok,5072,5072
625,25,2.5,5,215342.8519234,215342.8621487,9.46750000002794,10.225299978628755,6.013300007907674,2.052299998467788,0.0,True,ok,4851,4851
626,26,2.6,5,215342.8855132,215342.8943826,8.249100006651133,8.869400015100837,4.809600010048598,2.022199972998351,0.0,True,ok,4933,4933
627,27,2.7,5,215342.9187933,215342.9274623,8.173499983968213,8.66900000255555,4.8266000230796635,1.9793000246863812,0.0,True,ok,4889,4889
628,28,2.8000000000000003,5,215342.9517973,215342.9602011,7.842999999411404,8.40380002046004,4.553500009933487,1.9730999774765223,0.0,True,ok,4508,4508
629,29,2.9000000000000004,5,215342.9852037,215342.9956526,9.797399980016053,10.448899993207306,4.6295999782159925,3.7466000067070127,0.0,True,ok,4516,4516
630,30,3.0,5,215343.0185648,215343.0275151,8.476799994241446,8.95029999082908,4.88779999432154,2.2769999923184514,0.0,True,ok,4326,4326
631,31,3.1,5,215343.0517928,215343.0603171,7.941099989693612,8.524300006683916,4.573199985316023,1.968900003703311,0.0,True,ok,4407,4407
632,32,3.2,5,215343.0854492,215343.0939385,7.872999995015562,8.489300002111122,4.785100027220324,1.8097000138368458,0.0,True,ok,4113,4113
633,33,3.3000000000000003,5,215343.1182743,215343.1275886,8.9237000211142,9.314299997640774,5.506699992110953,2.122400008374825,0.0,True,ok,4211,4211
634,34,3.4000000000000004,5,215343.1520261,215343.1624541,9.751000005053356,10.428000008687377,6.6343000216875225,1.8319000082556158,0.0,True,ok,4198,4198
635,35,3.5,5,215343.1854464,215343.1945372,8.430699992459267,9.090800012927502,4.881400003796443,2.1622999920509756,0.0,True,ok,4125,4125
636,36,3.6,5,215343.2185076,215343.229026,9.999499976402149,10.518399998545647,4.814699990674853,3.690799989271909,0.0,True,ok,4267,4267
637,37,3.7,5,215343.2521851,215343.2613285,8.25690000783652,9.143400005996227,4.841500020120293,2.1575000137090683,0.0,True,ok,3805,3805
638,38,3.8000000000000003,5,215343.2852177,215343.2942785,8.337199978996068,9.060799988219514,4.712200025096536,2.3342999920714647,0.0,True,ok,3921,3921
639,39,3.9000000000000004,5,215343.3188971,215343.3277456,8.371300005819649,8.848500001477078,4.9912999966181815,2.0908000005874783,0.0,True,ok,3864,3864
640,40,4.0,5,215343.3518868,215343.3604788,8.017699990887195,8.591999998316169,4.716700001154095,1.9907000241801143,0.0,True,ok,3828,3828
641,41,4.1000000000000005,5,215343.385173,215343.3955555,9.894699993310496,10.382500011473894,6.552899983944371,2.07419999060221,33.28619999228977,True,ok,3659,3659
642,42,4.2,5,215343.4188368,215343.4290429,8.972800016636029,10.206100007053465,5.520900012925267,2.154699992388487,0.0,True,ok,3989,3989
643,43,4.3,5,215343.4520634,215343.4612506,8.786099991993979,9.187199990265071,5.520900012925267,1.975099992705509,0.0,True,ok,4294,4294
644,44,4.4,5,215343.4850866,215343.4941486,8.587599993916228,9.061999997356907,5.045500001870096,2.2216000070329756,0.0,True,ok,4623,4623
645,45,4.5,5,215343.5187357,215343.5281612,8.979500009445474,9.425500000361353,4.96630000998266,2.5459000025875866,0.0,True,ok,4708,4708
646,46,4.6000000000000005,5,215343.5521335,215343.5616924,8.217299997340888,9.558899997500703,4.703199985669926,2.0259000011719763,0.0,True,ok,4834,4834
647,47,4.7,5,215343.5853253,215343.5942731,8.315499988384545,8.947800000896677,4.726999992271885,2.2213000047486275,0.0,True,ok,4677,4677
648,48,4.800000000000001,5,215343.6184117,215343.6267124,7.808599999407306,8.300699992105365,4.6138000034261495,1.919900008942932,0.0,True,ok,4591,4591
649,49,4.9,5,215343.6518203,215343.6603599,8.041299995966256,8.539600006770343,4.737800016300753,1.996200007852167,0.0,True,ok,4442,4442
650,50,5.0,5,215343.6854845,215343.6948722,8.395799988647923,9.387700003571808,4.77219998720102,2.3120999976526946,0.0,True,ok,4408,4408
651,51,5.1000000000000005,5,215343.7186749,215343.7276058,8.452999987639487,8.930899988627061,4.904000001261011,2.2253000061027706,0.0,True,ok,4418,4418
652,52,5.2,5,215343.7518735,215343.7626419,9.991099999751896,10.768399981316179,6.24489999609068,2.407299994956702,0.0,True,ok,4600,4600
653,53,5.300000000000001,5,215343.7851442,215343.7936943,8.14739998895675,8.550099999411032,4.91150000016205,1.9453999993856996,0.0,True,ok,4489,4489
654,54,5.4,5,215343.8187017,215343.8278855,8.512700005667284,9.183800022583455,4.878800013102591,2.171000000089407,0.0,True,ok,4625,4625
655,55,5.5,5,215343.8520221,215343.8622077,9.530400013318285,10.185599996475503,6.022899993695319,2.1915999823249876,0.0,True,ok,4379,4379
656,56,5.6000000000000005,5,215343.8852091,215343.8942892,8.296199986943975,9.080099989660084,4.937999998219311,2.079600002616644,0.0,True,ok,4212,4212
657,57,5.7,5,215343.9187104,215343.9276676,8.495999994920567,8.957199985161424,4.992100002709776,2.217100001871586,0.0,True,ok,4229,4229
658,58,5.800000000000001,5,215343.9518046,215343.9605876,8.157400006894022,8.78300002659671,4.5559999998658895,2.2449000098276883,0.0,True,ok,4294,4294
659,59,5.9,5,215343.9855364,215343.9947435,8.719100005691871,9.207099996274337,4.614000004949048,2.058300015050918,0.0,True,ok,4337,4337
660,60,6.0,5,215344.0187839,215344.0285332,9.101300005568191,9.749299992108718,5.66860000253655,2.129700005752966,0.0,True,ok,4334,4334
661,61,6.1000000000000005,5,215344.0520694,215344.0629311,9.774899983312935,10.86169999325648,5.6096999906003475,2.8594000032171607,0.0,True,ok,4169,4169
662,62,6.2,5,215344.0850405,215344.0939074,8.395300013944507,8.866899996064603,4.943600011756644,2.1095999982208014,0.0,True,ok,4172,4172
663,63,6.300000000000001,5,215344.1184033,215344.1268894,8.106900000711903,8.486100006848574,4.648200003430247,2.100500016240403,0.0,True,ok,4147,4147
664,64,6.4,5,215344.1518141,215344.1615354,9.109699982218444,9.721299982629716,5.891599983442575,1.9427999795880169,0.0,True,ok,4178,4178
665,65,6.5,5,215344.1854112,215344.1946978,8.485600003041327,9.286600019549951,5.093300016596913,2.052600000752136,0.0,True,ok,4169,4169
666,66,6.6000000000000005,5,215344.2183002,215344.2269215,8.022399997571483,8.62129998859018,4.732100002001971,1.974799990421161,32.8890000237152,True,ok,4168,4168
667,67,6.7,5,215344.2520937,215344.2607974,8.124499989207834,8.703700004843995,4.288600001018494,2.2234999923966825,0.0,True,ok,4086,4086
668,68,6.800000000000001,5,215344.2852172,215344.2940208,8.152099995641038,8.80360000883229,4.647499998100102,2.1607000089716166,0.0,True,ok,4379,4379
669,69,6.9,5,215344.3188079,215344.3278875,8.452699985355139,9.079599985852838,5.049400002462789,2.0366999960970134,33.59070001170039,True,ok,4282,4282
670,70,7.0,5,215344.3518169,215344.3603358,7.939100003568456,8.518900023773313,4.557200009003282,2.060600003460422,0.0,True,ok,4247,4247
671,71,7.1000000000000005,5,215344.3851228,215344.3937536,8.132899994961917,8.630799973616377,4.694799979915842,1.962100010132417,33.305900025879964,True,ok,4354,4354
672,72,7.2,5,215344.4188507,215344.427687,8.109599992167205,8.83629999589175,4.7556000063195825,2.010399999562651,0.0,True,ok,4628,4628
673,73,7.300000000000001,5,215344.4518028,215344.4620172,9.751200006576255,10.214400012046099,6.169100000988692,2.277499996125698,0.0,True,ok,4287,4287
674,74,7.4,5,215344.4852213,215344.4938638,8.135099982609972,8.642499975394458,4.875100014032796,1.8749999871943146,0.0,True,ok,4455,4455
675,75,7.5,5,215344.518263,215344.5275796,8.838499983539805,9.316599986050278,5.486500012921169,2.0095000218134373,0.0,True,ok,4560,4560
676,76,7.6000000000000005,5,215344.5518995,215344.5614826,8.369999995920807,9.58310000714846,4.969100002199411,2.0074000058230013,0.0,True,ok,4662,4662
677,77,7.7,5,215344.5851778,215344.5939974,8.059399988269433,8.819599985145032,4.816000000573695,1.9311000069137663,0.0,True,ok,4381,4381
678,78,7.800000000000001,5,215344.6188034,215344.6276419,8.378300000913441,8.838500012643635,4.990199988242239,2.0437999919522554,0.0,True,ok,4350,4350
679,79,7.9,5,215344.6518017,215344.6609526,8.567800017772242,9.150900004897267,5.1574999815784395,2.0794000010937452,32.99830001196824,True,ok,4058,4058
680,80,8.0,5,215344.6852876,215344.6940626,8.261899987701327,8.774999994784594,4.910699994070455,2.0441999949980527,0.0,True,ok,4074,4074
681,81,8.1,5,215344.7184014,215344.7268922,7.866200001444668,8.490800013532862,4.6847999910824,1.878100010799244,0.0,True,ok,4080,4080
682,82,8.200000000000001,5,215344.7519226,215344.7617648,8.769100008066744,9.84220000100322,4.756699985591695,2.661400008946657,0.0,True,ok,4288,4288
683,83,8.3,5,215344.7850789,215344.7947628,9.05420002527535,9.6839000179898,5.508900008862838,2.0524999999906868,0.0,True,ok,4269,4269
684,84,8.4,5,215344.8188865,215344.8276591,8.08820000384003,8.77260000561364,4.749099985929206,2.064000000245869,0.0,True,ok,3996,3996
685,85,8.5,5,215344.8516779,215344.8609226,8.746200008317828,9.244699991540983,5.155099992407486,2.233599981991574,0.0,True,ok,4318,4318
686,86,8.6,5,215344.8853635,215344.894609,8.2406000001356,9.245499997632578,4.929399990942329,1.9850999815389514,0.0,True,ok,4410,4410
687,87,8.700000000000001,5,215344.9187279,215344.9283749,8.226999983889982,9.646999998949468,4.811599996173754,1.9728000042960048,0.0,True,ok,4345,4345
688,88,8.8,5,215344.9517317,215344.9614761,8.45239998307079,9.74439998390153,5.1534999802242965,1.894799992442131,0.0,True,ok,3995,3995
689,89,8.9,5,215344.9853738,215344.9945702,8.234500011894852,9.19640000211075,4.806599987205118,2.110199973685667,0.0,True,ok,4114,4114
690,90,9.0,5,215345.0183905,215345.0272889,8.2066000031773,8.8984000030905,4.7630000044591725,2.133100002538413,0.0,True,ok,4407,4407
691,91,9.1,5,215345.0520548,215345.0608326,8.309800003189594,8.777799987001345,4.713600006652996,2.24159998469986,0.0,True,ok,4504,4504
692,92,9.200000000000001,5,215345.0854737,215345.0943726,8.337999985087663,8.898900006897748,4.788399994140491,2.172200009226799,0.0,True,ok,4602,4602
693,93,9.3,5,215345.1187749,215345.1274626,8.069000003160909,8.687699999427423,4.533400002401322,2.157100010663271,0.0,True,ok,4719,4719
694,94,9.4,5,215345.1517488,215345.160654,8.204000012483448,8.905199996661395,4.604199988534674,2.1727000130340457,0.0,True,ok,4623,4623
695,95,9.5,5,215345.1851657,215345.1942604,8.416099997702986,9.094699984416366,4.83890000032261,2.2438000014517456,0.0,True,ok,4555,4555
696,96,9.600000000000001,5,215345.2187676,215345.2283332,9.108099999139085,9.565600019413978,5.08339999942109,2.5695000076666474,0.0,True,ok,4902,4902
697,97,9.700000000000001,5,215345.2519258,215345.2611949,8.780700009083375,9.269100002711639,4.852499987464398,2.4485000176355243,0.0,True,ok,4793,4793
698,98,9.8,5,215345.2853907,215345.2944357,8.498899987898767,9.044999984325841,5.015799979446456,2.123699989169836,0.0,True,ok,4857,4857
699,99,9.9,5,215345.3185748,215345.3277628,8.282800001325086,9.187999996356666,4.951900016749278,2.020800020545721,33.184100000653416,True,ok,4985,4985
700,100,10.0,5,215345.3521515,215345.361359,8.659100014483556,9.207499999320135,5.252799979643896,2.1040000137872994,0.0,True,ok,4973,4973
701,101,10.100000000000001,5,215345.3854599,215345.3940348,8.099800004856661,8.574900013627484,4.830799996852875,1.9678999960888177,0.0,True,ok,4507,4507
702,102,10.200000000000001,5,215345.4184112,215345.4270707,8.181800018064678,8.659500017529353,4.814199986867607,2.0853999885730445,0.0,True,ok,4834,4834
703,103,10.3,5,215345.4519175,215345.4609329,8.589999983087182,9.015399991767481,5.392499995650724,1.8924000032711774,33.50630000932142,True,ok,4943,4943
704,104,10.4,5,215345.4852112,215345.4941813,8.333199977641925,8.970099996076897,4.763399978401139,2.196800021920353,0.0,True,ok,5082,5082
705,105,10.5,5,215345.5185552,215345.5275109,8.495999994920567,8.955700002843514,4.885700007434934,2.2153000172693282,0.0,True,ok,4986,4986
706,106,10.600000000000001,5,215345.5519851,215345.5620908,9.44809999782592,10.105699999257922,6.178499985253438,1.9966999825555831,0.0,True,ok,5037,5037
707,107,10.700000000000001,5,215345.585133,215345.5941512,8.385199995245785,9.018200013088062,4.838599998038262,2.1078000136185437,0.0,True,ok,5162,5162
708,108,10.8,5,215345.6186931,215345.6271032,7.894700014730915,8.410100010223687,4.577899992000312,2.0837000047322363,33.56010001152754,True,ok,4884,4884
709,109,10.9,5,215345.6518764,215345.6613285,8.976199984317645,9.452099999180064,5.720999994082376,1.9736000103875995,0.0,True,ok,4890,4890
710,110,11.0,5,215345.6853741,215345.694147,8.308999997097999,8.772900007897988,4.961400001775473,2.106700005242601,0.0,True,ok,4848,4848
711,111,11.100000000000001,5,215345.718776,215345.7275971,8.072600001469254,8.821099996566772,4.673399991588667,1.9986999977845699,0.0,True,ok,5030,5030
712,112,11.200000000000001,5,215345.7518244,215345.7623771,9.74160002078861,10.552699997788295,6.4286999986507,2.034400007687509,0.0,True,ok,5114,5114
713,113,11.3,5,215345.7851773,215345.793853,8.263600000645965,8.675700024468824,4.777399997692555,2.1050999930594116,33.352899976307526,True,ok,5293,5293
714,114,11.4,5,215345.8185973,215345.8278071,8.715899981325492,9.209799987729639,5.21970001864247,2.2268000175245106,0.0,True,ok,5423,5423
715,115,11.5,5,215345.8520793,215345.8619156,8.653199998661876,9.83629998518154,5.159099993761629,2.1869999764021486,0.0,True,ok,5340,5340
716,116,11.600000000000001,5,215345.8850432,215345.8946329,9.093000000575557,9.589699999196455,5.393999977968633,2.443000004859641,0.0,True,ok,5279,5279
717,117,11.700000000000001,5,215345.918469,215345.9273126,8.37860000319779,8.84359999326989,4.8577999987173826,2.1865000016987324,0.0,True,ok,5498,5498
718,118,11.8,5,215345.9518913,215345.9620297,9.081199998036027,10.138399986317381,5.533299990929663,2.2456000151578337,0.0,True,ok,5517,5517
719,119,11.9,5,215345.9850451,215345.9941233,8.632100012619048,9.078200004296377,4.64179998380132,2.3769999970681965,0.0,True,ok,5266,5266
720,0,0.0,6,215346.0215549,215346.0301858,8.098099991912022,8.630899974377826,4.666299995733425,2.151399996364489,0.0,True,ok,4708,4708
721,1,0.1,6,215346.0519226,215346.0606357,8.072700002230704,8.713100018212572,4.782300005899742,1.955000014277175,0.0,True,ok,4681,4681
722,2,0.2,6,215346.0852939,215346.094095,8.059300016611814,8.801100018899888,4.807899997103959,1.9633000192698091,0.0,True,ok,4360,4360
723,3,0.30000000000000004,6,215346.1185588,215346.1272853,8.350899996003136,8.726500003831461,4.896099999314174,2.2017000010237098,0.0,True,ok,4532,4532
724,4,0.4,6,215346.1517033,215346.160539,8.368500013602898,8.835699991323054,4.937799996696413,2.063399995677173,0.0,True,ok,4533,4533
725,5,0.5,6,215346.18562,215346.1951367,8.334200014360249,9.516699996311218,4.834299994399771,2.220199996372685,0.0,True,ok,4334,4334
726,6,0.6000000000000001,6,215346.218254,215346.227456,8.699300000444055,9.201999986544251,4.662100021960214,2.5980000209528953,0.0,True,ok,4462,4462
727,7,0.7000000000000001,6,215346.251961,215346.2606425,8.013700018636882,8.681500010425225,4.722999990917742,1.9893999851774424,0.0,True,ok,4479,4479
728,8,0.8,6,215346.2851427,215346.293954,8.244800003012642,8.811299980152398,4.897200007690117,2.0875000045634806,0.0,True,ok,4534,4534
729,9,0.9,6,215346.3183789,215346.3271171,8.039000007556751,8.738200005609542,4.828899982385337,1.9594000186771154,0.0,True,ok,4491,4491
730,10,1.0,6,215346.3519127,215346.3605596,8.110099995974451,8.646900008898228,4.638099984731525,2.174699999159202,0.0,True,ok,4600,4600
731,11,1.1,6,215346.3853209,215346.3939449,8.042999979807064,8.623999980045483,4.6790000051259995,2.082999999402091,0.0,True,ok,4781,4781
732,12,1.2000000000000002,6,215346.4183805,215346.4272938,8.416700002271682,8.91330000013113,5.014899972593412,2.057200006674975,0.0,True,ok,5044,5044
733,13,1.3,6,215346.4520918,215346.4612865,8.617200015578419,9.194700018269941,5.071000021416694,2.276299986988306,0.0,True,ok,4620,4620
734,14,1.4000000000000001,6,215346.4856275,215346.4957286,8.835700020426884,10.101100022438914,5.43750001816079,2.115300012519583,0.0,True,ok,4785,4785
735,15,1.5,6,215346.5186523,215346.5275146,8.361099986359477,8.862299990141764,5.161999986739829,1.9128999847453088,0.0,True,ok,5045,5045
736,16,1.6,6,215346.5521729,215346.5615198,8.753899979637936,9.346899983938783,5.037299997638911,2.168399980291724,0.0,True,ok,5382,5382
737,17,1.7000000000000002,6,215346.5851516,215346.5935843,8.053199999267235,8.432699978584424,4.866099974606186,1.843199977884069,0.0,True,ok,5312,5312
738,18,1.8,6,215346.6187433,215346.6278159,8.315099985338748,9.072599990759045,4.946800007019192,2.0343000069260597,0.0,True,ok,5363,5363
739,19,1.9000000000000001,6,215346.6518098,215346.6619203,9.624899976188317,10.11049997759983,4.719499993370846,3.5555999784264714,0.0,True,ok,5455,5455
740,20,2.0,6,215346.6854802,215346.6940874,7.964400021592155,8.607200026744977,4.4664000160992146,2.188599988585338,0.0,True,ok,5508,5508
741,21,2.1,6,215346.7183543,215346.7274815,8.442900027148426,9.127199999056756,4.824600007850677,2.1106000058352947,0.0,True,ok,5300,5300
742,22,2.2,6,215346.7519444,215346.7607585,8.289899997180328,8.81410000147298,4.5196000137366354,2.2782000014558434,0.0,True,ok,5384,5384
743,23,2.3000000000000003,6,215346.7851478,215346.7938012,8.009899989701807,8.653400000184774,4.529600002570078,2.0117000094614923,0.0,True,ok,5355,5355
744,24,2.4000000000000004,6,215346.818942,215346.828567,8.5444999858737,9.624999976949766,5.084999982500449,2.1949000074528158,0.0,True,ok,5072,5072
745,25,2.5,6,215346.8516931,215346.862345,10.042500012787059,10.651899996446446,6.378799997037277,2.287399984197691,0.0,True,ok,4851,4851
746,26,2.6,6,215346.8854223,215346.8942756,8.03480000467971,8.853300008922815,4.747300001326948,2.0071000035386533,0.0,True,ok,4933,4933
747,27,2.7,6,215346.9185183,215346.9272618,8.267099998192862,8.743500016862527,4.9919000011868775,2.0035000052303076,0.0,True,ok,4889,4889
748,28,2.8000000000000003,6,215346.9520365,215346.9609616,8.445900020888075,8.92510000267066,5.205699999351054,2.0123000140301883,0.0,True,ok,4508,4508
749,29,2.9000000000000004,6,215346.9852337,215346.9946033,8.766200015088543,9.36960001126863,5.468000017572194,2.0574999798554927,0.0,True,ok,4516,4516
750,30,3.0,6,215347.0187036,215347.028168,8.17990000359714,9.46439997642301,4.945900000166148,2.00609999592416,0.0,True,ok,4326,4326
751,31,3.1,6,215347.051875,215347.0604024,7.949599996209145,8.527400001185015,4.656500008422881,2.0440999942366034,0.0,True,ok,4407,4407
752,32,3.2,6,215347.0854816,215347.0939639,7.7883999911136925,8.48230000701733,4.491699975915253,2.054000011412427,0.0,True,ok,4113,4113
753,33,3.3000000000000003,6,215347.1185352,215347.1273191,7.760899985441938,8.783900004345924,4.657199984649196,1.9290999916847795,0.0,True,ok,4211,4211
754,34,3.4000000000000004,6,215347.1517313,215347.1602618,8.056499995291233,8.530499995686114,4.738799994811416,2.1089000219944865,0.0,True,ok,4198,4198
755,35,3.5,6,215347.1853271,215347.1952994,8.780799980740994,9.972299973014742,5.283899983623996,2.325100009329617,0.0,True,ok,4125,4125
756,36,3.6,6,215347.2187059,215347.2269687,7.804399996530265,8.26279999455437,4.434899979969487,2.1394999930635095,0.0,True,ok,4267,4267
757,37,3.7,6,215347.251798,215347.2604408,7.949399994686246,8.642799977678806,4.626100009772927,2.0167999900877476,0.0,True,ok,3805,3805
758,38,3.8000000000000003,6,215347.2852064,215347.2943463,8.56510002631694,9.139900008449331,5.035600013798103,2.297400002134964,0.0,True,ok,3921,3921
759,39,3.9000000000000004,6,215347.31866,215347.3290431,9.313599992310628,10.38310001604259,5.830400012200698,2.2029999818187207,0.0,True,ok,3864,3864
760,40,4.0,6,215347.3521151,215347.3614752,8.608600008301437,9.360100026242435,5.413200007751584,2.038199978414923,0.0,True,ok,3828,3828
761,41,4.1000000000000005,6,215347.3851513,215347.3938317,8.143699989886954,8.680400002049282,4.8393000033684075,2.0477999933063984,33.036200009519234,True,ok,3659,3659
762,42,4.2,6,215347.4183995,215347.4273859,8.266599994385615,8.986400003777817,4.814999992959201,2.1419999829959124,0.0,True,ok,3989,3989
763,43,4.3,6,215347.4517137,215347.4611697,9.054699999978766,9.455999999772757,5.973099992843345,1.892300002509728,33.31420000176877,True,ok,4294,4294
764,44,4.4,6,215347.4853748,215347.4946859,8.062399982009083,9.311100002378225,4.696499992860481,2.1997000148985535,0.0,True,ok,4623,4623
765,45,4.5,6,215347.5186898,215347.5284489,9.111699997447431,9.759100008523092,4.9353999784216285,2.9209000058472157,0.0,True,ok,4708,4708
766,46,4.6000000000000005,6,215347.5520624,215347.5627003,9.904100006679073,10.63790000625886,6.1879999993834645,2.3683000181335956,0.0,True,ok,4834,4834
767,47,4.7,6,215347.5853718,215347.594272,8.233399974415079,8.900199987692758,4.826800024602562,2.23869999172166,0.0,True,ok,4677,4677
768,48,4.800000000000001,6,215347.6184344,215347.6271229,8.172400004696101,8.688500005519018,4.85520000802353,2.1179999748710543,0.0,True,ok,4591,4591
769,49,4.9,6,215347.6518677,215347.6614699,9.154300001682714,9.6021999779623,6.0471000033430755,1.9243999850004911,33.433300006436184,True,ok,4442,4442
770,50,5.0,6,215347.6849579,215347.6949046,9.554999996908009,9.946700010914356,6.2556000193580985,2.158300019800663,0.0,True,ok,4408,4408
771,51,5.1000000000000005,6,215347.7186503,215347.7278436,8.19170000613667,9.19330000760965,4.795799992280081,2.218300011008978,0.0,True,ok,4418,4418
772,52,5.2,6,215347.7521456,215347.7609022,8.020900015253574,8.756600000197068,4.665099986596033,2.080399979604408,0.0,True,ok,4600,4600
773,53,5.300000000000001,6,215347.7853379,215347.7938804,7.950399973196909,8.542499999748543,4.573299986077473,2.134000009391457,0.0,True,ok,4489,4489
774,54,5.4,6,215347.8185143,215347.8277232,8.358399994904175,9.208900009980425,4.843100003199652,2.316199999768287,0.0,True,ok,4625,4625
775,55,5.5,6,215347.8520335,215347.8622516,9.545699984300882,10.218099982012063,6.090399983804673,2.223999996203929,0.0,True,ok,4379,4379
776,56,5.6000000000000005,6,215347.8854539,215347.8941446,8.073600009083748,8.690699993167073,4.7941999800968915,2.1330000017769635,33.42039999552071,True,ok,4212,4212
777,57,5.7,6,215347.9183361,215347.9272207,8.312599995406345,8.884599985321984,4.9303999985568225,2.2350999934133142,0.0,True,ok,4229,4229
778,58,5.800000000000001,6,215347.9517091,215347.9612224,8.773599984124303,9.51329999952577,4.573000012896955,3.0067999905440956,0.0,True,ok,4294,4294
779,59,5.9,6,215347.9851502,215347.9937633,8.015800005523488,8.613100013462827,4.731599998194724,2.0744000212289393,0.0,True,ok,4337,4337
780,60,6.0,6,215348.0185446,215348.0285438,9.388100006617606,9.999200003221631,5.938999995123595,2.2963000228628516,0.0,True,ok,4334,4334
781,61,6.1000000000000005,6,215348.0521162,215348.0605479,7.767800008878112,8.43170000007376,4.499500006204471,2.1003999863751233,0.0,True,ok,4169,4169
782,62,6.2,6,215348.0851838,215348.0936569,7.949699996970594,8.473099995171651,4.788699996424839,2.0068000012543052,0.0,True,ok,4172,4172
783,63,6.300000000000001,6,215348.1188487,215348.1277429,8.204199984902516,8.89420000021346,4.803699994226918,2.2712999780196697,0.0,True,ok,4147,4147
784,64,6.4,6,215348.1517031,215348.1616836,9.533199976431206,9.980499977245927,6.159900018246844,2.1217000030446798,0.0,True,ok,4178,4178
785,65,6.5,6,215348.1851759,215348.1939643,8.299200009787455,8.788400009507313,5.082799994852394,1.9379000004846603,0.0,True,ok,4169,4169
786,66,6.6000000000000005,6,215348.2187143,215348.2272476,8.064199995715171,8.533300017006695,4.816300002858043,2.003600005991757,0.0,True,ok,4168,4168
787,67,6.7,6,215348.2521484,215348.2610347,8.345000009285286,8.886299998266622,4.924199980450794,2.278600004501641,0.0,True,ok,4086,4086
788,68,6.800000000000001,6,215348.2851047,215348.2939291,8.391300012590364,8.8244000216946,4.972599999746308,2.217100001871586,0.0,True,ok,4379,4379
789,69,6.9,6,215348.3185311,215348.3269881,7.828299974789843,8.45699998899363,4.6891999954823405,1.9351000082679093,0.0,True,ok,4282,4282
790,70,7.0,6,215348.352037,215348.361974,9.43629999528639,9.93699999526143,5.8360999973956496,2.4262999941129237,0.0,True,ok,4247,4247
791,71,7.1000000000000005,6,215348.385131,215348.3938488,8.011199999600649,8.71780002489686,4.777100024512038,2.045500004896894,0.0,True,ok,4354,4354
792,72,7.2,6,215348.4188544,215348.4273959,8.039400010602549,8.54150002123788,4.880899999989197,1.9304999732412398,0.0,True,ok,4628,4628
793,73,7.300000000000001,6,215348.4520817,215348.4610661,8.041900000534952,8.98439998854883,4.734699992695823,2.139899996109307,0.0,True,ok,4287,4287
794,74,7.4,6,215348.4851839,215348.4941531,8.23470001341775,8.969200018327683,4.73819999024272,2.2874000133015215,0.0,True,ok,4455,4455
795,75,7.5,6,215348.5185592,215348.5270782,7.907899998826906,8.518999995430931,4.758600000059232,1.9450999971013516,0.0,True,ok,4560,4560
796,76,7.6000000000000005,6,215348.5521342,215348.5607535,7.886800012784079,8.619300002465025,4.665099986596033,2.03569998848252,0.0,True,ok,4662,4662
797,77,7.7,6,215348.5857585,215348.5949529,8.053500001551583,9.194399986881763,4.7587000008206815,2.0967999880667776,0.0,True,ok,4381,4381
798,78,7.800000000000001,6,215348.6188836,215348.6284499,8.489200001349673,9.566299995640293,5.243799998424947,2.03569998848252,0.0,True,ok,4350,4350
799,79,7.9,6,215348.6519721,215348.6605475,7.91620000381954,8.575400017434731,4.696999996667728,2.0274999842513353,0.0,True,ok,4058,4058
800,80,8.0,6,215348.6854155,215348.6942667,8.149300003424287,8.85120002203621,4.921699990518391,2.049400005489588,0.0,True,ok,4074,4074
801,81,8.1,6,215348.7185672,215348.7282753,9.256899997126311,9.708099998533726,5.393699975684285,2.7073000092059374,33.151700015878305,True,ok,4080,4080
802,82,8.200000000000001,6,215348.7516439,215348.7607111,8.61250000889413,9.067200007848442,4.882099980022758,2.3776000016368926,33.07669999776408,True,ok,4288,4288
803,83,8.3,6,215348.7853102,215348.7936641,7.759500003885478,8.353899989742786,4.696799995144829,1.8978000152856112,0.0,True,ok,4269,4269
804,84,8.4,6,215348.8187692,215348.8276853,8.338299987372011,8.916099992347881,5.015400005504489,2.160800009733066,0.0,True,ok,3996,3996
805,85,8.5,6,215348.8519703,215348.8604982,7.925499987322837,8.527900004992262,4.680699988966808,2.048299997113645,0.0,True,ok,4318,4318
806,86,8.6,6,215348.8851365,215348.8934218,7.725200004642829,8.285299991257489,4.405900021083653,2.031600015470758,0.0,True,ok,4410,4410
807,87,8.700000000000001,6,215348.9183108,215348.9270413,8.223299984820187,8.730499976081774,4.931000003125519,2.1086999913677573,0.0,True,ok,4345,4345
808,88,8.8,6,215348.9521977,215348.9603949,7.745200011413544,8.197199989808723,4.587600007653236,2.0293999987188727,0.0,True,ok,3995,3995
809,89,8.9,6,215348.9851465,215348.993789,7.9249000118579715,8.642500004498288,4.8386999987997115,1.9248999888077378,0.0,True,ok,4114,4114
810,90,9.0,6,215349.0184551,215349.0271316,8.163500024238601,8.676500001456589,4.904600005829707,2.07719998434186,0.0,True,ok,4407,4407
811,91,9.1,6,215349.0519798,215349.0613304,8.878699998604134,9.350600012112409,5.486000009113923,2.1684000093955547,0.0,True,ok,4504,4504
812,92,9.200000000000001,6,215349.0853698,215349.094548,8.681000006617978,9.178199979942292,5.272899987176061,2.228500001365319,0.0,True,ok,4602,4602
813,93,9.3,6,215349.1184502,215349.1294019,9.940199990523979,10.951699980068952,4.9962000048253685,3.7148000265005976,33.080399996833876,True,ok,4719,4719
814,94,9.4,6,215349.1520926,215349.1623699,9.509900002740324,10.277299996232614,6.080699997255579,2.2459999890998006,0.0,True,ok,4623,4623
815,95,9.5,6,215349.1850824,215349.1938548,8.173599984729663,8.77239997498691,4.755500005558133,2.215599990449846,0.0,True,ok,4555,4555
816,96,9.600000000000001,6,215349.2183035,215349.2282702,9.43039997946471,9.96669998858124,4.882800014456734,3.3398000232409686,0.0,True,ok,4902,4902
817,97,9.700000000000001,6,215349.2519343,215349.2605932,8.055999991483986,8.658899983856827,4.848200012929738,1.962799986358732,0.0,True,ok,4793,4793
818,98,9.8,6,215349.2849802,215349.2936136,8.111999981338158,8.63339999341406,4.832000005990267,2.0604000019375235,0.0,True,ok,4857,4857
819,99,9.9,6,215349.3186926,215349.3274047,8.092999982181937,8.712099981494248,4.8488999891560525,2.0299000025261194,0.0,True,ok,4985,4985
820,100,10.0,6,215349.3519445,215349.3602818,7.78440001886338,8.337300008861348,4.568700009258464,2.0013999892398715,0.0,True,ok,4973,4973
821,101,10.100000000000001,6,215349.3854202,215349.3943773,8.01699998555705,8.957099984399974,4.715900024166331,2.075900003546849,0.0,True,ok,4507,4507
822,102,10.200000000000001,6,215349.41864,215349.42746,8.211700012907386,8.82000001729466,4.914099990855902,2.0692000107374042,0.0,True,ok,4834,4834
823,103,10.3,6,215349.4518528,215349.4609348,8.644700021250173,9.082000004127622,5.2521999750752,2.1533000108320266,33.21280001546256,True,ok,4943,4943
824,104,10.4,6,215349.4854247,215349.4942966,8.400199993047863,8.87190000503324,5.06559998029843,2.0807999826502055,0.0,True,ok,5082,5082
825,105,10.5,6,215349.518455,215349.5271825,8.09089999529533,8.727499982342124,4.894099984085187,1.945199997862801,0.0,True,ok,4986,4986
826,106,10.600000000000001,6,215349.5515759,215349.5603056,8.1783999921754,8.72969999909401,4.914299992378801,1.9839999731630087,0.0,True,ok,5037,5037
827,107,10.700000000000001,6,215349.5850801,215349.5934835,7.898100011516362,8.403400017414242,4.751200001919642,1.9348999776411802,0.0,True,ok,5162,5162
828,108,10.8,6,215349.6185752,215349.6272519,8.290199999464676,8.676700002979487,4.840700014028698,2.137500006938353,0.0,True,ok,4884,4884
829,109,10.9,6,215349.6519845,215349.6615752,9.084100020118058,9.590700006810948,5.700399982742965,2.078099991194904,0.0,True,ok,4890,4890
830,110,11.0,6,215349.685152,215349.6939462,8.287799981189892,8.794199995463714,4.843400005484,2.2293000074569136,0.0,True,ok,4848,4848
831,111,11.100000000000001,6,215349.7184535,215349.7274844,8.379400009289384,9.030899993376806,4.867500014370307,2.001199987716973,0.0,True,ok,5030,5030
832,112,11.200000000000001,6,215349.7517854,215349.7629167,10.667200025636703,11.13130000885576,7.217600010335445,2.05060001462698,0.0,True,ok,5114,5114
833,113,11.3,6,215349.7853773,215349.794509,8.538900001440197,9.131700004218146,5.077899986645207,2.143999998224899,0.0,True,ok,5293,5293
834,114,11.4,6,215349.8185933,215349.8280356,8.610799995949492,9.44229998276569,5.19150000764057,2.1487000049091876,0.0,True,ok,5423,5423
835,115,11.5,6,215349.852005,215349.8620064,9.531700023217127,10.001400019973516,6.002899986924604,2.239299996290356,0.0,True,ok,5340,5340
836,116,11.600000000000001,6,215349.8853188,215349.894376,8.5978000133764,9.057200019015,5.020199983846396,2.3264999908860773,0.0,True,ok,5279,5279
837,117,11.700000000000001,6,215349.9184228,215349.9275281,8.441100013442338,9.105300006922334,4.9088000087067485,2.214600011939183,0.0,True,ok,5498,5498
838,118,11.8,6,215349.9519506,215349.9612394,8.76060000155121,9.288800007198006,5.4019000090193,2.057100005913526,0.0,True,ok,5517,5517
839,119,11.9,6,215349.9854324,215349.9943581,8.327099989401177,8.925700007239357,4.934600001433864,2.1321999956853688,0.0,True,ok,5266,5266
840,0,0.0,7,215350.0214919,215350.0302407,8.137900003930554,8.74879999901168,4.736100003356114,2.181199990445748,0.0,True,ok,4708,4708
841,1,0.1,7,215350.0518883,215350.0617447,9.402700001373887,9.856400021817535,6.147100008092821,2.000399981625378,30.39639999042265,True,ok,4681,4681
842,2,0.2,7,215350.0849713,215350.0936913,8.269299985840917,8.719999983441085,4.934500000672415,2.0898999937344342,0.0,True,ok,4360,4360
843,3,0.30000000000000004,7,215350.1185751,215350.1273945,8.41110001783818,8.819400012725964,4.82860000920482,2.3446999839507043,0.0,True,ok,4532,4532
844,4,0.4,7,215350.1520703,215350.1623872,9.723099996335804,10.316899977624416,5.613400018773973,2.692599984584376,0.0,True,ok,4533,4533
845,5,0.5,7,215350.1855473,215350.194938,8.901099994545802,9.390699997311458,4.931599978590384,2.6639999996405095,0.0,True,ok,4334,4334
846,6,0.6000000000000001,7,215350.2184217,215350.2273004,8.175700000720099,8.878699998604134,4.836099979002029,2.00159999076277,0.0,True,ok,4462,4462
847,7,0.7000000000000001,7,215350.2520134,215350.2621865,9.493000019574538,10.173100017709658,6.030599994119257,2.0530000037979335,0.0,True,ok,4479,4479
848,8,0.8,7,215350.2850599,215350.294614,9.03490002383478,9.554100019158795,4.8343000235036016,2.002699999138713,33.046500000637025,True,ok,4534,4534
849,9,0.9,7,215350.3185108,215350.3272576,8.27759999083355,8.746800012886524,5.089100013719872,1.967399992281571,0.0,True,ok,4491,4491
850,10,1.0,7,215350.3521917,215350.3617264,8.910100004868582,9.534700016956776,5.361999996239319,2.2499999904539436,0.0,True,ok,4600,4600
851,11,1.1,7,215350.3852176,215350.3938565,8.06600000942126,8.638900006189942,4.737299983389676,2.0573999790940434,0.0,True,ok,4781,4781
852,12,1.2000000000000002,7,215350.4186222,215350.4275312,8.286299998871982,8.90899999649264,4.912600008537993,2.112899994244799,0.0,True,ok,5044,5044
853,13,1.3,7,215350.4520422,215350.4608652,8.397900004638359,8.82300001103431,4.717100004199892,2.4095000117085874,0.0,True,ok,4620,4620
854,14,1.4000000000000001,7,215350.4854729,215350.4956328,9.673300024587661,10.159900004509836,6.161099998280406,2.2184000117704272,0.0,True,ok,4785,4785
855,15,1.5,7,215350.5186534,215350.5275697,8.446299994830042,8.91629999387078,5.092000006698072,2.0096999942325056,0.0,True,ok,5045,5045
856,16,1.6,7,215350.5518788,215350.5625512,10.187200008658692,10.672400007024407,6.593499972950667,2.23430001642555,33.22539999498986,True,ok,5382,5382
857,17,1.7000000000000002,7,215350.5852124,215350.5939484,8.158599986927584,8.735999988857657,4.76929999422282,1.9751999934669584,0.0,True,ok,5312,5312
858,18,1.8,7,215350.6182766,215350.6267289,8.028300013393164,8.452300011413172,4.76929999422282,1.9305999740026891,0.0,True,ok,5363,5363
859,19,1.9000000000000001,7,215350.6516881,215350.6605038,8.31470001139678,8.815699984552339,4.718100011814386,2.218100009486079,0.0,True,ok,5455,5455
860,20,2.0,7,215350.6854581,215350.6947623,8.871500001987442,9.304200008045882,4.985399980796501,2.4056000111158937,0.0,True,ok,5508,5508
861,21,2.1,7,215350.718462,215350.7274971,8.551099977921695,9.035099996253848,4.925999994156882,2.2041999909561127,33.00389999640174,True,ok,5300,5300
862,22,2.2,7,215350.7517625,215350.7608419,8.493699977407232,9.079399984329939,4.64329999522306,2.407899999525398,0.0,True,ok,5384,5384
863,23,2.3000000000000003,7,215350.7854691,215350.7939046,7.823799998732284,8.435499999905005,4.391800001030788,2.0696000137832016,0.0,True,ok,5355,5355
864,24,2.4000000000000004,7,215350.8184101,215350.8278385,8.760199998505414,9.428399993339553,4.970100009813905,2.234099985798821,0.0,True,ok,5072,5072
865,25,2.5,7,215350.8518789,215350.8622981,9.94299998274073,10.419199999887496,6.147700012661517,2.450900006806478,0.0,True,ok,4851,4851
866,26,2.6,7,215350.885459,215350.8941972,8.047499984968454,8.738199976505712,4.513299994869158,2.132900001015514,0.0,True,ok,4933,4933
867,27,2.7,7,215350.918629,215350.9286958,9.403399977600202,10.066799994092435,6.017399980919436,2.047900023171678,0.0,True,ok,4889,4889
868,28,2.8000000000000003,7,215350.9521537,215350.9620869,9.390699997311458,9.933199995430186,5.500100000062957,2.5387000059708953,0.0,True,ok,4508,4508
869,29,2.9000000000000004,7,215350.9850989,215350.9939152,8.330499986186624,8.816299989121035,4.854700004216284,2.086699998471886,0.0,True,ok,4516,4516
870,30,3.0,7,215351.0183424,215351.0270493,8.215300011215732,8.706900000106543,4.898599989246577,2.0275999850127846,0.0,True,ok,4326,4326
871,31,3.1,7,215351.052083,215351.0613255,8.297599997604266,9.242500003892928,4.97229999746196,2.0426999835763127,0.0,True,ok,4407,4407
872,32,3.2,7,215351.0852559,215351.0956323,9.565900021698326,10.376400023233145,5.962299997918308,2.074900025036186,0.0,True,ok,4113,4113
873,33,3.3000000000000003,7,215351.1188584,215351.1279163,8.192999986931682,9.057899995241314,4.7808999952394515,2.047399990260601,0.0,True,ok,4211,4211
874,34,3.4000000000000004,7,215351.1516368,215351.1613879,9.10900000599213,9.751100005814806,5.842999991727993,1.953200000571087,0.0,True,ok,4198,4198
875,35,3.5,7,215351.1851165,215351.1943223,8.443099999567494,9.205799986375496,4.901900014374405,2.2696999949403107,0.0,True,ok,4125,4125
876,36,3.6,7,215351.2186708,215351.228323,9.194499987643212,9.652199980337173,4.9125000077765435,3.035400004591793,0.0,True,ok,4267,4267
877,37,3.7,7,215351.2520694,215351.2604243,7.880000019213185,8.354899997357279,4.656999983126298,2.023000008193776,0.0,True,ok,3805,3805
878,38,3.8000000000000003,7,215351.2854294,215351.2937409,7.929100014735013,8.311499987030402,4.618899984052405,2.1117999858688563,0.0,True,ok,3921,3921
879,39,3.9000000000000004,7,215351.3185724,215351.3273399,8.126699976855889,8.767499995883554,4.844800016144291,2.082999999402091,0.0,True,ok,3864,3864
880,40,4.0,7,215351.3520484,215351.3617055,8.975799981271848,9.65709998854436,5.596900009550154,2.0939999958500266,0.0,True,ok,3828,3828
881,41,4.1000000000000005,7,215351.3851626,215351.3943556,8.59169999603182,9.193000005325302,4.823600000236183,2.4046000035014004,0.0,True,ok,3659,3659
882,42,4.2,7,215351.4185999,215351.4292401,9.964700002456084,10.640199994668365,4.7731999948155135,3.752599994186312,0.0,True,ok,3989,3989
883,43,4.3,7,215351.452099,215351.4609034,7.977700006449595,8.804400014923885,4.44769999012351,2.19870000728406,0.0,True,ok,4294,4294
884,44,4.4,7,215351.4853713,215351.4947144,8.862699993187562,9.34310001321137,5.258699995465577,2.2837000142317265,0.0,True,ok,4623,4623
885,45,4.5,7,215351.5187867,215351.5279138,8.662700012791902,9.127099998295307,4.932799987727776,2.456199988955632,0.0,True,ok,4708,4708
886,46,4.6000000000000005,7,215351.5518921,215351.5604587,7.889000000432134,8.56660000863485,4.648900008760393,1.9215999927837402,0.0,True,ok,4834,4834
887,47,4.7,7,215351.5850169,215351.5938467,8.357200014870614,8.829800004605204,4.792699997778982,2.2153000172693282,0.0,True,ok,4677,4677
888,48,4.800000000000001,7,215351.6183455,215351.6271193,8.372200012672693,8.773800014751032,5.021100019803271,2.04309998662211,0.0,True,ok,4591,4591
889,49,4.9,7,215351.6518561,215351.6624075,9.8911999957636,10.551399987889454,6.039899977622554,2.550300006987527,0.0,True,ok,4442,4442
890,50,5.0,7,215351.6855799,215351.6959088,9.687000012490898,10.328900010790676,4.9226999981328845,3.45949997426942,0.0,True,ok,4408,4408
891,51,5.1000000000000005,7,215351.7184918,215351.7271286,8.163199992850423,8.636799990199506,4.796900000656024,2.050000010058284,0.0,True,ok,4418,4418
892,52,5.2,7,215351.7520509,215351.7602409,7.600500015541911,8.190000022295862,4.345199995441362,1.956899999640882,0.0,True,ok,4600,4600
893,53,5.300000000000001,7,215351.7851536,215351.793637,8.109699992928654,8.483399986289442,4.723300022305921,2.10240000160411,0.0,True,ok,4489,4489
894,54,5.4,7,215351.818576,215351.8289142,9.859000012511387,10.338200023397803,6.394099997123703,2.178399998228997,0.0,True,ok,4625,4625
895,55,5.5,7,215351.8518111,215351.8632547,10.95649998751469,11.443600000347942,6.389300018781796,3.196900011971593,0.0,True,ok,4379,4379
896,56,5.6000000000000005,7,215351.8853228,215351.8948403,8.97100000292994,9.517500002402812,4.6098000020720065,3.1162999803200364,0.0,True,ok,4212,4212
897,57,5.7,7,215351.9184252,215351.9272747,8.317999978316948,8.84949997998774,4.8473000060766935,2.2259000106714666,0.0,True,ok,4229,4229
898,58,5.800000000000001,7,215351.9520238,215351.9620919,9.712099999887869,10.068100003991276,5.776300007710233,2.572199999121949,0.0,True,ok,4294,4294
899,59,5.9,7,215351.9850435,215351.9941964,8.437199983745813,9.152899991022423,4.765999998198822,2.295299986144528,0.0,True,ok,4337,4337
900,60,6.0,7,215352.0186056,215352.0302502,10.553300002356991,11.644600017461926,5.9185999853070825,3.0799999949522316,0.0,True,ok,4334,4334
901,61,6.1000000000000005,7,215352.0517468,215352.0617356,9.440499998163432,9.988800011342391,5.755200021667406,2.2177999780979007,0.0,True,ok,4169,4169
902,62,6.2,7,215352.0853785,215352.0936117,7.634799985680729,8.23320000199601,4.491800005780533,1.9033999997191131,0.0,True,ok,4172,4172
903,63,6.300000000000001,7,215352.118598,215352.1278362,8.759399992413819,9.238200000254437,4.959199985023588,2.3591000062879175,0.0,True,ok,4147,4147
904,64,6.4,7,215352.1517112,215352.161626,9.475399972870946,9.91480000084266,6.168099993374199,2.0112000056542456,0.0,True,ok,4178,4178
905,65,6.5,7,215352.1853662,215352.1954427,9.432199993170798,10.07650000974536,4.890199983492494,3.211400005966425,0.0,True,ok,4169,4169
906,66,6.6000000000000005,7,215352.2185269,215352.2277293,8.20959999691695,9.20240001869388,4.986099986126646,1.9398000149521977,33.160699997097254,True,ok,4168,4168
907,67,6.7,7,215352.2521266,215352.2609739,8.265300013590604,8.847299992339686,4.737999988719821,2.1167999948374927,0.0,True,ok,4086,4086
908,68,6.800000000000001,7,215352.2853171,215352.294475,8.416500000748783,9.15789999999106,4.652800009353086,2.3289000091608614,0.0,True,ok,4379,4379
909,69,6.9,7,215352.3183408,215352.3270751,8.22750001680106,8.734300005016848,4.824500007089227,1.9908000249415636,0.0,True,ok,4282,4282
910,70,7.0,7,215352.3521869,215352.3613595,8.635500009404495,9.17259999550879,4.615599988028407,2.6492000033613294,0.0,True,ok,4247,4247
911,71,7.1000000000000005,7,215352.3849387,215352.3943564,8.810100000118837,9.417699999175966,4.43289999384433,2.9912999889347702,0.0,True,ok,4354,4354
912,72,7.2,7,215352.4183796,215352.4271413,8.086799993179739,8.761699980823323,4.754099994897842,2.015399979427457,0.0,True,ok,4628,4628
913,73,7.300000000000001,7,215352.452094,215352.4606954,7.704199990257621,8.601399982580915,4.3880000011995435,1.9865999929606915,0.0,True,ok,4287,4287
914,74,7.4,7,215352.4851092,215352.4934589,7.749899988994002,8.349699986865744,4.448599996976554,1.8814000068232417,0.0,True,ok,4455,4455
915,75,7.5,7,215352.5184565,215352.5271993,8.160199999110773,8.742800011532381,4.752699984237552,2.034700009971857,0.0,True,ok,4560,4560
916,76,7.6000000000000005,7,215352.5518053,215352.5602411,7.780299987643957,8.435800002189353,4.416299983859062,2.0166999893262982,0.0,True,ok,4662,4662
917,77,7.7,7,215352.5852398,215352.5940408,8.302500005811453,8.800999989034608,4.642799991415814,2.096899988828227,0.0,True,ok,4381,4381
918,78,7.800000000000001,7,215352.6183588,215352.6274465,8.526899997377768,9.087699989322573,5.0069999997504056,2.1625000226777047,0.0,True,ok,4350,4350
919,79,7.9,7,215352.6517221,215352.6604314,8.140499994624406,8.709299989277497,4.804500000318512,1.9945999956689775,0.0,True,ok,4058,4058
920,80,8.0,7,215352.6854592,215352.6942824,8.043800015002489,8.823200012557209,4.644000000553206,2.0551000197883695,0.0,True,ok,4074,4074
921,81,8.1,7,215352.7190287,215352.7287297,9.032800007844344,9.701000002678484,5.744299996877089,1.962499984074384,0.0,True,ok,4080,4080
922,82,8.200000000000001,7,215352.7518017,215352.7603937,8.035600010771304,8.591999998316169,4.707599990069866,1.9311000069137663,0.0,True,ok,4288,4288
923,83,8.3,7,215352.785225,215352.7939201,8.227899990743026,8.695099997567013,4.9282999825663865,1.8887000042013824,0.0,True,ok,4269,4269
924,84,8.4,7,215352.8182613,215352.8272997,8.527600002707914,9.038399992277846,4.9427000049036,2.109199995175004,0.0,True,ok,3996,3996
925,85,8.5,7,215352.8516196,215352.8607437,8.540999988326803,9.124100004555658,4.709700006060302,2.390699984971434,0.0,True,ok,4318,4318
926,86,8.6,7,215352.8851386,215352.8937436,8.126300002913922,8.605000009993091,4.721099976450205,2.041200001258403,0.0,True,ok,4410,4410
927,87,8.700000000000001,7,215352.9183269,215352.927812,9.006000007502735,9.485100017627701,5.267500004265457,2.2578000207431614,0.0,True,ok,4345,4345
928,88,8.8,7,215352.9521457,215352.9608298,8.03920000907965,8.684100001119077,4.550599987851456,2.1681000071112067,0.0,True,ok,3995,3995
929,89,8.9,7,215352.9850401,215352.9935791,8.07169999461621,8.539000002201647,4.589399992255494,2.1357999939937145,0.0,True,ok,4114,4114
930,90,9.0,7,215353.0183027,215353.0271244,8.207499980926514,8.821700001135468,4.855600011069328,2.046700014034286,0.0,True,ok,4407,4407
931,91,9.1,7,215353.0518068,215353.0603419,8.017500018468127,8.535100001608953,4.42699997802265,2.1026000031270087,0.0,True,ok,4504,4504
932,92,9.200000000000001,7,215353.0854382,215353.0946175,8.703900006366894,9.179299988318235,4.734599991934374,2.5308000040240586,0.0,True,ok,4602,4602
933,93,9.3,7,215353.1186058,215353.1302071,10.986300010699779,11.601300007896498,4.929000017000362,4.431099980138242,0.0,True,ok,4719,4719
934,94,9.4,7,215353.1520357,215353.1615497,8.792799984803423,9.513999975752085,5.134499981068075,2.2290000051725656,0.0,True,ok,4623,4623
935,95,9.5,7,215353.1850428,215353.1939899,8.35910000023432,8.947099995566532,4.674099996918812,2.0604000019375235,0.0,True,ok,4555,4555
936,96,9.600000000000001,7,215353.2187483,215353.2276266,8.238100010203198,8.878300024662167,4.58399998024106,2.28610000340268,0.0,True,ok,4902,4902
937,97,9.700000000000001,7,215353.2517206,215353.260187,7.718700013356283,8.466400002362207,4.446800012374297,1.9217999943066388,0.0,True,ok,4793,4793
938,98,9.8,7,215353.2854657,215353.2943348,8.161200006725267,8.869100012816489,4.464700003154576,2.225599979283288,0.0,True,ok,4857,4857
939,99,9.9,7,215353.3182997,215353.3274193,8.514600020134822,9.119599999394268,4.9152999999932945,2.132299996446818,0.0,True,ok,4985,4985
940,100,10.0,7,215353.3522042,215353.3611458,8.453700022073463,8.94160001189448,4.8608999932184815,2.1232999861240387,0.0,True,ok,4973,4973
941,101,10.100000000000001,7,215353.3853215,215353.3936307,7.620600023074076,8.309199998620898,4.319300001952797,1.9379000004846603,0.0,True,ok,4507,4507
942,102,10.200000000000001,7,215353.4185869,215353.4276289,8.32380002248101,9.042000019690022,4.674600000726059,2.2393000253941864,0.0,True,ok,4834,4834
943,103,10.3,7,215353.4519559,215353.4602487,7.880199991632253,8.292799990158528,4.693599999882281,1.8379999964963645,0.0,True,ok,4943,4943
944,104,10.4,7,215353.4855114,215353.4947169,8.5473999788519,9.205499984091148,4.85369999660179,2.295299986144528,0.0,True,ok,5082,5082
945,105,10.5,7,215353.5185248,215353.5289995,9.616600000299513,10.474700015038252,4.914900026051328,3.3217000018339604,0.0,True,ok,4986,4986
946,106,10.600000000000001,7,215353.5519939,215353.5601586,7.586799998534843,8.164700004272163,4.372700001113117,1.8813999777194113,0.0,True,ok,5037,5037
947,107,10.700000000000001,7,215353.5849502,215353.5937626,7.95480000670068,8.812400017632172,4.512599989539012,2.063699997961521,0.0,True,ok,5162,5162
948,108,10.8,7,215353.618738,215353.6292398,9.810300020035356,10.501800017664209,6.2206999864429235,2.1884999878238887,0.0,True,ok,4884,4884
949,109,10.9,7,215353.6517659,215353.6623096,9.305200015660375,10.543700016569346,6.023599999025464,1.9218999950680882,0.0,True,ok,4890,4890
950,110,11.0,7,215353.6855144,215353.6943311,8.068399998592213,8.816700021270663,4.666799999540672,2.0981000270694494,0.0,True,ok,4848,4848
951,111,11.100000000000001,7,215353.7188074,215353.7279165,8.489900006679818,9.109100006753579,5.112300015753135,1.9772000086959451,0.0,True,ok,5030,5030
952,112,11.200000000000001,7,215353.7516418,215353.7601472,7.8634999808855355,8.505400008289143,4.342300002463162,2.1428999898489565,0.0,True,ok,5114,5114
953,113,11.3,7,215353.7851961,215353.7940568,8.28069998533465,8.860699977958575,4.514700005529448,2.203800017014146,0.0,True,ok,5293,5293
954,114,11.4,7,215353.8182997,215353.8272974,8.448700013104826,8.9977000025101,5.003999976906925,2.084999985527247,0.0,True,ok,5423,5423
955,115,11.5,7,215353.8520659,215353.8608841,8.320399996591732,8.818200003588572,4.611199983628467,2.3028000141493976,0.0,True,ok,5340,5340
956,116,11.600000000000001,7,215353.885,215353.8938659,8.263299998361617,8.86589998845011,4.735599999548867,2.19280002056621,0.0,True,ok,5279,5279
957,117,11.700000000000001,7,215353.918433,215353.927898,8.721799997147173,9.464999980991706,5.072900006780401,2.2441000037360936,0.0,True,ok,5498,5498
958,118,11.8,7,215353.9519619,215353.9604383,7.863600010750815,8.47640002029948,4.47149999672547,2.055699995253235,0.0,True,ok,5517,5517
959,119,11.9,7,215353.9853306,215353.9946164,8.545100019546226,9.285800013458356,4.881800006842241,2.2855999995954335,0.0,True,ok,5266,5266
960,0,0.0,8,215354.0210756,215354.029957,8.337899984326214,8.881399990059435,4.622699983883649,2.4160999746527523,0.0,True,ok,4708,4708
961,1,0.1,8,215354.0517583,215354.0604723,8.160100027453154,8.714000025065616,4.961099999491125,1.8594000139273703,0.0,True,ok,4681,4681
962,2,0.2,8,215354.0849692,215354.0945115,8.58150000567548,9.542300016619265,5.196399986743927,2.0701000175904483,33.210900000995025,True,ok,4360,4360
963,3,0.30000000000000004,8,215354.1185448,215354.1277195,8.543999982066453,9.174699982395396,5.19160000840202,2.0656000124290586,0.0,True,ok,4532,4532
964,4,0.4,8,215354.1522843,215354.1607721,8.02129998919554,8.487799990689382,4.718000011052936,1.9212999904993922,0.0,True,ok,4533,4533
965,5,0.5,8,215354.1854301,215354.19436,8.401200000662357,8.929899981012568,4.845699993893504,2.214600011939183,0.0,True,ok,4334,4334
966,6,0.6000000000000001,8,215354.2185428,215354.2283995,9.356900001876056,9.856699994998053,6.102499988628551,1.8974000122398138,0.0,True,ok,4462,4462
967,7,0.7000000000000001,8,215354.25212,215354.2607357,8.130600006552413,8.615700004156679,4.847200005315244,1.8988999945577234,0.0,True,ok,4479,4479
968,8,0.8,8,215354.2851903,215354.2943099,8.681699982844293,9.119599999394268,4.764699988299981,2.417799987597391,0.0,True,ok,4534,4534
969,9,0.9,8,215354.3185462,215354.3275226,8.324200025526807,8.976400014944375,4.865900002187118,2.128299995092675,0.0,True,ok,4491,4491
970,10,1.0,8,215354.3519461,215354.362392,9.179900021990761,10.445899999467656,5.49380001029931,2.1383999846875668,0.0,True,ok,4600,4600
971,11,1.1,8,215354.3853613,215354.3941907,8.314200007589534,8.829400001559407,5.002799996873364,1.9185999990440905,33.415199985029176,True,ok,4781,4781
972,12,1.2000000000000002,8,215354.4186337,215354.4311486,11.850800015963614,12.514900008682162,5.553900002269074,4.871899989666417,0.0,True,ok,5044,5044
973,13,1.3,8,215354.4521489,215354.4615414,8.799000002909452,9.392500011017546,5.249100009677932,2.17650001286529,0.0,True,ok,4620,4620
974,14,1.4000000000000001,8,215354.4851949,215354.4943333,8.643300010589883,9.138400026131421,4.993399983504787,2.229400008218363,0.0,True,ok,4785,4785
975,15,1.5,8,215354.5188681,215354.5279463,8.42289999127388,9.078199975192547,4.852400015806779,2.172200009226799,0.0,True,ok,5045,5045
976,16,1.6,8,215354.5521171,215354.5611095,8.409000001847744,8.992400020360947,4.410099994856864,2.433799993013963,0.0,True,ok,5382,5382
977,17,1.7000000000000002,8,215354.5854698,215354.5946064,8.403399988310412,9.136600012425333,4.9740000104065984,2.0422999805305153,0.0,True,ok,5312,5312
978,18,1.8,8,215354.6185397,215354.6271705,8.126000000629574,8.630800002720207,4.695900017395616,2.0662999886553735,0.0,True,ok,5363,5363
979,19,1.9000000000000001,8,215354.6517311,215354.6621167,9.666700003435835,10.385600005974993,6.04779997956939,2.24159998469986,0.0,True,ok,5455,5455
980,20,2.0,8,215354.6852508,215354.694587,8.629399992059916,9.336200018879026,4.50850001652725,2.71129998145625,0.0,True,ok,5508,5508
981,21,2.1,8,215354.7184175,215354.7284353,9.510000003501773,10.017799999332055,6.014799990225583,1.930099999299273,33.166700013680384,True,ok,5300,5300
982,22,2.2,8,215354.7517953,215354.7609004,8.555500011425465,9.105100005399436,4.802100011147559,2.27280001854524,33.37779999128543,True,ok,5384,5384
983,23,2.3000000000000003,8,215354.7855063,215354.7942334,8.289099991088733,8.727100008400157,4.625899979146197,2.2566000116057694,0.0,True,ok,5355,5355
984,24,2.4000000000000004,8,215354.8184635,215354.8279037,8.600100001785904,9.440199995879084,5.087400000775233,2.1570999815594405,0.0,True,ok,5072,5072
985,25,2.5,8,215354.8521171,215354.8623835,9.676200017565861,10.266400000546128,4.77970001520589,3.4010000235866755,0.0,True,ok,4851,4851
986,26,2.6,8,215354.8853419,215354.8943562,8.371800009626895,9.014300012495369,4.62849999894388,2.140600001439452,0.0,True,ok,4933,4933
987,27,2.7,8,215354.9184884,215354.9287366,9.635499998694286,10.2482000074815,6.309599993983284,1.9986999977845699,0.0,True,ok,4889,4889
988,28,2.8000000000000003,8,215354.9521737,215354.9610517,8.267199998954311,8.877999993273988,4.738499992527068,2.162399992812425,0.0,True,ok,4508,4508
989,29,2.9000000000000004,8,215354.985398,215354.9940707,8.17559999995865,8.672700001625344,4.864000016823411,1.9916000019293278,0.0,True,ok,4516,4516
990,30,3.0,8,215355.0184347,215355.0272674,8.176500006811693,8.832699997583404,4.864000016823411,2.0549999899230897,0.0,True,ok,4326,4326
991,31,3.1,8,215355.0518705,215355.0605314,8.088500006124377,8.660899999085814,4.6168999979272485,2.0537999807856977,0.0,True,ok,4407,4407
992,32,3.2,8,215355.0852751,215355.093548,7.6228000107221305,8.272900013253093,4.516199987847358,1.862100005382672,0.0,True,ok,4113,4113
993,33,3.3000000000000003,8,215355.1190812,215355.1299196,10.269999998854473,10.838399990461767,7.025900005828589,2.007900009630248,0.0,True,ok,4211,4211
994,34,3.4000000000000004,8,215355.1518593,215355.1657889,13.23369998135604,13.929599983384833,6.693200004519895,4.378999990876764,0.0,True,ok,4198,4198
995,35,3.5,8,215355.1854379,215355.1943838,8.332199999131262,8.94589998642914,4.926000023260713,2.192400017520413,0.0,True,ok,4125,4125
996,36,3.6,8,215355.2188927,215355.227385,7.850299996789545,8.492299995850772,4.496199981076643,2.067099994746968,0.0,True,ok,4267,4267
997,37,3.7,8,215355.2519875,215355.2607653,8.098199992673472,8.777799987001345,4.831700003705919,1.9706000166479498,0.0,True,ok,3805,3805
998,38,3.8000000000000003,8,215355.2851273,215355.2940414,8.398199977818877,8.914099977118894,4.556700005196035,2.5870999961625785,0.0,True,ok,3921,3921
999,39,3.9000000000000004,8,215355.3188285,215355.3281582,8.883999980753288,9.32969999848865,5.097799992654473,2.3788000107742846,0.0,True,ok,3864,3864
1000,40,4.0,8,215355.3520325,215355.3614845,8.756900002481416,9.451999998418614,5.619100003968924,1.9358999852556735,0.0,True,ok,3828,3828
1001,41,4.1000000000000005,8,215355.3851874,215355.3945367,8.762500016018748,9.349300002213567,4.971899994416162,2.61060000048019,0.0,True,ok,3659,3659
1002,42,4.2,8,215355.4187723,215355.4274394,8.051999990129843,8.667099988088012,4.743800003780052,2.055399992968887,0.0,True,ok,3989,3989
1003,43,4.3,8,215355.4519393,215355.4611579,8.54589999653399,9.21859999652952,5.372100014938042,1.9564999965950847,0.0,True,ok,4294,4294
1004,44,4.4,8,215355.485411,215355.4960713,9.151200007181615,10.660300002200529,5.6554000184405595,2.128599997377023,0.0,True,ok,4623,4623
1005,45,4.5,8,215355.5188223,215355.5286,9.306099993409589,9.777700004633516,5.244700005277991,2.58239998947829,0.0,True,ok,4708,4708
1006,46,4.6000000000000005,8,215355.5520326,215355.5614454,8.7282000167761,9.412799990968779,5.3047999972477555,2.1422000136226416,0.0,True,ok,4834,4834
1007,47,4.7,8,215355.5854908,215355.5943501,8.130300004268065,8.859299996402115,4.630999988876283,2.230999991297722,0.0,True,ok,4677,4677
1008,48,4.800000000000001,8,215355.6193366,215355.627778,7.943400007206947,8.441399986622855,4.675200005294755,1.9466000085230917,0.0,True,ok,4591,4591
1009,49,4.9,8,215355.6520321,215355.6618425,8.89709999319166,9.810399991692975,5.645199998980388,1.9782999879680574,0.0,True,ok,4442,4442
1010,50,5.0,8,215355.6850289,215355.6941394,8.587499993154779,9.110499988310039,5.139000015333295,2.2449000098276883,0.0,True,ok,4408,4408
1011,51,5.1000000000000005,8,215355.718607,215355.7275165,8.386199973756447,8.909500000299886,4.931500006932765,2.2393999970518053,0.0,True,ok,4418,4418
1012,52,5.2,8,215355.7517885,215355.7602509,7.844100007787347,8.462400001008064,4.485300014493987,2.1121999889146537,0.0,True,ok,4600,4600
1013,53,5.300000000000001,8,215355.7852539,215355.7942435,8.253599982708693,8.989599999040365,4.8528999905101955,2.169799990952015,0.0,True,ok,4489,4489
1014,54,5.4,8,215355.8187785,215355.8276501,8.395399985602126,8.871600002748892,4.960299993399531,2.189000020734966,0.0,True,ok,4625,4625
1015,55,5.5,8,215355.8521057,215355.8621141,9.377899987157434,10.008399985963479,6.007999996654689,2.1701999939978123,0.0,True,ok,4379,4379
1016,56,5.6000000000000005,8,215355.8851854,215355.8942711,8.173400012310594,9.085700003197417,4.915800003800541,2.070499991532415,0.0,True,ok,4212,4212
1017,57,5.7,8,215355.9187755,215355.9274738,8.194599999114871,8.698299992829561,4.762899974593893,2.229700010502711,0.0,True,ok,4229,4229
1018,58,5.800000000000001,8,215355.9518262,215355.9616445,9.250500006601214,9.818299993639812,5.451800010632724,2.572199999121949,0.0,True,ok,4294,4294
1019,59,5.9,8,215355.9855573,215355.9945703,8.503200020641088,9.013000002596527,4.9399999843444675,2.2563999809790403,0.0,True,ok,4337,4337
1020,60,6.0,8,215356.0185071,215356.0275969,8.333000005222857,9.089800005313009,4.859000007854775,2.1744999976363033,0.0,True,ok,4334,4334
1021,61,6.1000000000000005,8,215356.0517384,215356.0621163,9.683199983555824,10.377899976447225,6.075899989809841,2.2947000106796622,0.0,True,ok,4169,4169
1022,62,6.2,8,215356.0851521,215356.093879,8.04369998513721,8.726900006877258,4.5726999815087765,2.1505999902728945,0.0,True,ok,4172,4172
1023,63,6.300000000000001,8,215356.1185429,215356.127153,8.069100003922358,8.610100019723177,4.667200002586469,2.218799985712394,0.0,True,ok,4147,4147
1024,64,6.4,8,215356.1521693,215356.1616932,9.04380000429228,9.523899992927909,5.8359999966342,1.8589999817777425,0.0,True,ok,4178,4178
1025,65,6.5,8,215356.1851768,215356.1938067,8.10579999233596,8.629899995867163,4.874100006418303,2.01489997562021,0.0,True,ok,4169,4169
1026,66,6.6000000000000005,8,215356.218445,215356.2273934,8.409800007939339,8.948400005465373,5.054799985373393,2.024899993557483,0.0,True,ok,4168,4168
1027,67,6.7,8,215356.2520242,215356.2609636,8.324000024003908,8.939400024246424,4.757600021548569,2.2160999942570925,0.0,True,ok,4086,4086
1028,68,6.800000000000001,8,215356.2852058,215356.2941414,8.459200005745515,8.93559999531135,4.730400018161163,2.212899998994544,0.0,True,ok,4379,4379
1029,69,6.9,8,215356.3184364,215356.327343,8.413000003201887,8.906600007321686,4.881300003034994,2.1514999971259385,0.0,True,ok,4282,4282
1030,70,7.0,8,215356.3518139,215356.3606516,8.267700002761558,8.83770000655204,4.710099980002269,2.300599997397512,0.0,True,ok,4247,4247
1031,71,7.1000000000000005,8,215356.3855407,215356.3944715,8.190200023818761,8.930800016969442,4.473900015000254,2.142000012099743,0.0,True,ok,4354,4354
1032,72,7.2,8,215356.4187226,215356.4271865,7.997499982593581,8.463899983325973,4.857599997194484,1.959300017915666,0.0,True,ok,4628,4628
1033,73,7.300000000000001,8,215356.4519354,215356.4611797,8.584800001699477,9.244300017599016,5.481500003952533,1.9102999940514565,0.0,True,ok,4287,4287
1034,74,7.4,8,215356.4852092,215356.4938633,8.009300014236942,8.65410000551492,4.778600006829947,2.0034000044688582,0.0,True,ok,4455,4455
1035,75,7.5,8,215356.5187412,215356.5297897,10.549700004048645,11.048499989556149,4.764099983731285,4.55010001314804,0.0,True,ok,4560,4560
1036,76,7.6000000000000005,8,215356.5518545,215356.5609519,8.43330001225695,9.097400004975498,4.591800010530278,2.230699989013374,0.0,True,ok,4662,4662
1037,77,7.7,8,215356.585183,215356.5941642,8.272200007922947,8.981200022390112,4.341400024713948,2.722900011576712,0.0,True,ok,4381,4381
1038,78,7.800000000000001,8,215356.6188086,215356.6280288,7.635300018591806,9.220200008712709,4.5424000127241015,1.8656999745871872,0.0,True,ok,4350,4350
1039,79,7.9,8,215356.6520973,215356.6616602,8.540400012861937,9.562900027958676,4.735900001833215,2.4209999828599393,0.0,True,ok,4058,4058
1040,80,8.0,8,215356.6853751,215356.6940768,7.95329999527894,8.701699989615008,4.673499992350116,2.053400006843731,0.0,True,ok,4074,4074
1041,81,8.1,8,215356.7184377,215356.726867,7.953799999086186,8.429299981798977,4.7664000012446195,2.0146000024396926,0.0,True,ok,4080,4080
1042,82,8.200000000000001,8,215356.751702,215356.7600947,7.907199993496761,8.392699994146824,4.765399993630126,1.937499997438863,0.0,True,ok,4288,4288
1043,83,8.3,8,215356.7852776,215356.7935171,7.751500001177192,8.239500020863488,4.574199992930517,1.9896999874617904,0.0,True,ok,4269,4269
1044,84,8.4,8,215356.8184988,215356.8270294,8.03630001610145,8.530599996447563,4.737499984912574,2.1374999778345227,0.0,True,ok,3996,3996
1045,85,8.5,8,215356.8517425,215356.8608103,7.901599979959428,9.067799983313307,4.50710000586696,2.0407999982126057,0.0,True,ok,4318,4318
1046,86,8.6,8,215356.8852412,215356.8935127,7.729799981461838,8.271499973488972,4.481800016947091,1.9905999943148345,0.0,True,ok,4410,4410
1047,87,8.700000000000001,8,215356.9183171,215356.9270063,8.23029997991398,8.689199981745332,4.935100005241111,1.9269000040367246,0.0,True,ok,4345,4345
1048,88,8.8,8,215356.9521589,215356.9622676,8.88959999429062,10.108699992997572,5.737400002544746,1.9975999894086272,0.0,True,ok,3995,3995
1049,89,8.9,8,215356.9853055,215356.9938251,7.832300005247816,8.519599999999627,4.723499994724989,1.9676000229083002,0.0,True,ok,4114,4114
1050,90,9.0,8,215357.0187281,215357.0272026,7.930599997052923,8.474500005831942,4.735000024084002,1.9818000146187842,0.0,True,ok,4407,4407
1051,91,9.1,8,215357.0518389,215357.0615602,9.091000014450401,9.721300011733547,5.779400002211332,2.073199982987717,0.0,True,ok,4504,4504
1052,92,9.200000000000001,8,215357.0850421,215357.0944152,8.558800007449463,9.373100008815527,4.7842999920248985,2.566699986346066,0.0,True,ok,4602,4602
1053,93,9.3,8,215357.1187518,215357.1277187,8.334500016644597,8.966900000814348,4.8716000164859,2.201199997216463,0.0,True,ok,4719,4719
1054,94,9.4,8,215357.151782,215357.1617432,9.485999995376915,9.961200004909188,6.063700013328344,2.2227000154089183,0.0,True,ok,4623,4623
1055,95,9.5,8,215357.1852547,215357.1940002,8.055899990722537,8.745500002987683,4.581399989547208,2.2587999992538244,0.0,True,ok,4555,4555
1056,96,9.600000000000001,8,215357.2186947,215357.2285143,9.295299998484552,9.819600003538653,5.956599983619526,2.1667999972123653,0.0,True,ok,4902,4902
1057,97,9.700000000000001,8,215357.2519438,215357.2612798,7.995799998752773,9.336000017356128,4.871299985097721,1.954700011992827,0.0,True,ok,4793,4793
1058,98,9.8,8,215357.2852067,215357.2936961,7.79030000558123,8.489400002872571,4.63600002694875,1.947900018421933,0.0,True,ok,4857,4857
1059,99,9.9,8,215357.3183416,215357.3274222,8.355500001925975,9.080599993467331,4.798999987542629,2.1459000126924366,0.0,True,ok,4985,4985
1060,100,10.0,8,215357.3518624,215357.3613164,8.791400003246963,9.45399998454377,5.5269000004045665,2.0092000195290893,0.0,True,ok,4973,4973
1061,101,10.100000000000001,8,215357.3852491,215357.3945927,8.722600003238767,9.343599987914786,5.291699984809384,2.1421000128611922,0.0,True,ok,4507,4507
1062,102,10.200000000000001,8,215357.4185366,215357.4275377,7.877399999415502,9.001099999295548,4.66700000106357,2.059899998130277,0.0,True,ok,4834,4834
1063,103,10.3,8,215357.4516763,215357.4609138,8.558300003642216,9.237499994924292,5.339800001820549,1.9786999910138547,0.0,True,ok,4943,4943
1064,104,10.4,8,215357.4851407,215357.4935737,7.88799999281764,8.432999980868772,4.750199994305149,1.9228000019211322,0.0,True,ok,5082,5082
1065,105,10.5,8,215357.5186527,215357.5274152,8.00949998665601,8.762499986914918,4.8716000164859,1.9659999816212803,0.0,True,ok,4986,4986
1066,106,10.600000000000001,8,215357.5517322,215357.5611377,8.405399974435568,9.405499993590638,4.811999999219552,2.398000011453405,0.0,True,ok,5037,5037
1067,107,10.700000000000001,8,215357.5854415,215357.5942514,8.301800000481308,8.809899998595938,5.025499995099381,2.0908000005874783,0.0,True,ok,5162,5162
1068,108,10.8,8,215357.618691,215357.6269411,7.628499995917082,8.250099985161796,4.403700004331768,2.067599998554215,0.0,True,ok,4884,4884
1069,109,10.9,8,215357.6517453,215357.6614472,9.101599978748709,9.701899980427697,5.7625999907031655,2.04320001648739,0.0,True,ok,4890,4890
1070,110,11.0,8,215357.6851073,215357.6940045,8.128799992846325,8.897199993953109,4.762100026709959,2.2072999854572117,0.0,True,ok,4848,4848
1071,111,11.100000000000001,8,215357.7186556,215357.7271573,7.824899978004396,8.501699980115518,4.656000004615635,1.9960000063292682,0.0,True,ok,5030,5030
1072,112,11.200000000000001,8,215357.7519795,215357.7614323,8.87190000503324,9.452800004510209,5.569100001594052,2.0198999845888466,0.0,True,ok,5114,5114
1073,113,11.3,8,215357.7850444,215357.7935202,7.9400000104215,8.475800015730783,4.675700009102002,2.0302000048104674,0.0,True,ok,5293,5293
1074,114,11.4,8,215357.818679,215357.8274676,8.122500003082678,8.788600011030212,4.663500003516674,2.2360000002663583,0.0,True,ok,5423,5423
1075,115,11.5,8,215357.8522871,215357.8616611,8.199900010367855,9.374000015668571,4.8467000015079975,2.126499981386587,0.0,True,ok,5340,5340
1076,116,11.600000000000001,8,215357.8852045,215357.8942683,8.580800000345334,9.063800011062995,5.071999999927357,2.2745000023860484,0.0,True,ok,5279,5279
1077,117,11.700000000000001,8,215357.9184179,215357.9278035,8.862099988618866,9.385600016685203,5.496400000993162,2.1232999861240387,0.0,True,ok,5498,5498
1078,118,11.8,8,215357.9516839,215357.9609117,8.806199999526143,9.227800008375198,5.493500008014962,2.1133999980520457,0.0,True,ok,5517,5517
1079,119,11.9,8,215357.9852812,215357.9942408,8.430200017755851,8.959600003436208,5.028400017181411,2.1394000214058906,0.0,True,ok,5266,5266
1080,0,0.0,9,215358.0210363,215358.0293825,7.801600004313514,8.346200018422678,4.567199997836724,2.071900002192706,0.0,True,ok,4708,4708
1081,1,0.1,9,215358.0520146,215358.0606947,8.097299985820428,8.680099999764934,4.747300001326948,2.120800025295466,0.0,True,ok,4681,4681
1082,2,0.2,9,215358.085004,215358.0934408,7.857499993406236,8.436800009803846,4.693900002166629,1.957299973582849,0.0,True,ok,4360,4360
1083,3,0.30000000000000004,9,215358.1185282,215358.1272819,8.13989999005571,8.753700007218868,4.792399995494634,2.139999996870756,0.0,True,ok,4532,4532
1084,4,0.4,9,215358.1520852,215358.1614922,8.890799974324182,9.406999975908548,5.62130002072081,2.047500020125881,0.0,True,ok,4533,4533
1085,5,0.5,9,215358.1852077,215358.1940183,8.059800020419061,8.810600003926083,4.831700003705919,2.015600010054186,0.0,True,ok,4334,4334
1086,6,0.6000000000000001,9,215358.2183952,215358.226965,8.095800003502518,8.569800003897399,4.666799999540672,2.1628999966196716,33.18749999743886,True,ok,4462,4462
1087,7,0.7000000000000001,9,215358.2517252,215358.2616591,9.000200021546334,9.933900000760332,5.396799999289215,2.3997999960556626,0.0,True,ok,4479,4479
1088,8,0.8,9,215358.2850709,215358.2940574,8.559399982914329,8.986500004539266,4.900700005237013,2.493199979653582,0.0,True,ok,4534,4534
1089,9,0.9,9,215358.3186074,215358.3277474,7.947700010845438,9.14000000921078,4.774800006998703,1.9839000015053898,0.0,True,ok,4491,4491
1090,10,1.0,9,215358.3517672,215358.3617675,8.896799990907311,10.000300011597574,5.299000011291355,2.194100001361221,0.0,True,ok,4600,4600
1091,11,1.1,9,215358.3853744,215358.3950447,8.444100007181987,9.670300001744181,5.047699989518151,2.0800000056624413,0.0,True,ok,4781,4781
1092,12,1.2000000000000002,9,215358.4186615,215358.42764,8.376100013265386,8.97850000183098,5.088199977762997,1.9972999871242791,0.0,True,ok,5044,5044
1093,13,1.3,9,215358.4520158,215358.4617519,9.171300014713779,9.736100008012727,5.45240001520142,2.355200005695224,0.0,True,ok,4620,4620
1094,14,1.4000000000000001,9,215358.4850716,215358.4942836,8.559000008972362,9.212000004481524,4.773200023919344,2.3708000080659986,0.0,True,ok,4785,4785
1095,15,1.5,9,215358.5187197,215358.5286502,9.39190000644885,9.930500003974885,6.030999997165054,2.0628999918699265,0.0,True,ok,5045,5045
1096,16,1.6,9,215358.5520405,215358.5619611,8.858999994117767,9.920599986799061,5.335099995136261,2.221500006271526,33.320800022920594,True,ok,5382,5382
1097,17,1.7000000000000002,9,215358.5852543,215358.5945038,8.86739999987185,9.249499998986721,5.207099980907515,2.358600002480671,0.0,True,ok,5312,5312
1098,18,1.8,9,215358.6186418,215358.6272656,7.95329999527894,8.623799978522584,4.688100016210228,1.9370000227354467,0.0,True,ok,5363,5363
1099,19,1.9000000000000001,9,215358.6518412,215358.662244,9.934800007613376,10.402800020528957,6.315400009043515,2.2743000008631498,0.0,True,ok,5455,5455
1100,20,2.0,9,215358.6853312,215358.6946223,8.794599998509511,9.29110002471134,5.099300004076213,2.3637999838683754,0.0,True,ok,5508,5508
1101,21,2.1,9,215358.7187146,215358.7280537,8.447100000921637,9.339100011857226,4.966000007698312,2.057700010482222,0.0,True,ok,5300,5300
1102,22,2.2,9,215358.7521927,215358.7623514,9.431499987840652,10.158699995372444,5.44929999159649,2.46389998937957,0.0,True,ok,5384,5384
1103,23,2.3000000000000003,9,215358.785208,215358.7941807,8.503699995344505,8.97270001587458,4.8365000111516565,2.3578999971505255,0.0,True,ok,5355,5355
1104,24,2.4000000000000004,9,215358.8189514,215358.8276969,8.087299996986985,8.745500002987683,4.647099995054305,2.2019000025466084,33.74340001028031,True,ok,5072,5072
1105,25,2.5,9,215358.8519263,215358.8621982,9.668299986515194,10.27189998421818,6.155300012324005,2.244200004497543,0.0,True,ok,4851,4851
1106,26,2.6,9,215358.8853569,215358.8939583,8.13850000849925,8.601400011684746,4.887599992798641,1.9955000025220215,33.43059998587705,True,ok,4933,4933
1107,27,2.7,9,215358.9184765,215358.9288357,9.890200017252937,10.359200008679181,6.427100015571341,2.0240999874658883,0.0,True,ok,4889,4889
1108,28,2.8000000000000003,9,215358.952091,215358.9612621,8.64079999155365,9.17109998408705,4.944400017848238,2.2529000125359744,0.0,True,ok,4508,4508
1109,29,2.9000000000000004,9,215358.9850784,215358.9937099,8.22600000537932,8.631500008050352,4.915400000754744,2.0463999826461077,0.0,True,ok,4516,4516
1110,30,3.0,9,215359.0186708,215359.0278364,8.669200004078448,9.165600000414997,4.988599976059049,2.3769000254105777,0.0,True,ok,4326,4326
1111,31,3.1,9,215359.0519293,215359.0603458,7.9716000182088464,8.416500000748783,4.7710000071674585,1.9638999947346747,0.0,True,ok,4407,4407
1112,32,3.2,9,215359.0849853,215359.0936215,8.163999998942018,8.63620001473464,4.922700027236715,2.0118000102229416,0.0,True,ok,4113,4113
1113,33,3.3000000000000003,9,215359.1188504,215359.1272045,7.816500001354143,8.354099991265684,4.681099992012605,1.9136000191792846,0.0,True,ok,4211,4211
1114,34,3.4000000000000004,9,215359.1521038,215359.160692,8.081900014076382,8.588199998484924,4.815299995243549,2.0324999932199717,0.0,True,ok,4198,4198
1115,35,3.5,9,215359.1852303,215359.1955476,9.751499979756773,10.317299980670214,4.825399984838441,2.291200013132766,0.0,True,ok,4125,4125
1116,36,3.6,9,215359.2188363,215359.2277124,8.144799998262897,8.876100007910281,4.764999990584329,2.1949999791104347,0.0,True,ok,4267,4267
1117,37,3.7,9,215359.2519596,215359.2609663,8.51179999881424,9.00670001283288,4.815899999812245,2.510699996491894,0.0,True,ok,3805,3805
1118,38,3.8000000000000003,9,215359.285219,215359.2941243,8.285500021884218,8.905299997422844,4.7673000080976635,2.3292000114452094,0.0,True,ok,3921,3921
1119,39,3.9000000000000004,9,215359.3188034,215359.3313411,11.647800012724474,12.537700007669628,6.1271000013221055,2.9402000072877854,0.0,True,ok,3864,3864
1120,40,4.0,9,215359.351899,215359.3613433,8.99619999108836,9.444299997994676,5.838000011863187,1.9673000206239522,0.0,True,ok,3828,3828
1121,41,4.1000000000000005,9,215359.3852556,215359.3943598,8.038400002988055,9.104199998546392,4.911800002446398,1.9275000086054206,0.0,True,ok,3659,3659
1122,42,4.2,9,215359.4188602,215359.4279446,8.370099996682256,9.084399993298575,4.822100017918274,2.2698999964632094,0.0,True,ok,3989,3989
1123,43,4.3,9,215359.4518841,215359.4605009,7.891299988841638,8.616799983428791,4.708699998445809,1.967399992281571,0.0,True,ok,4294,4294
1124,44,4.4,9,215359.4853663,215359.4945632,8.625099988421425,9.196899976814166,4.9146999954245985,2.370900008827448,0.0,True,ok,4623,4623
1125,45,4.5,9,215359.5189738,215359.5285499,8.906599978217855,9.576099982950836,5.024400015827268,2.609900024253875,0.0,True,ok,4708,4708
1126,46,4.6000000000000005,9,215359.5521417,215359.5609545,8.127699984470382,8.812799991574138,4.72779999836348,2.088099980028346,0.0,True,ok,4834,4834
1127,47,4.7,9,215359.5851931,215359.594799,8.921900007408112,9.605900006135926,5.214999982854351,2.258099993923679,0.0,True,ok,4677,4677
1128,48,4.800000000000001,9,215359.6185017,215359.6271675,7.750899996608496,8.665800007293,4.604099987773225,1.9415999995544553,33.308599988231435,True,ok,4591,4591
1129,49,4.9,9,215359.6520431,215359.6606004,8.082000014837831,8.557299996027723,4.787299985764548,2.0232000097166747,0.0,True,ok,4442,4442
1130,50,5.0,9,215359.6854651,215359.6940706,8.175800001481548,8.605500013800338,4.869900003541261,2.090099995257333,0.0,True,ok,4408,4408
1131,51,5.1000000000000005,9,215359.7184062,215359.7286598,9.605600003851578,10.253599990392104,5.486100009875372,2.5704000145196915,0.0,True,ok,4418,4418
1132,52,5.2,9,215359.7515508,215359.7603524,8.104599983198568,8.801599993603304,4.737099981866777,2.092800015816465,0.0,True,ok,4600,4600
1133,53,5.300000000000001,9,215359.7854927,215359.7939061,7.876999996369705,8.413400006247684,4.81959999888204,1.8233000009786338,0.0,True,ok,4489,4489
1134,54,5.4,9,215359.8184594,215359.8271442,8.168400003341958,8.684800006449223,4.745799989905208,2.106700005242601,0.0,True,ok,4625,4625
1135,55,5.5,9,215359.8518681,215359.8615212,8.508399972924963,9.653099987190217,5.009100015740842,2.2541000216733664,33.40869999374263,True,ok,4379,4379
1136,56,5.6000000000000005,9,215359.8851676,215359.8935966,7.817700010491535,8.429000008618459,4.524999996647239,2.0521999977063388,0.0,True,ok,4212,4212
1137,57,5.7,9,215359.9188321,215359.9293511,9.167999989585951,10.519000003114343,5.830799986142665,2.124100021319464,0.0,True,ok,4229,4229
1138,58,5.800000000000001,9,215359.9520818,215359.9609349,8.215700014261529,8.853100007399917,4.762299999129027,2.10829998832196,0.0,True,ok,4294,4294
1139,59,5.9,9,215359.9854916,215359.9946158,8.453900023596361,9.124200005317107,4.808099998626858,2.2557000047527254,0.0,True,ok,4337,4337
1140,60,6.0,9,215360.0186912,215360.0280388,8.672900003148243,9.347599989268929,5.010199995012954,2.415900002233684,0.0,True,ok,4334,4334
1141,61,6.1000000000000005,9,215360.0523024,215360.0610763,8.30289997975342,8.77389998640865,4.7747000062372535,2.2613999899476767,0.0,True,ok,4169,4169
1142,62,6.2,9,215360.0854222,215360.0940024,7.960499991895631,8.580199995776638,4.425999999511987,2.2376000124495476,0.0,True,ok,4172,4172
1143,63,6.300000000000001,9,215360.1185097,215360.1273135,8.330500015290454,8.80380001035519,4.805500007933006,2.2176999773364514,0.0,True,ok,4147,4147
1144,64,6.4,9,215360.1519182,215360.1604614,7.503600005293265,8.543200005078688,4.344199987826869,1.9179999944753945,33.40849999221973,True,ok,4178,4178
1145,65,6.5,9,215360.1854292,215360.1937771,7.877600000938401,8.347900002263486,4.571099998429418,2.035999990766868,0.0,True,ok,4169,4169
1146,66,6.6000000000000005,9,215360.2186581,215360.2275198,8.216100017307326,8.861700014676899,4.800099995918572,1.9826999923679978,0.0,True,ok,4168,4168
1147,67,6.7,9,215360.2521852,215360.2623245,9.572200011461973,10.139300022274256,5.78119998681359,2.499299996998161,0.0,True,ok,4086,4086
1148,68,6.800000000000001,9,215360.2854284,215360.2944087,8.353599987458438,8.980299986433238,4.720599972642958,2.3123999999370426,0.0,True,ok,4379,4379
1149,69,6.9,9,215360.3185616,215360.3272482,8.149499975843355,8.68659999105148,4.7728999925311655,2.04320001648739,0.0,True,ok,4282,4282
1150,70,7.0,9,215360.3521728,215360.3616367,8.541899995179847,9.463900001719594,5.035000009229407,2.2421999892685562,0.0,True,ok,4247,4247
1151,71,7.1000000000000005,9,215360.3852592,215360.393998,8.267100027296692,8.738800010178238,4.882700013695285,2.072300005238503,0.0,True,ok,4354,4354
1152,72,7.2,9,215360.4187133,215360.4276805,8.4674000099767,8.967200003098696,5.069800012279302,2.0904999983031303,0.0,True,ok,4628,4628
1153,73,7.300000000000001,9,215360.4518061,215360.4607179,8.02280000061728,8.91179998870939,4.6814000234007835,2.0114000071771443,0.0,True,ok,4287,4287
1154,74,7.4,9,215360.4852667,215360.494459,8.730500005185604,9.192299999995157,5.032599990954623,1.9854999845847487,0.0,True,ok,4455,4455
1155,75,7.5,9,215360.5189018,215360.5284161,8.072600001469254,9.514299978036433,4.758099996251985,1.9700000120792538,0.0,True,ok,4560,4560
1156,76,7.6000000000000005,9,215360.5519784,215360.5619015,9.444800001801923,9.923100005835295,6.022299989126623,2.112599991960451,0.0,True,ok,4662,4662
1157,77,7.7,9,215360.5854257,215360.5944981,8.265199983725324,9.072399989236146,4.831099999137223,2.0795000018551946,0.0,True,ok,4381,4381
1158,78,7.800000000000001,9,215360.6184575,215360.6273414,8.41109998873435,8.883899979991838,4.9811000062618405,1.9942999933846295,0.0,True,ok,4350,4350
1159,79,7.9,9,215360.6517444,215360.6615898,9.264099993743002,9.845399996265769,5.87610001093708,2.1170999971218407,0.0,True,ok,4058,4058
1160,80,8.0,9,215360.6854755,215360.6938671,7.587600004626438,8.391599985770881,4.489799990551546,1.8634000152815133,0.0,True,ok,4074,4074
1161,81,8.1,9,215360.7187352,215360.7274618,8.109200018225238,8.72660000459291,4.811599996173754,2.0409999997355044,0.0,True,ok,4080,4080
1162,82,8.200000000000001,9,215360.752237,215360.7620414,9.028200001921505,9.804400004213676,5.352799984393641,2.328800008399412,0.0,True,ok,4288,4288
1163,83,8.3,9,215360.7849835,215360.7944151,8.703900006366894,9.431600017705932,5.591299996012822,1.8379999964963645,0.0,True,ok,4269,4269
1164,84,8.4,9,215360.8184563,215360.8270538,8.055299986153841,8.597499981988221,4.6894999977666885,2.002499997615814,0.0,True,ok,3996,3996
1165,85,8.5,9,215360.8521511,215360.862298,9.497999999439344,10.146899992832914,5.876699986401945,2.2760999854654074,0.0,True,ok,4318,4318
1166,86,8.6,9,215360.8852031,215360.8939538,8.226100006140769,8.750699984375387,4.843100003199652,2.060500002698973,0.0,True,ok,4410,4410
1167,87,8.700000000000001,9,215360.9184139,215360.9277306,8.684700005687773,9.316699986811727,5.033800000092015,2.3302999907173216,0.0,True,ok,4345,4345
1168,88,8.8,9,215360.9522077,215360.9611566,8.223100012401119,8.94890000927262,4.8627999785821885,1.9738000119104981,0.0,True,ok,3995,3995
1169,89,8.9,9,215360.9851084,215360.9937728,8.162599988281727,8.66439999663271,4.830799996852875,1.9293999939691275,0.0,True,ok,4114,4114
1170,90,9.0,9,215361.018789,215361.0276272,8.088700007647276,8.838200010359287,4.837799991946667,1.9592000171542168,0.0,True,ok,4407,4407
1171,91,9.1,9,215361.0519491,215361.0616997,9.315499977674335,9.750600002007559,5.723300011595711,2.1973999973852187,0.0,True,ok,4504,4504
1172,92,9.200000000000001,9,215361.0855124,215361.0946222,8.638200000859797,9.109800012083724,4.9875999975483865,2.3597999825142324,0.0,True,ok,4602,4602
1173,93,9.3,9,215361.1187723,215361.1278609,8.517099980963394,9.088599996175617,4.975399991963059,2.1935999975539744,0.0,True,ok,4719,4719
1174,94,9.4,9,215361.1519718,215361.1614949,9.061899996595457,9.523100015940145,4.853700025705621,2.7858999965246767,0.0,True,ok,4623,4623
1175,95,9.5,9,215361.1850394,215361.1939263,8.409400004893541,8.886900002835318,4.846600000746548,2.200899994932115,33.06760001578368,True,ok,4555,4555
1176,96,9.600000000000001,9,215361.2188194,215361.2282688,8.92520000343211,9.449400007724762,5.071099993074313,2.2270000190474093,0.0,True,ok,4902,4902
1177,97,9.700000000000001,9,215361.2518568,215361.2622159,9.911500004818663,10.359100007917732,6.102999992435798,2.3267000215128064,0.0,True,ok,4793,4793
1178,98,9.8,9,215361.2850647,215361.2939683,8.298999979160726,8.903599984478205,4.752699984237552,2.007000002777204,0.0,True,ok,4857,4857
1179,99,9.9,9,215361.3187133,215361.3298563,10.407399997347966,11.143000010633841,4.748400009702891,4.212500003632158,33.64859998691827,True,ok,4985,4985
1180,100,10.0,9,215361.3521406,215361.3617014,9.01700000395067,9.56079998286441,5.555899988394231,1.9930000125896186,0.0,True,ok,4973,4973
1181,101,10.100000000000001,9,215361.3850026,215361.394724,9.259600017685443,9.721400012494996,5.644299992127344,2.2683999850414693,0.0,True,ok,4507,4507
1182,102,10.200000000000001,9,215361.4186106,215361.4274077,8.163199992850423,8.797099988441914,4.704399994807318,1.9240999827161431,0.0,True,ok,4834,4834
1183,103,10.3,9,215361.4521524,215361.4623648,9.092200023587793,10.212400025920942,5.725800001528114,1.9819999870378524,0.0,True,ok,4943,4943
1184,104,10.4,9,215361.4849274,215361.4934636,7.998699991730973,8.536200009984896,4.740400006994605,1.8438000115565956,0.0,True,ok,5082,5082
1185,105,10.5,9,215361.5186506,215361.5280686,8.710499998414889,9.418000001460314,4.813900013687089,2.2558000055141747,0.0,True,ok,4986,4986
1186,106,10.600000000000001,9,215361.5520818,215361.563478,10.879300010856241,11.396199988666922,5.529599991859868,3.931099985493347,0.0,True,ok,5037,5037
1187,107,10.700000000000001,9,215361.5852346,215361.5942635,8.564800024032593,9.02890000725165,4.989000008208677,2.1949000074528158,0.0,True,ok,5162,5162
1188,108,10.8,9,215361.6188194,215361.6277393,8.384799992199987,8.919899992179126,4.793600004632026,2.248200005851686,0.0,True,ok,4884,4884
1189,109,10.9,9,215361.6516177,215361.6602939,8.014899998670444,8.67619999917224,4.73230000352487,1.8734000041149557,0.0,True,ok,4890,4890
1190,110,11.0,9,215361.6851423,215361.6938646,8.212999993702397,8.72230000095442,4.632800002582371,2.203500014729798,0.0,True,ok,4848,4848
1191,111,11.100000000000001,9,215361.718626,215361.7279134,8.609000011347234,9.287400025641546,4.838099994231015,2.351200004341081,0.0,True,ok,5030,5030
1192,112,11.200000000000001,9,215361.7517108,215361.7617474,9.368400002131239,10.036600026069209,5.9837999870069325,2.035600016824901,0.0,True,ok,5114,5114
1193,113,11.3,9,215361.785318,215361.7960852,9.994300024118274,10.767200001282617,4.683800012571737,3.4527000098023564,33.60720002092421,True,ok,5293,5293
1194,114,11.4,9,215361.8184335,215361.8280882,9.030200017150491,9.654699999373406,4.776600020704791,2.5560999929439276,0.0,True,ok,5423,5423
1195,115,11.5,9,215361.8517417,215361.8608731,8.71029999689199,9.131400001933798,4.818899993551895,2.2969999990891665,0.0,True,ok,5340,5340
1196,116,11.600000000000001,9,215361.8850497,215361.8938916,8.262399991508573,8.841899980325252,4.6273999905679375,2.2481000050902367,0.0,True,ok,5279,5279
1197,117,11.700000000000001,9,215361.9186675,215361.9277155,8.583999995607883,9.048000007169321,4.9119000032078475,2.144900005077943,0.0,True,ok,5498,5498
1198,118,11.8,9,215361.9518045,215361.9604093,7.970599981490523,8.604800008470193,4.367700021248311,2.150600019376725,0.0,True,ok,5517,5517
1199,119,11.9,9,215361.9849786,215361.9935814,8.21849997737445,8.602799993241206,4.656399978557602,2.2236000222619623,0.0,True,ok,5266,5266
1200,0,0.0,10,215362.0207542,215362.0302832,8.95769998896867,9.529000002657995,5.282400001306087,2.170099993236363,35.775600001215935,True,ok,4708,4708
1201,1,0.1,10,215362.0519409,215362.0619866,9.589599998435006,10.045699978945777,6.113700015703216,2.100200013956055,0.0,True,ok,4681,4681
1202,2,0.2,10,215362.0854706,215362.0941864,8.194900001399219,8.715800009667873,4.75890000234358,2.0662000169977546,0.0,True,ok,4360,4360
1203,3,0.30000000000000004,10,215362.1186255,215362.1274848,8.356900012586266,8.859299996402115,4.807699995581061,2.1729999862145633,0.0,True,ok,4532,4532
1204,4,0.4,10,215362.1520181,215362.1605011,7.981300004757941,8.483000012347475,4.470099986065179,2.023099979851395,0.0,True,ok,4533,4533
1205,5,0.5,10,215362.1854493,215362.1942319,8.342400018591434,8.782599994447082,4.9094000132754445,2.1217000030446798,0.0,True,ok,4334,4334
1206,6,0.6000000000000001,10,215362.2189065,215362.2276517,8.229700004449114,8.745200000703335,4.871700017247349,2.0195000106468797,0.0,True,ok,4462,4462
1207,7,0.7000000000000001,10,215362.2517613,215362.2608588,7.998399989446625,9.097500005736947,4.56329999724403,2.0109000033698976,0.0,True,ok,4479,4479
1208,8,0.8,10,215362.2853234,215362.2939047,8.00939998589456,8.581300004152581,4.5541999861598015,2.0896999922115356,0.0,True,ok,4534,4534
1209,9,0.9,10,215362.318723,215362.3287698,9.491299977526069,10.04679998732172,6.08639998245053,2.0896999922115356,0.0,True,ok,4491,4491
1210,10,1.0,10,215362.3518496,215362.3627698,9.835900011239573,10.920200002146885,6.2830999959260225,2.136800001608208,0.0,True,ok,4600,4600
1211,11,1.1,10,215362.385321,215362.3942892,8.488299994496629,8.96819998160936,5.04190000356175,2.0785999950021505,0.0,True,ok,4781,4781
1212,12,1.2000000000000002,10,215362.4184671,215362.4276256,8.557199995266274,9.158499975455925,5.023800011258572,2.0835000032093376,33.14610000234097,True,ok,5044,5044
1213,13,1.3,10,215362.4518215,215362.4604104,7.993000006536022,8.58890000381507,4.428699990967289,2.1705999970436096,0.0,True,ok,4620,4620
1214,14,1.4000000000000001,10,215362.4852169,215362.4940588,8.178899995982647,8.841899980325252,4.577099985908717,2.221500006271526,0.0,True,ok,4785,4785
1215,15,1.5,10,215362.518453,215362.5280794,9.235500008799136,9.626400016713887,5.781999992905185,2.072300005238503,0.0,True,ok,5045,5045
1216,16,1.6,10,215362.5518147,215362.5623711,9.906699997372925,10.55639999685809,5.872800014913082,2.353799995034933,0.0,True,ok,5382,5382
1217,17,1.7000000000000002,10,215362.5851226,215362.5940676,8.244700002251193,8.945000008679926,4.807199991773814,2.023999986704439,0.0,True,ok,5312,5312
1218,18,1.8,10,215362.6183743,215362.627147,8.206300000892952,8.77270000637509,4.7768999938853085,1.947900018421933,0.0,True,ok,5363,5363
1219,19,1.9000000000000001,10,215362.6516888,215362.6604862,8.127100009005517,8.797400019830093,4.30410000262782,2.3244999756570905,0.0,True,ok,5455,5455
1220,20,2.0,10,215362.6854114,215362.6943177,8.349599986104295,8.906300005037338,4.625100002158433,2.1593999990727752,0.0,True,ok,5508,5508
1221,21,2.1,10,215362.7185498,215362.7279149,8.846899989293888,9.365100006107241,5.087099998490885,1.9106999970972538,0.0,True,ok,5300,5300
1222,22,2.2,10,215362.7520859,215362.7607848,8.187500003259629,8.698899997398257,4.425699997227639,2.2776999976485968,0.0,True,ok,5384,5384
1223,23,2.3000000000000003,10,215362.7850562,215362.7939566,8.377500023925677,8.900400018319488,4.705300001660362,2.2363000025507063,0.0,True,ok,5355,5355
1224,24,2.4000000000000004,10,215362.8185949,215362.8303227,11.03789999615401,11.727800010703504,7.175600010668859,2.155299996957183,0.0,True,ok,5072,5072
1225,25,2.5,10,215362.8522044,215362.8625204,9.920100012095645,10.315999999875203,5.616599984932691,2.9580999980680645,0.0,True,ok,4851,4851
1226,26,2.6,10,215362.8854284,215362.894266,8.394399977987632,8.83759997668676,4.953399999067187,2.027999988058582,0.0,True,ok,4933,4933
1227,27,2.7,10,215362.9186889,215362.9273821,8.23179999133572,8.693199983099476,4.696399992099032,2.1323999972082675,0.0,True,ok,4889,4889
1228,28,2.8000000000000003,10,215362.951723,215362.9604773,8.284499985165894,8.754299982683733,4.790999984834343,2.140600001439452,0.0,True,ok,4508,4508
1229,29,2.9000000000000004,10,215362.9853769,215362.994028,8.203399978810921,8.65109998267144,4.704300023149699,2.130199980456382,0.0,True,ok,4516,4516
1230,30,3.0,10,215363.0185243,215363.0289586,10.023800015915185,10.434300027554855,6.599600019399077,1.9600999949034303,33.14739998313598,True,ok,4326,4326
1231,31,3.1,10,215363.0521674,215363.0618967,9.327700012363493,9.729300014441833,5.905099998926744,2.0240000158082694,33.64310000324622,True,ok,4407,4407
1232,32,3.2,10,215363.0852917,215363.0939917,8.26440000673756,8.7000000057742,4.885400005150586,2.0816999895032495,0.0,True,ok,4113,4113
1233,33,3.3000000000000003,10,215363.1183925,215363.1274274,8.55339999543503,9.03489999473095,4.637600010028109,2.6259000005666167,0.0,True,ok,4211,4211
1234,34,3.4000000000000004,10,215363.1520519,215363.1603547,7.822599989594892,8.3028000080958,4.5368999999482185,1.9978999916929752,0.0,True,ok,4198,4198
1235,35,3.5,10,215363.1851993,215363.1939999,8.248799975262955,8.80059998598881,4.5737000182271,2.408299973467365,0.0,True,ok,4125,4125
1236,36,3.6,10,215363.2189284,215363.2296291,9.610000008251518,10.700700018787757,6.152799993287772,2.226199983851984,0.0,True,ok,4267,4267
1237,37,3.7,10,215363.252201,215363.2615172,7.968399993842468,9.316200012108311,4.7488000127486885,1.9606999994721264,0.0,True,ok,3805,3805
1238,38,3.8000000000000003,10,215363.2850904,215363.2939128,8.352500008186325,8.822400006465614,4.832600010558963,2.2536000178661197,0.0,True,ok,3921,3921
1239,39,3.9000000000000004,10,215363.3187336,215363.3283814,8.395300013944507,9.647800005041063,4.922199994325638,2.1421000128611922,0.0,True,ok,3864,3864
1240,40,4.0,10,215363.3519092,215363.3607026,8.103200001642108,8.79340001847595,4.74259999464266,1.9007999799214303,0.0,True,ok,3828,3828
1241,41,4.1000000000000005,10,215363.3854452,215363.3974434,11.310200003208593,11.998200003290549,7.946900004753843,2.12459999602288,0.0,True,ok,3659,3659
1242,42,4.2,10,215363.4184936,215363.4272471,8.180999982869253,8.753499976592138,4.6944000059738755,2.203300013206899,0.0,True,ok,3989,3989
1243,43,4.3,10,215363.4521102,215363.4608174,8.213699999032542,8.70719997328706,4.739000025438145,2.150199987227097,33.61660000518896,True,ok,4294,4294
1244,44,4.4,10,215363.4851267,215363.4940624,8.3176999760326,8.935699996072799,4.887699993560091,2.157400012947619,0.0,True,ok,4623,4623
1245,45,4.5,10,215363.5184741,215363.5278697,8.95319998380728,9.395599976414815,5.2180000056978315,2.3443000100087374,0.0,True,ok,4708,4708
1246,46,4.6000000000000005,10,215363.5520277,215363.560584,7.989000005181879,8.55629998841323,4.623300017556176,2.055999997537583,0.0,True,ok,4834,4834
1247,47,4.7,10,215363.5853393,215363.5941366,8.207700011553243,8.797299989964813,4.584600013913587,2.3241000017151237,0.0,True,ok,4677,4677
1248,48,4.800000000000001,10,215363.6184006,215363.6268193,7.811999996192753,8.418699988396838,4.608899995218962,1.9902999920304865,0.0,True,ok,4591,4591
1249,49,4.9,10,215363.6521142,215363.6620459,9.03180000022985,9.931700013112277,5.045400001108646,2.3788000107742846,0.0,True,ok,4442,4442
1250,50,5.0,10,215363.6850698,215363.6941102,8.478800009470433,9.040400007506832,5.015799979446456,2.1938999998383224,0.0,True,ok,4408,4408
1251,51,5.1000000000000005,10,215363.718585,215363.7278618,8.605599985457957,9.276800003135577,4.956499993568286,2.369199995882809,0.0,True,ok,4418,4418
1252,52,5.2,10,215363.7519715,215363.7608658,8.189699990907684,8.894300000974908,4.80339999194257,2.0337000023573637,0.0,True,ok,4600,4600
1253,53,5.300000000000001,10,215363.7850478,215363.7937168,8.001099980901927,8.66900000255555,4.698600008850917,2.0355999877210706,0.0,True,ok,4489,4489
1254,54,5.4,10,215363.8187036,215363.8284109,8.280999987618998,9.707299992442131,4.794899985427037,2.1336000063456595,0.0,True,ok,4625,4625
1255,55,5.5,10,215363.8518659,215363.8604662,8.136400021612644,8.600300003308803,4.602500004693866,2.228399971500039,0.0,True,ok,4379,4379
1256,56,5.6000000000000005,10,215363.8854296,215363.8942704,8.354199992027134,8.84080000105314,5.067999998573214,2.0763000065926462,0.0,True,ok,4212,4212
1257,57,5.7,10,215363.9186864,215363.9279211,8.606899995356798,9.234700002707541,4.923800006508827,2.351900009671226,0.0,True,ok,4229,4229
1258,58,5.800000000000001,10,215363.9519806,215363.9605153,7.95319999451749,8.534699998563156,4.611299984389916,2.0668999932240695,0.0,True,ok,4294,4294
1259,59,5.9,10,215363.9850726,215363.9941203,8.112999988952652,9.047700004884973,4.506700002821162,2.2721999848727137,0.0,True,ok,4337,4337
1260,60,6.0,10,215364.0186316,215364.0283104,9.174300008453429,9.678800008259714,5.499199993209913,2.362400002311915,0.0,True,ok,4334,4334
1261,61,6.1000000000000005,10,215364.0517323,215364.06064,8.422300015809014,8.907700015697628,4.709400003775954,2.251900004921481,0.0,True,ok,4169,4169
1262,62,6.2,10,215364.0852714,215364.0945973,8.191000000806525,9.325899998657405,4.6208999992813915,2.2409000084735453,0.0,True,ok,4172,4172
1263,63,6.300000000000001,10,215364.1186081,215364.1275246,8.376299985684454,8.916499995393679,4.779799986863509,2.373800001805648,0.0,True,ok,4147,4147
1264,64,6.4,10,215364.1526812,215364.160826,7.696799992118031,8.144799998262897,4.420300014317036,1.996200007852167,0.0,True,ok,4178,4178
1265,65,6.5,10,215364.1851547,215364.1937033,8.162399986758828,8.548599987989292,5.036399990785867,1.9275000086054206,0.0,True,ok,4169,4169
1266,66,6.6000000000000005,10,215364.2188645,215364.2275883,8.239400020102039,8.72380001237616,4.8571999941486865,2.1440999989863485,0.0,True,ok,4168,4168
1267,67,6.7,10,215364.251795,215364.2600618,7.749600015813485,8.266800025012344,4.484899982344359,2.0222000021021813,0.0,True,ok,4086,4086
1268,68,6.800000000000001,10,215364.2850334,215364.2938785,8.366299996851012,8.84510000469163,4.893600009381771,2.2467999951913953,0.0,True,ok,4379,4379
1269,69,6.9,10,215364.3188972,215364.3274081,8.137199998600408,8.510900021065027,4.811299993889406,1.9789999932982028,0.0,True,ok,4282,4282
1270,70,7.0,10,215364.3517904,215364.3614148,9.12819997756742,9.6244000014849,5.799900012789294,2.0867999992333353,0.0,True,ok,4247,4247
1271,71,7.1000000000000005,10,215364.3849246,215364.394094,8.742699981667101,9.169400000246242,4.892600001767278,2.5693000061437488,0.0,True,ok,4354,4354
1272,72,7.2,10,215364.418724,215364.4279468,7.998099987162277,9.222799999406561,4.602499975590035,2.1226999815553427,0.0,True,ok,4628,4628
1273,73,7.300000000000001,10,215364.4516574,215364.4620912,9.770500008016825,10.433799994643778,4.8537999973632395,3.5871000145561993,0.0,True,ok,4287,4287
1274,74,7.4,10,215364.4850653,215364.4946537,8.988500019768253,9.588400018401444,5.623300006845966,2.036500023677945,0.0,True,ok,4455,4455
1275,75,7.5,10,215364.5189275,215364.5283719,8.98139999480918,9.444399998756126,5.0571000028867275,2.5794999965000898,0.0,True,ok,4560,4560
1276,76,7.6000000000000005,10,215364.5519438,215364.5620793,9.213399986037984,10.135499993339181,5.2961999899707735,2.5319000124000013,0.0,True,ok,4662,4662
1277,77,7.7,10,215364.5851511,215364.5949076,8.99929998558946,9.756499988725409,5.018399999244139,2.5081999774556607,0.0,True,ok,4381,4381
1278,78,7.800000000000001,10,215364.6188945,215364.6280384,8.564599993405864,9.143900009803474,4.848100012168288,2.142499986803159,0.0,True,ok,4350,4350
1279,79,7.9,10,215364.6520254,215364.661592,9.039399999892339,9.56659999792464,4.742399993119761,2.7535000117495656,0.0,True,ok,4058,4058
1280,80,8.0,10,215364.6854482,215364.6954487,9.36809999984689,10.000499984016642,5.242600018391386,2.698600001167506,0.0,True,ok,4074,4074
1281,81,8.1,10,215364.7185959,215364.7286913,9.186699986457825,10.095400008140132,5.276200012303889,2.4769000010564923,0.0,True,ok,4080,4080
1282,82,8.200000000000001,10,215364.7518006,215364.7613053,8.846399985486642,9.504699992248788,5.78859998495318,1.8635000160429627,0.0,True,ok,4288,4288
1283,83,8.3,10,215364.7854816,215364.7945884,7.970599981490523,9.106799989240244,4.852799989748746,1.9198000081814826,0.0,True,ok,4269,4269
1284,84,8.4,10,215364.8187249,215364.8272818,7.930300023872405,8.556900022085756,4.751100001158193,2.0121000125072896,0.0,True,ok,3996,3996
1285,85,8.5,10,215364.8520243,215364.8608866,7.647900027222931,8.862300019245595,4.2708999826572835,2.1524000039789826,0.0,True,ok,4318,4318
1286,86,8.6,10,215364.885363,215364.8937243,7.734799990430474,8.361299987882376,4.603799985488877,1.9194000051356852,0.0,True,ok,4410,4410
1287,87,8.700000000000001,10,215364.9184903,215364.9269989,7.853499992052093,8.508599974447861,4.6845000179018825,1.9610000017564744,0.0,True,ok,4345,4345
1288,88,8.8,10,215364.9520355,215364.9621084,9.480600012466311,10.072900011437014,5.6958999775815755,2.3079999955371022,0.0,True,ok,3995,3995
1289,89,8.9,10,215364.9852988,215364.9935112,7.697199995163828,8.212400018237531,4.626699985237792,1.9256000232417136,0.0,True,ok,4114,4114
1290,90,9.0,10,215365.0185269,215365.0272533,8.075200021266937,8.726400003070012,4.887099988991395,2.0006000122521073,0.0,True,ok,4407,4407
1291,91,9.1,10,215365.0518742,215365.0618452,9.501900000032037,9.970999992219731,5.916699999943376,2.282000001287088,33.347299991874024,True,ok,4504,4504
1292,92,9.200000000000001,10,215365.0851583,215365.0944923,8.323400019435212,9.33400000212714,4.947600013110787,2.142000012099743,33.28410000540316,True,ok,4602,4602
1293,93,9.3,10,215365.1187754,215365.1276963,8.46290000481531,8.920899999793619,4.978399985702708,2.2301000135485083,0.0,True,ok,4719,4719
1294,94,9.4,10,215365.1520799,215365.1602648,7.713099999818951,8.184900012565777,4.429699998581782,2.0370999991428107,0.0,True,ok,4623,4623
1295,95,9.5,10,215365.1853068,215365.1937873,8.096700010355562,8.480499993311241,4.6254999761004,2.194100001361221,0.0,True,ok,4555,4555
1296,96,9.600000000000001,10,215365.2183442,215365.228326,9.278700017603114,9.981800016248599,4.9860000144690275,2.9415999888442457,0.0,True,ok,4902,4902
1297,97,9.700000000000001,10,215365.2520597,215365.2612643,8.51340001099743,9.204600006341934,4.691800015280023,2.355200005695224,0.0,True,ok,4793,4793
1298,98,9.8,10,215365.2850324,215365.2938723,8.258700021542609,8.839900023303926,5.018399999244139,1.9876000005751848,0.0,True,ok,4857,4857
1299,99,9.9,10,215365.3186892,215365.3272711,7.933699991554022,8.581899979617447,4.695100011304021,2.0354000153020024,0.0,True,ok,4985,4985
1300,100,10.0,10,215365.3516455,215365.359834,7.609399995999411,8.188500010874122,4.572700010612607,1.8579000025056303,0.0,True,ok,4973,4973
1301,101,10.100000000000001,10,215365.3851098,215365.3931974,7.604499987792224,8.087599999271333,4.536100022960454,1.8632999854162335,0.0,True,ok,4507,4507
1302,102,10.200000000000001,10,215365.4183898,215365.427003,7.909299980383366,8.613199985120445,4.848300013691187,1.883699995232746,0.0,True,ok,4834,4834
1303,103,10.3,10,215365.451698,215365.4600501,7.8652999945916235,8.352100005140528,4.436499992152676,2.1815000218339264,0.0,True,ok,4943,4943
1304,104,10.4,10,215365.4853988,215365.4936039,7.743299996946007,8.20509999175556,4.576000006636605,1.9048000103794038,33.70080000604503,True,ok,5082,5082
1305,105,10.5,10,215365.5185201,215365.5269776,8.104600012302399,8.457499992800876,4.889900010311976,1.9212000188417733,0.0,True,ok,4986,4986
1306,106,10.600000000000001,10,215365.5521125,215365.5626284,9.813299984671175,10.515899979509413,5.520699982298538,2.9767000232823193,0.0,True,ok,5037,5037
1307,107,10.700000000000001,10,215365.5850861,215365.593897,8.265600015874952,8.810900006210431,4.97519999044016,2.1109000081196427,0.0,True,ok,5162,5162
1308,108,10.8,10,215365.6185557,215365.6272248,8.090499992249534,8.669100003316998,4.650200018659234,2.2567999840248376,0.0,True,ok,4884,4884
1309,109,10.9,10,215365.651962,215365.6619844,9.364900004584342,10.022400005254894,6.203600001754239,1.968900003703311,0.0,True,ok,4890,4890
1310,110,11.0,10,215365.6853657,215365.6942969,8.377300022402778,8.93120002001524,4.816999979084358,2.192700019804761,0.0,True,ok,4848,4848
1311,111,11.100000000000001,10,215365.7188193,215365.7281855,8.868499979143962,9.366199985379353,5.0654000078793615,2.601600019261241,0.0,True,ok,5030,5030
1312,112,11.200000000000001,10,215365.7518644,215365.7618475,9.243399981642142,9.98309999704361,5.732599995099008,2.313799981493503,0.0,True,ok,5114,5114
1313,113,11.3,10,215365.7851129,215365.793879,8.195100002922118,8.766100014327094,4.752799984999001,2.190400002291426,0.0,True,ok,5293,5293
1314,114,11.4,10,215365.8185114,215365.8271599,8.12220000079833,8.648500021081418,4.706900013843551,2.203999989433214,0.0,True,ok,5423,5423
1315,115,11.5,10,215365.8518237,215365.8614721,8.381799998460338,9.648399980505928,5.061499978182837,2.1081999875605106,0.0,True,ok,5340,5340
1316,116,11.600000000000001,10,215365.8855138,215365.8943737,8.277399989310652,8.85990000097081,4.867300012847409,2.1991000103298575,0.0,True,ok,5279,5279
1317,117,11.700000000000001,10,215365.9188195,215365.9278315,8.556700020562857,9.012000024085864,5.0060999928973615,2.195500012021512,0.0,True,ok,5498,5498
1318,118,11.8,10,215365.9517813,215365.9619887,9.7550000064075,10.207399987848476,6.5221999830100685,2.033500000834465,0.0,True,ok,5517,5517
1319,119,11.9,10,215365.9849476,215365.9935031,8.049900003243238,8.555500011425465,4.818400018848479,2.0523999992292374,0.0,True,ok,5266,5266
1320,0,0.0,11,215366.0214115,215366.030223,8.258800022304058,8.811500010779127,4.768000013427809,2.222799987066537,0.0,True,ok,4708,4708
1321,1,0.1,11,215366.0519266,215366.0616507,9.085400000913069,9.724100003950298,5.826399981742725,2.057100005913526,0.0,True,ok,4681,4681
1322,2,0.2,11,215366.0849799,215366.0935594,7.989600009750575,8.579499990446493,4.77669999236241,2.001499990001321,0.0,True,ok,4360,4360
1323,3,0.30000000000000004,11,215366.1186297,215366.1273371,8.091300027444959,8.70740000391379,4.658999998355284,2.1711000008508563,0.0,True,ok,4532,4532
1324,4,0.4,11,215366.1517841,215366.1622049,9.762800007592887,10.420800012070686,6.562199996551499,1.9836999999824911,0.0,True,ok,4533,4533
1325,5,0.5,11,215366.1852942,215366.1939372,8.15169999259524,8.643000008305535,4.860099987126887,2.08609999390319,0.0,True,ok,4334,4334
1326,6,0.6000000000000001,11,215366.2183362,215366.2280337,9.216200007358566,9.697500005131587,6.036599981598556,1.9815000123344362,0.0,True,ok,4462,4462
1327,7,0.7000000000000001,11,215366.2516739,215366.2602873,7.967600016854703,8.613400015747175,4.789700004039332,2.0009000145364553,0.0,True,ok,4479,4479
1328,8,0.8,11,215366.2851833,215366.2948967,9.089200000744313,9.71340000978671,6.063599983463064,1.8777000077534467,0.0,True,ok,4534,4534
1329,9,0.9,11,215366.318466,215366.3277781,8.766500017372891,9.312100009992719,5.216400022618473,2.294300007633865,0.0,True,ok,4491,4491
1330,10,1.0,11,215366.3520534,215366.3606018,8.085000008577481,8.548399986466393,4.606500006048009,2.201499999500811,0.0,True,ok,4600,4600
1331,11,1.1,11,215366.3852811,215366.3941786,8.22879999759607,8.897499996237457,4.712599999038503,1.9671999907586724,0.0,True,ok,4781,4781
1332,12,1.2000000000000002,11,215366.4184453,215366.4299026,10.228300001472235,11.45730001735501,5.144599999766797,3.8222000002861023,0.0,True,ok,5044,5044
1333,13,1.3,11,215366.4520512,215366.4612338,8.449099987046793,9.182599984342232,4.865900002187118,2.3375999880954623,0.0,True,ok,4620,4620
1334,14,1.4000000000000001,11,215366.4854197,215366.4945269,8.195000002160668,9.107199992286041,4.640700004529208,2.229100005934015,0.0,True,ok,4785,4785
1335,15,1.5,11,215366.5184269,215366.527599,8.43319998239167,9.172099991701543,5.091200000606477,2.084999985527247,0.0,True,ok,5045,5045
1336,16,1.6,11,215366.5518674,215366.5618546,9.275399992475286,9.987199999159202,5.779500002972782,2.203699987148866,0.0,True,ok,5382,5382
1337,17,1.7000000000000002,11,215366.5855228,215366.594918,8.631099975900725,9.395200002472848,5.12050001998432,2.214700012700632,0.0,True,ok,5312,5312
1338,18,1.8,11,215366.6182729,215366.6270553,8.03619998623617,8.782399992924184,4.6731000184081495,2.0385999814607203,0.0,True,ok,5363,5363
1339,19,1.9000000000000001,11,215366.6517274,215366.6607439,8.403999992879108,9.016500000143424,4.915099998470396,2.226699987659231,0.0,True,ok,5455,5455
1340,20,2.0,11,215366.6850902,215366.6948297,9.27039998350665,9.739500004798174,5.126499978359789,2.7781999961007386,0.0,True,ok,5508,5508
1341,21,2.1,11,215366.7186376,215366.730498,11.287300003459677,11.860400001751259,7.192400022177026,2.285700000356883,33.547400002134964,True,ok,5300,5300
1342,22,2.2,11,215366.7517482,215366.7622284,9.746299998369068,10.480199998710304,6.013399979565293,2.367800014326349,0.0,True,ok,5384,5384
1343,23,2.3000000000000003,11,215366.7850626,215366.7940492,8.39189998805523,8.986599976196885,4.7070999862626195,2.2859000018797815,0.0,True,ok,5355,5355
1344,24,2.4000000000000004,11,215366.8186908,215366.8283157,8.365499990759417,9.624900005292147,4.956699995091185,2.178700000513345,0.0,True,ok,5072,5072
1345,25,2.5,11,215366.8517314,215366.8606993,8.140400022966787,8.967900008428842,4.734599991934374,2.188899990869686,33.040600013919175,True,ok,4851,4851
1346,26,2.6,11,215366.8851777,215366.8939226,8.114199998090044,8.744899998418987,4.732799978228286,2.0130999910179526,0.0,True,ok,4933,4933
1347,27,2.7,11,215366.9183765,215366.928845,9.89129999652505,10.468499996932223,6.244000018341467,2.271999983349815,0.0,True,ok,4889,4889
1348,28,2.8000000000000003,11,215366.9519569,215366.9627077,9.453300008317456,10.750799992820248,5.563999991863966,2.553099999204278,0.0,True,ok,4508,4508
1349,29,2.9000000000000004,11,215366.9851561,215366.9940781,8.26279999455437,8.921999979065731,4.839400004129857,2.0471999887377024,0.0,True,ok,4516,4516
1350,30,3.0,11,215367.0187801,215367.0273329,7.92070000898093,8.552799990866333,4.738799994811416,1.9839000015053898,0.0,True,ok,4326,4326
1351,31,3.1,11,215367.0517466,215367.0601228,7.695600012084469,8.376200014026836,4.581700020935386,1.8142000189982355,0.0,True,ok,4407,4407
1352,32,3.2,11,215367.0854856,215367.0938044,7.810800016159192,8.318800013512373,4.532299994025379,2.092599985189736,0.0,True,ok,4113,4113
1353,33,3.3000000000000003,11,215367.1187086,215367.1269667,7.755899976473302,8.258099987870082,4.550899990135804,2.059699996607378,33.2230000058189,True,ok,4211,4211
1354,34,3.4000000000000004,11,215367.151829,215367.1626856,10.3817000053823,10.856599983526394,4.554900020593777,4.279999993741512,33.120400010375306,True,ok,4198,4198
1355,35,3.5,11,215367.1853637,215367.1941029,8.333599980687723,8.739199984120205,4.953099996782839,2.252800011774525,0.0,True,ok,4125,4125
1356,36,3.6,11,215367.2185075,215367.2270039,7.922600023448467,8.496400027070194,4.623800021363422,2.1077999845147133,0.0,True,ok,4267,4267
1357,37,3.7,11,215367.2519514,215367.2604751,7.892599998740479,8.52370000211522,4.738599993288517,1.9657000084407628,0.0,True,ok,3805,3805
1358,38,3.8000000000000003,11,215367.2854313,215367.2940673,8.120400016196072,8.636000013211742,4.765599995153025,2.2043000208213925,0.0,True,ok,3921,3921
1359,39,3.9000000000000004,11,215367.3187453,215367.3274275,8.129799971356988,8.68219998665154,4.902399989077821,2.064399974187836,0.0,True,ok,3864,3864
1360,40,4.0,11,215367.3519779,215367.3600047,7.557499979157001,8.026800001971424,4.538000008324161,1.882199983811006,0.0,True,ok,3828,3828
1361,41,4.1000000000000005,11,215367.3852033,215367.3941029,8.389099995838478,8.899600012227893,4.957999975886196,2.0409000280778855,0.0,True,ok,3659,3659
1362,42,4.2,11,215367.4185473,215367.4281027,8.885400020517409,9.555399999953806,4.9149999977089465,2.6692000101320446,0.0,True,ok,3989,3989
1363,43,4.3,11,215367.4518623,215367.4601929,7.825600012438372,8.330600016051903,4.6347999887075275,2.011000004131347,0.0,True,ok,4294,4294
1364,44,4.4,11,215367.4855283,215367.4944744,8.371900010388345,8.946100017055869,4.913899989333004,2.227399992989376,0.0,True,ok,4623,4623
1365,45,4.5,11,215367.5186186,215367.5275263,8.38869999279268,8.907699986593798,4.762899974593893,2.390300011029467,0.0,True,ok,4708,4708
1366,46,4.6000000000000005,11,215367.5520254,215367.5603963,7.779999985359609,8.370900002773851,4.550099984044209,1.9885000074282289,0.0,True,ok,4834,4834
1367,47,4.7,11,215367.5854295,215367.5940536,8.146900014253333,8.624100009910762,4.827199998544529,2.0745999936480075,0.0,True,ok,4677,4677
1368,48,4.800000000000001,11,215367.618676,215367.6274778,8.291600010124967,8.801799995126203,4.897900013020262,2.0884999830741435,0.0,True,ok,4591,4591
1369,49,4.9,11,215367.6521272,215367.6609514,8.142500009853393,8.824199991067871,4.639899998437613,2.0037000067532063,0.0,True,ok,4442,4442
1370,50,5.0,11,215367.6852748,215367.6941661,8.421200007433072,8.891300007235259,4.645400011213496,2.3929000017233193,0.0,True,ok,4408,4408
1371,51,5.1000000000000005,11,215367.7183507,215367.7277177,8.7682000012137,9.367000020574778,4.9672000168357044,2.496800007065758,0.0,True,ok,4418,4418
1372,52,5.2,11,215367.7522245,215367.7611942,8.482399978674948,8.9696999930311,5.162299989024177,2.014700003201142,0.0,True,ok,4600,4600
1373,53,5.300000000000001,11,215367.7853176,215367.7941022,8.101199986413121,8.784599980572239,4.731900000479072,2.094099996611476,0.0,True,ok,4489,4489
1374,54,5.4,11,215367.8187009,215367.8273505,8.057900005951524,8.64960000035353,4.641200008336455,2.1701999939978123,0.0,True,ok,4625,4625
1375,55,5.5,11,215367.8520741,215367.8608535,8.218000002671033,8.779399999184534,4.706000006990507,2.2674000065308064,0.0,True,ok,4379,4379
1376,56,5.6000000000000005,11,215367.8851275,215367.8944265,8.0792999942787,9.298999997554347,4.882100009126589,2.016299986280501,0.0,True,ok,4212,4212
1377,57,5.7,11,215367.9185538,215367.9279108,8.291400008602068,9.357000002637506,4.880499996943399,2.213599975220859,0.0,True,ok,4229,4229
1378,58,5.800000000000001,11,215367.9522569,215367.9609909,8.25700000859797,8.7340000027325,4.696499992860481,2.2012999979779124,0.0,True,ok,4294,4294
1379,59,5.9,11,215367.9850636,215367.9963547,10.781999997561797,11.291100003290921,4.945399996358901,4.481400013901293,0.0,True,ok,4337,4337
1380,60,6.0,11,215368.0186,215368.0289583,9.619200020097196,10.358300001826137,6.121800019172952,2.268899988848716,0.0,True,ok,4334,4334
1381,61,6.1000000000000005,11,215368.0520733,215368.0608546,8.09689998277463,8.781299984548241,4.627899994375184,2.2344000171869993,0.0,True,ok,4169,4169
1382,62,6.2,11,215368.0855213,215368.09422,8.19630001205951,8.698699995875359,5.026300001190975,1.9632999901659787,0.0,True,ok,4172,4172
1383,63,6.300000000000001,11,215368.1188822,215368.1276937,8.10439998167567,8.811499981675297,4.678600002080202,2.1997999865561724,0.0,True,ok,4147,4147
1384,64,6.4,11,215368.1519579,215368.1607301,8.179500000551343,8.772200002567843,4.703900020103902,2.258699998492375,0.0,True,ok,4178,4178
1385,65,6.5,11,215368.1849715,215368.1931877,7.675500004552305,8.216199988964945,4.606599977705628,1.87130001722835,0.0,True,ok,4169,4169
1386,66,6.6000000000000005,11,215368.2186215,215368.2272488,8.121099992422387,8.62729997606948,4.915199999231845,1.9859999883919954,0.0,True,ok,4168,4168
1387,67,6.7,11,215368.2519203,215368.2605152,7.88799999281764,8.594899991294369,4.644700005883351,1.9365000189282,0.0,True,ok,4086,4086
1388,68,6.800000000000001,11,215368.2850144,215368.2937129,8.241699979407713,8.69849999435246,4.9205000104848295,2.066699991701171,0.0,True,ok,4379,4379
1389,69,6.9,11,215368.3187886,215368.3285377,8.964700013166294,9.749099990585819,5.669399979524314,1.9690000044647604,33.77420001197606,True,ok,4282,4282
1390,70,7.0,11,215368.3517405,215368.361223,9.052200010046363,9.482500026933849,4.770499974256381,2.2880000178702176,0.0,True,ok,4247,4247
1391,71,7.1000000000000005,11,215368.3854451,215368.3941308,8.06880000163801,8.685700013302267,4.590900003677234,2.070399990770966,0.0,True,ok,4354,4354
1392,72,7.2,11,215368.4184572,215368.4270459,8.174999995389953,8.588700002292171,4.816800006665289,2.1336999780032784,0.0,True,ok,4628,4628
1393,73,7.300000000000001,11,215368.4519902,215368.4619907,9.356700000353158,10.000499984016642,5.767399998148903,2.173400018364191,0.0,True,ok,4287,4287
1394,74,7.4,11,215368.4850758,215368.4935647,7.8363000066019595,8.488899999065325,4.709100001491606,1.8788999877870083,0.0,True,ok,4455,4455
1395,75,7.5,11,215368.5186954,215368.5277732,8.484899997711182,9.07780000125058,4.745699989143759,2.3925999994389713,0.0,True,ok,4560,4560
1396,76,7.6000000000000005,11,215368.5519687,215368.560518,7.857800024794415,8.549300022423267,4.504900018218905,2.088500012177974,0.0,True,ok,4662,4662
1397,77,7.7,11,215368.5855355,215368.5943026,8.348499977728352,8.767099992837757,5.081599985715002,2.0209999929647893,0.0,True,ok,4381,4381
1398,78,7.800000000000001,11,215368.6186603,215368.628598,8.82149999961257,9.937700000591576,5.445500020869076,2.0867999992333353,0.0,True,ok,4350,4350
1399,79,7.9,11,215368.6519385,215368.6609416,8.490700012771413,9.003100014524534,5.167199997231364,2.0034000044688582,0.0,True,ok,4058,4058
1400,80,8.0,11,215368.685038,215368.6937893,7.992000028025359,8.751300018047914,4.752699984237552,1.9969999848399311,0.0,True,ok,4074,4074
1401,81,8.1,11,215368.7186664,215368.7290955,9.933299996191636,10.42909998795949,6.3285000214818865,2.0827999978791922,0.0,True,ok,4080,4080
1402,82,8.200000000000001,11,215368.7519892,215368.7620255,9.58290000562556,10.03629999468103,6.35609999881126,1.9625999848358333,0.0,True,ok,4288,4288
1403,83,8.3,11,215368.7854047,215368.7939427,7.95919998199679,8.537999994587153,4.828399978578091,1.902199990581721,0.0,True,ok,4269,4269
1404,84,8.4,11,215368.8186684,215368.8273124,8.057099999859929,8.644000015920028,4.739399999380112,2.13649999932386,0.0,True,ok,3996,3996
1405,85,8.5,11,215368.8521772,215368.8608431,8.035300008486956,8.66590000805445,4.449100000783801,2.2507999965455383,0.0,True,ok,4318,4318
1406,86,8.6,11,215368.8852982,215368.8936329,7.811699993908405,8.334699989063665,4.531399987172335,2.0209999929647893,0.0,True,ok,4410,4410
1407,87,8.700000000000001,11,215368.9186718,215368.9284749,9.277200006181374,9.803099994314834,6.149199994979426,1.858400006312877,0.0,True,ok,4345,4345
1408,88,8.8,11,215368.9517367,215368.9618554,9.545000008074567,10.118700010934845,6.17830001283437,2.015199977904558,0.0,True,ok,3995,3995
1409,89,8.9,11,215368.985592,215368.9944072,8.323299989569932,8.815199980745092,4.879899992374703,2.095999981975183,0.0,True,ok,4114,4114
1410,90,9.0,11,215369.0185592,215369.027496,8.445699990261346,8.936800004448742,4.800600028829649,2.3409000132232904,0.0,True,ok,4407,4407
1411,91,9.1,11,215369.051608,215369.0604353,8.283200004370883,8.82729998556897,4.606500006048009,2.220299997134134,0.0,True,ok,4504,4504
1412,92,9.200000000000001,11,215369.085233,215369.0939067,8.283300005132332,8.673700009239838,4.644200002076104,2.377700002398342,0.0,True,ok,4602,4602
1413,93,9.3,11,215369.1185865,215369.1275819,8.330899989232421,8.995399984996766,4.768799990415573,2.2492000134661794,0.0,True,ok,4719,4719
1414,94,9.4,11,215369.1517769,215369.1637811,11.516099999425933,12.004200019873679,4.536799999186769,4.883000015979633,0.0,True,ok,4623,4623
1415,95,9.5,11,215369.1851892,215369.1939052,8.221800002502277,8.715999982086942,4.719199991086498,2.1072999807074666,0.0,True,ok,4555,4555
1416,96,9.600000000000001,11,215369.2185663,215369.228275,9.228600014466792,9.708700003102422,5.596899980446324,2.215299988165498,0.0,True,ok,4902,4902
1417,97,9.700000000000001,11,215369.252148,215369.261903,9.264099993743002,9.7550000064075,5.8019999996759,2.066999993985519,0.0,True,ok,4793,4793
1418,98,9.8,11,215369.2852264,215369.2942983,8.567099983338267,9.0718999854289,5.078400019556284,1.9823000184260309,0.0,True,ok,4857,4857
1419,99,9.9,11,215369.3187029,215369.327401,8.21390000055544,8.698099991306663,4.777399997692555,2.0902999967802316,0.0,True,ok,4985,4985
1420,100,10.0,11,215369.3521282,215369.3604929,7.900500000687316,8.364700013771653,4.477000009501353,2.0604000019375235,0.0,True,ok,4973,4973
1421,101,10.100000000000001,11,215369.3855052,215369.3936584,7.607299980008975,8.15319997491315,4.415800009155646,1.8917999987024814,0.0,True,ok,4507,4507
1422,102,10.200000000000001,11,215369.4183714,215369.4268084,8.051299984799698,8.436999982222915,4.787499987287447,1.9780000147875398,0.0,True,ok,4834,4834
1423,103,10.3,11,215369.4517526,215369.4622704,9.949700004654005,10.51779999397695,6.238300004042685,2.314999990630895,0.0,True,ok,4943,4943
1424,104,10.4,11,215369.485307,215369.4953158,9.512100019492209,10.008800018113106,4.812800005311146,2.9783000063616782,0.0,True,ok,5082,5082
1425,105,10.5,11,215369.5183861,215369.5279513,9.041799989063293,9.56519998726435,4.771600011736155,2.9166000022087246,0.0,True,ok,4986,4986
1426,106,10.600000000000001,11,215369.5518369,215369.5607241,8.319600019603968,8.887200005119666,5.105399992316961,1.9324999884702265,0.0,True,ok,5037,5037
1427,107,10.700000000000001,11,215369.58519,215369.5937217,7.991899998160079,8.531699975719675,4.759200004627928,1.8635000160429627,0.0,True,ok,5162,5162
1428,108,10.8,11,215369.6188432,215369.6278154,8.494699985021725,8.972199982963502,4.982100013876334,2.218699984950945,0.0,True,ok,4884,4884
1429,109,10.9,11,215369.6520854,215369.6621707,9.426400007214397,10.08529998944141,5.906600010348484,2.072399976896122,0.0,True,ok,4890,4890
1430,110,11.0,11,215369.6850757,215369.6942024,8.38579999981448,9.12669999524951,4.826899996260181,2.230900019640103,0.0,True,ok,4848,4848
1431,111,11.100000000000001,11,215369.7187286,215369.7280122,8.841700007906184,9.28359999670647,4.563900001812726,2.1149999811314046,0.0,True,ok,5030,5030
1432,112,11.200000000000001,11,215369.751994,215369.7632338,10.783400008222088,11.239800020121038,6.012800004100427,3.4044999920297414,0.0,True,ok,5114,5114
1433,113,11.3,11,215369.7851888,215369.7945111,8.664900000439957,9.32230000034906,5.0900999922305346,2.196299989009276,0.0,True,ok,5293,5293
1434,114,11.4,11,215369.8187847,215369.8281945,8.77990000299178,9.409799997229129,5.082599993329495,2.2542999940924346,0.0,True,ok,5423,5423
1435,115,11.5,11,215369.851724,215369.8624983,10.179200005950406,10.77429999713786,6.548300007125363,2.215500018792227,0.0,True,ok,5340,5340
1436,116,11.600000000000001,11,215369.8851245,215369.8938483,8.155700023053214,8.72380001237616,4.746599995996803,2.0451000018510967,0.0,True,ok,5279,5279
1437,117,11.700000000000001,11,215369.9188133,215369.9307849,11.503799993079156,11.971600004471838,5.007500003557652,4.9082000041380525,0.0,True,ok,5498,5498
1438,118,11.8,11,215369.952137,215369.9618496,9.13689998560585,9.712600003695115,5.734400008805096,2.0324999932199717,0.0,True,ok,5517,5517
1439,119,11.9,11,215369.9855827,215369.9948062,8.585000003222376,9.223500004736707,4.816000000573695,2.3652999952901155,0.0,True,ok,5266,5266
1440,0,0.0,12,215370.0214391,215370.0302343,8.228299993788823,8.795200003078207,4.79010000708513,2.1287999988999218,0.0,True,ok,4708,4708
1441,1,0.1,12,215370.0519893,215370.0613795,8.779499999945983,9.390199993504211,5.431400000816211,2.004899986786768,0.0,True,ok,4681,4681
1442,2,0.2,12,215370.0850278,215370.0952754,9.60819999454543,10.247600002912804,4.925899993395433,3.3290999999735504,0.0,True,ok,4360,4360
1443,3,0.30000000000000004,12,215370.1188452,215370.1282314,8.196700015105307,9.386200021253899,4.7519000072497874,2.1388999884948134,0.0,True,ok,4532,4532
1444,4,0.4,12,215370.1516815,215370.1605266,8.25099999201484,8.84510000469163,4.915700003039092,2.0089000172447413,0.0,True,ok,4533,4533
1445,5,0.5,12,215370.1851218,215370.1942272,8.347900002263486,9.105400007683784,4.818299988983199,2.216900000348687,0.0,True,ok,4334,4334
1446,6,0.6000000000000001,12,215370.2187354,215370.2274972,8.235599991166964,8.761799981584772,4.724500002339482,2.1012999932281673,0.0,True,ok,4462,4462
1447,7,0.7000000000000001,12,215370.2521894,215370.2617768,9.045000013429672,9.58740001078695,4.59299999056384,2.844400005415082,0.0,True,ok,4479,4479
1448,8,0.8,12,215370.2851268,215370.2942194,8.662400010507554,9.09259999752976,4.9473999824840575,2.139099990017712,0.0,True,ok,4534,4534
1449,9,0.9,12,215370.3182531,215370.3291917,10.330799996154383,10.93859999673441,6.433600006857887,2.476199995726347,0.0,True,ok,4491,4491
1450,10,1.0,12,215370.3519766,215370.3608926,8.423399995081127,8.915999991586432,4.731299995910376,2.220199996372685,0.0,True,ok,4600,4600
1451,11,1.1,12,215370.3851368,215370.3940507,8.503400022163987,8.913900004699826,4.8590999795123935,2.29060000856407,0.0,True,ok,4781,4781
1452,12,1.2000000000000002,12,215370.4185989,215370.427737,8.54889999027364,9.138099994743243,4.961500002536923,2.12309998460114,0.0,True,ok,5044,5044
1453,13,1.3,12,215370.452056,215370.4609595,8.44219999271445,8.903499983716756,4.709800006821752,2.219599991803989,0.0,True,ok,4620,4620
1454,14,1.4000000000000001,12,215370.4854736,215370.4942385,8.094699995126575,8.764899976085871,4.608399991411716,2.081799990264699,0.0,True,ok,4785,4785
1455,15,1.5,12,215370.5187165,215370.5285034,9.158600005321205,9.786900016479194,5.466299975523725,2.268800017191097,0.0,True,ok,5045,5045
1456,16,1.6,12,215370.551929,215370.5627419,10.361199994804338,10.812900000018999,6.612099998164922,2.280100015923381,0.0,True,ok,5382,5382
1457,17,1.7000000000000002,12,215370.5855915,215370.5944602,8.214600005885586,8.868699980666861,4.840699984924868,1.9586000125855207,0.0,True,ok,5312,5312
1458,18,1.8,12,215370.6186477,215370.6277738,8.670899987919256,9.126099990680814,5.111399979796261,2.0828000269830227,0.0,True,ok,5363,5363
1459,19,1.9000000000000001,12,215370.6517401,215370.660674,8.359800005564466,8.933900011470541,4.596599988872185,2.2757000115234405,0.0,True,ok,5455,5455
1460,20,2.0,12,215370.6850275,215370.6943517,8.670099981827661,9.324199985712767,4.929899994749576,2.2966999968048185,0.0,True,ok,5508,5508
1461,21,2.1,12,215370.7187615,215370.7276833,8.435299998382106,8.921800006646663,4.814099986106157,1.9299999985378236,0.0,True,ok,5300,5300
1462,22,2.2,12,215370.752099,215370.7612274,8.644900022773072,9.128400008194149,4.8383999965153635,2.23869999172166,33.33750000456348,True,ok,5384,5384
1463,23,2.3000000000000003,12,215370.7854827,215370.7945672,8.678900019731373,9.084499994060025,4.728200001409277,2.3716000141575933,0.0,True,ok,5355,5355
1464,24,2.4000000000000004,12,215370.8185896,215370.828355,9.104900003876537,9.765399998286739,5.45080000301823,2.1089999936521053,0.0,True,ok,5072,5072
1465,25,2.5,12,215370.8521063,215370.8625003,9.76809998974204,10.393999982625246,6.19460002053529,2.192899992223829,0.0,True,ok,4851,4851
1466,26,2.6,12,215370.885293,215370.8946917,8.322699985001236,9.398700000019744,4.818399989744648,2.0847000123467296,0.0,True,ok,4933,4933
1467,27,2.7,12,215370.9183065,215370.926802,8.021899993764237,8.49549999111332,4.677899996750057,1.9423999765422195,0.0,True,ok,4889,4889
1468,28,2.8000000000000003,12,215370.9521611,215370.9614246,8.444100007181987,9.263500018278137,4.745800019009039,2.3188000195659697,0.0,True,ok,4508,4508
1469,29,2.9000000000000004,12,215370.9853305,215370.9944928,8.721999998670071,9.162300004391,4.81659997603856,2.495299995644018,0.0,True,ok,4516,4516
1470,30,3.0,12,215371.0192733,215371.029883,9.967799996957183,10.60970002436079,6.40199999907054,2.219999994849786,0.0,True,ok,4326,4326
1471,31,3.1,12,215371.0518702,215371.0616203,9.352099994430318,9.750099998200312,5.963300005532801,1.9889000104740262,0.0,True,ok,4407,4407
1472,32,3.2,12,215371.0852032,215371.0943285,8.260100003099069,9.12530001369305,4.951200011419132,1.9987999985460192,0.0,True,ok,4113,4113
1473,33,3.3000000000000003,12,215371.1187778,215371.127505,8.24360002297908,8.727200009161606,5.011000001104549,1.9311999785713851,0.0,True,ok,4211,4211
1474,34,3.4000000000000004,12,215371.1518267,215371.1614256,8.404299995163456,9.598900011042133,5.260000005364418,1.8339999951422215,0.0,True,ok,4198,4198
1475,35,3.5,12,215371.185285,215371.1939199,8.104099979391322,8.634899975731969,4.578399995807558,2.220199996372685,0.0,True,ok,4125,4125
1476,36,3.6,12,215371.2186821,215371.2286831,9.411000006366521,10.000999987823889,6.1397999816108495,2.0358999900054187,0.0,True,ok,4267,4267
1477,37,3.7,12,215371.2517898,215371.2631199,10.41429999168031,11.330099980114028,5.917700007557869,2.3307999945245683,0.0,True,ok,3805,3805
1478,38,3.8000000000000003,12,215371.285415,215371.2946573,8.143599989125505,9.24230000237003,4.691500012995675,2.1610000112559646,33.62519998336211,True,ok,3921,3921
1479,39,3.9000000000000004,12,215371.3186282,215371.3273963,8.23040000977926,8.76810000045225,4.831400001421571,2.138799987733364,33.21320001850836,True,ok,3864,3864
1480,40,4.0,12,215371.3521515,215371.3611982,7.870200002798811,9.04669999727048,4.564000002574176,2.008099982049316,0.0,True,ok,3828,3828
1481,41,4.1000000000000005,12,215371.385225,215371.3938004,8.070699987001717,8.5753999883309,4.848300013691187,1.9766000041272491,0.0,True,ok,3659,3659
1482,42,4.2,12,215371.418853,215371.4282369,8.828100020764396,9.383900003740564,5.282800004351884,2.224500000011176,0.0,True,ok,3989,3989
1483,43,4.3,12,215371.4516874,215371.4601635,7.763900008285418,8.476100018015131,4.576200008159503,1.8854999798350036,0.0,True,ok,4294,4294
1484,44,4.4,12,215371.4854146,215371.4945243,8.624300011433661,9.109700011322275,5.008600011933595,2.284200018038973,0.0,True,ok,4623,4623
1485,45,4.5,12,215371.5185168,215371.5276625,8.64670000737533,9.145700023509562,4.909900017082691,2.423300000373274,0.0,True,ok,4708,4708
1486,46,4.6000000000000005,12,215371.5518692,215371.5609018,8.553699997719377,9.032600006321445,4.683799983467907,2.1874000085517764,0.0,True,ok,4834,4834
1487,47,4.7,12,215371.5852711,215371.5942919,8.344100002432242,9.020800003781915,4.814200015971437,2.227099990705028,0.0,True,ok,4677,4677
1488,48,4.800000000000001,12,215371.6186662,215371.6288535,9.511800017207861,10.187300009420142,4.8146000190172344,3.4002999891526997,0.0,True,ok,4591,4591
1489,49,4.9,12,215371.6518591,215371.6605927,8.007900003576651,8.733599999686703,4.7052000008989125,1.9874999998137355,0.0,True,ok,4442,4442
1490,50,5.0,12,215371.6852729,215371.6947719,8.360499981790781,9.498999977950007,4.694500006735325,2.3381999926641583,0.0,True,ok,4408,4408
1491,51,5.1000000000000005,12,215371.7184398,215371.7276928,8.720899990294129,9.252999996533617,5.0002000061795115,2.380799996899441,0.0,True,ok,4418,4418
1492,52,5.2,12,215371.751769,215371.7606806,8.392200019443408,8.911600016290322,4.9291999894194305,2.0262000034563243,0.0,True,ok,4600,4600
1493,53,5.300000000000001,12,215371.784993,215371.7940506,8.542199997464195,9.057599992956966,4.978399985702708,2.1380000107456,0.0,True,ok,4489,4489
1494,54,5.4,12,215371.8185442,215371.827709,8.635400008643046,9.164799994323403,5.099800007883459,2.179999981308356,0.0,True,ok,4625,4625
1495,55,5.5,12,215371.8519058,215371.8622954,9.849499998381361,10.389600007329136,5.867500003660098,2.2422999900300056,0.0,True,ok,4379,4379
1496,56,5.6000000000000005,12,215371.8852274,215371.8942734,8.35629997891374,9.045999991940334,4.930199997033924,2.200599992647767,0.0,True,ok,4212,4212
1497,57,5.7,12,215371.918836,215371.9278361,8.260999980848283,9.000099991681054,4.785800003446639,2.2284000006038696,0.0,True,ok,4229,4229
1498,58,5.800000000000001,12,215371.9519415,215371.9607588,8.19180000689812,8.817299996735528,4.729000007500872,2.0935000211466104,0.0,True,ok,4294,4294
1499,59,5.9,12,215371.9852893,215371.9968522,10.483999998541549,11.562900006538257,4.73369998508133,4.368900001281872,0.0,True,ok,4337,4337
1500,60,6.0,12,215372.0183151,215372.0276608,8.632399985799566,9.345700003905222,4.864000016823411,2.482699987012893,0.0,True,ok,4334,4334
1501,61,6.1000000000000005,12,215372.051824,215372.0605031,7.99619997269474,8.67909999215044,4.468700004508719,2.2517000033985823,0.0,True,ok,4169,4169
1502,62,6.2,12,215372.0853108,215372.0958367,9.436799999093637,10.525899997446686,4.941699997289106,3.122800000710413,0.0,True,ok,4172,4172
1503,63,6.300000000000001,12,215372.1188041,215372.1284983,9.158900007605553,9.69420000910759,4.855500010307878,2.9651999939233065,0.0,True,ok,4147,4147
1504,64,6.4,12,215372.1517841,215372.1605582,8.180900011211634,8.77410001703538,4.906899994239211,1.8629000114742666,0.0,True,ok,4178,4178
1505,65,6.5,12,215372.18501,215372.1932914,7.799900020472705,8.281400019768625,4.611500015016645,1.9382000027690083,0.0,True,ok,4169,4169
1506,66,6.6000000000000005,12,215372.2184323,215372.2272194,8.172400004696101,8.787099999608472,4.733100009616464,2.0466999849304557,0.0,True,ok,4168,4168
1507,67,6.7,12,215372.2518701,215372.2618391,9.393000014824793,9.969000006094575,4.685599997173995,3.4331000060774386,0.0,True,ok,4086,4086
1508,68,6.800000000000001,12,215372.2853871,215372.2943747,8.444799983408302,8.987599983811378,4.951100010657683,2.1946999768260866,0.0,True,ok,4379,4379
1509,69,6.9,12,215372.318864,215372.3275153,8.196700015105307,8.651300013298169,4.916299978503957,1.9944999949075282,0.0,True,ok,4282,4282
1510,70,7.0,12,215372.3518843,215372.3603336,7.921699987491593,8.449299988569692,4.432199988514185,2.188800019212067,0.0,True,ok,4247,4247
1511,71,7.1000000000000005,12,215372.3851426,215372.3933201,7.5628999911714345,8.177500014426187,4.423500009579584,1.8794999923557043,0.0,True,ok,4354,4354
1512,72,7.2,12,215372.4186575,215372.4274262,8.249200007412583,8.768700005020946,4.718200012575835,1.9932999857701361,0.0,True,ok,4628,4628
1513,73,7.300000000000001,12,215372.4520924,215372.4617499,9.191299992380664,9.657499991590157,5.656299996189773,2.0724000059999526,0.0,True,ok,4287,4287
1514,74,7.4,12,215372.4854146,215372.4942736,8.146599982865155,8.858999994117767,4.740100004710257,2.0767000096384436,0.0,True,ok,4455,4455
1515,75,7.5,12,215372.5183819,215372.5269929,8.06429999647662,8.61099999747239,4.726699989987537,2.0044999837409705,32.96730000874959,True,ok,4560,4560
1516,76,7.6000000000000005,12,215372.5520753,215372.5605968,8.081000007223338,8.521500014467165,4.621700005372986,2.137299976311624,0.0,True,ok,4662,4662
1517,77,7.7,12,215372.5849962,215372.5935782,8.186699997168034,8.582000009482726,4.812099999981001,1.909899991005659,0.0,True,ok,4381,4381
1518,78,7.800000000000001,12,215372.6184756,215372.6274117,8.47490000887774,8.936099999118596,5.034800007706508,2.12320001446642,0.0,True,ok,4350,4350
1519,79,7.9,12,215372.6518779,215372.6605911,8.121899998513982,8.71319998987019,4.79160001850687,1.9761000003200024,0.0,True,ok,4058,4058
1520,80,8.0,12,215372.6850461,215372.6939308,8.428499975707382,8.884699986083433,5.17369998851791,1.9840000022668391,0.0,True,ok,4074,4074
1521,81,8.1,12,215372.7187557,215372.7273463,7.822699990356341,8.590599987655878,4.677699995227158,1.93349999608472,0.0,True,ok,4080,4080
1522,82,8.200000000000001,12,215372.7517743,215372.7601247,7.9314000031445175,8.35039999219589,4.669699992518872,2.0003000099677593,0.0,True,ok,4288,4288
1523,83,8.3,12,215372.7852949,215372.7941015,8.126200002152473,8.80660000257194,4.8359000065829605,2.0502000115811825,0.0,True,ok,4269,4269
1524,84,8.4,12,215372.8187238,215372.8277272,8.333600009791553,9.003399987705052,4.868000018177554,2.1087999921292067,0.0,True,ok,3996,3996
1525,85,8.5,12,215372.8518769,215372.8622718,9.908599982736632,10.39489998947829,6.564199982676655,2.0207000197842717,0.0,True,ok,4318,4318
1526,86,8.6,12,215372.8849907,215372.8940851,8.110499999020249,9.094400011235848,5.03739999840036,1.8649999983608723,0.0,True,ok,4410,4410
1527,87,8.700000000000001,12,215372.9189454,215372.9280098,8.40510000125505,9.06440001563169,4.973099974449724,2.1034000092186034,0.0,True,ok,4345,4345
1528,88,8.8,12,215372.9521243,215372.9614989,8.927199989557266,9.374599991133437,5.747999995946884,1.9775000109802932,0.0,True,ok,3995,3995
1529,89,8.9,12,215372.9851233,215372.9934795,7.723099988652393,8.35620000725612,4.650500020943582,1.8493999959900975,0.0,True,ok,4114,4114
1530,90,9.0,12,215373.018472,215373.0269348,7.900700002210215,8.462800004053861,4.694699979154393,1.9509000121615827,0.0,True,ok,4407,4407
1531,91,9.1,12,215373.0518483,215373.0605085,8.18579999031499,8.660199993755668,4.787700017914176,2.0779000187758356,33.37630000896752,True,ok,4504,4504
1532,92,9.200000000000001,12,215373.0853577,215373.0951682,9.198000014293939,9.810499992454425,5.659999995259568,2.194799977587536,0.0,True,ok,4602,4602
1533,93,9.3,12,215373.1187282,215373.1277241,8.52649999433197,8.995899988804013,4.927700007101521,2.338399994187057,0.0,True,ok,4719,4719
1534,94,9.4,12,215373.1519441,215373.1627611,10.213599976850674,10.81699997303076,6.863000016892329,2.0899999944958836,0.0,True,ok,4623,4623
1535,95,9.5,12,215373.1854512,215373.1944889,8.339499996509403,9.0376999869477,4.748300008941442,2.336599980480969,0.0,True,ok,4555,4555
1536,96,9.600000000000001,12,215373.218327,215373.2276653,8.946899994043633,9.338299976661801,4.7559000086039305,2.919700025813654,0.0,True,ok,4902,4902
1537,97,9.700000000000001,12,215373.2520271,215373.2618555,9.327299980213866,9.828399983234704,5.987700016703457,2.0782999927178025,0.0,True,ok,4793,4793
1538,98,9.8,12,215373.2851196,215373.2945193,8.965299988631159,9.399699978530407,4.965500003891066,2.719100011745468,0.0,True,ok,4857,4857
1539,99,9.9,12,215373.3185475,215373.3276068,8.387100009713322,9.059300005901605,5.0712999945972115,2.0684000046458095,0.0,True,ok,4985,4985
1540,100,10.0,12,215373.352161,215373.3607993,8.148199995048344,8.638300001621246,4.818399989744648,2.008599985856563,0.0,True,ok,4973,4973
1541,101,10.100000000000001,12,215373.3854198,215373.3953309,8.895900013158098,9.911100001772866,5.766099988250062,1.9554999889805913,0.0,True,ok,4507,4507
1542,102,10.200000000000001,12,215373.4186568,215373.4272912,8.08960001450032,8.634400001028553,4.871800018008798,1.9901999912690371,0.0,True,ok,4834,4834
1543,103,10.3,12,215373.4516731,215373.4616592,9.48819998302497,9.98609999078326,6.129800021881238,2.1367000008467585,0.0,True,ok,4943,4943
1544,104,10.4,12,215373.4851985,215373.4938255,7.918699993751943,8.626999973785132,4.706200008513406,1.9687000021804124,0.0,True,ok,5082,5082
1545,105,10.5,12,215373.5185077,215373.5268126,7.7695999934803694,8.304899994982406,4.469399980735034,2.0912000036332756,0.0,True,ok,4986,4986
1546,106,10.600000000000001,12,215373.5520642,215373.5611923,8.73249999131076,9.1281000059098,5.531400005565956,2.022499975282699,0.0,True,ok,5037,5037
1547,107,10.700000000000001,12,215373.5853292,215373.5940201,8.221700001740828,8.690899994689971,4.845399991609156,2.0622999873012304,0.0,True,ok,5162,5162
1548,108,10.8,12,215373.618258,215373.6271724,8.247000019764528,8.914400008507073,4.82259999262169,2.1680000063497573,0.0,True,ok,4884,4884
1549,109,10.9,12,215373.6518496,215373.6615699,9.102399984840304,9.720300004119053,5.860100005520508,2.0278999872971326,0.0,True,ok,4890,4890
1550,110,11.0,12,215373.6854259,215373.6943455,8.449999993899837,8.919599989894778,5.110800004331395,2.1597000013571233,33.57630001846701,True,ok,4848,4848
1551,111,11.100000000000001,12,215373.718427,215373.7265689,7.665499986615032,8.141899976180866,4.487300000619143,1.9579999789129943,0.0,True,ok,5030,5030
1552,112,11.200000000000001,12,215373.7520982,215373.761965,9.351200016681105,9.866800013696775,5.418999993707985,2.0000000076834112,0.0,True,ok,5114,5114
1553,113,11.3,12,215373.7853017,215373.7941604,8.405700005823746,8.858699991833419,4.792499996256083,2.0964999857824296,0.0,True,ok,5293,5293
1554,114,11.4,12,215373.8184341,215373.8273789,8.296599989989772,8.944800007157028,4.758399998536333,2.322399988770485,0.0,True,ok,5423,5423
1555,115,11.5,12,215373.8523673,215373.8622037,9.325599996373057,9.83640001504682,5.901399999856949,2.1893999946769327,0.0,True,ok,5340,5340
1556,116,11.600000000000001,12,215373.8854184,215373.8940562,8.200799988117069,8.637799997814,4.7596000076737255,2.2240999969653785,0.0,True,ok,5279,5279
1557,117,11.700000000000001,12,215373.9186721,215373.9272493,8.087800000794232,8.577200002036989,4.650499991839752,2.1090999944135547,0.0,True,ok,5498,5498
1558,118,11.8,12,215373.9517421,215373.9618522,9.458800021093339,10.110100003657863,5.899200012208894,2.329499984625727,0.0,True,ok,5517,5517
1559,119,11.9,12,215373.9854058,215373.9942091,8.327299990924075,8.803300006547943,4.8624999762978405,2.2394000261556357,0.0,True,ok,5266,5266
1560,0,0.0,13,215374.0215351,215374.0301453,8.06590000865981,8.610199991380796,4.669899994041771,2.2142000088933855,0.0,True,ok,4708,4708
1561,1,0.1,13,215374.0520907,215374.0609007,8.269299985840917,8.809999999357387,4.802799987373874,2.0893000182695687,0.0,True,ok,4681,4681
1562,2,0.2,13,215374.0850361,215374.0935892,8.0790999927558,8.553099993150681,4.754699999466538,1.9986999977845699,0.0,True,ok,4360,4360
1563,3,0.30000000000000004,13,215374.1188009,215374.1278023,8.512600004905835,9.001400001579896,5.107899982249364,2.2037999879103154,0.0,True,ok,4532,4532
1564,4,0.4,13,215374.1520457,215374.1617502,9.094700013520196,9.70450000022538,5.785799992736429,2.0151000062469393,0.0,True,ok,4533,4533
1565,5,0.5,13,215374.1853484,215374.1955123,9.091300016734749,10.16390000586398,5.737700004829094,2.1627000242006034,0.0,True,ok,4334,4334
1566,6,0.6000000000000001,13,215374.218465,215374.2268553,7.832299976143986,8.39029997587204,4.7808999952394515,1.8481000151950866,0.0,True,ok,4462,4462
1567,7,0.7000000000000001,13,215374.2518426,215374.2612135,8.789899991825223,9.370899992063642,5.635299981804565,1.9232999766245484,0.0,True,ok,4479,4479
1568,8,0.8,13,215374.2851195,215374.2941178,8.521199983078986,8.998299977974966,5.121199996210635,2.0311000116635114,0.0,True,ok,4534,4534
1569,9,0.9,13,215374.3187638,215374.3275711,8.268500008853152,8.807300007902086,5.080700007965788,1.9911999988835305,0.0,True,ok,4491,4491
1570,10,1.0,13,215374.3517146,215374.3631167,10.74009999865666,11.402100004488602,7.370399980572984,2.1220000053290278,0.0,True,ok,4600,4600
1571,11,1.1,13,215374.3853284,215374.3942146,7.985700009157881,8.886199997505173,4.751700005726889,2.0133999933023006,0.0,True,ok,4781,4781
1572,12,1.2000000000000002,13,215374.4184784,215374.4276464,8.032000012462959,9.167999989585951,4.734299989650026,1.957500004209578,0.0,True,ok,5044,5044
1573,13,1.3,13,215374.4520352,215374.4620151,9.484400012297556,9.979900001781061,6.022499990649521,2.2336999827530235,0.0,True,ok,4620,4620
1574,14,1.4000000000000001,13,215374.4851041,215374.494072,8.470500004477799,8.967900008428842,4.917099984595552,2.3444999824278057,0.0,True,ok,4785,4785
1575,15,1.5,13,215374.5188411,215374.5272489,7.8477000060956925,8.407799992710352,4.610399977536872,1.9926000095438212,0.0,True,ok,5045,5045
1576,16,1.6,13,215374.5516507,215374.5606415,8.500700001604855,8.990799979073927,4.629900009604171,2.270400000270456,0.0,True,ok,5382,5382
1577,17,1.7000000000000002,13,215374.5854957,215374.5936617,7.800199993653223,8.165999985067174,4.6759000106249005,1.8803999992087483,0.0,True,ok,5312,5312
1578,18,1.8,13,215374.6182972,215374.6270425,8.259000023826957,8.745300001464784,4.9334999930579215,2.050300012342632,0.0,True,ok,5363,5363
1579,19,1.9000000000000001,13,215374.6519126,215374.6621918,9.800599975278601,10.27919998159632,6.200099975103512,2.296799997566268,0.0,True,ok,5455,5455
1580,20,2.0,13,215374.6853896,215374.6945192,8.425300009548664,9.12960001733154,4.972900002030656,2.1872000070288777,0.0,True,ok,5508,5508
1581,21,2.1,13,215374.718559,215374.7289103,8.934900019085035,10.351300006732345,5.534600000828505,2.0386999822221696,0.0,True,ok,5300,5300
1582,22,2.2,13,215374.7518827,215374.7617194,8.778899995377287,9.836700017331168,5.310000007739291,2.2120999929029495,0.0,True,ok,5384,5384
1583,23,2.3000000000000003,13,215374.785207,215374.7941639,8.484599995426834,8.956899982877076,4.946500004734844,2.1496999834198505,0.0,True,ok,5355,5355
1584,24,2.4000000000000004,13,215374.8185142,215374.8282737,8.970900002168491,9.759500011568889,4.895899997791275,2.8286000015214086,0.0,True,ok,5072,5072
1585,25,2.5,13,215374.8518779,215374.8606978,8.350599993718788,8.81990001653321,4.868000018177554,2.1766999852843583,33.363700000336394,True,ok,4851,4851
1586,26,2.6,13,215374.8850137,215374.8936704,8.202400000300258,8.656699996208772,4.871799988904968,2.1068000060040504,0.0,True,ok,4933,4933
1587,27,2.7,13,215374.9188134,215374.9272603,7.966900011524558,8.446899999398738,4.718999989563599,2.005599992116913,0.0,True,ok,4889,4889
1588,28,2.8000000000000003,13,215374.9516392,215374.9601849,8.084800007054582,8.545699995011091,4.797799978405237,2.1197000169195235,0.0,True,ok,4508,4508
1589,29,2.9000000000000004,13,215374.9851847,215374.9945559,8.520399976987392,9.37119999434799,5.2884000178892165,2.023600012762472,0.0,True,ok,4516,4516
1590,30,3.0,13,215375.0185459,215375.0271643,8.156600000802428,8.61839999561198,4.80179997975938,2.0487000001594424,0.0,True,ok,4326,4326
1591,31,3.1,13,215375.0517234,215375.0627455,10.484300000825897,11.022099992260337,6.806400022469461,2.4754999903962016,33.17750000860542,True,ok,4407,4407
1592,32,3.2,13,215375.0853815,215375.0936766,7.935900008305907,8.295100007671863,4.827700002351776,1.9610000017564744,0.0,True,ok,4113,4113
1593,33,3.3000000000000003,13,215375.1186073,215375.1284598,8.803300006547943,9.852499992121011,5.587699997704476,2.022199972998351,0.0,True,ok,4211,4211
1594,34,3.4000000000000004,13,215375.1517673,215375.1616694,9.305699990363792,9.902099991450086,6.084100023144856,1.9833999976981431,0.0,True,ok,4198,4198
1595,35,3.5,13,215375.1852149,215375.194075,8.219500014092773,8.86010000249371,4.871399985859171,2.226999989943579,0.0,True,ok,4125,4125
1596,36,3.6,13,215375.218716,215375.2273183,7.9415999935008585,8.60229998943396,4.642000014428049,2.1838000102434307,0.0,True,ok,4267,4267
1597,37,3.7,13,215375.2517799,215375.2598574,7.59920000564307,8.077500009676442,4.560300003504381,1.89939999836497,0.0,True,ok,3805,3805
1598,38,3.8000000000000003,13,215375.2851229,215375.2935676,7.9366999852936715,8.444699982646853,4.604100016877055,2.144300000509247,0.0,True,ok,3921,3921
1599,39,3.9000000000000004,13,215375.3183321,215375.3272449,8.356499980436638,8.912799996323884,4.99010001658462,2.2332000080496073,0.0,True,ok,3864,3864
1600,40,4.0,13,215375.3519266,215375.3607735,7.782000000588596,8.846899989293888,4.6384999877773225,2.035900019109249,0.0,True,ok,3828,3828
1601,41,4.1000000000000005,13,215375.3852899,215375.3935112,7.6820999966003,8.22129999869503,4.6236999914981425,1.973599981283769,0.0,True,ok,3659,3659
1602,42,4.2,13,215375.4188367,215375.4280439,8.306900010211393,9.207199997035787,4.888199997367337,2.285199996549636,0.0,True,ok,3989,3989
1603,43,4.3,13,215375.451688,215375.4598988,7.666999998036772,8.210800006054342,4.641400009859353,1.863600016804412,0.0,True,ok,4294,4294
1604,44,4.4,13,215375.4853614,215375.4946838,8.247399993706495,9.322400001110509,4.949499998474494,2.1533000108320266,0.0,True,ok,4623,4623
1605,45,4.5,13,215375.5185447,215375.5277001,8.65840000915341,9.155400010058656,5.071199993835762,2.424500009510666,0.0,True,ok,4708,4708
1606,46,4.6000000000000005,13,215375.5521226,215375.5605725,7.881400000769645,8.449899993138388,4.6255000052042305,1.9916000019293278,0.0,True,ok,4834,4834
1607,47,4.7,13,215375.5852437,215375.5937002,7.898100011516362,8.456499985186383,4.503500007558614,2.202300005592406,0.0,True,ok,4677,4677
1608,48,4.800000000000001,13,215375.6184782,215375.6270764,7.955700013553724,8.598200016422197,4.7596000076737255,2.05939999432303,0.0,True,ok,4591,4591
1609,49,4.9,13,215375.6518269,215375.661518,9.145799995167181,9.69110001460649,5.903200013563037,2.0560999982990324,0.0,True,ok,4442,4442
1610,50,5.0,13,215375.6851477,215375.6939671,8.286299998871982,8.819400012725964,4.890299984253943,2.2406000061891973,0.0,True,ok,4408,4408
1611,51,5.1000000000000005,13,215375.7186586,215375.7272957,8.054999983869493,8.637099992483854,4.717000003438443,2.129500004230067,0.0,True,ok,4418,4418
1612,52,5.2,13,215375.7517046,215375.7603766,8.194099995307624,8.671999996295199,4.774900007760152,2.074999996693805,0.0,True,ok,4600,4600
1613,53,5.300000000000001,13,215375.7850562,215375.793428,7.703200011746958,8.371800009626895,4.603100009262562,1.9277000101283193,0.0,True,ok,4489,4489
1614,54,5.4,13,215375.8186415,215375.8278612,8.74439999461174,9.219700004905462,5.072700005257502,2.4522000167053193,0.0,True,ok,4625,4625
1615,55,5.5,13,215375.8519731,215375.8609092,8.33550002425909,8.936099999118596,4.9915999989025295,2.1336000063456595,0.0,True,ok,4379,4379
1616,56,5.6000000000000005,13,215375.8852188,215375.8940355,8.294700004626065,8.816700021270663,5.1042000122834,2.0269000087864697,0.0,True,ok,4212,4212
1617,57,5.7,13,215375.9185143,215375.927468,8.303600014187396,8.953700016718358,4.901299980701879,2.2394999978132546,0.0,True,ok,4229,4229
1618,58,5.800000000000001,13,215375.9520243,215375.9606774,8.099300001049414,8.653099997900426,4.756199981784448,2.153100009309128,0.0,True,ok,4294,4294
1619,59,5.9,13,215375.9851702,215375.9937761,8.014799997908995,8.605899987742305,4.522100003669038,2.2348999918904155,0.0,True,ok,4337,4337
1620,60,6.0,13,215376.0186474,215376.0278097,8.107900008326396,9.162300004391,4.638599988538772,2.293400000780821,33.47719999146648,True,ok,4334,4334
1621,61,6.1000000000000005,13,215376.0521944,215376.0610865,8.413100003963336,8.892100013326854,4.782300005899742,2.375699987169355,0.0,True,ok,4169,4169
1622,62,6.2,13,215376.0851291,215376.0934763,7.7791000076103956,8.347199996933341,4.503799980739132,2.0719999738503247,0.0,True,ok,4172,4172
1623,63,6.300000000000001,13,215376.1182953,215376.1269093,8.000999980140477,8.61399999121204,4.726499988464639,2.144300000509247,0.0,True,ok,4147,4147
1624,64,6.4,13,215376.1517949,215376.160419,8.124499989207834,8.624099980806932,4.949100024532527,1.9921000057365745,0.0,True,ok,4178,4178
1625,65,6.5,13,215376.1851665,215376.193834,8.05249999393709,8.667499991133809,4.832600010558963,2.0469999872148037,0.0,True,ok,4169,4169
1626,66,6.6000000000000005,13,215376.2184433,215376.2270701,8.067699993262067,8.626800001366064,4.827199998544529,2.0403999951668084,0.0,True,ok,4168,4168
1627,67,6.7,13,215376.2519979,215376.2606399,8.017799991648644,8.642000000691041,4.69520001206547,2.045800007181242,0.0,True,ok,4086,4086
1628,68,6.800000000000001,13,215376.2851431,215376.2941539,8.530499995686114,9.010800014948472,4.9045000050682575,2.358900004765019,0.0,True,ok,4379,4379
1629,69,6.9,13,215376.3184203,215376.3273195,8.43909999821335,8.899200009182096,5.174300022190437,2.004899986786768,0.0,True,ok,4282,4282
1630,70,7.0,13,215376.3519792,215376.361068,8.61270001041703,9.088799997698516,5.151199991814792,2.2022000048309565,33.558900002390146,True,ok,4247,4247
1631,71,7.1000000000000005,13,215376.3851469,215376.3935573,7.779200008371845,8.410400012508035,4.491400002734736,2.01489997562021,0.0,True,ok,4354,4354
1632,72,7.2,13,215376.4187106,215376.428354,9.261200000764802,9.643400000641122,6.096099998103455,1.9943999941460788,0.0,True,ok,4628,4628
1633,73,7.300000000000001,13,215376.4517149,215376.4615963,9.381900017615408,9.881400008453056,5.899100011447445,2.1564999769907445,0.0,True,ok,4287,4287
1634,74,7.4,13,215376.4851086,215376.4940822,8.2494999805931,8.973599993623793,4.840599984163418,2.0429999858606607,0.0,True,ok,4455,4455
1635,75,7.5,13,215376.5185833,215376.52723,8.18740000249818,8.64670000737533,4.74860001122579,2.070799993816763,0.0,True,ok,4560,4560
1636,76,7.6000000000000005,13,215376.5517624,215376.5599108,7.788599992636591,8.148399996571243,4.60929999826476,1.9339999998919666,0.0,True,ok,4662,4662
1637,77,7.7,13,215376.5854511,215376.5937986,7.660100003704429,8.347499999217689,4.430700006196275,2.0334000000730157,0.0,True,ok,4381,4381
1638,78,7.800000000000001,13,215376.6185184,215376.6275462,8.382100000744686,9.027799998875707,4.823700000997633,2.295399986905977,0.0,True,ok,4350,4350
1639,79,7.9,13,215376.652014,215376.6618381,9.299700002884492,9.824100008700043,5.875699978787452,2.158399991458282,33.495599986054,True,ok,4058,4058
1640,80,8.0,13,215376.6852135,215376.69423,7.888499996624887,9.016500000143424,4.817499982891604,1.8749999871943146,0.0,True,ok,4074,4074
1641,81,8.1,13,215376.7190329,215376.7276452,8.061900007305667,8.612300007371232,4.889800009550527,1.9819999870378524,0.0,True,ok,4080,4080
1642,82,8.200000000000001,13,215376.7521552,215376.7615801,8.412099996348843,9.424899995792657,5.407299991929904,1.8122000037692487,0.0,True,ok,4288,4288
1643,83,8.3,13,215376.7851471,215376.7939227,8.201699994970113,8.77559999935329,4.976099997293204,2.042100008111447,0.0,True,ok,4269,4269
1644,84,8.4,13,215376.8187626,215376.8271343,7.916400005342439,8.371699979761615,4.806600016308948,1.9656000076793134,0.0,True,ok,3996,3996
1645,85,8.5,13,215376.8519408,215376.8610218,8.432800008449703,9.080999996513128,4.391299997223541,2.563200017903,0.0,True,ok,4318,4318
1646,86,8.6,13,215376.8853604,215376.8935792,7.6969999936409295,8.218800008762628,4.4639999978244305,2.032200020039454,0.0,True,ok,4410,4410
1647,87,8.700000000000001,13,215376.918581,215376.9276916,8.3427999925334,9.110599989071488,5.051799991633743,2.0901999960187823,0.0,True,ok,4345,4345
1648,88,8.8,13,215376.9522016,215376.9621762,8.883000002242625,9.974599990528077,5.031699984101579,2.6228000060655177,0.0,True,ok,3995,3995
1649,89,8.9,13,215376.9849288,215376.9935461,7.961700001033023,8.617300016339868,4.864300019107759,1.8982000183314085,0.0,True,ok,4114,4114
1650,90,9.0,13,215377.0186335,215377.0272106,8.062500011874363,8.57710000127554,4.829299985431135,2.0087000157218426,0.0,True,ok,4407,4407
1651,91,9.1,13,215377.0519149,215377.0601244,7.810400013113394,8.20950002525933,4.424200014909729,2.1844999864697456,0.0,True,ok,4504,4504
1652,92,9.200000000000001,13,215377.0851509,215377.094131,8.45839999965392,8.98009998491034,4.949499998474494,2.2693999926559627,0.0,True,ok,4602,4602
1653,93,9.3,13,215377.118751,215377.128218,9.064899990335107,9.466999996220693,5.090299993753433,2.7067000046372414,0.0,True,ok,4719,4719
1654,94,9.4,13,215377.1518794,215377.1615248,9.11179999820888,9.64540001587011,5.481999978655949,2.297400002134964,0.0,True,ok,4623,4623
1655,95,9.5,13,215377.1853419,215377.1942069,8.419599995249882,8.864999981597066,4.801500006578863,2.228199999080971,0.0,True,ok,4555,4555
1656,96,9.600000000000001,13,215377.2185695,215377.2274657,8.379000006243587,8.896200015442446,4.723899997770786,2.3944000131450593,33.22759998263791,True,ok,4902,4902
1657,97,9.700000000000001,13,215377.2520247,215377.2605851,8.109700022032484,8.560400019632652,4.799200018169358,2.0216999982949346,33.455199998570606,True,ok,4793,4793
1658,98,9.8,13,215377.2855294,215377.2940319,8.082699991064146,8.502500015310943,4.7701000003144145,2.0309000101406127,0.0,True,ok,4857,4857
1659,99,9.9,13,215377.3187084,215377.3274176,8.225600002333522,8.709199988516048,4.868099989835173,2.043500018771738,0.0,True,ok,4985,4985
1660,100,10.0,13,215377.3517928,215377.3602764,7.8403000079561025,8.48359998781234,4.6094999997876585,1.9278000108897686,0.0,True,ok,4973,4973
1661,101,10.100000000000001,13,215377.3850165,215377.3938178,8.311600016895682,8.801300020422786,4.796499997610226,1.9993000023532659,0.0,True,ok,4507,4507
1662,102,10.200000000000001,13,215377.4187042,215377.4271798,8.077999984379858,8.475599985104054,4.71599999582395,1.9794999971054494,0.0,True,ok,4834,4834
1663,103,10.3,13,215377.4518495,215377.4617071,9.38900001347065,9.857600001851097,6.075199984479696,1.882799988379702,0.0,True,ok,4943,4943
1664,104,10.4,13,215377.4854559,215377.4940729,8.173400012310594,8.61700001405552,4.780199989909306,2.0864999969489872,0.0,True,ok,5082,5082
1665,105,10.5,13,215377.5187838,215377.5277963,7.88070002454333,9.01249999878928,4.682300001149997,1.9324000168126076,0.0,True,ok,4986,4986
1666,106,10.600000000000001,13,215377.5518005,215377.5599251,7.534400006989017,8.124600019073114,4.4030999997630715,1.8381999980192631,0.0,True,ok,5037,5037
1667,107,10.700000000000001,13,215377.5853286,215377.5936654,7.69689999287948,8.336800005054101,4.595700011122972,1.8446999893058091,0.0,True,ok,5162,5162
1668,108,10.8,13,215377.6185575,215377.6277355,8.566399978008121,9.177999978419393,4.945299995597452,2.2524999803863466,0.0,True,ok,4884,4884
1669,109,10.9,13,215377.6518012,215377.6621403,9.876099997200072,10.339100001147017,6.150499975774437,2.3204999743029475,0.0,True,ok,4890,4890
1670,110,11.0,13,215377.6853165,215377.6941745,8.16060000215657,8.858000015607104,4.732600005809218,2.1409000037238,0.0,True,ok,4848,4848
1671,111,11.100000000000001,13,215377.7185844,215377.7272555,8.209799998439848,8.671100018545985,4.909799987217411,2.035300014540553,0.0,True,ok,5030,5030
1672,112,11.200000000000001,13,215377.7518771,215377.760716,7.614799978910014,8.838899986585602,4.563700000289828,1.7886999994516373,0.0,True,ok,5114,5114
1673,113,11.3,13,215377.7854393,215377.7946075,8.44649999635294,9.16819999110885,4.80490000336431,2.3028000141493976,0.0,True,ok,5293,5293
1674,114,11.4,13,215377.8183301,215377.827708,8.596600004239008,9.377899987157434,5.001099983928725,2.2563000093214214,0.0,True,ok,5423,5423
1675,115,11.5,13,215377.8518457,215377.86078,8.403099986026064,8.934299985412508,4.733300011139363,2.0588000188581645,0.0,True,ok,5340,5340
1676,116,11.600000000000001,13,215377.885,215377.8942277,8.39929998619482,9.227699978509918,4.652100004022941,2.2702999995090067,0.0,True,ok,5279,5279
1677,117,11.700000000000001,13,215377.9185401,215377.928362,9.010000008856878,9.821899991948158,4.980600002454594,2.6184000016655773,0.0,True,ok,5498,5498
1678,118,11.8,13,215377.95206,215377.9624664,9.269500005757436,10.406399989733472,5.663000018103048,2.223699993919581,33.51989999646321,True,ok,5517,5517
1679,119,11.9,13,215377.9851175,215377.9939203,8.289200020954013,8.802800002740696,4.6971999981906265,2.1773999906145036,0.0,True,ok,5266,5266
1680,0,0.0,14,215378.0207429,215378.0302412,8.32369999261573,9.498300001723692,4.767100006574765,2.228500001365319,0.0,True,ok,4708,4708
1681,1,0.1,14,215378.0520948,215378.0612358,8.624100009910762,9.141000016825274,4.830499994568527,2.452599990647286,0.0,True,ok,4681,4681
1682,2,0.2,14,215378.0853276,215378.0948535,8.429699984844774,9.525899979053065,5.1899000245612115,1.9693000067491084,0.0,True,ok,4360,4360
1683,3,0.30000000000000004,14,215378.1188267,215378.1275832,8.18579999031499,8.756499999435619,4.783600015798584,2.1287999988999218,0.0,True,ok,4532,4532
1684,4,0.4,14,215378.1519464,215378.1620614,9.4231000111904,10.11500001186505,5.755099991802126,2.247299998998642,0.0,True,ok,4533,4533
1685,5,0.5,14,215378.1851254,215378.1942821,8.473800000501797,9.156700019957498,4.608900024322793,2.324800007045269,0.0,True,ok,4334,4334
1686,6,0.6000000000000001,14,215378.2184645,215378.2272614,8.232299995142967,8.796899986919016,4.799399990588427,2.127900021150708,0.0,True,ok,4462,4462
1687,7,0.7000000000000001,14,215378.2518881,215378.2604128,7.760500011499971,8.524700009729713,4.514800006290898,1.9565000256989151,0.0,True,ok,4479,4479
1688,8,0.8,14,215378.2851362,215378.293838,8.213300025090575,8.701800019480288,4.868999996688217,2.0210999937262386,0.0,True,ok,4534,4534
1689,9,0.9,14,215378.318554,215378.3273032,7.991599995875731,8.749200002057478,4.7386000223923475,1.9500999769661576,0.0,True,ok,4491,4491
1690,10,1.0,14,215378.3520164,215378.360744,8.228099992265925,8.727600012207404,4.657300014514476,2.212899998994544,0.0,True,ok,4600,4600
1691,11,1.1,14,215378.3852555,215378.3936948,7.892900001024827,8.43929999973625,4.400200006784871,2.076200005831197,0.0,True,ok,4781,4781
1692,12,1.2000000000000002,14,215378.418774,215378.4282004,8.727899985387921,9.426400007214397,4.848600015975535,2.2160999942570925,0.0,True,ok,5044,5044
1693,13,1.3,14,215378.4521009,215378.4609479,8.346699993126094,8.846999990055338,4.577299987431616,2.347000001464039,33.32690001116134,True,ok,4620,4620
1694,14,1.4000000000000001,14,215378.4852323,215378.4945157,8.8333000021521,9.283399995183572,5.096499982755631,2.2730999917257577,0.0,True,ok,4785,4785
1695,15,1.5,14,215378.5186682,215378.5274685,8.299599983729422,8.800299983704463,4.85080000362359,2.08020000718534,0.0,True,ok,5045,5045
1696,16,1.6,14,215378.5516999,215378.5613039,9.120400005485862,9.603999991668388,4.829599987715483,2.6544999855104834,0.0,True,ok,5382,5382
1697,17,1.7000000000000002,14,215378.5853165,215378.5941662,8.13390000257641,8.84970001061447,4.614200006471947,2.0875000045634806,0.0,True,ok,5312,5312
1698,18,1.8,14,215378.618741,215378.6274174,8.167800027877092,8.67640000069514,4.7587000008206815,1.9253999926149845,33.424500026740134,True,ok,5363,5363
1699,19,1.9000000000000001,14,215378.65184,215378.6611217,8.588999975472689,9.281699982238933,4.602900007739663,2.383699989877641,0.0,True,ok,5455,5455
1700,20,2.0,14,215378.6854585,215378.6946541,8.483799989335239,9.195599996019155,4.951199982315302,2.1256000036373734,0.0,True,ok,5508,5508
1701,21,2.1,14,215378.7183767,215378.7273366,8.249699982115999,8.959899976616725,4.775900015374646,1.95870001334697,0.0,True,ok,5300,5300
1702,22,2.2,14,215378.751867,215378.7607584,8.340600004885346,8.891399978892878,4.6218000061344355,2.2120000212453306,0.0,True,ok,5384,5384
1703,23,2.3000000000000003,14,215378.7850551,215378.7942838,8.428500004811212,9.228700015228242,4.680499987443909,2.306999987922609,0.0,True,ok,5355,5355
1704,24,2.4000000000000004,14,215378.8185035,215378.8279932,9.000999998534098,9.48969999444671,5.171900003915653,2.322399988770485,0.0,True,ok,5072,5072
1705,25,2.5,14,215378.8518512,215378.8608378,8.292299986351281,8.986600005300716,4.583000001730397,2.354900003410876,0.0,True,ok,4851,4851
1706,26,2.6,14,215378.8854497,215378.8949496,8.937500009778887,9.499900013906881,4.825999989407137,2.7110000082757324,0.0,True,ok,4933,4933
1707,27,2.7,14,215378.9185735,215378.9275007,8.447000000160187,8.927199989557266,4.994199989596382,1.9167999853380024,0.0,True,ok,4889,4889
1708,28,2.8000000000000003,14,215378.9521675,215378.960633,8.059700019657612,8.465499995509163,4.655400000046939,2.0363999938126653,0.0,True,ok,4508,4508
1709,29,2.9000000000000004,14,215378.9852722,215378.9934942,7.604499987792224,8.222000004025176,4.37219999730587,1.8371999904047698,0.0,True,ok,4516,4516
1710,30,3.0,14,215379.0187145,215379.0272385,7.985700009157881,8.524000004399568,4.786400008015335,1.8884000019170344,33.44230001675896,True,ok,4326,4326
1711,31,3.1,14,215379.0520659,215379.0609037,8.269000012660399,8.83780000731349,4.461900010937825,2.044400025624782,0.0,True,ok,4407,4407
1712,32,3.2,14,215379.0853004,215379.094151,8.18139998591505,8.850599988363683,4.7910999855957925,1.9773000094573945,0.0,True,ok,4113,4113
1713,33,3.3000000000000003,14,215379.118314,215379.1271607,8.388600021135062,8.84670001687482,4.863500013016164,2.1772999898530543,0.0,True,ok,4211,4211
1714,34,3.4000000000000004,14,215379.1519271,215379.1617773,8.583599992562085,9.850200003711507,5.273799994029105,2.0161999855190516,0.0,True,ok,4198,4198
1715,35,3.5,14,215379.1855193,215379.1945127,8.27019999269396,8.99339999887161,4.740499978652224,2.210400009062141,0.0,True,ok,4125,4125
1716,36,3.6,14,215379.2187678,215379.2275146,8.266199991339818,8.746800012886524,4.675399977713823,2.201100025558844,0.0,True,ok,4267,4267
1717,37,3.7,14,215379.2521298,215379.2606681,8.051700016949326,8.538299996871501,4.723899997770786,2.061100007267669,0.0,True,ok,3805,3805
1718,38,3.8000000000000003,14,215379.285116,215379.2933688,7.696599990595132,8.252799976617098,4.4756999996025115,1.9750000210478902,0.0,True,ok,3921,3921
1719,39,3.9000000000000004,14,215379.3185317,215379.3275535,8.355000027222559,9.021800011396408,4.882999986875802,2.196599991293624,0.0,True,ok,3864,3864
1720,40,4.0,14,215379.3519211,215379.3602654,7.794200006173924,8.34430000395514,4.563099995721132,1.9841999746859074,0.0,True,ok,3828,3828
1721,41,4.1000000000000005,14,215379.3851967,215379.3938623,8.0821999872569,8.665600005770102,4.675100004533306,2.1192999847698957,0.0,True,ok,3659,3659
1722,42,4.2,14,215379.4183629,215379.4273625,8.492699998896569,8.999599987873808,4.920199979096651,2.301100001204759,0.0,True,ok,3989,3989
1723,43,4.3,14,215379.4516842,215379.4615993,9.425199998077005,9.915100003127009,6.0939000104554,2.050300012342632,0.0,True,ok,4294,4294
1724,44,4.4,14,215379.4851813,215379.4952724,9.585499996319413,10.09110000450164,5.167099996469915,2.888799994252622,0.0,True,ok,4623,4623
1725,45,4.5,14,215379.5188487,215379.5280048,8.557399996789172,9.156099986284971,4.7587000008206815,2.424500009510666,0.0,True,ok,4708,4708
1726,46,4.6000000000000005,14,215379.5520224,215379.5610356,8.509599982062355,9.013200004119426,4.450900014489889,2.662699989741668,0.0,True,ok,4834,4834
1727,47,4.7,14,215379.5850201,215379.5932356,7.828700006939471,8.21550001273863,4.422300000442192,2.1009999909438193,32.997700007399544,True,ok,4677,4677
1728,48,4.800000000000001,14,215379.6185333,215379.6274294,8.26000000233762,8.896099985577166,4.922199994325638,2.023600012762472,0.0,True,ok,4591,4591
1729,49,4.9,14,215379.6519311,215379.6620925,9.65110000106506,10.161399986827746,6.044100009603426,2.2542999940924346,0.0,True,ok,4442,4442
1730,50,5.0,14,215379.6851319,215379.6940719,8.249800011981279,8.93999999971129,4.7620999976061285,2.1764999837614596,0.0,True,ok,4408,4408
1731,51,5.1000000000000005,14,215379.7187834,215379.7274863,8.158299984643236,8.7028999987524,4.693099996075034,2.155900001525879,0.0,True,ok,4418,4418
1732,52,5.2,14,215379.7520282,215379.7602174,7.802700012689456,8.189200016204268,4.642200015950948,1.855900016380474,0.0,True,ok,4600,4600
1733,53,5.300000000000001,14,215379.7852827,215379.7939022,7.939100003568456,8.619500003987923,4.5658999879378825,2.035300014540553,0.0,True,ok,4489,4489
1734,54,5.4,14,215379.8183567,215379.8276486,8.604000002378598,9.291900001699105,4.872900026384741,2.311599993845448,0.0,True,ok,4625,4625
1735,55,5.5,14,215379.851808,215379.862123,9.831700008362532,10.31499999226071,6.297599989920855,2.2357999987434596,0.0,True,ok,4379,4379
1736,56,5.6000000000000005,14,215379.8853275,215379.8939471,8.053500001551583,8.619600004749373,4.604999994626269,2.0278999872971326,0.0,True,ok,4212,4212
1737,57,5.7,14,215379.9183623,215379.9267972,7.953799999086186,8.434899995336309,4.5751999714411795,2.128599997377023,0.0,True,ok,4229,4229
1738,58,5.800000000000001,14,215379.9518183,215379.9621532,9.702300012577325,10.334899998269975,5.706600000848994,2.6456000050529838,0.0,True,ok,4294,4294
1739,59,5.9,14,215379.9852623,215379.9947318,8.82739998633042,9.469499986153096,5.038100003730506,2.226300013717264,0.0,True,ok,4337,4337
1740,60,6.0,14,215380.0188776,215380.0307324,10.991799994371831,11.854799988213927,6.891600001836196,2.2973999730311334,0.0,True,ok,4334,4334
1741,61,6.1000000000000005,14,215380.0518823,215380.0606318,8.21110000833869,8.749500004341826,4.663900006562471,2.230799989774823,0.0,True,ok,4169,4169
1742,62,6.2,14,215380.0851892,215380.093981,8.268700010376051,8.79180000629276,4.755400004796684,1.9960000063292682,0.0,True,ok,4172,4172
1743,63,6.300000000000001,14,215380.1184098,215380.1269406,8.130400005029514,8.530799997970462,4.715299990493804,2.142000012099743,0.0,True,ok,4147,4147
1744,64,6.4,14,215380.1518202,215380.1615372,8.631200005766004,9.717000008095056,5.205499997828156,2.1373000054154545,0.0,True,ok,4178,4178
1745,65,6.5,14,215380.1851137,215380.1940604,8.19050002610311,8.946700021624565,4.845200019190088,1.9801000016741455,0.0,True,ok,4169,4169
1746,66,6.6000000000000005,14,215380.2183792,215380.2274956,8.450199995422736,9.11640000413172,4.73079999210313,2.303399989614263,33.26550000929274,True,ok,4168,4168
1747,67,6.7,14,215380.2519161,215380.260497,8.060300024226308,8.580900001106784,4.818999994313344,1.8844000005628914,0.0,True,ok,4086,4086
1748,68,6.800000000000001,14,215380.2854675,215380.2943065,8.372200012672693,8.838999987347052,4.647699999623001,2.377700002398342,0.0,True,ok,4379,4379
1749,69,6.9,14,215380.3185084,215380.3274599,8.504800003720447,8.951499999966472,5.090499995276332,2.0908000005874783,0.0,True,ok,4282,4282
1750,70,7.0,14,215380.3522334,215380.3613924,7.930099993245676,9.159000008367002,4.509899998083711,2.086399996187538,0.0,True,ok,4247,4247
1751,71,7.1000000000000005,14,215380.3854076,215380.3939507,7.886200008215383,8.543100004317239,4.589099989971146,1.968299999134615,0.0,True,ok,4354,4354
1752,72,7.2,14,215380.4188351,215380.4275289,8.107800007564947,8.693800016772002,4.714900016551837,2.0197000121697783,0.0,True,ok,4628,4628
1753,73,7.300000000000001,14,215380.4519148,215380.4607924,8.22449999395758,8.877599990228191,5.12929999968037,1.7915000207722187,0.0,True,ok,4287,4287
1754,74,7.4,14,215380.4853493,215380.4945365,8.07759998133406,9.187199990265071,4.855299979681149,1.864299993030727,0.0,True,ok,4455,4455
1755,75,7.5,14,215380.5188439,215380.5277259,8.426099986536428,8.881999994628131,4.869700002018362,2.209700003731996,0.0,True,ok,4560,4560
1756,76,7.6000000000000005,14,215380.5516969,215380.5602979,8.149600005708635,8.601000008638948,4.617600003257394,2.129400003468618,0.0,True,ok,4662,4662
1757,77,7.7,14,215380.5850618,215380.5933353,7.67029999406077,8.273499988717958,4.392500006360933,1.9606999994721264,0.0,True,ok,4381,4381
1758,78,7.800000000000001,14,215380.618305,215380.6272409,8.226600009948015,8.935899997595698,4.7116999921854585,2.2059000039007515,0.0,True,ok,4350,4350
1759,79,7.9,14,215380.6518917,215380.6621238,9.731500002089888,10.232100001303479,5.977199994958937,2.295200014486909,0.0,True,ok,4058,4058
1760,80,8.0,14,215380.6855069,215380.6941928,8.00959998741746,8.685900014825165,4.741000011563301,1.9662999839056283,0.0,True,ok,4074,4074
1761,81,8.1,14,215380.7186291,215380.7272483,7.934900000691414,8.619200001703575,4.709900007583201,1.979099994059652,0.0,True,ok,4080,4080
1762,82,8.200000000000001,14,215380.7522432,215380.7617172,9.083399985684082,9.473999991314486,5.523600004380569,2.145700011169538,0.0,True,ok,4288,4288
1763,83,8.3,14,215380.7853375,215380.7942829,8.311999990837649,8.945399982621893,4.968699999153614,2.039099985267967,0.0,True,ok,4269,4269
1764,84,8.4,14,215380.8183144,215380.8271301,8.359600004041567,8.815699984552339,5.05229999544099,2.0605999743565917,0.0,True,ok,3996,3996
1765,85,8.5,14,215380.8519818,215380.8620112,9.38010000390932,10.029400000348687,5.693200015230104,2.3031000164337456,33.667399984551594,True,ok,4318,4318
1766,86,8.6,14,215380.8855073,215380.8945485,8.464799990179017,9.041199984494597,5.156900006113574,2.0044999837409705,0.0,True,ok,4410,4410
1767,87,8.700000000000001,14,215380.9188402,215380.927394,8.159999997587875,8.553799998480827,4.877900006249547,1.9833999976981431,0.0,True,ok,4345,4345
1768,88,8.8,14,215380.9521837,215380.9617132,8.630099997390062,9.529500006465241,5.325999984052032,2.0355000160634518,0.0,True,ok,3995,3995
1769,89,8.9,14,215380.9853091,215380.9940524,8.10149998869747,8.743299986235797,4.81370001216419,1.9656000076793134,0.0,True,ok,4114,4114
1770,90,9.0,14,215381.018401,215381.0273672,8.446299994830042,8.966199995484203,4.625899979146197,2.2520000056829304,0.0,True,ok,4407,4407
1771,91,9.1,14,215381.0516232,215381.0602048,8.03779999841936,8.581599977333099,4.651400027796626,2.0413000020198524,0.0,True,ok,4504,4504
1772,92,9.200000000000001,14,215381.0853156,215381.0943163,8.391300012590364,9.00069999624975,4.760100011480972,2.253400016343221,0.0,True,ok,4602,4602
1773,93,9.3,14,215381.1184545,215381.1272488,8.156399999279529,8.794299996225163,4.709000000730157,2.114400005666539,0.0,True,ok,4719,4719
1774,94,9.4,14,215381.1517581,215381.1624848,9.681399998953566,10.726700013037771,5.640200019115582,2.7211999986320734,0.0,True,ok,4623,4623
1775,95,9.5,14,215381.185245,215381.19409,8.255799999460578,8.845000003930181,4.69970001722686,2.2502999927382916,0.0,True,ok,4555,4555
1776,96,9.600000000000001,14,215381.2186821,215381.2277602,8.25840001925826,9.078100003534928,4.68929999624379,2.2560000070370734,0.0,True,ok,4902,4902
1777,97,9.700000000000001,14,215381.2519904,215381.2610561,8.048899995628744,9.065699996426702,4.4493000023067,1.984399976208806,0.0,True,ok,4793,4793
1778,98,9.8,14,215381.285184,215381.2939877,8.33689997671172,8.80369998048991,4.817200009711087,2.150499989511445,0.0,True,ok,4857,4857
1779,99,9.9,14,215381.3184441,215381.3272869,8.369199989829212,8.842799987178296,5.035199981648475,2.029199997195974,0.0,True,ok,4985,4985
1780,100,10.0,14,215381.3519486,215381.3612178,8.07320000603795,9.269200003473088,4.728200001409277,2.007900009630248,0.0,True,ok,4973,4973
1781,101,10.100000000000001,14,215381.3851297,215381.3938945,8.192900015274063,8.764800004428253,4.762199998367578,2.0927999867126346,0.0,True,ok,4507,4507
1782,102,10.200000000000001,14,215381.4184907,215381.428444,8.967100002337247,9.95330000296235,5.857599986484274,1.861199998529628,0.0,True,ok,4834,4834
1783,103,10.3,14,215381.4521834,215381.4619288,9.145200019702315,9.745400020619854,5.713599995942786,2.1567000076174736,0.0,True,ok,4943,4943
1784,104,10.4,14,215381.4851878,215381.4939254,8.061999978963286,8.737600001040846,4.7002999926917255,1.9246000156272203,0.0,True,ok,5082,5082
1785,105,10.5,14,215381.5184301,215381.5271101,8.125299995299429,8.679999999003485,4.658500023651868,2.194100001361221,0.0,True,ok,4986,4986
1786,106,10.600000000000001,14,215381.5517756,215381.5604652,8.21410000207834,8.68959998479113,4.877900006249547,2.051000017672777,0.0,True,ok,5037,5037
1787,107,10.700000000000001,14,215381.5851982,215381.5940312,8.222599979490042,8.832999999867752,4.849999997531995,2.0751999982167035,0.0,True,ok,5162,5162
1788,108,10.8,14,215381.6188325,215381.6289821,9.686899982625619,10.149599984288216,5.803899985039607,2.6351000124122947,33.63430002355017,True,ok,4884,4884
1789,109,10.9,14,215381.6522143,215381.6617807,9.099099988816306,9.566399996401742,5.791500007035211,2.026700007263571,0.0,True,ok,4890,4890
1790,110,11.0,14,215381.6852518,215381.6942103,8.22719998541288,8.958499995060265,4.756199981784448,2.228899975307286,0.0,True,ok,4848,4848
1791,111,11.100000000000001,14,215381.7185277,215381.7269418,7.901200006017461,8.41410001157783,4.591800010530278,2.035099983913824,0.0,True,ok,5030,5030
1792,112,11.200000000000001,14,215381.7519454,215381.7624226,10.09699999121949,10.477200004970655,5.953899992164224,2.8091999993193895,33.41770000406541,True,ok,5114,5114
1793,113,11.3,14,215381.7853169,215381.7949982,9.179099986795336,9.681299998192117,5.11009999900125,2.7423000137787312,0.0,True,ok,5293,5293
1794,114,11.4,14,215381.8185014,215381.8275019,8.340100001078099,9.000499994726852,4.856399988057092,2.2108999837655574,0.0,True,ok,5423,5423
1795,115,11.5,14,215381.8520948,215381.862165,9.335100010503083,10.070199990877882,5.8868000051006675,2.1675999742001295,0.0,True,ok,5340,5340
1796,116,11.600000000000001,14,215381.8851591,215381.8944724,8.840199996484444,9.31329999002628,5.325100006302819,2.217100001871586,0.0,True,ok,5279,5279
1797,117,11.700000000000001,14,215381.9183151,215381.9291858,10.366500006057322,10.870700003579259,5.804800020996481,3.102100017713383,0.0,True,ok,5498,5498
1798,118,11.8,14,215381.9520435,215381.9612932,8.68080000509508,9.24970000050962,5.104499985463917,2.262099995277822,0.0,True,ok,5517,5517
1799,119,11.9,14,215381.9850423,215381.9940753,8.380299987038597,9.033000009367242,4.895399993984029,2.2122000227682292,0.0,True,ok,5266,5266
1800,0,0.0,15,215382.021042,215382.0301103,8.527199999662116,9.068299987120554,4.965700005413964,2.3018000065349042,0.0,True,ok,4708,4708
1801,1,0.1,15,215382.0518961,215382.0608361,8.265199983725324,8.93999999971129,4.789300000993535,2.0296000002417713,0.0,True,ok,4681,4681
1802,2,0.2,15,215382.0853608,215382.0940239,8.037299994612113,8.663099986733869,4.660700011299923,2.086399996187538,0.0,True,ok,4360,4360
1803,3,0.30000000000000004,15,215382.1185274,215382.1275107,8.308999997097999,8.983300009276718,4.7627000021748245,2.24609998986125,0.0,True,ok,4532,4532
1804,4,0.4,15,215382.1516561,215382.1601619,7.84510001540184,8.50580001133494,4.661699989810586,1.8950000230688602,0.0,True,ok,4533,4533
1805,5,0.5,15,215382.1851089,215382.1941426,8.527600002707914,9.033699985593557,4.930600000079721,2.28459999198094,0.0,True,ok,4334,4334
1806,6,0.6000000000000001,15,215382.2183422,215382.2268408,7.905200007371604,8.498599985614419,4.696000018157065,1.9297999970149249,0.0,True,ok,4462,4462
1807,7,0.7000000000000001,15,215382.2517873,215382.2615189,9.126199991442263,9.731600002851337,5.6708999909460545,2.178099995944649,0.0,True,ok,4479,4479
1808,8,0.8,15,215382.2850903,215382.2937174,8.121499995468184,8.627100003650412,4.878600011579692,1.8672999867703766,0.0,True,ok,4534,4534
1809,9,0.9,15,215382.3185157,215382.3272505,8.265700016636401,8.734800008824095,4.962100007105619,2.0711000252049416,0.0,True,ok,4491,4491
1810,10,1.0,15,215382.3519601,215382.3616037,8.23189999209717,9.643600002164021,4.692499991506338,2.2533999872393906,0.0,True,ok,4600,4600
1811,11,1.1,15,215382.3851143,215382.393882,8.036400016862899,8.767699997406453,4.757999995490536,1.9846000068355352,0.0,True,ok,4781,4781
1812,12,1.2000000000000002,15,215382.4187114,215382.427674,8.472100016660988,8.962599997175857,5.189299990888685,2.019600011408329,0.0,True,ok,5044,5044
1813,13,1.3,15,215382.45192,215382.4614889,8.832799998344854,9.568900015437976,4.582300025504082,2.9637999832630157,0.0,True,ok,4620,4620
1814,14,1.4000000000000001,15,215382.4854619,215382.4943788,8.209100022213534,8.916899998439476,4.5486000017262995,2.0477999933063984,0.0,True,ok,4785,4785
1815,15,1.5,15,215382.5190538,215382.5275291,7.918500021332875,8.475300011923537,4.676300013670698,1.9577000057324767,0.0,True,ok,5045,5045
1816,16,1.6,15,215382.5517616,215382.561019,8.600299974204972,9.257399971829727,4.883999994490296,2.3694000265095383,0.0,True,ok,5382,5382
1817,17,1.7000000000000002,15,215382.5854776,215382.5939059,7.8541999973822385,8.428300003288314,4.516899993177503,2.0321999909356236,0.0,True,ok,5312,5312
1818,18,1.8,15,215382.6184659,215382.6274068,8.300699992105365,8.940899977460504,4.971599992131814,1.982499990845099,0.0,True,ok,5363,5363
1819,19,1.9000000000000001,15,215382.6521058,215382.66049,7.899700023699552,8.384200016735122,4.5307000109460205,2.0417000050656497,0.0,True,ok,5455,5455
1820,20,2.0,15,215382.6851777,215382.6936107,7.935400004498661,8.432999980868772,4.442400007974356,2.192899992223829,0.0,True,ok,5508,5508
1821,21,2.1,15,215382.7186171,215382.7275981,8.48799999221228,8.980999991763383,4.960799997206777,2.0554999937303364,0.0,True,ok,5300,5300
1822,22,2.2,15,215382.7520546,215382.7608173,8.11620001331903,8.762700017541647,4.361200000857934,2.307599992491305,0.0,True,ok,5384,5384
1823,23,2.3000000000000003,15,215382.7855003,215382.7941824,7.985399977769703,8.68209998589009,4.324100009398535,2.298600011272356,0.0,True,ok,5355,5355
1824,24,2.4000000000000004,15,215382.8185891,215382.8276284,8.345000009285286,9.03929999913089,4.85680002020672,2.190400002291426,0.0,True,ok,5072,5072
1825,25,2.5,15,215382.8519333,215382.8614855,8.449200016912073,9.552200004691258,4.954599979100749,2.224199997726828,0.0,True,ok,4851,4851
1826,26,2.6,15,215382.8855278,215382.894785,8.126000000629574,9.257199999410659,4.755700007081032,2.059899998130277,0.0,True,ok,4933,4933
1827,27,2.7,15,215382.9185512,215382.9267973,7.696099986787885,8.246099983807653,4.589799995301291,1.882700016722083,0.0,True,ok,4889,4889
1828,28,2.8000000000000003,15,215382.952035,215382.9615643,9.038799995323643,9.529300004942343,5.567699990933761,2.2034999856259674,0.0,True,ok,4508,4508
1829,29,2.9000000000000004,15,215382.9853241,215382.9940139,8.17690000985749,8.689799986314029,4.9860000144690275,1.956599997356534,0.0,True,ok,4516,4516
1830,30,3.0,15,215383.0188554,215383.0286602,8.384000015212223,9.804800007259473,5.028999992646277,2.068200003122911,0.0,True,ok,4326,4326
1831,31,3.1,15,215383.0518494,215383.0601976,7.627599989064038,8.348199975444004,4.326700000092387,1.902199990581721,0.0,True,ok,4407,4407
1832,32,3.2,15,215383.0854984,215383.0939145,7.97700000111945,8.416099997702986,4.870900011155754,1.9148999999742955,0.0,True,ok,4113,4113
1833,33,3.3000000000000003,15,215383.1184279,215383.1274551,8.44960001995787,9.027200023410842,4.989000008208677,2.2511999995913357,0.0,True,ok,4211,4211
1834,34,3.4000000000000004,15,215383.1520433,215383.1613711,8.322799985762686,9.327799984021112,5.109899997478351,2.0081999828107655,0.0,True,ok,4198,4198
1835,35,3.5,15,215383.185243,215383.1941367,8.229700004449114,8.893699996406212,4.776100016897544,2.2424999915529042,0.0,True,ok,4125,4125
1836,36,3.6,15,215383.2184434,215383.2291213,9.976200002711266,10.67790001980029,4.583499976433814,4.1809999966062605,0.0,True,ok,4267,4267
1837,37,3.7,15,215383.2518776,215383.2610413,8.694199990713969,9.16369998594746,5.536700016818941,2.0179999992251396,0.0,True,ok,3805,3805
1838,38,3.8000000000000003,15,215383.2853354,215383.2946154,8.65999999223277,9.279999998398125,4.965800006175414,2.3102999839466065,0.0,True,ok,3921,3921
1839,39,3.9000000000000004,15,215383.318428,215383.3279459,8.834000007482246,9.51790000544861,4.859000007854775,2.8368000057525933,0.0,True,ok,3864,3864
1840,40,4.0,15,215383.3519678,215383.3613121,8.602799993241206,9.344299993244931,5.474400008097291,1.9807000062428415,0.0,True,ok,3828,3828
1841,41,4.1000000000000005,15,215383.3853333,215383.3961219,9.655900008510798,10.788600018713623,5.412400001659989,3.0285000102594495,0.0,True,ok,3659,3659
1842,42,4.2,15,215383.418545,215383.427256,8.108199981506914,8.711000002222136,4.4889999844599515,2.3824000090826303,0.0,True,ok,3989,3989
1843,43,4.3,15,215383.4519055,215383.4601031,7.67469999846071,8.19759999285452,4.480800009332597,2.02829999034293,0.0,True,ok,4294,4294
1844,44,4.4,15,215383.4850348,215383.4939758,8.245000004535541,8.941000007325783,4.8285000084433705,2.2317999973893166,0.0,True,ok,4623,4623
1845,45,4.5,15,215383.5188593,215383.528033,8.683399995788932,9.173700003884733,5.0477999902796,2.4237000034190714,0.0,True,ok,4708,4708
1846,46,4.6000000000000005,15,215383.5517775,215383.559926,7.564699975773692,8.148499997332692,4.427400010172278,1.8381999980192631,0.0,True,ok,4834,4834
1847,47,4.7,15,215383.5852377,215383.5936113,7.831599999917671,8.373599994229153,4.301700013456866,2.359500009333715,0.0,True,ok,4677,4677
1848,48,4.800000000000001,15,215383.6183816,215383.6268024,8.022699999855831,8.420799975283444,4.712000023573637,2.182099997298792,0.0,True,ok,4591,4591
1849,49,4.9,15,215383.6517359,215383.6617852,9.486900002229959,10.049300006357953,6.138100026873872,2.0283999911043793,0.0,True,ok,4442,4442
1850,50,5.0,15,215383.6854042,215383.6941169,8.174999995389953,8.712700015166774,4.810000013094395,2.228199999080971,0.0,True,ok,4408,4408
1851,51,5.1000000000000005,15,215383.718381,215383.7269274,7.938800001284108,8.546400000341237,4.614200006471947,2.150999993318692,0.0,True,ok,4418,4418
1852,52,5.2,15,215383.7520338,215383.7611099,8.409899979596958,9.076099988305941,5.326999991666526,1.974499988136813,0.0,True,ok,4600,4600
1853,53,5.300000000000001,15,215383.7851571,215383.7940088,8.224899997003376,8.851699996739626,4.843799979425967,2.097199991112575,0.0,True,ok,4489,4489
1854,54,5.4,15,215383.818396,215383.8275667,8.694799995282665,9.170700010145083,4.946000000927597,2.379599987762049,0.0,True,ok,4625,4625
1855,55,5.5,15,215383.8519998,215383.8619864,8.613300014985725,9.986599994590506,5.318300012731925,2.1339000086300075,0.0,True,ok,4379,4379
1856,56,5.6000000000000005,15,215383.8850678,215383.8935766,8.013300015591085,8.50880000507459,4.932499985443428,1.9159999792464077,0.0,True,ok,4212,4212
1857,57,5.7,15,215383.9187627,215383.9280263,8.330800017574802,9.263600019039586,4.945199994836003,2.210000006016344,0.0,True,ok,4229,4229
1858,58,5.800000000000001,15,215383.9519814,215383.9613932,8.35030002053827,9.411800012458116,5.055399989942089,2.1135999995749444,0.0,True,ok,4294,4294
1859,59,5.9,15,215383.9854447,215383.994362,8.297699998365715,8.917300001485273,4.815799999050796,2.223500021500513,0.0,True,ok,4337,4337
1860,60,6.0,15,215384.0186177,215384.0274214,8.209000021452084,8.80370000959374,4.825800016988069,2.133700007107109,0.0,True,ok,4334,4334
1861,61,6.1000000000000005,15,215384.0517147,215384.060732,8.279000001493841,9.017300006235018,4.815000022063032,2.152599976398051,0.0,True,ok,4169,4169
1862,62,6.2,15,215384.0851912,215384.0940047,8.123299980070442,8.813499996904284,4.7417000168934464,2.1123999904375523,0.0,True,ok,4172,4172
1863,63,6.300000000000001,15,215384.118747,215384.1272663,7.92949998867698,8.51929999771528,4.678700002841651,2.1541000169236213,0.0,True,ok,4147,4147
1864,64,6.4,15,215384.1516937,215384.1618088,9.47060002363287,10.115100012626499,6.137699994724244,2.1690000139642507,0.0,True,ok,4178,4178
1865,65,6.5,15,215384.1853236,215384.1938584,7.899499993072823,8.534799999324605,4.818299988983199,1.9331999938003719,0.0,True,ok,4169,4169
1866,66,6.6000000000000005,15,215384.2186914,215384.2272706,8.107800007564947,8.579200017265975,4.8322000075131655,1.993400015635416,0.0,True,ok,4168,4168
1867,67,6.7,15,215384.2521576,215384.2610229,8.376599987968802,8.865299983881414,5.306499981088564,1.9372000242583454,0.0,True,ok,4086,4086
1868,68,6.800000000000001,15,215384.2853205,215384.2944754,8.136100019328296,9.15490000625141,4.735900001833215,2.181100018788129,33.16289998474531,True,ok,4379,4379
1869,69,6.9,15,215384.3185767,215384.327118,8.138599980156869,8.54129999061115,5.005899991374463,1.936899992870167,0.0,True,ok,4282,4282
1870,70,7.0,15,215384.3517973,215384.3615816,9.173500002361834,9.784299996681511,5.972599989036098,2.036500023677945,0.0,True,ok,4247,4247
1871,71,7.1000000000000005,15,215384.3851266,215384.394867,9.259499987820163,9.740399982547387,4.746500024339184,3.1568999984301627,0.0,True,ok,4354,4354
1872,72,7.2,15,215384.4189753,215384.427562,7.945099991047755,8.586699987063184,4.593799996655434,2.062000014120713,0.0,True,ok,4628,4628
1873,73,7.300000000000001,15,215384.4520359,215384.459999,7.390600017970428,7.963100011693314,4.436600022017956,1.8396999803371727,0.0,True,ok,4287,4287
1874,74,7.4,15,215384.4850136,215384.4949164,8.582699985709041,9.902799996780232,5.414599989308044,1.955600018845871,0.0,True,ok,4455,4455
1875,75,7.5,15,215384.5184792,215384.5272684,8.141700003761798,8.789200015598908,4.848799988394603,1.9975000177510083,0.0,True,ok,4560,4560
1876,76,7.6000000000000005,15,215384.5518055,215384.559878,7.571099995402619,8.072500000707805,4.44039999274537,1.9385000050533563,0.0,True,ok,4662,4662
1877,77,7.7,15,215384.5854012,215384.593617,7.731299992883578,8.215800015022978,4.5649999810848385,2.0129000185988843,0.0,True,ok,4381,4381
1878,78,7.800000000000001,15,215384.6185021,215384.6281465,9.249199996702373,9.644400008255616,6.126899999799207,1.9395999843254685,0.0,True,ok,4350,4350
1879,79,7.9,15,215384.6520825,215384.6606062,7.885300001362339,8.52370000211522,4.6341999841388315,2.06679999246262,0.0,True,ok,4058,4058
1880,80,8.0,15,215384.6851963,215384.6941495,8.137600001646206,8.95319998380728,4.961400001775473,1.981899986276403,0.0,True,ok,4074,4074
1881,81,8.1,15,215384.7187012,215384.7269419,7.765999995172024,8.24070000089705,4.641800012905151,1.9943999941460788,0.0,True,ok,4080,4080
1882,82,8.200000000000001,15,215384.7518103,215384.759885,7.606300001498312,8.07470001745969,4.502100026002154,1.9611000025179237,0.0,True,ok,4288,4288
1883,83,8.3,15,215384.7849877,215384.7930803,7.675700006075203,8.09260000823997,4.481200012378395,2.0699000160675496,0.0,True,ok,4269,4269
1884,84,8.4,15,215384.8187001,215384.8275744,8.262699993792921,8.874299994204193,4.956399992806837,2.090399997541681,0.0,True,ok,3996,3996
1885,85,8.5,15,215384.851705,215384.8602011,7.9987999924924225,8.496099995682016,4.680899990489706,2.164999983506277,0.0,True,ok,4318,4318
1886,86,8.6,15,215384.8853174,215384.8936452,7.806100009474903,8.327799994731322,4.53959999140352,1.9468999817036092,0.0,True,ok,4410,4410
1887,87,8.700000000000001,15,215384.9187876,215384.9271646,7.73399998433888,8.3769999910146,4.436100018210709,1.9413999980315566,0.0,True,ok,4345,4345
1888,88,8.8,15,215384.9520359,215384.9602291,7.810699986293912,8.19319998845458,4.738999996334314,1.9631999894045293,0.0,True,ok,3995,3995
1889,89,8.9,15,215384.9854017,215384.9939427,7.840800011763349,8.541000017430633,4.7052000008989125,1.9799000001512468,0.0,True,ok,4114,4114
1890,90,9.0,15,215385.018414,215385.0271048,8.176700008334592,8.690800023032352,5.002400022931397,1.9968999840784818,0.0,True,ok,4407,4407
1891,91,9.1,15,215385.0520126,215385.0606727,7.749100012006238,8.660099992994219,4.457100003492087,2.0872000022791326,0.0,True,ok,4504,4504
1892,92,9.200000000000001,15,215385.0852688,215385.093421,7.767300005070865,8.152199996402487,4.428900021594018,2.222799987066537,0.0,True,ok,4602,4602
1893,93,9.3,15,215385.1186192,215385.1286406,9.564600011799484,10.021400026744232,4.996299976482987,2.8101000061724335,0.0,True,ok,4719,4719
1894,94,9.4,15,215385.1518031,215385.1608892,8.584600000176579,9.086100006243214,4.817899985937402,2.3264999908860773,0.0,True,ok,4623,4623
1895,95,9.5,15,215385.1853215,215385.1942768,8.217599999625236,8.955299999797717,4.592399985995144,2.393599977949634,0.0,True,ok,4555,4555
1896,96,9.600000000000001,15,215385.2186414,215385.2282823,8.946499990997836,9.64090001070872,5.535699980100617,2.205199998570606,0.0,True,ok,4902,4902
1897,97,9.700000000000001,15,215385.2518709,215385.2605167,8.084699977189302,8.645799971418455,4.6565999800805,1.9789999932982028,0.0,True,ok,4793,4793
1898,98,9.8,15,215385.2852222,215385.2941739,8.539600006770343,8.951700001489371,5.419499997515231,1.9272000063210726,0.0,True,ok,4857,4857
1899,99,9.9,15,215385.3184591,215385.3277984,8.857399981934577,9.339299984276295,5.695799976820126,1.9421999750193208,0.0,True,ok,4985,4985
1900,100,10.0,15,215385.3518982,215385.3617788,9.30309999966994,9.880600002361462,5.901899974560365,2.007300005061552,0.0,True,ok,4973,4973
1901,101,10.100000000000001,15,215385.3853605,215385.3940185,8.160900004440919,8.658000006107613,4.863700014539063,2.069499983917922,0.0,True,ok,4507,4507
1902,102,10.200000000000001,15,215385.4184317,215385.427118,8.110800001304597,8.686299988767132,4.935100005241111,1.9256999948993325,0.0,True,ok,4834,4834
1903,103,10.3,15,215385.4519597,215385.4618065,9.2898000148125,9.84680000692606,6.063300010282546,1.9529999990481883,0.0,True,ok,4943,4943
1904,104,10.4,15,215385.485238,215385.4939417,8.195000002160668,8.703700004843995,4.927600006340072,1.9814999832306057,0.0,True,ok,5082,5082
1905,105,10.5,15,215385.5185522,215385.5274053,8.285399992018938,8.853100007399917,4.838999971980229,2.2160999942570925,0.0,True,ok,4986,4986
1906,106,10.600000000000001,15,215385.5519266,215385.5602284,7.5619999843183905,8.301800000481308,4.3323999852873385,2.0072000043001026,0.0,True,ok,5037,5037
1907,107,10.700000000000001,15,215385.5849435,215385.5933525,7.803499989677221,8.409000001847744,4.573499987600371,1.9896000158041716,0.0,True,ok,5162,5162
1908,108,10.8,15,215385.6184636,215385.6281643,9.17269999627024,9.700700000394136,5.824499996379018,2.109400025801733,0.0,True,ok,4884,4884
1909,109,10.9,15,215385.6517945,215385.6609112,8.681799983605742,9.116699977312237,4.871999990427867,2.28169999900274,0.0,True,ok,4890,4890
1910,110,11.0,15,215385.6853888,215385.6940342,8.16949998261407,8.645399997476488,4.821899987291545,2.1419999829959124,0.0,True,ok,4848,4848
1911,111,11.100000000000001,15,215385.7184896,215385.7269137,7.943200005684048,8.424100000411272,4.795399989234284,1.9243999850004911,0.0,True,ok,5030,5030
1912,112,11.200000000000001,15,215385.7518497,215385.7599703,7.73990000016056,8.12059998861514,4.543799994280562,1.978799991775304,0.0,True,ok,5114,5114
1913,113,11.3,15,215385.7854269,215385.7945906,8.022299996810034,9.16370001505129,4.577000014251098,2.1099000005051494,0.0,True,ok,5293,5293
1914,114,11.4,15,215385.8183883,215385.827276,8.361499989405274,8.887700008926913,4.869099997449666,2.2173000033944845,0.0,True,ok,5423,5423
1915,115,11.5,15,215385.8519627,215385.8606886,8.216599992010742,8.725899999262765,4.728600004455075,2.166699996450916,0.0,True,ok,5340,5340
1916,116,11.600000000000001,15,215385.8849264,215385.8937654,8.287799981189892,8.838999987347052,4.711200017482042,2.2557000047527254,0.0,True,ok,5279,5279
1917,117,11.700000000000001,15,215385.9183554,215385.9272204,8.273699990240857,8.864999981597066,4.746199992951006,2.2207000001799315,0.0,True,ok,5498,5498
1918,118,11.8,15,215385.9519167,215385.9606628,8.224699995480478,8.746100007556379,4.625199973816052,2.2081999923102558,0.0,True,ok,5517,5517
1919,119,11.9,15,215385.9850514,215385.9944141,8.880299981683493,9.362699987832457,4.948199988575652,2.450900006806478,0.0,True,ok,5266,5266
1920,0,0.0,16,215386.0217792,215386.0303293,8.046800008742139,8.550099999411032,4.597099992679432,2.222099981736392,0.0,True,ok,4708,4708
1921,1,0.1,16,215386.0518282,215386.0605184,8.167199994204566,8.690199989359826,4.783400014275685,2.003000001423061,0.0,True,ok,4681,4681
1922,2,0.2,16,215386.0853561,215386.0953912,9.399700007634237,10.035100014647469,5.483000015374273,2.4101999879349023,0.0,True,ok,4360,4360
1923,3,0.30000000000000004,16,215386.118339,215386.1276802,8.781300013652071,9.341199998743832,4.885500005912036,2.29350000154227,0.0,True,ok,4532,4532
1924,4,0.4,16,215386.151871,215386.1607464,8.21400000131689,8.875400002580136,4.7553000040352345,2.136900002369657,0.0,True,ok,4533,4533
1925,5,0.5,16,215386.1853279,215386.1943144,8.430699992459267,8.986500004539266,4.876699997112155,2.2778999991714954,0.0,True,ok,4334,4334
1926,6,0.6000000000000001,16,215386.2184943,215386.2276183,8.64220000221394,9.124000003794208,5.135400017024949,2.1053999953437597,0.0,True,ok,4462,4462
1927,7,0.7000000000000001,16,215386.2520577,215386.262308,9.1563000169117,10.250299994368106,5.678799992892891,2.2142000088933855,33.563400007551536,True,ok,4479,4479
1928,8,0.8,16,215386.2852025,215386.2939489,8.217300026444718,8.746400009840727,4.757899994729087,2.1019999985583127,0.0,True,ok,4534,4534
1929,9,0.9,16,215386.3187228,215386.3274742,8.046699978876859,8.751399989705533,4.726800019852817,2.088299981551245,0.0,True,ok,4491,4491
1930,10,1.0,16,215386.351722,215386.3605492,8.159100019838661,8.827200013911352,4.643899999791756,2.2520000056829304,0.0,True,ok,4600,4600
1931,11,1.1,16,215386.3851139,215386.3940448,8.435199997620657,8.930899988627061,4.904700006591156,2.0154000085312873,0.0,True,ok,4781,4781
1932,12,1.2000000000000002,16,215386.4183909,215386.4273387,8.46440001623705,8.947800000896677,4.7747000062372535,2.362100000027567,0.0,True,ok,5044,5044
1933,13,1.3,16,215386.4517672,215386.4604417,8.063999994192272,8.674500015331432,4.584800015436485,2.203999989433214,0.0,True,ok,4620,4620
1934,14,1.4000000000000001,16,215386.4852653,215386.494225,8.22590000461787,8.959700004197657,4.73369998508133,2.1658999903593212,0.0,True,ok,4785,4785
1935,15,1.5,16,215386.5187767,215386.5274194,8.121099992422387,8.642700006021187,4.716900002676994,2.0195999823044986,0.0,True,ok,5045,5045
1936,16,1.6,16,215386.5516591,215386.5608919,8.200400014175102,9.232800017343834,4.531599988695234,2.0896999922115356,32.88240000256337,True,ok,5382,5382
1937,17,1.7000000000000002,16,215386.5852201,215386.5940848,8.357399987289682,8.864699979312718,4.857699997955933,2.0619999850168824,0.0,True,ok,5312,5312
1938,18,1.8,16,215386.6186813,215386.6275178,8.303899987367913,8.836499997414649,4.721199977211654,2.1157000155653805,0.0,True,ok,5363,5363
1939,19,1.9000000000000001,16,215386.6520955,215386.6615077,8.509199979016557,9.412199986400083,4.543599992757663,2.5160999794024974,0.0,True,ok,5455,5455
1940,20,2.0,16,215386.6851909,215386.6938626,8.203199977288023,8.67169999401085,4.5399999944493175,2.2601000091526657,0.0,True,ok,5508,5508
1941,21,2.1,16,215386.7182266,215386.727048,8.317200001329184,8.82139999885112,4.876699997112155,2.0382000075187534,33.03570000571199,True,ok,5300,5300
1942,22,2.2,16,215386.7520201,215386.7614055,8.443900005659088,9.385400015162304,4.786700010299683,2.271500008646399,0.0,True,ok,5384,5384
1943,23,2.3000000000000003,16,215386.7850247,215386.7938916,8.385600027395412,8.866900025168434,4.818799992790446,2.1699999924749136,0.0,True,ok,5355,5355
1944,24,2.4000000000000004,16,215386.8187832,215386.828033,8.503399993060157,9.249800001271069,4.811300022993237,2.3116999946068972,0.0,True,ok,5072,5072
1945,25,2.5,16,215386.8520469,215386.8608577,8.299000008264557,8.810800005448982,4.695100011304021,2.185799996368587,0.0,True,ok,4851,4851
1946,26,2.6,16,215386.8850783,215386.8949333,8.671200019307435,9.855000011157244,4.823600000236183,2.2384999901987612,0.0,True,ok,4933,4933
1947,27,2.7,16,215386.9189387,215386.9282145,8.738999982597306,9.275799995521083,5.32639998709783,2.064300002530217,0.0,True,ok,4889,4889
1948,28,2.8000000000000003,16,215386.951897,215386.9614596,9.177799976896495,9.562599996570498,5.668900004820898,2.1935000258963555,0.0,True,ok,4508,4508
1949,29,2.9000000000000004,16,215386.9852482,215386.9938325,8.108000009087846,8.58429999789223,4.598100000293925,2.1241999929770827,0.0,True,ok,4516,4516
1950,30,3.0,16,215387.018658,215387.0287662,8.622099994681776,10.108200018294156,5.337299982784316,1.9880000036209822,0.0,True,ok,4326,4326
1951,31,3.1,16,215387.0519988,215387.0612241,8.12060001771897,9.225300018442795,4.730999993626028,2.1071999799460173,0.0,True,ok,4407,4407
1952,32,3.2,16,215387.0850331,215387.0935892,8.1695000117179,8.556099986890331,4.733399982796982,2.0292999979574233,0.0,True,ok,4113,4113
1953,33,3.3000000000000003,16,215387.1187084,215387.1275507,8.388500020373613,8.84230001247488,5.075699998997152,2.0305999787524343,0.0,True,ok,4211,4211
1954,34,3.4000000000000004,16,215387.1518119,215387.161739,9.246200002962723,9.927100007189438,5.8129999961238354,2.1757000067736953,0.0,True,ok,4198,4198
1955,35,3.5,16,215387.1852735,215387.1951465,9.398199996212497,9.872999973595142,5.849000008311123,2.2653999913018197,0.0,True,ok,4125,4125
1956,36,3.6,16,215387.2184636,215387.2273941,8.478599978843704,8.930499985581264,5.125700001372024,2.132299996446818,0.0,True,ok,4267,4267
1957,37,3.7,16,215387.2520649,215387.2607035,7.887300016591325,8.638600003905594,4.595800011884421,2.048299997113645,0.0,True,ok,3805,3805
1958,38,3.8000000000000003,16,215387.285407,215387.293523,7.709800003794953,8.116000011796132,4.515100008575246,1.9976999901700765,0.0,True,ok,3921,3921
1959,39,3.9000000000000004,16,215387.3187015,215387.3275846,8.200499985832721,8.883100003004074,4.7691999934613705,2.1899999992456287,0.0,True,ok,3864,3864
1960,40,4.0,16,215387.3516977,215387.3606884,8.500900003127754,8.990699978312477,5.14710001880303,2.1348000154830515,0.0,True,ok,3828,3828
1961,41,4.1000000000000005,16,215387.3850692,215387.3942512,8.577899978263304,9.181999979773536,4.897200007690117,2.4739000073168427,0.0,True,ok,3659,3659
1962,42,4.2,16,215387.4186559,215387.4273829,8.121799997752532,8.727000007638708,4.6968999959062785,2.1770999883301556,0.0,True,ok,3989,3989
1963,43,4.3,16,215387.4518027,215387.4613448,8.893499994883314,9.542099985992536,5.546900007175282,1.9870999967679381,0.0,True,ok,4294,4294
1964,44,4.4,16,215387.4853399,215387.4957847,9.887699998216704,10.444799991091713,6.242500006919727,2.283300011185929,0.0,True,ok,4623,4623
1965,45,4.5,16,215387.5182909,215387.5278188,9.045700018759817,9.527899994282052,5.230400012806058,2.4688999983482063,0.0,True,ok,4708,4708
1966,46,4.6000000000000005,16,215387.5517106,215387.5619789,9.535199991660193,10.268299985909835,6.18419999955222,2.035900019109249,0.0,True,ok,4834,4834
1967,47,4.7,16,215387.5851176,215387.5946796,8.59179999679327,9.561999992001802,5.151199991814792,2.135399990947917,0.0,True,ok,4677,4677
1968,48,4.800000000000001,16,215387.6188069,215387.627814,8.410700014792383,9.007100015878677,5.015799979446456,2.132599998731166,0.0,True,ok,4591,4591
1969,49,4.9,16,215387.6517886,215387.6618409,9.626199986087158,10.052300000097603,6.352800002787262,1.9998000061605126,0.0,True,ok,4442,4442
1970,50,5.0,16,215387.685373,215387.6943803,8.290300000226125,9.007300017401576,4.746699996758252,2.181199990445748,0.0,True,ok,4408,4408
1971,51,5.1000000000000005,16,215387.7184434,215387.7276128,8.480299991788343,9.169400000246242,4.810400016140193,2.164200006518513,0.0,True,ok,4418,4418
1972,52,5.2,16,215387.7520299,215387.7621653,9.68379998812452,10.135399992577732,6.202099990332499,2.150199987227097,0.0,True,ok,4600,4600
1973,53,5.300000000000001,16,215387.7850818,215387.7936205,8.154299983289093,8.538699999917299,4.935500008286908,1.9866999937221408,0.0,True,ok,4489,4489
1974,54,5.4,16,215387.8187579,215387.827886,8.678600017447025,9.1281000059098,5.112299986649305,2.2720999841112643,0.0,True,ok,4625,4625
1975,55,5.5,16,215387.8519094,215387.8622834,9.823400003369898,10.374000004958361,6.338200008030981,2.2099000052548945,0.0,True,ok,4379,4379
1976,56,5.6000000000000005,16,215387.8850366,215387.8943556,8.860900008585304,9.319000004325062,4.992299975128844,2.331600000616163,0.0,True,ok,4212,4212
1977,57,5.7,16,215387.9185038,215387.9275016,8.306400006404147,8.99780000327155,4.826899996260181,2.234699990367517,0.0,True,ok,4229,4229
1978,58,5.800000000000001,16,215387.9516907,215387.960479,8.403000014368445,8.788300008745864,4.521399998338893,2.4933999811764807,33.18689999287017,True,ok,4294,4294
1979,59,5.9,16,215387.9850491,215387.9936749,8.123100007651374,8.62579999375157,4.727999999886379,2.036599995335564,0.0,True,ok,4337,4337
1980,60,6.0,16,215388.0185618,215388.0276766,8.47329999669455,9.11479999194853,4.894799989415333,2.3076000215951353,0.0,True,ok,4334,4334
1981,61,6.1000000000000005,16,215388.0517028,215388.0615254,9.246300003724173,9.822599997278303,4.8251000116579235,3.122900001471862,0.0,True,ok,4169,4169
1982,62,6.2,16,215388.0850554,215388.0937771,8.078100014245138,8.721699996385723,4.725700011476874,2.031699987128377,0.0,True,ok,4172,4172
1983,63,6.300000000000001,16,215388.1183601,215388.1271805,8.411800023168325,8.820400020340458,5.058499984443188,2.080899983411655,0.0,True,ok,4147,4147
1984,64,6.4,16,215388.1520117,215388.1620297,9.354100009659305,10.018000000854954,5.933000007644296,2.181199990445748,0.0,True,ok,4178,4178
1985,65,6.5,16,215388.185152,215388.1943393,8.720000012544915,9.187300020130351,5.082499992568046,2.315299992915243,0.0,True,ok,4169,4169
1986,66,6.6000000000000005,16,215388.2184415,215388.2272806,8.181699988199398,8.8390999881085,4.858599975705147,2.0392999867908657,0.0,True,ok,4168,4168
1987,67,6.7,16,215388.2520974,215388.2610461,8.246999990660697,8.948700007749721,4.753599991090596,1.9931999850086868,0.0,True,ok,4086,4086
1988,68,6.800000000000001,16,215388.2852631,215388.29396,8.29399999929592,8.696900011273101,4.762199998367578,2.2203999978955835,0.0,True,ok,4379,4379
1989,69,6.9,16,215388.3185253,215388.3272293,8.227899990743026,8.703999978024513,4.886999988229945,1.8321999814361334,0.0,True,ok,4282,4282
1990,70,7.0,16,215388.3516324,215388.3605863,8.262199989985675,8.953899989137426,4.674900003010407,2.204299991717562,0.0,True,ok,4247,4247
1991,71,7.1000000000000005,16,215388.3852249,215388.393933,8.159500022884458,8.708100009243935,4.744600009871647,2.0911000028718263,0.0,True,ok,4354,4354
1992,72,7.2,16,215388.4190364,215388.4300378,10.123099986230955,11.001399980159476,6.825600023148581,1.973299978999421,0.0,True,ok,4628,4628
1993,73,7.300000000000001,16,215388.4519218,215388.4613479,9.011600021040067,9.42610000493005,5.750400014221668,1.9533000013325363,0.0,True,ok,4287,4287
1994,74,7.4,16,215388.4853879,215388.4946757,8.830800012219697,9.287799999583513,4.9239000072702765,2.5095999881159514,0.0,True,ok,4455,4455
1995,75,7.5,16,215388.5184672,215388.5271575,8.22889999835752,8.690300019225106,4.810299986274913,1.9540000066626817,33.07929998845793,True,ok,4560,4560
1996,76,7.6000000000000005,16,215388.5521245,215388.5604708,7.903699995949864,8.346299990080297,4.567099997075275,1.966199983144179,0.0,True,ok,4662,4662
1997,77,7.7,16,215388.5851429,215388.5939794,8.367000002181157,8.836499997414649,4.9915999989025295,2.0484999986365438,0.0,True,ok,4381,4381
1998,78,7.800000000000001,16,215388.6184749,215388.6266963,7.652600004803389,8.22139999945648,4.370300011942163,1.946400007000193,0.0,True,ok,4350,4350
1999,79,7.9,16,215388.6520071,215388.6618684,9.05699998838827,9.861300000920892,5.760300002293661,1.9409999949857593,0.0,True,ok,4058,4058
2000,80,8.0,16,215388.6852635,215388.6941644,8.23609999497421,8.900899993022904,4.878600011579692,2.0480000239331275,0.0,True,ok,4074,4074
2001,81,8.1,16,215388.7187155,215388.7275124,8.010199991986156,8.796899986919016,4.669799993280321,2.056199999060482,0.0,True,ok,4080,4080
2002,82,8.200000000000001,16,215388.7519262,215388.7602376,7.731300021987408,8.311400015372783,4.348900023614988,1.8931000086013228,0.0,True,ok,4288,4288
2003,83,8.3,16,215388.7850891,215388.7938088,8.1814999866765,8.719699981156737,4.495800007134676,2.224500000011176,0.0,True,ok,4269,4269
2004,84,8.4,16,215388.8188007,215388.827455,8.203899982618168,8.654299977933988,4.901499982224777,2.02829999034293,0.0,True,ok,3996,3996
2005,85,8.5,16,215388.8519822,215388.8605395,8.111899980576709,8.557299996027723,4.561700014164671,2.1843000140506774,0.0,True,ok,4318,4318
2006,86,8.6,16,215388.8851055,215388.8944985,8.316899999044836,9.393000014824793,4.718600015621632,2.089799992972985,0.0,True,ok,4410,4410
2007,87,8.700000000000001,16,215388.9192747,215388.9282042,8.432700007688254,8.929500007070601,4.870200005825609,2.2129999997559935,0.0,True,ok,4345,4345
2008,88,8.8,16,215388.9520286,215388.9600845,7.543199986685067,8.055899990722537,4.519400012213737,1.7870999872684479,0.0,True,ok,3995,3995
2009,89,8.9,16,215388.9855181,215388.9943739,7.633700006408617,8.855799998855218,4.466500016860664,1.8514000112190843,0.0,True,ok,4114,4114
2010,90,9.0,16,215389.0187948,215389.0278716,8.562600007280707,9.076799993636087,5.032599990954623,2.0283999911043793,0.0,True,ok,4407,4407
2011,91,9.1,16,215389.0516599,215389.0609949,8.714299998246133,9.335000009741634,4.764300014358014,2.5724000006448478,0.0,True,ok,4504,4504
2012,92,9.200000000000001,16,215389.0855514,215389.0945207,8.304899994982406,8.969299989985302,4.772000014781952,2.1998999873176217,0.0,True,ok,4602,4602
2013,93,9.3,16,215389.1184799,215389.1287343,9.88080000388436,10.254399996483698,4.718600015621632,3.7703999842051417,0.0,True,ok,4719,4719
2014,94,9.4,16,215389.1517387,215389.1610769,8.843399991746992,9.338200005004182,5.3527000127360225,2.0554999937303364,33.25879998737946,True,ok,4623,4623
2015,95,9.5,16,215389.1854645,215389.1942425,8.130600006552413,8.777999988524243,4.658399993786588,2.12610000744462,0.0,True,ok,4555,4555
2016,96,9.600000000000001,16,215389.2183786,215389.2277138,8.382100000744686,9.335200011264533,4.6369999763555825,2.3490999883506447,0.0,True,ok,4902,4902
2017,97,9.700000000000001,16,215389.2518737,215389.260361,7.9193999990820885,8.487299986882135,4.334900004323572,2.059999998891726,0.0,True,ok,4793,4793
2018,98,9.8,16,215389.285033,215389.2936281,8.11479997355491,8.595099992817268,4.4704999891109765,2.1145000064279884,0.0,True,ok,4857,4857
2019,99,9.9,16,215389.3185732,215389.3276222,8.586700016167015,9.049000014783815,5.128799995873123,2.052600000752136,0.0,True,ok,4985,4985
2020,100,10.0,16,215389.3518176,215389.3607451,8.430000016232952,8.927500020945445,5.009599990444258,2.041200001258403,0.0,True,ok,4973,4973
2021,101,10.100000000000001,16,215389.385421,215389.3966072,10.619600012432784,11.18619999033399,4.692399990744889,4.525000025751069,0.0,True,ok,4507,4507
2022,102,10.200000000000001,16,215389.4187862,215389.4275297,8.069700008491054,8.743500016862527,4.685099993366748,2.036200021393597,0.0,True,ok,4834,4834
2023,103,10.3,16,215389.4516973,215389.4599325,7.655800000065938,8.235199988121167,4.483800003072247,1.8353000050410628,0.0,True,ok,4943,4943
2024,104,10.4,16,215389.4851137,215389.4940122,8.408000023337081,8.89850000385195,4.736600007163361,1.999900006921962,0.0,True,ok,5082,5082
2025,105,10.5,16,215389.5187761,215389.5279322,8.69409998995252,9.156099986284971,4.788100020959973,2.547899988712743,0.0,True,ok,4986,4986
2026,106,10.600000000000001,16,215389.5516485,215389.5617717,9.583200007909909,10.123200016096234,6.102299987105653,2.1038000122644007,0.0,True,ok,5037,5037
2027,107,10.700000000000001,16,215389.5852258,215389.5940114,8.295700012240559,8.785600017290562,4.815700027393177,2.027000009547919,0.0,True,ok,5162,5162
2028,108,10.8,16,215389.6185208,215389.6288951,9.993300016503781,10.37430000724271,5.643999989842996,2.27580001228489,0.0,True,ok,4884,4884
2029,109,10.9,16,215389.651651,215389.6618428,9.651000000303611,10.191800014581531,6.301900022663176,2.0488000009208918,0.0,True,ok,4890,4890
2030,110,11.0,16,215389.685414,215389.6944473,8.556899992981926,9.03329998254776,4.993999988073483,2.265199989778921,0.0,True,ok,4848,4848
2031,111,11.100000000000001,16,215389.7182882,215389.7268213,8.08649999089539,8.533099986379966,4.7027999826241285,2.060500002698973,0.0,True,ok,5030,5030
2032,112,11.200000000000001,16,215389.7521204,215389.7622683,9.709499980090186,10.147900000447407,5.989600002067164,2.2610999876633286,33.83219998795539,True,ok,5114,5114
2033,113,11.3,16,215389.7852015,215389.7943205,8.577500004321337,9.118999994825572,4.796699999133125,2.306600013980642,0.0,True,ok,5293,5293
2034,114,11.4,16,215389.8186028,215389.8282364,8.429800014710054,9.633600013330579,5.032300017774105,2.062600018689409,0.0,True,ok,5423,5423
2035,115,11.5,16,215389.852219,215389.8624452,9.030999994138256,10.226200014585629,5.3829999815206975,2.2539000201504678,0.0,True,ok,5340,5340
2036,116,11.600000000000001,16,215389.885119,215389.8981837,12.521899974672124,13.0646999750752,8.944999979576096,2.2308999905362725,0.0,True,ok,5279,5279
2037,117,11.700000000000001,16,215389.9185748,215389.9275116,8.444099978078157,8.936800004448742,4.858800006331876,2.2237999946810305,33.45579997403547,True,ok,5498,5498
2038,118,11.8,16,215389.951603,215389.960345,8.190099993953481,8.742000005440786,4.570499993860722,2.23269997513853,0.0,True,ok,5517,5517
2039,119,11.9,16,215389.9852462,215389.9938169,8.05259999469854,8.570700010750443,4.6335999795701355,2.0704000198747963,0.0,True,ok,5266,5266
2040,0,0.0,17,215390.0219538,215390.0308108,8.202700002584606,8.85700000799261,4.617900005541742,2.262600028188899,0.0,True,ok,4708,4708
2041,1,0.1,17,215390.051864,215390.0606211,8.262400020612404,8.757100004004315,4.769999999552965,2.1250999998301268,0.0,True,ok,4681,4681
2042,2,0.2,17,215390.0853682,215390.0961876,10.17269998556003,10.819399991305545,4.814299987629056,3.803100000368431,0.0,True,ok,4360,4360
2043,3,0.30000000000000004,17,215390.1184191,215390.1273031,8.352399978321046,8.883999980753288,4.712699999799952,2.183600008720532,0.0,True,ok,4532,4532
2044,4,0.4,17,215390.1521002,215390.1608709,8.29110000631772,8.770699991146103,4.813599982298911,2.134499984094873,0.0,True,ok,4533,4533
2045,5,0.5,17,215390.1852596,215390.1942542,8.273699990240857,8.994600008009002,4.794600012246519,2.1763000113423914,0.0,True,ok,4334,4334
2046,6,0.6000000000000001,17,215390.2187121,215390.2276948,8.502300013788044,8.982700004708022,4.9051000096369535,2.070099988486618,0.0,True,ok,4462,4462
2047,7,0.7000000000000001,17,215390.2518661,215390.2614542,8.900699991500005,9.588099987013265,5.626400001347065,1.9253999926149845,0.0,True,ok,4479,4479
2048,8,0.8,17,215390.285229,215390.2940031,8.174399990821257,8.77409998793155,4.807299992535263,2.0614999812096357,0.0,True,ok,4534,4534
2049,9,0.9,17,215390.3187054,215390.3273546,8.155900024576113,8.649200026411563,4.753799992613494,1.9670000183396041,33.47639998537488,True,ok,4491,4491
2050,10,1.0,17,215390.351836,215390.3606563,8.37110000429675,8.820300019579008,4.794599983142689,2.2403000039048493,0.0,True,ok,4600,4600
2051,11,1.1,17,215390.3852381,215390.3940155,8.164400001987815,8.777400013059378,4.809200007002801,2.0010999869555235,0.0,True,ok,4781,4781
2052,12,1.2000000000000002,17,215390.4183449,215390.4271355,8.131600014166906,8.790599997155368,4.686899977969006,2.1016999962739646,0.0,True,ok,5044,5044
2053,13,1.3,17,215390.4520449,215390.4613537,8.188599982531741,9.30879998486489,4.737299983389676,2.035000012256205,0.0,True,ok,4620,4620
2054,14,1.4000000000000001,17,215390.4850591,215390.4943079,8.555000007618219,9.248799993656576,4.82699999702163,2.4064999888651073,0.0,True,ok,4785,4785
2055,15,1.5,17,215390.5185099,215390.5277531,8.44060000963509,9.243200009223074,4.663100000470877,2.0548000175040215,33.450799994170666,True,ok,5045,5045
2056,16,1.6,17,215390.552133,215390.5609235,8.20359998033382,8.790499996393919,4.570899996906519,2.2563999809790403,0.0,True,ok,5382,5382
2057,17,1.7000000000000002,17,215390.5853724,215390.5948271,8.950899995397776,9.454699989873916,4.995799972675741,2.4778999795671552,0.0,True,ok,5312,5312
2058,18,1.8,17,215390.6182653,215390.6277039,8.708100009243935,9.438600012799725,4.740999982459471,2.354399999603629,0.0,True,ok,5363,5363
2059,19,1.9000000000000001,17,215390.651978,215390.6608009,8.17679997999221,8.82289998116903,4.53669999842532,2.2428000229410827,0.0,True,ok,5455,5455
2060,20,2.0,17,215390.6854247,215390.6946974,8.462500001769513,9.272700001019984,4.8556999827269465,2.2353999956976622,0.0,True,ok,5508,5508
2061,21,2.1,17,215390.7185412,215390.7274954,8.186799997929484,8.954199991421774,4.67149997712113,2.057200006674975,0.0,True,ok,5300,5300
2062,22,2.2,17,215390.7517904,215390.7607422,8.298799977637827,8.95179997314699,4.547299991827458,2.302600012626499,0.0,True,ok,5384,5384
2063,23,2.3000000000000003,17,215390.7854683,215390.7946184,8.459399978164583,9.150099998805672,4.6953000128269196,2.3705000057816505,0.0,True,ok,5355,5355
2064,24,2.4000000000000004,17,215390.8185121,215390.829244,9.768399992026389,10.731899994425476,4.672799987019971,3.7768000038340688,33.04380000918172,True,ok,5072,5072
2065,25,2.5,17,215390.8520413,215390.8625355,9.812100004637614,10.49419998889789,6.316399987554178,2.163900004234165,0.0,True,ok,4851,4851
2066,26,2.6,17,215390.8853509,215390.8941695,8.227600017562509,8.81860000663437,4.855799983488396,2.0182000007480383,0.0,True,ok,4933,4933
2067,27,2.7,17,215390.9182844,215390.9267632,7.970100006787106,8.478800009470433,4.586499999277294,2.0628999918699265,32.93349998421036,True,ok,4889,4889
2068,28,2.8000000000000003,17,215390.9517187,215390.9613944,9.122799994656816,9.675699984654784,5.734600010327995,2.113499998813495,0.0,True,ok,4508,4508
2069,29,2.9000000000000004,17,215390.9851898,215390.9939307,8.124799991492182,8.740899997064844,4.744799982290715,2.060800004983321,0.0,True,ok,4516,4516
2070,30,3.0,17,215391.0188523,215391.0273414,8.047800016356632,8.489100000588223,4.761199990753084,2.0179999992251396,0.0,True,ok,4326,4326
2071,31,3.1,17,215391.0521201,215391.0607205,7.979100017109886,8.600400004070252,4.693399998359382,1.9956000032834709,0.0,True,ok,4407,4407
2072,32,3.2,17,215391.0853386,215391.0939304,8.146100008161739,8.59179999679327,4.881200002273545,1.9207999866921455,0.0,True,ok,4113,4113
2073,33,3.3000000000000003,17,215391.1186648,215391.1271956,7.9073000233620405,8.530800027074292,4.73519999650307,1.9221999973524362,0.0,True,ok,4211,4211
2074,34,3.4000000000000004,17,215391.1517402,215391.1614754,9.08380001783371,9.735200001159683,5.748499999754131,1.9734000088647008,0.0,True,ok,4198,4198
2075,35,3.5,17,215391.1852555,215391.1946397,8.333800011314452,9.384200006024912,4.801400005817413,2.2274999937508255,0.0,True,ok,4125,4125
2076,36,3.6,17,215391.2186069,215391.2272512,7.975200016517192,8.644300018204376,4.6184000093489885,2.1670999994967133,0.0,True,ok,4267,4267
2077,37,3.7,17,215391.2521011,215391.2605115,7.771200005663559,8.410400012508035,4.643099993700162,1.954499981366098,0.0,True,ok,3805,3805
2078,38,3.8000000000000003,17,215391.2852134,215391.2934344,7.610700005898252,8.220999996410683,4.507899982854724,1.9306999747641385,0.0,True,ok,3921,3921
2079,39,3.9000000000000004,17,215391.3185018,215391.327634,8.529799990355968,9.132199978921562,4.8436000070068985,2.4486999900545925,0.0,True,ok,3864,3864
2080,40,4.0,17,215391.3521936,215391.361573,8.920199994463474,9.379399998579174,5.653199972584844,2.1337999787647277,0.0,True,ok,3828,3828
2081,41,4.1000000000000005,17,215391.3852856,215391.393662,7.812999974703416,8.376399986445904,4.726200015284121,1.9265000009909272,0.0,True,ok,3659,3659
2082,42,4.2,17,215391.418585,215391.4273205,8.11480000265874,8.73549998505041,4.8417999933008105,2.1032000076957047,0.0,True,ok,3989,3989
2083,43,4.3,17,215391.4520615,215391.4610773,8.496700000250712,9.015799994813278,5.334800021955743,1.9890000112354755,0.0,True,ok,4294,4294
2084,44,4.4,17,215391.4851375,215391.4950788,9.377300011692569,9.941299998899922,5.6724000023677945,2.3842999944463372,33.076000021537766,True,ok,4623,4623
2085,45,4.5,17,215391.5186417,215391.5277128,8.480299991788343,9.071099979337305,4.897100006928667,2.3588000040035695,0.0,True,ok,4708,4708
2086,46,4.6000000000000005,17,215391.5516487,215391.5597541,7.622099976288155,8.105399989290163,4.531799990218133,1.8554000125732273,0.0,True,ok,4834,4834
2087,47,4.7,17,215391.5853507,215391.5946542,8.906699978979304,9.303499973611906,4.758600000059232,2.895700017688796,0.0,True,ok,4677,4677
2088,48,4.800000000000001,17,215391.6188418,215391.6278471,8.062599983531982,9.00530000217259,4.753999994136393,2.1345000131987035,0.0,True,ok,4591,4591
2089,49,4.9,17,215391.6517893,215391.6605688,8.036999992327765,8.779499999945983,4.7150999889709055,1.9816999847535044,0.0,True,ok,4442,4442
2090,50,5.0,17,215391.685331,215391.694181,8.186299994122237,8.850000012898818,4.6873000101186335,2.2433999984059483,0.0,True,ok,4408,4408
2091,51,5.1000000000000005,17,215391.718875,215391.729621,10.06299999426119,10.74600001447834,6.079400016460568,2.7504999889060855,0.0,True,ok,4418,4418
2092,52,5.2,17,215391.7517462,215391.7619048,9.481899993261322,10.158599994610995,6.258999987039715,1.9954000017605722,0.0,True,ok,4600,4600
2093,53,5.300000000000001,17,215391.7851944,215391.7935993,7.989600009750575,8.404899999732152,4.853999998886138,1.9526000251062214,0.0,True,ok,4489,4489
2094,54,5.4,17,215391.8185868,215391.8271993,8.120899990899488,8.61250000889413,4.778600006829947,2.127300016582012,0.0,True,ok,4625,4625
2095,55,5.5,17,215391.8521666,215391.8610786,8.405999979004264,8.911999990232289,4.845899995416403,2.2342999873217195,0.0,True,ok,4379,4379
2096,56,5.6000000000000005,17,215391.8854075,215391.8954856,9.586400003172457,10.078099992824718,5.099799978779629,3.236999997170642,0.0,True,ok,4212,4212
2097,57,5.7,17,215391.9189041,215391.9400142,20.442299981368706,21.11010000226088,16.656599997077137,2.3919999948702753,0.0,True,ok,4229,4229
2098,58,5.800000000000001,17,215391.9518585,215391.9615871,8.964400010881945,9.728600009111688,4.954800009727478,2.507900004275143,0.0,True,ok,4294,4294
2099,59,5.9,17,215391.9850484,215391.9948575,9.189199976390228,9.809099981794134,5.106500000692904,2.5935999874491245,33.18990001571365,True,ok,4337,4337
2100,60,6.0,17,215392.0185481,215392.0275327,8.290900004794821,8.98460001917556,4.882999986875802,2.265499992063269,0.0,True,ok,4334,4334
2101,61,6.1000000000000005,17,215392.0520761,215392.060642,7.872399990446866,8.565900003304705,4.519300011452287,2.118100004736334,33.527999999932945,True,ok,4169,4169
2102,62,6.2,17,215392.0852194,215392.0945063,8.009199984371662,9.286899992730469,4.652000003261492,2.0025999983772635,0.0,True,ok,4172,4172
2103,63,6.300000000000001,17,215392.1187174,215392.1276009,8.293600025353953,8.883500006049871,4.965400003129616,2.1718000061810017,33.49800000432879,True,ok,4147,4147
2104,64,6.4,17,215392.1521556,215392.1604756,7.638699986273423,8.319999993545935,4.679699981352314,1.8112999969162047,0.0,True,ok,4178,4178
2105,65,6.5,17,215392.1853161,215392.1950312,9.144000010564923,9.715100022731349,6.014099984895438,1.942700007930398,0.0,True,ok,4169,4169
2106,66,6.6000000000000005,17,215392.2185791,215392.2271952,7.9264999949373305,8.616099978098646,4.718399984994903,1.9916000019293278,0.0,True,ok,4168,4168
2107,67,6.7,17,215392.2520177,215392.2620598,9.512699994957075,10.042100009741262,6.17540001985617,2.129700005752966,0.0,True,ok,4086,4086
2108,68,6.800000000000001,17,215392.2850314,215392.2938557,8.316399995237589,8.82429999182932,4.985399980796501,2.1487000049091876,0.0,True,ok,4379,4379
2109,69,6.9,17,215392.3184725,215392.3273404,8.415299991611391,8.867900003679097,5.117099994095042,2.074699994409457,0.0,True,ok,4282,4282
2110,70,7.0,17,215392.3520312,215392.3622224,9.593800001312047,10.191200010012835,6.29980000667274,2.11130001116544,0.0,True,ok,4247,4247
2111,71,7.1000000000000005,17,215392.3854169,215392.3940295,8.131799986585975,8.61259998055175,4.96779999230057,1.9717999966815114,0.0,True,ok,4354,4354
2112,72,7.2,17,215392.4184154,215392.4270841,8.079499995801598,8.668700000271201,4.779100010637194,2.0435999904293567,0.0,True,ok,4628,4628
2113,73,7.300000000000001,17,215392.4521555,215392.4615554,8.276499982457608,9.399899980053306,5.020100012188777,2.05650000134483,0.0,True,ok,4287,4287
2114,74,7.4,17,215392.4851484,215392.4936868,8.061200001975521,8.53839999763295,4.910099989501759,1.9545999821275473,0.0,True,ok,4455,4455
2115,75,7.5,17,215392.5185594,215392.5269363,7.818200014298782,8.376900019356981,4.686800006311387,1.9128000130876899,0.0,True,ok,4560,4560
2116,76,7.6000000000000005,17,215392.551979,215392.5606928,8.21699999505654,8.713799994438887,4.876499995589256,1.9878000020980835,0.0,True,ok,4662,4662
2117,77,7.7,17,215392.5855077,215392.5943408,8.243399992352352,8.833100000629202,4.838500026380643,2.136299997800961,0.0,True,ok,4381,4381
2118,78,7.800000000000001,17,215392.6186892,215392.6273112,8.10149998869747,8.621999993920326,4.897200007690117,2.0277999865356833,0.0,True,ok,4350,4350
2119,79,7.9,17,215392.6518034,215392.6600849,7.787500013364479,8.281500020530075,4.627199989045039,1.9822999893222004,33.11419999226928,True,ok,4058,4058
2120,80,8.0,17,215392.6853881,215392.6946379,8.152999973390251,9.249799972167239,4.636300000129268,2.0260000019334257,33.58470002422109,True,ok,4074,4074
2121,81,8.1,17,215392.7183615,215392.7274249,8.009299985133111,9.063399978913367,4.890500014880672,1.9797999993897974,0.0,True,ok,4080,4080
2122,82,8.200000000000001,17,215392.7519384,215392.7602509,7.68360000802204,8.312499994644895,4.525900003500283,2.0009000145364553,0.0,True,ok,4288,4288
2123,83,8.3,17,215392.7854709,215392.7937788,7.667199999559671,8.307899988722056,4.6984000073280185,1.8405999871902168,0.0,True,ok,4269,4269
2124,84,8.4,17,215392.818674,215392.8273368,7.916400005342439,8.66279998444952,4.761300020618364,2.051200019195676,0.0,True,ok,3996,3996
2125,85,8.5,17,215392.8517998,215392.8607986,8.288300014100969,8.998800010886043,4.820800008019432,2.205800003139302,0.0,True,ok,4318,4318
2126,86,8.6,17,215392.8854893,215392.8941212,8.134799980325624,8.63189998199232,4.884299996774644,2.074799995170906,0.0,True,ok,4410,4410
2127,87,8.700000000000001,17,215392.9184874,215392.9278566,8.734200004255399,9.369200008222833,5.544299987377599,2.0090999896638095,0.0,True,ok,4345,4345
2128,88,8.8,17,215392.9518881,215392.9604729,8.08210001559928,8.584800001699477,4.939500009641051,2.0032000029459596,0.0,True,ok,3995,3995
2129,89,8.9,17,215392.9850517,215392.9938151,8.101999992504716,8.763399993767962,4.944700020132586,1.981299981707707,0.0,True,ok,4114,4114
2130,90,9.0,17,215393.0188453,215393.0274367,7.978800014825538,8.591400022851303,4.729700012831017,2.066999993985519,0.0,True,ok,4407,4407
2131,91,9.1,17,215393.051804,215393.0604162,7.9163000045809895,8.612200006609783,4.457899980479851,2.211800019722432,0.0,True,ok,4504,4504
2132,92,9.200000000000001,17,215393.0850644,215393.094006,8.369399991352111,8.94160001189448,4.435499984538183,2.6554999931249768,0.0,True,ok,4602,4602
2133,93,9.3,17,215393.1187459,215393.1273731,8.003800001461059,8.627200004411861,4.621000000042841,2.150799991795793,0.0,True,ok,4719,4719
2134,94,9.4,17,215393.1516903,215393.1619407,9.560300008160993,10.250399995129555,5.73679999797605,2.605699992273003,0.0,True,ok,4623,4623
2135,95,9.5,17,215393.1851577,215393.1940085,8.242599986260757,8.850799989886582,4.838199994992465,2.1810000180266798,0.0,True,ok,4555,4555
2136,96,9.600000000000001,17,215393.2188385,215393.2293591,9.800200001336634,10.520599986193702,4.952299990691245,3.5783999774139374,33.68079999927431,True,ok,4902,4902
2137,97,9.700000000000001,17,215393.2519009,215393.2603133,7.766099995933473,8.412399998633191,4.569100012304261,2.0049000158905983,0.0,True,ok,4793,4793
2138,98,9.8,17,215393.2853607,215393.2938756,7.7695999934803694,8.514899993315339,4.422500001965091,2.0218999998178333,0.0,True,ok,4857,4857
2139,99,9.9,17,215393.3184718,215393.3272289,7.992099999682978,8.757099974900484,4.747500002849847,2.0457999780774117,0.0,True,ok,4985,4985
2140,100,10.0,17,215393.3520968,215393.3606563,7.97550001880154,8.559500012779608,4.755100002512336,2.005499991355464,0.0,True,ok,4973,4973
2141,101,10.100000000000001,17,215393.3853919,215393.3942141,8.177699986845255,8.822200004942715,4.790900013176724,2.13049998274073,0.0,True,ok,4507,4507
2142,102,10.200000000000001,17,215393.4183323,215393.4267964,7.872599991969764,8.464099984848872,4.781600000569597,1.8785999855026603,0.0,True,ok,4834,4834
2143,103,10.3,17,215393.4519866,215393.4608199,8.063700021011755,8.8333000021521,4.677699995227158,2.1283999958541244,0.0,True,ok,4943,4943
2144,104,10.4,17,215393.4851478,215393.4940634,8.207699982449412,8.915599988540635,4.954400006681681,2.062699990347028,0.0,True,ok,5082,5082
2145,105,10.5,17,215393.5184548,215393.5279548,8.310700010042638,9.4999999855645,4.814200015971437,2.286000002641231,0.0,True,ok,4986,4986
2146,106,10.600000000000001,17,215393.551755,215393.5601494,7.689099991694093,8.394400007091463,4.571099998429418,1.9212999904993922,0.0,True,ok,5037,5037
2147,107,10.700000000000001,17,215393.5850664,215393.5934399,7.8461999946739525,8.373499993467703,4.4181999983266,2.209400001447648,0.0,True,ok,5162,5162
2148,108,10.8,17,215393.6183724,215393.6272173,8.203000004868954,8.844900003168732,4.894700017757714,2.131099987309426,0.0,True,ok,4884,4884
2149,109,10.9,17,215393.6521085,215393.6617812,9.231400006683543,9.672699990915135,5.797699996037409,2.2625999990850687,0.0,True,ok,4890,4890
2150,110,11.0,17,215393.6850291,215393.6936703,8.08810000307858,8.641200023703277,4.78999997721985,2.129700005752966,0.0,True,ok,4848,4848
2151,111,11.100000000000001,17,215393.7188228,215393.7273797,7.972799998242408,8.556899992981926,4.797499976120889,1.9444999925326556,0.0,True,ok,5030,5030
2152,112,11.200000000000001,17,215393.7517304,215393.7619844,9.789899981115013,10.253999993437901,6.518299982417375,2.1010999917052686,0.0,True,ok,5114,5114
2153,113,11.3,17,215393.7851394,215393.7936262,8.101199986413121,8.486800012178719,4.74559998838231,2.141599979950115,0.0,True,ok,5293,5293
2154,114,11.4,17,215393.8187544,215393.8277513,8.306500007165596,8.996899996418506,4.802899988135323,2.171000000089407,0.0,True,ok,5423,5423
2155,115,11.5,17,215393.8516632,215393.8607923,8.499299990944564,9.129099984420463,4.8214000125881284,2.45349999750033,0.0,True,ok,5340,5340
2156,116,11.600000000000001,17,215393.8851091,215393.8945163,8.947900001658127,9.407200006535277,5.080200004158542,2.6338999741710722,0.0,True,ok,5279,5279
2157,117,11.700000000000001,17,215393.9186283,215393.9278666,8.485799975460395,9.238300001015887,4.92340000346303,2.30529997497797,0.0,True,ok,5498,5498
2158,118,11.8,17,215393.9517333,215393.9600621,7.736300001852214,8.328800002345815,4.585800023050979,1.943399984156713,0.0,True,ok,5517,5517
2159,119,11.9,17,215393.9853812,215393.9940778,7.879499986302108,8.696599979884923,4.531700018560514,2.095600008033216,0.0,True,ok,5266,5266
2160,0,0.0,18,215394.0219762,215394.0305887,8.042900008149445,8.61250000889413,4.553200007649139,2.1573000121861696,0.0,True,ok,4708,4708
2161,1,0.1,18,215394.0517845,215394.0602689,8.007099997485057,8.484399993903935,4.8949000192806125,1.882700016722083,0.0,True,ok,4681,4681
2162,2,0.2,18,215394.0853885,215394.0946312,8.77259997650981,9.242699976311997,5.540000012842938,2.051300019957125,0.0,True,ok,4360,4360
2163,3,0.30000000000000004,18,215394.1184465,215394.1270055,8.049299998674542,8.558999979868531,4.8123000015039,2.0289999956730753,0.0,True,ok,4532,4532
2164,4,0.4,18,215394.1518131,215394.1602436,7.832999981474131,8.430499990936369,4.5482999994419515,2.0751999982167035,0.0,True,ok,4533,4533
2165,5,0.5,18,215394.1855416,215394.1944817,8.457599993562326,8.94010000047274,4.953299998305738,2.2912999847903848,0.0,True,ok,4334,4334
2166,6,0.6000000000000001,18,215394.218612,215394.2272688,8.197399991331622,8.656799996970221,4.892400000244379,2.05950002418831,0.0,True,ok,4462,4462
2167,7,0.7000000000000001,18,215394.2521328,215394.2611897,8.133700001053512,9.05689998762682,4.891000018687919,2.0416000043042004,0.0,True,ok,4479,4479
2168,8,0.8,18,215394.2852999,215394.2938272,7.960399991134182,8.527300000423566,4.654899996239692,2.068900008453056,0.0,True,ok,4534,4534
2169,9,0.9,18,215394.3185043,215394.3274494,8.303300011903048,8.945100009441376,4.864999995334074,2.0647000055760145,0.0,True,ok,4491,4491
2170,10,1.0,18,215394.3519123,215394.3616718,9.233199991285801,9.759500011568889,5.972199985990301,2.0557000243570656,0.0,True,ok,4600,4600
2171,11,1.1,18,215394.3851189,215394.3938815,7.9916999966371804,8.762599987676367,4.790999984834343,1.9838000007439405,0.0,True,ok,4781,4781
2172,12,1.2000000000000002,18,215394.4187297,215394.4276435,8.428600005572662,8.913800003938377,4.968500026734546,2.121199999237433,0.0,True,ok,5044,5044
2173,13,1.3,18,215394.4518764,215394.461053,8.371700008865446,9.176599996862933,5.227799993008375,1.951999991433695,0.0,True,ok,4620,4620
2174,14,1.4000000000000001,18,215394.4851758,215394.4942557,8.435900002950802,9.079900017241016,4.935000004479662,2.266000024974346,0.0,True,ok,4785,4785
2175,15,1.5,18,215394.5188531,215394.5275957,8.106599998427555,8.742600010009483,4.808000026969239,2.0234999828971922,0.0,True,ok,5045,5045
2176,16,1.6,18,215394.5518335,215394.5625073,10.200099990470335,10.673799988580868,5.830000009154901,3.028600011020899,0.0,True,ok,5382,5382
2177,17,1.7000000000000002,18,215394.5852117,215394.593987,8.284300012746826,8.775299997068942,4.815599997527897,2.114700007950887,33.378199994331226,True,ok,5312,5312
2178,18,1.8,18,215394.6187229,215394.6271376,7.956800021929666,8.414700016146526,4.682899976614863,1.9894999859388918,0.0,True,ok,5363,5363
2179,19,1.9000000000000001,18,215394.6518598,215394.6621906,9.752200014190748,10.330799996154383,6.0557999822776765,2.278900006785989,0.0,True,ok,5455,5455
2180,20,2.0,18,215394.685322,215394.6940879,8.314399980008602,8.765899983700365,4.8297000175807625,2.1964999905321747,0.0,True,ok,5508,5508
2181,21,2.1,18,215394.7183467,215394.7267686,7.7911999833304435,8.421899983659387,4.639299993868917,1.8566999933682382,0.0,True,ok,5300,5300
2182,22,2.2,18,215394.7519302,215394.7608681,8.393500000238419,8.937900012824684,4.810600017663091,2.241400012280792,0.0,True,ok,5384,5384
2183,23,2.3000000000000003,18,215394.7852966,215394.7938469,8.059199986746535,8.55030000093393,4.586800001561642,2.176299982238561,0.0,True,ok,5355,5355
2184,24,2.4000000000000004,18,215394.8184778,215394.8274608,8.509600011166185,8.98300000699237,4.665099986596033,2.515500003937632,0.0,True,ok,5072,5072
2185,25,2.5,18,215394.8521555,215394.8622106,8.912699995562434,10.055099992314354,5.406800017226487,2.1749000006821007,0.0,True,ok,4851,4851
2186,26,2.6,18,215394.885132,215394.8936213,7.834599993657321,8.489300002111122,4.676899989135563,1.9044000073336065,0.0,True,ok,4933,4933
2187,27,2.7,18,215394.9186052,215394.9273064,7.840500009479001,8.701200014911592,4.686200001742691,1.9231000042054802,0.0,True,ok,4889,4889
2188,28,2.8000000000000003,18,215394.9521652,215394.9620951,9.457499982090667,9.929899999406189,5.796299985377118,2.4080000002868474,0.0,True,ok,4508,4508
2189,29,2.9000000000000004,18,215394.9852068,215394.9938521,8.091499999864027,8.645299996715039,4.790899984072894,2.0428000134415925,0.0,True,ok,4516,4516
2190,30,3.0,18,215395.0185257,215395.0273144,8.26000000233762,8.788700011791661,4.863300011493266,2.0320000185165554,0.0,True,ok,4326,4326
2191,31,3.1,18,215395.0519065,215395.0618941,9.481800021603703,9.987600002205,6.1864000163041055,2.0321999909356236,33.38080001412891,True,ok,4407,4407
2192,32,3.2,18,215395.0849804,215395.0956125,10.052400000859052,10.63210002030246,5.552599992370233,3.239600016968325,0.0,True,ok,4113,4113
2193,33,3.3000000000000003,18,215395.1183557,215395.12718,8.16060000215657,8.824300020933151,4.998799995519221,1.9380000012461096,0.0,True,ok,4211,4211
2194,34,3.4000000000000004,18,215395.1519377,215395.1615795,9.15490000625141,9.641800017561764,5.92049999977462,1.9916000019293278,33.58200000366196,True,ok,4198,4198
2195,35,3.5,18,215395.1851099,215395.1943253,8.731699985219166,9.215400001266971,5.365300021367148,2.1615000150632113,0.0,True,ok,4125,4125
2196,36,3.6,18,215395.218415,215395.2269612,8.050400007050484,8.546199998818338,4.806899989489466,2.085199987050146,0.0,True,ok,4267,4267
2197,37,3.7,18,215395.2518409,215395.2617589,9.242799977073446,9.917999996105209,5.884700018214062,1.8619000038597733,0.0,True,ok,3805,3805
2198,38,3.8000000000000003,18,215395.2851957,215395.2937024,8.111000002827495,8.506699989084154,4.9168000114150345,2.017799997702241,0.0,True,ok,3921,3921
2199,39,3.9000000000000004,18,215395.3184169,215395.3276563,8.794000023044646,9.23940000939183,4.974099982064217,2.439600008074194,0.0,True,ok,3864,3864
2200,40,4.0,18,215395.3518031,215395.3619785,9.733400016557425,10.175400006119162,6.270300014875829,2.2692000202368945,0.0,True,ok,3828,3828
2201,41,4.1000000000000005,18,215395.3852808,215395.3940517,8.256199973402545,8.770899992669001,4.895699996268377,2.168200007872656,0.0,True,ok,3659,3659
2202,42,4.2,18,215395.4185886,215395.4272849,8.153800008585677,8.696300006704405,4.658599995309487,2.1603000059258193,0.0,True,ok,3989,3989
2203,43,4.3,18,215395.451637,215395.4613485,9.272399998735636,9.711499995319173,6.040799984475598,1.9218000234104693,0.0,True,ok,4294,4294
2204,44,4.4,18,215395.4851865,215395.4951415,9.467900003073737,9.95499998680316,5.983100010780618,2.278400002978742,0.0,True,ok,4623,4623
2205,45,4.5,18,215395.5185714,215395.5273882,8.159799996064976,8.816799992928281,4.578000021865591,2.3264999908860773,0.0,True,ok,4708,4708
2206,46,4.6000000000000005,18,215395.5519511,215395.5608879,8.355700003448874,8.936800004448742,4.714699985925108,2.224900003056973,0.0,True,ok,4834,4834
2207,47,4.7,18,215395.584986,215395.5942189,8.494499983498827,9.232899989001453,4.861900000832975,2.29649999528192,0.0,True,ok,4677,4677
2208,48,4.800000000000001,18,215395.6185673,215395.6271267,8.111000002827495,8.559400012018159,4.617600003257394,2.0269000087864697,0.0,True,ok,4591,4591
2209,49,4.9,18,215395.6520433,215395.6620004,9.152500017080456,9.957100002793595,5.7511999912094325,2.095600008033216,0.0,True,ok,4442,4442
2210,50,5.0,18,215395.6853483,215395.6940495,8.085599984042346,8.701199985807762,4.735499998787418,2.068000001600012,0.0,True,ok,4408,4408
2211,51,5.1000000000000005,18,215395.7184557,215395.7271187,8.09999997727573,8.66299998597242,4.646500019589439,2.2085000236984342,0.0,True,ok,4418,4418
2212,52,5.2,18,215395.7519127,215395.7616085,9.233799995854497,9.695799992186949,5.897200026083738,2.0813000155612826,0.0,True,ok,4600,4600
2213,53,5.300000000000001,18,215395.7850429,215395.7936846,8.12810001662001,8.641699998406693,4.873600002611056,1.9914000004064292,0.0,True,ok,4489,4489
2214,54,5.4,18,215395.8184786,215395.827536,8.365399989997968,9.057399991434067,4.837099986616522,2.2763999877497554,0.0,True,ok,4625,4625
2215,55,5.5,18,215395.8519602,215395.8621535,9.516699996311218,10.19329999689944,6.0947000165469944,2.2090999991633,0.0,True,ok,4379,4379
2216,56,5.6000000000000005,18,215395.8852849,215395.8940721,8.277099987026304,8.787200000369921,4.920700012007728,2.1066000044811517,0.0,True,ok,4212,4212
2217,57,5.7,18,215395.9184113,215395.9276339,8.602399990195408,9.222599997883663,4.881000000750646,2.328599977772683,0.0,True,ok,4229,4229
2218,58,5.800000000000001,18,215395.9520989,215395.9615755,9.004999999888241,9.476600011112168,5.596800008788705,2.1647000103257596,0.0,True,ok,4294,4294
2219,59,5.9,18,215395.985382,215395.9942738,8.332400000654161,8.891799981938675,4.79599999380298,2.21060001058504,0.0,True,ok,4337,4337
2220,60,6.0,18,215396.0185144,215396.0276277,8.6038000008557,9.11330000963062,5.216999998083338,2.149599982658401,0.0,True,ok,4334,4334
2221,61,6.1000000000000005,18,215396.0522825,215396.0610568,8.28810001257807,8.774300018558279,4.876599996350706,2.16609999188222,0.0,True,ok,4169,4169
2222,62,6.2,18,215396.0854482,215396.0942546,8.367100002942607,8.806400001049042,4.79750000522472,2.1351999894250184,0.0,True,ok,4172,4172
2223,63,6.300000000000001,18,215396.1185956,215396.1271339,7.9351000022143126,8.538299996871501,4.618000006303191,2.0631999941542745,0.0,True,ok,4147,4147
2224,64,6.4,18,215396.1519935,215396.162162,9.69849998364225,10.168499982682988,6.288900010986254,2.131099987309426,0.0,True,ok,4178,4178
2225,65,6.5,18,215396.1850881,215396.1939441,8.398400008445606,8.856000000378117,5.163699999684468,1.9213999912608415,0.0,True,ok,4169,4169
2226,66,6.6000000000000005,18,215396.2184835,215396.2267992,7.818599988240749,8.315699989907444,4.594999976688996,1.94679998094216,33.39540000888519,True,ok,4168,4168
2227,67,6.7,18,215396.251896,215396.2605052,8.10590002220124,8.609200012870133,4.81220000074245,2.0065999997314066,0.0,True,ok,4086,4086
2228,68,6.800000000000001,18,215396.2855318,215396.294076,8.124299987684935,8.544199983589351,4.647199995815754,2.147299994248897,0.0,True,ok,4379,4379
2229,69,6.9,18,215396.3184224,215396.3271854,8.226900012232363,8.762999990722165,4.882299981545657,1.9881000043824315,0.0,True,ok,4282,4282
2230,70,7.0,18,215396.3519423,215396.361338,8.703899977263063,9.395699977176264,5.226000008406118,2.1656000171788037,0.0,True,ok,4247,4247
2231,71,7.1000000000000005,18,215396.3852162,215396.394135,8.343800000147894,8.918800012907013,4.792299994733185,2.2598000068683177,0.0,True,ok,4354,4354
2232,72,7.2,18,215396.4186724,215396.4271576,7.907199993496761,8.48519999999553,4.707200016127899,1.8659000052139163,0.0,True,ok,4628,4628
2233,73,7.300000000000001,18,215396.4521707,215396.4619129,8.688400004757568,9.742199996253476,5.460299988044426,1.96159997722134,0.0,True,ok,4287,4287
2234,74,7.4,18,215396.4855238,215396.4942942,8.172700006980449,8.770400017965585,4.817899985937402,2.0379000052344054,0.0,True,ok,4455,4455
2235,75,7.5,18,215396.5187953,215396.5280373,8.564900024794042,9.242000000085682,4.879600019194186,2.2406000061891973,0.0,True,ok,4560,4560
2236,76,7.6000000000000005,18,215396.5520587,215396.5608281,8.087700000032783,8.769399981247261,4.492700012633577,2.213100000517443,0.0,True,ok,4662,4662
2237,77,7.7,18,215396.5851668,215396.5934854,7.759000000078231,8.318599982885644,4.428999993251637,2.0395999890752137,0.0,True,ok,4381,4381
2238,78,7.800000000000001,18,215396.618577,215396.6269349,7.8477000060956925,8.35790002020076,4.622399981599301,1.8964000046253204,0.0,True,ok,4350,4350
2239,79,7.9,18,215396.6516167,215396.661336,9.059399977559224,9.71929999650456,5.707400006940588,2.077499986626208,0.0,True,ok,4058,4058
2240,80,8.0,18,215396.6850169,215396.693943,8.413499977905303,8.926099981181324,4.993600014131516,2.1680000063497573,0.0,True,ok,4074,4074
2241,81,8.1,18,215396.7184989,215396.7291175,9.48810001136735,10.61860000481829,5.829400004586205,2.372599992668256,0.0,True,ok,4080,4080
2242,82,8.200000000000001,18,215396.7521672,215396.761118,7.872599991969764,8.950799994636327,4.538500012131408,1.9912999996449798,0.0,True,ok,4288,4288
2243,83,8.3,18,215396.7852035,215396.7936035,7.80950000626035,8.399999991524965,4.439200012711808,2.0471999887377024,0.0,True,ok,4269,4269
2244,84,8.4,18,215396.8186265,215396.8273268,8.246900019003078,8.700300008058548,4.7651999921072274,2.1935999975539744,33.42299998621456,True,ok,3996,3996
2245,85,8.5,18,215396.8517935,215396.8606572,8.346600021468475,8.863700000802055,4.843400005484,2.194100001361221,0.0,True,ok,4318,4318
2246,86,8.6,18,215396.885316,215396.8939739,8.079599996563047,8.657900005346164,4.72790002822876,2.0361999922897667,0.0,True,ok,4410,4410
2247,87,8.700000000000001,18,215396.9185031,215396.9270094,7.952200016006827,8.506300015142187,4.657799989217892,1.9360000151209533,0.0,True,ok,4345,4345
2248,88,8.8,18,215396.9521018,215396.9608564,8.119999984046444,8.754599984968081,4.6212000015657395,2.2327000042423606,0.0,True,ok,3995,3995
2249,89,8.9,18,215396.9853632,215396.9949312,9.07639999059029,9.568000008584931,4.954200005158782,2.8113999869674444,0.0,True,ok,4114,4114
2250,90,9.0,18,215397.0184675,215397.0272164,7.760199980111793,8.74889999977313,4.608899995218962,1.854100002674386,0.0,True,ok,4407,4407
2251,91,9.1,18,215397.0521443,215397.0609971,8.339399995747954,8.852800005115569,4.71160002052784,2.1838000102434307,0.0,True,ok,4504,4504
2252,92,9.200000000000001,18,215397.0854363,215397.0953502,8.894700004020706,9.913899993989617,4.705300001660362,2.810500009218231,33.29200000735,True,ok,4602,4602
2253,93,9.3,18,215397.1186643,215397.1276714,8.395799988647923,9.007099986774847,4.822800023248419,2.07280000904575,0.0,True,ok,4719,4719
2254,94,9.4,18,215397.1517245,215397.1615569,9.27190002403222,9.832400013692677,5.692200007615611,2.210900012869388,0.0,True,ok,4623,4623
2255,95,9.5,18,215397.1853636,215397.1943098,8.31330000073649,8.946199988713488,4.768000013427809,2.1499999857041985,0.0,True,ok,4555,4555
2256,96,9.600000000000001,18,215397.218664,215397.2276498,8.449800021480769,8.98579999920912,4.9233000027015805,2.117500000167638,0.0,True,ok,4902,4902
2257,97,9.700000000000001,18,215397.2517172,215397.2601995,8.000099973287433,8.482299977913499,4.563499998766929,2.045500004896894,0.0,True,ok,4793,4793
2258,98,9.8,18,215397.2853292,215397.2947924,8.955500001320615,9.463199996389449,4.797300003701821,2.32759999926202,0.0,True,ok,4857,4857
2259,99,9.9,18,215397.3185643,215397.3271457,8.14289998379536,8.58140000491403,4.876999999396503,1.8714999896474183,0.0,True,ok,4985,4985
2260,100,10.0,18,215397.3522054,215397.3610445,8.25559999793768,8.8390999881085,4.70109999878332,2.079900004900992,0.0,True,ok,4973,4973
2261,101,10.100000000000001,18,215397.385062,215397.3943258,8.155899995472282,9.263800020562485,4.8183000180870295,1.9935000163968652,0.0,True,ok,4507,4507
2262,102,10.200000000000001,18,215397.4186063,215397.4272327,8.02869998733513,8.626399998320267,4.7793999838177115,1.9063999934587628,0.0,True,ok,4834,4834
2263,103,10.3,18,215397.4518798,215397.4616458,8.64230000297539,9.766000002855435,5.212399992160499,2.0732000120915473,0.0,True,ok,4943,4943
2264,104,10.4,18,215397.4854434,215397.4942946,8.374700002605096,8.85120002203621,4.884200025117025,2.099199977237731,0.0,True,ok,5082,5082
2265,105,10.5,18,215397.5183887,215397.5277433,8.721199992578477,9.354599984362721,4.685699997935444,2.657900011399761,0.0,True,ok,4986,4986
2266,106,10.600000000000001,18,215397.5516181,215397.5607087,8.614400023361668,9.090600011404604,5.330600019078702,1.951699989149347,0.0,True,ok,5037,5037
2267,107,10.700000000000001,18,215397.585203,215397.5944961,8.761900011450052,9.293100010836497,5.411199992522597,2.008699986618012,0.0,True,ok,5162,5162
2268,108,10.8,18,215397.6186389,215397.627088,8.000900008482859,8.449100016150624,4.682099999627098,1.9496000022627413,0.0,True,ok,4884,4884
2269,109,10.9,18,215397.6522944,215397.6617282,8.962699997937307,9.433800005353987,5.540899990592152,2.072200004477054,0.0,True,ok,4890,4890
2270,110,11.0,18,215397.6854711,215397.6953179,9.381200012285262,9.84680000692606,5.8948000078089535,2.1865000016987324,0.0,True,ok,4848,4848
2271,111,11.100000000000001,18,215397.7184735,215397.7272427,8.118900004774332,8.769200008828193,4.747400002088398,1.8460999999660999,33.00239998498,True,ok,5030,5030
2272,112,11.200000000000001,18,215397.752055,215397.7619951,9.513700002571568,9.94010001886636,6.1367999878712,2.0268000080250204,0.0,True,ok,5114,5114
2273,113,11.3,18,215397.7852903,215397.7941811,8.498800016241148,8.890800003428012,4.954400006681681,2.136299997800961,0.0,True,ok,5293,5293
2274,114,11.4,18,215397.8185253,215397.8274738,8.27920000301674,8.948499977122992,4.777299996931106,2.079900004900992,0.0,True,ok,5423,5423
2275,115,11.5,18,215397.8520895,215397.8619926,8.906999981263652,9.90309999906458,5.287499981932342,2.200899994932115,0.0,True,ok,5340,5340
2276,116,11.600000000000001,18,215397.8850916,215397.8939744,8.30440002027899,8.882800000719726,4.667400004109368,2.2558000055141747,0.0,True,ok,5279,5279
2277,117,11.700000000000001,18,215397.9185357,215397.9270777,8.026299998164177,8.541999995941296,4.619099985575303,2.017199993133545,0.0,True,ok,5498,5498
2278,118,11.8,18,215397.9516513,215397.9615036,9.25709999864921,9.852299990598112,5.641700001433492,2.210900012869388,0.0,True,ok,5517,5517
2279,119,11.9,18,215397.9851295,215397.9941343,8.328900003107265,9.004799998365343,4.902299988316372,2.064600004814565,0.0,True,ok,5266,5266
2280,0,0.0,19,215398.0216941,215398.0302583,7.992299972102046,8.564199990360066,4.526500008068979,2.0952000049874187,0.0,True,ok,4708,4708
2281,1,0.1,19,215398.0520744,215398.0609802,8.220999996410683,8.90580000123009,4.793400003109127,2.049200003966689,0.0,True,ok,4681,4681
2282,2,0.2,19,215398.0850222,215398.0936369,8.12360001145862,8.614700025646016,4.756799986353144,2.037500002188608,0.0,True,ok,4360,4360
2283,3,0.30000000000000004,19,215398.1187731,215398.1273062,7.9935000103432685,8.533100015483797,4.663700005039573,2.000699983909726,0.0,True,ok,4532,4532
2284,4,0.4,19,215398.1522021,215398.1614646,8.689800015417859,9.262500010663643,5.380599992349744,1.9564999965950847,0.0,True,ok,4533,4533
2285,5,0.5,19,215398.1852194,215398.1977377,12.077099992893636,12.518299976363778,5.3696999966632575,4.247500008204952,0.0,True,ok,4334,4334
2286,6,0.6000000000000001,19,215398.2185883,215398.2270957,7.956699992064387,8.5073999944143,4.625000001396984,1.9834999984595925,0.0,True,ok,4462,4462
2287,7,0.7000000000000001,19,215398.2517456,215398.2608646,8.401599974604324,9.118999994825572,4.757900023832917,2.1274000173434615,0.0,True,ok,4479,4479
2288,8,0.8,19,215398.285165,215398.2939397,8.219200011808425,8.774699992500246,4.854800004977733,1.8649000267032534,0.0,True,ok,4534,4534
2289,9,0.9,19,215398.3187704,215398.3278863,8.15779998083599,9.115900000324473,4.835400002775714,1.9099000201094896,0.0,True,ok,4491,4491
2290,10,1.0,19,215398.3521743,215398.360936,8.258700021542609,8.761700009927154,4.549600009340793,2.313700009835884,0.0,True,ok,4600,4600
2291,11,1.1,19,215398.3850456,215398.3936758,8.085800014669076,8.630199998151511,4.757799993967637,1.9483999931253493,0.0,True,ok,4781,4781
2292,12,1.2000000000000002,19,215398.4184039,215398.4269139,7.940600014990196,8.510000014211982,4.743800003780052,1.8565999926067889,0.0,True,ok,5044,5044
2293,13,1.3,19,215398.4521037,215398.4608533,7.883000012952834,8.749600005103275,4.386499989777803,2.1982000034768134,0.0,True,ok,4620,4620
2294,14,1.4000000000000001,19,215398.4854569,215398.4945816,8.424100000411272,9.124700009124354,4.718200012575835,2.3154999944381416,0.0,True,ok,4785,4785
2295,15,1.5,19,215398.5183975,215398.527197,8.14869999885559,8.799499977612868,4.846800002269447,1.9076000025961548,0.0,True,ok,5045,5045
2296,16,1.6,19,215398.5518369,215398.5610963,8.519399998476729,9.259399987058714,4.795300017576665,2.2508999973069876,0.0,True,ok,5382,5382
2297,17,1.7000000000000002,19,215398.5852496,215398.5947338,8.943799999542534,9.484200010774657,4.585200018482283,2.1678000048268586,33.41269999509677,True,ok,5312,5312
2298,18,1.8,19,215398.6187994,215398.6274455,8.129800000460818,8.646100002806634,4.706700012320653,2.005499991355464,0.0,True,ok,5363,5363
2299,19,1.9000000000000001,19,215398.6520162,215398.6622116,9.666400001151487,10.195399983786047,5.925100005697459,2.2390999947674572,33.216800016816705,True,ok,5455,5455
2300,20,2.0,19,215398.6850245,215398.6951995,9.339400014141575,10.175000003073364,4.765099991345778,2.6526000001467764,0.0,True,ok,5508,5508
2301,21,2.1,19,215398.7185483,215398.7278182,8.58889997471124,9.269899979699403,4.671999980928376,2.4095000117085874,0.0,True,ok,5300,5300
2302,22,2.2,19,215398.7521065,215398.7617788,9.162400005152449,9.672299987869337,5.5951999966055155,2.1281999943312258,0.0,True,ok,5384,5384
2303,23,2.3000000000000003,19,215398.7851163,215398.7941108,8.283100003609434,8.994500007247552,4.563900001812726,2.1924999891780317,0.0,True,ok,5355,5355
2304,24,2.4000000000000004,19,215398.8185498,215398.8276797,8.647100010421127,9.129900019615889,4.880699998466298,2.4234000011347234,0.0,True,ok,5072,5072
2305,25,2.5,19,215398.8518082,215398.862098,9.667900012573227,10.28980000410229,6.0569999914150685,2.2592000022996217,0.0,True,ok,4851,4851
2306,26,2.6,19,215398.8849693,215398.8938162,8.387599984416738,8.846899989293888,4.891400021733716,1.9994000031147152,0.0,True,ok,4933,4933
2307,27,2.7,19,215398.9186543,215398.9271872,8.024899987503886,8.532899984857067,4.564199974993244,2.1009000192862004,0.0,True,ok,4889,4889
2308,28,2.8000000000000003,19,215398.9517044,215398.9615753,9.345700003905222,9.870899986708537,5.904600024223328,2.144800004316494,0.0,True,ok,4508,4508
2309,29,2.9000000000000004,19,215398.9854087,215398.9945423,8.683899999596179,9.133599989581853,4.893599980277941,2.2885000216774642,0.0,True,ok,4516,4516
2310,30,3.0,19,215399.0184374,215399.0276445,8.500800002366304,9.207099996274337,5.112599988933653,2.0167999900877476,0.0,True,ok,4326,4326
2311,31,3.1,19,215399.0521017,215399.0619874,9.10880000446923,9.885699982987717,5.590499989921227,2.0724000059999526,0.0,True,ok,4407,4407
2312,32,3.2,19,215399.0852793,215399.0939404,8.00199998775497,8.661100000608712,4.733899986604229,1.986199989914894,0.0,True,ok,4113,4113
2313,33,3.3000000000000003,19,215399.1185812,215399.1264636,7.50279999920167,7.882400008384138,4.438200005097315,1.8323000113014132,0.0,True,ok,4211,4211
2314,34,3.4000000000000004,19,215399.1520898,215399.1619902,9.31940000737086,9.900400007609278,5.739499989431351,2.0877000060863793,0.0,True,ok,4198,4198
2315,35,3.5,19,215399.1851575,215399.193664,8.06719998945482,8.506499987561256,4.754900000989437,2.068500005407259,33.06770001654513,True,ok,4125,4125
2316,36,3.6,19,215399.2186288,215399.2273891,8.250300015788525,8.760299999266863,4.8331000143662095,2.1664000232703984,33.47130000474863,True,ok,4267,4267
2317,37,3.7,19,215399.2520048,215399.261806,9.345700003905222,9.801200008951128,5.9523000090848655,2.1382999839261174,0.0,True,ok,3805,3805
2318,38,3.8000000000000003,19,215399.2851175,215399.2940013,8.50150000769645,8.88380000833422,5.074100015917793,2.1892999939154834,0.0,True,ok,3921,3921
2319,39,3.9000000000000004,19,215399.3186872,215399.3276695,8.494999987306073,8.982300001662225,4.945799999404699,2.170399995520711,0.0,True,ok,3864,3864
2320,40,4.0,19,215399.3517093,215399.3618246,9.673599997768179,10.115299985045567,6.377500016242266,2.078999998047948,0.0,True,ok,3828,3828
2321,41,4.1000000000000005,19,215399.3852944,215399.3937808,8.019100001547486,8.486399980029091,4.752400011057034,2.066999993985519,0.0,True,ok,3659,3659
2322,42,4.2,19,215399.418532,215399.4280701,8.700799982761964,9.538099984638393,4.736099974252284,2.6980999973602593,0.0,True,ok,3989,3989
2323,43,4.3,19,215399.4516263,215399.4615379,9.370899992063642,9.911600005580112,6.00490000215359,2.137400006176904,0.0,True,ok,4294,4294
2324,44,4.4,19,215399.4852884,215399.4946992,8.96510001621209,9.410800004843622,5.20189999951981,2.4557999859098345,0.0,True,ok,4623,4623
2325,45,4.5,19,215399.5187062,215399.5279535,8.783999976003543,9.247299982234836,5.015800008550286,2.4262999941129237,0.0,True,ok,4708,4708
2326,46,4.6000000000000005,19,215399.5517582,215399.5606002,8.262299990747124,8.842000010190532,4.820000001927838,2.1118999866303056,0.0,True,ok,4834,4834
2327,47,4.7,19,215399.5853751,215399.594288,8.310100005473942,8.912899997085333,4.742200020700693,2.297099999850616,0.0,True,ok,4677,4677
2328,48,4.800000000000001,19,215399.6188066,215399.6270335,7.707100012339652,8.226900012232363,4.684000014094636,1.8208000110462308,0.0,True,ok,4591,4591
2329,49,4.9,19,215399.6518856,215399.6622432,9.891699999570847,10.357599996495992,6.225299992365763,2.310699986992404,0.0,True,ok,4442,4442
2330,50,5.0,19,215399.685518,215399.6947496,8.331199991516769,9.231599979102612,4.805900010978803,2.2996000188868493,0.0,True,ok,4408,4408
2331,51,5.1000000000000005,19,215399.7187621,215399.7279149,8.597899985034019,9.152799990260974,4.996799980290234,2.3209000064525753,0.0,True,ok,4418,4418
2332,52,5.2,19,215399.7516588,215399.7617668,9.571699978550896,10.107999987667426,6.300999986706302,2.0080000103916973,0.0,True,ok,4600,4600
2333,53,5.300000000000001,19,215399.7851014,215399.7934091,7.827900000847876,8.307700016302988,4.684299987275153,1.9681999983731657,0.0,True,ok,4489,4489
2334,54,5.4,19,215399.8188759,215399.8279216,8.214600005885586,9.045699989655986,4.8427000001538545,2.1386999869719148,0.0,True,ok,4625,4625
2335,55,5.5,19,215399.8521748,215399.8610104,8.16820000181906,8.835599990561604,4.720800003269687,2.1825000003445894,0.0,True,ok,4379,4379
2336,56,5.6000000000000005,19,215399.885303,215399.8941688,8.15169999259524,8.865800016792491,4.782000003615394,2.0659999863710254,0.0,True,ok,4212,4212
2337,57,5.7,19,215399.91876,215399.9277149,8.460899989586323,8.95489999675192,5.0017999892588705,2.2718999825883657,0.0,True,ok,4229,4229
2338,58,5.800000000000001,19,215399.9518142,215399.96012,7.937699992908165,8.30580000183545,4.5649999810848385,2.0329999970272183,0.0,True,ok,4294,4294
2339,59,5.9,19,215399.9851694,215399.9940195,8.350899996003136,8.850100013660267,4.533100000116974,2.2709000040777028,0.0,True,ok,4337,4337
2340,60,6.0,19,215400.0184464,215400.0288077,9.85259999288246,10.361299995565787,5.399599991505966,3.019800002221018,0.0,True,ok,4334,4334
2341,61,6.1000000000000005,19,215400.0521552,215400.0624244,9.568500012392178,10.269199992762879,4.583200003253296,3.740500018466264,0.0,True,ok,4169,4169
2342,62,6.2,19,215400.085048,215400.0931897,7.525400025770068,8.141700003761798,4.440999997314066,1.8543000041972846,0.0,True,ok,4172,4172
2343,63,6.300000000000001,19,215400.1186754,215400.127823,8.657300000777468,9.147599979769439,4.938700003549457,2.5037000013981014,0.0,True,ok,4147,4147
2344,64,6.4,19,215400.1517936,215400.1619762,9.707699995487928,10.182600002735853,6.266699987463653,2.0369999983813614,0.0,True,ok,4178,4178
2345,65,6.5,19,215400.185161,215400.193671,8.041399996727705,8.509999985108152,4.4606000010389835,2.0932999905198812,0.0,True,ok,4169,4169
2346,66,6.6000000000000005,19,215400.218655,215400.2279069,8.600400004070252,9.251899988157675,5.449100019177422,1.9002000044565648,0.0,True,ok,4168,4168
2347,67,6.7,19,215400.2522533,215400.2629604,10.289900004863739,10.707100009312853,5.5881000007502735,3.48770001437515,0.0,True,ok,4086,4086
2348,68,6.800000000000001,19,215400.2851389,215400.2942314,8.50300001911819,9.09249999676831,4.971299989847466,2.288599993335083,0.0,True,ok,4379,4379
2349,69,6.9,19,215400.3186944,215400.3275503,8.35029999143444,8.855899999616668,4.996099974960089,2.056800003629178,0.0,True,ok,4282,4282
2350,70,7.0,19,215400.3519735,215400.3624694,9.49269998818636,10.495900001842529,5.443100002594292,2.6329999964218587,0.0,True,ok,4247,4247
2351,71,7.1000000000000005,19,215400.385178,215400.393987,8.035499980906025,8.808999991742894,4.657799989217892,2.126400009728968,0.0,True,ok,4354,4354
2352,72,7.2,19,215400.4188119,215400.428024,8.730500005185604,9.212100005242974,4.874300007941201,2.619200007757172,0.0,True,ok,4628,4628
2353,73,7.300000000000001,19,215400.4519966,215400.4613753,8.860899979481474,9.378699993249029,5.7696999865584075,1.897299982374534,0.0,True,ok,4287,4287
2354,74,7.4,19,215400.4854411,215400.4942174,8.21540001197718,8.776300004683435,4.835699975956231,2.131300017936155,0.0,True,ok,4455,4455
2355,75,7.5,19,215400.5184939,215400.5272422,8.196700015105307,8.748300024308264,4.878100007772446,2.0537999807856977,0.0,True,ok,4560,4560
2356,76,7.6000000000000005,19,215400.5520288,215400.5607418,7.981000002473593,8.712999988347292,4.688199987867847,2.0530000037979335,0.0,True,ok,4662,4662
2357,77,7.7,19,215400.5854742,215400.5941877,8.020399982342497,8.713499992154539,4.703599988715723,2.0585000165738165,0.0,True,ok,4381,4381
2358,78,7.800000000000001,19,215400.6186487,215400.6276224,7.95030000153929,8.973699994385242,4.677799995988607,1.898199989227578,0.0,True,ok,4350,4350
2359,79,7.9,19,215400.6520003,215400.6607493,7.978800014825538,8.74900000053458,4.7070999862626195,2.0287999941501766,0.0,True,ok,4058,4058
2360,80,8.0,19,215400.6853442,215400.6939319,8.080900006461889,8.587699994677678,4.810000013094395,2.014700003201142,33.34389999508858,True,ok,4074,4074
2361,81,8.1,19,215400.7184685,215400.7276523,8.604700007708743,9.183799993479624,5.478400009451434,1.9613000040408224,0.0,True,ok,4080,4080
2362,82,8.200000000000001,19,215400.7517148,215400.7603561,8.116600016364828,8.641300024464726,4.888399998890236,1.9080000056419522,0.0,True,ok,4288,4288
2363,83,8.3,19,215400.7854169,215400.7966293,10.715899989008904,11.212399986106902,4.841000016313046,4.640799976186827,0.0,True,ok,4269,4269
2364,84,8.4,19,215400.8185254,215400.8280301,8.826700010104105,9.504699992248788,4.875799990259111,2.796600019792095,0.0,True,ok,3996,3996
2365,85,8.5,19,215400.8517452,215400.8619806,9.712600003695115,10.235399997327477,4.860200016992167,3.625899989856407,0.0,True,ok,4318,4318
2366,86,8.6,19,215400.8854779,215400.8940453,8.044299989705905,8.567399985622615,4.745899990666658,2.0604000019375235,0.0,True,ok,4410,4410
2367,87,8.700000000000001,19,215400.9184145,215400.9273439,8.414599986281246,8.929400006309152,5.111400008900091,2.058400015812367,0.0,True,ok,4345,4345
2368,88,8.8,19,215400.9520167,215400.9605234,7.856499985791743,8.506699989084154,4.626600013580173,2.0508000161498785,0.0,True,ok,3995,3995
2369,89,8.9,19,215400.9849844,215400.9935645,8.061100001214072,8.580099995015189,4.810399987036362,2.0380000059958547,32.96770001179539,True,ok,4114,4114
2370,90,9.0,19,215401.0187443,215401.0272445,7.951200008392334,8.500199997797608,4.7147999866865575,2.0280000171624124,0.0,True,ok,4407,4407
2371,91,9.1,19,215401.0517258,215401.060485,8.150799985742196,8.75919999089092,4.753699991852045,2.1784999989904463,0.0,True,ok,4504,4504
2372,92,9.200000000000001,19,215401.0851996,215401.0940091,8.169899985659868,8.80949999555014,4.8704999790061265,2.105499996105209,0.0,True,ok,4602,4602
2373,93,9.3,19,215401.1186057,215401.1287716,9.036999981617555,10.165899991989136,5.472600023495033,2.2231999901123345,0.0,True,ok,4719,4719
2374,94,9.4,19,215401.1521074,215401.1613507,8.573699975386262,9.243299980880693,5.196299985982478,2.1712000016123056,0.0,True,ok,4623,4623
2375,95,9.5,19,215401.1853957,215401.1945945,8.095800003502518,9.198799991281703,4.615799989551306,2.2600999800488353,0.0,True,ok,4555,4555
2376,96,9.600000000000001,19,215401.2186529,215401.2273858,8.077100006630644,8.732900023460388,4.639300022972748,2.2117000189609826,0.0,True,ok,4902,4902
2377,97,9.700000000000001,19,215401.2519982,215401.2607848,8.24499997543171,8.786599995801225,4.924100008793175,2.044299995759502,0.0,True,ok,4793,4793
2378,98,9.8,19,215401.285446,215401.2952262,9.254999982658774,9.780199994565919,4.974999988917261,2.0019999938085675,0.0,True,ok,4857,4857
2379,99,9.9,19,215401.3186387,215401.3272509,7.943000004161149,8.612200006609783,4.760199983138591,1.868200022727251,0.0,True,ok,4985,4985
2380,100,10.0,19,215401.3517043,215401.360303,7.901999983005226,8.598699991125613,4.6137000026647,2.0413000020198524,0.0,True,ok,4973,4973
2381,101,10.100000000000001,19,215401.3852954,215401.3940859,8.201700024073943,8.79050002549775,4.852999991271645,2.0831000001635402,0.0,True,ok,4507,4507
2382,102,10.200000000000001,19,215401.4186855,215401.4271909,7.9369999875780195,8.505400008289143,4.687200009357184,2.0240000158082694,0.0,True,ok,4834,4834
2383,103,10.3,19,215401.4520619,215401.4613997,8.136099990224466,9.337800001958385,4.879699990851805,2.042400010395795,0.0,True,ok,4943,4943
2384,104,10.4,19,215401.4852517,215401.4938369,7.911499997135252,8.585199975641444,4.726999992271885,1.9964999810326844,0.0,True,ok,5082,5082
2385,105,10.5,19,215401.518249,215401.5272577,8.370300027308986,9.008700028061867,4.7778000007383525,2.0884000114165246,0.0,True,ok,4986,4986
2386,106,10.600000000000001,19,215401.5516736,215401.560223,8.072099997662008,8.549399994080886,5.004100006772205,1.8306999991182238,0.0,True,ok,5037,5037
2387,107,10.700000000000001,19,215401.5853991,215401.5939847,8.111000002827495,8.585600007791072,4.897799983154982,2.039399987552315,0.0,True,ok,5162,5162
2388,108,10.8,19,215401.6187664,215401.6277756,8.627700008219108,9.009200002765283,5.429400014691055,2.1050999930594116,0.0,True,ok,4884,4884
2389,109,10.9,19,215401.651924,215401.6603529,7.862300000851974,8.42890000785701,4.592799989040941,2.0992999779991806,0.0,True,ok,4890,4890
2390,110,11.0,19,215401.685208,215401.69489,8.938900020439178,9.682000003522262,4.850199999054894,2.8885999927297235,0.0,True,ok,4848,4848
2391,111,11.100000000000001,19,215401.7183492,215401.7269623,7.818799989763647,8.613099984358996,4.42559999646619,2.022499975282699,0.0,True,ok,5030,5030
2392,112,11.200000000000001,19,215401.7519776,215401.7608631,8.129699999699369,8.885499992175028,5.045300000347197,1.9155000045429915,0.0,True,ok,5114,5114
2393,113,11.3,19,215401.7850458,215401.794271,8.6406999907922,9.225199988577515,4.502499999944121,2.076399978250265,0.0,True,ok,5293,5293
2394,114,11.4,19,215401.8186109,215401.8277774,8.26150001375936,9.166500007268041,4.7836999874562025,2.2739999985788018,0.0,True,ok,5423,5423
2395,115,11.5,19,215401.8518183,215401.8608597,8.57560001895763,9.041400015121326,4.882399982307106,2.360299986321479,0.0,True,ok,5340,5340
2396,116,11.600000000000001,19,215401.8850307,215401.8934984,7.9317000054288656,8.467699983157218,4.487199999857694,2.252299978863448,0.0,True,ok,5279,5279
2397,117,11.700000000000001,19,215401.9184829,215401.9273386,8.337700011907145,8.8557000271976,4.931500006932765,2.1975999989081174,0.0,True,ok,5498,5498
2398,118,11.8,19,215401.9517429,215401.9612615,9.029899985762313,9.518599981674924,5.831699992995709,2.005899994401261,0.0,True,ok,5517,5517
2399,119,11.9,19,215401.9853304,215401.9940895,8.148299995809793,8.75909999012947,4.738999996334314,2.1831000049132854,0.0,True,ok,5266,5266
2400,0,0.0,20,215402.0207749,215402.0289887,7.682900002691895,8.213799999793991,4.446499980986118,2.060500002698973,0.0,True,ok,4708,4708
2401,1,0.1,20,215402.051742,215402.0611876,8.72669997625053,9.445599978789687,5.275399977108464,2.0692000107374042,0.0,True,ok,4681,4681
2402,2,0.2,20,215402.0853501,215402.0951037,9.264099993743002,9.753599995747209,5.812700022943318,2.2573999885935336,0.0,True,ok,4360,4360
2403,3,0.30000000000000004,20,215402.1186592,215402.1275437,8.345699985511601,8.884499984560534,4.671000002417713,2.4206000089179724,0.0,True,ok,4532,4532
2404,4,0.4,20,215402.1520347,215402.1613449,8.65400000475347,9.310199995525181,5.507299996679649,1.974799990421161,0.0,True,ok,4533,4533
2405,5,0.5,20,215402.1850319,215402.1938538,8.35190000361763,8.821900002658367,4.918599996017292,2.2680000110995024,0.0,True,ok,4334,4334
2406,6,0.6000000000000001,20,215402.2182837,215402.2265796,7.674300024518743,8.295900013763458,4.443200014065951,2.044100023340434,0.0,True,ok,4462,4462
2407,7,0.7000000000000001,20,215402.2518436,215402.2606257,8.285699994303286,8.782099990639836,4.9079000018537045,2.024599991273135,0.0,True,ok,4479,4479
2408,8,0.8,20,215402.2854023,215402.2949151,8.32960000843741,9.512799995718524,4.585699993185699,2.6058999937959015,0.0,True,ok,4534,4534
2409,9,0.9,20,215402.3186496,215402.3277649,8.17250000545755,9.115299995755777,4.924499982735142,2.0831000001635402,0.0,True,ok,4491,4491
2410,10,1.0,20,215402.3520948,215402.360697,8.142699982272461,8.60219998867251,4.705100000137463,2.24170001456514,0.0,True,ok,4600,4600
2411,11,1.1,20,215402.3855939,215402.3953454,8.93250000081025,9.751500008860603,5.468999996082857,2.171000000089407,0.0,True,ok,4781,4781
2412,12,1.2000000000000002,20,215402.4186334,215402.4273156,8.041799999773502,8.68220001575537,4.696400021202862,2.0133000216446817,0.0,True,ok,5044,5044
2413,13,1.3,20,215402.4516645,215402.4613323,9.145799995167181,9.667800011811778,5.72200000169687,2.2319999989122152,0.0,True,ok,4620,4620
2414,14,1.4000000000000001,20,215402.4855842,215402.495948,9.300500008976087,10.36379998549819,5.580600001849234,2.337499987334013,0.0,True,ok,4785,4785
2415,15,1.5,20,215402.5183689,215402.5270685,8.235599991166964,8.699600002728403,4.805200005648658,2.226999989943579,0.0,True,ok,5045,5045
2416,16,1.6,20,215402.5521053,215402.5618761,9.086899983230978,9.770799981197342,5.626600002869964,2.176299982238561,0.0,True,ok,5382,5382
2417,17,1.7000000000000002,20,215402.5851192,215402.5938502,8.137700002407655,8.73100000899285,4.788799997186288,2.100599987898022,0.0,True,ok,5312,5312
2418,18,1.8,20,215402.6188721,215402.6276463,7.790700008627027,8.77420001779683,4.65519999852404,1.9046000088565052,0.0,True,ok,5363,5363
2419,19,1.9000000000000001,20,215402.6522114,215402.6623293,8.97249998524785,10.11789997573942,5.54709997959435,2.1769999875687063,0.0,True,ok,5455,5455
2420,20,2.0,20,215402.6853268,215402.6946266,8.786999998847023,9.299799974542111,4.906100017251447,2.4173999845515937,0.0,True,ok,5508,5508
2421,21,2.1,20,215402.7187425,215402.7272012,7.972899999003857,8.458700001938269,4.658699996070936,1.9739000126719475,0.0,True,ok,5300,5300
2422,22,2.2,20,215402.7520497,215402.7618729,9.087200014619157,9.823200001846999,5.491599993547425,2.198400004999712,0.0,True,ok,5384,5384
2423,23,2.3000000000000003,20,215402.784925,215402.7940364,8.713999995961785,9.111399995163083,4.80339999194257,2.1653999865520746,0.0,True,ok,5355,5355
2424,24,2.4000000000000004,20,215402.8187745,215402.8281416,8.8672999991104,9.367100021336228,5.0678999978117645,2.591900003608316,33.849499974166974,True,ok,5072,5072
2425,25,2.5,20,215402.8518294,215402.8627975,10.583800001768395,10.968100017635152,6.748600018909201,2.4924000026658177,0.0,True,ok,4851,4851
2426,26,2.6,20,215402.8853071,215402.8936337,7.786900008795783,8.32660001469776,4.488500009756535,2.045800007181242,0.0,True,ok,4933,4933
2427,27,2.7,20,215402.9184188,215402.9271697,7.651299994904548,8.750900015002117,4.645699984394014,1.8216999887954444,0.0,True,ok,4889,4889
2428,28,2.8000000000000003,20,215402.9520269,215402.9625871,10.04389999434352,10.560199996689335,5.962099996395409,2.890900010243058,0.0,True,ok,4508,4508
2429,29,2.9000000000000004,20,215402.9852128,215402.9954036,9.051600005477667,10.190800006967038,5.81679999595508,2.001400018343702,0.0,True,ok,4516,4516
2430,30,3.0,20,215403.0185426,215403.0272605,8.021000016015023,8.717899996554479,4.8402000102214515,1.994000020204112,0.0,True,ok,4326,4326
2431,31,3.1,20,215403.0521236,215403.0605318,7.918399991467595,8.40819999575615,4.669499990995973,2.052600000752136,0.0,True,ok,4407,4407
2432,32,3.2,20,215403.0852848,215403.0943361,8.299600012833253,9.051300003193319,4.819099995074794,2.1417999814730138,0.0,True,ok,4113,4113
2433,33,3.3000000000000003,20,215403.1183416,215403.1268574,8.119400008581579,8.515800000168383,5.088000005343929,1.8453999946359545,0.0,True,ok,4211,4211
2434,34,3.4000000000000004,20,215403.1519995,215403.1616578,9.207299997797236,9.658299997681752,6.005600007483736,2.0292999979574233,0.0,True,ok,4198,4198
2435,35,3.5,20,215403.1855888,215403.1947518,8.182100020349026,9.163000009721145,4.802200011909008,2.237100008642301,0.0,True,ok,4125,4125
2436,36,3.6,20,215403.2185949,215403.2273373,8.151999994879588,8.742399979382753,4.738299991004169,2.148200001101941,0.0,True,ok,4267,4267
2437,37,3.7,20,215403.2517046,215403.2601036,7.838800025638193,8.399000013014302,4.749900021124631,1.9524999952409416,0.0,True,ok,3805,3805
2438,38,3.8000000000000003,20,215403.2853078,215403.2937027,7.994899991899729,8.39490001089871,4.7657999966759235,2.106499974615872,0.0,True,ok,3921,3921
2439,39,3.9000000000000004,20,215403.3186369,215403.3274799,8.235699991928414,8.843000017805025,4.7879999910946935,2.1182000054977834,0.0,True,ok,3864,3864
2440,40,4.0,20,215403.3525491,215403.3617717,8.084600005531684,9.222599997883663,4.957899975124747,1.9823000184260309,0.0,True,ok,3828,3828
2441,41,4.1000000000000005,20,215403.3853962,215403.3942207,8.348599978489801,8.82449999335222,4.893300007097423,2.277000021422282,0.0,True,ok,3659,3659
2442,42,4.2,20,215403.4191139,215403.4275105,7.735899998806417,8.396600023843348,4.4547000143211335,2.156200003810227,0.0,True,ok,3989,3989
2443,43,4.3,20,215403.4520948,215403.4611283,8.490000007441267,9.033499984070659,5.439199972897768,1.9218999950680882,0.0,True,ok,4294,4294
2444,44,4.4,20,215403.4850119,215403.4950498,9.315400006016716,10.03790000686422,5.814799980726093,2.3064000124577433,0.0,True,ok,4623,4623
2445,45,4.5,20,215403.5187468,215403.5283248,8.45699998899363,9.577999997418374,4.8630999808665365,2.3941000108607113,0.0,True,ok,4708,4708
2446,46,4.6000000000000005,20,215403.55174,215403.5601158,7.8483000106643885,8.375800010981038,4.7042999940458685,1.943300012499094,0.0,True,ok,4834,4834
2447,47,4.7,20,215403.5854449,215403.5957995,9.467099996982142,10.354600002756342,4.704699997091666,3.5214000090491027,0.0,True,ok,4677,4677
2448,48,4.800000000000001,20,215403.6185673,215403.627662,8.743400016101077,9.094700013520196,4.8772999725770205,2.53800000064075,0.0,True,ok,4591,4591
2449,49,4.9,20,215403.6516992,215403.6621751,9.838800004217774,10.475899995071813,6.335599988233298,2.2483000066131353,0.0,True,ok,4442,4442
2450,50,5.0,20,215403.6853985,215403.6949552,9.03489999473095,9.556699980748817,5.498000013176352,2.271699981065467,0.0,True,ok,4408,4408
2451,51,5.1000000000000005,20,215403.7188407,215403.7276626,8.23609999497421,8.821900002658367,4.760300013003871,2.1455000096466392,0.0,True,ok,4418,4418
2452,52,5.2,20,215403.7518424,215403.7603869,7.951099978527054,8.5444999858737,4.748899984406307,1.9928999827243388,0.0,True,ok,4600,4600
2453,53,5.300000000000001,20,215403.7855057,215403.7937389,7.874100003391504,8.23320000199601,4.751800006488338,1.9669000175781548,0.0,True,ok,4489,4489
2454,54,5.4,20,215403.8183343,215403.8286947,9.618200012482703,10.360399988712743,4.988100001355633,3.3750000002328306,0.0,True,ok,4625,4625
2455,55,5.5,20,215403.8518463,215403.8623027,9.92670000414364,10.456399992108345,6.447100022342056,2.2541000216733664,0.0,True,ok,4379,4379
2456,56,5.6000000000000005,20,215403.8853799,215403.8940536,7.981000002473593,8.673700009239838,4.789700004039332,2.0016999915242195,0.0,True,ok,4212,4212
2457,57,5.7,20,215403.9183936,215403.9275828,8.72360001085326,9.189200005494058,5.157899984624237,2.363600011449307,0.0,True,ok,4229,4229
2458,58,5.800000000000001,20,215403.9520522,215403.9618064,9.19189999694936,9.754200000315905,5.737800005590543,2.223099989350885,0.0,True,ok,4294,4294
2459,59,5.9,20,215403.9852846,215403.9941751,8.407299988903105,8.890500001143664,4.976299998816103,2.1607000089716166,0.0,True,ok,4337,4337
2460,60,6.0,20,215404.0183495,215404.0274777,8.460799988824874,9.12820000667125,5.056299996795133,2.2234999923966825,0.0,True,ok,4334,4334
2461,61,6.1000000000000005,20,215404.052072,215404.0623713,9.26020002225414,10.299300018232316,5.344600009266287,2.571599994553253,0.0,True,ok,4169,4169
2462,62,6.2,20,215404.0850362,215404.0938336,8.207899983972311,8.797399990726262,4.657499986933544,2.348500012885779,0.0,True,ok,4172,4172
2463,63,6.300000000000001,20,215404.1184948,215404.1277892,8.789999992586672,9.294399991631508,5.391699989559129,2.1730999869760126,0.0,True,ok,4147,4147
2464,64,6.4,20,215404.1520713,215404.1619206,9.37259997590445,9.849299996858463,6.10719999531284,2.0186000037938356,0.0,True,ok,4178,4178
2465,65,6.5,20,215404.1855127,215404.1940519,8.032400015508756,8.539200003724545,4.821900016395375,2.0035999768879265,0.0,True,ok,4169,4169
2466,66,6.6000000000000005,20,215404.218729,215404.2278428,8.015800005523488,9.113800013437867,4.774900007760152,1.9977999909315258,0.0,True,ok,4168,4168
2467,67,6.7,20,215404.2518396,215404.2601918,7.686099997954443,8.352199976798147,4.487900005187839,1.9783999887295067,0.0,True,ok,4086,4086
2468,68,6.800000000000001,20,215404.2852413,215404.2949873,9.315700008301064,9.74599999608472,5.310799984727055,2.00609999592416,0.0,True,ok,4379,4379
2469,69,6.9,20,215404.3188563,215404.3280187,8.693900017533451,9.162400005152449,5.074899992905557,2.3655999975744635,0.0,True,ok,4282,4282
2470,70,7.0,20,215404.3518725,215404.3620577,9.505699999863282,10.185199993429706,6.017600011546165,2.1899999992456287,0.0,True,ok,4247,4247
2471,71,7.1000000000000005,20,215404.3849964,215404.3936246,8.0821999872569,8.628199982922524,4.825999989407137,2.001499990001321,0.0,True,ok,4354,4354
2472,72,7.2,20,215404.4184358,215404.4283537,9.376100002555177,9.91789999534376,6.125799991423264,1.988099975278601,0.0,True,ok,4628,4628
2473,73,7.300000000000001,20,215404.4524686,215404.4608286,7.699299982050434,8.359999977983534,4.526900011114776,1.948200020706281,0.0,True,ok,4287,4287
2474,74,7.4,20,215404.4854632,215404.4939271,7.770600001094863,8.463900012429804,4.502399999182671,2.0096999942325056,0.0,True,ok,4455,4455
2475,75,7.5,20,215404.5185115,215404.5271464,7.910900021670386,8.6349000048358,4.699199984315783,1.9042000058107078,0.0,True,ok,4560,4560
2476,76,7.6000000000000005,20,215404.5520623,215404.561398,8.423699997365475,9.335699985967949,4.874100006418303,2.2120999929029495,0.0,True,ok,4662,4662
2477,77,7.7,20,215404.5851416,215404.5943788,8.472699992125854,9.237199992639944,4.887999995844439,2.169799990952015,0.0,True,ok,4381,4381
2478,78,7.800000000000001,20,215404.6186722,215404.6277496,8.467000006930903,9.077399998204783,4.812500003026798,2.1311000164132565,0.0,True,ok,4350,4350
2479,79,7.9,20,215404.6516844,215404.6601449,7.966500008478761,8.460499986540526,4.80480000260286,1.9060000195167959,0.0,True,ok,4058,4058
2480,80,8.0,20,215404.6854288,215404.6952657,8.699199999682605,9.836899989750236,5.17379998927936,2.2401000023819506,33.744399988790974,True,ok,4074,4074
2481,81,8.1,20,215404.7187505,215404.7280195,8.799000002909452,9.26900000195019,5.473599972901866,1.9640000245999545,0.0,True,ok,4080,4080
2482,82,8.200000000000001,20,215404.7518067,215404.7614759,9.020299999974668,9.669200022472069,5.764400004409254,1.9714999943971634,0.0,True,ok,4288,4288
2483,83,8.3,20,215404.7851502,215404.7934451,7.7139999775681645,8.294899977045134,4.4027999974787235,2.077100012684241,0.0,True,ok,4269,4269
2484,84,8.4,20,215404.8186357,215404.8277886,8.647899987408891,9.152899991022423,4.950999980792403,2.323599997907877,0.0,True,ok,3996,3996
2485,85,8.5,20,215404.8517807,215404.8616156,9.099799994146451,9.83490000362508,5.621400021482259,2.1287999988999218,0.0,True,ok,4318,4318
2486,86,8.6,20,215404.8854116,215404.8943571,8.454499999061227,8.945500012487173,4.9297999939881265,2.213200001278892,0.0,True,ok,4410,4410
2487,87,8.700000000000001,20,215404.9185672,215404.9274989,8.316100022057071,8.931700023822486,4.9322999839205295,2.03130001318641,0.0,True,ok,4345,4345
2488,88,8.8,20,215404.9516061,215404.9601108,7.8637999831698835,8.504700002958998,4.599799984134734,2.0268999796826392,0.0,True,ok,3995,3995
2489,89,8.9,20,215404.9853651,215404.9944281,7.892900001024827,9.0630000049714,4.749399988213554,1.8696000042837113,0.0,True,ok,4114,4114
2490,90,9.0,20,215405.0186132,215405.0272584,8.145300002070144,8.64519999595359,4.920600011246279,1.968900003703311,0.0,True,ok,4407,4407
2491,91,9.1,20,215405.0517165,215405.0611962,8.32520000403747,9.479700005613267,4.836499982047826,2.1631999989040196,0.0,True,ok,4504,4504
2492,92,9.200000000000001,20,215405.0854222,215405.09551,9.537600009934977,10.087800008477643,4.778700007591397,2.3318000021390617,0.0,True,ok,4602,4602
2493,93,9.3,20,215405.1184052,215405.128035,9.00680001359433,9.629800013499334,4.711200017482042,2.942599996458739,0.0,True,ok,4719,4719
2494,94,9.4,20,215405.1520995,215405.1610336,8.450199995422736,8.93409998388961,4.841699992539361,2.242999995360151,0.0,True,ok,4623,4623
2495,95,9.5,20,215405.185291,215405.1940932,8.3116999885533,8.802199998172,4.784999997355044,2.1902000007685274,0.0,True,ok,4555,4555
2496,96,9.600000000000001,20,215405.218608,215405.227639,8.37979998323135,9.030999994138256,4.751699976623058,2.193799999076873,0.0,True,ok,4902,4902
2497,97,9.700000000000001,20,215405.2516783,215405.2602232,7.870699977502227,8.544899988919497,4.603100009262562,1.9157000060658902,0.0,True,ok,4793,4793
2498,98,9.8,20,215405.2849824,215405.2938665,8.106499997666106,8.884100010618567,4.7842999920248985,1.9954000017605722,0.0,True,ok,4857,4857
2499,99,9.9,20,215405.3184474,215405.3269228,7.9110000224318355,8.475400012684986,4.633300006389618,1.909899991005659,0.0,True,ok,4985,4985
2500,100,10.0,20,215405.3516474,215405.3606469,8.510799991199747,8.999499987112358,4.871900018770248,2.057400008197874,0.0,True,ok,4973,4973
2501,101,10.100000000000001,20,215405.3852752,215405.3942997,8.503900025971234,9.02450000285171,4.89519999246113,2.29060000856407,0.0,True,ok,4507,4507
2502,102,10.200000000000001,20,215405.418627,215405.4280365,8.285499992780387,9.409499994944781,4.808500001672655,2.078499994240701,0.0,True,ok,4834,4834
2503,103,10.3,20,215405.4517778,215405.4602471,7.888499996624887,8.469300024444237,4.513099993346259,1.9842000037897378,0.0,True,ok,4943,4943
2504,104,10.4,20,215405.4851773,215405.4945736,8.303800015710294,9.39630001084879,4.944600019371137,1.9858000159729272,0.0,True,ok,5082,5082
2505,105,10.5,20,215405.518298,215405.5274433,8.062200009590015,9.145299991359934,4.674099996918812,2.06540001090616,0.0,True,ok,4986,4986
2506,106,10.600000000000001,20,215405.5519334,215405.561223,8.19190000765957,9.28959998418577,4.760900017572567,2.0330999977886677,0.0,True,ok,5037,5037
2507,107,10.700000000000001,20,215405.5852495,215405.594182,8.461799996439368,8.93250000081025,4.876299994066358,2.1139000018592924,0.0,True,ok,5162,5162
2508,108,10.8,20,215405.6185365,215405.6274186,8.542499999748543,8.88209999538958,4.689699999289587,2.4649999977555126,0.0,True,ok,4884,4884
2509,109,10.9,20,215405.6518305,215405.6620063,8.918400009861216,10.17580000916496,5.556800024351105,2.0117000094614923,0.0,True,ok,4890,4890
2510,110,11.0,20,215405.685279,215405.6949752,9.126999997533858,9.696199995232746,5.581500008702278,2.202600007876754,0.0,True,ok,4848,4848
2511,111,11.100000000000001,20,215405.7183717,215405.72714,7.9711000144016,8.768300001975149,4.600099986419082,2.0423000096343458,0.0,True,ok,5030,5030
2512,112,11.200000000000001,20,215405.7519545,215405.7616377,8.753000001888722,9.683199983555824,5.455200007418171,1.9469000108074397,0.0,True,ok,5114,5114
2513,113,11.3,20,215405.7849676,215405.7945129,9.125899989157915,9.545300010358915,5.149399978108704,2.5616999773774296,33.01309997914359,True,ok,5293,5293
2514,114,11.4,20,215405.8186671,215405.8290296,9.292200003983453,10.362500004703179,5.286100000375882,2.4052000080700964,0.0,True,ok,5423,5423
2515,115,11.5,20,215405.8518469,215405.86243,10.058900021249428,10.58309999643825,6.310900003882125,2.3201000003609806,0.0,True,ok,5340,5340
2516,116,11.600000000000001,20,215405.8850574,215405.8943214,8.813399996142834,9.263999992981553,5.330400017555803,2.1492000087164342,0.0,True,ok,5279,5279
2517,117,11.700000000000001,20,215405.9184998,215405.9281887,8.89249998726882,9.688899997854605,5.369599995901808,2.130799985025078,0.0,True,ok,5498,5498
2518,118,11.8,20,215405.9523238,215405.9618193,8.302000002004206,9.49549998040311,4.526599979726598,2.1541000169236213,0.0,True,ok,5517,5517
2519,119,11.9,20,215405.9852696,215405.9940955,8.174599992344156,8.82590000401251,4.717200004961342,2.0417999767232686,0.0,True,ok,5266,5266
2520,0,0.0,21,215406.0211048,215406.0298227,8.161899982951581,8.717899996554479,4.569399985484779,2.181100018788129,0.0,True,ok,4708,4708
2521,1,0.1,21,215406.0518334,215406.0608546,8.533599990187213,9.021199977723882,5.014700000174344,1.982799993129447,0.0,True,ok,4681,4681
2522,2,0.2,21,215406.0852835,215406.0943113,8.404499996686354,9.027799998875707,4.691200010711327,2.08760000532493,0.0,True,ok,4360,4360
2523,3,0.30000000000000004,21,215406.1185973,215406.1277767,8.761100005358458,9.179400018183514,5.040999996708706,2.415900002233684,0.0,True,ok,4532,4532
2524,4,0.4,21,215406.1518983,215406.1607211,8.221800002502277,8.82279998040758,4.707499989308417,2.0062999974470586,0.0,True,ok,4533,4533
2525,5,0.5,21,215406.1849844,215406.1948299,9.253199998056516,9.845499997027218,4.828400007681921,3.082200011704117,0.0,True,ok,4334,4334
2526,6,0.6000000000000001,21,215406.2184205,215406.2272453,8.375699981115758,8.824799995636567,4.858300002524629,2.136900002369657,0.0,True,ok,4462,4462
2527,7,0.7000000000000001,21,215406.2517354,215406.2614774,9.24079999094829,9.741999994730577,5.91610002447851,1.9825999916065484,0.0,True,ok,4479,4479
2528,8,0.8,21,215406.2853168,215406.2963047,10.606399999232963,10.987899993779138,5.565799976466224,3.035200003068894,0.0,True,ok,4534,4534
2529,9,0.9,21,215406.3187629,215406.3287845,9.521299973130226,10.0215999991633,5.157900013728067,2.8581999940797687,33.44609998748638,True,ok,4491,4491
2530,10,1.0,21,215406.3519239,215406.3618903,9.368900005938485,9.966400015400723,5.927599995629862,2.084099978674203,0.0,True,ok,4600,4600
2531,11,1.1,21,215406.3853796,215406.3941677,8.289899997180328,8.788100007222965,4.8537999973632395,2.045500004896894,0.0,True,ok,4781,4781
2532,12,1.2000000000000002,21,215406.4187497,215406.4289118,9.693100000731647,10.162099992157891,4.87889998476021,2.1336000063456595,33.37010001996532,True,ok,5044,5044
2533,13,1.3,21,215406.451892,215406.4628782,10.597599990433082,10.986199980834499,5.5847000039648265,3.5598000104073435,0.0,True,ok,4620,4620
2534,14,1.4000000000000001,21,215406.4853564,215406.4947346,8.731400012038648,9.378200018545613,4.931000003125519,2.280400018207729,0.0,True,ok,4785,4785
2535,15,1.5,21,215406.5185508,215406.5275727,8.54869998875074,9.021899983054027,5.014900001697242,2.1163999917916954,0.0,True,ok,5045,5045
2536,16,1.6,21,215406.5523622,215406.5615664,8.76070000231266,9.204200003296137,4.874300007941201,2.1940000005997717,0.0,True,ok,5382,5382
2537,17,1.7000000000000002,21,215406.5850234,215406.5938083,8.224899997003376,8.784900011960417,4.721399978734553,1.95569999050349,0.0,True,ok,5312,5312
2538,18,1.8,21,215406.6185012,215406.6278114,8.806400001049042,9.310199995525181,4.971000016666949,2.092599985189736,0.0,True,ok,5363,5363
2539,19,1.9000000000000001,21,215406.6519675,215406.6633631,10.880199988605455,11.395600013202056,6.1984999920241535,3.1912999984342605,0.0,True,ok,5455,5455
2540,20,2.0,21,215406.6851428,215406.6945863,8.593500009737909,9.443499991903082,4.761099989991635,2.363600011449307,0.0,True,ok,5508,5508
2541,21,2.1,21,215406.7189946,215406.7281693,8.35910000023432,9.174700011499226,4.67439999920316,2.1437999967020005,0.0,True,ok,5300,5300
2542,22,2.2,21,215406.7518303,215406.7604638,8.061799977440387,8.633499994175509,4.346500005340204,2.243599999928847,0.0,True,ok,5384,5384
2543,23,2.3000000000000003,21,215406.7854619,215406.7944428,8.601099980296567,8.980899991001934,4.667899978812784,2.487899997504428,0.0,True,ok,5355,5355
2544,24,2.4000000000000004,21,215406.8183565,215406.8277975,8.918800012907013,9.441000001970679,5.11160001042299,2.342699997825548,0.0,True,ok,5072,5072
2545,25,2.5,21,215406.8520101,215406.8625712,9.875999996438622,10.561100003542379,6.196200003614649,2.2486000088974833,0.0,True,ok,4851,4851
2546,26,2.6,21,215406.8850548,215406.8934903,7.956999994348735,8.435499999905005,4.4572000042535365,2.0727000082843006,0.0,True,ok,4933,4933
2547,27,2.7,21,215406.918252,215406.9268724,8.061800006544217,8.620400010840967,4.642400017473847,1.9931999850086868,0.0,True,ok,4889,4889
2548,28,2.8000000000000003,21,215406.9517972,215406.9604814,8.205399994039908,8.684200001880527,4.3360999843571335,2.2902000055182725,0.0,True,ok,4508,4508
2549,29,2.9000000000000004,21,215406.9852207,215406.9941799,8.226800011470914,8.95920000039041,4.816200002096593,1.968900003703311,0.0,True,ok,4516,4516
2550,30,3.0,21,215407.0184118,215407.0300532,10.333599988371134,11.641399993095547,5.728599993744865,2.680100005818531,0.0,True,ok,4326,4326
2551,31,3.1,21,215407.0520442,215407.0609934,8.421200007433072,8.949199982453138,4.777000023750588,1.9829999946523458,33.63240000908263,True,ok,4407,4407
2552,32,3.2,21,215407.0853773,215407.0940337,8.167099993443117,8.656399993924424,4.865700000664219,1.9482999923639,0.0,True,ok,4113,4113
2553,33,3.3000000000000003,21,215407.1189247,215407.1274888,8.081100007984787,8.564100018702447,4.713300004368648,2.027399983489886,0.0,True,ok,4211,4211
2554,34,3.4000000000000004,21,215407.1520308,215407.1625815,10.0644999765791,10.550699982559308,5.921200005104765,2.809400000842288,0.0,True,ok,4198,4198
2555,35,3.5,21,215407.1850101,215407.1938006,8.112200011964887,8.79050002549775,4.726599989226088,2.134300011675805,0.0,True,ok,4125,4125
2556,36,3.6,21,215407.2186021,215407.2274147,8.353100012755021,8.81259999005124,4.959200014127418,2.149899984942749,0.0,True,ok,4267,4267
2557,37,3.7,21,215407.252075,215407.2620297,9.333100024377927,9.954700013622642,6.045200017979369,1.9776999833993614,0.0,True,ok,3805,3805
2558,38,3.8000000000000003,21,215407.2852184,215407.2946138,9.016900003189221,9.395400003995746,5.392499995650724,2.171600004658103,0.0,True,ok,3921,3921
2559,39,3.9000000000000004,21,215407.3185519,215407.3304927,11.46310000331141,11.940800002776086,5.041600001277402,4.975599993485957,0.0,True,ok,3864,3864
2560,40,4.0,21,215407.351768,215407.3615259,9.031399997184053,9.7578999993857,5.82120000035502,1.9809000077657402,0.0,True,ok,3828,3828
2561,41,4.1000000000000005,21,215407.3852495,215407.3948724,9.147900011157617,9.622900019166991,5.266899999696761,2.595199999632314,0.0,True,ok,3659,3659
2562,42,4.2,21,215407.4187903,215407.4281749,8.06740002008155,9.38460000907071,4.660200007492676,2.130900014890358,0.0,True,ok,3989,3989
2563,43,4.3,21,215407.4516425,215407.4612837,9.254199976567179,9.641199983889237,6.044799985829741,1.9533000013325363,0.0,True,ok,4294,4294
2564,44,4.4,21,215407.4851666,215407.4965125,10.77709998935461,11.345899984007701,5.009399988921359,4.356899997219443,0.0,True,ok,4623,4623
2565,45,4.5,21,215407.5186382,215407.5279349,8.802399999694899,9.296699980041012,4.925599991111085,2.383500017458573,33.471600007032976,True,ok,4708,4708
2566,46,4.6000000000000005,21,215407.5517389,215407.5607152,8.527800004230812,8.976300014182925,4.7950999869499356,2.1927999914623797,33.10069997678511,True,ok,4834,4834
2567,47,4.7,21,215407.5854765,215407.5943362,8.248300000559539,8.859699999447912,4.751000000396743,2.193199994508177,0.0,True,ok,4677,4677
2568,48,4.800000000000001,21,215407.6187665,215407.6283912,9.114200016483665,9.624700003769249,6.098499987274408,1.7863000102806836,33.28999999212101,True,ok,4591,4591
2569,49,4.9,21,215407.6520621,215407.6618889,8.820700022624806,9.826800000155345,5.651599989505485,1.8515999836381525,0.0,True,ok,4442,4442
2570,50,5.0,21,215407.6850748,215407.6942792,8.526799996616319,9.204399975715205,4.952100018272176,2.2695999941788614,0.0,True,ok,4408,4408
2571,51,5.1000000000000005,21,215407.7185735,215407.7273822,8.339700027136132,8.808700018562376,4.8180999874603,2.216299995779991,0.0,True,ok,4418,4418
2572,52,5.2,21,215407.7519994,215407.7624943,9.833099989918992,10.494899994228035,6.447499996284023,1.9929000118281692,0.0,True,ok,4600,4600
2573,53,5.300000000000001,21,215407.7850672,215407.7937503,8.306400006404147,8.683100022608414,5.039200012106448,1.9112000009045005,0.0,True,ok,4489,4489
2574,54,5.4,21,215407.8183676,215407.8273394,8.518100017681718,8.971800009021536,4.949199996190146,2.2554000024683774,0.0,True,ok,4625,4625
2575,55,5.5,21,215407.8521394,215407.8628409,10.218899988103658,10.70149999577552,6.463300000177696,2.443699981085956,0.0,True,ok,4379,4379
2576,56,5.6000000000000005,21,215407.8850959,215407.8933829,7.810299983248115,8.286999975098297,4.5486000017262995,2.019600011408329,0.0,True,ok,4212,4212
2577,57,5.7,21,215407.9184712,215407.9271515,8.233999978983775,8.680299972184002,4.850500001339242,2.0659000147134066,0.0,True,ok,4229,4229
2578,58,5.800000000000001,21,215407.95225,215407.9616786,8.232399995904416,9.428599994862452,4.8673999845050275,2.0653999818023294,0.0,True,ok,4294,4294
2579,59,5.9,21,215407.9855255,215407.9946163,8.601200010161847,9.090800012927502,5.0202999846078455,2.236200001789257,0.0,True,ok,4337,4337
2580,60,6.0,21,215408.0185561,215408.0281737,9.169299999484792,9.617600007914007,5.1071000052616,2.461899974150583,0.0,True,ok,4334,4334
2581,61,6.1000000000000005,21,215408.05219,215408.0620439,8.844500000122935,9.853900002781302,5.233900010352954,2.2533999872393906,0.0,True,ok,4169,4169
2582,62,6.2,21,215408.0850025,215408.0937048,8.207300008507445,8.702299994183704,4.887199989752844,2.009799994993955,32.812500023283064,True,ok,4172,4172
2583,63,6.300000000000001,21,215408.1186532,215408.1288256,9.719900001073256,10.172399983275682,4.760000010719523,3.718199994182214,0.0,True,ok,4147,4147
2584,64,6.4,21,215408.1519475,215408.162098,9.097900008782744,10.15049999114126,5.604300007689744,2.124299993738532,0.0,True,ok,4178,4178
2585,65,6.5,21,215408.1851237,215408.19414,8.12070001848042,9.016299998620525,4.805700009455904,2.0364999945741147,0.0,True,ok,4169,4169
2586,66,6.6000000000000005,21,215408.2187135,215408.2275549,8.243099990068004,8.841399976518005,4.834299994399771,2.1269999851938337,0.0,True,ok,4168,4168
2587,67,6.7,21,215408.2520432,215408.2628619,10.23039998835884,10.81870001507923,6.483400007709861,2.251600002637133,0.0,True,ok,4086,4086
2588,68,6.800000000000001,21,215408.2849894,215408.2940617,8.68959998479113,9.072299988474697,5.178999999770895,2.2467999951913953,0.0,True,ok,4379,4379
2589,69,6.9,21,215408.318864,215408.327661,8.238499984145164,8.796999987680465,5.0477999902796,1.8868999904952943,0.0,True,ok,4282,4282
2590,70,7.0,21,215408.3518769,215408.3620134,9.676999994553626,10.136500000953674,6.213700020452961,2.1585000213235617,0.0,True,ok,4247,4247
2591,71,7.1000000000000005,21,215408.3850343,215408.3941145,8.282599999802187,9.080199990421534,4.9687000282574445,1.9823999900836498,0.0,True,ok,4354,4354
2592,72,7.2,21,215408.4188091,215408.4276025,8.286200027214363,8.79340001847595,4.7808999952394515,2.2093000006861985,0.0,True,ok,4628,4628
2593,73,7.300000000000001,21,215408.4518347,215408.4613949,8.98749998304993,9.560199978295714,5.82419999409467,1.9372999959159642,0.0,True,ok,4287,4287
2594,74,7.4,21,215408.4852034,215408.4955907,9.124700009124354,10.387300018919632,5.623400007607415,2.1451999782584608,0.0,True,ok,4455,4455
2595,75,7.5,21,215408.5188883,215408.5278546,8.434299990767613,8.966299996245652,4.967299988493323,2.0761000050697476,0.0,True,ok,4560,4560
2596,76,7.6000000000000005,21,215408.5521022,215408.5609446,8.255799999460578,8.842400013236329,4.726900020614266,2.1044999884907156,0.0,True,ok,4662,4662
2597,77,7.7,21,215408.5855389,215408.5950241,8.934600016800687,9.48520001838915,5.029799998737872,2.606399997603148,0.0,True,ok,4381,4381
2598,78,7.800000000000001,21,215408.6185978,215408.6272966,8.134999981848523,8.698799996636808,4.740400006994605,2.0761000050697476,0.0,True,ok,4350,4350
2599,79,7.9,21,215408.6516767,215408.6603373,8.156700001563877,8.660599996801466,4.940699989674613,1.9410999957472086,0.0,True,ok,4058,4058
2600,80,8.0,21,215408.685544,215408.6950891,8.735999988857657,9.545099979732186,4.942900006426498,2.512700011720881,0.0,True,ok,4074,4074
2601,81,8.1,21,215408.7186348,215408.7274416,8.280899986857548,8.806800004094839,4.916400008369237,2.1139000018592924,0.0,True,ok,4080,4080
2602,82,8.200000000000001,21,215408.7518258,215408.7623712,9.660699986852705,10.545400000410154,6.111099995905533,2.110700006596744,0.0,True,ok,4288,4288
2603,83,8.3,21,215408.7852135,215408.7948755,8.41549999313429,9.661999996751547,5.005699989851564,2.0383000082802027,0.0,True,ok,4269,4269
2604,84,8.4,21,215408.8187279,215408.8280162,8.79039999563247,9.288299974286929,4.785500001162291,2.507800003513694,0.0,True,ok,3996,3996
2605,85,8.5,21,215408.8518302,215408.8621936,9.867700020549819,10.363400011556223,6.351000018185005,2.221100003225729,0.0,True,ok,4318,4318
2606,86,8.6,21,215408.8853993,215408.8955323,9.654699999373406,10.133000003406778,5.734599981224164,2.386000007390976,0.0,True,ok,4410,4410
2607,87,8.700000000000001,21,215408.9185207,215408.9272186,8.153100003255531,8.697899989783764,4.828999983146787,2.046900015557185,0.0,True,ok,4345,4345
2608,88,8.8,21,215408.952211,215408.9614913,8.243399992352352,9.280300000682473,5.077599984360859,1.9499000045470893,33.69029998430051,True,ok,3995,3995
2609,89,8.9,21,215408.9853421,215408.9940558,8.094199991319329,8.713699993677437,4.750399995828047,2.0887999853584915,0.0,True,ok,4114,4114
2610,90,9.0,21,215409.0184773,215409.0270966,7.94140002108179,8.619300002465025,4.6790000051259995,2.0351999846752733,0.0,True,ok,4407,4407
2611,91,9.1,21,215409.0522661,215409.0626551,9.317399992141873,10.38899997365661,5.7560999994166195,2.214300009654835,0.0,True,ok,4504,4504
2612,92,9.200000000000001,21,215409.0854843,215409.0944367,8.241799980169162,8.952399977715686,4.7466000251006335,2.2483000066131353,0.0,True,ok,4602,4602
2613,93,9.3,21,215409.1183336,215409.1279696,8.965499990154058,9.636000002501532,4.8476000083610415,2.608400012832135,0.0,True,ok,4719,4719
2614,94,9.4,21,215409.1517803,215409.1607659,8.291799982544035,8.985599997686222,4.656500008422881,2.3648000205866992,0.0,True,ok,4623,4623
2615,95,9.5,21,215409.1850698,215409.1948303,8.680900005856529,9.760499990079552,5.215000011958182,2.143599995179102,0.0,True,ok,4555,4555
2616,96,9.600000000000001,21,215409.2186859,215409.227659,8.296199986943975,8.973099989816546,4.796099994564429,2.2357999987434596,0.0,True,ok,4902,4902
2617,97,9.700000000000001,21,215409.2519493,215409.2604313,7.952600019052625,8.482000004732981,4.796900000656024,1.8934999825432897,0.0,True,ok,4793,4793
2618,98,9.8,21,215409.2852792,215409.2941785,8.134099974995479,8.899299980839714,4.777399997692555,2.050799987046048,0.0,True,ok,4857,4857
2619,99,9.9,21,215409.3187497,215409.3274399,8.209299994632602,8.690199989359826,4.824999981792644,2.0788999972864985,33.47049999865703,True,ok,4985,4985
2620,100,10.0,21,215409.351688,215409.360458,8.310800010804087,8.770000014919788,4.917899990687147,2.106199972331524,0.0,True,ok,4973,4973
2621,101,10.100000000000001,21,215409.3854252,215409.3938157,7.8674999822396785,8.390500006498769,4.816600005142391,1.8520000157877803,0.0,True,ok,4507,4507
2622,102,10.200000000000001,21,215409.4184113,215409.4286955,9.645500016631559,10.284200019668788,4.9116000009234995,3.3494999806862324,0.0,True,ok,4834,4834
2623,103,10.3,21,215409.4519612,215409.4612253,8.724400016944855,9.264100022846833,4.935700009809807,2.209400001447648,0.0,True,ok,4943,4943
2624,104,10.4,21,215409.4851464,215409.4952829,9.555399999953806,10.136500000953674,6.282099988311529,2.0124999864492565,0.0,True,ok,5082,5082
2625,105,10.5,21,215409.5183124,215409.5271635,8.309099997859448,8.85109999217093,4.820500005735084,2.1083999890834093,0.0,True,ok,4986,4986
2626,106,10.600000000000001,21,215409.5519535,215409.5606417,8.007500000530854,8.68820000323467,4.654699994716793,2.104599989252165,0.0,True,ok,5037,5037
2627,107,10.700000000000001,21,215409.5853273,215409.594048,8.055799989961088,8.72069998877123,4.823299997951835,2.0106000010855496,0.0,True,ok,5162,5162
2628,108,10.8,21,215409.6186545,215409.6274121,8.157300006132573,8.757600007811561,4.685200023232028,2.290000003995374,0.0,True,ok,4884,4884
2629,109,10.9,21,215409.6520213,215409.6616199,8.896599989384413,9.598600008757785,5.626700003631413,2.0701000175904483,0.0,True,ok,4890,4890
2630,110,11.0,21,215409.6855145,215409.6944137,8.434899995336309,8.899200009182096,5.020499986130744,2.2207000001799315,0.0,True,ok,4848,4848
2631,111,11.100000000000001,21,215409.7186401,215409.7271106,8.023100002901629,8.470500004477799,4.760700016049668,2.0401999936439097,0.0,True,ok,5030,5030
2632,112,11.200000000000001,21,215409.7518018,215409.7624971,10.205600003246218,10.695299977669492,6.924899993464351,2.044400025624782,0.0,True,ok,5114,5114
2633,113,11.3,21,215409.7851899,215409.7939077,8.31919998745434,8.71779999579303,4.856799991102889,2.2421999892685562,0.0,True,ok,5293,5293
2634,114,11.4,21,215409.8184782,215409.8275349,8.576699998229742,9.056699986103922,4.98860000516288,2.269499993417412,0.0,True,ok,5423,5423
2635,115,11.5,21,215409.8521458,215409.8636651,10.831400024471804,11.519300023792312,6.007299991324544,3.507999994326383,0.0,True,ok,5340,5340
2636,116,11.600000000000001,21,215409.8850021,215409.8941829,8.530599996447563,9.180799999739975,4.815399996004999,2.4914999958127737,0.0,True,ok,5279,5279
2637,117,11.700000000000001,21,215409.9186384,215409.927575,8.221800002502277,8.936600002925843,4.815699998289347,2.1829000033903867,0.0,True,ok,5498,5498
2638,118,11.8,21,215409.9516903,215409.960389,8.205600024666637,8.698700024979189,4.734800022561103,2.1143000049050897,0.0,True,ok,5517,5517
2639,119,11.9,21,215409.9853193,215409.9942042,8.248600002843887,8.884899987606332,4.851100005907938,2.18979999772273,0.0,True,ok,5266,5266
2640,0,0.0,22,215410.0206236,215410.0293252,8.188700012397021,8.70160001795739,4.666399996494874,2.1689000132028013,0.0,True,ok,4708,4708
2641,1,0.1,22,215410.0520561,215410.0604105,7.815100019797683,8.354400022653863,4.597699997248128,2.002699999138713,0.0,True,ok,4681,4681
2642,2,0.2,22,215410.0850532,215410.0934515,7.827199995517731,8.398300007684156,4.607199982274324,2.016899990849197,0.0,True,ok,4360,4360
2643,3,0.30000000000000004,22,215410.1185487,215410.1278156,8.707999979378656,9.266899985959753,4.852499987464398,2.483599993865937,0.0,True,ok,4532,4532
2644,4,0.4,22,215410.152003,215410.16172,8.516100002452731,9.717000008095056,5.169599986402318,2.134100010152906,0.0,True,ok,4533,4533
2645,5,0.5,22,215410.1853118,215410.1942338,8.265599986771122,8.921999979065731,4.9051000096369535,2.1410999761428684,0.0,True,ok,4334,4334
2646,6,0.6000000000000001,22,215410.2187224,215410.2276818,8.353799988981336,8.959400001913309,4.914799996186048,2.2041999909561127,0.0,True,ok,4462,4462
2647,7,0.7000000000000001,22,215410.2518266,215410.2614074,8.957999991253018,9.580799989635125,4.863600013777614,2.52909999107942,0.0,True,ok,4479,4479
2648,8,0.8,22,215410.2853986,215410.2943322,7.876599993323907,8.933599980082363,4.630700015695766,2.0596000249497592,33.57200001482852,True,ok,4534,4534
2649,9,0.9,22,215410.318555,215410.3271245,7.9867000167723745,8.56950000161305,4.800800001248717,2.0109999750275165,0.0,True,ok,4491,4491
2650,10,1.0,22,215410.3517773,215410.3621506,9.63200000114739,10.373299999628216,6.088599999202415,2.3406999825965613,0.0,True,ok,4600,4600
2651,11,1.1,22,215410.3852464,215410.3940162,8.057500002905726,8.769800013396889,4.791700019268319,2.0289999956730753,0.0,True,ok,4781,4781
2652,12,1.2000000000000002,22,215410.4186805,215410.4280836,8.897899999283254,9.403100004419684,5.604199977824464,1.9901999912690371,0.0,True,ok,5044,5044
2653,13,1.3,22,215410.4517684,215410.4604655,7.915899972431362,8.69709998369217,4.402299993671477,2.2616999922320247,0.0,True,ok,4620,4620
2654,14,1.4000000000000001,22,215410.4853115,215410.4945269,8.7682000012137,9.215400001266971,5.070599989267066,2.271600009407848,0.0,True,ok,4785,4785
2655,15,1.5,22,215410.5184889,215410.5282232,8.930600015446544,9.734299994306639,5.810600006952882,1.9106999970972538,0.0,True,ok,5045,5045
2656,16,1.6,22,215410.5519072,215410.5613927,8.787600003415719,9.485500020673499,5.05079998401925,2.3811999999452382,0.0,True,ok,5382,5382
2657,17,1.7000000000000002,22,215410.5854923,215410.5946015,8.439700002782047,9.109200007515028,5.056800000602379,1.9781000155489892,0.0,True,ok,5312,5312
2658,18,1.8,22,215410.6182393,215410.626666,7.9341999953612685,8.426699991105124,4.690900008426979,2.0069000020157546,0.0,True,ok,5363,5363
2659,19,1.9000000000000001,22,215410.6520385,215410.6620299,9.460500004934147,9.991400002036244,5.929599981755018,2.270400000270456,0.0,True,ok,5455,5455
2660,20,2.0,22,215410.6855027,215410.6946179,8.617800020147115,9.115199994994327,5.139799992321059,2.2154999896883965,0.0,True,ok,5508,5508
2661,21,2.1,22,215410.718823,215410.7276733,8.17389998701401,8.850299986079335,4.7697999980300665,1.9047000096179545,0.0,True,ok,5300,5300
2662,22,2.2,22,215410.7520023,215410.7634149,10.529899998800829,11.412599997129291,6.422499980544671,2.783800009638071,0.0,True,ok,5384,5384
2663,23,2.3000000000000003,22,215410.7849785,215410.7936691,8.27910000225529,8.690599992405623,4.888700001174584,2.1558000007644296,0.0,True,ok,5355,5355
2664,24,2.4000000000000004,22,215410.8184047,215410.8275252,8.656499994685873,9.120500006247312,5.166000017197803,2.3015000042505562,0.0,True,ok,5072,5072
2665,25,2.5,22,215410.8518248,215410.8621427,9.773199999472126,10.31790001434274,6.289699987974018,2.238399989437312,0.0,True,ok,4851,4851
2666,26,2.6,22,215410.8850496,215410.893875,8.132300019497052,8.825400000205263,4.941899998812005,1.940599991939962,0.0,True,ok,4933,4933
2667,27,2.7,22,215410.9185234,215410.9273879,8.229400002164766,8.86450000689365,4.993800015654415,2.0392999867908657,0.0,True,ok,4889,4889
2668,28,2.8000000000000003,22,215410.9519383,215410.9631336,10.611599980620667,11.195300001418218,5.520499980775639,3.726499999174848,0.0,True,ok,4508,4508
2669,29,2.9000000000000004,22,215410.9853511,215410.9940521,8.062699984293431,8.700999984284863,4.864400019869208,2.030700008617714,0.0,True,ok,4516,4516
2670,30,3.0,22,215411.0186503,215411.0272867,8.16210001357831,8.63640001625754,4.912100004730746,2.0696999854408205,0.0,True,ok,4326,4326
2671,31,3.1,22,215411.0516393,215411.0623393,10.252400010358542,10.69999998435378,7.090099999913946,1.9986999977845699,32.98900002846494,True,ok,4407,4407
2672,32,3.2,22,215411.0854145,215411.094063,8.035000006202608,8.648499991977587,4.806599987205118,2.081799990264699,0.0,True,ok,4113,4113
2673,33,3.3000000000000003,22,215411.1187592,215411.1285861,9.32810001540929,9.826900000916794,6.288799981120974,1.92760000936687,33.34470000118017,True,ok,4211,4211
2674,34,3.4000000000000004,22,215411.151665,215411.1610441,8.810700004687533,9.379099996294826,4.57369998912327,3.040100011276081,0.0,True,ok,4198,4198
2675,35,3.5,22,215411.1850375,215411.1940152,8.398099977057427,8.977699995739385,4.967299988493323,2.2687999880872667,0.0,True,ok,4125,4125
2676,36,3.6,22,215411.2184552,215411.2272834,8.113799995044246,8.828199992422014,4.806799988728017,2.2102000075392425,0.0,True,ok,4267,4267
2677,37,3.7,22,215411.2521291,215411.2627362,9.585399995557964,10.607100004563108,5.666100012604147,2.541099995141849,0.0,True,ok,3805,3805
2678,38,3.8000000000000003,22,215411.2853622,215411.2940221,8.06289998581633,8.65989999147132,4.672300012316555,2.2661999973934144,0.0,True,ok,3921,3921
2679,39,3.9000000000000004,22,215411.3185437,215411.3275249,8.506299986038357,8.981199993286282,5.042600008891895,2.345100016100332,0.0,True,ok,3864,3864
2680,40,4.0,22,215411.3522237,215411.3616917,8.831000013742596,9.468000003835186,5.684300005668774,2.0382999791763723,0.0,True,ok,3828,3828
2681,41,4.1000000000000005,22,215411.3854398,215411.394639,7.962000003317371,9.1991999943275,4.742399993119761,1.9703000143636018,0.0,True,ok,3659,3659
2682,42,4.2,22,215411.4190483,215411.4278421,8.326000010129064,8.793799992417917,4.964299994753674,2.2655999928247184,0.0,True,ok,3989,3989
2683,43,4.3,22,215411.4520703,215411.4616884,9.217400016495958,9.618100011721253,5.835299991304055,2.2427000221796334,0.0,True,ok,4294,4294
2684,44,4.4,22,215411.4852042,215411.4955038,9.007299988297746,10.299599991412833,5.7453000044915825,2.1421000128611922,0.0,True,ok,4623,4623
2685,45,4.5,22,215411.5186044,215411.5275985,8.515499997884035,8.994100004201755,4.966900014551356,2.3483000113628805,0.0,True,ok,4708,4708
2686,46,4.6000000000000005,22,215411.5517264,215411.5623099,10.039000015240163,10.583499999484047,6.771400017896667,2.0474999910220504,0.0,True,ok,4834,4834
2687,47,4.7,22,215411.5853293,215411.5941041,8.29849997535348,8.774799993261695,4.992000001948327,2.1004999871365726,0.0,True,ok,4677,4677
2688,48,4.800000000000001,22,215411.6188119,215411.6270817,7.89549999171868,8.269799989648163,4.772100015543401,1.9742999866139144,0.0,True,ok,4591,4591
2689,49,4.9,22,215411.6518964,215411.6617992,9.220899984939024,9.902799996780232,6.0649999941233546,1.9767000048886985,0.0,True,ok,4442,4442
2690,50,5.0,22,215411.6855698,215411.6950662,8.344099973328412,9.496399987256154,4.870900011155754,2.200599992647767,0.0,True,ok,4408,4408
2691,51,5.1000000000000005,22,215411.7188697,215411.7282678,8.537400019122288,9.398099995451048,4.818899993551895,2.383599989116192,0.0,True,ok,4418,4418
2692,52,5.2,22,215411.7518491,215411.7620402,9.288500004913658,10.191100009251386,4.616999998688698,3.363700001500547,0.0,True,ok,4600,4600
2693,53,5.300000000000001,22,215411.7854194,215411.7934978,7.484600006137043,8.078400016529486,4.370000009657815,1.8854000081773847,0.0,True,ok,4489,4489
2694,54,5.4,22,215411.8185867,215411.8276369,8.496499998727813,9.050199994817376,5.141199973877519,2.132900001015514,0.0,True,ok,4625,4625
2695,55,5.5,22,215411.8518866,215411.8621561,9.754600003361702,10.269499995047227,6.34280001395382,2.250099991215393,0.0,True,ok,4379,4379
2696,56,5.6000000000000005,22,215411.8852906,215411.8941501,8.375800010981038,8.859499997925013,5.070499988505617,2.1137000003363937,0.0,True,ok,4212,4212
2697,57,5.7,22,215411.9182684,215411.9269388,8.167899999534711,8.67039998411201,4.8639999877195805,2.119600016158074,0.0,True,ok,4229,4229
2698,58,5.800000000000001,22,215411.9520136,215411.9618053,9.213000012096018,9.791699994821101,5.903599987505004,2.1326999994926155,0.0,True,ok,4294,4294
2699,59,5.9,22,215411.9852398,215411.9947449,9.046099992701784,9.505099995294586,5.282400001306087,2.5388999783899635,0.0,True,ok,4337,4337
2700,60,6.0,22,215412.0189133,215412.0287272,9.129000012762845,9.813899989239872,5.2829000051133335,2.711599983740598,0.0,True,ok,4334,4334
2701,61,6.1000000000000005,22,215412.0520042,215412.0624194,9.86590000684373,10.415199998533353,6.4882000151555985,2.166000020224601,0.0,True,ok,4169,4169
2702,62,6.2,22,215412.0850687,215412.0937415,8.103100000880659,8.672800002386793,4.866500006755814,2.0247999927960336,0.0,True,ok,4172,4172
2703,63,6.300000000000001,22,215412.1186986,215412.1274388,8.30869999481365,8.740199991734698,4.82259999262169,2.1087999921292067,0.0,True,ok,4147,4147
2704,64,6.4,22,215412.1517415,215412.1618317,9.210100019117817,10.090199997648597,6.068799993954599,1.9842000037897378,0.0,True,ok,4178,4178
2705,65,6.5,22,215412.1853356,215412.1941259,8.305700001074001,8.79029999487102,5.0651000055950135,2.0450000010896474,0.0,True,ok,4169,4169
2706,66,6.6000000000000005,22,215412.2187522,215412.2272476,7.939600007375702,8.495400019455701,4.753999994136393,1.9712999928742647,0.0,True,ok,4168,4168
2707,67,6.7,22,215412.2519727,215412.260448,7.944599987240508,8.475299982819706,4.821499984245747,1.9456000009085983,0.0,True,ok,4086,4086
2708,68,6.800000000000001,22,215412.2852575,215412.2959965,9.657699993113056,10.738999990280718,5.042100005084649,3.4525000082794577,0.0,True,ok,4379,4379
2709,69,6.9,22,215412.3185246,215412.3272908,8.270799997262657,8.766199985984713,5.150799988768995,1.8607999954838306,0.0,True,ok,4282,4282
2710,70,7.0,22,215412.3518987,215412.3620157,9.297399985371158,10.116999997990206,5.906400008825585,2.211899991380051,0.0,True,ok,4247,4247
2711,71,7.1000000000000005,22,215412.385178,215412.3938732,7.870200002798811,8.695199998328462,4.7701000003144145,1.8834999937098473,0.0,True,ok,4354,4354
2712,72,7.2,22,215412.4187988,215412.4275413,7.998100016266108,8.742500009248033,4.767700011143461,2.023600012762472,0.0,True,ok,4628,4628
2713,73,7.300000000000001,22,215412.4521091,215412.461427,8.820399991236627,9.31789999594912,5.687299999408424,1.9772000086959451,0.0,True,ok,4287,4287
2714,74,7.4,22,215412.4850481,215412.4940005,8.346400019945577,8.952400006819516,4.973400005837902,1.9824000191874802,0.0,True,ok,4455,4455
2715,75,7.5,22,215412.5186888,215412.5277807,8.087099995464087,9.091900021303445,4.880300024524331,1.9530999998096377,0.0,True,ok,4560,4560
2716,76,7.6000000000000005,22,215412.5518459,215412.5621093,9.355799993500113,10.263400006806478,6.087499990826473,2.020599989918992,0.0,True,ok,4662,4662
2717,77,7.7,22,215412.5854706,215412.5945078,8.153600007062778,9.037200012244284,4.802099982043728,2.0967999880667776,0.0,True,ok,4381,4381
2718,78,7.800000000000001,22,215412.6185719,215412.6280015,8.790799998678267,9.429600002476946,5.569900007685646,1.9986999977845699,0.0,True,ok,4350,4350
2719,79,7.9,22,215412.6518527,215412.6607251,7.929999992484227,8.872400008840486,4.523100011283532,2.1382000122684985,0.0,True,ok,4058,4058
2720,80,8.0,22,215412.6854867,215412.6937535,7.601099991006777,8.266799995908514,4.373900010250509,1.939300011144951,0.0,True,ok,4074,4074
2721,81,8.1,22,215412.7183053,215412.7271169,8.298000000650063,8.811600011540577,4.971999995177612,2.053899981547147,0.0,True,ok,4080,4080
2722,82,8.200000000000001,22,215412.75175,215412.7603413,7.991299993591383,8.591299992986023,4.686600004788488,1.9178000220563263,0.0,True,ok,4288,4288
2723,83,8.3,22,215412.7853832,215412.7942392,8.287300006486475,8.856000000378117,4.895900026895106,2.1496000117622316,0.0,True,ok,4269,4269
2724,84,8.4,22,215412.8189437,215412.8284212,8.39480001013726,9.477500017965212,5.0829999963752925,1.9965999817941338,0.0,True,ok,3996,3996
2725,85,8.5,22,215412.8518565,215412.860603,8.008800010429695,8.746500010602176,4.606600006809458,2.1912000083830208,0.0,True,ok,4318,4318
2726,86,8.6,22,215412.8851824,215412.8936981,7.9314000031445175,8.515699999406934,4.593099991325289,2.1047999907750636,0.0,True,ok,4410,4410
2727,87,8.700000000000001,22,215412.9187041,215412.9290192,8.98889999371022,10.315099993022159,5.721299996366724,1.9973000162281096,0.0,True,ok,4345,4345
2728,88,8.8,22,215412.9519564,215412.960364,7.908700004918501,8.407599991187453,4.7101999807637185,2.00609999592416,0.0,True,ok,3995,3995
2729,89,8.9,22,215412.9850462,215412.9938521,8.294599974760786,8.805899997241795,4.7673000080976635,2.107300009811297,0.0,True,ok,4114,4114
2730,90,9.0,22,215413.0187267,215413.027345,8.07340000756085,8.618300023954362,4.885900008957833,1.931000006152317,0.0,True,ok,4407,4407
2731,91,9.1,22,215413.0518174,215413.0610404,8.381099993130192,9.22300000092946,4.674800002248958,2.4092000094242394,0.0,True,ok,4504,4504
2732,92,9.200000000000001,22,215413.0850808,215413.0946605,8.618199994089082,9.579700010363013,4.988000000594184,2.2424000198952854,0.0,True,ok,4602,4602
2733,93,9.3,22,215413.1186291,215413.1274918,7.971799990627915,8.862699993187562,4.6168999979272485,2.092200011247769,0.0,True,ok,4719,4719
2734,94,9.4,22,215413.1517645,215413.162016,9.147099975962192,10.251499974401668,5.662899988237768,2.1855999948456883,0.0,True,ok,4623,4623
2735,95,9.5,22,215413.1851877,215413.1943323,8.521299983840436,9.144599986029789,4.8451999900862575,2.381099999183789,0.0,True,ok,4555,4555
2736,96,9.600000000000001,22,215413.218521,215413.2279054,8.908200019504875,9.38440000754781,5.122400005348027,2.4616000009700656,0.0,True,ok,4902,4902
2737,97,9.700000000000001,22,215413.2516937,215413.2612911,8.926300011808053,9.597399999620393,5.777700018370524,1.847900013672188,0.0,True,ok,4793,4793
2738,98,9.8,22,215413.2853985,215413.2956899,9.067899984074757,10.291399987181649,5.709099990781397,1.974199985852465,0.0,True,ok,4857,4857
2739,99,9.9,22,215413.3183229,215413.3275929,8.644599991384894,9.269999980460852,4.670199996326119,2.287300012540072,0.0,True,ok,4985,4985
2740,100,10.0,22,215413.3518579,215413.3609511,8.03480000467971,9.093200002098456,4.529600002570078,2.1782999974675477,0.0,True,ok,4973,4973
2741,101,10.100000000000001,22,215413.3853063,215413.3940866,8.135099982609972,8.780299976933748,4.762299999129027,2.0841000077780336,0.0,True,ok,4507,4507
2742,102,10.200000000000001,22,215413.4184739,215413.4271917,8.048199990298599,8.71779999579303,4.715699993539602,1.9897999882232398,0.0,True,ok,4834,4834
2743,103,10.3,22,215413.4519195,215413.4625208,10.130200011190027,10.601300018606707,5.118799977935851,3.305899997940287,33.44559998367913,True,ok,4943,4943
2744,104,10.4,22,215413.4851481,215413.4944579,8.875300001818687,9.309799992479384,5.039400013629347,2.3557000095024705,0.0,True,ok,5082,5082
2745,105,10.5,22,215413.5187519,215413.5287719,8.949699986260384,10.01999998698011,5.623200006084517,2.0260000019334257,0.0,True,ok,4986,4986
2746,106,10.600000000000001,22,215413.5519353,215413.5620505,8.93410001299344,10.115200013387948,5.44489998719655,2.173199987737462,0.0,True,ok,5037,5037
2747,107,10.700000000000001,22,215413.5849739,215413.5935332,7.977700006449595,8.55930001125671,4.509899998083711,2.1321999956853688,0.0,True,ok,5162,5162
2748,108,10.8,22,215413.6183115,215413.6276566,8.900399989215657,9.345099999336526,5.509299982804805,2.1567000076174736,0.0,True,ok,4884,4884
2749,109,10.9,22,215413.6519162,215413.6604342,8.067799994023517,8.517999987816438,4.73079999210313,2.0527000015135854,0.0,True,ok,4890,4890
2750,110,11.0,22,215413.6850886,215413.6941281,8.48059999407269,9.039500000653788,4.9959000025410205,2.1929999929852784,0.0,True,ok,4848,4848
2751,111,11.100000000000001,22,215413.718639,215413.7273216,8.088399976259097,8.682599989697337,4.782300005899742,1.9794000254478306,33.55039999587461,True,ok,5030,5030
2752,112,11.200000000000001,22,215413.7521387,215413.7623402,9.746800002176315,10.201500001130626,6.441800011089072,1.9916000019293278,0.0,True,ok,5114,5114
2753,113,11.3,22,215413.7851872,215413.7942911,8.495199988828972,9.103899996262044,4.894099984085187,2.22679998842068,0.0,True,ok,5293,5293
2754,114,11.4,22,215413.8184531,215413.8272964,8.362699998542666,8.843300020089373,4.923800006508827,2.100299985613674,0.0,True,ok,5423,5423
2755,115,11.5,22,215413.8521634,215413.8621725,9.508699993602931,10.009099991293624,5.982000002404675,2.1745999983977526,0.0,True,ok,5340,5340
2756,116,11.600000000000001,22,215413.8850088,215413.8943481,8.681700011948124,9.339300013380125,5.030500004068017,2.2228000161703676,0.0,True,ok,5279,5279
2757,117,11.700000000000001,22,215413.918543,215413.92751,8.441700018011034,8.967000001575798,4.851500008953735,2.2046999947633594,0.0,True,ok,5498,5498
2758,118,11.8,22,215413.9518794,215413.9626051,10.00080001540482,10.725700005423278,5.447300005471334,2.1979000011924654,0.0,True,ok,5517,5517
2759,119,11.9,22,215413.9855515,215413.9958287,9.614299982786179,10.277199995471165,4.814999992959201,3.399900015210733,0.0,True,ok,5266,5266
2760,0,0.0,23,215414.0209802,215414.0305951,9.075799986021593,9.614899987354875,4.787299985764548,2.9974000062793493,0.0,True,ok,4708,4708
2761,1,0.1,23,215414.0519727,215414.0626657,10.02899999730289,10.693000018363819,6.578699976671487,2.0269000087864697,0.0,True,ok,4681,4681
2762,2,0.2,23,215414.0852896,215414.0938701,8.079799998085946,8.580499998060986,4.806200013263151,1.9973999878857285,0.0,True,ok,4360,4360
2763,3,0.30000000000000004,23,215414.1183005,215414.1267439,8.073100005276501,8.443400001851842,4.685599997173995,1.9770999788306653,33.010899991495535,True,ok,4532,4532
2764,4,0.4,23,215414.1518349,215414.1616724,9.194299986120313,9.837499994318932,5.869400018127635,1.978499989490956,0.0,True,ok,4533,4533
2765,5,0.5,23,215414.1851366,215414.1945818,8.522999996785074,9.44520000484772,5.003700003726408,2.1797000081278384,0.0,True,ok,4334,4334
2766,6,0.6000000000000001,23,215414.2187241,215414.227371,8.10419998015277,8.646899979794398,4.749399988213554,2.0718000014312565,0.0,True,ok,4462,4462
2767,7,0.7000000000000001,23,215414.2518939,215414.2625398,10.20369998877868,10.645900008967146,6.828199984738603,1.9918000034522265,0.0,True,ok,4479,4479
2768,8,0.8,23,215414.2854909,215414.2944573,8.453500020550564,8.966400026110932,4.775799985509366,2.1558000007644296,0.0,True,ok,4534,4534
2769,9,0.9,23,215414.3187001,215414.3274219,8.127300010528415,8.721799997147173,4.78260000818409,2.0215999975334853,0.0,True,ok,4491,4491
2770,10,1.0,23,215414.3519412,215414.3629432,10.18459998886101,11.001999984728172,5.731499986723065,3.088000026764348,0.0,True,ok,4600,4600
2771,11,1.1,23,215414.3854131,215414.3943869,8.184000005712733,8.973799995146692,4.815699998289347,1.975699997274205,0.0,True,ok,4781,4781
2772,12,1.2000000000000002,23,215414.4185545,215414.4280336,8.573600003728643,9.479100001044571,4.856399988057092,2.09199998062104,0.0,True,ok,5044,5044
2773,13,1.3,23,215414.4520316,215414.4607414,7.956399989780039,8.709799993084744,4.425399994943291,2.1259999775793403,0.0,True,ok,4620,4620
2774,14,1.4000000000000001,23,215414.4851595,215414.4950036,8.973299991339445,9.844099986366928,5.507699999725446,2.0872999739367515,0.0,True,ok,4785,4785
2775,15,1.5,23,215414.5186812,215414.5279248,8.788300008745864,9.243600012268871,5.136399995535612,2.2290999768301845,0.0,True,ok,5045,5045
2776,16,1.6,23,215414.5520658,215414.5624104,9.441499976674095,10.34459998481907,5.754799989517778,2.2681999835185707,0.0,True,ok,5382,5382
2777,17,1.7000000000000002,23,215414.5854587,215414.5952792,9.09710000269115,9.820500010391697,4.9196000036317855,2.501400012988597,0.0,True,ok,5312,5312
2778,18,1.8,23,215414.6187349,215414.6278207,8.417800010647625,9.085800003958866,5.01230001100339,1.9995000038761646,0.0,True,ok,5363,5363
2779,19,1.9000000000000001,23,215414.6516602,215414.6624487,10.319199995137751,10.788499988848343,6.2969999853521585,2.2705000010319054,32.925300009083,True,ok,5455,5455
2780,20,2.0,23,215414.6853368,215414.6949765,9.073799999896437,9.639700001571327,4.9294999917037785,2.7387999871280044,33.67659999639727,True,ok,5508,5508
2781,21,2.1,23,215414.718321,215414.7270873,8.188100007828325,8.766300015849993,4.817800014279783,1.928500016219914,0.0,True,ok,5300,5300
2782,22,2.2,23,215414.7521593,215414.7626868,9.824300010222942,10.527500009629875,6.135100004030392,2.2173000033944845,0.0,True,ok,5384,5384
2783,23,2.3000000000000003,23,215414.785302,215414.794263,8.57259999611415,8.960999984992668,4.810100013855845,2.229599980637431,0.0,True,ok,5355,5355
2784,24,2.4000000000000004,23,215414.8185685,215414.8276659,8.54869998875074,9.097400004975498,5.005099985282868,2.200400020228699,0.0,True,ok,5072,5072
2785,25,2.5,23,215414.8520809,215414.8626675,9.928000014042482,10.586600023088977,6.191799999214709,2.3413999879267067,0.0,True,ok,4851,4851
2786,26,2.6,23,215414.8850783,215414.8939692,8.383500011404976,8.890900004189461,4.982500016922131,2.007300005061552,0.0,True,ok,4933,4933
2787,27,2.7,23,215414.9184097,215414.9274885,8.597999985795468,9.078799979761243,5.137199972523376,2.0730000105686486,0.0,True,ok,4889,4889
2788,28,2.8000000000000003,23,215414.9519887,215414.9622558,9.894599992549047,10.267100005876273,5.975899985060096,2.4553000112064183,0.0,True,ok,4508,4508
2789,29,2.9000000000000004,23,215414.9850632,215414.9942343,8.629999996628612,9.17109998408705,4.92769997799769,2.310199983185157,0.0,True,ok,4516,4516
2790,30,3.0,23,215415.0184591,215415.0275216,8.295099978568032,9.062499972060323,4.964199993992224,2.009299991186708,0.0,True,ok,4326,4326
2791,31,3.1,23,215415.0518486,215415.0614706,9.153799997875467,9.621999983210117,5.623600009130314,2.1400999976322055,0.0,True,ok,4407,4407
2792,32,3.2,23,215415.0856958,215415.094782,8.256000000983477,9.086200007004663,4.733299982035533,2.1948000066913664,0.0,True,ok,4113,4113
2793,33,3.3000000000000003,23,215415.1186051,215415.1272743,7.9243000072892755,8.669200004078448,4.566399991745129,2.074499992886558,0.0,True,ok,4211,4211
2794,34,3.4000000000000004,23,215415.1519065,215415.161856,9.466899995459244,9.949500003131106,6.090300012147054,2.0883000106550753,0.0,True,ok,4198,4198
2795,35,3.5,23,215415.1856422,215415.1948723,8.395499986363575,9.230099996784702,4.797900008270517,2.0591999928001314,0.0,True,ok,4125,4125
2796,36,3.6,23,215415.2185514,215415.2283313,9.323399979621172,9.779899992281571,4.938600002788007,2.7088999922852963,32.90920000290498,True,ok,4267,4267
2797,37,3.7,23,215415.2521694,215415.2613668,8.706199994776398,9.197400009725243,5.246199987595901,2.1627999958582222,0.0,True,ok,3805,3805
2798,38,3.8000000000000003,23,215415.2850512,215415.2932334,7.7015999995637685,8.182200021110475,4.389699985040352,2.0477000216487795,0.0,True,ok,3921,3921
2799,39,3.9000000000000004,23,215415.3187276,215415.3275252,8.13689999631606,8.797599992249161,4.663500003516674,2.212599996710196,33.6764000239782,True,ok,3864,3864
2800,40,4.0,23,215415.3520327,215415.3620561,9.56980002229102,10.023400012869388,6.073700002161786,2.0949000027030706,0.0,True,ok,3828,3828
2801,41,4.1000000000000005,23,215415.3851187,215415.3938012,8.229500002926216,8.682499988935888,4.982299986295402,1.99430002248846,0.0,True,ok,3659,3659
2802,42,4.2,23,215415.4187336,215415.4277256,8.548199984943494,8.991999988211319,4.863100009970367,2.4021000135689974,0.0,True,ok,3989,3989
2803,43,4.3,23,215415.4517807,215415.4604082,8.2123999891337,8.627499977592379,4.714099981356412,1.960599998710677,0.0,True,ok,4294,4294
2804,44,4.4,23,215415.4852018,215415.4941138,8.470500004477799,8.911999990232289,4.986099986126646,2.172899985453114,0.0,True,ok,4623,4623
2805,45,4.5,23,215415.5183873,215415.527637,8.629899995867163,9.24970000050962,4.950300004566088,2.3307999945245683,0.0,True,ok,4708,4708
2806,46,4.6000000000000005,23,215415.5517432,215415.5620046,9.484800015343353,10.261400020681322,5.9006999945268035,2.201800001785159,0.0,True,ok,4834,4834
2807,47,4.7,23,215415.5855405,215415.5996655,13.437899993732572,14.124999986961484,9.73849999718368,2.2661999973934144,0.0,True,ok,4677,4677
2808,48,4.800000000000001,23,215415.6187831,215415.627513,8.300700021209195,8.729900000616908,5.183100001886487,1.8460999999660999,0.0,True,ok,4591,4591
2809,49,4.9,23,215415.6518157,215415.6607719,8.485400001518428,8.95620000665076,4.95299999602139,2.0146000024396926,0.0,True,ok,4442,4442
2810,50,5.0,23,215415.6852621,215415.6946978,8.625499991467223,9.435699990717694,4.697000025771558,2.549700002418831,0.0,True,ok,4408,4408
2811,51,5.1000000000000005,23,215415.7190923,215415.7280721,8.253500011051074,8.979800011729822,4.668000008678064,2.230099984444678,0.0,True,ok,4418,4418
2812,52,5.2,23,215415.7516924,215415.7608755,8.09550000121817,9.18310001725331,4.692099988460541,2.0135999948251992,0.0,True,ok,4600,4600
2813,53,5.300000000000001,23,215415.7851539,215415.796328,10.068600007798523,11.17409998551011,5.049500003224239,3.5324000054970384,0.0,True,ok,4489,4489
2814,54,5.4,23,215415.8185356,215415.8279152,8.44520001555793,9.379600000102073,4.592400015098974,2.460700023220852,0.0,True,ok,4625,4625
2815,55,5.5,23,215415.8518273,215415.8608333,8.21849997737445,9.005999978398904,4.6221000084187835,2.234000014141202,33.29170000506565,True,ok,4379,4379
2816,56,5.6000000000000005,23,215415.8853496,215415.8948769,8.255300024757162,9.527300018817186,4.680300015024841,2.25650001084432,0.0,True,ok,4212,4212
2817,57,5.7,23,215415.9188377,215415.9293917,9.438099979888648,10.553999978583306,5.85680000949651,2.2742000001017004,0.0,True,ok,4229,4229
2818,58,5.800000000000001,23,215415.951856,215415.960435,8.056499995291233,8.578999986639246,4.553300008410588,2.157799986889586,0.0,True,ok,4294,4294
2819,59,5.9,23,215415.9852339,215415.9955782,9.267200017347932,10.344300011638552,5.7400999940000474,2.1800999820698053,0.0,True,ok,4337,4337
2820,60,6.0,23,215416.0183759,215416.0284311,9.374400018714368,10.055200022179633,5.910300009418279,2.1613000135403126,0.0,True,ok,4334,4334
2821,61,6.1000000000000005,23,215416.0522797,215416.0618305,8.481600001687184,9.550799994030967,4.797800007509068,2.3384999949485064,0.0,True,ok,4169,4169
2822,62,6.2,23,215416.0849374,215416.0950421,9.398599999258295,10.104699991643429,6.1018000124022365,1.959699991857633,0.0,True,ok,4172,4172
2823,63,6.300000000000001,23,215416.1187483,215416.1278259,8.432500006165355,9.077599999727681,4.871699988143519,2.2400000016205013,0.0,True,ok,4147,4147
2824,64,6.4,23,215416.1520892,215416.1607769,8.088800008408725,8.687699999427423,4.571299999952316,1.9656000076793134,0.0,True,ok,4178,4178
2825,65,6.5,23,215416.1849988,215416.1935564,8.085499983280897,8.557599998312071,4.759199975524098,2.0149000047240406,0.0,True,ok,4169,4169
2826,66,6.6000000000000005,23,215416.2186298,215416.2319214,12.181099998997524,13.29160001478158,7.107000012183562,3.6853999772574753,0.0,True,ok,4168,4168
2827,67,6.7,23,215416.2521941,215416.261529,8.270899998024106,9.334900008980185,4.545000003417954,2.20309998258017,33.56430001440458,True,ok,4086,4086
2828,68,6.800000000000001,23,215416.2854398,215416.2949026,8.349899988388643,9.462799993343651,4.777599999215454,2.223099989350885,0.0,True,ok,4379,4379
2829,69,6.9,23,215416.3184426,215416.3274789,8.548999991035089,9.03630000539124,5.074100015917793,2.1367999725043774,0.0,True,ok,4282,4282
2830,70,7.0,23,215416.351898,215416.364069,11.576299992157146,12.171000009402633,7.589500019093975,2.3873000172898173,0.0,True,ok,4247,4247
2831,71,7.1000000000000005,23,215416.3852692,215416.395049,8.602900023106486,9.779800020623952,4.977300006430596,2.1102999744471163,0.0,True,ok,4354,4354
2832,72,7.2,23,215416.4187795,215416.4280327,8.76649998826906,9.253199998056516,4.951000009896234,2.4539000005461276,0.0,True,ok,4628,4628
2833,73,7.300000000000001,23,215416.4519213,215416.4605557,8.041099994443357,8.634400001028553,4.676999989897013,2.012699987972155,0.0,True,ok,4287,4287
2834,74,7.4,23,215416.4852858,215416.4980292,12.247100006788969,12.74340000236407,8.628699986729771,2.1560000022873282,33.36450000642799,True,ok,4455,4455
2835,75,7.5,23,215416.5184216,215416.5271983,8.217700000386685,8.776700007729232,4.7522000095341355,2.0952000049874187,0.0,True,ok,4560,4560
2836,76,7.6000000000000005,23,215416.5523084,215416.5616781,8.078199985902756,9.36970001203008,4.720199998700991,1.9858000159729272,0.0,True,ok,4662,4662
2837,77,7.7,23,215416.5854609,215416.5942428,8.244600001489744,8.781899989116937,4.829699988476932,2.0838999771513045,0.0,True,ok,4381,4381
2838,78,7.800000000000001,23,215416.6187489,215416.6285469,9.299199999077246,9.79800001368858,5.212699994444847,2.4044000019785017,0.0,True,ok,4350,4350
2839,79,7.9,23,215416.6517321,215416.6622346,9.819800005061552,10.502499993890524,6.111499998951331,2.2564000100828707,0.0,True,ok,4058,4058
2840,80,8.0,23,215416.6852369,215416.6941545,8.293699997011572,8.917600003769621,4.740699980175123,2.2082000214140862,0.0,True,ok,4074,4074
2841,81,8.1,23,215416.7182948,215416.7269397,8.11169997905381,8.644899993669242,4.834599996684119,1.9810000085271895,0.0,True,ok,4080,4080
2842,82,8.200000000000001,23,215416.7520748,215416.7605408,7.851600006688386,8.46599999931641,4.516999993938953,2.0056999928783625,0.0,True,ok,4288,4288
2843,83,8.3,23,215416.7853987,215416.7952251,8.651800017105415,9.826399997109547,4.902499989839271,2.3538999957963824,0.0,True,ok,4269,4269
2844,84,8.4,23,215416.8184267,215416.8274787,8.35039999219589,9.052000008523464,4.754199995659292,2.2075999877415597,0.0,True,ok,3996,3996
2845,85,8.5,23,215416.8518017,215416.8608041,8.309199998620898,9.002400009194389,4.570999997667968,2.089799992972985,0.0,True,ok,4318,4318
2846,86,8.6,23,215416.885358,215416.8942372,8.147699991241097,8.87920000241138,4.799199989065528,1.9905999943148345,0.0,True,ok,4410,4410
2847,87,8.700000000000001,23,215416.9186867,215416.9296861,9.867199987638742,10.99939999403432,5.868299980647862,2.4116999993566424,0.0,True,ok,4345,4345
2848,88,8.8,23,215416.9517874,215416.9649802,12.572299980092794,13.192799990065396,6.087599991587922,4.761199990753084,0.0,True,ok,3995,3995
2849,89,8.9,23,215416.9853861,215416.9963163,10.226600017631426,10.930200020084158,4.745800019009039,4.150099994149059,0.0,True,ok,4114,4114
2850,90,9.0,23,215417.0185891,215417.028931,9.491700009675696,10.341900022467598,5.749399977503344,2.2250000038184226,0.0,True,ok,4407,4407
2851,91,9.1,23,215417.0516848,215417.0608312,8.500700001604855,9.146399999735877,4.80329999118112,2.1997999865561724,0.0,True,ok,4504,4504
2852,92,9.200000000000001,23,215417.0849557,215417.0939325,8.466300001600757,8.976799988886341,4.950299975462258,2.130400011083111,0.0,True,ok,4602,4602
2853,93,9.3,23,215417.1187433,215417.1276377,8.288300014100969,8.894400001736358,4.663600004278123,2.2255000076256692,0.0,True,ok,4719,4719
2854,94,9.4,23,215417.1518155,215417.1623132,9.97710000956431,10.497700015548617,6.360900006256998,2.141500008292496,0.0,True,ok,4623,4623
2855,95,9.5,23,215417.1853868,215417.1954101,9.538099984638393,10.023299983004108,5.42860000859946,2.7871000056620687,0.0,True,ok,4555,4555
2856,96,9.600000000000001,23,215417.2183952,215417.2272758,8.406399982050061,8.88059998396784,4.893100005574524,2.1609000104945153,0.0,True,ok,4902,4902
2857,97,9.700000000000001,23,215417.2520523,215417.2603206,7.7661999966949224,8.268300007330254,4.537600005278364,1.9078999757766724,0.0,True,ok,4793,4793
2858,98,9.8,23,215417.2852545,215417.2945979,8.1443999952171,9.343400015495718,4.8497999960090965,1.9768000056501478,0.0,True,ok,4857,4857
2859,99,9.9,23,215417.3187913,215417.3276091,8.091399999102578,8.817800000542775,4.720099997939542,2.049500006251037,0.0,True,ok,4985,4985
2860,100,10.0,23,215417.351968,215417.3604446,7.797900005243719,8.476599992718548,4.387499997392297,2.0801000064238906,0.0,True,ok,4973,4973
2861,101,10.100000000000001,23,215417.3854359,215417.3939398,8.025500021176413,8.503899996867403,4.642500018235296,2.0321999909356236,0.0,True,ok,4507,4507
2862,102,10.200000000000001,23,215417.418674,215417.4270062,7.669600017834455,8.332200028235093,4.2317000043112785,2.028899994911626,0.0,True,ok,4834,4834
2863,103,10.3,23,215417.4520961,215417.46062,7.9123000032268465,8.523900003638119,4.650499991839752,1.96460000006482,0.0,True,ok,4943,4943
2864,104,10.4,23,215417.4852144,215417.4939452,8.109299989882857,8.730800007469952,4.683399980422109,1.9327999907545745,0.0,True,ok,5082,5082
2865,105,10.5,23,215417.5184891,215417.527208,8.137300028465688,8.718900004168972,4.785900004208088,2.044900000328198,0.0,True,ok,4986,4986
2866,106,10.600000000000001,23,215417.5517154,215417.5600662,7.875900017097592,8.350799995241687,4.430900007719174,2.0186000037938356,0.0,True,ok,5037,5037
2867,107,10.700000000000001,23,215417.5852353,215417.593706,7.820099999662489,8.470700006000698,4.5649999810848385,1.9862000190187246,0.0,True,ok,5162,5162
2868,108,10.8,23,215417.6186968,215417.629569,9.69269999768585,10.872200015000999,6.296200008364394,2.1631999989040196,0.0,True,ok,4884,4884
2869,109,10.9,23,215417.6518796,215417.6604878,8.107799978461117,8.60820000525564,4.874699981883168,1.9688000029418617,0.0,True,ok,4890,4890
2870,110,11.0,23,215417.6851664,215417.6946576,9.008699998958036,9.49119997676462,4.754199995659292,2.9958999948576093,0.0,True,ok,4848,4848
2871,111,11.100000000000001,23,215417.7184063,215417.726859,7.93399999383837,8.452699985355139,4.805200005648658,1.8539000011514872,0.0,True,ok,5030,5030
2872,112,11.200000000000001,23,215417.7518463,215417.7605514,8.112199982861057,8.705099986400455,4.779299983056262,1.9889000104740262,0.0,True,ok,5114,5114
2873,113,11.3,23,215417.7853236,215417.7961665,10.085499990964308,10.842899995623156,6.447099993238226,2.28020001668483,0.0,True,ok,5293,5293
2874,114,11.4,23,215417.8185182,215417.8343393,14.365399983944371,15.821100008906797,10.770299995783716,2.2622999968007207,0.0,True,ok,5423,5423
2875,115,11.5,23,215417.8515214,215417.8608771,8.643500012112781,9.355699992738664,5.1457000081427395,2.203300013206899,0.0,True,ok,5340,5340
2876,116,11.600000000000001,23,215417.8849512,215417.8943087,8.604200003901497,9.357500006444752,4.802200011909008,2.191600011428818,0.0,True,ok,5279,5279
2877,117,11.700000000000001,23,215417.9186774,215417.9273663,7.984099996974692,8.688899979460984,4.497199988691136,2.1770999883301556,0.0,True,ok,5498,5498
2878,118,11.8,23,215417.9518093,215417.9606737,8.389800001168624,8.8644000061322,4.8448999878019094,2.2344000171869993,0.0,True,ok,5517,5517
2879,119,11.9,23,215417.9854797,215417.9946846,8.498900017002597,9.204900008626282,4.973600007360801,2.146199985872954,0.0,True,ok,5266,5266
2880,0,0.0,24,215418.020968,215418.0297677,8.229600003687665,8.799700008239597,4.739800002425909,2.2326000034809113,0.0,True,ok,4708,4708
2881,1,0.1,24,215418.0519737,215418.0606897,8.05110001238063,8.716000011190772,4.606500006048009,1.9639000238385051,0.0,True,ok,4681,4681
2882,2,0.2,24,215418.0852541,215418.0943051,7.761100016068667,9.05100000090897,4.65220000478439,1.8426000024192035,0.0,True,ok,4360,4360
2883,3,0.30000000000000004,24,215418.1188701,215418.1284645,8.458299998892471,9.594400005880743,4.822899994906038,2.3464000259991735,0.0,True,ok,4532,4532
2884,4,0.4,24,215418.1519689,215418.1608179,8.218100003432482,8.849000005284324,4.747900005895644,2.073100011330098,0.0,True,ok,4533,4533
2885,5,0.5,24,215418.1851412,215418.1940437,7.958200003486127,8.902500005206093,4.622800013748929,2.067099994746968,0.0,True,ok,4334,4334
2886,6,0.6000000000000001,24,215418.2186282,215418.2280929,8.94890000927262,9.464700007811189,4.7741000016685575,2.551500016124919,0.0,True,ok,4462,4462
2887,7,0.7000000000000001,24,215418.2521289,215418.2609468,8.11480000265874,8.817900001304224,4.785700002685189,2.0545999868772924,0.0,True,ok,4479,4479
2888,8,0.8,24,215418.28555,215418.2947658,8.063599991146475,9.215800004312769,4.712499998277053,2.070900023682043,0.0,True,ok,4534,4534
2889,9,0.9,24,215418.3188233,215418.3276116,8.173699985491112,8.788299979642034,4.743600002257153,2.1880000131204724,0.0,True,ok,4491,4491
2890,10,1.0,24,215418.3518219,215418.3612291,8.230500010540709,9.407200006535277,4.656199977034703,2.2273000213317573,0.0,True,ok,4600,4600
2891,11,1.1,24,215418.3850821,215418.3942004,8.427699998719618,9.118300018599257,4.738999996334314,2.200800023274496,0.0,True,ok,4781,4781
2892,12,1.2000000000000002,24,215418.4187113,215418.4298234,10.550999984843656,11.11209997907281,5.944700009422377,3.374199994141236,0.0,True,ok,5044,5044
2893,13,1.3,24,215418.4521611,215418.4614002,8.199500007322058,9.239100007107481,4.722000012407079,2.1262000082060695,0.0,True,ok,4620,4620
2894,14,1.4000000000000001,24,215418.4852914,215418.4941543,8.285799995064735,8.86289999471046,4.84929999220185,2.155599999241531,0.0,True,ok,4785,4785
2895,15,1.5,24,215418.5186184,215418.5275328,8.233100001234561,8.914400008507073,4.982999991625547,1.9603999971877784,0.0,True,ok,5045,5045
2896,16,1.6,24,215418.5516759,215418.5605206,8.335199992870912,8.844700001645833,4.809600010048598,2.2105999814812094,0.0,True,ok,5382,5382
2897,17,1.7000000000000002,24,215418.5854705,215418.5939762,7.9889000044204295,8.505700010573491,4.783799988217652,1.9091999856755137,0.0,True,ok,5312,5312
2898,18,1.8,24,215418.6186367,215418.6277041,8.653600001707673,9.06740000937134,5.27589998091571,2.0718000014312565,0.0,True,ok,5363,5363
2899,19,1.9000000000000001,24,215418.6521123,215418.6620385,8.94740002695471,9.926200000336394,5.253499984974042,2.3563000140711665,0.0,True,ok,5455,5455
2900,20,2.0,24,215418.6852001,215418.6945777,8.6466999782715,9.377599984873086,4.9925000057555735,2.335900004254654,0.0,True,ok,5508,5508
2901,21,2.1,24,215418.7186832,215418.7274542,8.3028000080958,8.771000022534281,4.8371000157203525,2.0178999984636903,0.0,True,ok,5300,5300
2902,22,2.2,24,215418.7518763,215418.7634213,10.886700008995831,11.545000015757978,6.9669999938923866,2.584200003184378,0.0,True,ok,5384,5384
2903,23,2.3000000000000003,24,215418.7856228,215418.7946145,8.620999986305833,8.99169998592697,5.041099997470155,2.1166999940760434,0.0,True,ok,5355,5355
2904,24,2.4000000000000004,24,215418.818675,215418.8275122,8.40219997917302,8.837200002744794,4.947600013110787,2.1741999953519553,33.052199985831976,True,ok,5072,5072
2905,25,2.5,24,215418.8520402,215418.8621753,9.695099986856803,10.135099990293384,6.13240001257509,2.311099990038201,0.0,True,ok,4851,4851
2906,26,2.6,24,215418.885058,215418.8951058,9.300900012021884,10.047799994936213,4.820899979677051,2.1050999930594116,0.0,True,ok,4933,4933
2907,27,2.7,24,215418.9184426,215418.9273076,8.352300006663427,8.865000010700896,4.820100002689287,2.2498999896924943,33.38459998485632,True,ok,4889,4889
2908,28,2.8000000000000003,24,215418.9520479,215418.9614825,8.409899979596958,9.434599982341751,5.003699974622577,2.144600002793595,0.0,True,ok,4508,4508
2909,29,2.9000000000000004,24,215418.9851483,215418.9943754,8.757200004765764,9.227100003045052,5.281599995214492,2.1566000068560243,0.0,True,ok,4516,4516
2910,30,3.0,24,215419.0187845,215419.0295452,9.314299997640774,10.760700009996071,4.980500001693144,3.090400015935302,0.0,True,ok,4326,4326
2911,31,3.1,24,215419.0518545,215419.0602554,7.844399980967864,8.400899998378009,4.751200001919642,1.867600018158555,0.0,True,ok,4407,4407
2912,32,3.2,24,215419.0854532,215419.0941921,7.889899978181347,8.738899981835857,4.693399998359382,1.9917000026907772,0.0,True,ok,4113,4113
2913,33,3.3000000000000003,24,215419.1187713,215419.1273759,8.094699995126575,8.604599977843463,4.862999980105087,1.99280001106672,0.0,True,ok,4211,4211
2914,34,3.4000000000000004,24,215419.1521092,215419.1612687,8.450499997707084,9.159500012174249,5.28340000892058,1.9844000053126365,0.0,True,ok,4198,4198
2915,35,3.5,24,215419.1852125,215419.1939666,8.217199996579438,8.754100010264665,4.893799981800839,2.1566000068560243,0.0,True,ok,4125,4125
2916,36,3.6,24,215419.2184732,215419.2278217,8.233100001234561,9.348500025225803,4.843100003199652,2.133400004822761,0.0,True,ok,4267,4267
2917,37,3.7,24,215419.2520604,215419.2637046,10.943299974314868,11.644199985312298,6.655200006207451,3.0731000006198883,33.587200014153495,True,ok,3805,3805
2918,38,3.8000000000000003,24,215419.2852637,215419.2941849,8.300300018163398,8.921200002077967,5.052200023783371,2.14389999746345,0.0,True,ok,3921,3921
2919,39,3.9000000000000004,24,215419.3184366,215419.3273415,8.434099989244714,8.904899994377047,5.151799996383488,2.13649999932386,0.0,True,ok,3864,3864
2920,40,4.0,24,215419.3519896,215419.3615613,9.09249999676831,9.571700007654727,5.910799984121695,1.9635000207927078,0.0,True,ok,3828,3828
2921,41,4.1000000000000005,24,215419.3854455,215419.3945341,8.490199979860336,9.088599996175617,4.892000026302412,2.278600004501641,33.45590000390075,True,ok,3659,3659
2922,42,4.2,24,215419.4185133,215419.4276575,8.440100005827844,9.144199982983992,4.805000004125759,2.2240000253077596,0.0,True,ok,3989,3989
2923,43,4.3,24,215419.4521846,215419.4609244,8.358099992619827,8.739799988688901,5.3419000178109854,1.9221999973524362,0.0,True,ok,4294,4294
2924,44,4.4,24,215419.4850539,215419.4941059,8.592300000600517,9.052000008523464,5.259500001557171,2.1330999734345824,0.0,True,ok,4623,4623
2925,45,4.5,24,215419.5186029,215419.527861,8.52360000135377,9.258100006263703,4.893599980277941,2.4442000139970332,0.0,True,ok,4708,4708
2926,46,4.6000000000000005,24,215419.5518384,215419.5617456,8.676099998410791,9.907200001180172,5.262999999104068,2.2133000020403415,0.0,True,ok,4834,4834
2927,47,4.7,24,215419.5851746,215419.593784,8.076700003584847,8.609399985289201,4.69520001206547,2.152200002456084,0.0,True,ok,4677,4677
2928,48,4.800000000000001,24,215419.6183589,215419.6266688,7.696299988310784,8.309899974847212,4.634800017811358,1.9090999849140644,0.0,True,ok,4591,4591
2929,49,4.9,24,215419.6518568,215419.6602053,7.730499986791983,8.348500006832182,4.665099986596033,1.8714000179897994,0.0,True,ok,4442,4442
2930,50,5.0,24,215419.6854631,215419.6942638,8.257399982539937,8.80069998675026,4.862900008447468,2.1991000103298575,0.0,True,ok,4408,4408
2931,51,5.1000000000000005,24,215419.7183854,215419.7270082,8.185599988792092,8.622800000011921,4.7688999911770225,2.181499992730096,0.0,True,ok,4418,4418
2932,52,5.2,24,215419.7517705,215419.7602884,7.995499996468425,8.517899987054989,4.758600000059232,2.070699993055314,0.0,True,ok,4600,4600
2933,53,5.300000000000001,24,215419.7853751,215419.7937312,7.952400017529726,8.356100006494671,4.792099993210286,1.949500001501292,0.0,True,ok,4489,4489
2934,54,5.4,24,215419.8188061,215419.827635,8.279999980004504,8.82889999775216,4.949099995428696,2.1643000072799623,0.0,True,ok,4625,4625
2935,55,5.5,24,215419.8519573,215419.8620289,9.582400001818314,10.071600001538172,6.261900009121746,2.1732999884989113,0.0,True,ok,4379,4379
2936,56,5.6000000000000005,24,215419.8853158,215419.8947423,8.128600020427257,9.426500007975847,5.030400003306568,1.9563999958336353,0.0,True,ok,4212,4212
2937,57,5.7,24,215419.9187635,215419.9276574,8.244600001489744,8.893899997929111,4.515800013905391,2.4979999870993197,0.0,True,ok,4229,4229
2938,58,5.800000000000001,24,215419.9517756,215419.9617005,9.451699996134266,9.924899990437552,6.0455999919213355,2.155599999241531,0.0,True,ok,4294,4294
2939,59,5.9,24,215419.9850896,215419.9940821,8.428300003288314,8.992499992018566,4.893200006335974,2.3384999949485064,33.31400000024587,True,ok,4337,4337
2940,60,6.0,24,215420.0190234,215420.0281752,8.323499991092831,9.15179998264648,4.942800005665049,2.16609999188222,0.0,True,ok,4334,4334
2941,61,6.1000000000000005,24,215420.0518469,215420.0626461,9.970200015231967,10.799200012115762,6.542399991303682,2.2487000096589327,0.0,True,ok,4169,4169
2942,62,6.2,24,215420.0849468,215420.0934561,8.024200011277571,8.509300008881837,4.803599993465468,2.039600018179044,0.0,True,ok,4172,4172
2943,63,6.300000000000001,24,215420.1187361,215420.1271175,7.837300014216453,8.38139999541454,4.673299990827218,2.03419997706078,0.0,True,ok,4147,4147
2944,64,6.4,24,215420.1517101,215420.1617974,9.44090000120923,10.087300004670396,6.00490000215359,2.038400009041652,0.0,True,ok,4178,4178
2945,65,6.5,24,215420.1853803,215420.1944704,8.070799987763166,9.090099978493527,4.870600008871406,1.898499991511926,0.0,True,ok,4169,4169
2946,66,6.6000000000000005,24,215420.2182779,215420.2270059,8.166399988112971,8.72799998614937,4.734799993457273,2.2354999964591116,0.0,True,ok,4168,4168
2947,67,6.7,24,215420.2520963,215420.2630211,9.743899980094284,10.924799978965893,6.202699994901195,2.353799995034933,0.0,True,ok,4086,4086
2948,68,6.800000000000001,24,215420.2852236,215420.2940558,8.25260000419803,8.832200022879988,4.854799975873902,2.122799982316792,0.0,True,ok,4379,4379
2949,69,6.9,24,215420.318705,215420.327454,8.031500008655712,8.74900000053458,4.791299987118691,2.0364999945741147,0.0,True,ok,4282,4282
2950,70,7.0,24,215420.3518836,215420.3631508,10.602499998640269,11.267199995927513,5.8889000210911036,3.314200002932921,0.0,True,ok,4247,4247
2951,71,7.1000000000000005,24,215420.3852815,215420.3940788,8.260599977802485,8.797299989964813,4.897699982393533,2.192500018281862,0.0,True,ok,4354,4354
2952,72,7.2,24,215420.4186351,215420.4269058,7.770700001856312,8.270699996501207,4.570999997667968,2.034100005403161,0.0,True,ok,4628,4628
2953,73,7.300000000000001,24,215420.4519277,215420.4622334,9.70600001164712,10.305700008757412,5.499000020790845,3.070699982345104,0.0,True,ok,4287,4287
2954,74,7.4,24,215420.4855101,215420.4946942,8.468499989248812,9.184099995763972,5.208900023717433,2.0326999947428703,0.0,True,ok,4455,4455
2955,75,7.5,24,215420.5185936,215420.5270976,8.027999982004985,8.503999997628853,4.863199981627986,1.9908999965991825,0.0,True,ok,4560,4560
2956,76,7.6000000000000005,24,215420.5520133,215420.5615182,9.000299993203953,9.504899993771687,4.858400003286079,2.3800000199116766,33.419700019294396,True,ok,4662,4662
2957,77,7.7,24,215420.585469,215420.594632,8.577800006605685,9.162999980617315,4.867300012847409,2.486300014425069,0.0,True,ok,4381,4381
2958,78,7.800000000000001,24,215420.6185773,215420.6290069,9.902699996018782,10.429600020870566,5.0360000168439,2.1302000095602125,0.0,True,ok,4350,4350
2959,79,7.9,24,215420.6520373,215420.6605685,7.950200000777841,8.53120000101626,4.718399984994903,2.056600002106279,0.0,True,ok,4058,4058
2960,80,8.0,24,215420.6854774,215420.6946013,8.442099991953,9.123900003032759,4.78109999676235,2.2572999878320843,0.0,True,ok,4074,4074
2961,81,8.1,24,215420.7186421,215420.7275486,8.170899993274361,8.906500006560236,4.866400005994365,2.1010999917052686,33.1646999984514,True,ok,4080,4080
2962,82,8.200000000000001,24,215420.7516636,215420.7610374,8.451799978502095,9.373799985041842,5.146600014995784,2.0391000143717974,0.0,True,ok,4288,4288
2963,83,8.3,24,215420.7852622,215420.7955093,9.660999989137053,10.247099999105558,6.434899987652898,2.0293999987188727,0.0,True,ok,4269,4269
2964,84,8.4,24,215420.818911,215420.8274957,8.071500022197142,8.584700000938028,4.89229999948293,2.036899997619912,0.0,True,ok,3996,3996
2965,85,8.5,24,215420.8519259,215420.8618644,9.458300017286092,9.93850000668317,5.265299987513572,2.247900003567338,0.0,True,ok,4318,4318
2966,86,8.6,24,215420.8850942,215420.8937479,8.149200002662838,8.653700002469122,4.653599986340851,2.0475999917834997,0.0,True,ok,4410,4410
2967,87,8.700000000000001,24,215420.9183191,215420.9270304,8.057600003667176,8.711300004506484,4.877900006249547,1.9992999732494354,0.0,True,ok,4345,4345
2968,88,8.8,24,215420.9520076,215420.9603703,7.881899975473061,8.362699998542666,4.748300008941442,1.9967000116594136,0.0,True,ok,3995,3995
2969,89,8.9,24,215420.9853957,215420.9943494,8.068499999353662,8.953699987614527,4.715799994301051,2.0401999936439097,0.0,True,ok,4114,4114
2970,90,9.0,24,215421.0185325,215421.0272223,8.110800001304597,8.689800015417859,4.747500002849847,2.067399997031316,0.0,True,ok,4407,4407
2971,91,9.1,24,215421.0516824,215421.0606089,8.446199994068593,8.926500013330951,4.937999998219311,2.2342000156641006,0.0,True,ok,4504,4504
2972,92,9.200000000000001,24,215421.0853192,215421.0944476,8.497699978761375,9.128399979090318,4.9866000190377235,2.3112999915611,0.0,True,ok,4602,4602
2973,93,9.3,24,215421.1186537,215421.1280656,7.999800000106916,9.411900013219565,4.669799993280321,2.056199999060482,0.0,True,ok,4719,4719
2974,94,9.4,24,215421.1518792,215421.1620951,9.727199998451397,10.215899994364008,6.1682000232394785,2.3495999921578914,33.22550002485514,True,ok,4623,4623
2975,95,9.5,24,215421.1852569,215421.194312,8.501800009980798,9.055100003024563,4.950200003804639,2.3181000142358243,0.0,True,ok,4555,4555
2976,96,9.600000000000001,24,215421.2186688,215421.227922,7.963699987158179,9.253199998056516,4.6335999795701355,2.1346999856177717,0.0,True,ok,4902,4902
2977,97,9.700000000000001,24,215421.2517706,215421.260387,8.100899984128773,8.616399980382994,4.8433000047225505,2.0309000101406127,0.0,True,ok,4793,4793
2978,98,9.8,24,215421.285246,215421.2937888,8.002399990800768,8.54279997292906,4.7799999883864075,1.9946999964304268,0.0,True,ok,4857,4857
2979,99,9.9,24,215421.3187606,215421.3278339,8.462199999485165,9.07329999608919,4.808400000911206,2.0853999885730445,0.0,True,ok,4985,4985
2980,100,10.0,24,215421.351958,215421.3611653,8.346400019945577,9.207299997797236,4.741300013847649,2.3363000073004514,0.0,True,ok,4973,4973
2981,101,10.100000000000001,24,215421.3849787,215421.3934353,7.972699997480959,8.456600015051663,4.774800006998703,1.9963000086136162,0.0,True,ok,4507,4507
2982,102,10.200000000000001,24,215421.4185691,215421.4283189,8.945500012487173,9.749799995915964,5.686999997124076,2.0129999902565032,0.0,True,ok,4834,4834
2983,103,10.3,24,215421.4519856,215421.4606351,8.106900000711903,8.64949999959208,4.757299990160391,2.065899985609576,0.0,True,ok,4943,4943
2984,104,10.4,24,215421.4848799,215421.495527,9.713099978398532,10.647099989000708,4.817900015041232,3.5982999834232032,0.0,True,ok,5082,5082
2985,105,10.5,24,215421.5185067,215421.5271863,8.106599998427555,8.679599995957687,4.762900003697723,2.0699000160675496,0.0,True,ok,4986,4986
2986,106,10.600000000000001,24,215421.551832,215421.5605026,8.094600023468956,8.670600014738739,4.764300014358014,2.0370999991428107,0.0,True,ok,5037,5037
2987,107,10.700000000000001,24,215421.5852979,215421.5940531,8.32210000953637,8.755200018640608,4.81669997680001,2.1231000137049705,0.0,True,ok,5162,5162
2988,108,10.8,24,215421.6182757,215421.627512,8.729099994525313,9.23630001489073,4.672799987019971,2.7162999904248863,0.0,True,ok,4884,4884
2989,109,10.9,24,215421.6520956,215421.6613836,8.652299991808832,9.288000001106411,5.441299988888204,1.9702000136021525,0.0,True,ok,4890,4890
2990,110,11.0,24,215421.6853157,215421.69417,8.418999990681186,8.854300016537309,5.072700005257502,2.147299994248897,0.0,True,ok,4848,4848
2991,111,11.100000000000001,24,215421.7185674,215421.7273596,8.077399979811162,8.792199980234727,4.821999988052994,2.0004000107292086,0.0,True,ok,5030,5030
2992,112,11.200000000000001,24,215421.7519979,215421.7606285,8.158099983120337,8.630600001197308,4.841699992539361,2.063699997961521,0.0,True,ok,5114,5114
2993,113,11.3,24,215421.785034,215421.7936505,8.034500002395362,8.616500010248274,4.678299999795854,2.066600020043552,0.0,True,ok,5293,5293
2994,114,11.4,24,215421.8187207,215421.8277543,8.57710000127554,9.033600013935938,5.022099998313934,2.1470000210683793,0.0,True,ok,5423,5423
2995,115,11.5,24,215421.8519355,215421.8613006,8.339799998793751,9.365100006107241,4.8368000134360045,2.194100001361221,0.0,True,ok,5340,5340
2996,116,11.600000000000001,24,215421.8851051,215421.8946412,8.399699989240617,9.536099998513237,4.952699993737042,2.1718000061810017,0.0,True,ok,5279,5279
2997,117,11.700000000000001,24,215421.9188253,215421.9287061,8.59040001523681,9.88080000388436,5.106600001454353,2.162900025723502,0.0,True,ok,5498,5498
2998,118,11.8,24,215421.951857,215421.9615543,9.232800017343834,9.697300003608689,5.851699999766424,2.072899980703369,0.0,True,ok,5517,5517
2999,119,11.9,24,215421.9855427,215421.9949257,8.193900022888556,9.38300002599135,4.676400014432147,2.2234999923966825,0.0,True,ok,5266,5266
3000,0,0.0,25,215422.0215056,215422.0310728,8.305399998789653,9.567200002493337,4.654899996239692,2.380499994615093,0.0,True,ok,4708,4708
3001,1,0.1,25,215422.0516913,215422.0604179,8.240099996328354,8.72660000459291,4.918400023598224,2.0380999776534736,0.0,True,ok,4681,4681
3002,2,0.2,25,215422.0852358,215422.0938194,7.8474000038113445,8.583599992562085,4.6941000036895275,1.9134999893140048,0.0,True,ok,4360,4360
3003,3,0.30000000000000004,25,215422.1183939,215422.126853,7.94429998495616,8.459100004984066,4.728800005977973,1.9801000016741455,0.0,True,ok,4532,4532
3004,4,0.4,25,215422.1518222,215422.1616306,8.942199987359345,9.808400005567819,5.797999998321757,1.9201000104658306,0.0,True,ok,4533,4533
3005,5,0.5,25,215422.1852356,215422.1941849,8.511199994245544,8.949300012318417,5.021500022849068,2.265499992063269,0.0,True,ok,4334,4334
3006,6,0.6000000000000001,25,215422.2183472,215422.2287005,9.867700020549819,10.353300021961331,4.642899992177263,3.9533000090159476,0.0,True,ok,4462,4462
3007,7,0.7000000000000001,25,215422.252074,215422.2617723,8.624799986137077,9.698300011223182,5.413400009274483,1.9828000222332776,0.0,True,ok,4479,4479
3008,8,0.8,25,215422.2854022,215422.2941648,7.960199989611283,8.762599987676367,4.682099999627098,1.8583000055514276,0.0,True,ok,4534,4534
3009,9,0.9,25,215422.3185413,215422.3281023,9.122899995418265,9.561000013491139,5.19739999435842,2.683800004888326,0.0,True,ok,4491,4491
3010,10,1.0,25,215422.3516585,215422.3617435,9.628300002077594,10.084999987157062,6.326300004730001,2.017199993133545,0.0,True,ok,4600,4600
3011,11,1.1,25,215422.3853558,215422.3938382,7.935000001452863,8.482399978674948,4.6793000074103475,1.9601999956648797,0.0,True,ok,4781,4781
3012,12,1.2000000000000002,25,215422.4187796,215422.4278189,8.348400006070733,9.03929999913089,4.996399977244437,2.01500000548549,0.0,True,ok,5044,5044
3013,13,1.3,25,215422.4523913,215422.4634854,10.63209999119863,11.09409998753108,6.47170000593178,2.3233000247273594,0.0,True,ok,4620,4620
3014,14,1.4000000000000001,25,215422.4850688,215422.4951813,9.647700004279613,10.112500021932647,6.163799989735708,2.1684000093955547,0.0,True,ok,4785,4785
3015,15,1.5,25,215422.5185691,215422.5277306,8.462600002530962,9.161499998299405,4.87150001572445,2.053400006843731,0.0,True,ok,5045,5045
3016,16,1.6,25,215422.551912,215422.5616271,9.257400000933558,9.715099993627518,5.440000008093193,2.1834000071976334,0.0,True,ok,5382,5382
3017,17,1.7000000000000002,25,215422.5854597,215422.5950324,8.688199974130839,9.57269998616539,4.852999991271645,2.449699997669086,0.0,True,ok,5312,5312
3018,18,1.8,25,215422.618562,215422.6270654,8.147200016537681,8.503400022163987,4.812799976207316,1.8604000215418637,0.0,True,ok,5363,5363
3019,19,1.9000000000000001,25,215422.6518588,215422.6624858,10.167500004172325,10.627000010572374,6.50280000991188,2.129500004230067,0.0,True,ok,5455,5455
3020,20,2.0,25,215422.6855505,215422.6950626,8.66729998961091,9.512099990388379,4.944500018609688,2.3573999933432788,0.0,True,ok,5508,5508
3021,21,2.1,25,215422.7185322,215422.7285428,9.155300009297207,10.010600002715364,4.982499987818301,2.497300010873005,0.0,True,ok,5300,5300
3022,22,2.2,25,215422.7518981,215422.7608702,8.228199993027374,8.972100011305884,4.651299997931346,2.1964999905321747,0.0,True,ok,5384,5384
3023,23,2.3000000000000003,25,215422.7851548,215422.7941001,8.501700009219348,8.945300010964274,4.7286999761126935,2.3939000093378127,0.0,True,ok,5355,5355
3024,24,2.4000000000000004,25,215422.8184561,215422.8276665,8.76369999605231,9.210399992298335,5.136899999342859,2.135099988663569,0.0,True,ok,5072,5072
3025,25,2.5,25,215422.8521047,215422.8623917,9.843600011663511,10.287000011885539,6.343599990941584,2.178700000513345,0.0,True,ok,4851,4851
3026,26,2.6,25,215422.8852938,215422.8949977,8.56660000863485,9.703899995656684,5.111300008138642,2.080299978842959,0.0,True,ok,4933,4933
3027,27,2.7,25,215422.918705,215422.9276371,8.37399999727495,8.932099997764453,4.98410000000149,2.0438999927137047,0.0,True,ok,4889,4889
3028,28,2.8000000000000003,25,215422.9516224,215422.9611177,8.923200017306954,9.495300007984042,4.7688999911770225,2.8150999860372394,0.0,True,ok,4508,4508
3029,29,2.9000000000000004,25,215422.9851418,215422.9943003,8.282299997517839,9.158500004559755,4.909699986455962,2.0283000194467604,0.0,True,ok,4516,4516
3030,30,3.0,25,215423.0183112,215423.0273395,8.355099998880178,9.028300002682954,4.976900003384799,2.0653000101447105,0.0,True,ok,4326,4326
3031,31,3.1,25,215423.052078,215423.061008,8.29089997569099,8.929999981774017,4.772400017827749,2.028599992627278,0.0,True,ok,4407,4407
3032,32,3.2,25,215423.0852702,215423.093833,7.908899977337569,8.562799979699776,4.734400019515306,1.9193000043742359,0.0,True,ok,4113,4113
3033,33,3.3000000000000003,25,215423.1185404,215423.1286012,8.860500005539507,10.060800006613135,5.680800008121878,1.8984000198543072,0.0,True,ok,4211,4211
3034,34,3.4000000000000004,25,215423.1521511,215423.1609796,7.77399999788031,8.828500023810193,4.4661000138148665,1.9674999930430204,33.610699989367276,True,ok,4198,4198
3035,35,3.5,25,215423.1853576,215423.1941807,8.41849998687394,8.823099982691929,4.945800028508529,2.2032999841030687,0.0,True,ok,4125,4125
3036,36,3.6,25,215423.2185542,215423.2278827,8.23030000901781,9.328500018455088,4.960799997206777,2.0337000023573637,0.0,True,ok,4267,4267
3037,37,3.7,25,215423.2522888,215423.2619082,9.143899980699643,9.619399992516264,5.856000003404915,2.0195000106468797,0.0,True,ok,3805,3805
3038,38,3.8000000000000003,25,215423.2850673,215423.294067,8.548000012524426,8.999700017739087,4.944199987221509,2.143399993656203,0.0,True,ok,3921,3921
3039,39,3.9000000000000004,25,215423.3183594,215423.3278228,9.004999999888241,9.463399997912347,4.864399990765378,2.8525000088848174,0.0,True,ok,3864,3864
3040,40,4.0,25,215423.3521864,215423.3617169,8.951700001489371,9.530499984975904,5.840099998749793,1.8980000168085098,0.0,True,ok,3828,3828
3041,41,4.1000000000000005,25,215423.3850873,215423.3937891,8.05390000459738,8.701799990376458,4.692099988460541,2.0183000015094876,0.0,True,ok,3659,3659
3042,42,4.2,25,215423.418705,215423.427326,8.13699999707751,8.621000015409663,4.589499993016943,2.2834000119473785,33.61769998446107,True,ok,3989,3989
3043,43,4.3,25,215423.4518634,215423.4616165,9.403399977600202,9.753099991939962,6.022599991410971,2.107000007526949,0.0,True,ok,4294,4294
3044,44,4.4,25,215423.4851989,215423.4944506,8.771299995714799,9.251700015738606,4.972099995939061,2.464400022290647,0.0,True,ok,4623,4623
3045,45,4.5,25,215423.5186719,215423.527854,8.499000017764047,9.182100009638816,4.8562999872956425,2.3489000159315765,0.0,True,ok,4708,4708
3046,46,4.6000000000000005,25,215423.551653,215423.5601673,7.998099987162277,8.514299988746643,4.590800002915785,2.0475999917834997,0.0,True,ok,4834,4834
3047,47,4.7,25,215423.5849712,215423.5942129,8.802800002740696,9.241699997801334,4.7707000048831105,2.6172999932896346,33.31820000312291,True,ok,4677,4677
3048,48,4.800000000000001,25,215423.6187577,215423.6275562,8.088300004601479,8.798499999102205,4.94260000414215,1.8689999997150153,33.78649998921901,True,ok,4591,4591
3049,49,4.9,25,215423.6518742,215423.6620715,9.493299992755055,10.197299998253584,6.091199989896268,2.0994000078644603,0.0,True,ok,4442,4442
3050,50,5.0,25,215423.6854888,215423.6945921,8.591999998316169,9.103299991693348,5.099400004837662,2.205800003139302,0.0,True,ok,4408,4408
3051,51,5.1000000000000005,25,215423.7184945,215423.7272742,8.248900005128235,8.779700001468882,4.722799989394844,2.2117999906186014,0.0,True,ok,4418,4418
3052,52,5.2,25,215423.7515521,215423.7604066,8.39030000497587,8.854499988956377,4.921000014292076,2.0880000083707273,0.0,True,ok,4600,4600
3053,53,5.300000000000001,25,215423.7850571,215423.7934851,8.067699993262067,8.428000001003966,4.702200007159263,2.1243999944999814,0.0,True,ok,4489,4489
3054,54,5.4,25,215423.8189001,215423.82834,8.28080001519993,9.439899993594736,4.912499978672713,2.0459000079426914,0.0,True,ok,4625,4625
3055,55,5.5,25,215423.8519121,215423.8625685,9.476099978201091,10.656399972504005,6.027499999618158,2.201800001785159,0.0,True,ok,4379,4379
3056,56,5.6000000000000005,25,215423.8851162,215423.8939524,8.389999973587692,8.8361999951303,5.046500009484589,2.0129999902565032,0.0,True,ok,4212,4212
3057,57,5.7,25,215423.9188203,215423.9302534,10.792399989441037,11.433100007707253,4.876599996350706,4.589799995301291,0.0,True,ok,4229,4229
3058,58,5.800000000000001,25,215423.9524694,215423.9609024,7.84499998553656,8.432999980868772,4.489399987505749,1.9860999891534448,0.0,True,ok,4294,4294
3059,59,5.9,25,215423.9851797,215423.9941706,8.285899995826185,8.990900008939207,4.789600003277883,2.157499984605238,0.0,True,ok,4337,4337
3060,60,6.0,25,215424.0186771,215424.0281814,8.622699999250472,9.504300018306822,4.979999997885898,2.225100004579872,0.0,True,ok,4334,4334
3061,61,6.1000000000000005,25,215424.0518206,215424.0609652,8.52800000575371,9.14460001513362,4.823100025532767,2.314099983777851,0.0,True,ok,4169,4169
3062,62,6.2,25,215424.085352,215424.0940215,8.102099993266165,8.669500006362796,4.7814999998081475,1.9960000063292682,0.0,True,ok,4172,4172
3063,63,6.300000000000001,25,215424.1183987,215424.1270736,8.043799985898659,8.6748999892734,4.645600012736395,2.1106000058352947,0.0,True,ok,4147,4147
3064,64,6.4,25,215424.1518437,215424.16201,9.698799985926598,10.166299995034933,6.352099997457117,2.0379000052344054,33.445000008214265,True,ok,4178,4178
3065,65,6.5,25,215424.1850925,215424.193544,8.051400014664978,8.451500005321577,4.871700017247349,1.8597000162117183,0.0,True,ok,4169,4169
3066,66,6.6000000000000005,25,215424.2187188,215424.2274268,8.074400015175343,8.708000008482486,4.806199984159321,1.969500008272007,0.0,True,ok,4168,4168
3067,67,6.7,25,215424.2518937,215424.2606434,8.103699976345524,8.749699976760894,4.869800002779812,1.8922000017482787,0.0,True,ok,4086,4086
3068,68,6.800000000000001,25,215424.2855672,215424.2949005,8.576799998991191,9.333300025900826,4.9672000168357044,2.161400014301762,0.0,True,ok,4379,4379
3069,69,6.9,25,215424.3186584,215424.3274511,8.330699987709522,8.792699984041974,5.038600007537752,1.960599998710677,0.0,True,ok,4282,4282
3070,70,7.0,25,215424.3519707,215424.3626061,9.906799998134375,10.635400016326457,6.261400005314499,2.307699993252754,0.0,True,ok,4247,4247
3071,71,7.1000000000000005,25,215424.3849225,215424.3937039,8.216599992010742,8.78139998530969,4.962500010151416,1.936800021212548,0.0,True,ok,4354,4354
3072,72,7.2,25,215424.4183484,215424.4276691,8.793799992417917,9.32069998816587,5.351100000552833,2.056299999821931,0.0,True,ok,4628,4628
3073,73,7.300000000000001,25,215424.4518398,215424.4615042,8.983500010799617,9.664400015026331,5.853500013472512,1.8270000000484288,0.0,True,ok,4287,4287
3074,74,7.4,25,215424.4854253,215424.4957912,9.29109999560751,10.365900001488626,5.915800022194162,1.9998000061605126,0.0,True,ok,4455,4455
3075,75,7.5,25,215424.5187115,215424.5278817,8.64509999519214,9.170200006337836,5.146899988176301,2.083300001686439,0.0,True,ok,4560,4560
3076,76,7.6000000000000005,25,215424.5519986,215424.5624781,9.592700022039935,10.47949999338016,4.7158999950625,3.3922999864444137,0.0,True,ok,4662,4662
3077,77,7.7,25,215424.5850804,215424.5943613,8.510499988915399,9.28090000525117,4.88480000058189,2.0105000003241003,0.0,True,ok,4381,4381
3078,78,7.800000000000001,25,215424.6186594,215424.6284774,9.334899979876354,9.817999991355464,5.6542000093031675,2.1798000088892877,0.0,True,ok,4350,4350
3079,79,7.9,25,215424.6515862,215424.6614782,9.357500006444752,9.892000001855195,5.459600011818111,2.454300003591925,0.0,True,ok,4058,4058
3080,80,8.0,25,215424.6851313,215424.6947971,9.128800011239946,9.665799996582791,5.656099994666874,2.012200013268739,0.0,True,ok,4074,4074
3081,81,8.1,25,215424.7188099,215424.7289144,8.966199995484203,10.10450001922436,5.69829999585636,1.9766000041272491,0.0,True,ok,4080,4080
3082,82,8.200000000000001,25,215424.7520338,215424.7626931,9.378899994771928,10.659299994586036,5.271400004858151,2.5477999879512936,0.0,True,ok,4288,4288
3083,83,8.3,25,215424.7855949,215424.7945227,8.202899975003675,8.927799994125962,4.751000000396743,2.141800010576844,0.0,True,ok,4269,4269
3084,84,8.4,25,215424.8187249,215424.8284715,8.58299998799339,9.746600000653416,5.335099995136261,1.9539000059012324,0.0,True,ok,3996,3996
3085,85,8.5,25,215424.8516609,215424.8612145,8.826200006296858,9.553600015351549,4.93530000676401,2.419200027361512,0.0,True,ok,4318,4318
3086,86,8.6,25,215424.8851556,215424.8939248,8.256100001744926,8.769200008828193,4.958300007274374,1.8371999904047698,0.0,True,ok,4410,4410
3087,87,8.700000000000001,25,215424.918556,215424.9273883,8.232799998950213,8.832300023641437,4.978100012522191,1.8795000214595348,0.0,True,ok,4345,4345
3088,88,8.8,25,215424.9517663,215424.9616919,9.303200000431389,9.925600024871528,5.985499999951571,1.966199983144179,0.0,True,ok,3995,3995
3089,89,8.9,25,215424.9850523,215424.9940167,8.300799992866814,8.964399981778115,4.802199982805178,2.1582999906968325,0.0,True,ok,4114,4114
3090,90,9.0,25,215425.0183845,215425.0273218,8.124600019073114,8.937300008255988,4.830399993807077,1.962100010132417,0.0,True,ok,4407,4407
3091,91,9.1,25,215425.0520783,215425.0612177,8.470599976135418,9.139399975538254,4.733000008855015,2.3191999935079366,0.0,True,ok,4504,4504
3092,92,9.200000000000001,25,215425.0854112,215425.0945899,8.54869998875074,9.178699983749539,4.820799978915602,2.2767999907955527,0.0,True,ok,4602,4602
3093,93,9.3,25,215425.1184419,215425.1273535,8.433399983914569,8.911599987186491,4.931000003125519,2.0967999880667776,0.0,True,ok,4719,4719
3094,94,9.4,25,215425.1517733,215425.1606565,8.307899988722056,8.883200003765523,4.7531000163871795,2.183000004151836,0.0,True,ok,4623,4623
3095,95,9.5,25,215425.1855044,215425.1947097,8.601600013207644,9.20530001167208,4.7830999828875065,2.3000999935902655,0.0,True,ok,4555,4555
3096,96,9.600000000000001,25,215425.2188086,215425.2278076,8.508400002028793,8.998999983305112,4.846899973927066,2.247900003567338,0.0,True,ok,4902,4902
3097,97,9.700000000000001,25,215425.2517117,215425.2605329,8.352200005901977,8.821199997328222,4.908100003376603,2.033199998550117,0.0,True,ok,4793,4793
3098,98,9.8,25,215425.28526,215425.293987,8.004200004506856,8.727000007638708,4.7756999847479165,1.8700000073295087,0.0,True,ok,4857,4857
3099,99,9.9,25,215425.318574,215425.3275558,8.429900015471503,8.981799997854978,4.856300016399473,1.9258000247646123,0.0,True,ok,4985,4985
3100,100,10.0,25,215425.3519573,215425.3632692,10.664100002031773,11.3118999870494,4.756899987114593,4.165999998804182,0.0,True,ok,4973,4973
3101,101,10.100000000000001,25,215425.3853525,215425.3947276,8.805500023299828,9.375100024044514,5.135000013979152,2.2446000075433403,0.0,True,ok,4507,4507
3102,102,10.200000000000001,25,215425.4188654,215425.4278515,8.476799994241446,8.986100001493469,5.041399999754503,2.04459999804385,0.0,True,ok,4834,4834
3103,103,10.3,25,215425.452127,215425.4623014,9.666199999628589,10.174399998504668,6.2957999762147665,2.0095999934710562,0.0,True,ok,4943,4943
3104,104,10.4,25,215425.4849784,215425.4940136,8.368199982214719,9.035199997015297,4.889500007266179,1.9914000004064292,0.0,True,ok,5082,5082
3105,105,10.5,25,215425.5183029,215425.5271173,8.104999986244366,8.814400003757328,4.7596000076737255,1.9957000040449202,0.0,True,ok,4986,4986
3106,106,10.600000000000001,25,215425.5516366,215425.5605706,8.367900009034202,8.93400001223199,4.854600003454834,2.0813999872189015,0.0,True,ok,5037,5037
3107,107,10.700000000000001,25,215425.5850744,215425.5951173,9.380699979374185,10.042899986729026,4.765899997437373,3.2296999997925013,0.0,True,ok,5162,5162
3108,108,10.8,25,215425.6187571,215425.6273502,8.199600008083507,8.593100006692111,4.7747000062372535,2.124899998307228,0.0,True,ok,4884,4884
3109,109,10.9,25,215425.6520296,215425.6618597,9.137699991697446,9.830099996179342,5.801499995868653,2.017700026044622,0.0,True,ok,4890,4890
3110,110,11.0,25,215425.6853444,215425.6943706,8.5102999873925,9.026199986692518,5.002599995350465,2.194499975303188,0.0,True,ok,4848,4848
3111,111,11.100000000000001,25,215425.7183714,215425.7292726,10.302300011971965,10.901200002990663,4.988699976820499,3.946199984056875,0.0,True,ok,5030,5030
3112,112,11.200000000000001,25,215425.7517215,215425.7610133,8.696000004420057,9.291800000937656,5.081700015580282,2.1726000122725964,0.0,True,ok,5114,5114
3113,113,11.3,25,215425.7849928,215425.794209,8.782400022028014,9.216200007358566,4.975799995008856,2.3415999894496053,0.0,True,ok,5293,5293
3114,114,11.4,25,215425.8187088,215425.8287292,8.861300011631101,10.020399990025908,4.945499997120351,2.5867999938782305,0.0,True,ok,5423,5423
3115,115,11.5,25,215425.8518531,215425.8623439,10.012099985033274,10.490799992112443,6.381000013789162,2.2778999991714954,0.0,True,ok,5340,5340
3116,116,11.600000000000001,25,215425.8854734,215425.8943956,8.473499998217449,8.92219998058863,5.012600013287738,2.101199992466718,0.0,True,ok,5279,5279
3117,117,11.700000000000001,25,215425.9186107,215425.9290408,9.355199988931417,10.430099995573983,5.87899997481145,2.127300016582012,33.13729999354109,True,ok,5498,5498
3118,118,11.8,25,215425.9516914,215425.9617095,8.839799993438646,10.018100001616403,5.350999999791384,2.159999974537641,0.0,True,ok,5517,5517
3119,119,11.9,25,215425.9852634,215425.9944039,8.448499982478097,9.140499983914196,4.872299992712215,2.267900010338053,0.0,True,ok,5266,5266
3120,0,0.0,26,215426.0216391,215426.0315325,8.625599992228672,9.893399983411655,4.684299987275153,2.4671999854035676,36.375700001372024,True,ok,4708,4708
3121,1,0.1,26,215426.0518835,215426.0627121,10.388500028057024,10.828600003151223,6.904500012751669,2.0588999905157834,0.0,True,ok,4681,4681
3122,2,0.2,26,215426.0851002,215426.0937717,8.239699993282557,8.671499992487952,4.8602999886497855,1.9744000164791942,0.0,True,ok,4360,4360
3123,3,0.30000000000000004,26,215426.1184386,215426.1281382,8.584700000938028,9.699599992018193,4.727099993033335,2.5052000128198415,0.0,True,ok,4532,4532
3124,4,0.4,26,215426.1527514,215426.1616514,8.227700018323958,8.90000001527369,4.628199996659532,2.168399980291724,0.0,True,ok,4533,4533
3125,5,0.5,26,215426.1851772,215426.1947023,8.86160001391545,9.525100002065301,5.071100022178143,2.3557000095024705,0.0,True,ok,4334,4334
3126,6,0.6000000000000001,26,215426.2187006,215426.2278393,8.534199994755909,9.138699999311939,4.795600019861013,2.148500003386289,0.0,True,ok,4462,4462
3127,7,0.7000000000000001,26,215426.2517278,215426.262674,10.468199994647875,10.9461999963969,7.010100001934916,2.1403999999165535,0.0,True,ok,4479,4479
3128,8,0.8,26,215426.2853574,215426.2938778,8.140899997670203,8.520400006091222,4.871699988143519,1.9899999897461385,0.0,True,ok,4534,4534
3129,9,0.9,26,215426.3186725,215426.3279485,8.584800001699477,9.275999997043982,4.896999977063388,2.0729000098071992,0.0,True,ok,4491,4491
3130,10,1.0,26,215426.3518455,215426.3631212,10.818200011271983,11.275700002443045,6.707599997753277,2.5456000003032386,0.0,True,ok,4600,4600
3131,11,1.1,26,215426.3853913,215426.3939096,8.039400010602549,8.518300019204617,4.826799995498732,1.8653000006452203,0.0,True,ok,4781,4781
3132,12,1.2000000000000002,26,215426.4183648,215426.4270974,8.258900023065507,8.73260002117604,4.859600012423471,2.06090000574477,0.0,True,ok,5044,5044
3133,13,1.3,26,215426.4518678,215426.4616745,9.277300006942824,9.80669999262318,5.730999982915819,2.100299985613674,0.0,True,ok,4620,4620
3134,14,1.4000000000000001,26,215426.4856057,215426.4960133,9.364800003822893,10.407599998870865,5.822799983434379,2.2080000198911875,0.0,True,ok,4785,4785
3135,15,1.5,26,215426.5186666,215426.5273889,8.272799983387813,8.72230000095442,4.962900013197213,1.9720999989658594,0.0,True,ok,5045,5045
3136,16,1.6,26,215426.5519656,215426.5625795,9.947999991709366,10.613899998134002,5.19450000138022,3.2318999874405563,0.0,True,ok,5382,5382
3137,17,1.7000000000000002,26,215426.5853263,215426.5937501,7.939600007375702,8.423799998126924,4.588100011460483,1.9595999910961837,33.360700006596744,True,ok,5312,5312
3138,18,1.8,26,215426.6183484,215426.6269178,8.024499984458089,8.569400000851601,4.622000007657334,2.005899994401261,0.0,True,ok,5363,5363
3139,19,1.9000000000000001,26,215426.6517893,215426.6621267,9.665299992775545,10.337399988202378,6.120200006989762,2.1637000027112663,0.0,True,ok,5455,5455
3140,20,2.0,26,215426.6854485,215426.6946349,8.705099986400455,9.186399984173477,5.126200005179271,2.2237000230234116,0.0,True,ok,5508,5508
3141,21,2.1,26,215426.7185731,215426.727695,8.027000003494322,9.121900016907603,4.7130000020843,1.9463000062387437,0.0,True,ok,5300,5300
3142,22,2.2,26,215426.7518774,215426.7659903,12.788899999577552,14.112899982137606,8.695800002897158,2.682899998035282,0.0,True,ok,5384,5384
3143,23,2.3000000000000003,26,215426.7853423,215426.7941812,8.428200002526864,8.838900015689433,4.9980999901890755,2.07280000904575,0.0,True,ok,5355,5355
3144,24,2.4000000000000004,26,215426.8187135,215426.8280669,8.415099990088493,9.35340000432916,4.790399980265647,2.300799998920411,33.37119999923743,True,ok,5072,5072
3145,25,2.5,26,215426.8518856,215426.8631316,10.340599983464926,11.246000009123236,5.921100004343316,2.8976999747101218,0.0,True,ok,4851,4851
3146,26,2.6,26,215426.8854913,215426.8950225,8.27029999345541,9.53119999030605,4.826799995498732,2.0661000162363052,0.0,True,ok,4933,4933
3147,27,2.7,26,215426.9185604,215426.9271136,8.06579997879453,8.55319999391213,4.731100023491308,2.0166000176686794,0.0,True,ok,4889,4889
3148,28,2.8000000000000003,26,215426.9520198,215426.9614095,8.36360000539571,9.389700018800795,5.056800000602379,2.0708000229205936,0.0,True,ok,4508,4508
3149,29,2.9000000000000004,26,215426.9855192,215426.9948909,8.252300001913682,9.371699998155236,4.911799973342568,2.051399991614744,0.0,True,ok,4516,4516
3150,30,3.0,26,215427.0187909,215427.027622,8.3458999870345,8.831099985400215,4.965500003891066,2.1123000187799335,0.0,True,ok,4326,4326
3151,31,3.1,26,215427.0521308,215427.0614405,8.034400001633912,9.309699991717935,4.676900018239394,2.1154999849386513,0.0,True,ok,4407,4407
3152,32,3.2,26,215427.0854151,215427.0940075,8.073000004515052,8.592400001361966,4.782300005899742,2.047699992544949,33.28430000692606,True,ok,4113,4113
3153,33,3.3000000000000003,26,215427.1185403,215427.1268127,7.8541999973822385,8.272400009445846,4.6316999942064285,1.891699997941032,0.0,True,ok,4211,4211
3154,34,3.4000000000000004,26,215427.1516762,215427.1620918,9.829600021475926,10.41560000157915,6.296300009125844,2.147399995010346,0.0,True,ok,4198,4198
3155,35,3.5,26,215427.185381,215427.1940793,8.26000000233762,8.698300021933392,4.829600016819313,2.1983000042382628,0.0,True,ok,4125,4125
3156,36,3.6,26,215427.2186818,215427.227557,8.347099996171892,8.875200001057237,4.741400014609098,2.423300000373274,0.0,True,ok,4267,4267
3157,37,3.7,26,215427.2516412,215427.2606978,8.58729999163188,9.056599985342473,5.4404000111389905,1.961899979505688,0.0,True,ok,3805,3805
3158,38,3.8000000000000003,26,215427.2853189,215427.2946966,8.636100013973191,9.377700014738366,4.6341999841388315,2.1084999898448586,0.0,True,ok,3921,3921
3159,39,3.9000000000000004,26,215427.318539,215427.3275507,8.542199997464195,9.011699992697686,5.044499994255602,2.303599991137162,0.0,True,ok,3864,3864
3160,40,4.0,26,215427.3521556,215427.3618862,9.108099999139085,9.730599995236844,5.854200018802658,2.0521999977063388,0.0,True,ok,3828,3828
3161,41,4.1000000000000005,26,215427.3852352,215427.394065,8.092400006717071,8.829800004605204,4.958600009558722,1.9527999975252897,0.0,True,ok,3659,3659
3162,42,4.2,26,215427.4188113,215427.4280202,8.075399993686005,9.208899980876595,4.667399975005537,2.242099988507107,0.0,True,ok,3989,3989
3163,43,4.3,26,215427.452031,215427.460172,7.611299981363118,8.140999998431653,4.505799995968118,1.955399988219142,0.0,True,ok,4294,4294
3164,44,4.4,26,215427.4853235,215427.4943105,8.302200003527105,8.987000008346513,4.953399999067187,2.16159998672083,0.0,True,ok,4623,4623
3165,45,4.5,26,215427.5183705,215427.5280787,9.081500000320375,9.708199999295175,5.02260000212118,2.6248999929521233,0.0,True,ok,4708,4708
3166,46,4.6000000000000005,26,215427.5518955,215427.5614789,9.075999987544492,9.583400009432808,4.94109999272041,2.0637999987229705,0.0,True,ok,4834,4834
3167,47,4.7,26,215427.5854505,215427.5937664,7.840400008717552,8.315900020534173,4.365199973108247,2.2387999924831092,0.0,True,ok,4677,4677
3168,48,4.800000000000001,26,215427.6186633,215427.627224,8.155699993949383,8.56069999281317,4.877100000157952,2.1071000082883984,0.0,True,ok,4591,4591
3169,49,4.9,26,215427.6517885,215427.6618801,9.540400002151728,10.091600008308887,6.285399984335527,2.0212999952491373,0.0,True,ok,4442,4442
3170,50,5.0,26,215427.6854233,215427.6945023,8.620500011602417,9.079000010387972,5.111100006615743,2.2862000041641295,0.0,True,ok,4408,4408
3171,51,5.1000000000000005,26,215427.7188022,215427.7275332,8.116699988022447,8.73100000899285,4.782300005899742,2.125700004398823,0.0,True,ok,4418,4418
3172,52,5.2,26,215427.7521099,215427.7615562,8.354000019608065,9.446300013223663,5.091800005175173,2.0203999883960932,0.0,True,ok,4600,4600
3173,53,5.300000000000001,26,215427.78517,215427.7942165,8.612900011939928,9.046500024851412,5.047400016337633,2.288199990289286,0.0,True,ok,4489,4489
3174,54,5.4,26,215427.8188236,215427.8281263,8.563500014133751,9.302699996624142,4.8624999762978405,2.397700009169057,0.0,True,ok,4625,4625
3175,55,5.5,26,215427.8516412,215427.8622844,9.931900014635175,10.643200017511845,6.525100005092099,2.202400006353855,0.0,True,ok,4379,4379
3176,56,5.6000000000000005,26,215427.8851951,215427.893974,8.144099992932752,8.778899995377287,4.760999989230186,2.2019000025466084,0.0,True,ok,4212,4212
3177,57,5.7,26,215427.9185585,215427.9276716,8.358299994142726,9.113099979003891,4.978299984941259,2.236399974208325,0.0,True,ok,4229,4229
3178,58,5.800000000000001,26,215427.9518185,215427.9617951,9.616399998776615,9.976600005757064,6.173400004627183,2.0423000096343458,0.0,True,ok,4294,4294
3179,59,5.9,26,215427.9851808,215427.9941113,8.45120000303723,8.930500014685094,5.002400022931397,2.185100020142272,0.0,True,ok,4337,4337
3180,60,6.0,26,215428.018862,215428.0277682,8.423199993558228,8.906200004275888,4.961400001775473,2.268899988848716,0.0,True,ok,4334,4334
3181,61,6.1000000000000005,26,215428.0518162,215428.0604072,8.11910000629723,8.591000019805506,4.8257000162266195,2.095699979690835,0.0,True,ok,4169,4169
3182,62,6.2,26,215428.085318,215428.0939208,7.925299985799938,8.602799993241206,4.670700000133365,2.073499985272065,0.0,True,ok,4172,4172
3183,63,6.300000000000001,26,215428.1183519,215428.1267194,8.005899988347664,8.367500005988404,4.662499995902181,2.2264000144787133,33.0338999920059,True,ok,4147,4147
3184,64,6.4,26,215428.1521123,215428.1619982,8.799100003670901,9.885899984510615,5.601200013188645,2.0432999881450087,0.0,True,ok,4178,4178
3185,65,6.5,26,215428.1851793,215428.1938577,8.195900009013712,8.678400015924126,4.928200010908768,1.9903999927919358,0.0,True,ok,4169,4169
3186,66,6.6000000000000005,26,215428.2185252,215428.2275669,7.936599984532222,9.041699988301843,4.685199994128197,1.9555999897420406,0.0,True,ok,4168,4168
3187,67,6.7,26,215428.2519143,215428.261188,8.193100016796961,9.273700008634478,5.063400021754205,1.889599981950596,0.0,True,ok,4086,4086
3188,68,6.800000000000001,26,215428.285015,215428.294543,8.95489999675192,9.527999995043501,4.6928999945521355,2.8987000114284456,0.0,True,ok,4379,4379
3189,69,6.9,26,215428.3184224,215428.3278188,8.799100003670901,9.39639998250641,5.040000018198043,2.52609999733977,0.0,True,ok,4282,4282
3190,70,7.0,26,215428.3518815,215428.3619943,9.319800010416657,10.112799995113164,5.472199991345406,2.481100003933534,0.0,True,ok,4247,4247
3191,71,7.1000000000000005,26,215428.3854257,215428.3953386,9.290100017096847,9.912900015478954,4.7870999842416495,3.316399990580976,0.0,True,ok,4354,4354
3192,72,7.2,26,215428.4185061,215428.4281084,8.726900006877258,9.60230000782758,5.211499985307455,2.3049000010360032,0.0,True,ok,4628,4628
3193,73,7.300000000000001,26,215428.4521786,215428.4630506,10.284599993610755,10.87199998437427,5.488199996761978,3.656999993836507,0.0,True,ok,4287,4287
3194,74,7.4,26,215428.4850597,215428.4938513,8.17850002204068,8.791600004769862,4.929600021569058,2.0379000052344054,0.0,True,ok,4455,4455
3195,75,7.5,26,215428.5187648,215428.5273016,8.067099988693371,8.536799985449761,4.830599995329976,2.0253999973647296,0.0,True,ok,4560,4560
3196,76,7.6000000000000005,26,215428.5516553,215428.5604106,8.113100018817931,8.755300019402057,4.734799993457273,2.0317999878898263,0.0,True,ok,4662,4662
3197,77,7.7,26,215428.5854458,215428.5942565,8.147899992763996,8.810699975583702,4.848100012168288,1.8566999933682382,0.0,True,ok,4381,4381
3198,78,7.800000000000001,26,215428.6184658,215428.6280262,8.946399990236387,9.560399979818612,5.713899998227134,2.0496000070124865,0.0,True,ok,4350,4350
3199,79,7.9,26,215428.6516594,215428.6602147,7.876699994085357,8.555300009902567,4.758299997774884,1.9051999843213707,0.0,True,ok,4058,4058
3200,80,8.0,26,215428.6853817,215428.6944882,7.885600003646687,9.106500016059726,4.740999982459471,1.9865999929606915,0.0,True,ok,4074,4074
3201,81,8.1,26,215428.7185491,215428.727279,7.844400010071695,8.729900000616908,4.724899976281449,1.9786999910138547,0.0,True,ok,4080,4080
3202,82,8.200000000000001,26,215428.7517191,215428.7600752,7.750899996608496,8.356100006494671,4.6067000075709075,1.8857000104617327,0.0,True,ok,4288,4288
3203,83,8.3,26,215428.7853205,215428.7938679,7.978200010256842,8.54740000795573,4.746099992189556,2.061400009552017,0.0,True,ok,4269,4269
3204,84,8.4,26,215428.8185801,215428.8288667,9.14889998966828,10.286600008839741,5.7471999898552895,2.2854000271763653,0.0,True,ok,3996,3996
3205,85,8.5,26,215428.8519413,215428.8633881,10.568900004727766,11.44679999561049,6.468899984611198,2.7595999999903142,0.0,True,ok,4318,4318
3206,86,8.6,26,215428.8855591,215428.894274,7.961099996464327,8.71490000281483,4.818100016564131,1.9749999919440597,0.0,True,ok,4410,4410
3207,87,8.700000000000001,26,215428.9185859,215428.9272903,8.193499990738928,8.70439998107031,4.829500016057864,2.0041000097990036,33.02680002525449,True,ok,4345,4345
3208,88,8.8,26,215428.9522182,215428.9613238,8.650400006445125,9.105600009206682,5.608300009043887,1.9083000079263002,0.0,True,ok,3995,3995
3209,89,8.9,26,215428.9853762,215428.9939891,7.966100005432963,8.612900011939928,4.744500009110197,2.040299994405359,0.0,True,ok,4114,4114
3210,90,9.0,26,215429.0186785,215429.0271696,7.968300022184849,8.49110001581721,4.734600021038204,2.0533000060822815,33.30229999846779,True,ok,4407,4407
3211,91,9.1,26,215429.0517137,215429.0625061,9.668399987276644,10.792399989441037,6.2963999807834625,2.1501000155694783,0.0,True,ok,4504,4504
3212,92,9.200000000000001,26,215429.0852744,215429.0942086,8.309700002428144,8.93420001375489,4.8359000065829605,2.2951000137254596,0.0,True,ok,4602,4602
3213,93,9.3,26,215429.1182427,215429.1269137,8.064099994953722,8.670999988680705,4.707799991592765,2.136600000085309,0.0,True,ok,4719,4719
3214,94,9.4,26,215429.151894,215429.1605639,8.074499986832961,8.669899980304763,4.661899991333485,2.174000022932887,0.0,True,ok,4623,4623
3215,95,9.5,26,215429.1849598,215429.1936588,8.038600004510954,8.698999998159707,4.666399996494874,2.1754000044893473,0.0,True,ok,4555,4555
3216,96,9.600000000000001,26,215429.2184323,215429.2273436,8.32520000403747,8.911300014005974,4.774699977133423,2.211200015153736,0.0,True,ok,4902,4902
3217,97,9.700000000000001,26,215429.2519566,215429.2607597,8.08359999791719,8.803100005025044,4.707799991592765,2.071900002192706,0.0,True,ok,4793,4793
3218,98,9.8,26,215429.2850511,215429.2950574,9.520100022200495,10.006299999076873,6.177500006742775,2.1407000022009015,0.0,True,ok,4857,4857
3219,99,9.9,26,215429.3185923,215429.3284574,8.582400012528524,9.865100000752136,5.444600014016032,1.9743000157177448,0.0,True,ok,4985,4985
3220,100,10.0,26,215429.3518739,215429.3615294,8.452299982309341,9.65549997636117,4.88190000760369,2.227599994512275,0.0,True,ok,4973,4973
3221,101,10.100000000000001,26,215429.3852604,215429.395937,10.18749998183921,10.676599980797619,4.88340001902543,3.923000011127442,0.0,True,ok,4507,4507
3222,102,10.200000000000001,26,215429.4189191,215429.4288666,9.08220000565052,9.94750001700595,5.262999999104068,2.512100007152185,0.0,True,ok,4834,4834
3223,103,10.3,26,215429.4520898,215429.4607101,7.916899980045855,8.620299980975688,4.6208999992813915,1.939000008860603,0.0,True,ok,4943,4943
3224,104,10.4,26,215429.4854165,215429.4946131,8.69839999359101,9.196599974529818,4.541400005109608,2.204800024628639,33.326700009638444,True,ok,5082,5082
3225,105,10.5,26,215429.5184057,215429.5275581,8.600500004831702,9.152400016319007,4.757999995490536,2.61950001004152,0.0,True,ok,4986,4986
3226,106,10.600000000000001,26,215429.5516964,215429.5604399,8.149900007992983,8.743499987758696,4.926900001009926,2.044900000328198,0.0,True,ok,5037,5037
3227,107,10.700000000000001,26,215429.585027,215429.5935211,7.910699991043657,8.49410000955686,4.859199980273843,1.8653000006452203,0.0,True,ok,5162,5162
3228,108,10.8,26,215429.6185548,215429.6283892,9.407799982000142,9.834399999817833,6.1910999938845634,2.0730000105686486,0.0,True,ok,4884,4884
3229,109,10.9,26,215429.651908,215429.661906,9.526999987429008,9.997999994084239,6.05379999615252,2.1170999971218407,0.0,True,ok,4890,4890
3230,110,11.0,26,215429.6849873,215429.6942163,8.700400008819997,9.22900001751259,5.281799996737391,2.215699991211295,0.0,True,ok,4848,4848
3231,111,11.100000000000001,26,215429.7186742,215429.7277212,8.114900003420189,9.046999999554828,4.608699993696064,2.2170000011101365,0.0,True,ok,5030,5030
3232,112,11.200000000000001,26,215429.7520725,215429.7621489,9.589999972376972,10.07639997988008,6.123800005298108,2.260299981571734,0.0,True,ok,5114,5114
3233,113,11.3,26,215429.7852747,215429.7942034,7.893100002547726,8.928700000979006,4.550500016193837,2.1345999848563224,0.0,True,ok,5293,5293
3234,114,11.4,26,215429.8187675,215429.8280111,8.58449999941513,9.243600012268871,4.989099979866296,2.3831000144127756,0.0,True,ok,5423,5423
3235,115,11.5,26,215429.8518246,215429.8619972,9.561799990478903,10.17260001390241,6.243400013772771,2.0425999828148633,0.0,True,ok,5340,5340
3236,116,11.600000000000001,26,215429.8849832,215429.894348,8.88670000131242,9.364800003822893,4.851700010476634,2.8076000162400305,0.0,True,ok,5279,5279
3237,117,11.700000000000001,26,215429.9187937,215429.9279434,8.46869999077171,9.149699995759875,4.69669999438338,2.371200011111796,0.0,True,ok,5498,5498
3238,118,11.8,26,215429.9517155,215429.9613867,9.161299996776506,9.671199979493394,5.93830001889728,1.9733000081032515,0.0,True,ok,5517,5517
3239,119,11.9,26,215429.985308,215429.9941294,8.366399997612461,8.82139999885112,4.858699976466596,2.197800000431016,0.0,True,ok,5266,5266
3240,0,0.0,27,215430.0210436,215430.0299205,8.34150001173839,8.876900014001876,4.651900002500042,2.505100012058392,0.0,True,ok,4708,4708
3241,1,0.1,27,215430.0522034,215430.0613017,8.445900020888075,9.098300011828542,4.781100025866181,2.3858000058680773,0.0,True,ok,4681,4681
3242,2,0.2,27,215430.0851629,215430.0937778,8.087700000032783,8.614899998065084,4.881200002273545,1.9567999988794327,0.0,True,ok,4360,4360
3243,3,0.30000000000000004,27,215430.1187267,215430.1272846,8.027200005017221,8.557900000596419,4.612100019585341,2.139299991540611,33.5637999814935,True,ok,4532,4532
3244,4,0.4,27,215430.1520434,215430.1616612,9.213499986799434,9.617799980333075,5.942099989624694,1.9887999806087464,0.0,True,ok,4533,4533
3245,5,0.5,27,215430.1851307,215430.1944966,8.840999973472208,9.365899983095005,5.053000000771135,2.3999999975785613,0.0,True,ok,4334,4334
3246,6,0.6000000000000001,27,215430.2186075,215430.2271031,7.9963000025600195,8.4956000209786,4.857599997194484,1.9487999961711466,0.0,True,ok,4462,4462
3247,7,0.7000000000000001,27,215430.2521365,215430.2612575,8.53700001607649,9.121000010054559,4.7707000048831105,2.3076000215951353,33.52900000754744,True,ok,4479,4479
3248,8,0.8,27,215430.2851896,215430.2932716,7.724900002358481,8.082000014837831,4.671900009270757,1.861100026872009,0.0,True,ok,4534,4534
3249,9,0.9,27,215430.318487,215430.3273179,8.348000003024936,8.830899983877316,5.0728000060189515,2.075900003546849,0.0,True,ok,4491,4491
3250,10,1.0,27,215430.3518144,215430.3606854,8.284699986688793,8.870999998180196,4.7135999775491655,2.09500000346452,0.0,True,ok,4600,4600
3251,11,1.1,27,215430.3853966,215430.3946919,8.039700012886897,9.295299998484552,4.779299983056262,2.0138999971095473,0.0,True,ok,4781,4781
3252,12,1.2000000000000002,27,215430.4189774,215430.4281937,8.723200007807463,9.216300008120015,5.205199995543808,2.2653999913018197,0.0,True,ok,5044,5044
3253,13,1.3,27,215430.4519549,215430.4603371,8.001100010005757,8.382200001506135,4.81220000074245,2.002699999138713,0.0,True,ok,4620,4620
3254,14,1.4000000000000001,27,215430.4853239,215430.4941552,8.284499985165894,8.831299986923113,4.7611000190954655,2.1487000049091876,0.0,True,ok,4785,4785
3255,15,1.5,27,215430.5188213,215430.5283389,8.211400010623038,9.517600003164262,4.834899998968467,2.077299985103309,0.0,True,ok,5045,5045
3256,16,1.6,27,215430.551743,215430.5625098,10.075400001369417,10.76679999823682,6.732600013492629,2.0616000110749155,0.0,True,ok,5382,5382
3257,17,1.7000000000000002,27,215430.5852044,215430.5938194,8.016400010092184,8.614999998826534,4.742199991596863,1.958100008778274,0.0,True,ok,5312,5312
3258,18,1.8,27,215430.6183527,215430.6266353,7.912800007034093,8.282599999802187,4.758099996251985,1.88460000208579,0.0,True,ok,5363,5363
3259,19,1.9000000000000001,27,215430.6520851,215430.6618988,8.982500003185123,9.813699987716973,5.645199998980388,2.0278000156395137,0.0,True,ok,5455,5455
3260,20,2.0,27,215430.6852981,215430.6941515,8.287400007247925,8.853400009684265,4.770200001075864,2.059699996607378,0.0,True,ok,5508,5508
3261,21,2.1,27,215430.7185818,215430.7274328,8.254599990323186,8.85099999140948,4.753799992613494,2.170099993236363,0.0,True,ok,5300,5300
3262,22,2.2,27,215430.7517837,215430.762563,9.530899988021702,10.779300006106496,6.032499979482964,2.009799994993955,0.0,True,ok,5384,5384
3263,23,2.3000000000000003,27,215430.785135,215430.7945084,8.364899986190721,9.373399981996045,4.713200003607199,2.266700001200661,0.0,True,ok,5355,5355
3264,24,2.4000000000000004,27,215430.8187642,215430.8285477,9.300499979872257,9.783499990589917,5.246700020506978,2.787599980365485,0.0,True,ok,5072,5072
3265,25,2.5,27,215430.8521464,215430.8621692,9.383900003740564,10.022800008300692,6.03899999987334,2.053899981547147,0.0,True,ok,4851,4851
3266,26,2.6,27,215430.8852946,215430.8944446,8.60680002369918,9.149999998044223,4.942900006426498,2.316299971425906,0.0,True,ok,4933,4933
3267,27,2.7,27,215430.9189057,215430.9277302,8.242499985499308,8.82449999335222,4.725700011476874,2.1056999976281077,0.0,True,ok,4889,4889
3268,28,2.8000000000000003,27,215430.9519862,215430.9616805,9.270100010326132,9.694300009869039,5.8071000094059855,2.2148999851197004,33.080499997595325,True,ok,4508,4508
3269,29,2.9000000000000004,27,215430.9853235,215430.9943787,8.04499999503605,9.055200003786013,4.750699998112395,2.0321999909356236,0.0,True,ok,4516,4516
3270,30,3.0,27,215431.0187399,215431.0275104,8.265099982963875,8.770499989623204,5.0131999887526035,2.0314000139478594,0.0,True,ok,4326,4326
3271,31,3.1,27,215431.0519286,215431.060756,8.259099995484576,8.82739998633042,4.780000017490238,2.1309999865479767,0.0,True,ok,4407,4407
3272,32,3.2,27,215431.0852874,215431.0941048,8.283300005132332,8.817399997496977,4.802300012670457,2.156200003810227,0.0,True,ok,4113,4113
3273,33,3.3000000000000003,27,215431.1183617,215431.1266491,7.717200001934543,8.287400007247925,4.670299997087568,1.8313000036869198,0.0,True,ok,4211,4211
3274,34,3.4000000000000004,27,215431.1519117,215431.1617855,8.826400007819757,9.873800008790568,5.58409999939613,2.002699999138713,0.0,True,ok,4198,4198
3275,35,3.5,27,215431.1851163,215431.1939508,8.355600002687424,8.834499982185662,4.972499998984858,2.1892999939154834,0.0,True,ok,4125,4125
3276,36,3.6,27,215431.2187482,215431.2275975,8.113699994282797,8.849300007568672,4.812400002265349,2.0786999957636,0.0,True,ok,4267,4267
3277,37,3.7,27,215431.2520977,215431.2610056,8.355199999641627,8.907900017220527,4.94420001632534,2.1142000041436404,0.0,True,ok,3805,3805
3278,38,3.8000000000000003,27,215431.285454,215431.2939908,7.857999997213483,8.536800014553592,4.700499994214624,1.9777999841608107,0.0,True,ok,3921,3921
3279,39,3.9000000000000004,27,215431.3186903,215431.3274879,8.35330001427792,8.797600021352991,5.067399994004518,2.0883000106550753,0.0,True,ok,3864,3864
3280,40,4.0,27,215431.3519857,215431.3618043,9.276500000851229,9.81859999592416,5.9905999805778265,2.099699981044978,0.0,True,ok,3828,3828
3281,41,4.1000000000000005,27,215431.3850834,215431.395013,9.321699995780364,9.92959999712184,5.56779999169521,1.9755999965127558,33.09770001214929,True,ok,3659,3659
3282,42,4.2,27,215431.4187515,215431.4273785,8.07179999537766,8.627000002888963,4.681399994296953,2.1970999951008707,0.0,True,ok,3989,3989
3283,43,4.3,27,215431.4517609,215431.4614405,9.286999993491918,9.679599985247478,6.1833000218030065,1.904999982798472,0.0,True,ok,4294,4294
3284,44,4.4,27,215431.4852043,215431.4942552,8.56369998655282,9.050900000147521,5.100600013975054,2.215299988165498,0.0,True,ok,4623,4623
3285,45,4.5,27,215431.5187198,215431.5285326,9.278499986976385,9.81280000996776,5.390700011048466,2.4597999872639775,0.0,True,ok,4708,4708
3286,46,4.6000000000000005,27,215431.5523168,215431.5623707,8.893099991837516,10.053900012280792,4.524400021182373,3.057900001294911,0.0,True,ok,4834,4834
3287,47,4.7,27,215431.5851247,215431.594632,8.91790000605397,9.50729998294264,4.710900015197694,2.6267000066582114,32.807900017360225,True,ok,4677,4677
3288,48,4.800000000000001,27,215431.6182803,215431.6265724,7.689300022320822,8.292100013932213,4.653099982533604,1.8257999909110367,0.0,True,ok,4591,4591
3289,49,4.9,27,215431.6521225,215431.6618873,9.153099992545322,9.764799993718043,5.852000002050772,2.057500008959323,0.0,True,ok,4442,4442
3290,50,5.0,27,215431.6852699,215431.6941401,8.400999999139458,8.870200021192431,4.950600006850436,2.1852999925613403,0.0,True,ok,4408,4408
3291,51,5.1000000000000005,27,215431.7185522,215431.7271683,8.036600018385798,8.616100007202476,4.559499997412786,2.1521000016946346,0.0,True,ok,4418,4418
3292,52,5.2,27,215431.7522134,215431.7618228,8.589500008383766,9.609400003682822,4.676199983805418,1.8907000194303691,33.661199995549396,True,ok,4600,4600
3293,53,5.300000000000001,27,215431.7852453,215431.7933199,7.680199982132763,8.07459998759441,4.61519998498261,1.813299983041361,0.0,True,ok,4489,4489
3294,54,5.4,27,215431.8185696,215431.8277131,8.670000010170043,9.143500006757677,4.980700003216043,2.4238000041805208,0.0,True,ok,4625,4625
3295,55,5.5,27,215431.851985,215431.8623577,9.140700014540926,10.37270002416335,5.706099997041747,2.169400017010048,0.0,True,ok,4379,4379
3296,56,5.6000000000000005,27,215431.885655,215431.8952736,8.932400000048801,9.6186000155285,4.722799989394844,2.031399984844029,0.0,True,ok,4212,4212
3297,57,5.7,27,215431.9184241,215431.9271602,8.252700004959479,8.736099989619106,4.669899994041771,2.3144000151660293,0.0,True,ok,4229,4229
3298,58,5.800000000000001,27,215431.9518412,215431.9618448,9.517400001641363,10.003600007621571,6.023199995979667,2.191999985370785,0.0,True,ok,4294,4294
3299,59,5.9,27,215431.9853147,215431.9944293,8.45109997317195,9.114599990425631,4.749200015794486,2.2116000181995332,0.0,True,ok,4337,4337
3300,60,6.0,27,215432.0185671,215432.0274516,8.365799993043765,8.884500013664365,4.982100013876334,2.144500002032146,0.0,True,ok,4334,4334
3301,61,6.1000000000000005,27,215432.0516971,215432.0628891,10.691799980122596,11.19200000539422,4.821900016395375,4.549500008579344,0.0,True,ok,4169,4169
3302,62,6.2,27,215432.0855309,215432.0956438,8.942200016463175,10.112900024978444,5.631300009554252,2.0324999932199717,0.0,True,ok,4172,4172
3303,63,6.300000000000001,27,215432.1188222,215432.1276107,8.345000009285286,8.788500010268763,4.852100013522431,2.22829999984242,0.0,True,ok,4147,4147
3304,64,6.4,27,215432.1520924,215432.1620864,9.239900013199076,9.993999992730096,5.910700012464076,2.076399978250265,0.0,True,ok,4178,4178
3305,65,6.5,27,215432.1855768,215432.1966821,10.605600022245198,11.105300014605746,6.05830000131391,3.249300003517419,0.0,True,ok,4169,4169
3306,66,6.6000000000000005,27,215432.2187289,215432.2279824,8.572200022172183,9.253500000340864,4.996900010155514,2.1504000178538263,0.0,True,ok,4168,4168
3307,67,6.7,27,215432.2516855,215432.2620585,9.793800010811538,10.372999997343868,5.774700024630874,2.551599987782538,0.0,True,ok,4086,4086
3308,68,6.800000000000001,27,215432.2852911,215432.294726,8.903699985239655,9.4348999846261,5.6316000118386,2.0235999836586416,0.0,True,ok,4379,4379
3309,69,6.9,27,215432.318739,215432.3285921,9.376300004078075,9.853099996689707,5.972599989036098,2.0157000108156353,0.0,True,ok,4282,4282
3310,70,7.0,27,215432.352125,215432.3635623,10.978499980410561,11.437299981480464,5.905799975153059,3.6699000047519803,0.0,True,ok,4247,4247
3311,71,7.1000000000000005,27,215432.3854346,215432.3949086,8.20650000241585,9.473999991314486,4.803599993465468,2.087300003040582,0.0,True,ok,4354,4354
3312,72,7.2,27,215432.4188034,215432.4275633,8.127700013574213,8.759899996221066,4.7412000130862,2.0806000102311373,0.0,True,ok,4628,4628
3313,73,7.300000000000001,27,215432.4519428,215432.4624498,9.746600000653416,10.506999999051914,5.9868999815080315,2.4799999955575913,0.0,True,ok,4287,4287
3314,74,7.4,27,215432.4852077,215432.4940616,8.34590001613833,8.853900013491511,4.79010000708513,2.0209999929647893,33.26490000472404,True,ok,4455,4455
3315,75,7.5,27,215432.5186493,215432.5272876,8.129000023473054,8.638300001621246,4.833699989831075,1.9511000136844814,0.0,True,ok,4560,4560
3316,76,7.6000000000000005,27,215432.5519865,215432.5619855,9.497699997154996,9.999000001698732,6.056000012904406,2.093700022669509,0.0,True,ok,4662,4662
3317,77,7.7,27,215432.5851837,215432.5964358,10.487399995326996,11.252099997363985,5.867399973794818,3.104600007645786,0.0,True,ok,4381,4381
3318,78,7.800000000000001,27,215432.619,215432.6278586,8.382600004551932,8.85859999107197,4.926900001009926,2.073299983749166,0.0,True,ok,4350,4350
3319,79,7.9,27,215432.6518128,215432.6605115,8.121199993183836,8.698699995875359,4.769099992699921,2.0469999872148037,0.0,True,ok,4058,4058
3320,80,8.0,27,215432.6854378,215432.6942595,8.116899989545345,8.821699972031638,4.703500017058104,2.004800015129149,0.0,True,ok,4074,4074
3321,81,8.1,27,215432.7183473,215432.7272081,8.197999995900318,8.860800007823855,4.651900002500042,2.0496000070124865,0.0,True,ok,4080,4080
3322,82,8.200000000000001,27,215432.7517479,215432.7624922,9.65870000072755,10.744300001533702,6.25679999939166,2.0810999849345535,0.0,True,ok,4288,4288
3323,83,8.3,27,215432.7852871,215432.7944531,8.687499997904524,9.166000003460795,5.216399993514642,2.162699995096773,0.0,True,ok,4269,4269
3324,84,8.4,27,215432.8184232,215432.8276577,8.386100002098829,9.234500001184642,4.802700015716255,2.15419998858124,0.0,True,ok,3996,3996
3325,85,8.5,27,215432.8518477,215432.8608976,8.537700021406636,9.049900021636859,4.989899985957891,2.2017000010237098,0.0,True,ok,4318,4318
3326,86,8.6,27,215432.8849596,215432.8937064,8.142700011376292,8.746800012886524,4.833300015889108,1.9831000245176256,0.0,True,ok,4410,4410
3327,87,8.700000000000001,27,215432.9185757,215432.9278577,8.635000005597249,9.282000013627112,4.843400005484,2.3645000183023512,0.0,True,ok,4345,4345
3328,88,8.8,27,215432.9516204,215432.9604506,8.162499987520278,8.83019997854717,4.679699981352314,2.0407999982126057,0.0,True,ok,3995,3995
3329,89,8.9,27,215432.9854163,215432.9941177,8.164300001226366,8.70139998733066,4.822400020202622,2.031900017755106,0.0,True,ok,4114,4114
3330,90,9.0,27,215433.0182692,215433.0269984,8.248999976785854,8.729199995286763,4.8473000060766935,2.078099991194904,0.0,True,ok,4407,4407
3331,91,9.1,27,215433.0519957,215433.0607171,8.223199984058738,8.721399994101375,4.6978000027593225,2.1541000169236213,0.0,True,ok,4504,4504
3332,92,9.200000000000001,27,215433.0852231,215433.0944054,8.463600010145456,9.182300011161715,4.836199979763478,2.202600007876754,0.0,True,ok,4602,4602
3333,93,9.3,27,215433.118786,215433.1278031,8.526999998139217,9.01710000471212,4.899799998383969,2.269100019475445,0.0,True,ok,4719,4719
3334,94,9.4,27,215433.1518449,215433.1608293,8.405000000493601,8.98439998854883,4.685599997173995,2.291000011609867,0.0,True,ok,4623,4623
3335,95,9.5,27,215433.1854775,215433.1951946,9.260899998480454,9.717100008856505,5.445800023153424,2.362400002311915,0.0,True,ok,4555,4555
3336,96,9.600000000000001,27,215433.2183944,215433.2274571,8.568599994760007,9.062700002687052,5.03000000026077,2.132900001015514,0.0,True,ok,4902,4902
3337,97,9.700000000000001,27,215433.2523823,215433.2624059,9.357600007206202,10.023599985288456,5.957699991995469,2.035000012256205,0.0,True,ok,4793,4793
3338,98,9.8,27,215433.2854838,215433.2942288,8.251599996583536,8.744999999180436,4.856999992625788,2.0133999933023006,0.0,True,ok,4857,4857
3339,99,9.9,27,215433.3184357,215433.3278957,8.318000007420778,9.4600000011269,4.850300028920174,2.0893000182695687,0.0,True,ok,4985,4985
3340,100,10.0,27,215433.3519016,215433.3609028,8.506799989845604,9.001200000056997,4.694000002928078,2.0151000062469393,0.0,True,ok,4973,4973
3341,101,10.100000000000001,27,215433.3851018,215433.3942152,8.371500007342547,9.11340001039207,4.691899986937642,2.080899983411655,0.0,True,ok,4507,4507
3342,102,10.200000000000001,27,215433.4186076,215433.4278427,8.070500014582649,9.235100005753338,4.7104999830480665,2.0053000189363956,0.0,True,ok,4834,4834
3343,103,10.3,27,215433.4517492,215433.4604021,8.096600009594113,8.652899996377528,4.719599994132295,2.010399999562651,0.0,True,ok,4943,4943
3344,104,10.4,27,215433.48492,215433.4938979,8.452400012174621,8.977900026366115,4.772499989485368,2.2526999819092453,0.0,True,ok,5082,5082
3345,105,10.5,27,215433.5186335,215433.5274787,8.300200017401949,8.84520000545308,4.81370001216419,2.0963999850209802,0.0,True,ok,4986,4986
3346,106,10.600000000000001,27,215433.5520302,215433.560676,8.038900006795302,8.645800000522286,4.611200012732297,2.0052000181749463,0.0,True,ok,5037,5037
3347,107,10.700000000000001,27,215433.585216,215433.5937798,8.027699979720637,8.563799987314269,4.651800001738593,2.015300007769838,0.0,True,ok,5162,5162
3348,108,10.8,27,215433.6188287,215433.6275729,8.329900010721758,8.744199993088841,4.785100027220324,2.2431999968830496,33.61270000459626,True,ok,4884,4884
3349,109,10.9,27,215433.6520066,215433.6618679,9.240899991709739,9.861300000920892,5.777999991551042,2.0133999933023006,0.0,True,ok,4890,4890
3350,110,11.0,27,215433.6856702,215433.6947528,8.564899995690212,9.082599979592487,4.82259999262169,2.382600010605529,33.66360001382418,True,ok,4848,4848
3351,111,11.100000000000001,27,215433.7185167,215433.7281492,8.347599999979138,9.632500004954636,5.002899997634813,1.9546999828889966,0.0,True,ok,5030,5030
3352,112,11.200000000000001,27,215433.7518297,215433.7620372,9.466899995459244,10.207500017713755,5.800400016596541,2.233499981230125,0.0,True,ok,5114,5114
3353,113,11.3,27,215433.785575,215433.7943147,8.316599996760488,8.739700017031282,4.757099988637492,2.1606000082101673,0.0,True,ok,5293,5293
3354,114,11.4,27,215433.8182644,215433.8274544,8.734599978197366,9.189999982481822,5.056199996033683,2.2804999898653477,0.0,True,ok,5423,5423
3355,115,11.5,27,215433.8516423,215433.8621263,9.996499982662499,10.483999998541549,6.451900000683963,2.1541000169236213,0.0,True,ok,5340,5340
3356,116,11.600000000000001,27,215433.8853851,215433.8949973,8.632799988845363,9.612199995899573,4.9291999894194305,2.3284999770112336,0.0,True,ok,5279,5279
3357,117,11.700000000000001,27,215433.918403,215433.9281492,8.926899987272918,9.746199997607619,4.913799988571554,2.3172000073827803,0.0,True,ok,5498,5498
3358,118,11.8,27,215433.9519998,215433.9620679,9.536700003081933,10.068100003991276,5.806699977256358,2.287300012540072,0.0,True,ok,5517,5517
3359,119,11.9,27,215433.9850007,215433.9947427,9.23479997436516,9.741999994730577,5.64190000295639,2.242399990791455,0.0,True,ok,5266,5266
3360,0,0.0,28,215434.0210713,215434.0297595,8.13999999081716,8.68820000323467,4.4787999941036105,2.1698999917134643,0.0,True,ok,4708,4708
3361,1,0.1,28,215434.0520752,215434.0634812,10.798999981489033,11.406000005081296,7.0244999951682985,2.1818999957758933,0.0,True,ok,4681,4681
3362,2,0.2,28,215434.0852091,215434.0942569,8.500299998559058,9.047799976542592,4.948399990098551,2.19870000728406,0.0,True,ok,4360,4360
3363,3,0.30000000000000004,28,215434.1185515,215434.1271495,8.089300012215972,8.598000014899299,4.73970000166446,2.0278000156395137,0.0,True,ok,4532,4532
3364,4,0.4,28,215434.1520466,215434.1623632,9.867300017504022,10.316600004443899,6.091399991419166,2.323599997907877,0.0,True,ok,4533,4533
3365,5,0.5,28,215434.185169,215434.194487,8.70450001093559,9.317999996710569,4.891999997198582,2.451599983032793,0.0,True,ok,4334,4334
3366,6,0.6000000000000001,28,215434.2184269,215434.2270151,8.11480000265874,8.588199998484924,4.753999994136393,1.961800007848069,33.25790000963025,True,ok,4462,4462
3367,7,0.7000000000000001,28,215434.2519421,215434.2623812,9.619500022381544,10.439100005896762,6.297199986875057,1.9985999970231205,0.0,True,ok,4479,4479
3368,8,0.8,28,215434.2853933,215434.295134,9.223300003213808,9.740700013935566,5.8954000123776495,2.027999988058582,0.0,True,ok,4534,4534
3369,9,0.9,28,215434.3183516,215434.3277158,8.85849999031052,9.364199999254197,5.434199993032962,2.0902999967802316,0.0,True,ok,4491,4491
3370,10,1.0,28,215434.351992,215434.3632708,10.769600019557402,11.278799996944144,6.024300004355609,3.268900007242337,0.0,True,ok,4600,4600
3371,11,1.1,28,215434.3852315,215434.3941632,8.436999982222915,8.931699994718656,4.97080001514405,1.989700016565621,0.0,True,ok,4781,4781
3372,12,1.2000000000000002,28,215434.4184344,215434.4272991,8.204799989471212,8.864700008416548,4.80179997975938,2.030100004049018,0.0,True,ok,5044,5044
3373,13,1.3,28,215434.4519765,215434.4617761,9.384000004502013,9.799600025871769,5.796699988422915,2.2966999968048185,0.0,True,ok,4620,4620
3374,14,1.4000000000000001,28,215434.4851099,215434.4946036,8.66729998961091,9.493699995800853,5.045900004915893,2.2462999913841486,0.0,True,ok,4785,4785
3375,15,1.5,28,215434.5188071,215434.5278,8.495100017171353,8.992900024168193,4.879799991613254,1.9930000125896186,0.0,True,ok,5045,5045
3376,16,1.6,28,215434.5521369,215434.5615593,8.776600006967783,9.422400005860254,5.15300000552088,2.0690000092145056,0.0,True,ok,5382,5382
3377,17,1.7000000000000002,28,215434.585238,215434.594874,8.937600010540336,9.636000002501532,4.9020000151358545,2.0545000152196735,0.0,True,ok,5312,5312
3378,18,1.8,28,215434.618432,215434.6276049,8.621999993920326,9.172899997793138,4.7537000209558755,2.367200009757653,0.0,True,ok,5363,5363
3379,19,1.9000000000000001,28,215434.6519137,215434.6608343,8.461800025543198,8.920599997509271,4.794900014530867,2.243299997644499,0.0,True,ok,5455,5455
3380,20,2.0,28,215434.6854414,215434.6959574,9.412799990968779,10.515999980270863,5.7659999874886125,2.21939999028109,33.5276999976486,True,ok,5508,5508
3381,21,2.1,28,215434.7187489,215434.727909,8.698899997398257,9.160100016742945,5.100399983348325,2.152500004740432,0.0,True,ok,5300,5300
3382,22,2.2,28,215434.7522801,215434.7629557,10.02899999730289,10.675600002286956,6.522300012875348,2.0456000056583434,0.0,True,ok,5384,5384
3383,23,2.3000000000000003,28,215434.7852404,215434.7941379,8.496599999489263,8.897499996237457,4.874300007941201,2.209500002209097,0.0,True,ok,5355,5355
3384,24,2.4000000000000004,28,215434.8185038,215434.8300504,10.835900000529364,11.546599998837337,5.275000003166497,3.6964000028092414,0.0,True,ok,5072,5072
3385,25,2.5,28,215434.852082,215434.8624959,9.734699997352436,10.413899988634512,6.190599990077317,2.1914000099059194,0.0,True,ok,4851,4851
3386,26,2.6,28,215434.8852067,215434.895628,9.5593000005465,10.421299986774102,6.056300015188754,2.0766000088769943,0.0,True,ok,4933,4933
3387,27,2.7,28,215434.9188643,215434.9302674,10.810999985551462,11.403099982999265,4.877199971815571,3.8266000046860427,0.0,True,ok,4889,4889
3388,28,2.8000000000000003,28,215434.9519717,215434.961794,9.269100002711639,9.822299994993955,5.74120000237599,2.1670999994967133,0.0,True,ok,4508,4508
3389,29,2.9000000000000004,28,215434.9850994,215434.9939948,8.198399998946115,8.895400009350851,4.904300003545359,1.9358000135980546,0.0,True,ok,4516,4516
3390,30,3.0,28,215435.0186725,215435.0277572,8.464999991701916,9.084699995582923,4.938500002026558,1.9954000017605722,0.0,True,ok,4326,4326
3391,31,3.1,28,215435.0519313,215435.0608418,8.245400007581338,8.91050000791438,4.822099988814443,2.074099989840761,0.0,True,ok,4407,4407
3392,32,3.2,28,215435.0850517,215435.0945706,8.733499998925254,9.518899983959273,4.884699999820441,2.1638000034727156,0.0,True,ok,4113,4113
3393,33,3.3000000000000003,28,215435.1187656,215435.1279032,8.469599997624755,9.137599990935996,5.183600005693734,1.9548000127542764,0.0,True,ok,4211,4211
3394,34,3.4000000000000004,28,215435.1520507,215435.1617916,9.209299983922392,9.740899986354634,5.9742000012192875,1.9069999980274588,0.0,True,ok,4198,4198
3395,35,3.5,28,215435.1855236,215435.1957201,8.95629997830838,10.19649999216199,5.621999996947125,2.0623999880626798,0.0,True,ok,4125,4125
3396,36,3.6,28,215435.2185388,215435.2287271,9.005400002934039,10.188300017034635,4.900800005998462,2.709200023673475,0.0,True,ok,4267,4267
3397,37,3.7,28,215435.2520825,215435.2623221,9.764499991433695,10.239600000204518,6.55170000391081,1.9757999980356544,0.0,True,ok,3805,3805
3398,38,3.8000000000000003,28,215435.2852029,215435.2938777,8.310799981700256,8.67479998851195,4.934700002195314,2.168200007872656,0.0,True,ok,3921,3921
3399,39,3.9000000000000004,28,215435.3183856,215435.3274003,8.54290000279434,9.014700015541166,4.893500008620322,2.338399994187057,0.0,True,ok,3864,3864
3400,40,4.0,28,215435.3519147,215435.3618617,9.383799973875284,9.946999984094873,6.068100017728284,2.0884999830741435,0.0,True,ok,3828,3828
3401,41,4.1000000000000005,28,215435.3855192,215435.3942379,8.145600004354492,8.718700002646074,4.909200011752546,1.9685000006575137,0.0,True,ok,3659,3659
3402,42,4.2,28,215435.4185936,215435.4282019,8.525400015059859,9.60829999530688,5.013200017856434,2.2658999951090664,0.0,True,ok,3989,3989
3403,43,4.3,28,215435.4520731,215435.4616941,9.15639998856932,9.621000004699454,5.815799988340586,2.078999998047948,0.0,True,ok,4294,4294
3404,44,4.4,28,215435.4851442,215435.4943344,8.47189998603426,9.190199984004721,4.981799982488155,2.188599988585338,0.0,True,ok,4623,4623
3405,45,4.5,28,215435.5183344,215435.5276787,8.894600003259256,9.344299993244931,5.165900016436353,2.453099994454533,0.0,True,ok,4708,4708
3406,46,4.6000000000000005,28,215435.5519177,215435.5617941,9.275500022340566,9.87639999948442,5.392599996412173,2.360299986321479,0.0,True,ok,4834,4834
3407,47,4.7,28,215435.5852273,215435.5938972,8.082299988018349,8.669899980304763,4.754199995659292,2.0644000032916665,0.0,True,ok,4677,4677
3408,48,4.800000000000001,28,215435.6184481,215435.6276523,8.123300009174272,9.204200003296137,4.801500006578863,2.0124000147916377,0.0,True,ok,4591,4591
3409,49,4.9,28,215435.6520603,215435.662252,9.656700014602393,10.191700013820082,6.236999994143844,2.0895999914500862,0.0,True,ok,4442,4442
3410,50,5.0,28,215435.6852818,215435.6947434,8.777200011536479,9.46160001331009,4.947799985529855,2.3999000259209424,0.0,True,ok,4408,4408
3411,51,5.1000000000000005,28,215435.7187559,215435.7284391,9.216100006597117,9.683200012659654,5.5924000043887645,2.359300007810816,0.0,True,ok,4418,4418
3412,52,5.2,28,215435.7518442,215435.7628426,10.484600003110245,10.998400015523657,7.119999994756654,2.0938999950885773,0.0,True,ok,4600,4600
3413,53,5.300000000000001,28,215435.7855449,215435.7940399,8.132799994200468,8.495000016409904,4.844099981710315,1.9232000049669296,33.70070000528358,True,ok,4489,4489
3414,54,5.4,28,215435.8188223,215435.8284395,8.573500002967194,9.61720000486821,4.901799984509125,2.2650999890174717,0.0,True,ok,4625,4625
3415,55,5.5,28,215435.8520025,215435.8606642,8.136400021612644,8.661700005177408,4.712299996754155,2.1690999856218696,0.0,True,ok,4379,4379
3416,56,5.6000000000000005,28,215435.8850587,215435.8935772,8.059800020419061,8.518500020727515,4.834599996684119,2.0255999988876283,0.0,True,ok,4212,4212
3417,57,5.7,28,215435.9185378,215435.9272803,8.093000011285767,8.742500009248033,4.73079999210313,2.185199991799891,0.0,True,ok,4229,4229
3418,58,5.800000000000001,28,215435.951889,215435.9623807,9.724699979415163,10.491699998965487,5.775900004664436,2.6322000194340944,0.0,True,ok,4294,4294
3419,59,5.9,28,215435.9853923,215435.9942765,8.109499991405755,8.884199982276186,4.814100015209988,2.0395999890752137,0.0,True,ok,4337,4337
3420,60,6.0,28,215436.0184146,215436.0286167,9.281800012104213,10.202100005699322,4.986100015230477,3.068099991651252,0.0,True,ok,4334,4334
3421,61,6.1000000000000005,28,215436.0520607,215436.0627664,10.022100002970546,10.705699998652562,6.529900012537837,2.2385999909602106,0.0,True,ok,4169,4169
3422,62,6.2,28,215436.0854473,215436.0943098,8.01100002718158,8.862500020768493,4.762500000651926,2.001100016059354,0.0,True,ok,4172,4172
3423,63,6.300000000000001,28,215436.1187381,215436.1269651,7.825400010915473,8.227000012993813,4.663100000470877,1.9879000028595328,33.290799998212606,True,ok,4147,4147
3424,64,6.4,28,215436.1521259,215436.1621677,9.463599999435246,10.041800007456914,6.091799994464964,2.093400020385161,0.0,True,ok,4178,4178
3425,65,6.5,28,215436.18534,215436.1939195,8.14879999961704,8.579499990446493,5.047400016337633,1.8694000027608126,0.0,True,ok,4169,4169
3426,66,6.6000000000000005,28,215436.2184171,215436.2285128,9.053799993125722,10.09570001042448,5.06270001642406,2.7463000151328743,0.0,True,ok,4168,4168
3427,67,6.7,28,215436.2520026,215436.2627244,9.847700013779104,10.721800004830584,6.725999992340803,1.8844000005628914,0.0,True,ok,4086,4086
3428,68,6.800000000000001,28,215436.2852419,215436.2946609,8.443200000328943,9.418999979970977,5.181800021091476,2.070199989248067,0.0,True,ok,4379,4379
3429,69,6.9,28,215436.3187085,215436.3280432,8.630700001958758,9.334699978353456,4.835400002775714,2.297200000612065,0.0,True,ok,4282,4282
3430,70,7.0,28,215436.3517413,215436.3620811,9.690100006991997,10.339800006477162,6.209999992279336,2.2004999918863177,0.0,True,ok,4247,4247
3431,71,7.1000000000000005,28,215436.3853458,215436.3937646,7.856500014895573,8.418800018262118,4.711199988378212,1.9119000062346458,0.0,True,ok,4354,4354
3432,72,7.2,28,215436.4185207,215436.427802,8.555199980037287,9.281299979193136,4.8587999772280455,2.459200011799112,0.0,True,ok,4628,4628
3433,73,7.300000000000001,28,215436.4519564,215436.4619403,9.526400011964142,9.983900003135204,6.0434000042732805,2.0358999900054187,0.0,True,ok,4287,4287
3434,74,7.4,28,215436.4853971,215436.4942324,8.311999990837649,8.835299988277256,5.021800025133416,2.0206999906804413,0.0,True,ok,4455,4455
3435,75,7.5,28,215436.5183962,215436.5279066,8.4303000185173,9.51040000654757,4.963200015481561,2.2105999814812094,0.0,True,ok,4560,4560
3436,76,7.6000000000000005,28,215436.5519801,215436.5606387,7.994999992661178,8.65860001067631,4.78270000894554,1.9619000086095184,0.0,True,ok,4662,4662
3437,77,7.7,28,215436.585017,215436.5938272,8.26140001299791,8.810200000880286,4.869700002018362,2.1582999906968325,0.0,True,ok,4381,4381
3438,78,7.800000000000001,28,215436.6186374,215436.6275573,8.260800008429214,8.919899992179126,4.8510000051464885,2.136800001608208,0.0,True,ok,4350,4350
3439,79,7.9,28,215436.6517335,215436.6607851,8.453699992969632,9.051599976373836,5.022299999836832,2.131500019459054,0.0,True,ok,4058,4058
3440,80,8.0,28,215436.6854056,215436.6942734,8.411199989495799,8.867800002917647,5.073199979960918,2.0266000065021217,0.0,True,ok,4074,4074
3441,81,8.1,28,215436.7185911,215436.727707,8.622599998489022,9.115900000324473,4.969400004483759,2.1819999965373427,0.0,True,ok,4080,4080
3442,82,8.200000000000001,28,215436.7522637,215436.7619228,8.580300025641918,9.659100003773347,5.080800008727238,2.258099993923679,0.0,True,ok,4288,4288
3443,83,8.3,28,215436.7850115,215436.7938694,8.098099991912022,8.857899985741824,4.825399984838441,2.0668999932240695,0.0,True,ok,4269,4269
3444,84,8.4,28,215436.8185166,215436.8271794,7.947599980980158,8.66279998444952,4.7694000240881,1.9841000030282885,0.0,True,ok,3996,3996
3445,85,8.5,28,215436.8516815,215436.8606639,8.326200011651963,8.982400002423674,4.6953000128269196,2.300299995113164,0.0,True,ok,4318,4318
3446,86,8.6,28,215436.8853354,215436.8940543,8.183500001905486,8.718900004168972,4.895299993222579,2.0551999914459884,0.0,True,ok,4410,4410
3447,87,8.700000000000001,28,215436.9187539,215436.9279735,8.778099989285693,9.219599975040182,5.682799994247034,1.867699989816174,0.0,True,ok,4345,4345
3448,88,8.8,28,215436.9520194,215436.9612096,8.564000017940998,9.190200013108552,4.579900007229298,2.095600008033216,0.0,True,ok,3995,3995
3449,89,8.9,28,215436.9850831,215436.9940333,8.457299991277978,8.950199990067631,5.144399998243898,1.9785999902524054,0.0,True,ok,4114,4114
3450,90,9.0,28,215437.0185667,215437.0271903,8.132699993439019,8.623600006103516,4.889800009550527,2.0297000010032207,0.0,True,ok,4407,4407
3451,91,9.1,28,215437.0518828,215437.0617167,8.392599993385375,9.833899996010587,4.9430999788455665,2.1957999852020293,0.0,True,ok,4504,4504
3452,92,9.200000000000001,28,215437.0853916,215437.0941109,8.123300009174272,8.71930000721477,4.793100000824779,2.119000011589378,0.0,True,ok,4602,4602
3453,93,9.3,28,215437.1191171,215437.1296446,9.424699994269758,10.527500009629875,5.933200009167194,2.2068000107537955,0.0,True,ok,4719,4719
3454,94,9.4,28,215437.1517121,215437.1607959,8.450100023765117,9.08380001783371,4.648000001907349,2.4340000236406922,0.0,True,ok,4623,4623
3455,95,9.5,28,215437.1851765,215437.1933734,7.713400002103299,8.196899987524375,4.444899997906759,2.060300001176074,33.464400010416284,True,ok,4555,4555
3456,96,9.600000000000001,28,215437.2188074,215437.2277873,8.501400006935,8.979900012491271,5.133200000273064,2.1843999857082963,0.0,True,ok,4902,4902
3457,97,9.700000000000001,28,215437.2519767,215437.2606016,8.115000004181638,8.624899986898527,4.9254999903496355,1.975999999558553,0.0,True,ok,4793,4793
3458,98,9.8,28,215437.2851681,215437.2939318,8.142700011376292,8.76369999605231,4.891799995675683,2.013799996348098,0.0,True,ok,4857,4857
3459,99,9.9,28,215437.3187843,215437.3278033,8.128899993607774,9.018999990075827,4.849200020544231,2.0360999915283173,0.0,True,ok,4985,4985
3460,100,10.0,28,215437.3518924,215437.3605297,7.975200016517192,8.637299994006753,4.652600007830188,2.074699994409457,0.0,True,ok,4973,4973
3461,101,10.100000000000001,28,215437.3855456,215437.3953559,9.121499984757975,9.810299990931526,5.848300002980977,2.0835999748669565,33.65319999284111,True,ok,4507,4507
3462,102,10.200000000000001,28,215437.4187394,215437.4281274,8.046000002650544,9.388000005856156,4.755500005558133,1.9700000120792538,0.0,True,ok,4834,4834
3463,103,10.3,28,215437.4520242,215437.4606878,8.005999989109114,8.663599990541115,4.597899998771027,2.055500022834167,0.0,True,ok,4943,4943
3464,104,10.4,28,215437.4850664,215437.4935251,7.967199984705076,8.458700001938269,4.668000008678064,2.0450000010896474,0.0,True,ok,5082,5082
3465,105,10.5,28,215437.51873,215437.5289533,9.042399993631989,10.223299992503598,5.849600012879819,1.9771000079344958,0.0,True,ok,4986,4986
3466,106,10.600000000000001,28,215437.5521675,215437.5615179,8.854699990479276,9.35040001058951,4.719999997178093,2.945099986391142,0.0,True,ok,5037,5037
3467,107,10.700000000000001,28,215437.5849347,215437.5936043,8.020100009161979,8.669600007124245,4.65230000554584,2.144800004316494,0.0,True,ok,5162,5162
3468,108,10.8,28,215437.6183114,215437.6274384,8.589500008383766,9.126999997533858,5.388399993535131,2.075799973681569,0.0,True,ok,4884,4884
3469,109,10.9,28,215437.6519356,215437.6603918,7.795699988491833,8.456199982902035,4.6267999859992415,1.9757999980356544,0.0,True,ok,4890,4890
3470,110,11.0,28,215437.6856508,215437.6952867,9.160300018265843,9.635900001740083,5.023200006689876,2.829000004567206,0.0,True,ok,4848,4848
3471,111,11.100000000000001,28,215437.7184754,215437.727119,8.071099990047514,8.6435999837704,4.7559000086039305,2.038100006757304,0.0,True,ok,5030,5030
3472,112,11.200000000000001,28,215437.7520286,215437.7605772,7.970400009071454,8.548600017093122,4.742899996927008,2.0265000057406723,0.0,True,ok,5114,5114
3473,113,11.3,28,215437.7850938,215437.7938222,8.374400000320747,8.728400018298998,4.891499993391335,2.29060000856407,33.0651999975089,True,ok,5293,5293
3474,114,11.4,28,215437.8186972,215437.8274401,8.27910000225529,8.74289998319,4.796099994564429,2.258399996208027,0.0,True,ok,5423,5423
3475,115,11.5,28,215437.8519105,215437.8619199,9.339199983514845,10.009399993577972,5.781299987575039,2.281499997479841,0.0,True,ok,5340,5340
3476,116,11.600000000000001,28,215437.8850993,215437.8941264,8.204300014767796,9.027099993545562,4.785500001162291,2.2065000084694475,0.0,True,ok,5279,5279
3477,117,11.700000000000001,28,215437.9185825,215437.9282861,9.23480000346899,9.703600022476166,5.683799972757697,2.2709000040777028,0.0,True,ok,5498,5498
3478,118,11.8,28,215437.9520204,215437.9617329,9.320999990450218,9.712500002933666,6.079599988879636,2.014700003201142,0.0,True,ok,5517,5517
3479,119,11.9,28,215437.9851586,215437.9942421,8.641699998406693,9.083499986445531,5.00040000770241,2.1855999948456883,0.0,True,ok,5266,5266
3480,0,0.0,29,215438.0224766,215438.0315645,8.101600018562749,9.087900019949302,4.651700000977144,2.2632000036537647,0.0,True,ok,4708,4708
3481,1,0.1,29,215438.052194,215438.0609728,8.054300007643178,8.778800023719668,4.873800004133955,1.97199999820441,0.0,True,ok,4681,4681
3482,2,0.2,29,215438.0852107,215438.09378,8.029799995711073,8.569300000090152,4.835400002775714,2.0358999900054187,0.0,True,ok,4360,4360
3483,3,0.30000000000000004,29,215438.1188815,215438.1274141,8.157899981597438,8.53259998257272,4.847200005315244,2.1465999889187515,0.0,True,ok,4532,4532
3484,4,0.4,29,215438.1520478,215438.1619252,9.411599981831387,9.877400007098913,6.158800009870902,1.9471000123303384,0.0,True,ok,4533,4533
3485,5,0.5,29,215438.1850343,215438.193919,8.233100001234561,8.884700015187263,4.787299985764548,2.2515000018756837,0.0,True,ok,4334,4334
3486,6,0.6000000000000001,29,215438.2186155,215438.2271554,8.022699999855831,8.53990000905469,4.832799982978031,1.9386000058148056,0.0,True,ok,4462,4462
3487,7,0.7000000000000001,29,215438.2520647,215438.2606872,8.033499994780868,8.622499997727573,4.799600021215156,2.0309000101406127,0.0,True,ok,4479,4479
3488,8,0.8,29,215438.2852781,215438.2942518,7.924199977423996,8.973699994385242,4.807899997103959,1.9311000069137663,0.0,True,ok,4534,4534
3489,9,0.9,29,215438.3186299,215438.3276397,8.171199995558709,9.009800007333979,4.969000001437962,2.061500010313466,0.0,True,ok,4491,4491
3490,10,1.0,29,215438.3521372,215438.3619348,9.348399995360523,9.797599981538951,5.929999984800816,2.237499982584268,0.0,True,ok,4600,4600
3491,11,1.1,29,215438.3855036,215438.3948467,8.370499999728054,9.343099984107539,4.899799998383969,2.0661000162363052,0.0,True,ok,4781,4781
3492,12,1.2000000000000002,29,215438.4186467,215438.4281611,9.041399986017495,9.514399978797883,5.890600004931912,1.9419000018388033,0.0,True,ok,5044,5044
3493,13,1.3,29,215438.4517829,215438.4611989,8.947200025431812,9.416000015335158,4.865800001425669,2.8030999819748104,0.0,True,ok,4620,4620
3494,14,1.4000000000000001,29,215438.4853155,215438.4953103,8.921900007408112,9.99479999882169,5.4567999904975295,2.2536999895237386,0.0,True,ok,4785,4785
3495,15,1.5,29,215438.5184721,215438.527362,8.409800007939339,8.889899996574968,5.024900019634515,2.141899982234463,0.0,True,ok,5045,5045
3496,16,1.6,29,215438.5518939,215438.560598,8.087700000032783,8.704100007889792,4.611499985912815,2.194400003645569,0.0,True,ok,5382,5382
3497,17,1.7000000000000002,29,215438.5853633,215438.5943645,8.347599999979138,9.001200000056997,4.9439999856986105,2.1253000013530254,0.0,True,ok,5312,5312
3498,18,1.8,29,215438.6188229,215438.6273847,8.12360001145862,8.561800001189113,4.899899999145418,1.967999996850267,0.0,True,ok,5363,5363
3499,19,1.9000000000000001,29,215438.6518028,215438.6623285,9.137900022324175,10.525699995923787,5.691300000762567,2.1715999755542725,0.0,True,ok,5455,5455
3500,20,2.0,29,215438.6853452,215438.6948755,8.863399998517707,9.530299983453006,4.8639999877195805,2.7402000268921256,0.0,True,ok,5508,5508
3501,21,2.1,29,215438.7188189,215438.727548,8.284199982881546,8.729099994525313,4.844800016144291,2.155099995434284,0.0,True,ok,5300,5300
3502,22,2.2,29,215438.7518704,215438.7611414,8.8081999856513,9.270999988075346,4.754699999466538,2.619699982460588,0.0,True,ok,5384,5384
3503,23,2.3000000000000003,29,215438.7851406,215438.7938489,8.18730000173673,8.708300010766834,4.707499989308417,2.2234999923966825,0.0,True,ok,5355,5355
3504,24,2.4000000000000004,29,215438.8184774,215438.82772,8.563400013372302,9.242600004654378,5.055999994510785,2.2619999945163727,0.0,True,ok,5072,5072
3505,25,2.5,29,215438.8519174,215438.8622504,9.261300001526251,10.333000012906268,5.8117000153288245,2.216599998064339,0.0,True,ok,4851,4851
3506,26,2.6,29,215438.8854262,215438.8940738,8.119000005535781,8.647600014228374,4.818699992028996,2.019300009123981,0.0,True,ok,4933,4933
3507,27,2.7,29,215438.9184775,215438.9288067,9.86309998552315,10.329199983971193,5.959500005701557,2.635599987115711,0.0,True,ok,4889,4889
3508,28,2.8000000000000003,29,215438.9517107,215438.9607703,8.572899998398498,9.059600008185953,4.545799980405718,2.789999998640269,0.0,True,ok,4508,4508
3509,29,2.9000000000000004,29,215438.9857115,215438.9952464,8.356700011063367,9.534900018479675,4.5338000054471195,2.4775999772828072,0.0,True,ok,4516,4516
3510,30,3.0,29,215439.0186139,215439.0277766,8.598999993409961,9.162700007436797,4.948799993144348,2.370900008827448,0.0,True,ok,4326,4326
3511,31,3.1,29,215439.0518494,215439.0631759,10.823899996466935,11.326499981805682,6.993699993472546,2.0564000005833805,33.23550001368858,True,ok,4407,4407
3512,32,3.2,29,215439.0855547,215439.094278,8.255799999460578,8.723300008568913,5.028000014135614,2.0053999905940145,0.0,True,ok,4113,4113
3513,33,3.3000000000000003,29,215439.1186918,215439.127154,8.038899977691472,8.462199999485165,4.784300021128729,2.042199979769066,0.0,True,ok,4211,4211
3514,34,3.4000000000000004,29,215439.1519424,215439.1619481,9.301999991293997,10.005699994508177,6.125499989138916,1.9881999760400504,0.0,True,ok,4198,4198
3515,35,3.5,29,215439.1850922,215439.1941742,8.591299992986023,9.082000004127622,5.221900006290525,2.1866000024601817,0.0,True,ok,4125,4125
3516,36,3.6,29,215439.2188532,215439.2279965,7.934900000691414,9.143300005234778,4.641300009097904,2.13350000558421,0.0,True,ok,4267,4267
3517,37,3.7,29,215439.2518079,215439.260536,8.251799998106435,8.72809998691082,5.117799999425188,1.9669999892357737,0.0,True,ok,3805,3805
3518,38,3.8000000000000003,29,215439.2854763,215439.2939423,8.02589999511838,8.46599999931641,4.818799992790446,2.081799990264699,0.0,True,ok,3921,3921
3519,39,3.9000000000000004,29,215439.3187135,215439.3276119,8.270999998785555,8.8984000030905,4.818500019609928,2.1877000108361244,0.0,True,ok,3864,3864
3520,40,4.0,29,215439.35192,215439.3622394,9.84380001318641,10.31940002576448,6.369700015056878,2.1735999907832593,0.0,True,ok,3828,3828
3521,41,4.1000000000000005,29,215439.3851969,215439.3938983,8.054800011450425,8.70140001643449,4.7916999901644886,2.1139000018592924,0.0,True,ok,3659,3659
3522,42,4.2,29,215439.4186993,215439.4276128,8.115100004943088,8.913500001654029,4.776499990839511,2.1437000250443816,0.0,True,ok,3989,3989
3523,43,4.3,29,215439.4518124,215439.4616497,9.339900017948821,9.837300021899864,5.9945999819319695,2.175600006012246,0.0,True,ok,4294,4294
3524,44,4.4,29,215439.4850486,215439.4941149,8.597000007284805,9.066300000995398,5.2340999827720225,2.1692999871447682,0.0,True,ok,4623,4623
3525,45,4.5,29,215439.5187125,215439.5279412,8.778999996138737,9.228700015228242,5.113499995786697,2.475599991157651,0.0,True,ok,4708,4708
3526,46,4.6000000000000005,29,215439.5520511,215439.5629321,10.370500007411465,10.88099999469705,6.947100016986951,2.1938999998383224,0.0,True,ok,4834,4834
3527,47,4.7,29,215439.5851263,215439.5940768,8.40219997917302,8.950499992351979,5.027900013374165,2.1195999870542437,0.0,True,ok,4677,4677
3528,48,4.800000000000001,29,215439.6190304,215439.6283314,8.62429998232983,9.300999983679503,5.160700005944818,1.931900013005361,0.0,True,ok,4591,4591
3529,49,4.9,29,215439.6521648,215439.6620713,9.450799989281222,9.906499995850027,4.776099987793714,3.417800005991012,0.0,True,ok,4442,4442
3530,50,5.0,29,215439.6852239,215439.6955647,9.244299988495186,10.340799984987825,5.520600010640919,2.3662999738007784,0.0,True,ok,4408,4408
3531,51,5.1000000000000005,29,215439.718825,215439.7277545,8.408699999563396,8.929500007070601,4.9977999879047275,2.1831000049132854,0.0,True,ok,4418,4418
3532,52,5.2,29,215439.7518575,215439.7604884,8.197899995138869,8.630900003481656,5.002200021408498,1.955999992787838,0.0,True,ok,4600,4600
3533,53,5.300000000000001,29,215439.7854777,215439.793812,7.7502999920398,8.334299986017868,4.716099996585399,1.7683999903965741,0.0,True,ok,4489,4489
3534,54,5.4,29,215439.8189174,215439.8282608,8.528799982741475,9.343399986391887,5.03299999400042,2.2431999968830496,0.0,True,ok,4625,4625
3535,55,5.5,29,215439.8519775,215439.8607428,8.062000008067116,8.7653000082355,4.7793999838177115,2.0650000078603625,0.0,True,ok,4379,4379
3536,56,5.6000000000000005,29,215439.8849993,215439.8975966,12.003400013782084,12.597299995832145,8.287799981189892,2.3819000052753836,0.0,True,ok,4212,4212
3537,57,5.7,29,215439.9186151,215439.9273521,8.2066000031773,8.73699999647215,4.767999984323978,2.155900001525879,0.0,True,ok,4229,4229
3538,58,5.800000000000001,29,215439.9516993,215439.9600706,7.885500002885237,8.371300005819649,4.658500023651868,2.0009000145364553,0.0,True,ok,4294,4294
3539,59,5.9,29,215439.9851154,215439.9942031,8.291300007840618,9.087700018426403,4.675599979236722,2.287800016347319,0.0,True,ok,4337,4337
3540,60,6.0,29,215440.0186507,215440.0282177,9.073699999134988,9.567000000970438,5.422399990493432,2.437900024233386,0.0,True,ok,4334,4334
3541,61,6.1000000000000005,29,215440.051963,215440.0606292,7.987399992998689,8.666199981234968,4.605399997672066,2.107300009811297,0.0,True,ok,4169,4169
3542,62,6.2,29,215440.0850673,215440.0938133,8.146299980580807,8.745999977691099,4.820500005735084,2.031099982559681,33.104300004197285,True,ok,4172,4172
3543,63,6.300000000000001,29,215440.1187249,215440.1275897,8.420199999818578,8.864799980074167,5.063099990366027,2.1563000045716763,0.0,True,ok,4147,4147
3544,64,6.4,29,215440.1517814,215440.160882,8.640899992315099,9.100600000238046,5.494000011822209,1.9586999842431396,33.05649998947047,True,ok,4178,4178
3545,65,6.5,29,215440.1853134,215440.1943074,8.16820000181906,8.994000003440306,4.898699990008026,2.049400005489588,0.0,True,ok,4169,4169
3546,66,6.6000000000000005,29,215440.2184014,215440.2269326,7.9449999902863055,8.53120000101626,4.679899982875213,2.0360000198706985,0.0,True,ok,4168,4168
3547,67,6.7,29,215440.2520248,215440.2614791,8.279600006062537,9.454300015931949,4.710599983809516,2.2711000056006014,0.0,True,ok,4086,4086
3548,68,6.800000000000001,29,215440.2850997,215440.2937041,8.211400010623038,8.604400005424395,4.892900004051626,2.106100000673905,0.0,True,ok,4379,4379
3549,69,6.9,29,215440.3187308,215440.3278731,8.355600002687424,9.142299997620285,4.943200008710846,2.123900019796565,0.0,True,ok,4282,4282
3550,70,7.0,29,215440.3518414,215440.3619412,8.993800001917407,10.099800012540072,5.336799978977069,2.42250002338551,0.0,True,ok,4247,4247
3551,71,7.1000000000000005,29,215440.3853902,215440.3945237,8.293499995488673,9.133499988820404,4.6824000019114465,2.1379000099841505,0.0,True,ok,4354,4354
3552,72,7.2,29,215440.418453,215440.4274228,8.472800021991134,8.96980002289638,5.076800007373095,2.131000015651807,0.0,True,ok,4628,4628
3553,73,7.300000000000001,29,215440.4520683,215440.4616198,8.715699979802594,9.551499999361113,5.434199993032962,2.0078000088687986,0.0,True,ok,4287,4287
3554,74,7.4,29,215440.4852603,215440.495755,10.04090000060387,10.494700021808967,6.423600018024445,2.0337999740149826,0.0,True,ok,4455,4455
3555,75,7.5,29,215440.5188506,215440.5278125,8.351600001333281,8.961899991845712,5.031899985624477,2.0491000032052398,0.0,True,ok,4560,4560
3556,76,7.6000000000000005,29,215440.5520967,215440.5607032,8.06870000087656,8.606499992311,4.913699987810105,1.8896999827120453,0.0,True,ok,4662,4662
3557,77,7.7,29,215440.5851821,215440.5947493,8.913099998608232,9.567200002493337,4.655099997762591,2.96320000779815,0.0,True,ok,4381,4381
3558,78,7.800000000000001,29,215440.6187995,215440.6273847,8.099800004856661,8.585200004745275,4.786000004969537,2.032899996265769,33.61739998217672,True,ok,4350,4350
3559,79,7.9,29,215440.6520687,215440.6612231,8.095900004263967,9.154400002444163,4.82699999702163,2.0228000066708773,0.0,True,ok,4058,4058
3560,80,8.0,29,215440.6856212,215440.6945273,8.3740999980364,8.906099974410608,4.943600011756644,2.139699994586408,0.0,True,ok,4074,4074
3561,81,8.1,29,215440.7185522,215440.727211,7.954799977596849,8.658799983095378,4.698500008089468,2.0053999905940145,0.0,True,ok,4080,4080
3562,82,8.200000000000001,29,215440.7518478,215440.7631167,10.638099978677928,11.268899979768321,6.813999993028119,2.3387999972328544,0.0,True,ok,4288,4288
3563,83,8.3,29,215440.7850822,215440.7936102,7.96210000407882,8.52800000575371,4.803199990419671,1.8995000282302499,0.0,True,ok,4269,4269
3564,84,8.4,29,215440.8184794,215440.8273112,8.35180000285618,8.83179999073036,4.927500005578622,2.1029000054113567,0.0,True,ok,3996,3996
3565,85,8.5,29,215440.8517868,215440.8611435,8.652799995616078,9.356700000353158,4.957299999659881,2.2050999978091568,0.0,True,ok,4318,4318
3566,86,8.6,29,215440.8853149,215440.8940574,8.192100009182468,8.742500009248033,4.848400014452636,2.059899998130277,0.0,True,ok,4410,4410
3567,87,8.700000000000001,29,215440.9183691,215440.9270423,8.069600007729605,8.67320000543259,4.771199979586527,2.00609999592416,0.0,True,ok,4345,4345
3568,88,8.8,29,215440.9518084,215440.960505,8.2123999891337,8.696600008988753,4.744900012155995,2.1729999862145633,33.43929999391548,True,ok,3995,3995
3569,89,8.9,29,215440.9855107,215440.9944647,8.392299991101027,8.953999989898875,4.732100002001971,2.162699995096773,0.0,True,ok,4114,4114
3570,90,9.0,29,215441.0187392,215441.0288717,9.59919998422265,10.132499999599531,4.747600003611296,3.415199986193329,0.0,True,ok,4407,4407
3571,91,9.1,29,215441.0518987,215441.0609723,8.417900011409074,9.073599998373538,4.674199997680262,2.4256999895442277,0.0,True,ok,4504,4504
3572,92,9.200000000000001,29,215441.0850883,215441.0944134,8.506099984515458,9.32509999256581,4.886600014287978,2.3136999807320535,0.0,True,ok,4602,4602
3573,93,9.3,29,215441.1186533,215441.1275024,8.329000003868714,8.849100006045774,4.7412000130862,2.266099996631965,0.0,True,ok,4719,4719
3574,94,9.4,29,215441.151749,215441.1606103,8.348200004547834,8.861299982527271,4.8383999965153635,2.1182999771554023,0.0,True,ok,4623,4623
3575,95,9.5,29,215441.1850263,215441.193853,8.291800011647865,8.826700010104105,4.7667000035289675,2.129200001945719,0.0,True,ok,4555,4555
3576,96,9.600000000000001,29,215441.2183455,215441.2297773,10.980999999446794,11.431799997808412,5.328600003849715,4.274200007785112,0.0,True,ok,4902,4902
3577,97,9.700000000000001,29,215441.2516867,215441.2604048,8.185400016373023,8.718099998077378,4.889500007266179,1.989700016565621,0.0,True,ok,4793,4793
3578,98,9.8,29,215441.2852238,215441.2954968,9.123299998464063,10.273000021697953,4.856399988057092,2.900699997553602,0.0,True,ok,4857,4857
3579,99,9.9,29,215441.3183495,215441.3273238,8.311300014611334,8.974299998953938,4.871100012678653,2.0893999899271876,0.0,True,ok,4985,4985
3580,100,10.0,29,215441.3519486,215441.3609975,8.309100026963279,9.048900014022365,4.940799990436062,1.9900999905075878,0.0,True,ok,4973,4973
3581,101,10.100000000000001,29,215441.3850321,215441.3938725,8.258999994723126,8.840399998007342,4.881300003034994,2.058600017335266,0.0,True,ok,4507,4507
3582,102,10.200000000000001,29,215441.4188357,215441.4288625,9.298799996031448,10.026800009654835,4.8488999891560525,2.525300020352006,0.0,True,ok,4834,4834
3583,103,10.3,29,215441.4518339,215441.4610556,8.744599996134639,9.221699991030619,5.308899999363348,2.064200001768768,0.0,True,ok,4943,4943
3584,104,10.4,29,215441.4850831,215441.4938292,8.268299978226423,8.746099978452548,4.872499994235113,2.0376000029500574,0.0,True,ok,5082,5082
3585,105,10.5,29,215441.5185797,215441.5275811,8.487100014463067,9.001400001579896,4.90709999576211,1.9956000032834709,0.0,True,ok,4986,4986
3586,106,10.600000000000001,29,215441.5516669,215441.5609305,8.597500011092052,9.263600019039586,5.237900011707097,1.9926000095438212,0.0,True,ok,5037,5037
3587,107,10.700000000000001,29,215441.5852526,215441.5952118,9.491600008914247,9.959200018784031,5.990799982100725,2.1425999875646085,0.0,True,ok,5162,5162
3588,108,10.8,29,215441.6183504,215441.6277382,8.975900011137128,9.387800004333258,5.447000003186986,2.1100000012665987,0.0,True,ok,4884,4884
3589,109,10.9,29,215441.6520555,215441.6620401,9.438599983695894,9.98460000846535,6.1027000192552805,1.900000002933666,0.0,True,ok,4890,4890
3590,110,11.0,29,215441.6853201,215441.69401,8.237200003350154,8.689900016179308,4.808699974091724,2.107900014379993,0.0,True,ok,4848,4848
3591,111,11.100000000000001,29,215441.7187315,215441.7284931,9.240999992471188,9.761599998455495,5.83170002209954,2.090699999826029,0.0,True,ok,5030,5030
3592,112,11.200000000000001,29,215441.7516118,215441.7626106,10.393100004876032,10.998800018569455,6.995799980359152,2.0081000111531466,0.0,True,ok,5114,5114
3593,113,11.3,29,215441.7849597,215441.7940451,8.521599986124784,9.085400000913069,4.821800015633926,2.3443999816663563,0.0,True,ok,5293,5293
3594,114,11.4,29,215441.8186738,215441.8277164,8.604000002378598,9.042599995154887,5.0438000180292875,2.180299983592704,0.0,True,ok,5423,5423
3595,115,11.5,29,215441.8517692,215441.863679,10.979200014844537,11.909799999557436,6.091899995226413,3.4244999988004565,0.0,True,ok,5340,5340
3596,116,11.600000000000001,29,215441.8852659,215441.8949636,9.002600010717288,9.697700006654486,4.881800006842241,2.7208999963477254,0.0,True,ok,5279,5279
3597,117,11.700000000000001,29,215441.9181794,215441.9269465,8.246999990660697,8.767099992837757,4.803199990419671,2.063099993392825,0.0,True,ok,5498,5498
3598,118,11.8,29,215441.9521195,215441.9617927,9.28070000372827,9.673199994722381,5.7413000031374395,2.157899987651035,0.0,True,ok,5517,5517
3599,119,11.9,29,215441.9852435,215441.994376,8.477499999571592,9.13249998120591,4.750899999635294,2.2874999849591404,0.0,True,ok,5266,5266
3600,0,0.0,30,215442.0206992,215442.029308,8.115300006465986,8.608800009824336,4.651399998692796,2.079300000332296,0.0,True,ok,4708,4708
3601,1,0.1,30,215442.0520496,215442.0606213,8.034000027691945,8.571700018364936,4.61230002110824,1.934700005222112,0.0,True,ok,4681,4681
3602,2,0.2,30,215442.0853329,215442.0962705,9.874600014882162,10.937600018223748,4.7132999752648175,2.5858000153675675,0.0,True,ok,4360,4360
3603,3,0.30000000000000004,30,215442.1182852,215442.126797,7.972199993673712,8.51179999881424,4.563099995721132,2.1203999931458384,0.0,True,ok,4532,4532
3604,4,0.4,30,215442.1521225,215442.1618621,9.103600023081526,9.739600005559623,5.7317000173497945,2.020299987634644,0.0,True,ok,4533,4533
3605,5,0.5,30,215442.1850636,215442.1945109,8.518799993908033,9.447300020838156,4.92629999644123,2.2026999795343727,0.0,True,ok,4334,4334
3606,6,0.6000000000000001,30,215442.2186874,215442.2279416,8.59769998351112,9.25420000567101,4.653099982533604,2.3206000041682273,0.0,True,ok,4462,4462
3607,7,0.7000000000000001,30,215442.2518379,215442.2603705,8.04670000798069,8.53260001167655,4.6304999850690365,2.0215999975334853,0.0,True,ok,4479,4479
3608,8,0.8,30,215442.2855077,215442.2941957,8.30429999041371,8.688000001711771,4.923899978166446,2.007900009630248,0.0,True,ok,4534,4534
3609,9,0.9,30,215442.3188934,215442.3291372,9.183699992718175,10.24380000308156,5.414200015366077,2.0183000015094876,0.0,True,ok,4491,4491
3610,10,1.0,30,215442.351969,215442.3618372,9.234099998138845,9.868199995253235,5.685600015567616,2.0551000197883695,0.0,True,ok,4600,4600
3611,11,1.1,30,215442.385094,215442.3947385,9.132300008786842,9.644500009017065,5.2933999977540225,2.223599993158132,0.0,True,ok,4781,4781
3612,12,1.2000000000000002,30,215442.4184227,215442.4274281,8.434899995336309,9.005400002934039,4.804500000318512,2.0209999929647893,0.0,True,ok,5044,5044
3613,13,1.3,30,215442.4518905,215442.4619246,9.442700014915317,10.034100007032976,5.81240002065897,2.242099988507107,0.0,True,ok,4620,4620
3614,14,1.4000000000000001,30,215442.485208,215442.4944832,8.576799998991191,9.275199990952387,4.91600000532344,2.2607999853789806,0.0,True,ok,4785,4785
3615,15,1.5,30,215442.518445,215442.5277383,8.370099996682256,9.293300012359396,4.896500002359971,2.047699992544949,0.0,True,ok,5045,5045
3616,16,1.6,30,215442.5520627,215442.5633781,10.614600003464147,11.315399984596297,6.815300002926961,2.298600011272356,0.0,True,ok,5382,5382
3617,17,1.7000000000000002,30,215442.5851919,215442.5961286,10.448900022311136,10.936700011370704,4.664400010369718,3.0543000029865652,0.0,True,ok,5312,5312
3618,18,1.8,30,215442.618846,215442.6270803,7.791000010911375,8.234300010371953,4.568300006212667,1.7893000040203333,0.0,True,ok,5363,5363
3619,19,1.9000000000000001,30,215442.6517692,215442.662256,9.9816000147257,10.48680001986213,6.353199976729229,2.1585999929811805,0.0,True,ok,5455,5455
3620,20,2.0,30,215442.6856392,215442.6945958,8.51320000947453,8.956600009696558,4.900100000668317,2.1855999948456883,0.0,True,ok,5508,5508
3621,21,2.1,30,215442.7184423,215442.7293867,9.6925999969244,10.944399982690811,5.778400023700669,2.091600006679073,0.0,True,ok,5300,5300
3622,22,2.2,30,215442.7518637,215442.7608143,8.354400022653863,8.950600022217259,4.579300002660602,2.260800014482811,0.0,True,ok,5384,5384
3623,23,2.3000000000000003,30,215442.7849976,215442.7938745,8.411699993303046,8.876899984898046,4.750299995066598,2.162099990528077,0.0,True,ok,5355,5355
3624,24,2.4000000000000004,30,215442.8186939,215442.8285795,9.452300000702962,9.885600011330098,5.098099994938821,2.895599987823516,0.0,True,ok,5072,5072
3625,25,2.5,30,215442.851699,215442.8624518,10.069400013890117,10.752800008049235,6.409900001017377,2.218199981143698,0.0,True,ok,4851,4851
3626,26,2.6,30,215442.8854073,215442.8943035,8.352300006663427,8.896200015442446,4.861900000832975,2.031699987128377,0.0,True,ok,4933,4933
3627,27,2.7,30,215442.9187819,215442.9276641,8.26889998279512,8.88219999615103,4.84790001064539,1.9947999971918762,0.0,True,ok,4889,4889
3628,28,2.8000000000000003,30,215442.9518414,215442.9605316,8.15029998193495,8.690199989359826,4.73809998948127,2.081499987980351,0.0,True,ok,4508,4508
3629,29,2.9000000000000004,30,215442.9852101,215442.9941435,8.466200000839308,8.933399978559464,4.863599984673783,2.1376000076998025,0.0,True,ok,4516,4516
3630,30,3.0,30,215443.0183779,215443.0273535,8.32799999625422,8.97559997974895,5.018900003051385,1.9897999882232398,0.0,True,ok,4326,4326
3631,31,3.1,30,215443.051955,215443.0604266,7.882599980803207,8.471599983749911,4.569100012304261,1.9561000226531178,0.0,True,ok,4407,4407
3632,32,3.2,30,215443.0851176,215443.0939371,8.353899989742786,8.819499984383583,5.133900005603209,1.8884000019170344,0.0,True,ok,4113,4113
3633,33,3.3000000000000003,30,215443.1188644,215443.1279456,8.121499995468184,9.081199998036027,4.938099998980761,1.8972000107169151,33.74679997796193,True,ok,4211,4211
3634,34,3.4000000000000004,30,215443.1519698,215443.1611792,8.139099983964115,9.209399984683841,4.881500004557893,1.951399986864999,0.0,True,ok,4198,4198
3635,35,3.5,30,215443.1851736,215443.194434,8.567500015487894,9.260399994673207,5.087700003059581,2.200800023274496,0.0,True,ok,4125,4125
3636,36,3.6,30,215443.2184875,215443.2279916,9.075399982975796,9.504099987680092,5.575099989073351,2.112599991960451,33.31389999948442,True,ok,4267,4267
3637,37,3.7,30,215443.2519262,215443.2630656,10.563200019532815,11.139400012325495,5.696200008969754,3.4508999960962683,0.0,True,ok,3805,3805
3638,38,3.8000000000000003,30,215443.2853108,215443.2940522,7.848700013710186,8.74140000087209,4.638200014596805,1.972600002773106,0.0,True,ok,3921,3921
3639,39,3.9000000000000004,30,215443.3183649,215443.3272038,8.192899986170232,8.838899986585602,4.761999996844679,2.1704999962821603,0.0,True,ok,3864,3864
3640,40,4.0,30,215443.3521007,215443.3622008,9.646400023484603,10.10010001482442,6.202599994139746,2.1578000159934163,0.0,True,ok,3828,3828
3641,41,4.1000000000000005,30,215443.3850792,215443.393721,8.109799993690103,8.641799999168143,4.844600014621392,2.0203000167384744,0.0,True,ok,3659,3659
3642,42,4.2,30,215443.4185341,215443.4274511,8.345499983988702,8.916999999200925,4.707199987024069,2.2431999968830496,0.0,True,ok,3989,3989
3643,43,4.3,30,215443.4521918,215443.4606348,7.972099992912263,8.442999998806044,4.674600000726059,2.0044000120833516,0.0,True,ok,4294,4294
3644,44,4.4,30,215443.4855694,215443.4944001,8.381099993130192,8.830699982354417,4.878500010818243,2.133800007868558,0.0,True,ok,4623,4623
3645,45,4.5,30,215443.5186547,215443.5280469,8.801799995126203,9.392200008733198,4.955399985192344,2.514699997846037,0.0,True,ok,4708,4708
3646,46,4.6000000000000005,30,215443.5519183,215443.5624816,9.975199995096773,10.563299991190434,6.754200003342703,1.8733000033535063,0.0,True,ok,4834,4834
3647,47,4.7,30,215443.5854251,215443.5942019,8.292300015455112,8.776800008490682,4.870300006587058,2.094399998895824,0.0,True,ok,4677,4677
3648,48,4.800000000000001,30,215443.6184126,215443.6268521,7.8714999835938215,8.439500001259148,4.708199994638562,1.8946999916806817,32.98749998793937,True,ok,4591,4591
3649,49,4.9,30,215443.6522439,215443.6623287,9.66750000952743,10.084800014737993,6.165400001918897,2.1872000070288777,0.0,True,ok,4442,4442
3650,50,5.0,30,215443.6852217,215443.694268,8.482599980197847,9.046299994224682,4.938099998980761,2.2428000229410827,0.0,True,ok,4408,4408
3651,51,5.1000000000000005,30,215443.7185982,215443.7274268,8.290300000226125,8.828599995467812,4.813799983821809,2.16760000330396,0.0,True,ok,4418,4418
3652,52,5.2,30,215443.7521318,215443.7631773,10.552399995503947,11.045499995816499,7.1032999840099365,2.127099985955283,33.53359998436645,True,ok,4600,4600
3653,53,5.300000000000001,30,215443.7853962,215443.7940282,8.251799998106435,8.632000011857599,5.120699992403388,1.8875999958254397,0.0,True,ok,4489,4489
3654,54,5.4,30,215443.8185659,215443.8288952,9.87199999508448,10.329299984732643,6.2901999917812645,2.1655000164173543,0.0,True,ok,4625,4625
3655,55,5.5,30,215443.8520983,215443.8609388,8.346299990080297,8.840499998768792,4.949399997713044,2.0423999812919647,0.0,True,ok,4379,4379
3656,56,5.6000000000000005,30,215443.885018,215443.8936345,8.09250000747852,8.616500010248274,4.850299999816343,1.9948999979533255,0.0,True,ok,4212,4212
3657,57,5.7,30,215443.9185503,215443.927265,8.0790999927558,8.71470000129193,4.769999999552965,2.0998000109102577,0.0,True,ok,4229,4229
3658,58,5.800000000000001,30,215443.9517569,215443.9619577,9.596099989721552,10.20079999580048,6.1055000114720315,2.229899982921779,0.0,True,ok,4294,4294
3659,59,5.9,30,215443.9856433,215443.9948882,8.757899980992079,9.244899993063882,4.983000020729378,2.3956999939400703,0.0,True,ok,4337,4337
3660,60,6.0,30,215444.018708,215444.028483,9.17420000769198,9.775000013178214,5.123199982335791,2.72320001386106,0.0,True,ok,4334,4334
3661,61,6.1000000000000005,30,215444.0520923,215444.0622685,9.101900010136887,10.176200012210757,5.4462999978568405,2.3292000114452094,0.0,True,ok,4169,4169
3662,62,6.2,30,215444.0851691,215444.0946973,9.000499994726852,9.5281999965664,4.863499983912334,2.8249000024516135,0.0,True,ok,4172,4172
3663,63,6.300000000000001,30,215444.1187371,215444.1271922,8.000099973287433,8.455099974526092,4.6814000234007835,2.095300005748868,0.0,True,ok,4147,4147
3664,64,6.4,30,215444.1517303,215444.1622723,10.084999987157062,10.542000003624707,6.589500000700355,2.1447000035550445,0.0,True,ok,4178,4178
3665,65,6.5,30,215444.1852072,215444.1956547,9.68659998034127,10.447499982547015,6.376999983331189,2.002799999900162,0.0,True,ok,4169,4169
3666,66,6.6000000000000005,30,215444.2187955,215444.2276546,8.269099984318018,8.859099994879216,4.821899987291545,2.03130001318641,0.0,True,ok,4168,4168
3667,67,6.7,30,215444.2520679,215444.2626997,10.149999987334013,10.631799988914281,7.032799971057102,1.8614000000525266,0.0,True,ok,4086,4086
3668,68,6.800000000000001,30,215444.2853971,215444.2962487,10.257699992507696,10.851600003661588,6.122099992353469,2.869000018108636,0.0,True,ok,4379,4379
3669,69,6.9,30,215444.3182785,215444.3275036,8.529500017175451,9.225100016919896,5.006199993658811,2.131399989593774,0.0,True,ok,4282,4282
3670,70,7.0,30,215444.3518253,215444.3633475,10.69120000465773,11.522200016770512,5.953299987595528,2.164200006518513,0.0,True,ok,4247,4247
3671,71,7.1000000000000005,30,215444.3852064,215444.3938922,7.967399986227974,8.685799984959885,4.686799977207556,1.9902999920304865,0.0,True,ok,4354,4354
3672,72,7.2,30,215444.4186033,215444.4269785,7.788500020978972,8.375200006412342,4.485799989197403,1.9794999971054494,0.0,True,ok,4628,4628
3673,73,7.300000000000001,30,215444.4516537,215444.4617496,9.551600000122562,10.095900011947379,6.138900003861636,2.0420000073499978,0.0,True,ok,4287,4287
3674,74,7.4,30,215444.4853786,215444.4949476,8.203200006391853,9.569000016199425,4.918299993732944,1.9776999833993614,0.0,True,ok,4455,4455
3675,75,7.5,30,215444.5184508,215444.5274987,8.529999991878867,9.047899977304041,5.042700009653345,2.1610999829135835,0.0,True,ok,4560,4560
3676,76,7.6000000000000005,30,215444.5517519,215444.5615618,8.361999993212521,9.809899987885728,4.943000007187948,2.0169000199530274,0.0,True,ok,4662,4662
3677,77,7.7,30,215444.5851172,215444.5949453,9.26890000118874,9.828099980950356,5.860300007043406,2.122300007613376,0.0,True,ok,4381,4381
3678,78,7.800000000000001,30,215444.6182885,215444.6271371,8.234400011133403,8.848600002238527,4.801600007340312,2.1505999902728945,0.0,True,ok,4350,4350
3679,79,7.9,30,215444.6518968,215444.660763,8.384699991438538,8.866199990734458,4.780699993716553,2.3438000062014908,0.0,True,ok,4058,4058
3680,80,8.0,30,215444.6854416,215444.6944459,8.515399997122586,9.004299994558096,4.978100012522191,2.1084999898448586,0.0,True,ok,4074,4074
3681,81,8.1,30,215444.7187229,215444.7283923,8.51929999771528,9.669399994891137,5.242299987003207,2.0409999997355044,0.0,True,ok,4080,4080
3682,82,8.200000000000001,30,215444.7519244,215444.7609027,8.31770000513643,8.978300000308082,4.573199985316023,2.404500002739951,0.0,True,ok,4288,4288
3683,83,8.3,30,215444.7852459,215444.7947218,8.824799995636567,9.475899976678193,5.538500001421198,2.0229000074323267,0.0,True,ok,4269,4269
3684,84,8.4,30,215444.8186695,215444.8273318,8.169800014002249,8.662300009746104,4.979299992555752,1.9878000020980835,0.0,True,ok,3996,3996
3685,85,8.5,30,215444.8520311,215444.8608577,8.306100004119799,8.826600009342656,4.900300002191216,2.1012000215705484,0.0,True,ok,4318,4318
3686,86,8.6,30,215444.8850643,215444.893928,8.398400008445606,8.863700000802055,5.024900019634515,1.9651999755296856,0.0,True,ok,4410,4410
3687,87,8.700000000000001,30,215444.9187305,215444.9272315,8.007700002053753,8.501000003889203,4.756300011649728,1.9811000092886388,33.66620000451803,True,ok,4345,4345
3688,88,8.8,30,215444.952086,215444.9608782,8.226800011470914,8.792200009338558,4.969799978425726,2.012500015553087,0.0,True,ok,3995,3995
3689,89,8.9,30,215444.9851681,215444.9940768,8.128700021188706,8.908700023312122,4.817000008188188,2.0868999999947846,0.0,True,ok,4114,4114
3690,90,9.0,30,215445.0185205,215445.0300511,10.981300001731142,11.530600022524595,4.746399994473904,4.9260999949183315,0.0,True,ok,4407,4407
3691,91,9.1,30,215445.0518493,215445.0647263,12.324500014074147,12.877000001026317,6.940599996596575,4.07739999354817,0.0,True,ok,4504,4504
3692,92,9.200000000000001,30,215445.0857057,215445.0949801,8.799700008239597,9.274399984860793,5.00050000846386,2.389400004176423,0.0,True,ok,4602,4602
3693,93,9.3,30,215445.1186725,215445.1278284,8.255299995653331,9.155900013865903,4.7559000086039305,2.224500000011176,0.0,True,ok,4719,4719
3694,94,9.4,30,215445.1519777,215445.1626666,10.006299999076873,10.688899987144396,6.374699994921684,2.351900009671226,0.0,True,ok,4623,4623
3695,95,9.5,30,215445.1853948,215445.1946683,8.755900023970753,9.27350000711158,5.0094999896828085,2.488199999788776,0.0,True,ok,4555,4555
3696,96,9.600000000000001,30,215445.2190531,215445.2289227,9.184599999571219,9.869599976809695,4.899999999906868,2.856400009477511,0.0,True,ok,4902,4902
3697,97,9.700000000000001,30,215445.2519258,215445.2607837,7.884400023613125,8.857900014845654,4.664899985073134,1.993400015635416,0.0,True,ok,4793,4793
3698,98,9.8,30,215445.2850095,215445.2933639,7.787100010318682,8.354400022653863,4.743500001495704,1.8159000028390437,0.0,True,ok,4857,4857
3699,99,9.9,30,215445.3186595,215445.3284239,8.596100000431761,9.764400019776076,5.026099999668077,2.152399974875152,0.0,True,ok,4985,4985
3700,100,10.0,30,215445.3519334,215445.3606617,8.238599984906614,8.728299988433719,4.758499999297783,2.1315999911166728,0.0,True,ok,4973,4973
3701,101,10.100000000000001,30,215445.3851059,215445.3936674,7.994399988092482,8.561499998904765,4.7882999933790416,1.9802000024355948,0.0,True,ok,4507,4507
3702,102,10.200000000000001,30,215445.418807,215445.4275045,8.121199993183836,8.697499986737967,4.841999994823709,2.0585000165738165,0.0,True,ok,4834,4834
3703,103,10.3,30,215445.4517375,215445.4608444,8.589799981564283,9.106899990001693,4.922800027998164,2.1966999920550734,0.0,True,ok,4943,4943
3704,104,10.4,30,215445.4854359,215445.4942103,8.061700005782768,8.774400019319728,4.804299998795614,2.0152000070083886,0.0,True,ok,5082,5082
3705,105,10.5,30,215445.5187296,215445.5274324,8.017200016183779,8.702799997990951,4.726599989226088,2.0241000165697187,0.0,True,ok,4986,4986
3706,106,10.600000000000001,30,215445.5520737,215445.5607652,8.154300012392923,8.691499999258667,4.906199988909066,2.0175999961793423,0.0,True,ok,5037,5037
3707,107,10.700000000000001,30,215445.5850873,215445.5937848,8.191400003852323,8.697500015841797,4.974999988917261,2.0414000027813017,33.013599982950836,True,ok,5162,5162
3708,108,10.8,30,215445.6185698,215445.6274262,8.380999992368743,8.856400003423914,4.747500002849847,2.082199993310496,0.0,True,ok,4884,4884
3709,109,10.9,30,215445.651883,215445.6620707,9.737299988046288,10.187699983362108,6.303500005742535,2.088200009893626,0.0,True,ok,4890,4890
3710,110,11.0,30,215445.6851295,215445.6942208,8.617600018624216,9.091300016734749,5.123899987665936,2.1730999869760126,0.0,True,ok,4848,4848
3711,111,11.100000000000001,30,215445.7187334,215445.7279679,8.604899980127811,9.234500001184642,4.7778000007383525,2.6006000116467476,33.60389999579638,True,ok,5030,5030
3712,112,11.200000000000001,30,215445.7519918,215445.7626145,9.947700018528849,10.622700006933883,6.6562999854795635,1.9409999949857593,0.0,True,ok,5114,5114
3713,113,11.3,30,215445.7853142,215445.7940662,8.182099991245195,8.751999994274229,4.817999986698851,2.107000007526949,0.0,True,ok,5293,5293
3714,114,11.4,30,215445.8183522,215445.827398,8.580499998060986,9.045799990417436,5.0029999983962625,2.3474000045098364,0.0,True,ok,5423,5423
3715,115,11.5,30,215445.8516364,215445.8620432,9.706500015454367,10.40679999277927,6.234500004211441,2.2075999877415597,0.0,True,ok,5340,5340
3716,116,11.600000000000001,30,215445.8851936,215445.8939497,8.136099990224466,8.756099996389821,4.758399998536333,2.1846999879926443,33.55719998944551,True,ok,5279,5279
3717,117,11.700000000000001,30,215445.9184949,215445.9275278,8.44669999787584,9.032900008605793,4.633200005628169,2.2803999891038984,0.0,True,ok,5498,5498
3718,118,11.8,30,215445.9520279,215445.9610772,8.37539997883141,9.049299987964332,4.49069999740459,2.624199987621978,0.0,True,ok,5517,5517
3719,119,11.9,30,215445.9854645,215445.9943228,8.294799976283684,8.858299988787621,4.889900010311976,2.1561000030487776,0.0,True,ok,5266,5266
3720,0,0.0,31,215446.0208434,215446.029645,8.323399990331382,8.801599993603304,4.788400023244321,2.3172000073827803,0.0,True,ok,4708,4708
3721,1,0.1,31,215446.0521251,215446.0607781,8.018200023798272,8.653000026242808,4.7744000039529055,2.0330999977886677,0.0,True,ok,4681,4681
3722,2,0.2,31,215446.0849803,215446.0937923,8.304899994982406,8.812000014586374,4.867799987550825,2.2025000071153045,32.855199999175966,True,ok,4360,4360
3723,3,0.30000000000000004,31,215446.1187473,215446.1282463,8.424700004979968,9.499000007053837,5.1555999962147325,2.0696000137832016,0.0,True,ok,4532,4532
3724,4,0.4,31,215446.1517091,215446.161936,9.697799978312105,10.226899990811944,6.4005000167526305,2.0518999954219908,32.961799995973706,True,ok,4533,4533
3725,5,0.5,31,215446.1852001,215446.19496,9.31629998376593,9.759899985510856,5.067999998573214,2.9894000035710633,0.0,True,ok,4334,4334
3726,6,0.6000000000000001,31,215446.2187837,215446.2272417,7.904700003564358,8.457999996608123,4.712299996754155,1.9450999971013516,0.0,True,ok,4462,4462
3727,7,0.7000000000000001,31,215446.2518849,215446.2605572,8.05239999317564,8.672299998579547,4.827600001590326,1.9503999792505056,0.0,True,ok,4479,4479
3728,8,0.8,31,215446.2853232,215446.2938318,8.141900005284697,8.508600003551692,4.973400005837902,1.9910999981220812,0.0,True,ok,4534,4534
3729,9,0.9,31,215446.3182791,215446.3273552,8.570899983169511,9.076099988305941,5.365099990740418,2.000800013775006,0.0,True,ok,4491,4491
3730,10,1.0,31,215446.3518176,215446.3619696,9.555500000715256,10.152000002563,6.141599995316938,2.122900012182072,0.0,True,ok,4600,4600
3731,11,1.1,31,215446.3853977,215446.395609,9.280400001443923,10.21129998844117,4.9965000071097165,2.8790000069420785,0.0,True,ok,4781,4781
3732,12,1.2000000000000002,31,215446.4184637,215446.428781,9.420399990631267,10.317299980670214,4.716099996585399,3.3485000021755695,33.06600000360049,True,ok,5044,5044
3733,13,1.3,31,215446.4520538,215446.4615689,8.946599991759285,9.515100013231859,5.559999990509823,2.1880999847780913,0.0,True,ok,4620,4620
3734,14,1.4000000000000001,31,215446.4855846,215446.4959833,9.311600006185472,10.398699989309534,5.874299997230992,2.220499998657033,0.0,True,ok,4785,4785
3735,15,1.5,31,215446.5188213,215446.5287653,9.181300003547221,9.943999990355223,6.088699999963865,1.8677000189200044,0.0,True,ok,5045,5045
3736,16,1.6,31,215446.5519039,215446.562969,10.509399988222867,11.065099999541417,7.109700003638864,2.1102000027894974,0.0,True,ok,5382,5382
3737,17,1.7000000000000002,31,215446.5851651,215446.5939521,7.999299996299669,8.786999998847023,4.7033999871928245,2.042499982053414,33.261200005654246,True,ok,5312,5312
3738,18,1.8,31,215446.6185666,215446.6268165,7.908600004157051,8.249900012742728,4.682900005718693,2.0108000026084483,0.0,True,ok,5363,5363
3739,19,1.9000000000000001,31,215446.6517311,215446.6626484,10.43950000894256,10.917300009168684,6.743799982359633,2.4000999983400106,0.0,True,ok,5455,5455
3740,20,2.0,31,215446.6854582,215446.6948531,8.537799993064255,9.3949000001885,5.076099972939119,2.193199994508177,0.0,True,ok,5508,5508
3741,21,2.1,31,215446.7183785,215446.7273671,8.276699983980507,8.988599991425872,4.7113999899011105,2.2646999859716743,0.0,True,ok,5300,5300
3742,22,2.2,31,215446.7517963,215446.7629204,10.59340001665987,11.124100012239069,7.078800001181662,2.220599999418482,0.0,True,ok,5384,5384
3743,23,2.3000000000000003,31,215446.7851731,215446.7946563,9.077999973669648,9.483199974056333,5.756500002462417,2.101799997035414,0.0,True,ok,5355,5355
3744,24,2.4000000000000004,31,215446.818791,215446.8280518,8.398400008445606,9.260799997719005,4.891000018687919,2.2846000210847706,0.0,True,ok,5072,5072
3745,25,2.5,31,215446.8518556,215446.8645991,12.30780000332743,12.743500003125519,6.698800018057227,4.404499981319532,0.0,True,ok,4851,4851
3746,26,2.6,31,215446.8851627,215446.8939657,8.161100005963817,8.803000004263595,4.643099993700162,2.2119000204838812,0.0,True,ok,4933,4933
3747,27,2.7,31,215446.9185092,215446.9274302,8.374800003366545,8.921000000555068,4.764499986777082,2.4012000067159534,0.0,True,ok,4889,4889
3748,28,2.8000000000000003,31,215446.9522167,215446.9619616,9.337700001196936,9.744899987708777,6.038699997588992,2.11870000930503,0.0,True,ok,4508,4508
3749,29,2.9000000000000004,31,215446.9853335,215446.9946521,8.273899991763756,9.318600001279265,4.898699990008026,2.174699999159202,0.0,True,ok,4516,4516
3750,30,3.0,31,215447.0187701,215447.027602,8.164799975929782,8.83189999149181,4.870300006587058,1.9616999779827893,0.0,True,ok,4326,4326
3751,31,3.1,31,215447.0516688,215447.0608109,8.678599988343194,9.142099996097386,5.3629000030923635,2.0106000010855496,0.0,True,ok,4407,4407
3752,32,3.2,31,215447.0851715,215447.0938368,8.181199984392151,8.665300003485754,5.054599983850494,1.9796999986283481,0.0,True,ok,4113,4113
3753,33,3.3000000000000003,31,215447.1187608,215447.127778,8.598099986556917,9.017200005473569,4.7907999833114445,2.6239000144414604,0.0,True,ok,4211,4211
3754,34,3.4000000000000004,31,215447.1518494,215447.162091,9.65720001840964,10.241600015433505,6.288499978836626,2.1182000054977834,0.0,True,ok,4198,4198
3755,35,3.5,31,215447.1852801,215447.1940319,8.273599989479408,8.75179999275133,4.970700014382601,2.1766000136267394,0.0,True,ok,4125,4125
3756,36,3.6,31,215447.2186238,215447.2278906,8.697800018126145,9.266800014302135,4.939600010402501,2.600400010123849,0.0,True,ok,4267,4267
3757,37,3.7,31,215447.2519253,215447.2606359,8.164500002749264,8.710599999176338,4.814000014448538,2.032899996265769,0.0,True,ok,3805,3805
3758,38,3.8000000000000003,31,215447.2851286,215447.2936539,8.135200012475252,8.52530001429841,4.798200010554865,2.181199990445748,0.0,True,ok,3921,3921
3759,39,3.9000000000000004,31,215447.3185902,215447.328691,9.286899992730469,10.100799991050735,5.835700023453683,2.304800000274554,33.46160001819953,True,ok,3864,3864
3760,40,4.0,31,215447.3520222,215447.3623047,9.826499997870997,10.282499977620319,6.394299998646602,2.098899974953383,0.0,True,ok,3828,3828
3761,41,4.1000000000000005,31,215447.3851013,215447.3936093,8.001199981663376,8.507999998982996,4.743900004541501,2.0724000059999526,0.0,True,ok,3659,3659
3762,42,4.2,31,215447.4184452,215447.427908,8.638100000098348,9.462800022447482,5.332900007488206,2.1542999893426895,0.0,True,ok,3989,3989
3763,43,4.3,31,215447.452018,215447.4605435,7.910899992566556,8.525499986717477,4.534499981673434,2.1388999884948134,0.0,True,ok,4294,4294
3764,44,4.4,31,215447.4854191,215447.4953879,9.37710001016967,9.968800004571676,5.819599988171831,2.365799999097362,0.0,True,ok,4623,4623
3765,45,4.5,31,215447.5185668,215447.5279828,8.886499999789521,9.416000015335158,5.310200009262189,2.41499999538064,0.0,True,ok,4708,4708
3766,46,4.6000000000000005,31,215447.5520097,215447.5613314,8.480400021653622,9.321699995780364,5.2890999941155314,1.9939999911002815,0.0,True,ok,4834,4834
3767,47,4.7,31,215447.5849776,215447.593911,8.475300011923537,8.933400007663295,4.95160001446493,2.219299989519641,0.0,True,ok,4677,4677
3768,48,4.800000000000001,31,215447.618223,215447.6269354,8.333700010553002,8.712400012882426,4.6694000193383545,1.9776000117417425,33.24540000176057,True,ok,4591,4591
3769,49,4.9,31,215447.652002,215447.6622962,9.678300004452467,10.29420000850223,6.357700010994449,2.0840000070165843,0.0,True,ok,4442,4442
3770,50,5.0,31,215447.6858472,215447.6949877,8.405500004300848,9.140500013018027,4.917299986118451,2.275900013046339,0.0,True,ok,4408,4408
3771,51,5.1000000000000005,31,215447.7185283,215447.7271208,8.072500000707805,8.592500002123415,4.763199976878241,2.0887999853584915,0.0,True,ok,4418,4418
3772,52,5.2,31,215447.7520199,215447.7620049,8.805499994195998,9.984999982407317,4.849999997531995,2.440599986584857,0.0,True,ok,4600,4600
3773,53,5.300000000000001,31,215447.785274,215447.7946555,8.984200016129762,9.38150001456961,5.9717000112868845,1.8860000127460808,0.0,True,ok,4489,4489
3774,54,5.4,31,215447.8186803,215447.8275652,8.456199982902035,8.884899987606332,4.975099989678711,2.255300001706928,0.0,True,ok,4625,4625
3775,55,5.5,31,215447.8517111,215447.8626602,10.469899978488684,10.9490999893751,6.865500006824732,2.357799996389076,0.0,True,ok,4379,4379
3776,56,5.6000000000000005,31,215447.8853661,215447.8944223,8.373700024094433,9.056200011400506,4.757999995490536,2.3858000058680773,0.0,True,ok,4212,4212
3777,57,5.7,31,215447.9182547,215447.9293532,10.646999988239259,11.098499991931021,4.783199983648956,4.654499993193895,32.88859999156557,True,ok,4229,4229
3778,58,5.800000000000001,31,215447.9518909,215447.961983,9.541899984469637,10.092099983012304,6.011699995724484,2.3367999820038676,0.0,True,ok,4294,4294
3779,59,5.9,31,215447.9855385,215447.9952934,8.69409998995252,9.75489997654222,5.254399991827086,2.214499982073903,33.64760000840761,True,ok,4337,4337
3780,60,6.0,31,215448.0187902,215448.0297802,10.406300018075854,10.990000009769574,5.739900021580979,3.1048999808263034,0.0,True,ok,4334,4334
3781,61,6.1000000000000005,31,215448.0519369,215448.0605775,8.065300004091114,8.64059999003075,4.745899990666658,2.1169000247027725,0.0,True,ok,4169,4169
3782,62,6.2,31,215448.0851352,215448.0934459,7.78150002588518,8.310700010042638,4.69680002424866,1.9338999991305172,0.0,True,ok,4172,4172
3783,63,6.300000000000001,31,215448.1187485,215448.1282356,9.060399985173717,9.487099974649027,5.627900012768805,2.2649999882560223,0.0,True,ok,4147,4147
3784,64,6.4,31,215448.1518873,215448.1621614,9.228599985362962,10.274100000970066,5.9003999922424555,2.0496999786701053,0.0,True,ok,4178,4178
3785,65,6.5,31,215448.1854707,215448.1940584,8.11779999639839,8.587699994677678,4.963100014720112,1.953500002855435,0.0,True,ok,4169,4169
3786,66,6.6000000000000005,31,215448.2189331,215448.2285947,9.07040000311099,9.66159999370575,5.8942000032402575,1.9685000006575137,0.0,True,ok,4168,4168
3787,67,6.7,31,215448.2518247,215448.2602662,7.991099992068484,8.441499987384304,4.654200020013377,2.0837000047322363,0.0,True,ok,4086,4086
3788,68,6.800000000000001,31,215448.2853206,215448.2939452,8.21860000723973,8.624600013718009,4.755500005558133,2.2475000005215406,33.49589998833835,True,ok,4379,4379
3789,69,6.9,31,215448.3188082,215448.3274655,8.178700023563579,8.657300000777468,5.003900005249307,1.9403999904170632,0.0,True,ok,4282,4282
3790,70,7.0,31,215448.3519003,215448.3641478,11.558199999853969,12.247499980730936,6.223299977136776,3.2263000030070543,0.0,True,ok,4247,4247
3791,71,7.1000000000000005,31,215448.3853319,215448.3940392,8.122600003844127,8.70730000315234,4.798000009031966,2.0687999785877764,0.0,True,ok,4354,4354
3792,72,7.2,31,215448.4186248,215448.4273787,8.067599992500618,8.753900008741766,4.819900001166388,2.026100002694875,0.0,True,ok,4628,4628
3793,73,7.300000000000001,31,215448.451744,215448.4619265,9.021899983054027,10.182500001974404,5.634200002532452,2.214700012700632,0.0,True,ok,4287,4287
3794,74,7.4,31,215448.4853216,215448.4943334,8.44060000963509,9.011800022562966,5.08490001084283,1.9891999836545438,0.0,True,ok,4455,4455
3795,75,7.5,31,215448.518615,215448.528291,8.239999995566905,9.675999986939132,4.990700021153316,2.005199989071116,0.0,True,ok,4560,4560
3796,76,7.6000000000000005,31,215448.5516875,215448.5603389,8.05239999317564,8.651399984955788,4.7104999830480665,1.9935000163968652,0.0,True,ok,4662,4662
3797,77,7.7,31,215448.5851742,215448.5945479,8.813699998427182,9.373699984280393,4.891999997198582,2.6335000002291054,0.0,True,ok,4381,4381
3798,78,7.800000000000001,31,215448.6187065,215448.6274405,8.239699993282557,8.73399997362867,4.850600002100691,2.095600008033216,0.0,True,ok,4350,4350
3799,79,7.9,31,215448.6518253,215448.6602055,7.809200003976002,8.380199986277148,4.570999997667968,2.0579999836627394,0.0,True,ok,4058,4058
3800,80,8.0,31,215448.6854716,215448.6946662,8.054300007643178,9.194599988404661,4.876899998635054,1.9114000024273992,33.646299998508766,True,ok,4074,4074
3801,81,8.1,31,215448.7184711,215448.7276138,8.502400014549494,9.142700000666082,5.012800014810637,2.266099996631965,0.0,True,ok,4080,4080
3802,82,8.200000000000001,31,215448.7519239,215448.7608704,8.106799999950454,8.946499990997836,4.925100016407669,1.931000006152317,0.0,True,ok,4288,4288
3803,83,8.3,31,215448.7851473,215448.7943188,8.496800001012161,9.171500016236678,4.939900012686849,2.219200017862022,0.0,True,ok,4269,4269
3804,84,8.4,31,215448.8183614,215448.8269693,8.116799988783896,8.607900002971292,4.899000021396205,1.9176999921910465,0.0,True,ok,3996,3996
3805,85,8.5,31,215448.852131,215448.861344,8.7028999987524,9.213000012096018,5.2724000124726444,2.1794999775011092,0.0,True,ok,4318,4318
3806,86,8.6,31,215448.8854085,215448.8942912,8.158600016031414,8.882699999958277,4.965000000083819,1.8998000014107674,0.0,True,ok,4410,4410
3807,87,8.700000000000001,31,215448.9184864,215448.9282373,8.484699996188283,9.750899975188076,5.17079999553971,2.0468999864533544,0.0,True,ok,4345,4345
3808,88,8.8,31,215448.9522524,215448.9613936,8.435900002950802,9.141200018348172,5.073900014394894,2.133700007107109,0.0,True,ok,3995,3995
3809,89,8.9,31,215448.985506,215448.9941313,8.111299976008013,8.625299989944324,4.750499996589497,2.0764000073540956,0.0,True,ok,4114,4114
3810,90,9.0,31,215449.0185955,215449.028117,8.03340002312325,9.521500003756955,4.8180000158026814,2.0044999837409705,0.0,True,ok,4407,4407
3811,91,9.1,31,215449.05241,215449.0619572,9.00230000843294,9.547199995722622,5.575200018938631,2.137100003892556,0.0,True,ok,4504,4504
3812,92,9.200000000000001,31,215449.0850547,215449.094134,8.518700022250414,9.07930001267232,4.908300004899502,2.332200005184859,0.0,True,ok,4602,4602
3813,93,9.3,31,215449.1186194,215449.1276581,8.385200024349615,9.038700023666024,4.8457999946549535,2.246699994429946,0.0,True,ok,4719,4719
3814,94,9.4,31,215449.1518945,215449.1607252,8.229099999880418,8.830699982354417,4.757599992444739,2.1898999984841794,0.0,True,ok,4623,4623
3815,95,9.5,31,215449.1849692,215449.1953566,9.656099980929866,10.38739999057725,5.529300018679351,2.707800013013184,0.0,True,ok,4555,4555
3816,96,9.600000000000001,31,215449.2186628,215449.2279881,8.593600010499358,9.32529999408871,5.123000009916723,2.199300011852756,0.0,True,ok,4902,4902
3817,97,9.700000000000001,31,215449.2515523,215449.2604953,8.27319998643361,8.94299999345094,4.743099998449907,2.200100017944351,0.0,True,ok,4793,4793
3818,98,9.8,31,215449.2852385,215449.2949484,8.581000001868233,9.709900012239814,5.221999977948144,2.0075000065844506,0.0,True,ok,4857,4857
3819,99,9.9,31,215449.3185021,215449.3271142,8.058899984462187,8.612099976744503,4.727099993033335,1.9168999860994518,0.0,True,ok,4985,4985
3820,100,10.0,31,215449.3519439,215449.3608267,8.371400006581098,8.882800000719726,4.928399983327836,2.0998000109102577,0.0,True,ok,4973,4973
3821,101,10.100000000000001,31,215449.3853566,215449.3941605,8.140999998431653,8.803900011116639,4.857299994910136,1.9790000224020332,0.0,True,ok,4507,4507
3822,102,10.200000000000001,31,215449.4186958,215449.4274663,8.279000001493841,8.770499989623204,4.861800000071526,2.0887999853584915,0.0,True,ok,4834,4834
3823,103,10.3,31,215449.4516867,215449.4609316,8.707600005436689,9.244900022167712,5.1961000135634094,2.0859999931417406,0.0,True,ok,4943,4943
3824,104,10.4,31,215449.4852671,215449.4939668,8.2154999836348,8.699699974386021,4.848400014452636,2.0246999920345843,0.0,True,ok,5082,5082
3825,105,10.5,31,215449.5184496,215449.5270572,8.084900007816032,8.607600000686944,4.730999993626028,2.052800002275035,0.0,True,ok,4986,4986
3826,106,10.600000000000001,31,215449.5519092,215449.5609861,8.35029999143444,9.076899994397536,4.824799980269745,2.055999997537583,0.0,True,ok,5037,5037
3827,107,10.700000000000001,31,215449.5851812,215449.5939269,8.074400015175343,8.745700004510581,4.723599995486438,1.9647000008262694,0.0,True,ok,5162,5162
3828,108,10.8,31,215449.6184598,215449.6278489,8.972200012067333,9.389100014232099,5.047899991041049,2.6357999886386096,0.0,True,ok,4884,4884
3829,109,10.9,31,215449.6520302,215449.6607415,8.247099991422147,8.711300004506484,5.0036000029649585,1.9099999917671084,33.57040000264533,True,ok,4890,4890
3830,110,11.0,31,215449.6851893,215449.6940665,8.270699996501207,8.877199987182394,4.907599999569356,2.0718000014312565,0.0,True,ok,4848,4848
3831,111,11.100000000000001,31,215449.7185563,215449.7274854,7.986600016010925,8.929100004024804,4.660600010538474,1.9887000089511275,0.0,True,ok,5030,5030
3832,112,11.200000000000001,31,215449.7518847,215449.7650293,12.57600000826642,13.144600001396611,7.276599993929267,3.946600016206503,0.0,True,ok,5114,5114
3833,113,11.3,31,215449.7853392,215449.7938705,8.04809998953715,8.531300001777709,4.588200012221932,2.1444000012706965,0.0,True,ok,5293,5293
3834,114,11.4,31,215449.8185592,215449.8277337,8.712799986824393,9.174499980872497,5.0166999862995,2.196700021158904,0.0,True,ok,5423,5423
3835,115,11.5,31,215449.8520122,215449.8625799,9.925399994244799,10.567699995590374,6.215500005055219,2.3153999936766922,0.0,True,ok,5340,5340
3836,116,11.600000000000001,31,215449.8849528,215449.8939763,8.570400008466095,9.023499995237216,4.877100000157952,2.337600017199293,0.0,True,ok,5279,5279
3837,117,11.700000000000001,31,215449.9183509,215449.9280489,9.244400018360466,9.698000008938834,5.741400003898889,2.141100005246699,0.0,True,ok,5498,5498
3838,118,11.8,31,215449.9518721,215449.9602026,7.956799992825836,8.330499986186624,4.625900008250028,2.0084999850951135,0.0,True,ok,5517,5517
3839,119,11.9,31,215449.9853542,215449.9952168,8.750599983613938,9.862599981715903,5.057000002125278,2.2678000095766038,0.0,True,ok,5266,5266
3840,0,0.0,32,215450.0219484,215450.0308942,8.403399988310412,8.94579998566769,4.795900022145361,2.310900017619133,0.0,True,ok,4708,4708
3841,1,0.1,32,215450.0520789,215450.0607675,8.222699980251491,8.688600006280467,4.8081000277306885,1.9881000043824315,0.0,True,ok,4681,4681
3842,2,0.2,32,215450.0849691,215450.0942254,8.592099999077618,9.256300021661445,4.800099995918572,2.2668000019621104,0.0,True,ok,4360,4360
3843,3,0.30000000000000004,32,215450.1183946,215450.1279545,8.953699987614527,9.559900005115196,4.647099995054305,2.882300002966076,0.0,True,ok,4532,4532
3844,4,0.4,32,215450.151814,215450.1618848,9.588300017639995,10.070799995446578,6.178000010550022,2.12459999602288,0.0,True,ok,4533,4533
3845,5,0.5,32,215450.1853392,215450.1944057,8.540299982996657,9.066500002518296,5.008100008126348,2.253199985716492,0.0,True,ok,4334,4334
3846,6,0.6000000000000001,32,215450.2184756,215450.2272918,8.347900002263486,8.816199988359585,5.01680001616478,1.9681999983731657,0.0,True,ok,4462,4462
3847,7,0.7000000000000001,32,215450.2516836,215450.2613395,8.830799983115867,9.655899979406968,5.587699997704476,1.9613000040408224,0.0,True,ok,4479,4479
3848,8,0.8,32,215450.2851873,215450.293684,7.970800012117252,8.496700000250712,4.705300001660362,1.9423000048846006,0.0,True,ok,4534,4534
3849,9,0.9,32,215450.3187615,215450.3270095,7.7609000145457685,8.24799999827519,4.568100004689768,1.8669000128284097,33.57420000247657,True,ok,4491,4491
3850,10,1.0,32,215450.3517625,215450.3619238,9.551499999361113,10.161299986066297,6.0582000005524606,2.104899991536513,0.0,True,ok,4600,4600
3851,11,1.1,32,215450.3852037,215450.3954475,9.817899990594015,10.24380000308156,5.4191000235732645,2.8873000119347125,0.0,True,ok,4781,4781
3852,12,1.2000000000000002,32,215450.4185263,215450.4271433,8.04080002126284,8.61700001405552,4.705700004706159,1.958799985004589,0.0,True,ok,5044,5044
3853,13,1.3,32,215450.451926,215450.4617411,9.202899993397295,9.815099998377264,5.769599985796958,2.1388000168371946,0.0,True,ok,4620,4620
3854,14,1.4000000000000001,32,215450.4853699,215450.4952787,8.562400005757809,9.908799984259531,5.045600002631545,2.139999996870756,0.0,True,ok,4785,4785
3855,15,1.5,32,215450.5185994,215450.5273609,8.308500022394583,8.761500008404255,4.931400006171316,2.005599992116913,0.0,True,ok,5045,5045
3856,16,1.6,32,215450.5517699,215450.5646152,12.255200010258704,12.845300021581352,6.962599989492446,2.3338999890256673,0.0,True,ok,5382,5382
3857,17,1.7000000000000002,32,215450.5853233,215450.5943805,8.394300006330013,9.057199989911169,4.9226999981328845,2.052800002275035,0.0,True,ok,5312,5312
3858,18,1.8,32,215450.6183612,215450.6269709,8.204499987186864,8.60969998757355,4.710600012913346,2.059999998891726,0.0,True,ok,5363,5363
3859,19,1.9000000000000001,32,215450.6516978,215450.6622572,9.902399993734434,10.55939999059774,6.310299999313429,2.15419998858124,0.0,True,ok,5455,5455
3860,20,2.0,32,215450.6852375,215450.695109,9.398900001542643,9.871499991277233,4.886199982138351,3.0747000128030777,0.0,True,ok,5508,5508
3861,21,2.1,32,215450.7189689,215450.7289483,8.866499993018806,9.979399997973815,4.946800007019192,2.36470001982525,0.0,True,ok,5300,5300
3862,22,2.2,32,215450.7521018,215450.7608491,8.189700020011514,8.74730001669377,4.492400010349229,2.0665000192821026,0.0,True,ok,5384,5384
3863,23,2.3000000000000003,32,215450.7851805,215450.7937057,8.112699986668304,8.52519998443313,4.641700012143701,2.043699991190806,0.0,True,ok,5355,5355
3864,24,2.4000000000000004,32,215450.8186849,215450.8283864,8.995300013339147,9.70150000648573,4.859000007854775,2.753000007942319,0.0,True,ok,5072,5072
3865,25,2.5,32,215450.8518335,215450.8630742,10.06609998876229,11.240699997870252,5.888599989702925,2.507199998944998,0.0,True,ok,4851,4851
3866,26,2.6,32,215450.8854689,215450.8964668,10.412300005555153,10.99790001171641,6.1990999965928495,2.460799994878471,0.0,True,ok,4933,4933
3867,27,2.7,32,215450.9190236,215450.9283656,8.583599992562085,9.342000004835427,4.737099981866777,2.4569999950472265,0.0,True,ok,4889,4889
3868,28,2.8000000000000003,32,215450.9518506,215450.9619195,9.613100002752617,10.06890001008287,6.073399999877438,2.187399979447946,0.0,True,ok,4508,4508
3869,29,2.9000000000000004,32,215450.985431,215450.993924,7.979200017871335,8.493000001180917,4.5232999837026,2.0081000111531466,33.5804000205826,True,ok,4516,4516
3870,30,3.0,32,215451.0185674,215451.0276665,8.650000003399327,9.099100017920136,5.221500003244728,1.9509999838192016,0.0,True,ok,4326,4326
3871,31,3.1,32,215451.0520231,215451.0608116,8.148199995048344,8.788500010268763,4.767100006574765,2.058799989754334,0.0,True,ok,4407,4407
3872,32,3.2,32,215451.085089,215451.0941689,8.489999978337437,9.079899988137186,4.781800002092496,2.3806999961379915,0.0,True,ok,4113,4113
3873,33,3.3000000000000003,32,215451.1185999,215451.1271416,7.9953999957069755,8.541700022760779,4.775599983986467,1.9295999954920262,0.0,True,ok,4211,4211
3874,34,3.4000000000000004,32,215451.1523241,215451.1620739,9.265700005926192,9.749799995915964,5.910000007133931,2.0785999950021505,0.0,True,ok,4198,4198
3875,35,3.5,32,215451.185383,215451.1948875,8.440200006589293,9.50449999072589,4.768900020280853,2.355200005695224,0.0,True,ok,4125,4125
3876,36,3.6,32,215451.2189409,215451.2276005,8.139099983964115,8.659599989186972,4.659500002162531,2.1656000171788037,0.0,True,ok,4267,4267
3877,37,3.7,32,215451.2522438,215451.2627548,9.530899988021702,10.511000000406057,5.5985999933909625,2.410399989457801,0.0,True,ok,3805,3805
3878,38,3.8000000000000003,32,215451.2848684,215451.294183,8.744099992327392,9.314599999925122,4.780500021297485,2.592500008177012,0.0,True,ok,3921,3921
3879,39,3.9000000000000004,32,215451.3186479,215451.3281611,8.843300020089373,9.513199998764321,4.875599988736212,2.706699975533411,0.0,True,ok,3864,3864
3880,40,4.0,32,215451.3518184,215451.3620458,9.432999999262393,10.22739999461919,6.048100010957569,2.0816999895032495,0.0,True,ok,3828,3828
3881,41,4.1000000000000005,32,215451.3853389,215451.3946365,8.147899992763996,9.297599986894056,4.742899996927008,2.135399990947917,0.0,True,ok,3659,3659
3882,42,4.2,32,215451.4183446,215451.4275739,8.76669998979196,9.229299990693107,5.1927000167779624,2.2761999862268567,0.0,True,ok,3989,3989
3883,43,4.3,32,215451.451651,215451.461675,9.606200008420274,10.023999988334253,6.089699978474528,2.1063000021968037,0.0,True,ok,4294,4294
3884,44,4.4,32,215451.4853323,215451.494448,8.688600006280467,9.115699998801574,4.861699999310076,2.45349999750033,33.68130000308156,True,ok,4623,4623
3885,45,4.5,32,215451.518515,215451.5277171,8.809299994027242,9.2020999873057,4.877100000157952,2.5286000163760036,0.0,True,ok,4708,4708
3886,46,4.6000000000000005,32,215451.5517466,215451.5606067,8.264799980679527,8.86010000249371,4.88480000058189,2.0080000103916973,0.0,True,ok,4834,4834
3887,47,4.7,32,215451.5852481,215451.5947846,9.090299980016425,9.536500001559034,5.140100023709238,2.491599996574223,0.0,True,ok,4677,4677
3888,48,4.800000000000001,32,215451.6187008,215451.6272675,8.127400011289865,8.5667000093963,4.682300001149997,2.1253000013530254,33.4527000086382,True,ok,4591,4591
3889,49,4.9,32,215451.652054,215451.6628889,10.397300007753074,10.83489999291487,6.6436000051908195,2.1769000159110874,0.0,True,ok,4442,4442
3890,50,5.0,32,215451.6853839,215451.6949378,9.088299993891269,9.553899988532066,5.027899984270334,2.529499994125217,0.0,True,ok,4408,4408
3891,51,5.1000000000000005,32,215451.7186428,215451.727854,8.618199994089082,9.21119999838993,4.808400000911206,2.3345999943558127,0.0,True,ok,4418,4418
3892,52,5.2,32,215451.7519901,215451.7617886,9.333099995274097,9.798500017495826,6.080699997255579,1.899099996080622,0.0,True,ok,4600,4600
3893,53,5.300000000000001,32,215451.7855588,215451.7960985,10.141899983864278,10.539699986111373,4.914599994663149,3.834700008155778,0.0,True,ok,4489,4489
3894,54,5.4,32,215451.8184065,215451.827439,8.605699986219406,9.032499976456165,5.039899988332763,2.2361000010278076,0.0,True,ok,4625,4625
3895,55,5.5,32,215451.8520466,215451.8626638,10.059899999760091,10.61720002326183,6.505299999844283,2.205500000854954,0.0,True,ok,4379,4379
3896,56,5.6000000000000005,32,215451.8853898,215451.8975094,11.662400007480755,12.11959999636747,8.237399975769222,2.127099985955283,0.0,True,ok,4212,4212
3897,57,5.7,32,215451.9189085,215451.9290349,8.889100019587204,10.126400011358783,4.871699988143519,2.740199997788295,0.0,True,ok,4229,4229
3898,58,5.800000000000001,32,215451.9518908,215451.9609086,8.6347000033129,9.017800010042265,4.606200003763661,2.630399976624176,0.0,True,ok,4294,4294
3899,59,5.9,32,215451.9852678,215451.9944942,8.679999999003485,9.226399997714907,4.966600012267008,2.2957999899517745,0.0,True,ok,4337,4337
3900,60,6.0,32,215452.0188423,215452.0280691,8.501400006935,9.226800000760704,4.961700004059821,2.2441000037360936,0.0,True,ok,4334,4334
3901,61,6.1000000000000005,32,215452.0521741,215452.0622768,9.356099995784461,10.102699976414442,5.211600015172735,2.642600011313334,33.33180001936853,True,ok,4169,4169
3902,62,6.2,32,215452.085415,215452.0949822,8.75050001195632,9.567200002493337,5.287000007228926,2.067099994746968,0.0,True,ok,4172,4172
3903,63,6.300000000000001,32,215452.1186209,215452.1272769,8.232699998188764,8.655999990878627,4.764100012835115,2.183000004151836,0.0,True,ok,4147,4147
3904,64,6.4,32,215452.1520116,215452.1621555,9.66609999886714,10.143899999093264,6.399300007615238,1.941499998793006,0.0,True,ok,4178,4178
3905,65,6.5,32,215452.1855177,215452.1945299,8.446799998637289,9.012199996504933,4.916300007607788,2.2203999978955835,0.0,True,ok,4169,4169
3906,66,6.6000000000000005,32,215452.2184414,215452.2271966,8.079999999608845,8.755199989536777,4.781399999046698,1.9944999949075282,0.0,True,ok,4168,4168
3907,67,6.7,32,215452.2518049,215452.2607662,8.181199984392151,8.961299987277016,4.956999997375533,1.8371999904047698,0.0,True,ok,4086,4086
3908,68,6.800000000000001,32,215452.2854462,215452.2942945,8.295300009194762,8.848299999954179,4.83449999592267,2.1770999883301556,0.0,True,ok,4379,4379
3909,69,6.9,32,215452.3186301,215452.3276375,8.473500027321279,9.007400018163025,5.173600016860291,1.973599981283769,0.0,True,ok,4282,4282
3910,70,7.0,32,215452.3523018,215452.3622461,9.489799995208159,9.944299992639571,6.039300002157688,2.164500008802861,0.0,True,ok,4247,4247
3911,71,7.1000000000000005,32,215452.385371,215452.3945133,8.369200018933043,9.142299997620285,4.930900002364069,2.110400004312396,0.0,True,ok,4354,4354
3912,72,7.2,32,215452.4185409,215452.4280752,8.759100019233301,9.534300013910979,4.718700016383082,2.714600006584078,0.0,True,ok,4628,4628
3913,73,7.300000000000001,32,215452.4520766,215452.4617351,9.079899988137186,9.65849999920465,5.775800003902987,1.94679998094216,0.0,True,ok,4287,4287
3914,74,7.4,32,215452.4854162,215452.4950773,9.218799998052418,9.661099989898503,5.969799996819347,1.926899974932894,0.0,True,ok,4455,4455
3915,75,7.5,32,215452.5186474,215452.5275327,8.14450002508238,8.88530001975596,4.807599994819611,1.9829999946523458,0.0,True,ok,4560,4560
3916,76,7.6000000000000005,32,215452.5520145,215452.5617102,9.200600004987791,9.69570002052933,5.474900011904538,2.116899995598942,0.0,True,ok,4662,4662
3917,77,7.7,32,215452.5854886,215452.5955847,9.596199990483,10.096100013470277,5.929200007813051,2.1659999911207706,0.0,True,ok,4381,4381
3918,78,7.800000000000001,32,215452.6184544,215452.6275026,8.468499989248812,9.04819997958839,4.7774999984540045,2.121800003806129,0.0,True,ok,4350,4350
3919,79,7.9,32,215452.6518082,215452.66022,7.914099987829104,8.411799994064495,4.734100017230958,1.856800023233518,0.0,True,ok,4058,4058
3920,80,8.0,32,215452.6852383,215452.6947094,8.950100018410012,9.471099998336285,5.313600006047636,2.2997999913059175,0.0,True,ok,4074,4074
3921,81,8.1,32,215452.7186809,215452.7281733,8.961900020949543,9.492400015005842,5.6065999960992485,2.035999990766868,33.44259998993948,True,ok,4080,4080
3922,82,8.200000000000001,32,215452.7520921,215452.7625206,9.780599997611716,10.428499983390793,6.513600004836917,1.9610000017564744,0.0,True,ok,4288,4288
3923,83,8.3,32,215452.7853335,215452.7943465,8.43170000007376,9.013000002596527,4.931500006932765,2.2068000107537955,0.0,True,ok,4269,4269
3924,84,8.4,32,215452.8189441,215452.8297821,9.336599992820993,10.83799998741597,5.600699980277568,2.4664000084158033,0.0,True,ok,3996,3996
3925,85,8.5,32,215452.8519191,215452.860898,8.379000006243587,8.978900004876778,4.633600008673966,2.3203000018838793,0.0,True,ok,4318,4318
3926,86,8.6,32,215452.8852075,215452.8945701,8.222600008593872,9.362600016174838,5.046499980380759,1.870100008090958,0.0,True,ok,4410,4410
3927,87,8.700000000000001,32,215452.9188416,215452.9279015,8.405899978242815,9.05989998136647,4.891899996437132,2.039999992121011,0.0,True,ok,4345,4345
3928,88,8.8,32,215452.9520322,215452.962563,10.019000008469447,10.530800005653873,6.71909999800846,2.0259000011719763,0.0,True,ok,3995,3995
3929,89,8.9,32,215452.9852024,215452.9943151,8.617199986474589,9.112699975958094,4.979199991794303,2.219699992565438,0.0,True,ok,4114,4114
3930,90,9.0,32,215453.0185447,215453.0273382,8.29410000005737,8.793499990133569,4.744500009110197,2.241100009996444,0.0,True,ok,4407,4407
3931,91,9.1,32,215453.051627,215453.0606566,8.282499999040738,9.029599983477965,4.766900005051866,2.187600010074675,0.0,True,ok,4504,4504
3932,92,9.200000000000001,32,215453.0850406,215453.0943946,8.880399982444942,9.353999979794025,5.097000015666708,2.2638000082224607,0.0,True,ok,4602,4602
3933,93,9.3,32,215453.1185375,215453.1278142,8.755500020924956,9.276700002374128,4.729800013592467,2.6230000075884163,0.0,True,ok,4719,4719
3934,94,9.4,32,215453.151987,215453.1628346,10.230199986835942,10.847600002307445,6.683299987344071,2.2367999772541225,0.0,True,ok,4623,4623
3935,95,9.5,32,215453.1853436,215453.1945749,8.587699994677678,9.231300005922094,4.983899998478591,2.2533000155817717,0.0,True,ok,4555,4555
3936,96,9.600000000000001,32,215453.2184904,215453.2283119,8.48210000549443,9.82149998890236,4.806899989489466,2.171300002373755,0.0,True,ok,4902,4902
3937,97,9.700000000000001,32,215453.2525377,215453.2616086,8.327299990924075,9.070900006918237,4.973500006599352,2.012500015553087,0.0,True,ok,4793,4793
3938,98,9.8,32,215453.2851523,215453.2938254,8.135700016282499,8.673100004671142,4.710400011390448,2.039699989836663,32.61460000067018,True,ok,4857,4857
3939,99,9.9,32,215453.3185332,215453.3277261,8.410299982642755,9.192899975460023,5.036700022174045,2.020500018261373,0.0,True,ok,4985,4985
3940,100,10.0,32,215453.3517735,215453.3613238,9.070600004633889,9.55029999022372,5.357799993362278,2.3757999879308045,0.0,True,ok,4973,4973
3941,101,10.100000000000001,32,215453.3851966,215453.3944591,8.564999996451661,9.262500010663643,5.004300008295104,2.2533999872393906,0.0,True,ok,4507,4507
3942,102,10.200000000000001,32,215453.4186827,215453.427576,8.253299980424345,8.893299993360415,4.928800015477464,2.0373000006657094,0.0,True,ok,4834,4834
3943,103,10.3,32,215453.4518375,215453.4636151,11.321400001179427,11.777599982451648,4.775899986270815,5.031799984863028,33.154800010379404,True,ok,4943,4943
3944,104,10.4,32,215453.4852506,215453.4936185,7.873100024880841,8.367900009034202,4.710600012913346,1.8988000229001045,0.0,True,ok,5082,5082
3945,105,10.5,32,215453.5183244,215453.5269309,7.997300010174513,8.606499992311,4.759899980854243,1.977599982637912,0.0,True,ok,4986,4986
3946,106,10.600000000000001,32,215453.5521868,215453.5620214,9.260299993911758,9.834600001340732,5.88050001533702,2.073199982987717,0.0,True,ok,5037,5037
3947,107,10.700000000000001,32,215453.584925,215453.593374,7.997899985639378,8.448999986285344,4.762899974593893,1.9256999948993325,0.0,True,ok,5162,5162
3948,108,10.8,32,215453.6187782,215453.6277418,8.498300012433901,8.96360000479035,5.086999997729436,2.1619000181090087,0.0,True,ok,4884,4884
3949,109,10.9,32,215453.6519293,215453.6618029,8.976299985079095,9.873600007267669,5.64930000109598,2.054600015981123,0.0,True,ok,4890,4890
3950,110,11.0,32,215453.6852306,215453.6947674,8.719900011783466,9.536800003843382,5.129099998157471,2.314699988346547,0.0,True,ok,4848,4848
3951,111,11.100000000000001,32,215453.7182426,215453.7271387,8.268000005045906,8.896099985577166,4.820300004212186,2.127999992808327,0.0,True,ok,5030,5030
3952,112,11.200000000000001,32,215453.751915,215453.7630033,10.462500009452924,11.08830000157468,6.928899994818494,2.1927999914623797,0.0,True,ok,5114,5114
3953,113,11.3,32,215453.7852299,215453.7948392,9.11040001665242,9.609300002921373,5.131599988089874,2.2600999800488353,0.0,True,ok,5293,5293
3954,114,11.4,32,215453.8187727,215453.8286803,9.327900013886392,9.90760000422597,5.012099980376661,2.830999990692362,0.0,True,ok,5423,5423
3955,115,11.5,32,215453.8519365,215453.8622524,9.854400006588548,10.315899999113753,5.124099989188835,3.3143000036943704,0.0,True,ok,5340,5340
3956,116,11.600000000000001,32,215453.8849288,215453.8941367,8.511399995768443,9.207900002365932,4.889900010311976,2.106100000673905,0.0,True,ok,5279,5279
3957,117,11.700000000000001,32,215453.9187428,215453.927833,8.400299993809313,9.090200008358806,4.866200004471466,2.224900003056973,0.0,True,ok,5498,5498
3958,118,11.8,32,215453.9518247,215453.9609736,8.51189999957569,9.14890001877211,4.752099979668856,2.4009000044316053,0.0,True,ok,5517,5517
3959,119,11.9,32,215453.9854229,215453.9943742,8.272600010968745,8.951299998443574,4.800700000487268,2.1914000099059194,0.0,True,ok,5266,5266
3960,0,0.0,33,215454.0218282,215454.0325881,9.05560000683181,10.759900003904477,5.708400014555082,2.1139000018592924,0.0,True,ok,4708,4708
3961,1,0.1,33,215454.0520779,215454.061772,9.200899978168309,9.69409997924231,5.096000008052215,2.5913999998010695,0.0,True,ok,4681,4681
3962,2,0.2,33,215454.0856142,215454.0948177,8.450599998468533,9.203499997965991,4.786299978150055,2.302999986568466,0.0,True,ok,4360,4360
3963,3,0.30000000000000004,33,215454.1186161,215454.1270454,7.956599991302937,8.429300010902807,4.658600024413317,2.0292999979574233,0.0,True,ok,4532,4532
3964,4,0.4,33,215454.1523452,215454.1621681,9.305700019467622,9.822899999562651,5.756300000939518,2.2538999910466373,0.0,True,ok,4533,4533
3965,5,0.5,33,215454.1850834,215454.1944614,8.678600017447025,9.378000017022714,5.232800001977012,2.0770000119227916,0.0,True,ok,4334,4334
3966,6,0.6000000000000001,33,215454.218706,215454.2275397,8.257199981017038,8.833699976094067,4.717800009530038,2.0475999917834997,0.0,True,ok,4462,4462
3967,7,0.7000000000000001,33,215454.2518006,215454.2611127,8.760299999266863,9.312100009992719,5.386800010455772,2.096299984259531,0.0,True,ok,4479,4479
3968,8,0.8,33,215454.2852523,215454.2948617,8.491400018101558,9.609400003682822,5.196599988266826,2.0314999856054783,0.0,True,ok,4534,4534
3969,9,0.9,33,215454.3187646,215454.3277813,8.541599992895499,9.016700001666322,5.086500023026019,2.2139999782666564,0.0,True,ok,4491,4491
3970,10,1.0,33,215454.3519312,215454.3619163,9.269600006518885,9.985099983168766,5.803699983516708,2.1957999852020293,0.0,True,ok,4600,4600
3971,11,1.1,33,215454.3853514,215454.3938985,7.895200018538162,8.547100005671382,4.7627000021748245,1.8599999893922359,0.0,True,ok,4781,4781
3972,12,1.2000000000000002,33,215454.4186414,215454.4277952,8.563000010326505,9.153799997875467,5.099300004076213,2.190700004575774,0.0,True,ok,5044,5044
3973,13,1.3,33,215454.4521766,215454.4617611,9.19330000760965,9.58450001780875,5.550000001676381,2.395599993178621,0.0,True,ok,4620,4620
3974,14,1.4000000000000001,33,215454.4852599,215454.4942452,8.32970000919886,8.985300024505705,4.765200021211058,2.1007999894209206,0.0,True,ok,4785,4785
3975,15,1.5,33,215454.5185832,215454.5271757,7.978000008733943,8.592500002123415,4.761399992275983,1.9714000227395445,0.0,True,ok,5045,5045
3976,16,1.6,33,215454.5520795,215454.5633942,10.6511999911163,11.314700008369982,6.935599987627938,2.376199990976602,0.0,True,ok,5382,5382
3977,17,1.7000000000000002,33,215454.5853685,215454.5960623,10.062299988931045,10.693799995351583,6.809200014686212,1.9065999949816614,0.0,True,ok,5312,5312
3978,18,1.8,33,215454.6187393,215454.6277572,8.341800014022738,9.017900010803714,4.94119999348186,2.075299998978153,0.0,True,ok,5363,5363
3979,19,1.9000000000000001,33,215454.6520726,215454.6625822,9.841099992627278,10.509599989745766,5.9939999773632735,2.5505000085104257,0.0,True,ok,5455,5455
3980,20,2.0,33,215454.6853904,215454.6945384,8.064800000283867,9.148000011919066,4.699899989645928,2.091300004394725,0.0,True,ok,5508,5508
3981,21,2.1,33,215454.7183899,215454.7269631,8.131499984301627,8.573200000682846,4.7559000086039305,1.9468000100459903,0.0,True,ok,5300,5300
3982,22,2.2,33,215454.752434,215454.7614435,8.55030000093393,9.009500005049631,5.017499992391095,2.175499976146966,0.0,True,ok,5384,5384
3983,23,2.3000000000000003,33,215454.7852296,215454.7939529,8.29110000631772,8.723300008568913,4.726999992271885,2.2483000066131353,0.0,True,ok,5355,5355
3984,24,2.4000000000000004,33,215454.818553,215454.8280175,8.740199991734698,9.46450000628829,4.972700000507757,2.26390000898391,0.0,True,ok,5072,5072
3985,25,2.5,33,215454.85167,215454.862948,10.615499981213361,11.27799999085255,6.561200018040836,2.7991999813821167,0.0,True,ok,4851,4851
3986,26,2.6,33,215454.8852423,215454.8937337,7.965299999341369,8.491400018101558,4.60190000012517,2.058600017335266,0.0,True,ok,4933,4933
3987,27,2.7,33,215454.918729,215454.9274672,8.139100013067946,8.738200005609542,4.847399977734312,1.9840000022668391,0.0,True,ok,4889,4889
3988,28,2.8000000000000003,33,215454.9517753,215454.9619836,9.486099996138364,10.20829999470152,5.865900020580739,2.3819999769330025,0.0,True,ok,4508,4508
3989,29,2.9000000000000004,33,215454.9852021,215454.9939475,8.066600013989955,8.745400002226233,4.787400015629828,2.0592999935615808,0.0,True,ok,4516,4516
3990,30,3.0,33,215455.0189675,215455.0279343,8.334699989063665,8.9668000000529,5.170699994778261,1.9767000048886985,0.0,True,ok,4326,4326
3991,31,3.1,33,215455.0519099,215455.0623401,9.899900003802031,10.430199996335432,6.386699998984113,2.1032000076957047,32.94240002287552,True,ok,4407,4407
3992,32,3.2,33,215455.0850795,215455.0936892,8.185500017134473,8.60970001667738,4.881500004557893,2.0732000120915473,0.0,True,ok,4113,4113
3993,33,3.3000000000000003,33,215455.1187806,215455.1273603,8.124699990730733,8.579699991969392,4.705800005467609,2.199300011852756,0.0,True,ok,4211,4211
3994,34,3.4000000000000004,33,215455.1518576,215455.1619202,9.591199981514364,10.062599991215393,6.296000006841496,2.0671000238507986,0.0,True,ok,4198,4198
3995,35,3.5,33,215455.1855262,215455.1954018,8.676800003740937,9.875600022496656,4.787800018675625,2.134600013960153,0.0,True,ok,4125,4125
3996,36,3.6,33,215455.2184924,215455.2275027,8.088600006885827,9.010300011141226,4.70549997407943,2.1643000072799623,0.0,True,ok,4267,4267
3997,37,3.7,33,215455.2521749,215455.2610096,8.184000005712733,8.834700012812391,4.996400006348267,2.039800019701943,0.0,True,ok,3805,3805
3998,38,3.8000000000000003,33,215455.2853008,215455.2944117,8.547199977329,9.110899991355836,4.940400016494095,2.4111999955493957,0.0,True,ok,3921,3921
3999,39,3.9000000000000004,33,215455.3187228,215455.327596,8.303799986606464,8.87319998582825,4.962299979524687,2.1920000144746155,0.0,True,ok,3864,3864
4000,40,4.0,33,215455.3517873,215455.3615716,9.315499977674335,9.784299996681511,6.2671999912709,1.8965000053867698,0.0,True,ok,3828,3828
4001,41,4.1000000000000005,33,215455.385224,215455.394184,8.335999998962507,8.960000006482005,4.876699997112155,2.299599989783019,0.0,True,ok,3659,3659
4002,42,4.2,33,215455.4187425,215455.4279196,8.124500018311664,9.17710000067018,4.896099999314174,2.0678000000771135,0.0,True,ok,3989,3989
4003,43,4.3,33,215455.4521764,215455.4614717,8.68519998039119,9.295299998484552,5.5914999975357205,1.943999988725409,0.0,True,ok,4294,4294
4004,44,4.4,33,215455.4854184,215455.4943398,8.352000004379079,8.921400003600866,4.99449999188073,2.187900012359023,0.0,True,ok,4623,4623
4005,45,4.5,33,215455.518392,215455.527401,8.527400001185015,9.009000001242384,4.9909999943338335,2.2872999834362417,0.0,True,ok,4708,4708
4006,46,4.6000000000000005,33,215455.5518542,215455.5614735,8.361600019270554,9.619300020858645,5.162800021935254,2.014099998632446,0.0,True,ok,4834,4834
4007,47,4.7,33,215455.5850259,215455.596277,10.741800011601299,11.251099989749491,4.8639999877195805,4.686000000219792,33.17170002264902,True,ok,4677,4677
4008,48,4.800000000000001,33,215455.6187865,215455.6273425,8.00219998927787,8.555999986128882,4.883699992205948,2.0172999938949943,0.0,True,ok,4591,4591
4009,49,4.9,33,215455.6518326,215455.6620745,9.49719999334775,10.241899988614023,6.235400011064485,2.0548999891616404,0.0,True,ok,4442,4442
4010,50,5.0,33,215455.685401,215455.6943609,8.469799999147654,8.959900005720556,4.961700004059821,2.249700017273426,0.0,True,ok,4408,4408
4011,51,5.1000000000000005,33,215455.7185753,215455.7271078,7.935200002975762,8.53249998181127,4.660400009015575,2.081400016322732,0.0,True,ok,4418,4418
4012,52,5.2,33,215455.7519595,215455.7604553,7.957500027259812,8.495800022501498,4.710300010628998,2.0670000230893493,0.0,True,ok,4600,4600
4013,53,5.300000000000001,33,215455.7853514,215455.7940398,8.280200010631233,8.688400004757568,4.6252000029198825,2.287500014062971,33.39190001133829,True,ok,4489,4489
4014,54,5.4,33,215455.8186441,215455.8276949,8.486400009132922,9.050799999386072,4.811299993889406,2.525799995055422,0.0,True,ok,4625,4625
4015,55,5.5,33,215455.8518988,215455.8623722,9.820700011914596,10.47340000513941,6.536399974720553,2.1013999939896166,0.0,True,ok,4379,4379
4016,56,5.6000000000000005,33,215455.8853948,215455.894461,8.097799989627674,9.066200000233948,4.880099993897602,2.0133000216446817,33.4959999890998,True,ok,4212,4212
4017,57,5.7,33,215455.9185927,215455.9281739,8.304799994220957,9.581199992680922,4.701999976532534,2.300799998920411,0.0,True,ok,4229,4229
4018,58,5.800000000000001,33,215455.9521025,215455.9605356,7.59470000048168,8.433099981630221,4.349099996034056,2.087000000756234,0.0,True,ok,4294,4294
4019,59,5.9,33,215455.9853187,215455.9948667,9.073499997612089,9.548000001814216,5.150499986484647,2.5046000082511455,0.0,True,ok,4337,4337
4020,60,6.0,33,215456.0183323,215456.0285961,9.681499999715015,10.263799980748445,4.922299995087087,3.487499983748421,0.0,True,ok,4334,4334
4021,61,6.1000000000000005,33,215456.052043,215456.0612038,8.309500000905246,9.16079999296926,4.6507999941241,2.461399999447167,0.0,True,ok,4169,4169
4022,62,6.2,33,215456.0850688,215456.0932214,7.6253000006545335,8.152599999448285,4.567500000121072,1.9065999949816614,0.0,True,ok,4172,4172
4023,63,6.300000000000001,33,215456.1186353,215456.127942,8.929899981012568,9.306699997978285,4.658399993786588,3.0993999971542507,0.0,True,ok,4147,4147
4024,64,6.4,33,215456.1521283,215456.161826,9.044000005815178,9.697700006654486,5.994200007990003,1.9224999996367842,0.0,True,ok,4178,4178
4025,65,6.5,33,215456.1849474,215456.1933702,7.984199997736141,8.42279999051243,4.606800008332357,2.1832000056747347,32.81910001533106,True,ok,4169,4169
4026,66,6.6000000000000005,33,215456.2182921,215456.2270667,8.293399994727224,8.774599991738796,4.974299983587116,2.141200006008148,0.0,True,ok,4168,4168
4027,67,6.7,33,215456.2518784,215456.2603279,7.714100007433444,8.44949999009259,4.668100009439513,1.9037000020034611,0.0,True,ok,4086,4086
4028,68,6.800000000000001,33,215456.2853802,215456.2942253,8.295099978568032,8.84510000469163,4.799999995157123,2.305100002558902,0.0,True,ok,4379,4379
4029,69,6.9,33,215456.3188513,215456.3276064,8.296700019855052,8.755100017879158,4.907199996523559,2.153499983251095,0.0,True,ok,4282,4282
4030,70,7.0,33,215456.3518617,215456.3622108,9.884800005238503,10.34909998998046,6.556699983775616,2.147200022591278,0.0,True,ok,4247,4247
4031,71,7.1000000000000005,33,215456.3850412,215456.3936573,8.158800017554313,8.616100007202476,4.904900008114055,2.0215999975334853,0.0,True,ok,4354,4354
4032,72,7.2,33,215456.4184349,215456.4272231,8.054800011450425,8.788200007984415,4.674600000726059,2.169700019294396,0.0,True,ok,4628,4628
4033,73,7.300000000000001,33,215456.4517952,215456.4615063,8.522499992977828,9.711099992273375,5.415699997683987,1.9243000133428723,0.0,True,ok,4287,4287
4034,74,7.4,33,215456.4856129,215456.4944021,8.337600011145696,8.789200015598908,5.015599977923557,1.9844000053126365,0.0,True,ok,4455,4455
4035,75,7.5,33,215456.5185591,215456.5276074,8.412900002440438,9.04830000945367,4.8943000147119164,1.9907999958377331,0.0,True,ok,4560,4560
4036,76,7.6000000000000005,33,215456.5519864,215456.561917,9.440100024221465,9.930600004736334,6.063500011805445,2.1655999880749732,0.0,True,ok,4662,4662
4037,77,7.7,33,215456.5854829,215456.5944787,8.026600000448525,8.995799988042563,4.749200015794486,2.070199989248067,0.0,True,ok,4381,4381
4038,78,7.800000000000001,33,215456.6186231,215456.6294544,9.37549999798648,10.831300023710355,4.924200009554625,3.2330999965779483,0.0,True,ok,4350,4350
4039,79,7.9,33,215456.6519056,215456.662297,9.815299999900162,10.391399991931394,6.7168000095989555,1.9852000114042312,0.0,True,ok,4058,4058
4040,80,8.0,33,215456.6858176,215456.695487,9.112100000493228,9.669399994891137,4.947500012349337,2.938899997388944,0.0,True,ok,4074,4074
4041,81,8.1,33,215456.7188203,215456.7277826,8.185400016373023,8.96229999489151,4.882100009126589,2.0293999987188727,0.0,True,ok,4080,4080
4042,82,8.200000000000001,33,215456.7519839,215456.761458,8.275100000901148,9.474099992075935,4.816600005142391,2.011600008700043,0.0,True,ok,4288,4288
4043,83,8.3,33,215456.7849543,215456.7937581,8.294199971714988,8.803799981251359,4.848800017498434,2.2493999858852476,0.0,True,ok,4269,4269
4044,84,8.4,33,215456.818366,215456.8269763,8.005900017451495,8.610300021246076,4.819800000404939,2.00749997748062,0.0,True,ok,3996,3996
4045,85,8.5,33,215456.8519276,215456.8615164,8.856900007231161,9.588800021447241,5.236700002569705,2.3489999875891954,0.0,True,ok,4318,4318
4046,86,8.6,33,215456.8852981,215456.8948329,8.4791999834124,9.534799988614395,5.117299995617941,2.1514999971259385,0.0,True,ok,4410,4410
4047,87,8.700000000000001,33,215456.9188001,215456.9278314,8.079500024905428,9.031300025526434,4.885600006673485,1.9950999994762242,0.0,True,ok,4345,4345
4048,88,8.8,33,215456.9523015,215456.9621768,9.387600002810359,9.875300020212308,6.183699995744973,2.0795000018551946,0.0,True,ok,3995,3995
4049,89,8.9,33,215456.9850437,215456.9936773,7.934699999168515,8.633599994936958,4.683800012571737,2.039000013610348,0.0,True,ok,4114,4114
4050,90,9.0,33,215457.0186668,215457.0273286,8.040199987590313,8.661800005938858,4.727099993033335,2.0552999922074378,0.0,True,ok,4407,4407
4051,91,9.1,33,215457.0517011,215457.0609188,8.638300001621246,9.217700018780306,4.765399993630126,2.588100003777072,0.0,True,ok,4504,4504
4052,92,9.200000000000001,33,215457.0853654,215457.0944844,8.537499990779907,9.118999994825572,4.95900001260452,2.2523000079672784,0.0,True,ok,4602,4602
4053,93,9.3,33,215457.1184242,215457.1272187,8.114900003420189,8.794500026851892,4.715100018074736,2.1560000022873282,0.0,True,ok,4719,4719
4054,94,9.4,33,215457.1519915,215457.1604749,7.980700000189245,8.483400015393272,4.557100008241832,2.2277999960351735,0.0,True,ok,4623,4623
4055,95,9.5,33,215457.1852223,215457.193749,7.983899995451793,8.52669999585487,4.5368999999482185,2.2123999951872975,0.0,True,ok,4555,4555
4056,96,9.600000000000001,33,215457.2182905,215457.2273512,8.579700021073222,9.060700016561896,5.072400002973154,2.30389999342151,0.0,True,ok,4902,4902
4057,97,9.700000000000001,33,215457.2518679,215457.2606338,8.078400016529486,8.765900012804195,4.743400000734255,1.9712999928742647,0.0,True,ok,4793,4793
4058,98,9.8,33,215457.285259,215457.2936774,7.829700014553964,8.41840001521632,4.591700009768829,1.9855000136885792,0.0,True,ok,4857,4857
4059,99,9.9,33,215457.3182856,215457.3271575,8.1415000022389,8.87190000503324,4.912600008537993,2.008800016483292,0.0,True,ok,4985,4985
4060,100,10.0,33,215457.352193,215457.360791,7.84660002682358,8.598000014899299,4.630200011888519,1.912999985506758,0.0,True,ok,4973,4973
4061,101,10.100000000000001,33,215457.385005,215457.393592,7.914999994682148,8.587000018451363,4.593399993609637,2.0770000119227916,0.0,True,ok,4507,4507
4062,102,10.200000000000001,33,215457.4184293,215457.4285694,9.639200026867911,10.14009999926202,4.831400001421571,3.5411999851930887,33.424300025217235,True,ok,4834,4834
4063,103,10.3,33,215457.4521085,215457.4628066,10.06160001270473,10.698099998990074,6.710499990731478,2.0527000015135854,0.0,True,ok,4943,4943
4064,104,10.4,33,215457.4852208,215457.4944748,8.063400018727407,9.25400000414811,4.792199993971735,2.017199993133545,0.0,True,ok,5082,5082
4065,105,10.5,33,215457.5188027,215457.5276679,8.333499979926273,8.865199983119965,4.85230001504533,1.933100022142753,0.0,True,ok,4986,4986
4066,106,10.600000000000001,33,215457.5516505,215457.5611318,8.788500010268763,9.481299988692626,5.051599990110844,2.206600009230897,0.0,True,ok,5037,5037
4067,107,10.700000000000001,33,215457.5851936,215457.5956285,9.988400008296594,10.43490000301972,4.7061999794095755,4.017200000816956,0.0,True,ok,5162,5162
4068,108,10.8,33,215457.6187865,215457.6274364,8.049399999435991,8.649900002637878,4.730199987534434,2.144800004316494,0.0,True,ok,4884,4884
4069,109,10.9,33,215457.6520603,215457.6618215,9.10139997722581,9.761199995409697,5.8074000116903335,2.0342000061646104,0.0,True,ok,4890,4890
4070,110,11.0,33,215457.6851487,215457.6939176,8.143100014422089,8.768900006543845,4.73519999650307,2.178700000513345,0.0,True,ok,4848,4848
4071,111,11.100000000000001,33,215457.7185132,215457.7273433,8.29840000369586,8.830100006889552,5.041299998993054,1.9660000107251108,0.0,True,ok,5030,5030
4072,112,11.200000000000001,33,215457.7518316,215457.7602904,7.812099996954203,8.458800002699718,4.638299986254424,1.937799999723211,0.0,True,ok,5114,5114
4073,113,11.3,33,215457.7849018,215457.7933641,7.977100001880899,8.462300000246614,4.653300013160333,2.039699989836663,0.0,True,ok,5293,5293
4074,114,11.4,33,215457.8187485,215457.8298299,9.82740000472404,11.081400007242337,5.957000015769154,2.542199974413961,0.0,True,ok,5423,5423
4075,115,11.5,33,215457.8518394,215457.862341,9.997099987231195,10.50159998703748,6.475900008808821,2.2170000011101365,0.0,True,ok,5340,5340
4076,116,11.600000000000001,33,215457.8854223,215457.8952225,8.665800007293,9.800200001336634,4.989799985196441,2.273499994771555,0.0,True,ok,5279,5279
4077,117,11.700000000000001,33,215457.9184472,215457.9282436,9.334400005172938,9.79640000150539,5.678699992131442,2.3259000154212117,0.0,True,ok,5498,5498
4078,118,11.8,33,215457.9520071,215457.961929,9.34290001168847,9.921900025801733,5.698699998902157,2.219899994088337,0.0,True,ok,5517,5517
4079,119,11.9,33,215457.9854685,215457.9944578,8.496299997204915,8.989299996756017,4.943299980368465,2.2364000033121556,0.0,True,ok,5266,5266
4080,0,0.0,34,215458.0219023,215458.0312918,8.230999985244125,9.389499988174066,4.70409999252297,2.1942000021226704,0.0,True,ok,4708,4708
4081,1,0.1,34,215458.0521053,215458.0610339,8.192100009182468,8.928600000217557,4.7707000048831105,2.1579999884124845,0.0,True,ok,4681,4681
4082,2,0.2,34,215458.0851972,215458.0938799,8.1812999851536,8.682699990458786,4.859100008616224,2.0589999912772328,0.0,True,ok,4360,4360
4083,3,0.30000000000000004,34,215458.1185279,215458.1281704,9.281400009058416,9.642500022891909,5.17519999993965,2.467800019076094,0.0,True,ok,4532,4532
4084,4,0.4,34,215458.1519251,215458.1612735,8.868700009770691,9.348399995360523,5.49680000403896,2.045299974270165,0.0,True,ok,4533,4533
4085,5,0.5,34,215458.1854561,215458.1955131,9.555300028296188,10.057000006781891,6.121600017650053,2.190100000007078,0.0,True,ok,4334,4334
4086,6,0.6000000000000001,34,215458.2185109,215458.2271622,8.111000002827495,8.651299984194338,4.8254000139422715,2.012899989495054,0.0,True,ok,4462,4462
4087,7,0.7000000000000001,34,215458.2517909,215458.2627542,10.444499988807365,10.963300010189414,7.088299986207858,1.9561999943107367,0.0,True,ok,4479,4479
4088,8,0.8,34,215458.2853271,215458.2939309,8.21689999429509,8.6038000008557,5.01670001540333,1.9181999959982932,0.0,True,ok,4534,4534
4089,9,0.9,34,215458.3188513,215458.3275927,8.272099978057668,8.74140000087209,5.077400011941791,1.9164999830536544,0.0,True,ok,4491,4491
4090,10,1.0,34,215458.3517535,215458.3622519,10.050799988675863,10.498399991774932,6.450099986977875,2.3240000009536743,0.0,True,ok,4600,4600
4091,11,1.1,34,215458.3852093,215458.3936655,8.01400002092123,8.456200012005866,4.780699993716553,1.934700005222112,0.0,True,ok,4781,4781
4092,12,1.2000000000000002,34,215458.4186989,215458.4274677,8.306300005642697,8.768800005782396,4.953700001351535,2.0579000120051205,0.0,True,ok,5044,5044
4093,13,1.3,34,215458.4517238,215458.4617572,9.565600019413978,10.03340000170283,6.045099988114089,2.170000021578744,0.0,True,ok,4620,4620
4094,14,1.4000000000000001,34,215458.4851366,215458.4943509,8.40819999575615,9.214299992891029,5.0168999878223985,2.0437999919522554,0.0,True,ok,4785,4785
4095,15,1.5,34,215458.5187636,215458.5281021,8.634400001028553,9.33850000728853,4.907499998807907,2.171600004658103,0.0,True,ok,5045,5045
4096,16,1.6,34,215458.5521677,215458.5662593,13.636999996379018,14.09159999457188,7.0204999938141555,5.006300023524091,33.40409998781979,True,ok,5382,5382
4097,17,1.7000000000000002,34,215458.5856783,215458.5945876,8.083199994871393,8.909299998776987,4.835700005060062,1.9117000047117472,0.0,True,ok,5312,5312
4098,18,1.8,34,215458.6187569,215458.6286089,9.293200011597946,9.852000017417595,4.644400003599003,3.210800001397729,33.07859998312779,True,ok,5363,5363
4099,19,1.9000000000000001,34,215458.6521832,215458.6625868,9.767000010469928,10.403599997516721,6.031400000210851,2.3145999875850976,0.0,True,ok,5455,5455
4100,20,2.0,34,215458.6855601,215458.6948297,8.241000003181398,9.269599977415055,4.684000014094636,2.2117999906186014,33.376900013536215,True,ok,5508,5508
4101,21,2.1,34,215458.7188672,215458.727946,8.193899993784726,9.078800008865073,4.721099976450205,2.065200009383261,0.0,True,ok,5300,5300
4102,22,2.2,34,215458.7518875,215458.7622431,9.837699995841831,10.355600010370836,6.254899984924123,2.2108999837655574,0.0,True,ok,5384,5384
4103,23,2.3000000000000003,34,215458.7852274,215458.7940974,8.47780000185594,8.870000019669533,4.81079999008216,2.1357000223360956,0.0,True,ok,5355,5355
4104,24,2.4000000000000004,34,215458.8185907,215458.8278365,8.736799994949251,9.245799999916926,4.876799997873604,2.526299998862669,0.0,True,ok,5072,5072
4105,25,2.5,34,215458.8517265,215458.8623625,9.975299995858222,10.635999991791323,6.556199979968369,2.0761000050697476,0.0,True,ok,4851,4851
4106,26,2.6,34,215458.8855502,215458.8947039,8.023300004424527,9.153699997114018,4.717600008007139,1.954700011992827,0.0,True,ok,4933,4933
4107,27,2.7,34,215458.9186299,215458.9272908,8.179800002835691,8.660899999085814,4.819099995074794,2.0206999906804413,0.0,True,ok,4889,4889
4108,28,2.8000000000000003,34,215458.9516824,215458.9624813,10.414699994726107,10.798900009831414,6.432399997720495,2.4474000092595816,0.0,True,ok,4508,4508
4109,29,2.9000000000000004,34,215458.9851576,215458.9945706,8.720300014829263,9.413000021595508,5.262499995296821,2.0804000087082386,0.0,True,ok,4516,4516
4110,30,3.0,34,215459.018359,215459.0273311,8.515299996361136,8.972099982202053,4.837899992708117,2.328800008399412,0.0,True,ok,4326,4326
4111,31,3.1,34,215459.051655,215459.0607321,8.425600011833012,9.077100025024265,4.767999984323978,2.3608000192325562,0.0,True,ok,4407,4407
4112,32,3.2,34,215459.0852953,215459.0941112,8.32199997967109,8.815899986075237,4.762599972309545,2.064300002530217,0.0,True,ok,4113,4113
4113,33,3.3000000000000003,34,215459.118819,215459.1273462,8.012799982680008,8.527199999662116,4.652400006307289,1.9795999978668988,0.0,True,ok,4211,4211
4114,34,3.4000000000000004,34,215459.1518817,215459.161773,9.199599997373298,9.89129999652505,5.944699980318546,2.002199995331466,0.0,True,ok,4198,4198
4115,35,3.5,34,215459.1855632,215459.1946224,8.391700015636161,9.059200005140156,4.908999981125817,2.1915000106673688,0.0,True,ok,4125,4125
4116,36,3.6,34,215459.2187858,215459.2278333,8.430600020801648,9.047500003362074,4.89670000388287,2.171000000089407,0.0,True,ok,4267,4267
4117,37,3.7,34,215459.251868,215459.2612361,8.372199983568862,9.36809999984689,4.84189999406226,2.2920999908819795,0.0,True,ok,3805,3805
4118,38,3.8000000000000003,34,215459.285365,215459.2944165,8.450799999991432,9.051500004716218,4.675500007579103,2.369800000451505,0.0,True,ok,3921,3921
4119,39,3.9000000000000004,34,215459.3184298,215459.3275767,8.46149999415502,9.146899974439293,4.98699999297969,2.181199990445748,0.0,True,ok,3864,3864
4120,40,4.0,34,215459.352136,215459.3627709,9.6157000225503,10.63490001251921,5.818299978272989,2.3751999833621085,33.70619998895563,True,ok,3828,3828
4121,41,4.1000000000000005,34,215459.3855323,215459.3947769,8.34000000031665,9.244600019883364,5.121599999256432,1.997400016989559,0.0,True,ok,3659,3659
4122,42,4.2,34,215459.4185893,215459.4274093,8.253500011051074,8.81999998819083,4.7070999862626195,2.305599977262318,0.0,True,ok,3989,3989
4123,43,4.3,34,215459.4518014,215459.461689,9.293199982494116,9.887599997455254,6.030299991834909,2.0143000001553446,0.0,True,ok,4294,4294
4124,44,4.4,34,215459.4851619,215459.4943899,8.551700011594221,9.228000009898096,4.967299988493323,2.2388999932445586,0.0,True,ok,4623,4623
4125,45,4.5,34,215459.5183865,215459.5275201,8.676900004502386,9.133599989581853,4.8540999996475875,2.4899999843910336,33.22460001800209,True,ok,4708,4708
4126,46,4.6000000000000005,34,215459.5519805,215459.5628746,10.290700010955334,10.894100007135421,6.891800003359094,2.0634999964386225,0.0,True,ok,4834,4834
4127,47,4.7,34,215459.5854444,215459.5950995,8.36800000979565,9.655100002419204,4.46560001000762,2.442900004098192,0.0,True,ok,4677,4677
4128,48,4.800000000000001,34,215459.6187381,215459.6278712,8.616400009486824,9.133100014878437,5.114100000355393,2.191999985370785,0.0,True,ok,4591,4591
4129,49,4.9,34,215459.6518707,215459.6625958,10.060900007374585,10.725100000854582,6.410300004063174,2.006199996685609,0.0,True,ok,4442,4442
4130,50,5.0,34,215459.6851939,215459.694075,8.435199997620657,8.881100016878918,4.985000006854534,2.0173999946564436,0.0,True,ok,4408,4408
4131,51,5.1000000000000005,34,215459.7189068,215459.7285495,8.773000008659437,9.642699995310977,4.675500007579103,2.7633999998215586,0.0,True,ok,4418,4418
4132,52,5.2,34,215459.7519031,215459.762929,10.564999975031242,11.025899992091581,7.138700020732358,2.0838000054936856,0.0,True,ok,4600,4600
4133,53,5.300000000000001,34,215459.7853715,215459.7945036,8.568799996282905,9.132099978160113,5.297499999869615,1.9888000097125769,0.0,True,ok,4489,4489
4134,54,5.4,34,215459.818839,215459.8275894,8.235499990405515,8.75039998209104,4.745799989905208,2.20610000542365,0.0,True,ok,4625,4625
4135,55,5.5,34,215459.8520343,215459.8623331,9.57850000122562,10.298799985321239,6.047999981092289,2.239900000859052,0.0,True,ok,4379,4379
4136,56,5.6000000000000005,34,215459.8854892,215459.8944129,8.170499990228564,8.92369999201037,4.807699995581061,2.0887999853584915,0.0,True,ok,4212,4212
4137,57,5.7,34,215459.9184854,215459.9273298,8.418000012170523,8.844399999361485,4.833699989831075,2.287500014062971,0.0,True,ok,4229,4229
4138,58,5.800000000000001,34,215459.9520719,215459.9628915,10.358800005633384,10.819599992828444,5.885799997486174,3.1199999793898314,0.0,True,ok,4294,4294
4139,59,5.9,34,215459.9852685,215459.9948619,8.547100005671382,9.59339999826625,4.914299992378801,2.2265999868977815,0.0,True,ok,4337,4337
4140,60,6.0,34,215460.0185073,215460.0274498,8.344100002432242,8.942499989643693,4.873400001088157,2.21649999730289,0.0,True,ok,4334,4334
4141,61,6.1000000000000005,34,215460.0521626,215460.0619164,8.704200008651242,9.753799997270107,5.111399979796261,2.2631999745499343,0.0,True,ok,4169,4169
4142,62,6.2,34,215460.0857377,215460.0956844,9.489499992923811,9.946700010914356,6.217899994226173,1.9727999751921743,0.0,True,ok,4172,4172
4143,63,6.300000000000001,34,215460.11834,215460.1269018,8.201999997254461,8.561800001189113,4.6925999922677875,2.2743000008631498,0.0,True,ok,4147,4147
4144,64,6.4,34,215460.1518504,215460.1621944,9.203299996443093,10.344000009354204,5.913900007726625,1.9744000164791942,0.0,True,ok,4178,4178
4145,65,6.5,34,215460.1855602,215460.1946699,8.24649998685345,9.109699982218444,5.050500010838732,1.869500003522262,0.0,True,ok,4169,4169
4146,66,6.6000000000000005,34,215460.2186764,215460.2275106,8.29100000555627,8.834200009005144,4.867899988312274,2.071399998385459,0.0,True,ok,4168,4168
4147,67,6.7,34,215460.25216,215460.2610615,8.441799989668652,8.9014999975916,5.275200004689395,1.851900015026331,0.0,True,ok,4086,4086
4148,68,6.800000000000001,34,215460.2849421,215460.2937861,8.42440000269562,8.843999996315688,4.858300002524629,2.031900017755106,0.0,True,ok,4379,4379
4149,69,6.9,34,215460.3186968,215460.3283096,8.507100021233782,9.612800000468269,5.246200016699731,1.9268000032752752,0.0,True,ok,4282,4282
4150,70,7.0,34,215460.351672,215460.3619262,9.804300003452227,10.25420002406463,6.086800014600158,2.4028999905567616,0.0,True,ok,4247,4247
4151,71,7.1000000000000005,34,215460.385084,215460.3937898,8.19319998845458,8.7057999917306,5.003099999157712,1.8498999997973442,0.0,True,ok,4354,4354
4152,72,7.2,34,215460.4183618,215460.4280204,8.612699981313199,9.6585999999661,4.990400018868968,2.0197000121697783,0.0,True,ok,4628,4628
4153,73,7.300000000000001,34,215460.4518779,215460.4617957,9.429399971850216,9.91779999458231,6.016500003170222,2.094399998895824,0.0,True,ok,4287,4287
4154,74,7.4,34,215460.4854031,215460.4943027,8.183400001144037,8.899600012227893,4.802799987373874,1.9911999988835305,0.0,True,ok,4455,4455
4155,75,7.5,34,215460.5188156,215460.5277412,8.433799986960366,8.925600006477907,5.058400012785569,2.0183000015094876,0.0,True,ok,4560,4560
4156,76,7.6000000000000005,34,215460.5518677,215460.5615104,8.46579999779351,9.642699995310977,5.09669998427853,1.9826000207103789,0.0,True,ok,4662,4662
4157,77,7.7,34,215460.5852412,215460.5939931,8.057300001382828,8.75189999351278,4.827900003874674,1.8654000014066696,0.0,True,ok,4381,4381
4158,78,7.800000000000001,34,215460.6187952,215460.6276728,8.38600000133738,8.877600019332021,4.887300019618124,2.122900012182072,0.0,True,ok,4350,4350
4159,79,7.9,34,215460.6522073,215460.6611332,8.19319998845458,8.925899979658425,4.655600001569837,2.1702999947592616,0.0,True,ok,4058,4058
4160,80,8.0,34,215460.6853026,215460.6945957,8.232799998950213,9.293100010836497,4.747400002088398,1.9588999857660383,33.095299993874505,True,ok,4074,4074
4161,81,8.1,34,215460.7188105,215460.7275032,8.252200001152232,8.69270000839606,5.005599989090115,1.9699000113178045,0.0,True,ok,4080,4080
4162,82,8.200000000000001,34,215460.752153,215460.7616301,8.622499997727573,9.477099985815585,5.174599995370954,2.0385000098031014,0.0,True,ok,4288,4288
4163,83,8.3,34,215460.7849725,215460.7961746,9.781700005987659,11.202099994989112,5.78870001481846,2.3585000017192215,0.0,True,ok,4269,4269
4164,84,8.4,34,215460.8184845,215460.8273636,8.225199999287724,8.879100001649931,4.864699993049726,2.0955000072717667,0.0,True,ok,3996,3996
4165,85,8.5,34,215460.8518569,215460.8616971,8.46589999855496,9.840199985774234,4.817900015041232,2.1585999929811805,0.0,True,ok,4318,4318
4166,86,8.6,34,215460.8853972,215460.8960074,9.12220001919195,10.610199999064207,5.812199990032241,1.9275000086054206,0.0,True,ok,4410,4410
4167,87,8.700000000000001,34,215460.9190052,215460.9288119,9.012199996504933,9.80669999262318,4.736500006401911,2.693699992960319,0.0,True,ok,4345,4345
4168,88,8.8,34,215460.9520166,215460.9608307,8.13120001112111,8.81410000147298,4.721300007076934,2.0769000111613423,0.0,True,ok,3995,3995
4169,89,8.9,34,215460.985498,215460.9941922,8.02000000840053,8.6942000198178,4.801100003533065,1.8478000129107386,0.0,True,ok,4114,4114
4170,90,9.0,34,215461.018394,215461.0275493,8.536699984688312,9.155299980193377,5.060199997387826,2.142799989087507,0.0,True,ok,4407,4407
4171,91,9.1,34,215461.0519687,215461.0610722,8.411400020122528,9.103500022320077,4.766900005051866,2.261799992993474,0.0,True,ok,4504,4504
4172,92,9.200000000000001,34,215461.0853924,215461.0952732,9.233199991285801,9.88079997478053,4.757299990160391,3.1205999839585274,0.0,True,ok,4602,4602
4173,93,9.3,34,215461.1184256,215461.1278765,8.715399977518246,9.450899990042672,4.877100000157952,2.248800010420382,0.0,True,ok,4719,4719
4174,94,9.4,34,215461.1517728,215461.1610239,8.56519999797456,9.25110001116991,4.770500003360212,2.227899996796623,0.0,True,ok,4623,4623
4175,95,9.5,34,215461.1853428,215461.1943568,8.450199995422736,9.01400001021102,4.694899980677292,2.328200003830716,0.0,True,ok,4555,4555
4176,96,9.600000000000001,34,215461.2184206,215461.2275596,8.570100006181747,9.139000001596287,4.969500005245209,2.1982000034768134,0.0,True,ok,4902,4902
4177,97,9.700000000000001,34,215461.2521169,215461.2618904,8.650500007206574,9.773500001756474,5.1159999857191,2.153100009309128,0.0,True,ok,4793,4793
4178,98,9.8,34,215461.2860451,215461.295136,8.395100012421608,9.090900013688952,4.729399981442839,2.248500008136034,0.0,True,ok,4857,4857
4179,99,9.9,34,215461.3184582,215461.3272793,8.316399995237589,8.821099996566772,4.883799992967397,2.090099995257333,0.0,True,ok,4985,4985
4180,100,10.0,34,215461.3519085,215461.3607988,8.29829997383058,8.890299999620765,4.899099993053824,2.01349999406375,0.0,True,ok,4973,4973
4181,101,10.100000000000001,34,215461.3853185,215461.3946984,8.856700005708262,9.379900002386421,4.782100004376844,2.543599985074252,0.0,True,ok,4507,4507
4182,102,10.200000000000001,34,215461.4187459,215461.4272248,7.899799995357171,8.478899981128052,4.707499989308417,1.8623999785631895,0.0,True,ok,4834,4834
4183,103,10.3,34,215461.451923,215461.4612972,8.781700016697869,9.37420001719147,4.642200015950948,2.4193999997805804,0.0,True,ok,4943,4943
4184,104,10.4,34,215461.4856277,215461.4946335,8.029299991903827,9.005800005979836,4.780099989147857,1.8811000045388937,0.0,True,ok,5082,5082
4185,105,10.5,34,215461.5186852,215461.5273885,8.209999999962747,8.703300001798198,4.83739998890087,2.0520999969448894,0.0,True,ok,4986,4986
4186,106,10.600000000000001,34,215461.5517755,215461.5605704,8.292799990158528,8.79490000079386,4.992100002709776,1.9042000058107078,33.0903000140097,True,ok,5037,5037
4187,107,10.700000000000001,34,215461.5852634,215461.5938412,8.150999987265095,8.577800006605685,4.719699994893745,2.0711999968625605,33.487899985630065,True,ok,5162,5162
4188,108,10.8,34,215461.6183789,215461.6272778,8.329100004630163,8.898900006897748,4.769899998791516,2.231899998150766,0.0,True,ok,4884,4884
4189,109,10.9,34,215461.6521447,215461.6620402,8.734500006539747,9.895499999402091,5.290100001730025,2.1311999880708754,0.0,True,ok,4890,4890
4190,110,11.0,34,215461.6849713,215461.6937942,8.197299990570173,8.82289998116903,4.659900005208328,2.2302999859675765,0.0,True,ok,4848,4848
4191,111,11.100000000000001,34,215461.7187972,215461.7275858,8.332400000654161,8.788599981926382,4.93369999458082,2.078999998047948,0.0,True,ok,5030,5030
4192,112,11.200000000000001,34,215461.751913,215461.7616658,8.812999993097037,9.752800018759444,5.351999978302047,2.128599997377023,0.0,True,ok,5114,5114
4193,113,11.3,34,215461.7854449,215461.7948688,8.889399992767721,9.423900017281994,4.801100003533065,2.682200021808967,0.0,True,ok,5293,5293
4194,114,11.4,34,215461.8187279,215461.8291978,9.328899992397055,10.469899978488684,5.86409997777082,2.144300000509247,0.0,True,ok,5423,5423
4195,115,11.5,34,215461.8517316,215461.8621744,9.705000004032627,10.442800004966557,6.118699995568022,2.23419998656027,0.0,True,ok,5340,5340
4196,116,11.600000000000001,34,215461.8853726,215461.89423,8.316399995237589,8.857400011038408,4.744500009110197,2.1137000003363937,0.0,True,ok,5279,5279
4197,117,11.700000000000001,34,215461.9186872,215461.9276387,8.489800005918369,8.951499999966472,4.9223999958485365,2.171000000089407,0.0,True,ok,5498,5498
4198,118,11.8,34,215461.9520729,215461.9618947,9.430200007045642,9.821800020290539,5.909300001803786,2.2026999795343727,0.0,True,ok,5517,5517
4199,119,11.9,34,215461.9850641,215461.9958986,10.284699994372204,10.834499989869073,6.023499998264015,2.7396999939810485,0.0,True,ok,5266,5266
4200,0,0.0,35,215462.0223799,215462.0317756,8.243199990829453,9.395699977176264,4.639199993107468,2.2601000091526657,0.0,True,ok,4708,4708
4201,1,0.1,35,215462.052027,215462.0612358,8.486200007610023,9.208800009218976,4.8362000088673085,2.1871000062674284,0.0,True,ok,4681,4681
4202,2,0.2,35,215462.0852315,215462.0952507,8.960099978139624,10.019199980888516,5.750900018028915,1.8989999953191727,0.0,True,ok,4360,4360
4203,3,0.30000000000000004,35,215462.1188574,215462.1281577,8.647100010421127,9.300300007453188,4.945900000166148,2.3560999834444374,0.0,True,ok,4532,4532
4204,4,0.4,35,215462.1521298,215462.1619492,9.339700016425923,9.819400002015755,5.89380000019446,2.0926000142935663,0.0,True,ok,4533,4533
4205,5,0.5,35,215462.1856106,215462.1945398,8.332199999131262,8.929200004786253,4.893400007858872,2.127000014297664,0.0,True,ok,4334,4334
4206,6,0.6000000000000001,35,215462.2183561,215462.2269021,8.085299981757998,8.54599999729544,4.854200000409037,1.892900007078424,0.0,True,ok,4462,4462
4207,7,0.7000000000000001,35,215462.2519326,215462.2632594,10.865799995372072,11.32680001319386,7.598299998790026,1.9715999951586127,0.0,True,ok,4479,4479
4208,8,0.8,35,215462.285114,215462.2939237,8.428700006334111,8.80969999707304,4.900200001429766,2.2458000166807324,0.0,True,ok,4534,4534
4209,9,0.9,35,215462.3187691,215462.327715,8.492900000419468,8.94589998642914,5.128099990542978,2.079300000332296,0.0,True,ok,4491,4491
4210,10,1.0,35,215462.3520753,215462.3607752,8.229099999880418,8.69990000501275,4.773900000145659,2.1210999984759837,0.0,True,ok,4600,4600
4211,11,1.1,35,215462.3850597,215462.394104,8.580699999583885,9.044300008099526,5.021000019041821,2.101799997035414,0.0,True,ok,4781,4781
4212,12,1.2000000000000002,35,215462.4184399,215462.4272656,8.160400000633672,8.825700002489612,4.785099998116493,2.001899993047118,0.0,True,ok,5044,5044
4213,13,1.3,35,215462.4518921,215462.4610905,8.832599996821955,9.198399988235906,5.148399999598041,2.3641999869141728,0.0,True,ok,4620,4620
4214,14,1.4000000000000001,35,215462.4853453,215462.4954336,9.239100007107481,10.08830001228489,5.100000009406358,2.786299999570474,0.0,True,ok,4785,4785
4215,15,1.5,35,215462.5188208,215462.5278093,8.401200000662357,8.988499990664423,4.887599992798641,2.176800015149638,0.0,True,ok,5045,5045
4216,16,1.6,35,215462.5518922,215462.5634701,10.94010000815615,11.577900004340336,6.775899993954226,2.1754000044893473,0.0,True,ok,5382,5382
4217,17,1.7000000000000002,35,215462.5851546,215462.5948404,8.64230000297539,9.685800003353506,5.111300008138642,1.944299991009757,0.0,True,ok,5312,5312
4218,18,1.8,35,215462.6186339,215462.6287305,9.669699997175485,10.096599988173693,4.774800006998703,3.540000005159527,0.0,True,ok,5363,5363
4219,19,1.9000000000000001,35,215462.6521947,215462.6624407,9.63769998634234,10.245999990729615,6.078799982788041,2.1942000021226704,0.0,True,ok,5455,5455
4220,20,2.0,35,215462.685349,215462.694559,8.730200002901256,9.209999989252537,5.2174000011291355,2.163900004234165,0.0,True,ok,5508,5508
4221,21,2.1,35,215462.7183767,215462.7272864,8.227000012993813,8.909700001822785,4.736100003356114,2.1250999998301268,0.0,True,ok,5300,5300
4222,22,2.2,35,215462.7518142,215462.7608773,8.460299985017627,9.06310000573285,4.822199989575893,2.188899990869686,0.0,True,ok,5384,5384
4223,23,2.3000000000000003,35,215462.7854789,215462.7942611,8.355700003448874,8.782199991401285,4.710500012151897,2.180299983592704,0.0,True,ok,5355,5355
4224,24,2.4000000000000004,35,215462.8187403,215462.8285766,9.336399991298094,9.83630001428537,5.17380001838319,2.8528000111691654,0.0,True,ok,5072,5072
4225,25,2.5,35,215462.851662,215462.8627911,10.671700001694262,11.129099992103875,7.072000007610768,2.223699993919581,0.0,True,ok,4851,4851
4226,26,2.6,35,215462.8849931,215462.8938731,8.399799990002066,8.880000008502975,4.946200002450496,2.1293000027071685,0.0,True,ok,4933,4933
4227,27,2.7,35,215462.9185055,215462.9277376,8.013599988771603,9.232099982909858,4.817200009711087,1.9088999833911657,0.0,True,ok,4889,4889
4228,28,2.8000000000000003,35,215462.9518963,215462.9620714,9.762999980011955,10.175100003834814,6.201300013344735,2.231699996627867,0.0,True,ok,4508,4508
4229,29,2.9000000000000004,35,215462.9850384,215462.9939689,8.277899993117899,8.930500014685094,4.894499987130985,2.090699999826029,0.0,True,ok,4516,4516
4230,30,3.0,35,215463.0187005,215463.0272216,8.090499992249534,8.521100011421368,4.887500021141022,1.953899976797402,0.0,True,ok,4326,4326
4231,31,3.1,35,215463.0519425,215463.0606337,8.167599997250363,8.69119999697432,4.783000011229888,2.10829998832196,0.0,True,ok,4407,4407
4232,32,3.2,35,215463.0853463,215463.0943051,8.26140001299791,8.958799997344613,4.893799981800839,2.1106000058352947,0.0,True,ok,4113,4113
4233,33,3.3000000000000003,35,215463.1187807,215463.1280436,8.622800000011921,9.26290001370944,4.848199983825907,2.53950001206249,0.0,True,ok,4211,4211
4234,34,3.4000000000000004,35,215463.1523393,215463.1621406,8.67169999401085,9.801300009712577,5.397100001573563,1.899700000649318,0.0,True,ok,4198,4198
4235,35,3.5,35,215463.1850615,215463.1936664,8.151300018653274,8.604900009231642,4.865700000664219,2.06540001090616,0.0,True,ok,4125,4125
4236,36,3.6,35,215463.2188687,215463.2274134,8.015799976419657,8.544699987396598,4.626000009011477,2.1684000093955547,0.0,True,ok,4267,4267
4237,37,3.7,35,215463.251994,215463.2608215,7.928900013212115,8.8275000161957,4.781700001331046,1.9667000160552561,0.0,True,ok,3805,3805
4238,38,3.8000000000000003,35,215463.2851123,215463.2949732,8.849500009091571,9.860900026978925,5.602499993983656,2.0727999799419194,0.0,True,ok,3921,3921
4239,39,3.9000000000000004,35,215463.3186815,215463.3293829,9.992200008127838,10.701399995014071,5.912599997827783,2.5542000075802207,0.0,True,ok,3864,3864
4240,40,4.0,35,215463.3517613,215463.3620964,9.563200001139194,10.335099999792874,6.301799992797896,2.089499990688637,0.0,True,ok,3828,3828
4241,41,4.1000000000000005,35,215463.3851122,215463.3937099,8.056699996814132,8.59770001261495,4.809100006241351,2.105100022163242,0.0,True,ok,3659,3659
4242,42,4.2,35,215463.4187522,215463.4277233,8.430899993982166,8.97110000369139,4.985899984603748,2.1259000059217215,0.0,True,ok,3989,3989
4243,43,4.3,35,215463.4518017,215463.4615711,9.159699984593317,9.769399999640882,5.944399978034198,1.9617000070866197,0.0,True,ok,4294,4294
4244,44,4.4,35,215463.4854769,215463.4949173,8.53550000465475,9.440399997401983,4.938400001265109,2.355300006456673,0.0,True,ok,4623,4623
4245,45,4.5,35,215463.5184803,215463.5276769,8.746900013647974,9.196600003633648,5.106199998408556,2.4203000066336244,0.0,True,ok,4708,4708
4246,46,4.6000000000000005,35,215463.5519166,215463.560211,7.795600016834214,8.294400002341717,4.634699987946078,1.9260999979451299,0.0,True,ok,4834,4834
4247,47,4.7,35,215463.5851014,215463.5941786,8.626599999843165,9.077199996681884,5.2251000015530735,2.127699990523979,0.0,True,ok,4677,4677
4248,48,4.800000000000001,35,215463.6183681,215463.6266366,7.711000012932345,8.268500008853152,4.654899996239692,1.824999984819442,0.0,True,ok,4591,4591
4249,49,4.9,35,215463.6519348,215463.662452,10.056899976916611,10.517199989408255,6.5713000076357275,2.0936999935656786,0.0,True,ok,4442,4442
4250,50,5.0,35,215463.6856091,215463.6965302,9.828399983234704,10.921099979896098,6.433300004573539,2.195200009737164,0.0,True,ok,4408,4408
4251,51,5.1000000000000005,35,215463.7191278,215463.7280259,8.272799983387813,8.898100000806153,4.768100014189258,2.2727999894414097,0.0,True,ok,4418,4418
4252,52,5.2,35,215463.7522309,215463.7608906,8.180900011211634,8.659700019052252,5.110600002808496,1.8579999741632491,0.0,True,ok,4600,4600
4253,53,5.300000000000001,35,215463.7853958,215463.795206,8.63039999967441,9.810200019273907,5.51449999329634,1.9533000013325363,0.0,True,ok,4489,4489
4254,54,5.4,35,215463.8184001,215463.8274292,8.387599984416738,9.029100008774549,4.874200007179752,2.2316000249702483,0.0,True,ok,4625,4625
4255,55,5.5,35,215463.8519803,215463.8626919,10.216299997409806,10.711599985370412,6.714299990562722,2.162999997381121,0.0,True,ok,4379,4379
4256,56,5.6000000000000005,35,215463.8852073,215463.8940943,8.058199979132041,8.887000003596768,4.935800010571256,1.972699974430725,0.0,True,ok,4212,4212
4257,57,5.7,35,215463.918544,215463.9271511,8.147000015014783,8.607100025983527,4.828900011489168,2.1545999916270375,0.0,True,ok,4229,4229
4258,58,5.800000000000001,35,215463.9517541,215463.9619619,9.530600014841184,10.207799990894273,6.181900011142716,2.134799986379221,0.0,True,ok,4294,4294
4259,59,5.9,35,215463.9856095,215463.9956272,9.48219999554567,10.017699998570606,6.075499986764044,2.1723999816458672,0.0,True,ok,4337,4337
4260,60,6.0,35,215464.0186062,215464.0283972,9.337900002719834,9.790999989490956,5.844200000865385,2.223999996203929,0.0,True,ok,4334,4334
4261,61,6.1000000000000005,35,215464.0517726,215464.0619691,9.039399999892339,10.19649999216199,5.587300023762509,2.2470999974757433,0.0,True,ok,4169,4169
4262,62,6.2,35,215464.0853538,215464.0943093,8.392100018681958,8.955500001320615,4.7682000149507076,2.282700006617233,0.0,True,ok,4172,4172
4263,63,6.300000000000001,35,215464.1188013,215464.1269833,7.7874999842606485,8.181999990483746,4.673599993111566,1.978799991775304,0.0,True,ok,4147,4147
4264,64,6.4,35,215464.1518231,215464.1621037,9.604999999282882,10.280599992256612,6.417799973860383,2.012599987210706,0.0,True,ok,4178,4178
4265,65,6.5,35,215464.1853312,215464.1942266,8.200199983548373,8.895400009350851,4.933999996865168,2.0462000102270395,0.0,True,ok,4169,4169
4266,66,6.6000000000000005,35,215464.2188452,215464.227751,7.87480000872165,8.90580000123009,4.687100008595735,1.999900006921962,33.51400000974536,True,ok,4168,4168
4267,67,6.7,35,215464.2520019,215464.2619179,9.461000008741394,9.916000009980053,4.864899994572625,3.3549999934621155,0.0,True,ok,4086,4086
4268,68,6.800000000000001,35,215464.2853664,215464.2943206,8.245999983046204,8.954199991421774,4.811499995412305,2.192899992223829,0.0,True,ok,4379,4379
4269,69,6.9,35,215464.3191373,215464.3278359,8.205600024666637,8.69860002421774,4.891899996437132,1.9993000023532659,33.770899986848235,True,ok,4282,4282
4270,70,7.0,35,215464.351902,215464.3624439,10.130100010428578,10.541900002863258,6.503300013719127,2.2114999883342534,0.0,True,ok,4247,4247
4271,71,7.1000000000000005,35,215464.3855124,215464.3941354,7.855700008803979,8.62300000153482,4.553099977783859,2.095699979690835,0.0,True,ok,4354,4354
4272,72,7.2,35,215464.4186453,215464.4287687,9.535399993183091,10.123399988515303,5.693200015230104,2.121800003806129,0.0,True,ok,4628,4628
4273,73,7.300000000000001,35,215464.4521352,215464.4619492,9.019499993883073,9.81399999000132,5.66120000439696,2.19870000728406,0.0,True,ok,4287,4287
4274,74,7.4,35,215464.4855026,215464.4946444,8.210800006054342,9.141799993813038,4.9300999962724745,2.034400007687509,0.0,True,ok,4455,4455
4275,75,7.5,35,215464.5187921,215464.5275746,8.28360000741668,8.782500022789463,5.040699994424358,2.0508000161498785,0.0,True,ok,4560,4560
4276,76,7.6000000000000005,35,215464.5520566,215464.5608178,7.929999992484227,8.761200006119907,4.6168999979272485,1.9437999872025102,0.0,True,ok,4662,4662
4277,77,7.7,35,215464.585271,215464.5939606,8.19029999547638,8.68960001389496,4.953199997544289,1.9900999905075878,0.0,True,ok,4381,4381
4278,78,7.800000000000001,35,215464.6184895,215464.6274404,8.459100004984066,8.950900024501607,5.1423000113572925,2.075900003546849,0.0,True,ok,4350,4350
4279,79,7.9,35,215464.6517193,215464.660582,8.38730001123622,8.862700022291392,5.331499996827915,1.8797999946400523,0.0,True,ok,4058,4058
4280,80,8.0,35,215464.6850035,215464.6944596,8.975799981271848,9.456100000534207,4.69219998922199,3.0841999978292733,0.0,True,ok,4074,4074
4281,81,8.1,35,215464.7183862,215464.727329,7.987399992998689,8.942799991928041,4.798799986019731,2.0163000153843313,0.0,True,ok,4080,4080
4282,82,8.200000000000001,35,215464.7520414,215464.7606787,7.977600005688146,8.637299994006753,4.728600004455075,2.082999999402091,0.0,True,ok,4288,4288
4283,83,8.3,35,215464.7850972,215464.7937342,8.094300021184608,8.637000020826235,4.85820000176318,2.0761000050697476,0.0,True,ok,4269,4269
4284,84,8.4,35,215464.818361,215464.8297216,10.870400001294911,11.360599979525432,5.902300006709993,3.8348000089172274,0.0,True,ok,3996,3996
4285,85,8.5,35,215464.8521224,215464.8635793,10.887799988267943,11.456899985205382,7.52210000064224,2.1775999921374023,0.0,True,ok,4318,4318
4286,86,8.6,35,215464.8852655,215464.8939037,8.15469998633489,8.638200000859797,5.022699973778799,1.9681999983731657,33.14309997949749,True,ok,4410,4410
4287,87,8.700000000000001,35,215464.9183478,215464.9270508,8.081900014076382,8.70299999951385,4.792899999301881,2.0653000101447105,0.0,True,ok,4345,4345
4288,88,8.8,35,215464.952149,215464.9617219,8.913900004699826,9.572900016792119,5.725600000005215,2.0488000009208918,0.0,True,ok,3995,3995
4289,89,8.9,35,215464.9854204,215464.9943406,8.277600019937381,8.920200023567304,4.9541999760549515,2.1492000087164342,0.0,True,ok,4114,4114
4290,90,9.0,35,215465.018423,215465.0271348,7.987999997567385,8.71180000831373,4.822200018679723,2.0047000143676996,0.0,True,ok,4407,4407
4291,91,9.1,35,215465.0517878,215465.0612334,8.764699974562973,9.445599978789687,4.894099984085187,2.4867000174708664,0.0,True,ok,4504,4504
4292,92,9.200000000000001,35,215465.0855392,215465.0944198,8.194099995307624,8.880600013071671,4.787500016391277,2.234999992651865,0.0,True,ok,4602,4602
4293,93,9.3,35,215465.1184574,215465.1271629,8.138200006214902,8.705499989446253,4.849899996770546,2.120299992384389,0.0,True,ok,4719,4719
4294,94,9.4,35,215465.1520198,215465.1608605,8.362799999304116,8.84070000029169,4.981000005500391,2.114700007950887,33.56239999993704,True,ok,4623,4623
4295,95,9.5,35,215465.1854748,215465.1943422,8.206300000892952,8.86739999987185,4.793100000824779,2.237799984868616,0.0,True,ok,4555,4555
4296,96,9.600000000000001,35,215465.2185465,215465.2275151,8.455900009721518,8.968600013758987,4.941700026392937,2.294199977768585,0.0,True,ok,4902,4902
4297,97,9.700000000000001,35,215465.25177,215465.2602142,7.994500017957762,8.444200007943437,4.806399985682219,1.9829999946523458,0.0,True,ok,4793,4793
4298,98,9.8,35,215465.2854119,215465.2939059,7.932900014566258,8.49400000879541,4.729200009023771,1.8495999975129962,0.0,True,ok,4857,4857
4299,99,9.9,35,215465.3189131,215465.3284808,9.05419999617152,9.567700006300583,5.894900008570403,1.9804999756161124,0.0,True,ok,4985,4985
4300,100,10.0,35,215465.3522858,215465.3610809,8.330300013767555,8.795100002316758,5.051899992395192,2.0883000106550753,0.0,True,ok,4973,4973
4301,101,10.100000000000001,35,215465.3850356,215465.3940308,7.86740001058206,8.995200012577698,4.625300003681332,2.039000013610348,0.0,True,ok,4507,4507
4302,102,10.200000000000001,35,215465.4185615,215465.4269666,7.813700009137392,8.40510000125505,4.771699983393773,1.8524999904911965,0.0,True,ok,4834,4834
4303,103,10.3,35,215465.4521185,215465.461211,8.535999979358166,9.09249999676831,5.04930000170134,2.0111000048927963,0.0,True,ok,4943,4943
4304,104,10.4,35,215465.4854434,215465.4947296,8.509500010404736,9.286200016504154,5.10270000086166,2.1653999865520746,0.0,True,ok,5082,5082
4305,105,10.5,35,215465.5185307,215465.5272964,8.062399982009083,8.765699982177466,4.872400022577494,1.9638999947346747,0.0,True,ok,4986,4986
4306,106,10.600000000000001,35,215465.5515971,215465.5608009,8.633500023279339,9.20380000025034,5.424500006483868,2.0093999919481575,0.0,True,ok,5037,5037
4307,107,10.700000000000001,35,215465.5849817,215465.5933235,7.874500006437302,8.341800014022738,4.6824000019114465,1.984699978493154,33.38459998485632,True,ok,5162,5162
4308,108,10.8,35,215465.6186228,215465.6271824,8.086799993179739,8.559600013541058,4.799699992872775,2.149100007954985,0.0,True,ok,4884,4884
4309,109,10.9,35,215465.6517119,215465.6619857,8.918699983041734,10.273799998685718,5.7471999898552895,1.9924000080209225,0.0,True,ok,4890,4890
4310,110,11.0,35,215465.6854222,215465.6943674,8.491799992043525,8.945199981098995,5.001999990781769,2.195999986724928,0.0,True,ok,4848,4848
4311,111,11.100000000000001,35,215465.7183664,215465.7274931,8.510200015734881,9.12670002435334,4.72329999320209,1.9440000178292394,0.0,True,ok,5030,5030
4312,112,11.200000000000001,35,215465.7516499,215465.760051,7.805599976563826,8.401099999900907,4.6252000029198825,1.9663000130094588,0.0,True,ok,5114,5114
4313,113,11.3,35,215465.7849646,215465.7936195,7.997900014743209,8.654900011606514,4.5940000272821635,2.1892000222578645,0.0,True,ok,5293,5293
4314,114,11.4,35,215465.8184724,215465.827917,8.970299997599795,9.444600000279024,5.370400001993403,2.258300024550408,0.0,True,ok,5423,5423
4315,115,11.5,35,215465.852201,215465.86231,9.545699984300882,10.10899999528192,6.18130000657402,2.1182999771554023,0.0,True,ok,5340,5340
4316,116,11.600000000000001,35,215465.8850996,215465.8938733,8.28509998973459,8.773699984885752,4.695799987530336,2.3573999933432788,0.0,True,ok,5279,5279
4317,117,11.700000000000001,35,215465.9185979,215465.9272346,8.130500005790964,8.636700018541887,4.740599979413673,2.14679999044165,33.498299977509305,True,ok,5498,5498
4318,118,11.8,35,215465.9516772,215465.961177,9.12959998822771,9.499799984041601,5.87610001093708,2.0286000217311084,33.07930001756176,True,ok,5517,5517
4319,119,11.9,35,215465.9852939,215465.9943045,8.574200008297339,9.010599984321743,4.991699999663979,2.273100020829588,0.0,True,ok,5266,5266
4320,0,0.0,36,215466.0207599,215466.0294743,8.14010002068244,8.714399999007583,4.579200001899153,2.205800003139302,0.0,True,ok,4708,4708
4321,1,0.1,36,215466.0521468,215466.0623932,9.79929999448359,10.246399993775412,6.387299974448979,2.172200009226799,0.0,True,ok,4681,4681
4322,2,0.2,36,215466.0849082,215466.0935811,8.066299982601777,8.672900003148243,4.80480000260286,2.0530000037979335,0.0,True,ok,4360,4360
4323,3,0.30000000000000004,36,215466.1186244,215466.1274478,8.431599999312311,8.823400014080107,4.790699982549995,2.274700003908947,0.0,True,ok,4532,4532
4324,4,0.4,36,215466.1519065,215466.1619855,9.601799974916503,10.078999999677762,6.305000017164275,2.053200005320832,0.0,True,ok,4533,4533
4325,5,0.5,36,215466.1850386,215466.1939855,8.492699998896569,8.946899994043633,5.1546999893616885,2.0861999946646392,0.0,True,ok,4334,4334
4326,6,0.6000000000000001,36,215466.218682,215466.2275052,8.395799988647923,8.823199983453378,4.87599999178201,1.9632000185083598,0.0,True,ok,4462,4462
4327,7,0.7000000000000001,36,215466.2520568,215466.2622541,9.618000010959804,10.197299998253584,6.368300004396588,1.9981000223197043,0.0,True,ok,4479,4479
4328,8,0.8,36,215466.2851298,215466.293837,8.083199994871393,8.707200002390891,4.9297999939881265,1.9343000021763146,0.0,True,ok,4534,4534
4329,9,0.9,36,215466.3182599,215466.3269531,8.209699997678399,8.693200012203306,4.963799990946427,2.0183000015094876,33.1300999969244,True,ok,4491,4491
4330,10,1.0,36,215466.3521044,215466.3620944,9.257400000933558,9.990000020479783,5.7570999779272825,2.2622999968007207,0.0,True,ok,4600,4600
4331,11,1.1,36,215466.3851337,215466.3944088,8.77549999859184,9.275099990190938,5.013999994844198,2.5507000100333244,0.0,True,ok,4781,4781
4332,12,1.2000000000000002,36,215466.4184115,215466.4270532,7.930399995530024,8.641699998406693,4.788399994140491,1.9242999842390418,0.0,True,ok,5044,5044
4333,13,1.3,36,215466.4521381,215466.4618753,9.360600000945851,9.73720001638867,5.8806000160984695,2.2597000061068684,0.0,True,ok,4620,4620
4334,14,1.4000000000000001,36,215466.4851955,215466.4953176,9.476200008066371,10.122100007720292,4.946500004734844,3.259000019170344,0.0,True,ok,4785,4785
4335,15,1.5,36,215466.5184015,215466.5273108,8.293100021546707,8.909299998776987,4.953399999067187,2.0311000116635114,0.0,True,ok,5045,5045
4336,16,1.6,36,215466.5518682,215466.5608409,8.525000012014061,8.972699986770749,4.887500021141022,2.207000012276694,33.46669999882579,True,ok,5382,5382
4337,17,1.7000000000000002,36,215466.5850842,215466.5941829,8.237300004111603,9.098700014874339,4.905399982817471,2.0343000069260597,0.0,True,ok,5312,5312
4338,18,1.8,36,215466.6185871,215466.6278503,8.669799979543313,9.263199986889958,5.3066999826114625,2.0253999973647296,0.0,True,ok,5363,5363
4339,19,1.9000000000000001,36,215466.6517394,215466.6610112,8.584600000176579,9.27179999416694,4.689900000812486,2.3600000131409615,0.0,True,ok,5455,5455
4340,20,2.0,36,215466.685277,215466.6945436,8.64230000297539,9.266599983675405,5.029899999499321,2.3147000174503773,0.0,True,ok,5508,5508
4341,21,2.1,36,215466.7186558,215466.7282958,8.542300027329475,9.640000003855675,5.019800009904429,2.1726999839302152,0.0,True,ok,5300,5300
4342,22,2.2,36,215466.7518522,215466.760989,8.601800014730543,9.136800013948232,4.852900019614026,2.3234999971464276,0.0,True,ok,5384,5384
4343,23,2.3000000000000003,36,215466.7855233,215466.7961888,10.096200014231727,10.665500012692064,5.451900011394173,3.2949000014923513,0.0,True,ok,5355,5355
4344,24,2.4000000000000004,36,215466.818492,215466.8276189,8.490099979098886,9.126899996772408,4.936499986797571,2.2720999841112643,0.0,True,ok,5072,5072
4345,25,2.5,36,215466.8520312,215466.8624717,9.770100004971027,10.440500016557053,6.169500004034489,2.181100018788129,0.0,True,ok,4851,4851
4346,26,2.6,36,215466.8851415,215466.8937581,8.142699982272461,8.616599981905892,4.8411000170744956,2.014700003201142,0.0,True,ok,4933,4933
4347,27,2.7,36,215466.9188451,215466.9291796,9.707099990919232,10.334499995224178,6.108100002165884,2.0729000098071992,0.0,True,ok,4889,4889
4348,28,2.8000000000000003,36,215466.951756,215466.960077,7.927600003313273,8.321000001160428,4.589000018313527,2.091000002110377,32.91089998674579,True,ok,4508,4508
4349,29,2.9000000000000004,36,215466.9851387,215466.9944465,8.68060000357218,9.307800006354228,5.398700013756752,1.9853000121656805,0.0,True,ok,4516,4516
4350,30,3.0,36,215467.0187613,215467.0277716,8.2747999986168,9.010300011141226,5.025699996622279,1.989299984415993,0.0,True,ok,4326,4326
4351,31,3.1,36,215467.0521358,215467.0606417,7.998399989446625,8.50589998299256,4.66710000182502,2.008599985856563,0.0,True,ok,4407,4407
4352,32,3.2,36,215467.0852776,215467.0940861,8.302100002765656,8.808499987935647,5.007100000511855,1.9986999977845699,0.0,True,ok,4113,4113
4353,33,3.3000000000000003,36,215467.1183649,215467.1268673,8.121099992422387,8.502399985445663,4.89670000388287,2.0013999892398715,0.0,True,ok,4211,4211
4354,34,3.4000000000000004,36,215467.152021,215467.1620166,9.233999997377396,9.995600004913285,6.014999991748482,1.971399993635714,0.0,True,ok,4198,4198
4355,35,3.5,36,215467.1850733,215467.1945069,8.801599993603304,9.433600003831089,4.915199999231845,2.6928999868687242,0.0,True,ok,4125,4125
4356,36,3.6,36,215467.2186548,215467.2301517,11.010699992766604,11.496899998746812,4.866000002948567,4.782899981364608,0.0,True,ok,4267,4267
4357,37,3.7,36,215467.2520386,215467.2627318,10.251400002744049,10.693199990782887,7.009900000412017,2.047800022410229,0.0,True,ok,3805,3805
4358,38,3.8000000000000003,36,215467.2852521,215467.294369,8.030500001041219,9.116900007938966,4.6993999858386815,2.139599993824959,0.0,True,ok,3921,3921
4359,39,3.9000000000000004,36,215467.3188056,215467.3288776,9.382299991557375,10.07200000458397,5.317099974490702,2.6965000142809004,0.0,True,ok,3864,3864
4360,40,4.0,36,215467.3519759,215467.3622159,9.772100020200014,10.240000003250316,6.431200017686933,2.1278999920468777,0.0,True,ok,3828,3828
4361,41,4.1000000000000005,36,215467.3854071,215467.3940105,8.095900004263967,8.603399997809902,4.893400007858872,2.023300010478124,0.0,True,ok,3659,3659
4362,42,4.2,36,215467.4186925,215467.4282672,9.08820002223365,9.574700001394376,5.581500008702278,2.2271999914664775,0.0,True,ok,3989,3989
4363,43,4.3,36,215467.4517706,215467.4601447,7.637799979420379,8.3740999980364,4.568499978631735,1.859000010881573,0.0,True,ok,4294,4294
4364,44,4.4,36,215467.4854879,215467.4949395,8.915399987017736,9.451599995372817,4.890000011073425,2.678599994396791,0.0,True,ok,4623,4623
4365,45,4.5,36,215467.5189293,215467.5288003,8.928800001740456,9.871000016573817,4.9119000032078475,2.737799979513511,33.44139998080209,True,ok,4708,4708
4366,46,4.6000000000000005,36,215467.5518667,215467.5601783,7.709199999226257,8.311599987791851,4.597699997248128,1.8464000022504479,0.0,True,ok,4834,4834
4367,47,4.7,36,215467.5855933,215467.5949766,8.279600006062537,9.383299999171868,4.841500020120293,2.1763999830000103,0.0,True,ok,4677,4677
4368,48,4.800000000000001,36,215467.6187963,215467.6271641,7.954200002131984,8.367800008272752,4.751400003442541,1.9995000038761646,0.0,True,ok,4591,4591
4369,49,4.9,36,215467.6520392,215467.6623272,9.85870001022704,10.287999990396202,6.488999992143363,2.066699991701171,0.0,True,ok,4442,4442
4370,50,5.0,36,215467.6851319,215467.6940756,8.490000007441267,8.943699998781085,5.005000013625249,2.191600011428818,0.0,True,ok,4408,4408
4371,51,5.1000000000000005,36,215467.7187058,215467.7276801,8.325500006321818,8.974299998953938,4.9057000142056495,2.144600002793595,0.0,True,ok,4418,4418
4372,52,5.2,36,215467.7518067,215467.7605952,8.309099997859448,8.788500010268763,4.925599991111085,2.1200999908614904,0.0,True,ok,4600,4600
4373,53,5.300000000000001,36,215467.7854661,215467.7935678,7.685599994147196,8.101699990220368,4.599200008669868,1.8848000036086887,0.0,True,ok,4489,4489
4374,54,5.4,36,215467.8186402,215467.8276409,8.548600017093122,9.00069999624975,5.039999989094213,2.2412000107578933,0.0,True,ok,4625,4625
4375,55,5.5,36,215467.8519674,215467.8627504,10.313000006135553,10.78300000517629,6.7051000078208745,2.234000014141202,0.0,True,ok,4379,4379
4376,56,5.6000000000000005,36,215467.8850423,215467.8951988,9.714399988297373,10.156499978620559,6.228999991435558,2.0864999969489872,0.0,True,ok,4212,4212
4377,57,5.7,36,215467.9186315,215467.9284891,9.304000006522983,9.857600001851097,5.072900006780401,2.9172000067774206,0.0,True,ok,4229,4229
4378,58,5.800000000000001,36,215467.9520597,215467.9619598,9.490800002822652,9.90010000532493,6.053499993868172,2.1541000169236213,0.0,True,ok,4294,4294
4379,59,5.9,36,215467.9854208,215467.9945781,8.71770002413541,9.157300024526194,5.097599991131574,2.2508999973069876,0.0,True,ok,4337,4337
4380,60,6.0,36,215468.0184333,215468.0274588,8.365299989236519,9.025500010466203,4.8568999918643385,2.158399991458282,0.0,True,ok,4334,4334
4381,61,6.1000000000000005,36,215468.0520792,215468.0631863,10.266400000546128,11.107099999208003,6.681900005787611,2.2942000068724155,33.64589999546297,True,ok,4169,4169
4382,62,6.2,36,215468.0851196,215468.0939565,8.199900010367855,8.836900000460446,4.874300007941201,2.0718000014312565,0.0,True,ok,4172,4172
4383,63,6.300000000000001,36,215468.1187328,215468.1276089,8.322399982716888,8.876099978806451,4.9217999912798405,2.16760000330396,0.0,True,ok,4147,4147
4384,64,6.4,36,215468.151789,215468.162333,10.048699972685426,10.543999989749864,6.64939999114722,2.10829998832196,0.0,True,ok,4178,4178
4385,65,6.5,36,215468.1856173,215468.1941041,7.983199990121648,8.486799983074889,4.883700021309778,1.832999987527728,0.0,True,ok,4169,4169
4386,66,6.6000000000000005,36,215468.218406,215468.2270708,8.151599991833791,8.664799999678507,4.826299991691485,2.0268999796826392,0.0,True,ok,4168,4168
4387,67,6.7,36,215468.2518112,215468.2629554,10.693099990021437,11.144199990667403,7.25250001414679,2.027600014116615,0.0,True,ok,4086,4086
4388,68,6.800000000000001,36,215468.2854807,215468.294874,8.376800018595532,9.39330001710914,4.832000005990267,2.237700013210997,0.0,True,ok,4379,4379
4389,69,6.9,36,215468.3187227,215468.3287718,9.393100015586242,10.049100004835054,5.941399984294549,2.137200004654005,0.0,True,ok,4282,4282
4390,70,7.0,36,215468.3520362,215468.3610798,7.949299993924797,9.04360000276938,4.550999990897253,2.064500004053116,0.0,True,ok,4247,4247
4391,71,7.1000000000000005,36,215468.3852617,215468.3940582,8.337800012668595,8.796500012977049,4.870800010394305,2.1481000003404915,0.0,True,ok,4354,4354
4392,72,7.2,36,215468.4188268,215468.4298583,10.271699982695282,11.031499976525083,6.553399987751618,2.251600002637133,0.0,True,ok,4628,4628
4393,73,7.300000000000001,36,215468.4518551,215468.4619578,9.513800003333017,10.102700005518273,6.261799979256466,1.975699997274205,0.0,True,ok,4287,4287
4394,74,7.4,36,215468.485452,215468.4954516,9.541900013573468,9.999600006267428,4.913299984764308,3.1626000127289444,0.0,True,ok,4455,4455
4395,75,7.5,36,215468.5185984,215468.527939,8.499799994751811,9.340599994175136,4.9501999747008085,2.2038999886717647,0.0,True,ok,4560,4560
4396,76,7.6000000000000005,36,215468.5517386,215468.5607533,8.285699994303286,9.014699986437336,4.839500004891306,2.119699987815693,0.0,True,ok,4662,4662
4397,77,7.7,36,215468.5851615,215468.5940712,8.229800005210564,8.909700001822785,4.85820000176318,2.0527000015135854,0.0,True,ok,4381,4381
4398,78,7.800000000000001,36,215468.6187029,215468.6281674,8.708099980140105,9.46449997718446,4.869600001256913,2.3902000102680176,0.0,True,ok,4350,4350
4399,79,7.9,36,215468.6519635,215468.6611825,8.237100002588704,9.219000028679147,4.85669999034144,2.050900016911328,0.0,True,ok,4058,4058
4400,80,8.0,36,215468.6850734,215468.6949655,9.407900011865422,9.892100002616644,5.356999987270683,2.489400008926168,0.0,True,ok,4074,4074
4401,81,8.1,36,215468.7186169,215468.728745,9.629300009692088,10.128099995199591,5.062499985797331,3.2931999885477126,0.0,True,ok,4080,4080
4402,82,8.200000000000001,36,215468.7518709,215468.7619056,9.391200001118705,10.034699982497841,4.797000001417473,2.9044000257272273,0.0,True,ok,4288,4288
4403,83,8.3,36,215468.7850568,215468.7938298,8.294600003864616,8.773000008659437,4.817899985937402,2.143399993656203,0.0,True,ok,4269,4269
4404,84,8.4,36,215468.8187076,215468.8276772,8.282299997517839,8.96959999226965,4.932399984681979,2.076500008115545,0.0,True,ok,3996,3996
4405,85,8.5,36,215468.851738,215468.8607188,8.40059999609366,8.980799990240484,4.8611999955028296,2.181799995014444,0.0,True,ok,4318,4318
4406,86,8.6,36,215468.8853694,215468.8940787,8.187799976440147,8.709299989277497,4.873900004895404,2.0043000113219023,0.0,True,ok,4410,4410
4407,87,8.700000000000001,36,215468.9186368,215468.927567,8.31319999997504,8.930200012400746,4.894400015473366,2.0366999960970134,0.0,True,ok,4345,4345
4408,88,8.8,36,215468.9519596,215468.9608878,8.413600007770583,8.92819999717176,5.045300000347197,2.037800004472956,0.0,True,ok,3995,3995
4409,89,8.9,36,215468.9853769,215468.9940879,8.196800015866756,8.711000002222136,4.9125000077765435,2.005499991355464,0.0,True,ok,4114,4114
4410,90,9.0,36,215469.0184754,215469.0272575,8.171900000888854,8.782100019743666,4.755700007081032,2.066000015474856,0.0,True,ok,4407,4407
4411,91,9.1,36,215469.0520506,215469.0612046,8.494200010318309,9.153999999398366,4.870500008109957,2.2587999992538244,0.0,True,ok,4504,4504
4412,92,9.200000000000001,36,215469.0852742,215469.0947129,8.796899986919016,9.438699984457344,5.011500004911795,2.27870000526309,0.0,True,ok,4602,4602
4413,93,9.3,36,215469.1186701,215469.1278015,8.681600011186674,9.131400001933798,4.975599993485957,2.347300003748387,0.0,True,ok,4719,4719
4414,94,9.4,36,215469.1526223,215469.1616452,8.318199979839846,9.02289999066852,4.689399997005239,2.174099994590506,0.0,True,ok,4623,4623
4415,95,9.5,36,215469.1854593,215469.1952495,8.62739997683093,9.790199983399361,5.027900013374165,2.230799989774823,0.0,True,ok,4555,4555
4416,96,9.600000000000001,36,215469.2184376,215469.2277114,8.76060000155121,9.273799980292097,5.068099999334663,2.3514000058639795,0.0,True,ok,4902,4902
4417,97,9.700000000000001,36,215469.2520273,215469.2611216,8.266399992862716,9.094299981370568,4.807599994819611,2.085599990095943,0.0,True,ok,4793,4793
4418,98,9.8,36,215469.2853766,215469.2941403,8.200799988117069,8.76369999605231,4.7799999883864075,2.036899997619912,0.0,True,ok,4857,4857
4419,99,9.9,36,215469.3185643,215469.3273996,8.349700015969574,8.835300017381087,4.806799988728017,2.168099978007376,0.0,True,ok,4985,4985
4420,100,10.0,36,215469.3520283,215469.362807,10.260000010021031,10.7787000015378,6.701200007228181,2.160999982152134,0.0,True,ok,4973,4973
4421,101,10.100000000000001,36,215469.3850005,215469.3945093,8.625600021332502,9.50879999436438,5.186700000194833,2.021499996772036,0.0,True,ok,4507,4507
4422,102,10.200000000000001,36,215469.4188386,215469.4283748,8.357899991096929,9.536199999274686,4.922799998894334,2.04320001648739,0.0,True,ok,4834,4834
4423,103,10.3,36,215469.4517971,215469.4604853,8.079999999608845,8.68820000323467,4.6978000027593225,1.9770000071730465,0.0,True,ok,4943,4943
4424,104,10.4,36,215469.4850004,215469.4938199,8.280900015961379,8.819500013487414,4.967400018358603,1.885500008938834,0.0,True,ok,5082,5082
4425,105,10.5,36,215469.5185875,215469.5284793,8.71480000205338,9.891800000332296,5.064899974968284,2.0357999892439693,0.0,True,ok,4986,4986
4426,106,10.600000000000001,36,215469.5516246,215469.5605527,8.470599976135418,8.92809999641031,4.811699996935204,2.1274000173434615,0.0,True,ok,5037,5037
4427,107,10.700000000000001,36,215469.5854497,215469.5941179,8.18150001578033,8.668199996463954,4.9162000068463385,1.8797000229824334,0.0,True,ok,5162,5162
4428,108,10.8,36,215469.6185096,215469.6292903,10.377400001743808,10.780700016766787,6.690799986245111,2.203999989433214,0.0,True,ok,4884,4884
4429,109,10.9,36,215469.6518489,215469.6615361,9.237599995685741,9.687200014013797,4.941799998050556,2.8950000123586506,0.0,True,ok,4890,4890
4430,110,11.0,36,215469.685374,215469.6948831,8.38149999617599,9.509099996648729,4.740300006233156,2.1318999934010208,0.0,True,ok,4848,4848
4431,111,11.100000000000001,36,215469.718755,215469.7273609,8.027600008063018,8.605899987742305,4.6867000055499375,1.9916000019293278,0.0,True,ok,5030,5030
4432,112,11.200000000000001,36,215469.7520237,215469.7621158,9.556600009091198,10.092099983012304,6.132100010290742,2.0617999834939837,0.0,True,ok,5114,5114
4433,113,11.3,36,215469.7851721,215469.7940992,8.406899985857308,8.927099988795817,4.778000002261251,2.151599997887388,0.0,True,ok,5293,5293
4434,114,11.4,36,215469.8187644,215469.8283817,8.750100008910522,9.617300005629659,4.754299996420741,2.382199978455901,0.0,True,ok,5423,5423
4435,115,11.5,36,215469.8522511,215469.8636861,10.935400001471862,11.43499999307096,6.20350000099279,2.7655000158119947,33.486700005596504,True,ok,5340,5340
4436,116,11.600000000000001,36,215469.8856569,215469.8952783,9.219700004905462,9.621400007745251,5.558199976803735,2.2674000065308064,0.0,True,ok,5279,5279
4437,117,11.700000000000001,36,215469.9187219,215469.9285569,9.20830000541173,9.83500000438653,5.389500001911074,2.232500002719462,0.0,True,ok,5498,5498
4438,118,11.8,36,215469.9517011,215469.9619182,9.507099981419742,10.21709997439757,5.950999999186024,2.170699997805059,0.0,True,ok,5517,5517
4439,119,11.9,36,215469.9852127,215469.9946346,8.963400003267452,9.421900002053007,4.867500014370307,2.665100008016452,0.0,True,ok,5266,5266
4440,0,0.0,37,215470.021533,215470.0309103,8.403400017414242,9.377300011692569,4.646999994292855,2.304599998751655,0.0,True,ok,4708,4708
4441,1,0.1,37,215470.0521117,215470.0604163,7.829199981642887,8.304599992698058,4.451199987670407,1.977599982637912,0.0,True,ok,4681,4681
4442,2,0.2,37,215470.085167,215470.093718,8.086099987849593,8.550999977160245,4.822899994906038,1.8680999928619713,0.0,True,ok,4360,4360
4443,3,0.30000000000000004,37,215470.1187512,215470.127331,8.037299994612113,8.579799992730841,4.663400002755225,2.055500022834167,0.0,True,ok,4532,4532
4444,4,0.4,37,215470.1519822,215470.1626724,9.6215000085067,10.690199997043237,5.545500025618821,2.3199999995995313,0.0,True,ok,4533,4533
4445,5,0.5,37,215470.1851698,215470.1945306,8.572899998398498,9.36080000246875,5.124000017531216,2.0868999999947846,0.0,True,ok,4334,4334
4446,6,0.6000000000000001,37,215470.2189083,215470.228331,8.540399983758107,9.422699979040772,5.149299977347255,2.0087999873794615,33.738500002073124,True,ok,4462,4462
4447,7,0.7000000000000001,37,215470.251948,215470.2610875,8.678899990627542,9.139500005403534,4.980700003216043,2.0742999913636595,0.0,True,ok,4479,4479
4448,8,0.8,37,215470.2851565,215470.2936922,8.11769999563694,8.535700006177649,4.722499987110496,1.9878000020980835,0.0,True,ok,4534,4534
4449,9,0.9,37,215470.3184229,215470.3278217,8.917400002246723,9.398800000781193,5.109099991386756,2.458600007230416,0.0,True,ok,4491,4491
4450,10,1.0,37,215470.352076,215470.3629714,10.220700001809746,10.895399987930432,5.9692999930121005,2.8473999991547316,0.0,True,ok,4600,4600
4451,11,1.1,37,215470.3851588,215470.3938332,8.072600001469254,8.674400014569983,4.6910000091884285,2.019499981543049,0.0,True,ok,4781,4781
4452,12,1.2000000000000002,37,215470.4184948,215470.4273717,8.294700004626065,8.876900014001876,4.851900011999533,2.088599983835593,0.0,True,ok,5044,5044
4453,13,1.3,37,215470.4520981,215470.4617137,9.157599997706711,9.61559999268502,5.82120000035502,2.0376999746076763,0.0,True,ok,4620,4620
4454,14,1.4000000000000001,37,215470.4853087,215470.4962416,9.713799983728677,10.932899982435629,5.770699994172901,2.58089997805655,0.0,True,ok,4785,4785
4455,15,1.5,37,215470.5187167,215470.5277913,8.590600016759709,9.074600005988032,5.158100015250966,2.0200999861117452,0.0,True,ok,5045,5045
4456,16,1.6,37,215470.5517737,215470.5632592,10.990999988280237,11.48549999925308,7.27470000856556,2.289000025484711,0.0,True,ok,5382,5382
4457,17,1.7000000000000002,37,215470.585595,215470.5950309,8.597300009569153,9.435899992240593,4.727099993033335,2.471899992087856,0.0,True,ok,5312,5312
4458,18,1.8,37,215470.6183859,215470.6280592,8.591400022851303,9.673300024587661,4.905299982056022,2.2766999900341034,0.0,True,ok,5363,5363
4459,19,1.9000000000000001,37,215470.6519368,215470.6623378,9.787199989659712,10.40100000682287,6.250200007343665,2.133100002538413,0.0,True,ok,5455,5455
4460,20,2.0,37,215470.6850432,215470.6943141,8.596800005761907,9.270899987313896,4.858900007093325,2.310499985469505,0.0,True,ok,5508,5508
4461,21,2.1,37,215470.7189484,215470.7283752,8.28520001959987,9.426800010260195,4.826499993214384,2.0188000053167343,0.0,True,ok,5300,5300
4462,22,2.2,37,215470.7519342,215470.7612602,8.560099988244474,9.325999999418855,4.773000022396445,2.1819999965373427,0.0,True,ok,5384,5384
4463,23,2.3000000000000003,37,215470.785737,215470.7943141,8.21400000131689,8.57710000127554,4.678700002841651,2.149400010239333,0.0,True,ok,5355,5355
4464,24,2.4000000000000004,37,215470.8187986,215470.8280826,8.858199988026172,9.283999999752268,5.163099995115772,2.3173999798018485,0.0,True,ok,5072,5072
4465,25,2.5,37,215470.8519235,215470.8633758,10.979499988025054,11.452299979282543,6.922399974428117,2.5584000104572624,0.0,True,ok,4851,4851
4466,26,2.6,37,215470.8853089,215470.8939208,8.079999999608845,8.611900004325435,4.698299977462739,1.9783000170718879,0.0,True,ok,4933,4933
4467,27,2.7,37,215470.9186554,215470.9275941,8.462500001769513,8.938700018916279,4.888099996605888,2.2351999941747636,0.0,True,ok,4889,4889
4468,28,2.8000000000000003,37,215470.9517273,215470.9602334,7.961900002555922,8.506099984515458,4.555200022878125,2.1022000000812113,0.0,True,ok,4508,4508
4469,29,2.9000000000000004,37,215470.985162,215470.9941467,8.512699976563454,8.984699990833178,5.16790000256151,2.0141999993938953,0.0,True,ok,4516,4516
4470,30,3.0,37,215471.0184793,215471.0275544,8.051600016187876,9.075100009795278,4.818599991267547,1.9403999904170632,33.31729999626987,True,ok,4326,4326
4471,31,3.1,37,215471.0519787,215471.0629714,10.459900018759072,10.992700001224875,6.909199990332127,2.2475000005215406,0.0,True,ok,4407,4407
4472,32,3.2,37,215471.0852822,215471.0940887,8.301900001242757,8.806500001810491,4.878700012341142,2.1164999925531447,0.0,True,ok,4113,4113
4473,33,3.3000000000000003,37,215471.1183368,215471.1267931,8.044100017286837,8.456300012767315,4.807399993296713,1.9711999921128154,0.0,True,ok,4211,4211
4474,34,3.4000000000000004,37,215471.1517938,215471.1620551,9.818399994401261,10.261299990816042,6.571099977008998,2.0098999957554042,33.457000012276694,True,ok,4198,4198
4475,35,3.5,37,215471.1852278,215471.1941726,8.425000007264316,8.944800007157028,4.92780000786297,2.2040999901946634,0.0,True,ok,4125,4125
4476,36,3.6,37,215471.2188391,215471.2283215,8.358399994904175,9.482399997068569,4.9020000151358545,2.2348000202327967,0.0,True,ok,4267,4267
4477,37,3.7,37,215471.2520009,215471.262699,10.250300023471937,10.698099998990074,6.827600009273738,2.058199985185638,0.0,True,ok,3805,3805
4478,38,3.8000000000000003,37,215471.2853801,215471.2951954,8.786899998085573,9.815299999900162,5.19890000578016,2.161499985959381,0.0,True,ok,3921,3921
4479,39,3.9000000000000004,37,215471.3188027,215471.3281842,8.75790001009591,9.38150001456961,4.929099988657981,2.620199986267835,0.0,True,ok,3864,3864
4480,40,4.0,37,215471.3516446,215471.3622189,10.088100010761991,10.57429998763837,6.742700003087521,2.087999979266897,0.0,True,ok,3828,3828
4481,41,4.1000000000000005,37,215471.3851847,215471.3938061,8.084900007816032,8.62140001845546,4.849100019782782,1.9777000125031918,0.0,True,ok,3659,3659
4482,42,4.2,37,215471.4186575,215471.4285075,9.160899993730709,9.850000002188608,4.889800009550527,2.949399990029633,0.0,True,ok,3989,3989
4483,43,4.3,37,215471.45192,215471.46173,9.340400021756068,9.810000017751008,6.057699996745214,1.9526999967638403,0.0,True,ok,4294,4294
4484,44,4.4,37,215471.4851289,215471.4943938,8.785700018052012,9.264899999834597,5.162400018889457,2.309400006197393,0.0,True,ok,4623,4623
4485,45,4.5,37,215471.5187629,215471.5278894,8.674599986989051,9.126499993726611,4.94849999086,2.476499998010695,0.0,True,ok,4708,4708
4486,46,4.6000000000000005,37,215471.5519179,215471.5627534,10.268900019582361,10.835499997483566,6.989399989834055,1.9734999805223197,0.0,True,ok,4834,4834
4487,47,4.7,37,215471.5850929,215471.5945598,8.837000001221895,9.466899995459244,5.341499985661358,2.200800023274496,0.0,True,ok,4677,4677
4488,48,4.800000000000001,37,215471.6187443,215471.6270601,7.882900012191385,8.315799990668893,4.640500003006309,2.002499997615814,33.65140000823885,True,ok,4591,4591
4489,49,4.9,37,215471.6519871,215471.6621918,9.830099996179342,10.204699996393174,6.5685000154189765,2.0112000056542456,0.0,True,ok,4442,4442
4490,50,5.0,37,215471.685509,215471.6944745,8.24219998321496,8.965499990154058,4.87299999804236,2.1521000016946346,0.0,True,ok,4408,4408
4491,51,5.1000000000000005,37,215471.718738,215471.7283,8.336799975950271,9.561999992001802,4.761699994560331,2.3412000155076385,0.0,True,ok,4418,4418
4492,52,5.2,37,215471.7518752,215471.7644481,11.877300014020875,12.57290001376532,7.860799989430234,2.723500016145408,0.0,True,ok,4600,4600
4493,53,5.300000000000001,37,215471.7853368,215471.7947922,8.96510001621209,9.455399995204061,5.197099992074072,2.5727999745868146,0.0,True,ok,4489,4489
4494,54,5.4,37,215471.8188086,215471.8277989,8.518999995430931,8.99030000437051,4.863599984673783,2.410399989457801,0.0,True,ok,4625,4625
4495,55,5.5,37,215471.8519531,215471.8625503,9.939599985955283,10.597199987387285,6.529199978103861,2.1678000048268586,0.0,True,ok,4379,4379
4496,56,5.6000000000000005,37,215471.8850183,215471.8941039,8.31920001655817,9.085600002435967,4.932999989250675,2.060300001176074,0.0,True,ok,4212,4212
4497,57,5.7,37,215471.9188882,215471.9280642,8.282599999802187,9.176000021398067,4.842299997108057,2.2216000070329756,0.0,True,ok,4229,4229
4498,58,5.800000000000001,37,215471.9520382,215471.9620321,9.627200022805482,9.993900021072477,6.24199997400865,2.154099987819791,0.0,True,ok,4294,4294
4499,59,5.9,37,215471.9852337,215471.9950385,8.782699995208532,9.804800007259473,5.088900012196973,2.219999994849786,0.0,True,ok,4337,4337
4500,60,6.0,37,215472.0187069,215472.0278179,8.603199996287003,9.110999992117286,5.139799992321059,2.2430999961216003,0.0,True,ok,4334,4334
4501,61,6.1000000000000005,37,215472.0518295,215472.0608207,8.229999977629632,8.991199982119724,4.841399990255013,2.134600013960153,0.0,True,ok,4169,4169
4502,62,6.2,37,215472.0853419,215472.0940274,8.161299978382885,8.685499982675537,4.907299997285008,2.0043000113219023,0.0,True,ok,4172,4172
4503,63,6.300000000000001,37,215472.1186483,215472.1281806,8.543200005078688,9.532299998681992,5.31599999521859,2.063699997961521,0.0,True,ok,4147,4147
4504,64,6.4,37,215472.1519077,215472.1622771,9.591100009856746,10.369399999035522,6.221699994057417,2.1631999989040196,0.0,True,ok,4178,4178
4505,65,6.5,37,215472.1851046,215472.1941273,8.314000006066635,9.022699989145622,4.994199989596382,2.1012999932281673,0.0,True,ok,4169,4169
4506,66,6.6000000000000005,37,215472.2186815,215472.2270789,7.921400014311075,8.397400000831112,4.809700010810047,1.8794999923557043,33.576899993931875,True,ok,4168,4168
4507,67,6.7,37,215472.2516124,215472.262844,10.781200020574033,11.231600015889853,7.401599985314533,2.127200015820563,0.0,True,ok,4086,4086
4508,68,6.800000000000001,37,215472.285236,215472.294347,8.56059999205172,9.110999992117286,4.913800017675385,2.4348000006284565,0.0,True,ok,4379,4379
4509,69,6.9,37,215472.3189074,215472.3276173,8.26140001299791,8.709899993846193,5.106099997647107,1.9042000058107078,0.0,True,ok,4282,4282
4510,70,7.0,37,215472.3517714,215472.362243,9.834199998294935,10.471600020537153,6.453500012867153,2.1635000011883676,0.0,True,ok,4247,4247
4511,71,7.1000000000000005,37,215472.385371,215472.3943951,8.377899997867644,9.024099999805912,5.085599987069145,2.047999994829297,0.0,True,ok,4354,4354
4512,72,7.2,37,215472.4186876,215472.4282287,9.070900006918237,9.541100007481873,5.270199995720759,2.5434999843128026,0.0,True,ok,4628,4628
4513,73,7.300000000000001,37,215472.4518222,215472.4618239,9.44379999418743,10.001699993154034,6.199900002684444,1.9688000029418617,0.0,True,ok,4287,4287
4514,74,7.4,37,215472.4852816,215472.4940425,8.158600016031414,8.760900003835559,4.807199991773814,2.089799992972985,0.0,True,ok,4455,4455
4515,75,7.5,37,215472.5185151,215472.5276164,8.614899998065084,9.101300005568191,4.990899993572384,2.353000018047169,0.0,True,ok,4560,4560
4516,76,7.6000000000000005,37,215472.5520877,215472.5626821,9.927899984177202,10.594399995170534,6.701100006466731,1.9737000111490488,0.0,True,ok,4662,4662
4517,77,7.7,37,215472.58497,215472.5949737,9.388100006617606,10.00370000838302,4.839200002606958,3.3150000090245157,0.0,True,ok,4381,4381
4518,78,7.800000000000001,37,215472.6186527,215472.6274353,8.111200004350394,8.782599994447082,4.718699987279251,1.9896000158041716,0.0,True,ok,4350,4350
4519,79,7.9,37,215472.6517384,215472.6606252,8.05400000535883,8.886800002073869,4.745300015201792,2.051399991614744,0.0,True,ok,4058,4058
4520,80,8.0,37,215472.6851388,215472.6938902,8.245899982284755,8.751399989705533,4.95900001260452,2.08760000532493,0.0,True,ok,4074,4074
4521,81,8.1,37,215472.7186975,215472.7282712,9.057799994479865,9.573699993779883,5.8926999918185174,1.9758999987971038,0.0,True,ok,4080,4080
4522,82,8.200000000000001,37,215472.7523029,215472.7608061,7.880299992393702,8.503200020641088,4.614300007233396,2.0297000010032207,0.0,True,ok,4288,4288
4523,83,8.3,37,215472.7850949,215472.7941434,8.476500021060929,9.048500010976568,4.818800021894276,2.326999994693324,0.0,True,ok,4269,4269
4524,84,8.4,37,215472.8187293,215472.8273321,8.07469998835586,8.602799993241206,4.991099995095283,1.8792000191751868,0.0,True,ok,3996,3996
4525,85,8.5,37,215472.8516487,215472.860668,8.385299996007234,9.019300021464005,4.852400015806779,2.3096999793779105,0.0,True,ok,4318,4318
4526,86,8.6,37,215472.8854876,215472.8949188,8.355600002687424,9.431200014660135,5.1460000104270875,2.0059999951627105,0.0,True,ok,4410,4410
4527,87,8.700000000000001,37,215472.9186682,215472.9271059,7.891399989603087,8.43769998755306,4.76189999608323,1.9319999846629798,0.0,True,ok,4345,4345
4528,88,8.8,37,215472.9520791,215472.9623619,9.592199989128858,10.282799979904667,5.993200000375509,2.218300011008978,0.0,True,ok,3995,3995
4529,89,8.9,37,215472.9853729,215472.9941652,8.285600022645667,8.792300010100007,4.9738000088837,2.0259000011719763,0.0,True,ok,4114,4114
4530,90,9.0,37,215473.0185681,215473.0276133,8.142599981511012,9.04519998584874,4.8291000130120665,2.0813999872189015,0.0,True,ok,4407,4407
4531,91,9.1,37,215473.0519444,215473.0622193,9.309999994002283,10.27489997795783,5.912499997066334,2.15419998858124,0.0,True,ok,4504,4504
4532,92,9.200000000000001,37,215473.0851753,215473.0941806,8.3740999980364,9.00530000217259,4.861499997787178,2.2560000070370734,0.0,True,ok,4602,4602
4533,93,9.3,37,215473.1183364,215473.1271668,8.217399998102337,8.8304000091739,4.836699983570725,2.175699977669865,0.0,True,ok,4719,4719
4534,94,9.4,37,215473.1519898,215473.1639628,11.399899987736717,11.972999986028299,6.936999998288229,3.1879000016488135,0.0,True,ok,4623,4623
4535,95,9.5,37,215473.1852538,215473.1943663,8.398500009207055,9.112500003539026,5.015700007788837,2.0806000102311373,0.0,True,ok,4555,4555
4536,96,9.600000000000001,37,215473.2185313,215473.2272857,8.250300015788525,8.754400012549013,4.979499994078651,2.0284999918658286,0.0,True,ok,4902,4902
4537,97,9.700000000000001,37,215473.2517105,215473.260623,8.431499998550862,8.912500023143366,5.141799978446215,2.0346000092104077,0.0,True,ok,4793,4793
4538,98,9.8,37,215473.2853678,215473.2939615,7.941999996546656,8.593699982156977,4.730199987534434,1.9932000141125172,0.0,True,ok,4857,4857
4539,99,9.9,37,215473.3185956,215473.3272594,7.958499976666644,8.663799992064014,4.830899997614324,1.8542000034358352,0.0,True,ok,4985,4985
4540,100,10.0,37,215473.3517027,215473.3613204,9.135300002526492,9.617700008675456,5.208399990806356,2.4255000171251595,0.0,True,ok,4973,4973
4541,101,10.100000000000001,37,215473.3850743,215473.3937811,8.12949999817647,8.706799999345094,4.79599999380298,1.9919000042136759,0.0,True,ok,4507,4507
4542,102,10.200000000000001,37,215473.418736,215473.4270693,7.82289999187924,8.333300007507205,4.716299998108298,1.9290999916847795,0.0,True,ok,4834,4834
4543,103,10.3,37,215473.4516029,215473.4608034,8.475100010400638,9.200500004226342,5.0448999973014,2.210100006777793,0.0,True,ok,4943,4943
4544,104,10.4,37,215473.4851163,215473.4938233,8.044799993513152,8.707000000867993,4.817399982130155,2.0220000005792826,0.0,True,ok,5082,5082
4545,105,10.5,37,215473.5187242,215473.5273257,8.02430001203902,8.601500012446195,4.813000006834045,2.0409999997355044,0.0,True,ok,4986,4986
4546,106,10.600000000000001,37,215473.5516032,215473.5604439,8.211700012907386,8.84070000029169,4.949099995428696,2.007000002777204,0.0,True,ok,5037,5037
4547,107,10.700000000000001,37,215473.5851752,215473.5937394,8.054900012211874,8.564200019463897,4.833799990592524,2.0305000070948154,0.0,True,ok,5162,5162
4548,108,10.8,37,215473.6184569,215473.6279951,8.438599994406104,9.538199985399842,5.00629999442026,2.261199988424778,33.28170001623221,True,ok,4884,4884
4549,109,10.9,37,215473.6518371,215473.6622494,9.214699995936826,10.412299976451322,5.714700004318729,2.3136000090744346,0.0,True,ok,4890,4890
4550,110,11.0,37,215473.6854212,215473.6947349,8.647399983601645,9.313699993072078,5.046500009484589,2.431900007650256,0.0,True,ok,4848,4848
4551,111,11.100000000000001,37,215473.7185675,215473.7274713,8.304999995743856,8.903799986001104,5.073199979960918,2.054799988400191,0.0,True,ok,5030,5030
4552,112,11.200000000000001,37,215473.7521554,215473.7618727,9.235300007276237,9.717300010379404,6.210599996848032,1.867300015874207,0.0,True,ok,5114,5114
4553,113,11.3,37,215473.7854475,215473.7943328,8.352400007424876,8.885299990652129,4.672300012316555,2.3446000122930855,0.0,True,ok,5293,5293
4554,114,11.4,37,215473.8186798,215473.8276069,8.231900021201,8.927100017899647,4.8500999982934445,2.187399979447946,0.0,True,ok,5423,5423
4555,115,11.5,37,215473.8521004,215473.8624678,9.932300017680973,10.367400012910366,6.432399997720495,2.1969999943394214,0.0,True,ok,5340,5340
4556,116,11.600000000000001,37,215473.8849115,215473.8940052,8.576499996706843,9.093700005905703,4.934900003718212,2.29350000154227,0.0,True,ok,5279,5279
4557,117,11.700000000000001,37,215473.9186233,215473.9276953,8.399599988479167,9.071999986190349,4.951100010657683,2.2419000160880387,0.0,True,ok,5498,5498
4558,118,11.8,37,215473.9520428,215473.961899,9.285999985877424,9.856199991190806,5.8320999960415065,2.250399993499741,0.0,True,ok,5517,5517
4559,119,11.9,37,215473.985118,215473.9947381,8.937400009017438,9.62009999784641,5.49670000327751,2.2274999937508255,0.0,True,ok,5266,5266
4560,0,0.0,38,215474.0216549,215474.0305245,8.186299994122237,8.869600016623735,4.754299996420741,2.2295000089798123,0.0,True,ok,4708,4708
4561,1,0.1,38,215474.0520682,215474.0606584,8.027200005017221,8.590200013713911,4.606500006048009,1.9779999856837094,0.0,True,ok,4681,4681
4562,2,0.2,38,215474.0851666,215474.0935389,7.89539999095723,8.372299984330311,4.84039998264052,1.8595999863464385,0.0,True,ok,4360,4360
4563,3,0.30000000000000004,38,215474.1183736,215474.1296519,10.838799993507564,11.278299993136898,4.792299994733185,4.845599993132055,0.0,True,ok,4532,4532
4564,4,0.4,38,215474.1521363,215474.1609811,8.205999998608604,8.844800002407283,4.963799990946427,1.9980999932158738,0.0,True,ok,4533,4533
4565,5,0.5,38,215474.1852443,215474.1942364,8.522900025127456,8.992100018076599,5.089200014481321,2.2409000084735453,0.0,True,ok,4334,4334
4566,6,0.6000000000000001,38,215474.2183998,215474.2276625,8.789599989540875,9.262699983082712,4.871300014201552,2.4406999873463064,0.0,True,ok,4462,4462
4567,7,0.7000000000000001,38,215474.2519536,215474.2628074,10.31199999852106,10.853799991309643,6.834999978309497,2.1237999899312854,33.55379999266006,True,ok,4479,4479
4568,8,0.8,38,215474.2853492,215474.2942836,8.462400001008064,8.934399986173958,4.938900005072355,2.2727999894414097,0.0,True,ok,4534,4534
4569,9,0.9,38,215474.3188473,215474.3293967,9.323399979621172,10.549400001764297,5.695100000593811,2.343000000109896,0.0,True,ok,4491,4491
4570,10,1.0,38,215474.351958,215474.3605342,8.078900020336732,8.576199994422495,4.736600007163361,2.135999995516613,0.0,True,ok,4600,4600
4571,11,1.1,38,215474.385175,215474.3938037,8.165299979737028,8.628699986729771,4.901999986032024,2.0542999845929444,0.0,True,ok,4781,4781
4572,12,1.2000000000000002,38,215474.4188569,215474.427719,8.25409998651594,8.862099988618866,4.8881000257097185,2.1333000040613115,0.0,True,ok,5044,5044
4573,13,1.3,38,215474.4518776,215474.4615904,9.353800007374957,9.712800005218014,6.116599979577586,2.0047999860253185,0.0,True,ok,4620,4620
4574,14,1.4000000000000001,38,215474.4852011,215474.4938725,8.187700004782528,8.671399991726503,4.71889998880215,2.2456999868154526,0.0,True,ok,4785,4785
4575,15,1.5,38,215474.518869,215474.5283201,8.887800009688362,9.4511000206694,5.455799982883036,2.098499971907586,0.0,True,ok,5045,5045
4576,16,1.6,38,215474.5521075,215474.5632469,10.671299998648465,11.139400012325495,7.103600015398115,2.2465999936684966,0.0,True,ok,5382,5382
4577,17,1.7000000000000002,38,215474.5855055,215474.5944387,8.237500005634502,8.933200006140396,4.9331999907735735,1.999199972487986,0.0,True,ok,5312,5312
4578,18,1.8,38,215474.6185753,215474.6270116,7.994900021003559,8.4363000059966,4.731299995910376,1.999900006921962,33.06980000343174,True,ok,5363,5363
4579,19,1.9000000000000001,38,215474.6520095,215474.6629748,10.357600025599822,10.9653000254184,6.310299999313429,2.609600021969527,0.0,True,ok,5455,5455
4580,20,2.0,38,215474.6854033,215474.6947146,8.756600000197068,9.311299974797294,4.977600008714944,2.3477000067941844,0.0,True,ok,5508,5508
4581,21,2.1,38,215474.7189166,215474.7276111,8.249300008174032,8.694500022102147,5.016099981730804,1.931300008436665,0.0,True,ok,5300,5300
4582,22,2.2,38,215474.7519941,215474.7611537,8.634099998744205,9.159600012935698,4.881499975454062,2.4400000111199915,0.0,True,ok,5384,5384
4583,23,2.3000000000000003,38,215474.7849551,215474.7936614,8.226800011470914,8.706299995537847,4.760700016049668,2.184899989515543,0.0,True,ok,5355,5355
4584,24,2.4000000000000004,38,215474.8188205,215474.8276844,8.397199999308214,8.863900002324954,5.037599999923259,2.1293999743647873,0.0,True,ok,5072,5072
4585,25,2.5,38,215474.8517555,215474.8632213,10.998300014762208,11.465799994766712,6.872400001157075,2.8786999755539,0.0,True,ok,4851,4851
4586,26,2.6,38,215474.8853492,215474.8943339,8.517400012351573,8.984700019937009,5.2066000062040985,2.0216999982949346,0.0,True,ok,4933,4933
4587,27,2.7,38,215474.9185171,215474.9272489,8.244199998443946,8.731799985980615,4.96039999416098,2.052600000752136,0.0,True,ok,4889,4889
4588,28,2.8000000000000003,38,215474.9521834,215474.9618103,9.244500019121915,9.626900020521134,5.924500001128763,2.1427000174298882,0.0,True,ok,4508,4508
4589,29,2.9000000000000004,38,215474.9854007,215474.9938554,7.933400018373504,8.454700000584126,4.796799999894574,1.9274999795015901,0.0,True,ok,4516,4516
4590,30,3.0,38,215475.018463,215475.0271823,8.297899999888614,8.71930000721477,5.06860000314191,1.9974999886471778,0.0,True,ok,4326,4326
4591,31,3.1,38,215475.0522381,215475.0616721,8.367500005988404,9.434000006876886,5.129800003487617,2.031999989412725,0.0,True,ok,4407,4407
4592,32,3.2,38,215475.0854352,215475.0940391,7.917199982330203,8.603900001617149,4.816800006665289,1.8617000023368746,0.0,True,ok,4113,4113
4593,33,3.3000000000000003,38,215475.1185407,215475.1268377,7.681999995838851,8.29699999303557,4.66850001248531,1.8204000080004334,0.0,True,ok,4211,4211
4594,34,3.4000000000000004,38,215475.151652,215475.1603227,8.12349998159334,8.670699986396357,4.602699977112934,2.201499999500811,0.0,True,ok,4198,4198
4595,35,3.5,38,215475.1853218,215475.1943012,8.539200003724545,8.979400008684024,4.848499986110255,2.5025999930221587,33.66980000282638,True,ok,4125,4125
4596,36,3.6,38,215475.2183581,215475.2270962,8.08810000307858,8.738099975744262,4.738500021630898,2.205500000854954,0.0,True,ok,4267,4267
4597,37,3.7,38,215475.2517929,215475.262602,9.931500011589378,10.809100000187755,6.742500001564622,2.0349999831523746,0.0,True,ok,3805,3805
4598,38,3.8000000000000003,38,215475.2853056,215475.2944551,8.754000009503216,9.149499994236976,5.475499987369403,2.139699994586408,33.51269999984652,True,ok,3921,3921
4599,39,3.9000000000000004,38,215475.3184958,215475.3273406,8.32510000327602,8.844800002407283,4.9128000100608915,2.1228999830782413,0.0,True,ok,3864,3864
4600,40,4.0,38,215475.3521257,215475.3621341,9.436899999855086,10.008399985963479,6.2864999927114695,2.0031000021845102,0.0,True,ok,3828,3828
4601,41,4.1000000000000005,38,215475.3854957,215475.3944986,8.08370002778247,9.002900013001636,4.842300026211888,1.9443000201135874,0.0,True,ok,3659,3659
4602,42,4.2,38,215475.418698,215475.427764,8.28650000039488,9.06599999871105,4.871700017247349,2.216799999587238,0.0,True,ok,3989,3989
4603,43,4.3,38,215475.4519055,215475.4615352,9.055800008354709,9.629700012737885,6.027499999618158,1.8436999816913158,0.0,True,ok,4294,4294
4604,44,4.4,38,215475.4855512,215475.4952303,9.174600010737777,9.679100010544062,5.134699982590973,2.7402999985497445,0.0,True,ok,4623,4623
4605,45,4.5,38,215475.5185796,215475.5282658,9.241099993232638,9.686200006399304,5.135399987921119,2.7799000090453774,0.0,True,ok,4708,4708
4606,46,4.6000000000000005,38,215475.5517437,215475.5628752,10.611100005917251,11.131500010378659,7.278400007635355,2.056600002106279,0.0,True,ok,4834,4834
4607,47,4.7,38,215475.5850263,215475.5940596,8.366399997612461,9.03330001165159,4.86559999990277,2.147599996533245,0.0,True,ok,4677,4677
4608,48,4.800000000000001,38,215475.6186466,215475.6279795,8.741799974814057,9.332899993751198,4.644600005121902,2.906399982748553,0.0,True,ok,4591,4591
4609,49,4.9,38,215475.6519447,215475.6620864,8.786299993516877,10.14170001144521,5.619500007014722,1.963999995496124,0.0,True,ok,4442,4442
4610,50,5.0,38,215475.6852231,215475.6943136,8.628399984445423,9.090499981539324,5.202400003327057,2.217100001871586,0.0,True,ok,4408,4408
4611,51,5.1000000000000005,38,215475.7187849,215475.7279134,8.625000016763806,9.128500008955598,5.011400004150346,2.29939998826012,0.0,True,ok,4418,4418
4612,52,5.2,38,215475.7517388,215475.7625946,10.414399992441759,10.85580000653863,7.304900005692616,1.8628999823704362,0.0,True,ok,4600,4600
4613,53,5.300000000000001,38,215475.7851447,215475.7943913,8.758500014664605,9.24660000600852,4.808300000149757,2.7037000108975917,0.0,True,ok,4489,4489
4614,54,5.4,38,215475.8183197,215475.8278006,8.566300006350502,9.48090001475066,5.121299996972084,2.051699993899092,0.0,True,ok,4625,4625
4615,55,5.5,38,215475.8520055,215475.8633724,10.770900000352412,11.36689999839291,6.650999974226579,2.7240999916102737,0.0,True,ok,4379,4379
4616,56,5.6000000000000005,38,215475.8849983,215475.8939007,8.355500001925975,8.902400004444644,4.866900009801611,2.2591000015381724,0.0,True,ok,4212,4212
4617,57,5.7,38,215475.9184308,215475.9271674,8.241899980930611,8.736599993426353,4.872899997280911,2.1738999930676073,0.0,True,ok,4229,4229
4618,58,5.800000000000001,38,215475.9518897,215475.9619996,9.754700004123151,10.109900002134964,6.378900026902556,2.1557000000029802,0.0,True,ok,4294,4294
4619,59,5.9,38,215475.9850646,215475.9946559,9.069899999303743,9.591299982275814,4.936999990604818,2.183999982662499,0.0,True,ok,4337,4337
4620,60,6.0,38,215476.0186852,215476.0280631,8.455900009721518,9.377900016261265,5.034300003899261,2.197100024204701,0.0,True,ok,4334,4334
4621,61,6.1000000000000005,38,215476.0518481,215476.0609295,8.409200003370643,9.081399999558926,4.890700016403571,2.199600014137104,0.0,True,ok,4169,4169
4622,62,6.2,38,215476.0852894,215476.0938305,7.954000000609085,8.541099989088252,4.699499986600131,2.0472999894991517,0.0,True,ok,4172,4172
4623,63,6.300000000000001,38,215476.1184066,215476.1274182,8.61989997792989,9.011599991936237,4.851599980611354,2.1899999992456287,0.0,True,ok,4147,4147
4624,64,6.4,38,215476.1518494,215476.1622023,9.889400011161342,10.352900018915534,6.647100002737716,2.035999990766868,0.0,True,ok,4178,4178
4625,65,6.5,38,215476.1851433,215476.1943359,8.087000023806468,9.192600002279505,4.890399985015392,1.955399988219142,0.0,True,ok,4169,4169
4626,66,6.6000000000000005,38,215476.2185966,215476.2271465,8.010599995031953,8.549899997888133,4.772499989485368,1.9854999845847487,0.0,True,ok,4168,4168
4627,67,6.7,38,215476.2521154,215476.2607723,8.045000024139881,8.65689999773167,4.756599984830245,2.0287999941501766,0.0,True,ok,4086,4086
4628,68,6.800000000000001,38,215476.2850889,215476.294129,8.037199993850663,9.040099976118654,4.671000002417713,2.110400004312396,0.0,True,ok,4379,4379
4629,69,6.9,38,215476.3184624,215476.3272973,8.373100019525737,8.83490001433529,4.9888000066857785,2.092099981382489,0.0,True,ok,4282,4282
4630,70,7.0,38,215476.3519387,215476.362559,10.014300001785159,10.620299988659099,6.4165999938268214,2.3236999986693263,0.0,True,ok,4247,4247
4631,71,7.1000000000000005,38,215476.3854153,215476.394477,7.889700005762279,9.061699995072559,4.695599986007437,1.9370999943930656,0.0,True,ok,4354,4354
4632,72,7.2,38,215476.4187969,215476.4275395,8.23780000791885,8.742600010009483,4.828400007681921,2.136600000085309,33.38159999111667,True,ok,4628,4628
4633,73,7.300000000000001,38,215476.4519119,215476.4616529,8.782199991401285,9.741000016219914,5.641399999149144,1.8962000031024218,0.0,True,ok,4287,4287
4634,74,7.4,38,215476.4854778,215476.494207,8.277400018414482,8.729200024390593,5.0506999832578,1.9428000086918473,0.0,True,ok,4455,4455
4635,75,7.5,38,215476.5186797,215476.5276393,8.20380001096055,8.959600003436208,4.948799993144348,1.9869999960064888,0.0,True,ok,4560,4560
4636,76,7.6000000000000005,38,215476.5518156,215476.5629896,10.619800013955683,11.174000013852492,7.252800016431138,2.072200004477054,0.0,True,ok,4662,4662
4637,77,7.7,38,215476.585462,215476.5952562,8.503499993821606,9.794200013857335,4.9149999977089465,2.151399996364489,0.0,True,ok,4381,4381
4638,78,7.800000000000001,38,215476.6188927,215476.6278026,8.277899993117899,8.909900003345683,4.979300021659583,2.026400004979223,0.0,True,ok,4350,4350
4639,79,7.9,38,215476.6520118,215476.6623901,9.191100019961596,10.378300008596852,4.558600019663572,3.290799999376759,0.0,True,ok,4058,4058
4640,80,8.0,38,215476.6854233,215476.6947158,8.43479999457486,9.292500006267801,4.972899972926825,2.0488000009208918,0.0,True,ok,4074,4074
4641,81,8.1,38,215476.7184831,215476.7270558,8.022699999855831,8.572699996875599,4.794699983904138,1.9946999964304268,0.0,True,ok,4080,4080
4642,82,8.200000000000001,38,215476.751964,215476.7607633,8.239799994044006,8.7993000051938,4.90999998874031,2.0315999863669276,0.0,True,ok,4288,4288
4643,83,8.3,38,215476.7855691,215476.7947904,8.269999991171062,9.221299987984821,4.934700002195314,1.9936000171583146,0.0,True,ok,4269,4269
4644,84,8.4,38,215476.8186359,215476.8284213,9.166099975118414,9.785399975953624,4.9266999994870275,2.7073999808635563,0.0,True,ok,3996,3996
4645,85,8.5,38,215476.8519913,215476.8615632,8.922499982872978,9.571899980073795,5.107600009068847,2.3361000057775527,0.0,True,ok,4318,4318
4646,86,8.6,38,215476.8853045,215476.8948576,8.291600010124967,9.553100011544302,5.006199993658811,1.9650999747682363,0.0,True,ok,4410,4410
4647,87,8.700000000000001,38,215476.9186196,215476.9276004,8.19920000503771,8.980799990240484,4.870800010394305,2.016200014622882,0.0,True,ok,4345,4345
4648,88,8.8,38,215476.9517247,215476.960166,7.964799995534122,8.441300014965236,4.798200010554865,1.9255999941378832,0.0,True,ok,3995,3995
4649,89,8.9,38,215476.9851001,215476.9939223,8.126200002152473,8.822200004942715,4.7752000100445,2.0890000159852207,0.0,True,ok,4114,4114
4650,90,9.0,38,215477.0184598,215477.0279077,8.627699979115278,9.447899996303022,4.886799986707047,2.064500004053116,0.0,True,ok,4407,4407
4651,91,9.1,38,215477.0516678,215477.0619353,9.591100009856746,10.26750000892207,5.801099992822856,2.3913999903015792,0.0,True,ok,4504,4504
4652,92,9.200000000000001,38,215477.0851272,215477.0946733,8.400399994570762,9.546099987346679,4.845899995416403,2.245799987576902,0.0,True,ok,4602,4602
4653,93,9.3,38,215477.1185138,215477.1275932,8.422200015047565,9.07940001343377,4.768799990415573,2.3157999967224896,0.0,True,ok,4719,4719
4654,94,9.4,38,215477.1517704,215477.1607847,8.400899998378009,9.014300012495369,4.782500007422641,2.2631999745499343,0.0,True,ok,4623,4623
4655,95,9.5,38,215477.1849386,215477.1939717,8.41999999829568,9.033100010128692,4.870900011155754,2.183099975809455,0.0,True,ok,4555,4555
4656,96,9.600000000000001,38,215477.2185376,215477.2273795,8.295000006910414,8.841899980325252,4.818899993551895,2.135699993232265,0.0,True,ok,4902,4902
4657,97,9.700000000000001,38,215477.2516526,215477.2604024,8.274599997093901,8.749799977522343,4.717000003438443,2.1246999967843294,0.0,True,ok,4793,4793
4658,98,9.8,38,215477.285376,215477.2944459,8.56210000347346,9.069899999303743,5.094699998153374,2.063599997200072,0.0,True,ok,4857,4857
4659,99,9.9,38,215477.3185797,215477.3280374,8.845900010783225,9.457700012717396,4.833899991353974,2.164699981221929,0.0,True,ok,4985,4985
4660,100,10.0,38,215477.3518416,215477.3607468,8.406899985857308,8.905199996661395,4.802999988896772,2.2301000135485083,0.0,True,ok,4973,4973
4661,101,10.100000000000001,38,215477.3852455,215477.3939228,8.065100002568215,8.677300007548183,4.802500014193356,1.95720000192523,0.0,True,ok,4507,4507
4662,102,10.200000000000001,38,215477.4183421,215477.4271858,8.073700009845197,8.84370002313517,4.758099996251985,1.9900999905075878,0.0,True,ok,4834,4834
4663,103,10.3,38,215477.4521066,215477.4609453,8.174499991582707,8.838700014166534,4.7688999911770225,1.9808999786619097,0.0,True,ok,4943,4943
4664,104,10.4,38,215477.4850942,215477.4961745,10.518900002352893,11.080299998866394,4.941899998812005,4.222899995511398,0.0,True,ok,5082,5082
4665,105,10.5,38,215477.5183285,215477.5271668,8.15759997931309,8.838299982016906,4.7704000025987625,2.019900013692677,0.0,True,ok,4986,4986
4666,106,10.600000000000001,38,215477.5516776,215477.5620581,9.854500007349998,10.380500025348738,5.746399983763695,2.7830000035464764,0.0,True,ok,5037,5037
4667,107,10.700000000000001,38,215477.5851627,215477.5942684,8.449199987808242,9.105699980864301,4.7759999870322645,2.126400009728968,0.0,True,ok,5162,5162
4668,108,10.8,38,215477.6183885,215477.626948,8.149699977366254,8.559499983675778,4.72329999320209,2.1309999865479767,0.0,True,ok,4884,4884
4669,109,10.9,38,215477.651829,215477.6621873,9.742700000060722,10.358300001826137,6.314700003713369,2.000899985432625,0.0,True,ok,4890,4890
4670,110,11.0,38,215477.6854408,215477.6948337,8.74150000163354,9.392899984959513,4.949399997713044,2.378499979386106,0.0,True,ok,4848,4848
4671,111,11.100000000000001,38,215477.7186593,215477.7274193,8.113699994282797,8.759999996982515,4.56190001568757,2.0459000079426914,0.0,True,ok,5030,5030
4672,112,11.200000000000001,38,215477.7521075,215477.761358,8.724499988602474,9.250499977497384,5.000600009225309,2.1832000056747347,0.0,True,ok,5114,5114
4673,113,11.3,38,215477.7854091,215477.7955725,9.753999998793006,10.163400002056733,4.954799980623648,2.65800001216121,0.0,True,ok,5293,5293
4674,114,11.4,38,215477.8185107,215477.8277311,8.743399986997247,9.220400010235608,4.970299982232973,2.376599994022399,0.0,True,ok,5423,5423
4675,115,11.5,38,215477.8517156,215477.862949,10.537699999986216,11.23340000049211,6.635500001721084,2.3993000213522464,0.0,True,ok,5340,5340
4676,116,11.600000000000001,38,215477.885247,215477.8945245,8.802199998172,9.277500008465722,5.251099995803088,2.0766000088769943,0.0,True,ok,5279,5279
4677,117,11.700000000000001,38,215477.9184326,215477.928924,9.831100003793836,10.491399996681139,4.75150000420399,3.48770001437515,0.0,True,ok,5498,5498
4678,118,11.8,38,215477.9518978,215477.9620027,9.696199995232746,10.104899993166327,6.207700003869832,2.1018999977968633,33.46519998740405,True,ok,5517,5517
4679,119,11.9,38,215477.9849992,215477.9941927,8.5442999843508,9.193499980028719,4.925399989588186,2.2326000034809113,0.0,True,ok,5266,5266
4680,0,0.0,39,215478.0208107,215478.0297795,8.284900017315522,8.968800015281886,4.742399993119761,2.1951000089757144,0.0,True,ok,4708,4708
4681,1,0.1,39,215478.051845,215478.061022,8.398100006161258,9.17699999990873,4.782000003615394,2.0249999943189323,0.0,True,ok,4681,4681
4682,2,0.2,39,215478.0855425,215478.0952816,8.641599997645244,9.739100001752377,4.7451000136788934,2.373399998759851,0.0,True,ok,4360,4360
4683,3,0.30000000000000004,39,215478.1183104,215478.127304,8.61119999899529,8.993600000394508,4.996300005586818,2.232500002719462,0.0,True,ok,4532,4532
4684,4,0.4,39,215478.1517681,215478.161961,9.250800008885562,10.192899993853644,5.850699992151931,1.9933999865315855,33.45770001760684,True,ok,4533,4533
4685,5,0.5,39,215478.1854408,215478.1950238,8.492100023431703,9.58300000638701,4.92940002004616,2.2419000160880387,0.0,True,ok,4334,4334
4686,6,0.6000000000000001,39,215478.2188969,215478.2292833,9.614000009605661,10.386399982962757,4.66410000808537,3.572399989934638,0.0,True,ok,4462,4462
4687,7,0.7000000000000001,39,215478.2517791,215478.2618463,9.487000002991408,10.067199997138232,5.9526000113692135,2.150699991034344,0.0,True,ok,4479,4479
4688,8,0.8,39,215478.2855038,215478.2945735,8.414899988565594,9.069699997780845,4.769999999552965,1.949199999216944,0.0,True,ok,4534,4534
4689,9,0.9,39,215478.3188614,215478.3282908,8.977400022558868,9.429400000954047,5.149300006451085,2.3778000031597912,0.0,True,ok,4491,4491
4690,10,1.0,39,215478.3520022,215478.3623237,9.854000003542751,10.321500012651086,6.277699983911589,2.1955999836791307,0.0,True,ok,4600,4600
4691,11,1.1,39,215478.3853941,215478.3959034,9.948799997800961,10.509299987461418,4.6817000256851315,3.850499982945621,0.0,True,ok,4781,4781
4692,12,1.2000000000000002,39,215478.418761,215478.4280156,8.105599990813062,9.254599979612976,4.724500002339482,1.9917000026907772,0.0,True,ok,5044,5044
4693,13,1.3,39,215478.4517956,215478.4605522,8.04960000095889,8.756600000197068,4.556200001388788,2.0616999827325344,0.0,True,ok,4620,4620
4694,14,1.4000000000000001,39,215478.485373,215478.4945903,8.526899997377768,9.217299986630678,4.909600014798343,2.197800000431016,0.0,True,ok,4785,4785
4695,15,1.5,39,215478.5183945,215478.5283695,9.512600023299456,9.975000022677705,5.952700012130663,2.156500006094575,0.0,True,ok,5045,5045
4696,16,1.6,39,215478.5520181,215478.5638094,11.09869999345392,11.791299999458715,6.7313000035937876,2.7996999851893634,0.0,True,ok,5382,5382
4697,17,1.7000000000000002,39,215478.5856165,215478.595945,9.01259999955073,10.328500007744879,5.511099996510893,2.0311999833211303,0.0,True,ok,5312,5312
4698,18,1.8,39,215478.6188592,215478.6284097,9.139300003880635,9.55049999174662,5.718000000342727,1.965200004633516,0.0,True,ok,5363,5363
4699,19,1.9000000000000001,39,215478.651645,215478.660625,8.465199993224815,8.97999998414889,4.715800023404881,2.2111000143922865,0.0,True,ok,5455,5455
4700,20,2.0,39,215478.6850973,215478.69447,8.881899993866682,9.3726999766659,5.26119998539798,2.165100013371557,0.0,True,ok,5508,5508
4701,21,2.1,39,215478.7185056,215478.7278203,8.54879998951219,9.314700000686571,5.003800004487857,2.0109000033698976,0.0,True,ok,5300,5300
4702,22,2.2,39,215478.7520287,215478.7635721,10.941299988189712,11.543400003574789,7.29690000298433,2.153700013877824,0.0,True,ok,5384,5384
4703,23,2.3000000000000003,39,215478.7852256,215478.7948606,8.55769999907352,9.634999994887039,4.814999992959201,2.1819999965373427,0.0,True,ok,5355,5355
4704,24,2.4000000000000004,39,215478.818911,215478.8278009,8.466100000077859,8.889899996574968,4.924100008793175,2.127099985955283,0.0,True,ok,5072,5072
4705,25,2.5,39,215478.8521433,215478.8628059,10.183599981246516,10.662599990610033,6.5799999865703285,2.2163999965414405,0.0,True,ok,4851,4851
4706,26,2.6,39,215478.8854537,215478.8944202,8.191500004613772,8.966499997768551,4.784199991263449,1.9942999933846295,0.0,True,ok,4933,4933
4707,27,2.7,39,215478.9184147,215478.9271797,8.29249998787418,8.765000005951151,4.76779998280108,2.1191999840084463,0.0,True,ok,4889,4889
4708,28,2.8000000000000003,39,215478.9517871,215478.9623079,9.87650000024587,10.5207999877166,6.115500000305474,2.199900016421452,0.0,True,ok,4508,4508
4709,29,2.9000000000000004,39,215478.9852263,215478.9945833,8.71319998987019,9.357000002637506,5.0706999900285155,2.074699994409457,0.0,True,ok,4516,4516
4710,30,3.0,39,215479.018504,215479.0279234,8.442699996521696,9.419399983016774,4.969100002199411,2.0835000032093376,0.0,True,ok,4326,4326
4711,31,3.1,39,215479.051725,215479.0607549,8.337600011145696,9.029900014866143,4.911399999400601,2.065599983325228,0.0,True,ok,4407,4407
4712,32,3.2,39,215479.0852272,215479.0940177,7.906999991973862,8.790499996393919,4.6344999864231795,1.9825999916065484,0.0,True,ok,4113,4113
4713,33,3.3000000000000003,39,215479.1183848,215479.1266995,7.9415999935008585,8.31469998229295,4.825800016988069,1.867399987531826,0.0,True,ok,4211,4211
4714,34,3.4000000000000004,39,215479.1521893,215479.1621684,8.918400009861216,9.979100024793297,5.583599995588884,2.0394000166561455,0.0,True,ok,4198,4198
4715,35,3.5,39,215479.1853988,215479.1945535,8.462300000246614,9.154700004728511,4.89809998543933,2.212899998994544,0.0,True,ok,4125,4125
4716,36,3.6,39,215479.2188085,215479.2280324,8.54729997809045,9.223899978678674,4.918799997540191,2.2595000045839697,0.0,True,ok,4267,4267
4717,37,3.7,39,215479.251989,215479.2606285,8.184599981177598,8.639499981654808,4.7947999846655875,1.960299996426329,0.0,True,ok,3805,3805
4718,38,3.8000000000000003,39,215479.285201,215479.293862,8.259700000053272,8.660999999847263,4.830699996091425,2.1563000045716763,0.0,True,ok,3921,3921
4719,39,3.9000000000000004,39,215479.318613,215479.3277221,8.656699996208772,9.109099977649748,4.975099989678711,2.1481000003404915,0.0,True,ok,3864,3864
4720,40,4.0,39,215479.3520524,215479.3629652,10.45410000369884,10.912800004007295,6.368299975292757,2.580400003353134,33.43939999467693,True,ok,3828,3828
4721,41,4.1000000000000005,39,215479.3855449,215479.3947387,8.056200022110716,9.193800011416897,4.873399971984327,1.9638999947346747,0.0,True,ok,3659,3659
4722,42,4.2,39,215479.4183138,215479.4271693,8.231600018916652,8.85549999657087,4.7676000103820115,2.2074999869801104,32.76890001143329,True,ok,3989,3989
4723,43,4.3,39,215479.4520692,215479.4610218,7.83620000584051,8.952600008342415,4.3846000044140965,2.0126000163145363,0.0,True,ok,4294,4294
4724,44,4.4,39,215479.4855421,215479.4965739,9.737799991853535,11.031799978809431,5.5151999986264855,2.8968999977223575,0.0,True,ok,4623,4623
4725,45,4.5,39,215479.5185828,215479.5283097,9.246400004485622,9.726899996167049,5.162400018889457,2.5557000190019608,0.0,True,ok,4708,4708
4726,46,4.6000000000000005,39,215479.5517345,215479.5628986,10.354300000471994,11.164099996676669,7.025999977486208,2.0305000070948154,0.0,True,ok,4834,4834
4727,47,4.7,39,215479.5854062,215479.5947217,8.776400005444884,9.315500006778166,5.166699993424118,2.283999987412244,0.0,True,ok,4677,4677
4728,48,4.800000000000001,39,215479.6186799,215479.627519,8.426100015640259,8.8390999881085,5.188999988604337,1.9728000042960048,0.0,True,ok,4591,4591
4729,49,4.9,39,215479.6519596,215479.6623421,9.82139998814091,10.382499982370064,6.509600003482774,1.9745999888982624,0.0,True,ok,4442,4442
4730,50,5.0,39,215479.6850838,215479.693962,8.423699997365475,8.878199994796887,5.0571000028867275,2.085499989334494,0.0,True,ok,4408,4408
4731,51,5.1000000000000005,39,215479.7186548,215479.727554,8.428200002526864,8.899200009182096,4.8599999863654375,2.215599990449846,0.0,True,ok,4418,4418
4732,52,5.2,39,215479.7517605,215479.7629796,10.525099991355091,11.219100008020177,7.05980000202544,2.0594999950844795,0.0,True,ok,4600,4600
4733,53,5.300000000000001,39,215479.7849112,215479.7943477,8.978700003353879,9.436499996809289,5.659499991452321,2.0468000147957355,0.0,True,ok,4489,4489
4734,54,5.4,39,215479.8187782,215479.8278989,8.536599983926862,9.12070000777021,4.905500012682751,2.296899998327717,0.0,True,ok,4625,4625
4735,55,5.5,39,215479.8516628,215479.8627801,10.484200000064448,11.117299989564344,6.992799986619502,2.2427999938372523,0.0,True,ok,4379,4379
4736,56,5.6000000000000005,39,215479.8850855,215479.8938855,8.371600008103997,8.800000010523945,5.0171999901067466,2.09650001488626,0.0,True,ok,4212,4212
4737,57,5.7,39,215479.9185923,215479.9284506,9.418100002221763,9.858300007181242,6.035599973984063,2.1542000176850706,0.0,True,ok,4229,4229
4738,58,5.800000000000001,39,215479.9519184,215479.9622866,9.863399987807497,10.36819998989813,6.309399992460385,2.295200014486909,0.0,True,ok,4294,4294
4739,59,5.9,39,215479.9852974,215479.9969074,11.11649998347275,11.609999986831099,4.987399996025488,4.753399989567697,33.37900000042282,True,ok,4337,4337
4740,60,6.0,39,215480.0185554,215480.0277013,8.552599989343435,9.14589999592863,4.8500999982934445,2.3831000144127756,0.0,True,ok,4334,4334
4741,61,6.1000000000000005,39,215480.0519496,215480.0608207,8.368699986021966,8.871099998941645,4.818599991267547,2.267399977426976,33.3941999997478,True,ok,4169,4169
4742,62,6.2,39,215480.0852611,215480.0941813,8.468199986964464,8.920199994463474,5.068099999334663,2.1114000119268894,0.0,True,ok,4172,4172
4743,63,6.300000000000001,39,215480.118676,215480.1276859,8.417299977736548,9.009899978991598,5.05369997699745,2.153599984012544,0.0,True,ok,4147,4147
4744,64,6.4,39,215480.1521089,215480.1630175,10.217299975920469,10.908600001130253,6.197100010467693,2.6178999978583306,0.0,True,ok,4178,4178
4745,65,6.5,39,215480.1850001,215480.1941118,8.429799985606223,9.111699997447431,5.022500001359731,2.02390001504682,0.0,True,ok,4169,4169
4746,66,6.6000000000000005,39,215480.2187336,215480.2273905,8.124599989969283,8.65689999773167,4.863899986958131,2.002199995331466,0.0,True,ok,4168,4168
4747,67,6.7,39,215480.2517772,215480.2609943,8.040200016694143,9.21710001421161,4.738500021630898,2.0201000152155757,0.0,True,ok,4086,4086
4748,68,6.800000000000001,39,215480.285465,215480.2950829,8.52380000287667,9.617900010198355,4.97969999560155,2.119399985531345,0.0,True,ok,4379,4379
4749,69,6.9,39,215480.3189045,215480.3275554,7.96359998639673,8.650900010252371,4.8457999946549535,1.8202000064775348,0.0,True,ok,4282,4282
4750,70,7.0,39,215480.3520444,215480.3623703,9.660199983045459,10.325899987947196,6.2544000102207065,2.154600020730868,0.0,True,ok,4247,4247
4751,71,7.1000000000000005,39,215480.3850244,215480.3934553,7.858100027078763,8.430900023085997,4.616999998688698,1.9700999837368727,0.0,True,ok,4354,4354
4752,72,7.2,39,215480.4184403,215480.4275046,8.351500000571832,9.06429998576641,4.696999996667728,2.1917000121902674,0.0,True,ok,4628,4628
4753,73,7.300000000000001,39,215480.4517631,215480.4619866,9.776400023838505,10.223500023130327,6.496399990282953,2.0391000143717974,0.0,True,ok,4287,4287
4754,74,7.4,39,215480.4852876,215480.4948749,8.449000015389174,9.587300010025501,5.176300008315593,1.9871999975293875,0.0,True,ok,4455,4455
4755,75,7.5,39,215480.518837,215480.5277583,8.2630000251811,8.921300002839416,4.89229999948293,2.054000011412427,0.0,True,ok,4560,4560
4756,76,7.6000000000000005,39,215480.5517552,215480.5626251,10.200199991231784,10.869899997487664,6.753299996489659,2.136199997039512,0.0,True,ok,4662,4662
4757,77,7.7,39,215480.5855151,215480.5942438,8.031400007894263,8.728699991479516,4.833299986785278,1.9369999936316162,0.0,True,ok,4381,4381
4758,78,7.800000000000001,39,215480.6186472,215480.6272554,8.072600001469254,8.60820000525564,4.738599993288517,2.0435999904293567,0.0,True,ok,4350,4350
4759,79,7.9,39,215480.6516598,215480.6604298,8.1754999991972,8.769999985815957,4.7141999821178615,2.1838000102434307,0.0,True,ok,4058,4058
4760,80,8.0,39,215480.6852895,215480.6944555,7.974899985129014,9.166000003460795,4.838799999561161,1.8890000064857304,0.0,True,ok,4074,4074
4761,81,8.1,39,215480.7186526,215480.7297458,10.588799981633201,11.093200009781867,5.0814999849535525,4.0382999868597835,0.0,True,ok,4080,4080
4762,82,8.200000000000001,39,215480.7521521,215480.7618517,8.376699988730252,9.699599992018193,4.884599999058992,2.09500000346452,0.0,True,ok,4288,4288
4763,83,8.3,39,215480.7852541,215480.7949239,8.50889997673221,9.669799997936934,4.8368000134360045,1.9449999963399023,0.0,True,ok,4269,4269
4764,84,8.4,39,215480.8184277,215480.8270215,7.9787000140640885,8.593800012022257,4.7667000035289675,2.013100020121783,0.0,True,ok,3996,3996
4765,85,8.5,39,215480.8519816,215480.8616087,8.59620000119321,9.627100022044033,5.002299993066117,2.313400007551536,33.55389999342151,True,ok,4318,4318
4766,86,8.6,39,215480.8854306,215480.8938432,7.9098000132944435,8.41260000015609,4.700499994214624,1.934100000653416,0.0,True,ok,4410,4410
4767,87,8.700000000000001,39,215480.918419,215480.9278617,8.857900014845654,9.442700014915317,4.806999990250915,2.7279999922029674,0.0,True,ok,4345,4345
4768,88,8.8,39,215480.9519673,215480.960665,8.251499995822087,8.697699988260865,5.029299994930625,2.0203999883960932,0.0,True,ok,3995,3995
4769,89,8.9,39,215480.9852557,215480.9940296,8.1415000022389,8.77389998640865,4.8269000253640115,2.064200001768768,0.0,True,ok,4114,4114
4770,90,9.0,39,215481.0185975,215481.0270339,7.888299995101988,8.43640000675805,4.7082999954000115,1.9456000009085983,0.0,True,ok,4407,4407
4771,91,9.1,39,215481.0520639,215481.0628322,9.665799996582791,10.76830000965856,5.736399994930252,2.5295999948866665,0.0,True,ok,4504,4504
4772,92,9.200000000000001,39,215481.0852717,215481.0948213,9.009200002765283,9.549600013997406,5.038599978433922,2.5757999974302948,0.0,True,ok,4602,4602
4773,93,9.3,39,215481.1186977,215481.1275977,8.429599984083325,8.89999998616986,4.953800002112985,2.1844000148121268,33.42600000905804,True,ok,4719,4719
4774,94,9.4,39,215481.1520562,215481.16096,8.398500009207055,8.903800015104935,4.881700006080791,2.252500009490177,0.0,True,ok,4623,4623
4775,95,9.5,39,215481.1854743,215481.1944515,8.470999979181215,8.977199991932139,5.089500016765669,2.1188000100664794,0.0,True,ok,4555,4555
4776,96,9.600000000000001,39,215481.2182848,215481.2271888,8.39909998467192,8.903999987524003,4.87599999178201,2.2541999933309853,0.0,True,ok,4902,4902
4777,97,9.700000000000001,39,215481.2518837,215481.2605139,8.072399999946356,8.630199998151511,4.768299986608326,2.046000008704141,0.0,True,ok,4793,4793
4778,98,9.8,39,215481.285164,215481.2946436,8.36219999473542,9.479600004851818,5.188100010855123,1.946100004715845,0.0,True,ok,4857,4857
4779,99,9.9,39,215481.3185943,215481.3273886,8.21550001273863,8.794299996225163,4.765399993630126,2.224199997726828,0.0,True,ok,4985,4985
4780,100,10.0,39,215481.3519187,215481.3606709,8.136199990985915,8.752199995797127,4.836499982047826,2.0194000098854303,0.0,True,ok,4973,4973
4781,101,10.100000000000001,39,215481.3849602,215481.3936324,8.146399981342256,8.672199997818097,4.8303000221494585,2.0927000150550157,0.0,True,ok,4507,4507
4782,102,10.200000000000001,39,215481.4184347,215481.4276849,8.635500009404495,9.250200004316866,4.651600000215694,2.5698999816086143,0.0,True,ok,4834,4834
4783,103,10.3,39,215481.4520541,215481.4606864,8.084400004008785,8.632300014141947,4.80039999820292,2.0702999900095165,0.0,True,ok,4943,4943
4784,104,10.4,39,215481.4852155,215481.4935908,7.852900016587228,8.375300007173792,4.731499997433275,1.8912000232376158,0.0,True,ok,5082,5082
4785,105,10.5,39,215481.5185383,215481.5273647,8.1355000147596,8.826400007819757,4.812099999981001,2.0334000000730157,0.0,True,ok,4986,4986
4786,106,10.600000000000001,39,215481.5518544,215481.5606175,7.890600012615323,8.763100020587444,4.628399998182431,2.0124000147916377,0.0,True,ok,5037,5037
4787,107,10.700000000000001,39,215481.585408,215481.5941669,8.143300015944988,8.758899988606572,4.902100015897304,2.0382999791763723,0.0,True,ok,5162,5162
4788,108,10.8,39,215481.6187351,215481.6274861,7.749300013529137,8.751000015763566,4.620499996235594,1.9762000010814518,33.32709998358041,True,ok,4884,4884
4789,109,10.9,39,215481.6519415,215481.6607732,8.437200012849644,8.831700019072741,5.24930001120083,1.9262999994680285,0.0,True,ok,4890,4890
4790,110,11.0,39,215481.6850094,215481.6938995,8.434500021394342,8.890099998097867,5.136199994012713,2.1154000132810324,0.0,True,ok,4848,4848
4791,111,11.100000000000001,39,215481.7185468,215481.7273237,8.256700006313622,8.776900009252131,4.908000002615154,2.1086999913677573,0.0,True,ok,5030,5030
4792,112,11.200000000000001,39,215481.751991,215481.7608427,7.982999988598749,8.851699996739626,4.752299981191754,2.0093999919481575,0.0,True,ok,5114,5114
4793,113,11.3,39,215481.7851275,215481.7937702,8.111599978292361,8.642699976917356,4.635499994037673,2.235299994936213,0.0,True,ok,5293,5293
4794,114,11.4,39,215481.8186711,215481.8276837,8.505199977662414,9.01259999955073,5.0171999901067466,2.2470999974757433,0.0,True,ok,5423,5423
4795,115,11.5,39,215481.85217,215481.8625146,9.621400007745251,10.3446000139229,6.182999990414828,2.1822999988216907,0.0,True,ok,5340,5340
4796,116,11.600000000000001,39,215481.8854105,215481.8952801,8.646300004329532,9.869600005913526,5.0066999974660575,2.2601999808102846,0.0,True,ok,5279,5279
4797,117,11.700000000000001,39,215481.9184257,215481.9274784,8.574700012104586,9.05270001385361,4.948299989337102,2.3886999988462776,0.0,True,ok,5498,5498
4798,118,11.8,39,215481.9520937,215481.9620962,9.588300017639995,10.002499999245629,6.002599984640256,2.371699985815212,0.0,True,ok,5517,5517
4799,119,11.9,39,215481.9851652,215481.9942187,8.350000018253922,9.053500019945204,4.889500007266179,2.216799999587238,0.0,True,ok,5266,5266
4800,0,0.0,40,215482.0211162,215482.0297021,7.797500002197921,8.58590001007542,4.4735999836120754,2.139099990017712,0.0,True,ok,4708,4708
4801,1,0.1,40,215482.051954,215482.0606735,8.070700016105548,8.719500008737668,4.725000006146729,2.0775000157300383,0.0,True,ok,4681,4681
4802,2,0.2,40,215482.0849883,215482.0934435,7.789800001773983,8.455200004391372,4.611499985912815,1.9586999842431396,0.0,True,ok,4360,4360
4803,3,0.30000000000000004,40,215482.1184098,215482.1270763,7.9923000012058765,8.666500012623146,4.541300004348159,2.1203999931458384,33.421500003896654,True,ok,4532,4532
4804,4,0.4,40,215482.1520691,215482.1618864,9.412399987922981,9.817299986025319,6.219400005647913,1.9879000028595328,0.0,True,ok,4533,4533
4805,5,0.5,40,215482.185532,215482.1966298,9.97269997606054,11.097799986600876,4.918499995255843,3.836599993519485,0.0,True,ok,4334,4334
4806,6,0.6000000000000001,40,215482.2187537,215482.2281483,8.791200001724064,9.394599997904152,4.5797000057064,2.8740999987348914,0.0,True,ok,4462,4462
4807,7,0.7000000000000001,40,215482.2520913,215482.262832,9.999900008551776,10.740700003225356,6.945000000996515,1.864599995315075,0.0,True,ok,4479,4479
4808,8,0.8,40,215482.2857497,215482.2942284,8.112499985145405,8.478699979605153,4.941899998812005,1.9808999786619097,0.0,True,ok,4534,4534
4809,9,0.9,40,215482.3187064,215482.3270477,7.888299995101988,8.341300010215491,4.768499988131225,1.9582000095397234,0.0,True,ok,4491,4491
4810,10,1.0,40,215482.3519589,215482.3620453,9.44949997938238,10.086399997817352,5.996199994115159,2.2541999933309853,0.0,True,ok,4600,4600
4811,11,1.1,40,215482.3852379,215482.3940629,8.213200024329126,8.825000026263297,4.923899978166446,2.0798000041395426,0.0,True,ok,4781,4781
4812,12,1.2000000000000002,40,215482.4189135,215482.4276022,8.246500015957281,8.688700007041916,4.977200005669147,2.0330999977886677,33.67560001788661,True,ok,5044,5044
4813,13,1.3,40,215482.4520712,215482.4617802,9.124900010647252,9.70900000538677,5.682499991962686,2.2166999988257885,0.0,True,ok,4620,4620
4814,14,1.4000000000000001,40,215482.4852939,215482.4956926,9.180299995932728,10.398699989309534,5.810700007714331,2.157899987651035,0.0,True,ok,4785,4785
4815,15,1.5,40,215482.51863,215482.5273,8.220999996410683,8.669999981066212,4.946400003973395,2.0579000120051205,0.0,True,ok,5045,5045
4816,16,1.6,40,215482.5517328,215482.5615279,9.160399989923462,9.795099991606548,4.849699995247647,2.7888999902643263,0.0,True,ok,5382,5382
4817,17,1.7000000000000002,40,215482.5850786,215482.5939372,8.38730001123622,8.85859999107197,4.916900012176484,2.195399982156232,0.0,True,ok,5312,5312
4818,18,1.8,40,215482.6185416,215482.6267541,7.697699998971075,8.21249998989515,4.595700011122972,1.8580000032670796,0.0,True,ok,5363,5363
4819,19,1.9000000000000001,40,215482.6518965,215482.6625154,10.128699999768287,10.618900007102638,6.576200015842915,2.1775999921374023,0.0,True,ok,5455,5455
4820,20,2.0,40,215482.6855594,215482.6947741,8.714499999769032,9.214699995936826,5.061599978944287,2.3055000056046993,0.0,True,ok,5508,5508
4821,21,2.1,40,215482.7186626,215482.7283823,9.144100011326373,9.719699999550357,4.922199994325638,2.1459999843500555,0.0,True,ok,5300,5300
4822,22,2.2,40,215482.7519791,215482.7605827,8.00649999291636,8.6035999993328,4.584800015436485,2.1220999769866467,0.0,True,ok,5384,5384
4823,23,2.3000000000000003,40,215482.7850848,215482.7948026,8.673799980897456,9.71779998508282,5.319199990481138,2.1158999879844487,0.0,True,ok,5355,5355
4824,24,2.4000000000000004,40,215482.8188095,215482.8293068,9.88090000464581,10.49730001250282,4.986599989933893,3.6697000032290816,0.0,True,ok,5072,5072
4825,25,2.5,40,215482.851857,215482.8623616,9.704900003271177,10.50460000988096,6.15899998228997,2.3384999949485064,0.0,True,ok,4851,4851
4826,26,2.6,40,215482.8850041,215482.8939443,8.230500010540709,8.940200001234189,4.974199982825667,2.003900008276105,0.0,True,ok,4933,4933
4827,27,2.7,40,215482.9184291,215482.9268118,7.916999980807304,8.382699976209551,4.749199986690655,1.9404000195208937,0.0,True,ok,4889,4889
4828,28,2.8000000000000003,40,215482.9521108,215482.9605508,8.055699989199638,8.440000005066395,4.679700010456145,2.2236000222619623,0.0,True,ok,4508,4508
4829,29,2.9000000000000004,40,215482.9853157,215482.9938027,8.00669999443926,8.486999984597787,4.816100001335144,2.009499992709607,0.0,True,ok,4516,4516
4830,30,3.0,40,215483.0184808,215483.0270859,8.108499983791262,8.60509998165071,4.835500003537163,2.1323999972082675,0.0,True,ok,4326,4326
4831,31,3.1,40,215483.0520981,215483.0608191,8.08060000417754,8.721000020159408,4.812499973922968,2.1065000037197024,0.0,True,ok,4407,4407
4832,32,3.2,40,215483.08527,215483.0939073,7.928900013212115,8.637299994006753,4.836300009628758,1.948599994648248,0.0,True,ok,4113,4113
4833,33,3.3000000000000003,40,215483.1188006,215483.127196,7.907399995019659,8.395399985602126,4.64929998270236,2.105199993820861,0.0,True,ok,4211,4211
4834,34,3.4000000000000004,40,215483.1518682,215483.1620955,9.618000010959804,10.227300022961572,6.488399987574667,1.9031999981962144,0.0,True,ok,4198,4198
4835,35,3.5,40,215483.1854896,215483.1944175,8.464099984848872,8.927899994887412,5.134800012456253,2.2072999854572117,0.0,True,ok,4125,4125
4836,36,3.6,40,215483.2184057,215483.2287193,9.850500005995855,10.31360001070425,5.316199996741489,3.3856999943964183,0.0,True,ok,4267,4267
4837,37,3.7,40,215483.251926,215483.2630584,10.516700014704838,11.132400017231703,7.129599980544299,2.1763000113423914,0.0,True,ok,3805,3805
4838,38,3.8000000000000003,40,215483.2851511,215483.2942067,8.681799983605742,9.05560000683181,5.18559999181889,2.377500000875443,0.0,True,ok,3921,3921
4839,39,3.9000000000000004,40,215483.3183967,215483.3273021,8.363500004634261,8.905399998184294,4.997600015485659,2.2317999973893166,0.0,True,ok,3864,3864
4840,40,4.0,40,215483.3520524,215483.362227,9.526100009679794,10.174600000027567,6.1375999939627945,2.147399995010346,0.0,True,ok,3828,3828
4841,41,4.1000000000000005,40,215483.3853463,215483.3940848,8.262000017566606,8.73850000789389,5.070899991551414,2.050300012342632,0.0,True,ok,3659,3659
4842,42,4.2,40,215483.4188006,215483.4276989,8.310699980938807,8.898300002329051,4.752199980430305,2.242900023702532,0.0,True,ok,3989,3989
4843,43,4.3,40,215483.4517309,215483.4618559,9.695400018244982,10.125000000698492,6.447199993999675,2.1032999793533236,0.0,True,ok,4294,4294
4844,44,4.4,40,215483.4854613,215483.4943234,8.417600009124726,8.862099988618866,5.009700020309538,2.237100008642301,0.0,True,ok,4623,4623
4845,45,4.5,40,215483.5184468,215483.5278251,8.722800004761666,9.378299990203232,5.022500001359731,2.440100011881441,0.0,True,ok,4708,4708
4846,46,4.6000000000000005,40,215483.5517092,215483.5629412,10.691000003134832,11.23200001893565,7.331199973123148,2.0428999850992113,0.0,True,ok,4834,4834
4847,47,4.7,40,215483.5853325,215483.594142,8.271399972727522,8.80949999555014,4.804399999557063,2.291899989359081,0.0,True,ok,4677,4677
4848,48,4.800000000000001,40,215483.61852,215483.6269661,8.056600025156513,8.446100022410974,4.904299974441528,2.018099999986589,0.0,True,ok,4591,4591
4849,49,4.9,40,215483.6519665,215483.6623119,9.909299988066778,10.345399990910664,6.7174000141676515,2.023000008193776,0.0,True,ok,4442,4442
4850,50,5.0,40,215483.685019,215483.693875,8.20959999691695,8.856000000378117,4.843599977903068,2.155299996957183,0.0,True,ok,4408,4408
4851,51,5.1000000000000005,40,215483.7183549,215483.7273753,8.261899987701327,9.020400000736117,4.651299997931346,2.3873000172898173,0.0,True,ok,4418,4418
4852,52,5.2,40,215483.7521123,215483.7613088,7.890499982750043,9.196500002872199,4.673899995395914,2.0209000213071704,0.0,True,ok,4600,4600
4853,53,5.300000000000001,40,215483.7852992,215483.7941037,8.387899986701086,8.804499986581504,5.149300006451085,2.068000001600012,0.0,True,ok,4489,4489
4854,54,5.4,40,215483.8183785,215483.8283266,8.241100003942847,9.948099992470816,4.85670001944527,2.202799980295822,0.0,True,ok,4625,4625
4855,55,5.5,40,215483.8520433,215483.8631234,10.601099987979978,11.080099997343495,6.3239000155590475,2.973399998154491,0.0,True,ok,4379,4379
4856,56,5.6000000000000005,40,215483.8851478,215483.8941386,8.272400009445846,8.990800008177757,5.034000001614913,2.001299988478422,0.0,True,ok,4212,4212
4857,57,5.7,40,215483.9186216,215483.9272674,7.99769998411648,8.645800000522286,4.645200009690598,2.1926999907009304,0.0,True,ok,4229,4229
4858,58,5.800000000000001,40,215483.9516609,215483.9622496,9.949900006176904,10.588700009975582,6.504399992991239,2.253799990285188,0.0,True,ok,4294,4294
4859,59,5.9,40,215483.985314,215483.9945855,8.816300018224865,9.271500020986423,5.0651000055950135,2.291099983267486,0.0,True,ok,4337,4337
4860,60,6.0,40,215484.0185346,215484.0288605,9.673900000052527,10.325899987947196,5.116499989526346,3.3859999966807663,0.0,True,ok,4334,4334
4861,61,6.1000000000000005,40,215484.0519043,215484.0608431,8.017799991648644,8.938799990573898,4.569899989292026,2.191000006860122,0.0,True,ok,4169,4169
4862,62,6.2,40,215484.085232,215484.0963607,10.506699996767566,11.128699989058077,5.209599999943748,4.014000005554408,0.0,True,ok,4172,4172
4863,63,6.300000000000001,40,215484.1185509,215484.1276294,8.228199993027374,9.078500006580725,4.953399999067187,2.115999988745898,0.0,True,ok,4147,4147
4864,64,6.4,40,215484.1519593,215484.1623251,9.157200023764744,10.365800000727177,5.815499986056238,1.9871999975293875,0.0,True,ok,4178,4178
4865,65,6.5,40,215484.1852108,215484.1940106,8.125000022118911,8.799800009001046,4.65220000478439,2.1278999920468777,0.0,True,ok,4169,4169
4866,66,6.6000000000000005,40,215484.2187172,215484.2274574,7.9944000171963125,8.740199991734698,4.755200003273785,2.0200000144541264,0.0,True,ok,4168,4168
4867,67,6.7,40,215484.2518453,215484.2626509,10.224400000879541,10.805600002640858,6.99169997824356,1.9925999804399908,0.0,True,ok,4086,4086
4868,68,6.800000000000001,40,215484.2853938,215484.2954252,9.612299996661022,10.031399986473843,6.147500011138618,2.256200008559972,0.0,True,ok,4379,4379
4869,69,6.9,40,215484.3186568,215484.3276665,8.262099989224225,9.00970000657253,4.900400002952665,2.1099000005051494,0.0,True,ok,4282,4282
4870,70,7.0,40,215484.3521498,215484.3624045,9.775099984835833,10.254699998768046,6.424499995773658,2.1250999998301268,0.0,True,ok,4247,4247
4871,71,7.1000000000000005,40,215484.3852924,215484.3939375,8.193599991500378,8.64509999519214,4.702000005636364,1.9788000208791345,0.0,True,ok,4354,4354
4872,72,7.2,40,215484.4187604,215484.4274774,8.283200004370883,8.716999989701435,4.963199986377731,2.08609999390319,0.0,True,ok,4628,4628
4873,73,7.300000000000001,40,215484.4517905,215484.464867,12.666900001931936,13.076500006718561,6.432800000766292,4.383399995276704,0.0,True,ok,4287,4287
4874,74,7.4,40,215484.4853016,215484.4937638,8.00810000509955,8.462199999485165,4.934900003718212,1.8447999900672585,0.0,True,ok,4455,4455
4875,75,7.5,40,215484.518785,215484.5276656,8.392899995669723,8.880600013071671,5.026300001190975,2.111600013449788,0.0,True,ok,4560,4560
4876,76,7.6000000000000005,40,215484.5521034,215484.5629103,10.032300022430718,10.8069000125397,6.787699996493757,1.9993999740108848,0.0,True,ok,4662,4662
4877,77,7.7,40,215484.5853071,215484.5944913,8.712799986824393,9.184199996525422,4.952200019033626,2.4935000110417604,0.0,True,ok,4381,4381
4878,78,7.800000000000001,40,215484.6186582,215484.6274402,8.34890000987798,8.782000018982217,4.835500003537163,2.252200007205829,0.0,True,ok,4350,4350
4879,79,7.9,40,215484.6519343,215484.6609358,8.49690000177361,9.001500002341345,4.9236000049859285,2.2778999991714954,0.0,True,ok,4058,4058
4880,80,8.0,40,215484.6854238,215484.6945697,8.651499985717237,9.14589999592863,5.28490002034232,2.123600017512217,33.489499997813255,True,ok,4074,4074
4881,81,8.1,40,215484.7185169,215484.7271516,8.170899993274361,8.6347000033129,4.945100023178384,2.040299994405359,0.0,True,ok,4080,4080
4882,82,8.200000000000001,40,215484.751828,215484.7604214,7.898699986981228,8.593399979872629,4.703799990238622,1.9709000189322978,0.0,True,ok,4288,4288
4883,83,8.3,40,215484.785387,215484.7940087,8.05699999909848,8.621699991635978,4.808500001672655,2.0369999983813614,0.0,True,ok,4269,4269
4884,84,8.4,40,215484.8183568,215484.8271973,8.327500021550804,8.840499998768792,4.906799993477762,2.079600002616644,0.0,True,ok,3996,3996
4885,85,8.5,40,215484.8518518,215484.860935,8.416299999225885,9.083200013265014,4.831199999898672,2.192899992223829,0.0,True,ok,4318,4318
4886,86,8.6,40,215484.8855334,215484.8947282,8.593999984441325,9.19479998992756,4.9835000245366246,2.3440999793820083,33.68160000536591,True,ok,4410,4410
4887,87,8.700000000000001,40,215484.9188476,215484.9274522,7.955800014315173,8.604600006947294,4.760300013003871,1.955099985934794,0.0,True,ok,4345,4345
4888,88,8.8,40,215484.9518232,215484.9605921,8.097399986581877,8.768899977440014,4.833799990592524,2.0080000103916973,0.0,True,ok,3995,3995
4889,89,8.9,40,215484.9852297,215484.9949202,9.244899993063882,9.690500010037795,6.048499984899536,1.9724000012502074,0.0,True,ok,4114,4114
4890,90,9.0,40,215485.0185067,215485.0273593,8.371300005819649,8.85260000359267,4.964099993230775,2.0875999762210995,0.0,True,ok,4407,4407
4891,91,9.1,40,215485.0519131,215485.0613687,8.124000014504418,9.45559999672696,4.651600000215694,2.1853999933227897,0.0,True,ok,4504,4504
4892,92,9.200000000000001,40,215485.0855875,215485.0950353,8.36070001241751,9.447799995541573,4.864899994572625,2.2256999800447375,33.67440000874922,True,ok,4602,4602
4893,93,9.3,40,215485.1186772,215485.1297487,10.648600000422448,11.071500019170344,6.7678000195883214,2.4793999909888953,0.0,True,ok,4719,4719
4894,94,9.4,40,215485.1521361,215485.1608125,8.094799995888025,8.67640000069514,4.585099988617003,2.1890999923925847,0.0,True,ok,4623,4623
4895,95,9.5,40,215485.1851504,215485.1951783,9.465299983276054,10.027899988926947,5.888699990464374,2.2227000154089183,0.0,True,ok,4555,4555
4896,96,9.600000000000001,40,215485.2187066,215485.2278515,8.651500014821067,9.144900017417967,5.001800018362701,2.218499983428046,0.0,True,ok,4902,4902
4897,97,9.700000000000001,40,215485.2518214,215485.2607363,8.456100011244416,8.91490001231432,5.0740999868139625,1.9791999948211014,0.0,True,ok,4793,4793
4898,98,9.8,40,215485.2850805,215485.2940782,8.511099993484095,8.9977000025101,4.843200003961101,2.3083999985828996,33.25910001876764,True,ok,4857,4857
4899,99,9.9,40,215485.3184231,215485.3273594,8.456599985947832,8.936300000641495,4.979000019375235,2.095900010317564,33.342599985189736,True,ok,4985,4985
4900,100,10.0,40,215485.3516931,215485.3605929,8.388399990508333,8.899799984646961,4.912600008537993,2.007300005061552,33.270000014454126,True,ok,4973,4973
4901,101,10.100000000000001,40,215485.3852752,215485.3944488,8.529800019459799,9.173600003123283,4.865800001425669,2.227999997558072,0.0,True,ok,4507,4507
4902,102,10.200000000000001,40,215485.4189663,215485.4280571,8.399800019105896,9.090800012927502,4.763500008266419,1.9354000105522573,0.0,True,ok,4834,4834
4903,103,10.3,40,215485.4519969,215485.4609932,8.278399996925145,8.99629999184981,4.705400002421811,2.2357999987434596,0.0,True,ok,4943,4943
4904,104,10.4,40,215485.4854194,215485.4950383,8.250299986684695,9.618899988709018,4.801500006578863,1.9743000157177448,0.0,True,ok,5082,5082
4905,105,10.5,40,215485.5185665,215485.5277698,8.086300018476322,9.203300025546923,4.746799997519702,2.0349000114947557,0.0,True,ok,4986,4986
4906,106,10.600000000000001,40,215485.5516405,215485.5607746,8.450699999229982,9.1340999933891,5.194099998334423,1.91269998322241,0.0,True,ok,5037,5037
4907,107,10.700000000000001,40,215485.5849823,215485.5941821,8.75189999351278,9.199799998896196,5.315400019753724,2.1120000164955854,0.0,True,ok,5162,5162
4908,108,10.8,40,215485.6184768,215485.6273118,8.422399987466633,8.834999985992908,5.129700002726167,2.0330999977886677,0.0,True,ok,4884,4884
4909,109,10.9,40,215485.6518798,215485.6618043,9.470000019064173,9.924500016495585,6.267599994316697,1.892300002509728,0.0,True,ok,4890,4890
4910,110,11.0,40,215485.6856167,215485.695114,8.851399994455278,9.497299994109198,5.054800014477223,2.442700002575293,0.0,True,ok,4848,4848
4911,111,11.100000000000001,40,215485.7184494,215485.7273243,8.190699998522177,8.87489999877289,4.725700011476874,2.1419000113382936,0.0,True,ok,5030,5030
4912,112,11.200000000000001,40,215485.7520437,215485.761186,7.9224999935831875,9.142299997620285,4.692099988460541,1.8874999950639904,0.0,True,ok,5114,5114
4913,113,11.3,40,215485.7853445,215485.7951099,9.376500005600974,9.765399998286739,4.881400003796443,3.0639999895356596,0.0,True,ok,5293,5293
4914,114,11.4,40,215485.8184031,215485.8274083,8.55779999983497,9.00520000141114,4.943899984937161,2.258300024550408,0.0,True,ok,5423,5423
4915,115,11.5,40,215485.8519751,215485.8611325,8.480399992549792,9.157399996183813,4.814799991436303,2.272599987918511,0.0,True,ok,5340,5340
4916,116,11.600000000000001,40,215485.8854034,215485.8949086,9.034599992446601,9.505199996056035,4.919700004393235,2.6371999992989004,33.42829999746755,True,ok,5279,5279
4917,117,11.700000000000001,40,215485.9183991,215485.927426,8.439400000497699,9.026900021126494,4.855100007262081,2.1903000015299767,0.0,True,ok,5498,5498
4918,118,11.8,40,215485.9520442,215485.9620297,8.960100007243454,9.985499986214563,5.260200006887317,2.360599988605827,0.0,True,ok,5517,5517
4919,119,11.9,40,215485.9852527,215485.9943789,8.5042999999132,9.126200020546094,4.877300001680851,2.2311000211630017,0.0,True,ok,5266,5266
4920,0,0.0,41,215486.0211604,215486.0298896,8.194499998353422,8.729199995286763,4.650099988793954,2.2855000279378146,0.0,True,ok,4708,4708
4921,1,0.1,41,215486.0521603,215486.0613771,8.100600010948256,9.216800011927262,4.774600005475804,1.9668999884743243,0.0,True,ok,4681,4681
4922,2,0.2,41,215486.0853747,215486.0942687,8.186399994883686,8.89399999869056,4.796299996087328,1.9714999943971634,0.0,True,ok,4360,4360
4923,3,0.30000000000000004,41,215486.118584,215486.1274656,8.269599988125265,8.881599991582334,4.705799976363778,2.1610000112559646,0.0,True,ok,4532,4532
4924,4,0.4,41,215486.1518359,215486.1622605,9.76379998610355,10.4245999827981,6.197100010467693,2.2453999845311046,0.0,True,ok,4533,4533
4925,5,0.5,41,215486.1850655,215486.1941235,8.414899988565594,9.057999996002764,4.934699973091483,2.1801000111736357,0.0,True,ok,4334,4334
4926,6,0.6000000000000001,41,215486.2183532,215486.227483,8.370700001250952,9.129799989750609,4.892800003290176,2.021499996772036,0.0,True,ok,4462,4462
4927,7,0.7000000000000001,41,215486.2519262,215486.2611218,8.300299989059567,9.195599996019155,4.825800016988069,2.177799993660301,0.0,True,ok,4479,4479
4928,8,0.8,41,215486.2854894,215486.2941239,8.05239999317564,8.634500001790002,4.622399981599301,2.152999979443848,0.0,True,ok,4534,4534
4929,9,0.9,41,215486.3184054,215486.3270185,7.986499986145645,8.613099984358996,4.818899993551895,1.8711999873630702,0.0,True,ok,4491,4491
4930,10,1.0,41,215486.3518276,215486.3621119,9.641999989980832,10.284299991326407,6.136299984063953,2.1975999989081174,0.0,True,ok,4600,4600
4931,11,1.1,41,215486.3851409,215486.3936789,8.054500009166077,8.537999994587153,4.731900000479072,2.002499997615814,0.0,True,ok,4781,4781
4932,12,1.2000000000000002,41,215486.4186089,215486.427359,8.300799992866814,8.750099979806691,4.783599986694753,2.1582999906968325,0.0,True,ok,5044,5044
4933,13,1.3,41,215486.4519575,215486.4616965,8.675499993842095,9.739000000990927,5.3755999833811074,2.001100016059354,0.0,True,ok,4620,4620
4934,14,1.4000000000000001,41,215486.4855343,215486.4944027,8.369399991352111,8.868399978382513,4.986199986888096,2.0256999996490777,0.0,True,ok,4785,4785
4935,15,1.5,41,215486.5188728,215486.5279299,8.37250001495704,9.05710001825355,4.909600014798343,2.0702999900095165,0.0,True,ok,5045,5045
4936,16,1.6,41,215486.5521596,215486.5611398,8.447200001683086,8.980200014775619,4.845099989324808,2.1678000048268586,0.0,True,ok,5382,5382
4937,17,1.7000000000000002,41,215486.5855347,215486.5945655,8.319800021126866,9.030800021719187,4.885999980615452,1.96460000006482,0.0,True,ok,5312,5312
4938,18,1.8,41,215486.6184367,215486.6270766,8.263900002930313,8.639900013804436,4.907599999569356,1.9375999982003123,0.0,True,ok,5363,5363
4939,19,1.9000000000000001,41,215486.6517481,215486.6629288,10.727900022175163,11.180700006661937,6.708600005367771,2.4280000070575625,0.0,True,ok,5455,5455
4940,20,2.0,41,215486.6852387,215486.6980388,12.333100021351129,12.800099997548386,5.520200007595122,4.222999996272847,0.0,True,ok,5508,5508
4941,21,2.1,41,215486.7184197,215486.7271646,8.168799977283925,8.744899998418987,4.719399992609397,1.9992000015918165,0.0,True,ok,5300,5300
4942,22,2.2,41,215486.7518349,215486.7614257,9.142299997620285,9.590800007572398,4.8288000107277185,2.8263000131119043,0.0,True,ok,5384,5384
4943,23,2.3000000000000003,41,215486.7853238,215486.794887,8.321600005729124,9.563200001139194,4.748000006657094,2.1241999929770827,0.0,True,ok,5355,5355
4944,24,2.4000000000000004,41,215486.818872,215486.8280434,8.71919997734949,9.171399986371398,5.0675999955274165,2.266399998916313,0.0,True,ok,5072,5072
4945,25,2.5,41,215486.8521805,215486.8628477,9.40509999054484,10.667199996532872,5.795400007627904,2.1856999956071377,0.0,True,ok,4851,4851
4946,26,2.6,41,215486.8851402,215486.8942707,8.666799985803664,9.130499995080754,5.234000011114404,2.0201999868731946,0.0,True,ok,4933,4933
4947,27,2.7,41,215486.9186056,215486.9287911,9.101000003283843,10.185500024817884,5.670700018526986,2.0213999960105866,0.0,True,ok,4889,4889
4948,28,2.8000000000000003,41,215486.9519333,215486.962156,9.654299996327609,10.222699987934902,6.170200009364635,2.1360999962780625,0.0,True,ok,4508,4508
4949,29,2.9000000000000004,41,215486.9851452,215486.9953639,9.26150000304915,10.21870001568459,5.859600001713261,2.007699979003519,33.21189997950569,True,ok,4516,4516
4950,30,3.0,41,215487.0187978,215487.029097,9.670200000982732,10.299199988367036,5.053200002294034,2.600799984065816,0.0,True,ok,4326,4326
4951,31,3.1,41,215487.0518511,215487.0630686,9.930999978678301,11.217499995836988,6.516399997053668,2.0398999913595617,0.0,True,ok,4407,4407
4952,32,3.2,41,215487.0852074,215487.0938639,8.118400000967085,8.656499994685873,4.754699999466538,2.049400005489588,0.0,True,ok,4113,4113
4953,33,3.3000000000000003,41,215487.1187942,215487.1295871,10.413100011646748,10.792899993248284,5.303399986587465,3.773299977183342,33.5868000111077,True,ok,4211,4211
4954,34,3.4000000000000004,41,215487.1517066,215487.1621913,9.824200009461492,10.484700003871694,6.380799983162433,1.924200012581423,0.0,True,ok,4198,4198
4955,35,3.5,41,215487.1853222,215487.1944971,8.697999990545213,9.174899983918294,5.050399980973452,2.2947000106796622,0.0,True,ok,4125,4125
4956,36,3.6,41,215487.2188474,215487.2281585,8.829200000036508,9.311099973274395,5.15889999223873,2.359900012379512,0.0,True,ok,4267,4267
4957,37,3.7,41,215487.2520293,215487.262454,9.94460002402775,10.42470001266338,6.634999997913837,2.0286000217311084,0.0,True,ok,3805,3805
4958,38,3.8000000000000003,41,215487.2854117,215487.2943565,8.207900013076141,8.944800007157028,4.816000000573695,2.1385999862104654,0.0,True,ok,3921,3921
4959,39,3.9000000000000004,41,215487.3184566,215487.3276094,8.662400010507554,9.152799990260974,5.011000001104549,2.2296000097412616,0.0,True,ok,3864,3864
4960,40,4.0,41,215487.3517205,215487.3622995,10.11649999418296,10.578999994322658,6.746600003680214,2.0465999841690063,0.0,True,ok,3828,3828
4961,41,4.1000000000000005,41,215487.3852593,215487.3942363,8.522899996023625,8.97699999040924,4.910099989501759,2.359399979468435,0.0,True,ok,3659,3659
4962,42,4.2,41,215487.4187477,215487.4273353,8.08649999089539,8.587599993916228,4.7469999990426,2.0616000110749155,0.0,True,ok,3989,3989
4963,43,4.3,41,215487.4519388,215487.4617978,9.447599994018674,9.859000012511387,6.2089999846648425,1.960599998710677,0.0,True,ok,4294,4294
4964,44,4.4,41,215487.4855101,215487.4960156,9.971399995265529,10.505499987630174,4.918299993732944,3.402800008188933,0.0,True,ok,4623,4623
4965,45,4.5,41,215487.5186489,215487.5279361,8.645399997476488,9.287199995014817,4.732500005047768,2.424899983452633,0.0,True,ok,4708,4708
4966,46,4.6000000000000005,41,215487.552064,215487.5608402,8.090099989203736,8.776200003921986,4.7042999940458685,2.0201999868731946,0.0,True,ok,4834,4834
4967,47,4.7,41,215487.5856995,215487.5960062,9.101200004806742,10.306700016371906,5.5148999963421375,2.2243999992497265,0.0,True,ok,4677,4677
4968,48,4.800000000000001,41,215487.6188906,215487.6273517,8.069000003160909,8.461100020213053,4.676699987612665,2.0960000110790133,0.0,True,ok,4591,4591
4969,49,4.9,41,215487.6518852,215487.6626903,10.342499997932464,10.805099998833612,6.647199974395335,2.3580000270158052,32.994600012898445,True,ok,4442,4442
4970,50,5.0,41,215487.6855569,215487.694491,8.351500000571832,8.93410001299344,4.932699986966327,2.1004999871365726,0.0,True,ok,4408,4408
4971,51,5.1000000000000005,41,215487.7185555,215487.7274266,8.431399997789413,8.871099998941645,4.8679999890737236,2.2390999947674572,0.0,True,ok,4418,4418
4972,52,5.2,41,215487.7521063,215487.7613894,8.550099999411032,9.283099992899224,4.979099991032854,2.0459999796003103,0.0,True,ok,4600,4600
4973,53,5.300000000000001,41,215487.7852313,215487.7939887,8.251199993537739,8.757400006288663,4.968099994584918,2.0029000006616116,0.0,True,ok,4489,4489
4974,54,5.4,41,215487.8187366,215487.8284756,8.46300000557676,9.739000000990927,4.903299995930865,2.2097999753896147,0.0,True,ok,4625,4625
4975,55,5.5,41,215487.8518301,215487.8625783,10.254900000290945,10.748200002126396,6.7974000121466815,2.1597000013571233,0.0,True,ok,4379,4379
4976,56,5.6000000000000005,41,215487.885102,215487.8945635,8.179199998266995,9.46150001254864,4.761499993037432,2.140600001439452,0.0,True,ok,4212,4212
4977,57,5.7,41,215487.91871,215487.9278031,8.41839998611249,9.093100001337007,4.728300002170727,2.442900004098192,0.0,True,ok,4229,4229
4978,58,5.800000000000001,41,215487.9521733,215487.9606656,8.076400001300499,8.492299995850772,4.531499987933785,2.2221000108402222,0.0,True,ok,4294,4294
4979,59,5.9,41,215487.9850555,215487.9941402,8.587799995439127,9.084699995582923,5.041500000515953,2.1840000117663294,0.0,True,ok,4337,4337
4980,60,6.0,41,215488.018625,215488.027779,8.509899984346703,9.153999999398366,5.087600002298132,2.1557000000029802,0.0,True,ok,4334,4334
4981,61,6.1000000000000005,41,215488.0520871,215488.0628692,10.243600001558661,10.782099998323247,6.729300017468631,2.2112999868113548,0.0,True,ok,4169,4169
4982,62,6.2,41,215488.0852359,215488.0967164,10.84080000873655,11.480499990284443,4.715599992778152,4.799600021215156,0.0,True,ok,4172,4172
4983,63,6.300000000000001,41,215488.1184305,215488.1275066,8.471000008285046,9.076099988305941,5.229400005191565,1.9484999938867986,0.0,True,ok,4147,4147
4984,64,6.4,41,215488.1517919,215488.1626831,10.453900002175942,10.89120001415722,6.7402999848127365,2.4095999833662063,0.0,True,ok,4178,4178
4985,65,6.5,41,215488.1850799,215488.1938522,8.268500008853152,8.772300003329292,4.765000019688159,2.18840001616627,0.0,True,ok,4169,4169
4986,66,6.6000000000000005,41,215488.2185939,215488.2276372,8.275700005469844,9.043300000485033,4.862300003878772,2.112400019541383,0.0,True,ok,4168,4168
4987,67,6.7,41,215488.2518926,215488.2627798,10.369600000558421,10.887199983699247,7.112999999662861,1.9782999879680574,0.0,True,ok,4086,4086
4988,68,6.800000000000001,41,215488.2852995,215488.2942984,8.609899989096448,8.998899982543662,5.170099990209565,2.157499984605238,0.0,True,ok,4379,4379
4989,69,6.9,41,215488.3189218,215488.3281274,8.17099999403581,9.205599984852597,4.952200019033626,1.872299995739013,0.0,True,ok,4282,4282
4990,70,7.0,41,215488.3519344,215488.3626967,10.326199990231544,10.76229999307543,6.650800001807511,2.202000003308058,0.0,True,ok,4247,4247
4991,71,7.1000000000000005,41,215488.3855811,215488.3941696,7.994200015673414,8.588500000769272,4.743000026792288,1.9380999729037285,0.0,True,ok,4354,4354
4992,72,7.2,41,215488.4184064,215488.4274643,8.111600007396191,9.057900024345145,4.89069998729974,1.9278999825473875,0.0,True,ok,4628,4628
4993,73,7.300000000000001,41,215488.4519476,215488.4618122,9.318399999756366,9.86459999694489,6.156899995403364,1.9179999944753945,0.0,True,ok,4287,4287
4994,74,7.4,41,215488.4853447,215488.4941802,8.324900001753122,8.835500018903986,5.015799979446456,1.9617999787442386,0.0,True,ok,4455,4455
4995,75,7.5,41,215488.5183981,215488.5280492,9.10289998864755,9.65110000106506,4.892700002528727,2.822599984938279,0.0,True,ok,4560,4560
4996,76,7.6000000000000005,41,215488.5518285,215488.5613516,8.170099987182766,9.523099986836314,4.798699985258281,2.01349999406375,0.0,True,ok,4662,4662
4997,77,7.7,41,215488.5854165,215488.5941485,8.21120000910014,8.732000016607344,4.884599999058992,2.0417000050656497,0.0,True,ok,4381,4381
4998,78,7.800000000000001,41,215488.6185124,215488.6270865,8.078599988948554,8.57410000753589,4.895899997791275,1.8663000082597136,0.0,True,ok,4350,4350
4999,79,7.9,41,215488.6521051,215488.6626855,9.285599982831627,10.580400004982948,5.755099991802126,2.204400021582842,0.0,True,ok,4058,4058
5000,80,8.0,41,215488.685235,215488.6944142,8.295100007671863,9.179199987556785,4.869500000495464,2.107999986037612,0.0,True,ok,4074,4074
5001,81,8.1,41,215488.7183319,215488.7270733,8.054399979300797,8.74140000087209,4.691599984653294,2.1172999986447394,0.0,True,ok,4080,4080
5002,82,8.200000000000001,41,215488.7516765,215488.7605048,8.29710002290085,8.828300022287294,4.962800012435764,2.005599992116913,0.0,True,ok,4288,4288
5003,83,8.3,41,215488.785395,215488.7942032,8.21979998727329,8.8081999856513,4.849699995247647,2.062000014120713,0.0,True,ok,4269,4269
5004,84,8.4,41,215488.8188707,215488.8277036,8.322299981955439,8.832899999106303,5.032099987147376,2.0580999844241887,0.0,True,ok,3996,3996
5005,85,8.5,41,215488.8519335,215488.8651682,12.703999993391335,13.234699988970533,7.910399988759309,3.08030002634041,33.062800008337945,True,ok,4318,4318
5006,86,8.6,41,215488.8853636,215488.8951456,9.245599998394027,9.781999979168177,4.723199992440641,2.180599985877052,0.0,True,ok,4410,4410
5007,87,8.700000000000001,41,215488.9185051,215488.9273931,8.333299978403375,8.88799998210743,4.7534000186715275,2.124400023603812,0.0,True,ok,4345,4345
5008,88,8.8,41,215488.9518098,215488.9606924,8.405600005062297,8.882599999196827,5.1549999916460365,2.0076000073459,0.0,True,ok,3995,3995
5009,89,8.9,41,215488.9852684,215488.9942575,8.272699982626364,8.989099995233119,4.832000005990267,2.1367000008467585,0.0,True,ok,4114,4114
5010,90,9.0,41,215489.0186603,215489.027155,7.930599997052923,8.494699985021725,4.788899997947738,1.8379999964963645,0.0,True,ok,4407,4407
5011,91,9.1,41,215489.0520697,215489.0609269,8.278500026790425,8.857200009515509,4.744000005302951,2.1841000125277787,0.0,True,ok,4504,4504
5012,92,9.200000000000001,41,215489.0853971,215489.0947072,8.759100019233301,9.310100023867562,4.884199996013194,2.213100000517443,0.0,True,ok,4602,4602
5013,93,9.3,41,215489.1185068,215489.1273426,8.222999982535839,8.835799992084503,4.879599990090355,2.006700000492856,0.0,True,ok,4719,4719
5014,94,9.4,41,215489.1520912,215489.1608622,8.209099993109703,8.77099999343045,4.668799985665828,2.0978999964427203,0.0,True,ok,4623,4623
5015,95,9.5,41,215489.1852324,215489.1945091,8.681000006617978,9.276700002374128,4.730899992864579,2.2304000158328563,0.0,True,ok,4555,4555
5016,96,9.600000000000001,41,215489.2183853,215489.2286202,9.622200013836846,10.23490002262406,5.945499986410141,2.34089998411946,0.0,True,ok,4902,4902
5017,97,9.700000000000001,41,215489.2516254,215489.260472,8.378900005482137,8.84659998700954,4.919400002108887,2.0577999821398407,0.0,True,ok,4793,4793
5018,98,9.8,41,215489.2849939,215489.2937368,8.156600000802428,8.74290001229383,4.799899994395673,2.068200003122911,0.0,True,ok,4857,4857
5019,99,9.9,41,215489.3187838,215489.3273966,8.078700018813834,8.612800011178479,4.887200018856674,1.8885000026784837,0.0,True,ok,4985,4985
5020,100,10.0,41,215489.3518239,215489.3610859,8.767699997406453,9.261999977752566,4.9199000059161335,2.5345999747514725,0.0,True,ok,4973,4973
5021,101,10.100000000000001,41,215489.3850272,215489.3938202,8.1695000117179,8.792999986326322,4.869099997449666,2.027099981205538,0.0,True,ok,4507,4507
5022,102,10.200000000000001,41,215489.4186754,215489.4273917,8.220700023230165,8.71630001347512,4.943200008710846,1.9808000070042908,0.0,True,ok,4834,4834
5023,103,10.3,41,215489.4519325,215489.4614226,9.013700007926673,9.490099997492507,5.331699998350814,2.3394999734591693,33.25710000353865,True,ok,4943,4943
5024,104,10.4,41,215489.4849793,215489.4936674,8.180800010450184,8.68810000247322,4.864799993811175,1.9768000056501478,33.04680000292137,True,ok,5082,5082
5025,105,10.5,41,215489.5183082,215489.5286924,9.810199990170076,10.384199995314702,5.836199998157099,2.6542999839875847,33.3288999972865,True,ok,4986,4986
5026,106,10.600000000000001,41,215489.5521138,215489.5609522,8.233900007326156,8.838400011882186,4.817600012756884,2.009199990425259,0.0,True,ok,5037,5037
5027,107,10.700000000000001,41,215489.5853545,215489.59386,7.987799996044487,8.505499979946762,4.721200006315485,1.9911999988835305,0.0,True,ok,5162,5162
5028,108,10.8,41,215489.6187272,215489.6270991,7.876100018620491,8.371900010388345,4.572400008328259,2.111699985107407,0.0,True,ok,4884,4884
5029,109,10.9,41,215489.6520568,215489.6620933,9.480999986408278,10.03649999620393,6.2163999828044325,2.0263000042177737,0.0,True,ok,4890,4890
5030,110,11.0,41,215489.6853045,215489.6942858,8.389800001168624,8.981300023151562,5.032000015489757,2.1527000062633306,0.0,True,ok,4848,4848
5031,111,11.100000000000001,41,215489.7185755,215489.7277069,7.945600023958832,9.131400001933798,4.893300007097423,1.8301000236533582,0.0,True,ok,5030,5030
5032,112,11.200000000000001,41,215489.7521407,215489.7626948,10.082499997224659,10.554100008448586,6.580699991900474,2.242399990791455,0.0,True,ok,5114,5114
5033,113,11.3,41,215489.7851812,215489.7940465,8.314300008350983,8.865300012985244,4.8580999718979,2.1818999957758933,0.0,True,ok,5293,5293
5034,114,11.4,41,215489.8189205,215489.8289698,9.562799998093396,10.049300006357953,6.122299993876368,2.1758000075351447,0.0,True,ok,5423,5423
5035,115,11.5,41,215489.8520308,215489.8625658,9.953600005246699,10.535000008530915,6.446799990953878,2.227999997558072,0.0,True,ok,5340,5340
5036,116,11.600000000000001,41,215489.8850405,215489.8943008,8.806800004094839,9.260299993911758,5.247399996733293,2.2862000041641295,0.0,True,ok,5279,5279
5037,117,11.700000000000001,41,215489.9185168,215489.9271141,8.014799997908995,8.597299980465323,4.541300004348159,2.189499995438382,0.0,True,ok,5498,5498
5038,118,11.8,41,215489.9521066,215489.9617891,9.320099983597174,9.682500007329509,5.924099998082966,2.1593999990727752,0.0,True,ok,5517,5517
5039,119,11.9,41,215489.9853674,215489.9949706,9.147800010396168,9.603200014680624,4.892600001767278,2.965899999253452,0.0,True,ok,5266,5266
5040,0,0.0,42,215490.0209679,215490.0296909,8.17539999843575,8.723000006284565,4.617999977199361,2.248500008136034,35.60050000669435,True,ok,4708,4708
5041,1,0.1,42,215490.0517912,215490.0609714,8.326000010129064,9.180199995171279,4.891599994152784,2.0262000034563243,0.0,True,ok,4681,4681
5042,2,0.2,42,215490.0850857,215490.0938273,8.263600000645965,8.74160000239499,4.660800012061372,2.175900008296594,0.0,True,ok,4360,4360
5043,3,0.30000000000000004,42,215490.1186742,215490.1275151,8.201299991924316,8.840900001814589,4.982999991625547,1.99269998120144,0.0,True,ok,4532,4532
5044,4,0.4,42,215490.1521303,215490.1607695,7.949800026835874,8.63920000847429,4.660700011299923,2.056199999060482,0.0,True,ok,4533,4533
5045,5,0.5,42,215490.1852112,215490.1942333,8.55459997546859,9.022099984576926,5.0771999813150615,2.215099986642599,0.0,True,ok,4334,4334
5046,6,0.6000000000000001,42,215490.2186525,215490.2273339,8.205299993278459,8.681399980559945,4.821299982722849,2.0278999872971326,0.0,True,ok,4462,4462
5047,7,0.7000000000000001,42,215490.2519243,215490.26047,8.091900002909824,8.545699995011091,4.902099986793473,1.9275999802630395,0.0,True,ok,4479,4479
5048,8,0.8,42,215490.2852158,215490.2942157,8.63620001473464,8.999900019261986,4.76189999608323,2.646399982040748,0.0,True,ok,4534,4534
5049,9,0.9,42,215490.3187639,215490.3276174,8.274399995571002,8.853500010445714,4.904600005829707,2.0379000052344054,0.0,True,ok,4491,4491
5050,10,1.0,42,215490.3526071,215490.3622358,8.9577000180725,9.628700005123392,5.470700009027496,2.2256000083871186,0.0,True,ok,4600,4600
5051,11,1.1,42,215490.3857333,215490.3944309,8.187100000213832,8.697599987499416,4.862100002355874,2.0576999813783914,0.0,True,ok,4781,4781
5052,12,1.2000000000000002,42,215490.4184243,215490.4274004,8.041099994443357,8.976099983556196,4.716299998108298,2.058199985185638,0.0,True,ok,5044,5044
5053,13,1.3,42,215490.4522348,215490.4622062,9.552600007737055,9.971399995265529,5.863200000021607,2.4578000011388212,0.0,True,ok,4620,4620
5054,14,1.4000000000000001,42,215490.4850283,215490.4939341,8.38449998991564,8.90580000123009,4.869199998211116,2.2404000046662986,0.0,True,ok,4785,4785
5055,15,1.5,42,215490.518428,215490.5274106,8.477600000333041,8.982600003946573,5.115100007969886,2.106700005242601,0.0,True,ok,5045,5045
5056,16,1.6,42,215490.5518263,215490.5629296,10.602700000163168,11.103299999376759,6.896400009281933,2.3483000113628805,0.0,True,ok,5382,5382
5057,17,1.7000000000000002,42,215490.5853608,215490.5950317,8.662200008984655,9.670900006312877,4.931400006171316,2.447800012305379,33.53449999121949,True,ok,5312,5312
5058,18,1.8,42,215490.6184546,215490.6268115,7.970400009071454,8.356900012586266,4.741899989312515,1.955300016561523,0.0,True,ok,5363,5363
5059,19,1.9000000000000001,42,215490.6519872,215490.6647243,12.321699992753565,12.737100012600422,6.555800006026402,4.420200013555586,33.532600005855784,True,ok,5455,5455
5060,20,2.0,42,215490.6853637,215490.6947617,8.302000002004206,9.397999994689599,4.750199994305149,2.2883999918121845,0.0,True,ok,5508,5508
5061,21,2.1,42,215490.7191486,215490.7280715,8.290199999464676,8.922899985918775,4.8774000024423,2.0650000078603625,0.0,True,ok,5300,5300
5062,22,2.2,42,215490.7517234,215490.7612868,8.77409998793155,9.563400002662092,4.694999981438741,2.751899999566376,0.0,True,ok,5384,5384
5063,23,2.3000000000000003,42,215490.7852052,215490.7936964,8.092100004432723,8.49120001657866,4.6907000069040805,1.9836999999824911,0.0,True,ok,5355,5355
5064,24,2.4000000000000004,42,215490.8188333,215490.8282313,8.921300002839416,9.397999994689599,5.331299995305017,2.3597000108566135,0.0,True,ok,5072,5072
5065,25,2.5,42,215490.8518955,215490.8627872,10.315399995306507,10.891699988860637,6.780700001399964,2.2739999985788018,0.0,True,ok,4851,4851
5066,26,2.6,42,215490.885546,215490.8942203,8.23029997991398,8.674299984704703,4.960099991876632,1.990000018849969,0.0,True,ok,4933,4933
5067,27,2.7,42,215490.9187141,215490.9294551,10.053200006950647,10.741000005509704,6.463400000939146,2.296799997566268,0.0,True,ok,4889,4889
5068,28,2.8000000000000003,42,215490.9516403,215490.9630219,10.72980000753887,11.381600023014471,6.125900021288544,3.3641000045463443,0.0,True,ok,4508,4508
5069,29,2.9000000000000004,42,215490.9855397,215490.9941682,8.169800014002249,8.628500014310703,4.940499988151714,2.0146000024396926,0.0,True,ok,4516,4516
5070,30,3.0,42,215491.0189262,215491.0275216,8.093799988273531,8.595399995101616,5.011400004150346,1.889899984234944,0.0,True,ok,4326,4326
5071,31,3.1,42,215491.0521996,215491.0631356,10.486200015293434,10.936000006040558,7.148600008804351,2.1010000200476497,0.0,True,ok,4407,4407
5072,32,3.2,42,215491.0856193,215491.0942432,8.127700013574213,8.623900008387864,4.978399985702708,1.9752999942284077,0.0,True,ok,4113,4113
5073,33,3.3000000000000003,42,215491.1187805,215491.1279806,8.60820000525564,9.200100001180544,4.914599994663149,2.517399989301339,0.0,True,ok,4211,4211
5074,34,3.4000000000000004,42,215491.1522641,215491.1623405,9.515600017039105,10.07640000898391,6.177200004458427,2.0198000129312277,0.0,True,ok,4198,4198
5075,35,3.5,42,215491.1850301,215491.1937944,8.084300003247336,8.764300000621006,4.858699976466596,2.066699991701171,0.0,True,ok,4125,4125
5076,36,3.6,42,215491.218429,215491.227318,8.24359999387525,8.888999989721924,5.008100008126348,2.07280000904575,0.0,True,ok,4267,4267
5077,37,3.7,42,215491.2522304,215491.2628693,10.170499997911975,10.638900013873354,7.041399978334084,1.9755999965127558,0.0,True,ok,3805,3805
5078,38,3.8000000000000003,42,215491.2852214,215491.2945272,8.937399979913607,9.305799991125241,4.832400009036064,2.990599983604625,0.0,True,ok,3921,3921
5079,39,3.9000000000000004,42,215491.318591,215491.3275417,8.344600006239489,8.950700022978708,4.983199993148446,2.169499988667667,0.0,True,ok,3864,3864
5080,40,4.0,42,215491.351734,215491.3630878,10.803200013469905,11.353800015058368,5.691200000001118,3.991300007328391,0.0,True,ok,3828,3828
5081,41,4.1000000000000005,42,215491.3853091,215491.3937583,7.9280000063590705,8.449199987808242,4.8349999997299165,1.9601999956648797,33.57510000932962,True,ok,3659,3659
5082,42,4.2,42,215491.4186229,215491.4274562,8.31920001655817,8.8333000021521,4.8411000170744956,2.233400009572506,33.31379999872297,True,ok,3989,3989
5083,43,4.3,42,215491.4516078,215491.4622036,10.044199996627867,10.595800005830824,6.529999984195456,2.0982999994885176,0.0,True,ok,4294,4294
5084,44,4.4,42,215491.4854825,215491.4946721,8.51169999805279,9.189600008539855,4.868299991358072,2.4514000106137246,0.0,True,ok,4623,4623
5085,45,4.5,42,215491.5188865,215491.5287821,8.525500015821308,9.89560000016354,5.140900000697002,2.2016000002622604,0.0,True,ok,4708,4708
5086,46,4.6000000000000005,42,215491.5521801,215491.5611414,8.366999973077327,8.961299987277016,5.157899984624237,2.039999992121011,0.0,True,ok,4834,4834
5087,47,4.7,42,215491.5853048,215491.5942115,8.240499999374151,8.906699978979304,4.8414999910164624,2.136600000085309,0.0,True,ok,4677,4677
5088,48,4.800000000000001,42,215491.6183126,215491.6269323,8.030799974221736,8.619699976406991,4.908100003376603,2.0235000120010227,0.0,True,ok,4591,4591
5089,49,4.9,42,215491.6520491,215491.6620977,9.548800007905811,10.048600001027808,6.395000003976747,1.9742999866139144,0.0,True,ok,4442,4442
5090,50,5.0,42,215491.6855225,215491.6952391,8.494599984260276,9.716600005049258,4.957199998898432,2.3290000099223107,0.0,True,ok,4408,4408
5091,51,5.1000000000000005,42,215491.718877,215491.7277145,8.344000001670793,8.837500005029142,5.010100023355335,2.1855999948456883,0.0,True,ok,4418,4418
5092,52,5.2,42,215491.7520401,215491.7623913,9.663700009696186,10.351200005970895,6.5076999890152365,1.9833999976981431,0.0,True,ok,4600,4600
5093,53,5.300000000000001,42,215491.7852976,215491.7939583,7.70290000946261,8.660699997562915,4.790299979504198,1.8107000214513391,0.0,True,ok,4489,4489
5094,54,5.4,42,215491.8188361,215491.8283094,8.380600018426776,9.47330001508817,5.007100000511855,2.185799996368587,0.0,True,ok,4625,4625
5095,55,5.5,42,215491.8517653,215491.8632957,11.017499986337498,11.530399991897866,7.034300011582673,2.2262000129558146,0.0,True,ok,4379,4379
5096,56,5.6000000000000005,42,215491.8852519,215491.8941119,7.983200019225478,8.86000000173226,4.859199980273843,1.9714999943971634,0.0,True,ok,4212,4212
5097,57,5.7,42,215491.9184553,215491.9273212,8.410299982642755,8.86589998845011,5.063000018708408,2.205800003139302,0.0,True,ok,4229,4229
5098,58,5.800000000000001,42,215491.9517738,215491.961915,9.73109999904409,10.141199978534132,6.441900011850521,2.133800007868558,0.0,True,ok,4294,4294
5099,59,5.9,42,215491.9854491,215491.9943717,8.35180000285618,8.922600012738258,4.894399986369535,2.247299998998642,0.0,True,ok,4337,4337
5100,60,6.0,42,215492.0183046,215492.0279301,8.918300009099767,9.625500009860843,5.500400002347305,2.237400010926649,0.0,True,ok,4334,4334
5101,61,6.1000000000000005,42,215492.0520451,215492.0633491,10.64680001582019,11.304000014206395,7.190600008470938,2.2440000029746443,0.0,True,ok,4169,4169
5102,62,6.2,42,215492.0849773,215492.0944885,8.650200004922226,9.511200012639165,4.8476000083610415,2.472499996656552,0.0,True,ok,4172,4172
5103,63,6.300000000000001,42,215492.1187688,215492.1278589,8.088900009170175,9.090100007597357,4.799900023499504,2.1118000149726868,0.0,True,ok,4147,4147
5104,64,6.4,42,215492.1519436,215492.162298,9.895900002447888,10.354400001233444,6.631800002651289,2.120800025295466,0.0,True,ok,4178,4178
5105,65,6.5,42,215492.1853551,215492.1947497,8.936099999118596,9.394599997904152,5.094699998153374,2.404200000455603,0.0,True,ok,4169,4169
5106,66,6.6000000000000005,42,215492.2187094,215492.2272877,8.038100000703707,8.578299981309101,4.860099987126887,2.0141999993938953,0.0,True,ok,4168,4168
5107,67,6.7,42,215492.2520442,215492.2604884,7.7668000012636185,8.444200007943437,4.467499995371327,2.132599998731166,0.0,True,ok,4086,4086
5108,68,6.800000000000001,42,215492.285063,215492.2941196,8.570600009988993,9.056600014446303,5.070899991551414,2.242699993075803,0.0,True,ok,4379,4379
5109,69,6.9,42,215492.3183549,215492.3271307,8.318200008943677,8.775800000876188,5.124399991473183,1.9805999763775617,0.0,True,ok,4282,4282
5110,70,7.0,42,215492.3518696,215492.3619059,9.444600000279024,10.03629999468103,5.937699985224754,2.3159999982453883,0.0,True,ok,4247,4247
5111,71,7.1000000000000005,42,215492.3854465,215492.3947154,8.012000005692244,9.26890000118874,4.911099997116253,1.9067999965045601,0.0,True,ok,4354,4354
5112,72,7.2,42,215492.4190308,215492.4275604,8.068100025411695,8.5296000179369,4.895499994745478,1.9882999768014997,0.0,True,ok,4628,4628
5113,73,7.300000000000001,42,215492.4520857,215492.4626254,9.724199975607917,10.539699986111373,5.7545999879948795,2.2837000142317265,0.0,True,ok,4287,4287
5114,74,7.4,42,215492.485215,215492.4939791,8.33409998449497,8.764099999098107,4.896500002359971,1.9934999872930348,0.0,True,ok,4455,4455
5115,75,7.5,42,215492.5188032,215492.5278494,8.604000002378598,9.046200022567064,5.060900002717972,2.3271999962162226,0.0,True,ok,4560,4560
5116,76,7.6000000000000005,42,215492.5518721,215492.563884,11.442099988926202,12.011899991193786,7.298100012121722,2.906500012613833,0.0,True,ok,4662,4662
5117,77,7.7,42,215492.5853399,215492.5941001,8.237999980337918,8.760199998505414,4.889100004220381,2.1782999974675477,0.0,True,ok,4381,4381
5118,78,7.800000000000001,42,215492.6188074,215492.6283256,8.46000001183711,9.518200007732958,5.045600002631545,2.181400021072477,0.0,True,ok,4350,4350
5119,79,7.9,42,215492.6519196,215492.6604118,7.92810000712052,8.492199995089322,4.6947000082582235,2.040500025032088,0.0,True,ok,4058,4058
5120,80,8.0,42,215492.685098,215492.6938534,8.039400010602549,8.755400020163506,4.889500007266179,1.909299986436963,0.0,True,ok,4074,4074
5121,81,8.1,42,215492.7187488,215492.7275362,8.076800004346296,8.78740000189282,4.7723000170663,2.0081999828107655,0.0,True,ok,4080,4080
5122,82,8.200000000000001,42,215492.7517539,215492.7609334,8.547499979613349,9.179499989841133,4.724600003100932,2.5744999875314534,0.0,True,ok,4288,4288
5123,83,8.3,42,215492.7849627,215492.7939636,8.29560001147911,9.000899997772649,4.973300005076453,2.1201999916229397,0.0,True,ok,4269,4269
5124,84,8.4,42,215492.8186103,215492.8276915,8.13979998929426,9.081199998036027,4.9177999899256974,2.0875000045634806,0.0,True,ok,3996,3996
5125,85,8.5,42,215492.8517892,215492.8606623,8.364799985429272,8.873099985066801,4.992600006517023,2.1797000081278384,0.0,True,ok,4318,4318
5126,86,8.6,42,215492.88524,215492.8962124,9.91789999534376,10.972399992169812,6.403100007446483,2.318399987416342,0.0,True,ok,4410,4410
5127,87,8.700000000000001,42,215492.9184392,215492.9270829,8.073699980741367,8.64369998453185,4.648100002668798,2.083499974105507,0.0,True,ok,4345,4345
5128,88,8.8,42,215492.9517549,215492.9602602,7.987899996805936,8.505300007527694,4.738899995572865,2.000500011490658,0.0,True,ok,3995,3995
5129,89,8.9,42,215492.9854579,215492.9945522,8.585599978687242,9.094299981370568,5.002799996873364,2.285800001118332,0.0,True,ok,4114,4114
5130,90,9.0,42,215493.0186838,215493.0281891,9.025300008943304,9.505299996817484,4.870900011155754,2.9661000007763505,0.0,True,ok,4407,4407
5131,91,9.1,42,215493.0516867,215493.06101,8.704100007889792,9.323300007963553,5.2275999914854765,2.1980000019539148,0.0,True,ok,4504,4504
5132,92,9.200000000000001,42,215493.0850132,215493.0945534,8.85990000097081,9.540200000628829,5.3152999898884445,2.187699981732294,0.0,True,ok,4602,4602
5133,93,9.3,42,215493.118805,215493.1286458,9.316599986050278,9.84079999034293,5.700999987311661,2.3689999943599105,0.0,True,ok,4719,4719
5134,94,9.4,42,215493.1520847,215493.1607663,8.048399991821498,8.681599982082844,4.758399998536333,2.0548999891616404,0.0,True,ok,4623,4623
5135,95,9.5,42,215493.1849572,215493.193737,8.185199985746294,8.779800002230331,4.775400011567399,2.202300005592406,0.0,True,ok,4555,4555
5136,96,9.600000000000001,42,215493.2184204,215493.2275327,8.543700008885935,9.112300002016127,4.954800009727478,2.3520999820902944,0.0,True,ok,4902,4902
5137,97,9.700000000000001,42,215493.2516672,215493.261915,9.779500018339604,10.247800004435703,6.527499994263053,2.0218999998178333,0.0,True,ok,4793,4793
5138,98,9.8,42,215493.2852949,215493.2941823,8.403399988310412,8.887399977538735,4.872899997280911,2.1326999994926155,0.0,True,ok,4857,4857
5139,99,9.9,42,215493.3187589,215493.3282002,8.810200000880286,9.441300004255027,4.8707999812904745,2.21939999028109,0.0,True,ok,4985,4985
5140,100,10.0,42,215493.3518485,215493.3608529,8.445699990261346,9.004399995319545,4.874699981883168,2.133700007107109,0.0,True,ok,4973,4973
5141,101,10.100000000000001,42,215493.3850214,215493.3940955,8.569300000090152,9.074100002180785,4.943899984937161,2.36320000840351,0.0,True,ok,4507,4507
5142,102,10.200000000000001,42,215493.4183963,215493.4280147,8.364400011487305,9.618400014005601,4.985200008377433,2.1025000023655593,0.0,True,ok,4834,4834
5143,103,10.3,42,215493.4519503,215493.4603537,7.8452000161632895,8.403400017414242,4.721000004792586,1.8412999925203621,0.0,True,ok,4943,4943
5144,104,10.4,42,215493.484959,215493.4936865,8.038200001465157,8.727500011445954,4.707199987024069,2.0441999949980527,0.0,True,ok,5082,5082
5145,105,10.5,42,215493.5186532,215493.5271233,7.918600022094324,8.470100001432002,4.672000010032207,1.9813000108115375,0.0,True,ok,4986,4986
5146,106,10.600000000000001,42,215493.551637,215493.5608064,8.668199996463954,9.169400000246242,5.32789999851957,2.0235999836586416,0.0,True,ok,5037,5037
5147,107,10.700000000000001,42,215493.5851854,215493.5936824,8.004800009075552,8.49700000253506,4.808400000911206,1.945800002431497,0.0,True,ok,5162,5162
5148,108,10.8,42,215493.6186789,215493.6273264,8.172100002411753,8.647499984363094,4.653599986340851,2.138999989256263,33.4934999991674,True,ok,4884,4884
5149,109,10.9,42,215493.6520008,215493.6621427,9.739300003275275,10.141899983864278,6.297200015978888,2.182799973525107,0.0,True,ok,4890,4890
5150,110,11.0,42,215493.6854854,215493.6943585,8.194300025934353,8.873100014170632,4.743199999211356,2.208599995356053,0.0,True,ok,4848,4848
5151,111,11.100000000000001,42,215493.7186912,215493.7271095,7.895599992480129,8.418300014454871,4.747599974507466,1.885500008938834,0.0,True,ok,5030,5030
5152,112,11.200000000000001,42,215493.7519294,215493.76556,12.757099990267307,13.630600005853921,8.752100024139509,2.075399999739602,0.0,True,ok,5114,5114
5153,113,11.3,42,215493.7850883,215493.7945551,8.405600005062297,9.466799994697794,4.919099999824539,2.185499994084239,0.0,True,ok,5293,5293
5154,114,11.4,42,215493.8187848,215493.8277479,8.508200000505894,8.963100000983104,5.085300013888627,2.0963000133633614,0.0,True,ok,5423,5423
5155,115,11.5,42,215493.85187,215493.8625604,10.092400014400482,10.690399998566136,6.466199993155897,2.275200007716194,0.0,True,ok,5340,5340
5156,116,11.600000000000001,42,215493.8854354,215493.8974081,11.508600000524893,11.97269998374395,5.410499987192452,4.796699999133125,0.0,True,ok,5279,5279
5157,117,11.700000000000001,42,215493.9183652,215493.9301317,10.666500020306557,11.766500014346093,4.888099996605888,4.38850000500679,0.0,True,ok,5498,5498
5158,118,11.8,42,215493.9519387,215493.9618381,9.32359998114407,9.899399999994785,5.747899995185435,2.1606000082101673,0.0,True,ok,5517,5517
5159,119,11.9,42,215493.985457,215493.9946163,8.423600025707856,9.15930001065135,4.877200000919402,2.2356999979820102,0.0,True,ok,5266,5266
5160,0,0.0,43,215494.0209189,215494.029419,7.93550000526011,8.500099997036159,4.640000028302893,2.0668000215664506,0.0,True,ok,4708,4708
5161,1,0.1,43,215494.0518348,215494.0610752,8.162400015862659,9.240400017006323,4.848500015214086,1.9968999840784818,30.915899988031015,True,ok,4681,4681
5162,2,0.2,43,215494.0854134,215494.094222,8.231500018155202,8.808600017800927,4.778800008352846,2.16609999188222,0.0,True,ok,4360,4360
5163,3,0.30000000000000004,43,215494.1185015,215494.127303,8.282700000563636,8.801499992841855,4.645799985155463,2.2705000010319054,0.0,True,ok,4532,4532
5164,4,0.4,43,215494.1520773,215494.1618979,9.177699976135045,9.820599982049316,5.796700017526746,2.0970999903511256,0.0,True,ok,4533,4533
5165,5,0.5,43,215494.1853497,215494.1944257,8.46010001259856,9.075999987544492,4.933399992296472,2.223699993919581,0.0,True,ok,4334,4334
5166,6,0.6000000000000001,43,215494.2183012,215494.2272144,8.460199984256178,8.91319999936968,4.876799997873604,2.1886999893467873,0.0,True,ok,4462,4462
5167,7,0.7000000000000001,43,215494.2519079,215494.2603458,7.894299982581288,8.437899989075959,4.703799990238622,1.9318000122439116,0.0,True,ok,4479,4479
5168,8,0.8,43,215494.285075,215494.2935445,8.055699989199638,8.469499996863306,4.73820001934655,1.9298999977763742,0.0,True,ok,4534,4534
5169,9,0.9,43,215494.3185647,215494.3275377,8.512400003382936,8.973000018158928,5.288599990308285,1.9730000058189034,0.0,True,ok,4491,4491
5170,10,1.0,43,215494.3522012,215494.3609573,8.299500012071803,8.756099996389821,4.838299995753914,2.136600000085309,0.0,True,ok,4600,4600
5171,11,1.1,43,215494.3854289,215494.3945531,8.115899981930852,9.124200005317107,4.7676000103820115,2.0369999983813614,33.22769998339936,True,ok,4781,4781
5172,12,1.2000000000000002,43,215494.4185555,215494.4271205,8.076700003584847,8.565000025555491,4.856099985772744,1.9370999943930656,0.0,True,ok,5044,5044
5173,13,1.3,43,215494.4521061,215494.4614428,8.744699996896088,9.336699993582442,4.935500008286908,2.511100028641522,0.0,True,ok,4620,4620
5174,14,1.4000000000000001,43,215494.4853467,215494.4943109,8.323299989569932,8.964199980255216,4.7793999838177115,2.221500006271526,0.0,True,ok,4785,4785
5175,15,1.5,43,215494.5185227,215494.527416,8.426599990343675,8.893299993360415,5.004200007533655,2.0604999735951424,0.0,True,ok,5045,5045
5176,16,1.6,43,215494.5519498,215494.5650151,11.933700006920844,13.065300008747727,7.293500006198883,2.2329000057652593,0.0,True,ok,5382,5382
5177,17,1.7000000000000002,43,215494.5854914,215494.5940907,7.980800000950694,8.59929999569431,4.657400015275925,1.94390001706779,0.0,True,ok,5312,5312
5178,18,1.8,43,215494.6183728,215494.6266877,7.9332999885082245,8.314899983815849,4.729500011308119,1.845100021455437,0.0,True,ok,5363,5363
5179,19,1.9000000000000001,43,215494.6521604,215494.6628825,10.221400007139891,10.722100007114932,6.5502000215929,2.237799984868616,0.0,True,ok,5455,5455
5180,20,2.0,43,215494.6856989,215494.6952307,8.44369997503236,9.531799994874746,4.695500014349818,2.2862000041641295,33.538499992573634,True,ok,5508,5508
5181,21,2.1,43,215494.7182879,215494.7274148,8.69099999545142,9.126899996772408,5.172200006200001,2.0985000010114163,0.0,True,ok,5300,5300
5182,22,2.2,43,215494.752118,215494.7627267,10.091599979205057,10.608699987642467,6.492000014986843,2.180500014219433,0.0,True,ok,5384,5384
5183,23,2.3000000000000003,43,215494.7849132,215494.7940874,8.797199989203364,9.174199978588149,5.217199999606237,2.218100009486079,0.0,True,ok,5355,5355
5184,24,2.4000000000000004,43,215494.8188422,215494.8287296,8.59330000821501,9.887399995932356,4.87299999804236,2.2074999869801104,33.92899999744259,True,ok,5072,5072
5185,25,2.5,43,215494.8519121,215494.8627288,10.308600001735613,10.816699999850243,6.688199995551258,2.2413000115193427,0.0,True,ok,4851,4851
5186,26,2.6,43,215494.8850105,215494.8938591,8.383900014450774,8.848600002238527,5.088500009151176,1.9251999910920858,0.0,True,ok,4933,4933
5187,27,2.7,43,215494.9184879,215494.9271525,8.203899982618168,8.664599998155609,4.901900014374405,1.9174999906681478,0.0,True,ok,4889,4889
5188,28,2.8000000000000003,43,215494.9519861,215494.9618679,9.36809999984689,9.881800011498854,5.812899995362386,2.2502999927382916,0.0,True,ok,4508,4508
5189,29,2.9000000000000004,43,215494.9852909,215494.9943158,8.579199988162145,9.024900005897507,4.995999974198639,2.123600017512217,0.0,True,ok,4516,4516
5190,30,3.0,43,215495.0185722,215495.0281226,8.439800003543496,9.55039999098517,5.004200007533655,2.0960999827366322,0.0,True,ok,4326,4326
5191,31,3.1,43,215495.052245,215495.0618469,8.70440001017414,9.601900004781783,5.436300009023398,1.9799000001512468,0.0,True,ok,4407,4407
5192,32,3.2,43,215495.0854376,215495.0943374,8.41849998687394,8.899799984646961,5.198800005018711,1.9447999948170036,0.0,True,ok,4113,4113
5193,33,3.3000000000000003,43,215495.118267,215495.1269428,8.20380001096055,8.675799996126443,4.880099993897602,2.001899993047118,0.0,True,ok,4211,4211
5194,34,3.4000000000000004,43,215495.1516882,215495.1623811,9.975399996619672,10.692899988498539,6.452100002206862,2.064900007098913,0.0,True,ok,4198,4198
5195,35,3.5,43,215495.1855031,215495.1945597,8.592300000600517,9.056600014446303,4.988699976820499,2.2775000252295285,0.0,True,ok,4125,4125
5196,36,3.6,43,215495.2183708,215495.2272515,8.391600014874712,8.88070001383312,5.007200001273304,2.0466999849304557,0.0,True,ok,4267,4267
5197,37,3.7,43,215495.2520461,215495.261137,8.610899996710941,9.090899984585121,5.2214000024832785,2.0117000094614923,0.0,True,ok,3805,3805
5198,38,3.8000000000000003,43,215495.2853539,215495.29393,8.221900003263727,8.576100022764876,4.840499983401969,2.139800024451688,0.0,True,ok,3921,3921
5199,39,3.9000000000000004,43,215495.3187414,215495.3275851,8.390599978156388,8.84369999403134,4.979600023943931,2.1861999994143844,0.0,True,ok,3864,3864
5200,40,4.0,43,215495.3519043,215495.3635943,11.235599988140166,11.689999984810129,6.497099995613098,3.3275000168941915,0.0,True,ok,3828,3828
5201,41,4.1000000000000005,43,215495.3856496,215495.3941853,8.06600000942126,8.535700006177649,4.747300001326948,1.9424999773036689,33.74529999564402,True,ok,3659,3659
5202,42,4.2,43,215495.4187764,215495.42797,8.792999986326322,9.193599980790168,5.240700003923848,2.2557000047527254,0.0,True,ok,3989,3989
5203,43,4.3,43,215495.4518338,215495.4621285,9.746600000653416,10.294699983205646,6.477199989603832,1.9922999781556427,0.0,True,ok,4294,4294
5204,44,4.4,43,215495.4854663,215495.4949823,8.506500016665086,9.516000020084903,4.857099993387237,2.33499999740161,33.63249998074025,True,ok,4623,4623
5205,45,4.5,43,215495.5187267,215495.5279748,8.685700013302267,9.24810001743026,5.00040000770241,2.361999999266118,33.26039999956265,True,ok,4708,4708
5206,46,4.6000000000000005,43,215495.5517525,215495.5628138,10.596700012683868,11.061299999710172,7.342600001720712,1.9363000174053013,0.0,True,ok,4834,4834
5207,47,4.7,43,215495.5854512,215495.5943188,8.297199994558468,8.867600001394749,4.582499997923151,2.316800004336983,0.0,True,ok,4677,4677
5208,48,4.800000000000001,43,215495.6186662,215495.6273851,8.105699991574511,8.718900004168972,4.660600010538474,2.1607999806292355,0.0,True,ok,4591,4591
5209,49,4.9,43,215495.6521249,215495.6621215,9.362700016936287,9.996600012527779,6.057699996745214,1.9967000116594136,0.0,True,ok,4442,4442
5210,50,5.0,43,215495.6852097,215495.694141,8.462600002530962,8.931300020776689,5.027700011851266,2.1214000007603317,0.0,True,ok,4408,4408
5211,51,5.1000000000000005,43,215495.7185188,215495.7272591,8.21550001273863,8.740300021599978,4.744500009110197,2.1644999796990305,0.0,True,ok,4418,4418
5212,52,5.2,43,215495.7518328,215495.7635794,11.256300000241026,11.746600008336827,7.250499998917803,1.9494000007398427,0.0,True,ok,4600,4600
5213,53,5.300000000000001,43,215495.7854134,215495.7940086,8.09109999681823,8.595199993578717,4.746199992951006,2.0721000037156045,0.0,True,ok,4489,4489
5214,54,5.4,43,215495.8185414,215495.8275762,8.3712000050582,9.03480002307333,4.844999988563359,2.2136000043246895,0.0,True,ok,4625,4625
5215,55,5.5,43,215495.8517882,215495.862363,9.862499980954453,10.574799991445616,6.315700011327863,2.2409000084735453,0.0,True,ok,4379,4379
5216,56,5.6000000000000005,43,215495.8852534,215495.8942018,8.432100003119558,8.948400005465373,4.886599985184148,2.099999983329326,0.0,True,ok,4212,4212
5217,57,5.7,43,215495.9183299,215495.9275018,8.484199992381036,9.171899990178645,4.742500022985041,2.1980000019539148,0.0,True,ok,4229,4229
5218,58,5.800000000000001,43,215495.9517399,215495.9621624,9.776200022315606,10.422500025015324,6.299000000581145,2.126400009728968,0.0,True,ok,4294,4294
5219,59,5.9,43,215495.9851122,215495.9947142,9.084699995582923,9.602000005543232,5.267399974400178,2.255900006275624,0.0,True,ok,4337,4337
5220,60,6.0,43,215496.0182715,215496.027964,9.207800001604483,9.692499996162951,5.2066000062040985,2.5154000031761825,0.0,True,ok,4334,4334
5221,61,6.1000000000000005,43,215496.0517537,215496.0607066,8.311399986268952,8.952899981522933,4.812900006072596,2.143500023521483,0.0,True,ok,4169,4169
5222,62,6.2,43,215496.0851717,215496.0948807,8.456599985947832,9.70900000538677,5.159199994523078,1.9737000111490488,0.0,True,ok,4172,4172
5223,63,6.300000000000001,43,215496.1187866,215496.127433,8.22439999319613,8.646399975987151,4.87750000320375,2.0613000087905675,0.0,True,ok,4147,4147
5224,64,6.4,43,215496.152076,215496.1655559,12.457599979825318,13.479899993399158,6.0295000148471445,4.800199996680021,33.289399987552315,True,ok,4178,4178
5225,65,6.5,43,215496.1851376,215496.1938034,8.224599994719028,8.665800007293,4.951299983076751,1.9606999994721264,0.0,True,ok,4169,4169
5226,66,6.6000000000000005,43,215496.2184876,215496.2276963,8.700199978193268,9.208699979353696,4.7676000103820115,2.5717999960761517,0.0,True,ok,4168,4168
5227,67,6.7,43,215496.25178,215496.2604447,8.074299985310063,8.664699998917058,4.800900002010167,1.9748999911826104,0.0,True,ok,4086,4086
5228,68,6.800000000000001,43,215496.2852745,215496.2944983,8.441400015726686,9.223800007021055,4.8356000042986125,2.1812999912071973,0.0,True,ok,4379,4379
5229,69,6.9,43,215496.3184903,215496.3276024,8.637799997814,9.112100000493228,5.303399986587465,1.9857999868690968,0.0,True,ok,4282,4282
5230,70,7.0,43,215496.3517554,215496.3624624,10.06899998174049,10.706999979447573,6.481200020061806,2.2317999973893166,0.0,True,ok,4247,4247
5231,71,7.1000000000000005,43,215496.385108,215496.3940144,8.207899983972311,8.906400005798787,4.788799997186288,2.0311000116635114,0.0,True,ok,4354,4354
5232,72,7.2,43,215496.4187992,215496.4274671,8.084700006293133,8.667899994179606,4.67739999294281,2.025800000410527,0.0,True,ok,4628,4628
5233,73,7.300000000000001,43,215496.4517879,215496.462153,9.740999987116084,10.365099995397031,6.473999994341284,1.965500006917864,0.0,True,ok,4287,4287
5234,74,7.4,43,215496.4854791,215496.495711,9.113599982811138,10.23189999978058,5.673500010743737,2.0627000194508582,0.0,True,ok,4455,4455
5235,75,7.5,43,215496.5185753,215496.5272222,8.153900009347126,8.646900008898228,4.839999979594722,1.9508999830577523,0.0,True,ok,4560,4560
5236,76,7.6000000000000005,43,215496.5521171,215496.5611206,7.89989999611862,9.003500017570332,4.382699989946559,2.0037000067532063,33.54179998859763,True,ok,4662,4662
5237,77,7.7,43,215496.5853059,215496.5939636,8.167699998011813,8.657700003823265,4.807599994819611,2.0557999960146844,33.188800007337704,True,ok,4381,4381
5238,78,7.800000000000001,43,215496.6187389,215496.6276027,8.306100004119799,8.863800001563504,4.735599999548867,2.21800000872463,0.0,True,ok,4350,4350
5239,79,7.9,43,215496.6516814,215496.660731,8.145400002831593,9.04960001935251,4.7630000044591725,2.0246000203769654,0.0,True,ok,4058,4058
5240,80,8.0,43,215496.6852746,215496.6945598,8.34440000471659,9.28520000888966,4.906699992716312,2.1103000035509467,0.0,True,ok,4074,4074
5241,81,8.1,43,215496.7183303,215496.7274038,8.472699992125854,9.073499997612089,4.749000014271587,2.118799980962649,0.0,True,ok,4080,4080
5242,82,8.200000000000001,43,215496.7519667,215496.7619343,9.246100002201274,9.967600024538115,5.804099986562505,2.064200001768768,0.0,True,ok,4288,4288
5243,83,8.3,43,215496.7853452,215496.7946523,8.731800015084445,9.307100001024082,4.799499991349876,2.3043999972287565,0.0,True,ok,4269,4269
5244,84,8.4,43,215496.81875,215496.8281724,8.794200024567544,9.422400005860254,4.808099998626858,2.009400021051988,0.0,True,ok,3996,3996
5245,85,8.5,43,215496.8526286,215496.862129,8.254299988038838,9.500399988610297,4.784399992786348,2.143399993656203,0.0,True,ok,4318,4318
5246,86,8.6,43,215496.885298,215496.8942454,8.429500012425706,8.94739999785088,5.057900008978322,2.0229000074323267,0.0,True,ok,4410,4410
5247,87,8.700000000000001,43,215496.9184038,215496.9273342,8.344200003193691,8.930400013923645,4.742899996927008,2.0722999761346728,0.0,True,ok,4345,4345
5248,88,8.8,43,215496.952016,215496.9610904,8.59189999755472,9.074400004465133,5.126399977598339,2.0422999805305153,0.0,True,ok,3995,3995
5249,89,8.9,43,215496.9854478,215496.9942279,8.283300005132332,8.78010000451468,4.938400001265109,2.0363000221550465,0.0,True,ok,4114,4114
5250,90,9.0,43,215497.0189429,215497.029468,9.281299979193136,10.525099991355091,5.389199999626726,2.53060000250116,0.0,True,ok,4407,4407
5251,91,9.1,43,215497.052075,215497.0610515,8.02129998919554,8.976499986601993,4.33809999958612,2.2985000105109066,0.0,True,ok,4504,4504
5252,92,9.200000000000001,43,215497.0850668,215497.0941799,8.392900024773553,9.113100008107722,4.623500019079074,2.3873000172898173,0.0,True,ok,4602,4602
5253,93,9.3,43,215497.1183285,215497.1273421,8.41109998873435,9.013600007165223,4.741600016131997,2.281199995195493,0.0,True,ok,4719,4719
5254,94,9.4,43,215497.1519106,215497.161424,8.983199979411438,9.51340000028722,5.147400021087378,2.2786999761592597,33.58210000442341,True,ok,4623,4623
5255,95,9.5,43,215497.1851225,215497.1942636,8.657200000016019,9.141099988482893,4.771200008690357,2.5065999943763018,33.21190000860952,True,ok,4555,4555
5256,96,9.600000000000001,43,215497.218848,215497.2281701,8.681299979798496,9.322099998826161,4.78859999566339,2.4221000203397125,0.0,True,ok,4902,4902
5257,97,9.700000000000001,43,215497.2517536,215497.2610905,8.849999983794987,9.336899995105341,5.326100013917312,2.0653000101447105,32.905600004596636,True,ok,4793,4793
5258,98,9.8,43,215497.2851962,215497.2939713,8.312999998452142,8.775099995546043,5.117099994095042,1.8198000034317374,0.0,True,ok,4857,4857
5259,99,9.9,43,215497.3184017,215497.3270732,8.148499997332692,8.671499992487952,4.767399979755282,2.02980000176467,0.0,True,ok,4985,4985
5260,100,10.0,43,215497.3519651,215497.361126,8.552000013878569,9.160899993730709,5.191900010686368,1.9987999985460192,0.0,True,ok,4973,4973
5261,101,10.100000000000001,43,215497.3850904,215497.3940465,8.468300016829744,8.956100005889311,4.909200011752546,2.1850999910384417,0.0,True,ok,4507,4507
5262,102,10.200000000000001,43,215497.4184931,215497.4273884,8.318000007420778,8.895300008589402,4.731699998956174,2.2520000056829304,0.0,True,ok,4834,4834
5263,103,10.3,43,215497.4520305,215497.4617985,9.272600000258535,9.768000018084422,5.073700012871996,2.658999990671873,0.0,True,ok,4943,4943
5264,104,10.4,43,215497.4854634,215497.4942643,8.332900004461408,8.80090001737699,5.0663000147324055,1.9223999988753349,0.0,True,ok,5082,5082
5265,105,10.5,43,215497.5189138,215497.5277137,8.117199991829693,8.799899980658665,4.779899987624958,2.0178999984636903,0.0,True,ok,4986,4986
5266,106,10.600000000000001,43,215497.551844,215497.5610831,8.736100018722937,9.239100007107481,5.069200007710606,2.271699981065467,0.0,True,ok,5037,5037
5267,107,10.700000000000001,43,215497.585194,215497.5939855,8.238999987952411,8.791499974904582,4.770899977302179,2.094399998895824,0.0,True,ok,5162,5162
5268,108,10.8,43,215497.6187585,215497.6273974,8.2406000001356,8.638900006189942,4.750599997350946,2.163299999665469,0.0,True,ok,4884,4884
5269,109,10.9,43,215497.6517641,215497.6624985,10.229799983790144,10.734399984357879,6.683999992674217,2.2009999956935644,0.0,True,ok,4890,4890
5270,110,11.0,43,215497.6850025,215497.694021,8.599499997217208,9.01850001537241,5.050700012361631,2.2535000171046704,0.0,True,ok,4848,4848
5271,111,11.100000000000001,43,215497.7184997,215497.7269399,7.8720999881625175,8.440200006589293,4.564100003335625,1.9975999894086272,0.0,True,ok,5030,5030
5272,112,11.200000000000001,43,215497.7521723,215497.7630577,9.997600020142272,10.88539999909699,5.403000017395243,2.332800009753555,33.67260002414696,True,ok,5114,5114
5273,113,11.3,43,215497.7852213,215497.7945741,8.991500013507903,9.352799999760464,5.541999998968095,2.11719999788329,0.0,True,ok,5293,5293
5274,114,11.4,43,215497.8187392,215497.8278711,8.650199975818396,9.131899976637214,5.04039999214001,2.258399996208027,0.0,True,ok,5423,5423
5275,115,11.5,43,215497.8518783,215497.8627796,10.38449999759905,10.901300003752112,6.772099994122982,2.2225999855436385,0.0,True,ok,5340,5340
5276,116,11.600000000000001,43,215497.8852035,215497.8969975,11.19799999287352,11.794000020017847,4.724600003100932,4.942300001857802,0.0,True,ok,5279,5279
5277,117,11.700000000000001,43,215497.9184,215497.9272963,8.353700017323717,8.896300016203895,4.647199995815754,2.344899985473603,0.0,True,ok,5498,5498
5278,118,11.8,43,215497.9520424,215497.9621224,9.490199998253956,10.080000007292256,5.903400015085936,2.2658999951090664,0.0,True,ok,5517,5517
5279,119,11.9,43,215497.9853863,215497.9942441,8.305499999551103,8.857800014084205,4.851600009715185,2.1179000032134354,0.0,True,ok,5266,5266
5280,0,0.0,44,215498.0218562,215498.031171,8.631400007288903,9.31480000144802,4.762900003697723,2.4317000061273575,0.0,True,ok,4708,4708
5281,1,0.1,44,215498.0519757,215498.0653457,12.635799997951835,13.37000000057742,6.748199986759573,3.3448000031057745,0.0,True,ok,4681,4681
5282,2,0.2,44,215498.0853697,215498.0942494,8.199799980502576,8.879699977114797,4.6916000137571245,1.997100014705211,0.0,True,ok,4360,4360
5283,3,0.30000000000000004,44,215498.1186186,215498.1274929,8.415100019192323,8.874299994204193,4.908299975795671,2.2103999799583107,0.0,True,ok,4532,4532
5284,4,0.4,44,215498.152102,215498.1622314,9.466399991651997,10.129400005098432,5.951300001470372,2.2022000048309565,0.0,True,ok,4533,4533
5285,5,0.5,44,215498.1854526,215498.1945507,8.61839999561198,9.098099981201813,5.039399984525517,2.2133000020403415,0.0,True,ok,4334,4334
5286,6,0.6000000000000001,44,215498.2184865,215498.227232,8.241300005465746,8.745500002987683,4.878300009295344,2.058300015050918,0.0,True,ok,4462,4462
5287,7,0.7000000000000001,44,215498.251763,215498.2605267,8.226500009186566,8.76369999605231,4.80480000260286,2.1200000192038715,0.0,True,ok,4479,4479
5288,8,0.8,44,215498.285136,215498.2937385,8.013300015591085,8.602500020060688,4.758399998536333,1.9785999902524054,0.0,True,ok,4534,4534
5289,9,0.9,44,215498.3185043,215498.32721,8.054399979300797,8.705699990969151,4.767499980516732,1.9917000026907772,0.0,True,ok,4491,4491
5290,10,1.0,44,215498.3518886,215498.3626172,10.259600006975234,10.728599998401478,6.4990000100806355,2.1975999989081174,0.0,True,ok,4600,4600
5291,11,1.1,44,215498.3852839,215498.3943293,8.555600012186915,9.045400016475469,4.972399998223409,2.066499990178272,0.0,True,ok,4781,4781
5292,12,1.2000000000000002,44,215498.4188008,215498.428199,8.885899995220825,9.398199996212497,4.973100003553554,2.533000020775944,0.0,True,ok,5044,5044
5293,13,1.3,44,215498.4519199,215498.4618141,9.322800004156306,9.89420001860708,5.878500000108033,2.122799982316792,0.0,True,ok,4620,4620
5294,14,1.4000000000000001,44,215498.4850619,215498.4943586,8.806300000287592,9.296700009144843,5.164600006537512,2.3095000069588423,0.0,True,ok,4785,4785
5295,15,1.5,44,215498.5185735,215498.5279968,8.271400001831353,9.423299983609468,4.743400000734255,2.203900017775595,0.0,True,ok,5045,5045
5296,16,1.6,44,215498.551988,215498.5615695,9.085699974093586,9.58149999496527,5.498700018506497,2.22529997699894,0.0,True,ok,5382,5382
5297,17,1.7000000000000002,44,215498.5851942,215498.5940331,8.355600002687424,8.838900015689433,4.839999979594722,2.0469999872148037,0.0,True,ok,5312,5312
5298,18,1.8,44,215498.618869,215498.6275881,8.188100007828325,8.719100005691871,4.794600012246519,2.012500015553087,0.0,True,ok,5363,5363
5299,19,1.9000000000000001,44,215498.6519612,215498.6624075,9.177200001431629,10.446300002513453,5.586699990089983,2.2431999968830496,0.0,True,ok,5455,5455
5300,20,2.0,44,215498.6852881,215498.6947077,8.827599987853318,9.419599984539673,4.959299985785037,2.463800017721951,0.0,True,ok,5508,5508
5301,21,2.1,44,215498.7186892,215498.7289132,9.095699992030859,10.223999997833744,5.5748000158928335,2.049700007773936,0.0,True,ok,5300,5300
5302,22,2.2,44,215498.7523888,215498.7633331,10.290500009432435,10.944300011033192,6.521300005260855,2.414500020677224,0.0,True,ok,5384,5384
5303,23,2.3000000000000003,44,215498.785237,215498.794215,8.459100004984066,8.977999998023733,4.943600011756644,2.197800000431016,0.0,True,ok,5355,5355
5304,24,2.4000000000000004,44,215498.8184153,215498.82788,8.427199994912371,9.464700007811189,4.89079998806119,2.267300005769357,33.178299985593185,True,ok,5072,5072
5305,25,2.5,44,215498.8519104,215498.86279,10.381800006143749,10.879600013140589,6.858700013253838,2.087799977743998,0.0,True,ok,4851,4851
5306,26,2.6,44,215498.885186,215498.8939699,8.36510001681745,8.783900004345924,4.8500999982934445,2.124400023603812,0.0,True,ok,4933,4933
5307,27,2.7,44,215498.9186121,215498.9271136,7.967599987750873,8.50149997859262,4.64179998380132,1.9944999949075282,0.0,True,ok,4889,4889
5308,28,2.8000000000000003,44,215498.9515569,215498.9618835,9.936099988408387,10.326599993277341,6.512199994176626,2.1961999882478267,0.0,True,ok,4508,4508
5309,29,2.9000000000000004,44,215498.9852906,215498.9937206,7.959500013384968,8.430000016232952,4.776199988555163,1.9082000071648508,33.733699994627386,True,ok,4516,4516
5310,30,3.0,44,215499.0187647,215499.0274394,8.099400001810864,8.6746999877505,4.8420999955851585,2.0357999892439693,0.0,True,ok,4326,4326
5311,31,3.1,44,215499.0519228,215499.0608213,8.205399994039908,8.89850000385195,4.732600005809218,2.162600023439154,0.0,True,ok,4407,4407
5312,32,3.2,44,215499.0851869,215499.0945716,8.070699987001717,9.384700009832159,4.753399989567697,2.0321000192780048,0.0,True,ok,4113,4113
5313,33,3.3000000000000003,44,215499.1184353,215499.1273616,8.405500004300848,8.926299982704222,4.739800002425909,2.09650001488626,0.0,True,ok,4211,4211
5314,34,3.4000000000000004,44,215499.152015,215499.1619664,9.505099995294586,9.951399988494813,6.428799999412149,1.8501000013202429,0.0,True,ok,4198,4198
5315,35,3.5,44,215499.185515,215499.1945896,8.247499994467944,9.074600005988032,4.86409998848103,2.1689999848604202,0.0,True,ok,4125,4125
5316,36,3.6,44,215499.2185969,215499.2269928,7.974599982844666,8.395899989409372,4.7027999826241285,2.082099992549047,0.0,True,ok,4267,4267
5317,37,3.7,44,215499.2517642,215499.26253,10.271400009514764,10.765800019726157,6.905399990500882,2.1551999961957335,0.0,True,ok,3805,3805
5318,38,3.8000000000000003,44,215499.2853518,215499.2939571,8.08069997583516,8.605299983173609,4.7805999929551035,2.1281999943312258,0.0,True,ok,3921,3921
5319,39,3.9000000000000004,44,215499.3185439,215499.3284283,8.816800022032112,9.884400002192706,5.51449999329634,2.122100006090477,0.0,True,ok,3864,3864
5320,40,4.0,44,215499.352076,215499.3624897,9.767299983650446,10.413699987111613,6.130699999630451,2.2797999845352024,0.0,True,ok,3828,3828
5321,41,4.1000000000000005,44,215499.3850742,215499.3936504,8.035599981667474,8.576199994422495,4.76039998466149,2.0656000124290586,0.0,True,ok,3659,3659
5322,42,4.2,44,215499.4184027,215499.4287508,9.762800007592887,10.348100011469796,4.607299983035773,3.946499986341223,0.0,True,ok,3989,3989
5323,43,4.3,44,215499.4520041,215499.4619277,9.527099988190457,9.923600009642541,6.282200018176809,2.0874000038020313,0.0,True,ok,4294,4294
5324,44,4.4,44,215499.4853221,215499.4951264,9.32219999958761,9.804300003452227,5.788400012534112,2.325400011613965,0.0,True,ok,4623,4623
5325,45,4.5,44,215499.5186257,215499.528231,8.581200003391132,9.60530000156723,4.8251000116579235,2.382099977694452,33.30360000836663,True,ok,4708,4708
5326,46,4.6000000000000005,44,215499.552106,215499.5612531,8.232699998188764,9.147100005066022,4.903900000499561,2.084800013108179,0.0,True,ok,4834,4834
5327,47,4.7,44,215499.5854648,215499.5941343,8.190799999283627,8.669499977258965,4.736900009447709,2.2323000011965632,0.0,True,ok,4677,4677
5328,48,4.800000000000001,44,215499.6185482,215499.6273651,8.409800007939339,8.81689999368973,4.752700013341382,2.3290000099223107,0.0,True,ok,4591,4591
5329,49,4.9,44,215499.6522935,215499.6621336,8.585600007791072,9.840100014116615,5.353899992769584,2.028599992627278,0.0,True,ok,4442,4442
5330,50,5.0,44,215499.6854322,215499.6943583,8.452400012174621,8.926100010285154,5.099200003314763,2.1200999908614904,0.0,True,ok,4408,4408
5331,51,5.1000000000000005,44,215499.7184471,215499.7281381,8.698299992829561,9.691000013845041,5.181699991226196,2.2899000032339245,0.0,True,ok,4418,4418
5332,52,5.2,44,215499.7524251,215499.7610261,7.970599981490523,8.600999979535118,4.708799999207258,2.063399995677173,0.0,True,ok,4600,4600
5333,53,5.300000000000001,44,215499.7853294,215499.7936655,7.8437000047415495,8.336099999723956,4.717700008768588,1.9694000075105578,0.0,True,ok,4489,4489
5334,54,5.4,44,215499.8186359,215499.8274791,8.398300007684156,8.843199990224093,4.934199998388067,2.2271000198088586,0.0,True,ok,4625,4625
5335,55,5.5,44,215499.8522566,215499.8629879,10.07489999756217,10.73130001896061,6.371900002704933,2.397100004600361,0.0,True,ok,4379,4379
5336,56,5.6000000000000005,44,215499.8854136,215499.8950282,9.06000001123175,9.614600014174357,5.0448999973014,2.746999991359189,0.0,True,ok,4212,4212
5337,57,5.7,44,215499.9192485,215499.9294906,8.712800015928224,10.242100019240752,5.092000006698072,2.3843999952077866,0.0,True,ok,4229,4229
5338,58,5.800000000000001,44,215499.9522505,215499.9611414,8.193900022888556,8.890900004189461,4.6156000171322376,2.1856999956071377,0.0,True,ok,4294,4294
5339,59,5.9,44,215499.9851905,215499.9942047,8.48369998857379,9.014199982630089,4.9738000088837,2.2428000229410827,0.0,True,ok,4337,4337
5340,60,6.0,44,215500.0188876,215500.0282317,8.863700000802055,9.344100020825863,5.138499982422218,2.392899972619489,0.0,True,ok,4334,4334
5341,61,6.1000000000000005,44,215500.0520059,215500.0624653,9.969100006856024,10.459399985847995,6.384400010574609,2.2908000100869685,0.0,True,ok,4169,4169
5342,62,6.2,44,215500.0853294,215500.0938475,8.076399972196668,8.518099988577887,4.574299993691966,2.219299989519641,0.0,True,ok,4172,4172
5343,63,6.300000000000001,44,215500.1184591,215500.1273651,7.896099996287376,8.90600000275299,4.609399999026209,2.1517999994102865,0.0,True,ok,4147,4147
5344,64,6.4,44,215500.1520757,215500.1621079,9.400199982337654,10.032199992565438,6.263499992201105,1.9536000036168844,0.0,True,ok,4178,4178
5345,65,6.5,44,215500.1857483,215500.1945767,8.135900017805398,8.828400023048744,4.823199997190386,2.129200001945719,0.0,True,ok,4169,4169
5346,66,6.6000000000000005,44,215500.2187445,215500.2273826,8.152399997925386,8.638100000098348,4.841399990255013,2.0003000099677593,0.0,True,ok,4168,4168
5347,67,6.7,44,215500.2516761,215500.2620671,9.876900003291667,10.391000017989427,6.775099987862632,1.9342000014148653,0.0,True,ok,4086,4086
5348,68,6.800000000000001,44,215500.2852166,215500.2947846,9.026999992784113,9.568000008584931,4.961300001014024,2.2093000006861985,0.0,True,ok,4379,4379
5349,69,6.9,44,215500.3184899,215500.3280983,8.954099990660325,9.608399996068329,5.027600011089817,2.352599985897541,0.0,True,ok,4282,4282
5350,70,7.0,44,215500.351765,215500.3642543,11.878399993292987,12.489299988374114,6.717500014929101,3.9299000054597855,0.0,True,ok,4247,4247
5351,71,7.1000000000000005,44,215500.3854945,215500.3941018,7.995899999514222,8.607299998402596,4.929100017761812,1.886499987449497,0.0,True,ok,4354,4354
5352,72,7.2,44,215500.4186991,215500.4274998,8.32799999625422,8.80069998675026,4.973100003553554,2.0394999883137643,0.0,True,ok,4628,4628
5353,73,7.300000000000001,44,215500.4518532,215500.4618063,9.543499996652827,9.953100001439452,6.4270999864675105,1.9484999938867986,0.0,True,ok,4287,4287
5354,74,7.4,44,215500.4854301,215500.4956366,8.981000020867214,10.206500010099262,5.768200004240498,2.0216999982949346,0.0,True,ok,4455,4455
5355,75,7.5,44,215500.5184695,215500.5271004,7.9197000013664365,8.630900003481656,4.732500005047768,1.9935999880544841,0.0,True,ok,4560,4560
5356,76,7.6000000000000005,44,215500.5520882,215500.5610336,8.257800014689565,8.945400011725724,4.828300006920472,2.1321999956853688,0.0,True,ok,4662,4662
5357,77,7.7,44,215500.5856272,215500.5958857,9.740199981024489,10.25849999859929,4.888499999651685,2.813900006003678,33.53899999638088,True,ok,4381,4381
5358,78,7.800000000000001,44,215500.6185542,215500.6274616,8.41549999313429,8.90740001341328,4.716099996585399,2.4770000018179417,0.0,True,ok,4350,4350
5359,79,7.9,44,215500.6521195,215500.6605443,7.898599986219779,8.424799976637587,4.759399977046996,1.941199996508658,0.0,True,ok,4058,4058
5360,80,8.0,44,215500.6853322,215500.6950471,9.143099974608049,9.71489999210462,5.897700000787154,2.039300015894696,0.0,True,ok,4074,4074
5361,81,8.1,44,215500.7186037,215500.7271578,7.971599989105016,8.554100000765175,4.807699995581061,2.0302000048104674,33.271499996772036,True,ok,4080,4080
5362,82,8.200000000000001,44,215500.7517422,215500.7607802,8.524500008206815,9.038000018335879,4.748900013510138,2.1815999934915453,0.0,True,ok,4288,4288
5363,83,8.3,44,215500.7854496,215500.7942338,7.889800006523728,8.784200006630272,4.709700006060302,1.9888000097125769,0.0,True,ok,4269,4269
5364,84,8.4,44,215500.8185019,215500.8271071,8.092000003671274,8.60519998241216,4.963799990946427,1.9930000125896186,0.0,True,ok,3996,3996
5365,85,8.5,44,215500.851643,215500.8603726,8.137400000123307,8.72959999833256,4.848799988394603,2.066999993985519,0.0,True,ok,4318,4318
5366,86,8.6,44,215500.8852434,215500.893756,7.949499995447695,8.512600004905835,4.727700026705861,2.051399991614744,0.0,True,ok,4410,4410
5367,87,8.700000000000001,44,215500.9185931,215500.9286966,9.60659998236224,10.103499982506037,5.026400001952425,3.2865000248420984,0.0,True,ok,4345,4345
5368,88,8.8,44,215500.9521372,215500.9633406,10.678099992219359,11.203400004887953,4.6802000142633915,4.642600018996745,33.544099977007136,True,ok,3995,3995
5369,89,8.9,44,215500.9855332,215500.994385,7.955100008985028,8.851799997501075,4.744000005302951,2.0422000088728964,0.0,True,ok,4114,4114
5370,90,9.0,44,215501.0187184,215501.0277699,7.96360001550056,9.051500004716218,4.838499997276813,1.9342000014148653,0.0,True,ok,4407,4407
5371,91,9.1,44,215501.0518617,215501.0627042,9.601500001735985,10.84250002168119,5.601599987130612,2.224900003056973,0.0,True,ok,4504,4504
5372,92,9.200000000000001,44,215501.0856065,215501.0944369,8.32959997933358,8.83039998007007,4.95450000744313,2.2096000029705465,0.0,True,ok,4602,4602
5373,93,9.3,44,215501.1187288,215501.127607,8.258799993200228,8.878199994796887,4.802599985850975,2.2554000024683774,0.0,True,ok,4719,4719
5374,94,9.4,44,215501.1516796,215501.1609654,8.76949998200871,9.285799984354526,5.08050000644289,2.42840001010336,0.0,True,ok,4623,4623
5375,95,9.5,44,215501.1853726,215501.1942944,8.267099998192862,8.921799977542832,4.850299999816343,2.2234999923966825,0.0,True,ok,4555,4555
5376,96,9.600000000000001,44,215501.2185331,215501.2277467,8.742500009248033,9.213599987560883,4.796699999133125,2.607399976113811,0.0,True,ok,4902,4902
5377,97,9.700000000000001,44,215501.2519777,215501.2604353,7.954000000609085,8.457599993562326,4.908900009468198,1.8330000166315585,0.0,True,ok,4793,4793
5378,98,9.8,44,215501.2852881,215501.2938727,8.060199994361028,8.584599971072748,4.792799998540431,2.03569998848252,0.0,True,ok,4857,4857
5379,99,9.9,44,215501.3183546,215501.3270643,8.21100000757724,8.709700021427125,4.774300003191456,2.0302000048104674,33.06649997830391,True,ok,4985,4985
5380,100,10.0,44,215501.3521802,215501.3624886,9.377599984873086,10.308400000212714,5.925200006458908,2.1505999902728945,0.0,True,ok,4973,4973
5381,101,10.100000000000001,44,215501.3853119,215501.394231,8.320600027218461,8.919100015191361,4.931700008455664,2.1105000050738454,0.0,True,ok,4507,4507
5382,102,10.200000000000001,44,215501.4184016,215501.4270301,8.15469998633489,8.628499985206872,4.983799997717142,1.9886000081896782,0.0,True,ok,4834,4834
5383,103,10.3,44,215501.451907,215501.4612994,8.38139999541454,9.392399981152266,4.735700000310317,2.377500000875443,0.0,True,ok,4943,4943
5384,104,10.4,44,215501.4854103,215501.4943051,8.093500015093014,8.894800004782155,4.863000009208918,2.0247999927960336,0.0,True,ok,5082,5082
5385,105,10.5,44,215501.5187516,215501.5280192,8.750099979806691,9.267599991289899,5.632800020975992,1.8483000167179853,0.0,True,ok,4986,4986
5386,106,10.600000000000001,44,215501.5516366,215501.56192,9.60069999564439,10.283400013577193,4.952400020556524,3.390500001842156,0.0,True,ok,5037,5037
5387,107,10.700000000000001,44,215501.5851667,215501.5938091,8.001900016097352,8.642400003736839,4.818500019609928,1.9734000088647008,0.0,True,ok,5162,5162
5388,108,10.8,44,215501.6187011,215501.6286708,9.293000010075048,9.96970001142472,4.83449999592267,3.2689999788999557,0.0,True,ok,4884,4884
5389,109,10.9,44,215501.6519318,215501.6618352,9.261900006094947,9.903400001348928,6.093000003602356,1.9750000210478902,0.0,True,ok,4890,4890
5390,110,11.0,44,215501.6854167,215501.6944889,8.600999979535118,9.072199987713248,5.043700017267838,2.245499985292554,0.0,True,ok,4848,4848
5391,111,11.100000000000001,44,215501.718531,215501.7266952,7.704499992541969,8.164200000464916,4.527099983533844,1.9918999751098454,0.0,True,ok,5030,5030
5392,112,11.200000000000001,44,215501.7517613,215501.7610365,8.799399976851419,9.275199990952387,5.3743000025860965,2.0037000067532063,0.0,True,ok,5114,5114
5393,113,11.3,44,215501.7854121,215501.7947224,8.696200005942956,9.31029999628663,5.288899992592633,2.1109000081196427,0.0,True,ok,5293,5293
5394,114,11.4,44,215501.8185978,215501.8274595,8.252400002675131,8.861699985573068,4.807000019354746,2.19580001430586,0.0,True,ok,5423,5423
5395,115,11.5,44,215501.8517879,215501.8626127,10.390800016466528,10.824800003319979,6.878000014694408,2.1077000128570944,0.0,True,ok,5340,5340
5396,116,11.600000000000001,44,215501.8852702,215501.895096,9.226699999999255,9.825799992540851,4.683200008003041,3.136699990136549,0.0,True,ok,5279,5279
5397,117,11.700000000000001,44,215501.918766,215501.92774,8.345700014615431,8.974000025773421,4.878099978668615,2.1707999985665083,0.0,True,ok,5498,5498
5398,118,11.8,44,215501.9518792,215501.962726,10.175900009926409,10.84679999621585,5.885799997486174,2.97359999967739,0.0,True,ok,5517,5517
5399,119,11.9,44,215501.9852415,215501.9944101,8.623199973953888,9.168599994154647,5.12630000594072,2.209800004493445,0.0,True,ok,5266,5266
5400,0,0.0,45,215502.0209518,215502.0310178,9.375800000270829,10.06600001710467,5.387300014263019,2.529300021706149,0.0,True,ok,4708,4708
