ply
format ascii 1.0
element vertex 20480
property float x
property float y
property float z
end_header
0.0 0.0 2917.64697265625
4.0 0.0 2905.88232421875
8.0 0.0 3000.0
12.0 0.0 3000.0
16.0 0.0 2917.64697265625
20.0 0.0 2929.411865234375
24.0 0.0 3000.0
28.0 0.0 2988.2353515625
32.0 0.0 2952.941162109375
36.0 0.0 2929.411865234375
40.0 0.0 2976.470703125
44.0 0.0 2870.588134765625
48.0 0.0 2952.941162109375
52.0 0.0 2976.470703125
56.0 0.0 2905.88232421875
60.0 0.0 2952.941162109375
64.0 0.0 2917.64697265625
68.0 0.0 2976.470703125
72.0 0.0 3000.0
76.0 0.0 2905.88232421875
80.0 0.0 2976.470703125
84.0 0.0 2952.941162109375
88.0 0.0 2952.941162109375
92.0 0.0 2929.411865234375
96.0 0.0 2917.64697265625
100.0 0.0 2858.823486328125
104.0 0.0 2917.64697265625
108.0 0.0 2976.470703125
112.0 0.0 3000.0
116.0 0.0 3000.0
120.0 0.0 2941.176513671875
124.0 0.0 2976.470703125
128.0 0.0 3000.0
132.0 0.0 3000.0
136.0 0.0 3000.0
140.0 0.0 3000.0
144.0 0.0 3000.0
148.0 0.0 2941.176513671875
152.0 0.0 2976.470703125
156.0 0.0 2682.35302734375
160.0 0.0 2576.470703125
164.0 0.0 2658.823486328125
168.0 0.0 2670.588134765625
172.0 0.0 2705.88232421875
176.0 0.0 2647.058837890625
180.0 0.0 2670.588134765625
184.0 0.0 2611.7646484375
188.0 0.0 2670.588134765625
192.0 0.0 2658.823486328125
196.0 0.0 2682.35302734375
200.0 0.0 2576.470703125
204.0 0.0 2623.529541015625
208.0 0.0 2588.2353515625
212.0 0.0 2658.823486328125
216.0 0.0 2576.470703125
220.0 0.0 2611.7646484375
224.0 0.0 2600.0
228.0 0.0 2588.2353515625
232.0 0.0 2647.058837890625
236.0 0.0 2588.2353515625
240.0 0.0 2588.2353515625
244.0 0.0 2623.529541015625
248.0 0.0 2588.2353515625
252.0 0.0 2529.411865234375
256.0 0.0 2552.941162109375
260.0 0.0 2576.470703125
264.0 0.0 2588.2353515625
268.0 0.0 2600.0
272.0 0.0 2564.705810546875
276.0 0.0 2576.470703125
280.0 0.0 2588.2353515625
284.0 0.0 2576.470703125
288.0 0.0 2600.0
292.0 0.0 2647.058837890625
296.0 0.0 2576.470703125
300.0 0.0 2647.058837890625
304.0 0.0 2588.2353515625
308.0 0.0 2600.0
312.0 0.0 2588.2353515625
316.0 0.0 2564.705810546875
320.0 0.0 2611.7646484375
324.0 0.0 2611.7646484375
328.0 0.0 2658.823486328125
332.0 0.0 2588.2353515625
336.0 0.0 2576.470703125
340.0 0.0 2588.2353515625
344.0 0.0 2588.2353515625
348.0 0.0 2670.588134765625
352.0 0.0 2694.11767578125
356.0 0.0 2741.176513671875
360.0 0.0 2647.058837890625
364.0 0.0 2600.0
368.0 0.0 2670.588134765625
372.0 0.0 2670.588134765625
376.0 0.0 2588.2353515625
380.0 0.0 2611.7646484375
384.0 0.0 2682.35302734375
388.0 0.0 2729.411865234375
392.0 0.0 2764.705810546875
396.0 0.0 2741.176513671875
400.0 0.0 2729.411865234375
404.0 0.0 2670.588134765625
408.0 0.0 2729.411865234375
412.0 0.0 2741.176513671875
416.0 0.0 2788.2353515625
420.0 0.0 2788.2353515625
424.0 0.0 2776.470703125
428.0 0.0 2835.294189453125
432.0 0.0 2776.470703125
436.0 0.0 2682.35302734375
440.0 0.0 2529.411865234375
444.0 0.0 2517.64697265625
448.0 0.0 2200.0
452.0 0.0 1941.176513671875
456.0 0.0 1870.5882568359375
460.0 0.0 1917.6470947265625
464.0 0.0 1835.294189453125
468.0 0.0 1870.5882568359375
472.0 0.0 1905.8824462890625
476.0 0.0 1811.7647705078125
480.0 0.0 1823.529541015625
484.0 0.0 1823.529541015625
488.0 0.0 1705.8824462890625
492.0 0.0 1729.411865234375
496.0 0.0 1670.5882568359375
500.0 0.0 1447.058837890625
504.0 0.0 1447.058837890625
508.0 0.0 1529.411865234375
512.0 0.0 1505.8824462890625
516.0 0.0 1505.8824462890625
520.0 0.0 1517.6470947265625
524.0 0.0 1447.058837890625
528.0 0.0 1482.3529052734375
532.0 0.0 1552.9412841796875
536.0 0.0 1552.9412841796875
540.0 0.0 1341.176513671875
544.0 0.0 1447.058837890625
548.0 0.0 1364.7059326171875
552.0 0.0 1388.2353515625
556.0 0.0 1400.0
560.0 0.0 1400.0
564.0 0.0 1411.7647705078125
568.0 0.0 1352.941162109375
572.0 0.0 1400.0
576.0 0.0 1482.3529052734375
580.0 0.0 1564.7059326171875
584.0 0.0 1435.2940673828125
588.0 0.0 1494.11767578125
592.0 0.0 1435.2940673828125
596.0 0.0 1470.5882568359375
600.0 0.0 1623.529541015625
604.0 0.0 1670.5882568359375
608.0 0.0 1694.11767578125
612.0 0.0 1623.529541015625
616.0 0.0 1670.5882568359375
620.0 0.0 1600.0001220703125
624.0 0.0 1670.5882568359375
628.0 0.0 1752.9412841796875
632.0 0.0 1752.9412841796875
636.0 0.0 1741.176513671875
0.0 4.0 3000.0
4.0 4.0 3000.0
8.0 4.0 3000.0
12.0 4.0 3000.0
16.0 4.0 3000.0
20.0 4.0 2976.470703125
24.0 4.0 3000.0
28.0 4.0 3000.0
32.0 4.0 3000.0
36.0 4.0 2941.176513671875
40.0 4.0 2952.941162109375
44.0 4.0 3000.0
48.0 4.0 3000.0
52.0 4.0 3000.0
56.0 4.0 3000.0
60.0 4.0 2941.176513671875
64.0 4.0 3000.0
68.0 4.0 3000.0
72.0 4.0 3000.0
76.0 4.0 3000.0
80.0 4.0 3000.0
84.0 4.0 3000.0
88.0 4.0 3000.0
92.0 4.0 3000.0
96.0 4.0 3000.0
100.0 4.0 3000.0
104.0 4.0 2988.2353515625
108.0 4.0 3000.0
112.0 4.0 2952.941162109375
116.0 4.0 2917.64697265625
120.0 4.0 3000.0
124.0 4.0 3000.0
128.0 4.0 3000.0
132.0 4.0 3000.0
136.0 4.0 3000.0
140.0 4.0 3000.0
144.0 4.0 3000.0
148.0 4.0 3000.0
152.0 4.0 2988.2353515625
156.0 4.0 2776.470703125
160.0 4.0 2588.2353515625
164.0 4.0 2705.88232421875
168.0 4.0 2752.941162109375
172.0 4.0 2729.411865234375
176.0 4.0 2752.941162109375
180.0 4.0 2682.35302734375
184.0 4.0 2658.823486328125
188.0 4.0 2694.11767578125
192.0 4.0 2670.588134765625
196.0 4.0 2670.588134765625
200.0 4.0 2670.588134765625
204.0 4.0 2647.058837890625
208.0 4.0 2647.058837890625
212.0 4.0 2588.2353515625
216.0 4.0 2623.529541015625
220.0 4.0 2682.35302734375
224.0 4.0 2658.823486328125
228.0 4.0 2611.7646484375
232.0 4.0 2670.588134765625
236.0 4.0 2588.2353515625
240.0 4.0 2600.0
244.0 4.0 2623.529541015625
248.0 4.0 2588.2353515625
252.0 4.0 2588.2353515625
256.0 4.0 2623.529541015625
260.0 4.0 2670.588134765625
264.0 4.0 2576.470703125
268.0 4.0 2611.7646484375
272.0 4.0 2647.058837890625
276.0 4.0 2611.7646484375
280.0 4.0 2552.941162109375
284.0 4.0 2576.470703125
288.0 4.0 2564.705810546875
292.0 4.0 2588.2353515625
296.0 4.0 2658.823486328125
300.0 4.0 2670.588134765625
304.0 4.0 2552.941162109375
308.0 4.0 2623.529541015625
312.0 4.0 2670.588134765625
316.0 4.0 2623.529541015625
320.0 4.0 2682.35302734375
324.0 4.0 2658.823486328125
328.0 4.0 2670.588134765625
332.0 4.0 2611.7646484375
336.0 4.0 2611.7646484375
340.0 4.0 2658.823486328125
344.0 4.0 2658.823486328125
348.0 4.0 2670.588134765625
352.0 4.0 2694.11767578125
356.0 4.0 2670.588134765625
360.0 4.0 2647.058837890625
364.0 4.0 2670.588134765625
368.0 4.0 2682.35302734375
372.0 4.0 2670.588134765625
376.0 4.0 2658.823486328125
380.0 4.0 2694.11767578125
384.0 4.0 2729.411865234375
388.0 4.0 2729.411865234375
392.0 4.0 2741.176513671875
396.0 4.0 2752.941162109375
400.0 4.0 2823.529541015625
404.0 4.0 2764.705810546875
408.0 4.0 2752.941162109375
412.0 4.0 2788.2353515625
416.0 4.0 2741.176513671875
420.0 4.0 2764.705810546875
424.0 4.0 2776.470703125
428.0 4.0 2858.823486328125
432.0 4.0 2764.705810546875
436.0 4.0 2694.11767578125
440.0 4.0 2517.64697265625
444.0 4.0 2305.88232421875
448.0 4.0 2035.294189453125
452.0 4.0 1847.058837890625
456.0 4.0 1870.5882568359375
460.0 4.0 1976.470703125
464.0 4.0 1764.7059326171875
468.0 4.0 1764.7059326171875
472.0 4.0 1847.058837890625
476.0 4.0 1752.9412841796875
480.0 4.0 1694.11767578125
484.0 4.0 1670.5882568359375
488.0 4.0 1588.2353515625
492.0 4.0 1576.470703125
496.0 4.0 1552.9412841796875
500.0 4.0 1505.8824462890625
504.0 4.0 1505.8824462890625
508.0 4.0 1470.5882568359375
512.0 4.0 1505.8824462890625
516.0 4.0 1482.3529052734375
520.0 4.0 1482.3529052734375
524.0 4.0 1435.2940673828125
528.0 4.0 1505.8824462890625
532.0 4.0 1576.470703125
536.0 4.0 1482.3529052734375
540.0 4.0 1494.11767578125
544.0 4.0 1435.2940673828125
548.0 4.0 1470.5882568359375
552.0 4.0 1411.7647705078125
556.0 4.0 1470.5882568359375
560.0 4.0 1411.7647705078125
564.0 4.0 1482.3529052734375
568.0 4.0 1423.5294189453125
572.0 4.0 1435.2940673828125
576.0 4.0 1447.058837890625
580.0 4.0 1494.11767578125
584.0 4.0 1400.0
588.0 4.0 1494.11767578125
592.0 4.0 1482.3529052734375
596.0 4.0 1529.411865234375
600.0 4.0 1623.529541015625
604.0 4.0 1658.8236083984375
608.0 4.0 1670.5882568359375
612.0 4.0 1694.11767578125
616.0 4.0 1705.8824462890625
620.0 4.0 1694.11767578125
624.0 4.0 1694.11767578125
628.0 4.0 1705.8824462890625
632.0 4.0 1670.5882568359375
636.0 4.0 1764.7059326171875
0.0 8.0 3000.0
4.0 8.0 3000.0
8.0 8.0 2988.2353515625
12.0 8.0 3000.0
16.0 8.0 3000.0
20.0 8.0 3000.0
24.0 8.0 3000.0
28.0 8.0 2988.2353515625
32.0 8.0 3000.0
36.0 8.0 3000.0
40.0 8.0 3000.0
44.0 8.0 3000.0
48.0 8.0 2929.411865234375
52.0 8.0 3000.0
56.0 8.0 3000.0
60.0 8.0 3000.0
64.0 8.0 3000.0
68.0 8.0 3000.0
72.0 8.0 3000.0
76.0 8.0 3000.0
80.0 8.0 2988.2353515625
84.0 8.0 2988.2353515625
88.0 8.0 3000.0
92.0 8.0 3000.0
96.0 8.0 3000.0
100.0 8.0 3000.0
104.0 8.0 3000.0
108.0 8.0 3000.0
112.0 8.0 2976.470703125
116.0 8.0 3000.0
120.0 8.0 3000.0
124.0 8.0 3000.0
128.0 8.0 3000.0
132.0 8.0 3000.0
136.0 8.0 3000.0
140.0 8.0 3000.0
144.0 8.0 3000.0
148.0 8.0 3000.0
152.0 8.0 2976.470703125
156.0 8.0 2729.411865234375
160.0 8.0 2647.058837890625
164.0 8.0 2670.588134765625
168.0 8.0 2694.11767578125
172.0 8.0 2741.176513671875
176.0 8.0 2741.176513671875
180.0 8.0 2670.588134765625
184.0 8.0 2752.941162109375
188.0 8.0 2752.941162109375
192.0 8.0 2694.11767578125
196.0 8.0 2729.411865234375
200.0 8.0 2670.588134765625
204.0 8.0 2658.823486328125
208.0 8.0 2682.35302734375
212.0 8.0 2600.0
216.0 8.0 2670.588134765625
220.0 8.0 2647.058837890625
224.0 8.0 2658.823486328125
228.0 8.0 2588.2353515625
232.0 8.0 2694.11767578125
236.0 8.0 2623.529541015625
240.0 8.0 2647.058837890625
244.0 8.0 2658.823486328125
248.0 8.0 2588.2353515625
252.0 8.0 2564.705810546875
256.0 8.0 2623.529541015625
260.0 8.0 2588.2353515625
264.0 8.0 2600.0
268.0 8.0 2611.7646484375
272.0 8.0 2647.058837890625
276.0 8.0 2588.2353515625
280.0 8.0 2564.705810546875
284.0 8.0 2552.941162109375
288.0 8.0 2611.7646484375
292.0 8.0 2670.588134765625
296.0 8.0 2600.0
300.0 8.0 2694.11767578125
304.0 8.0 2647.058837890625
308.0 8.0 2588.2353515625
312.0 8.0 2670.588134765625
316.0 8.0 2576.470703125
320.0 8.0 2670.588134765625
324.0 8.0 2588.2353515625
328.0 8.0 2682.35302734375
332.0 8.0 2611.7646484375
336.0 8.0 2588.2353515625
340.0 8.0 2564.705810546875
344.0 8.0 2670.588134765625
348.0 8.0 2682.35302734375
352.0 8.0 2670.588134765625
356.0 8.0 2682.35302734375
360.0 8.0 2670.588134765625
364.0 8.0 2670.588134765625
368.0 8.0 2729.411865234375
372.0 8.0 2741.176513671875
376.0 8.0 2741.176513671875
380.0 8.0 2741.176513671875
384.0 8.0 2752.941162109375
388.0 8.0 2764.705810546875
392.0 8.0 2764.705810546875
396.0 8.0 2752.941162109375
400.0 8.0 2694.11767578125
404.0 8.0 2694.11767578125
408.0 8.0 2741.176513671875
412.0 8.0 2752.941162109375
416.0 8.0 2776.470703125
420.0 8.0 2741.176513671875
424.0 8.0 2811.7646484375
428.0 8.0 2835.294189453125
432.0 8.0 2670.588134765625
436.0 8.0 2670.588134765625
440.0 8.0 2482.35302734375
444.0 8.0 2223.529541015625
448.0 8.0 2000.0
452.0 8.0 1835.294189453125
456.0 8.0 1847.058837890625
460.0 8.0 1729.411865234375
464.0 8.0 1811.7647705078125
468.0 8.0 1729.411865234375
472.0 8.0 1647.0589599609375
476.0 8.0 1600.0001220703125
480.0 8.0 1588.2353515625
484.0 8.0 1576.470703125
488.0 8.0 1564.7059326171875
492.0 8.0 1517.6470947265625
496.0 8.0 1564.7059326171875
500.0 8.0 1576.470703125
504.0 8.0 1505.8824462890625
508.0 8.0 1505.8824462890625
512.0 8.0 1576.470703125
516.0 8.0 1423.5294189453125
520.0 8.0 1447.058837890625
524.0 8.0 1423.5294189453125
528.0 8.0 1447.058837890625
532.0 8.0 1517.6470947265625
536.0 8.0 1470.5882568359375
540.0 8.0 1505.8824462890625
544.0 8.0 1494.11767578125
548.0 8.0 1447.058837890625
552.0 8.0 1400.0
556.0 8.0 1400.0
560.0 8.0 1447.058837890625
564.0 8.0 1494.11767578125
568.0 8.0 1435.2940673828125
572.0 8.0 1517.6470947265625
576.0 8.0 1505.8824462890625
580.0 8.0 1529.411865234375
584.0 8.0 1411.7647705078125
588.0 8.0 1423.5294189453125
592.0 8.0 1576.470703125
596.0 8.0 1505.8824462890625
600.0 8.0 1611.7647705078125
604.0 8.0 1623.529541015625
608.0 8.0 1588.2353515625
612.0 8.0 1670.5882568359375
616.0 8.0 1694.11767578125
620.0 8.0 1729.411865234375
624.0 8.0 1647.0589599609375
628.0 8.0 1741.176513671875
632.0 8.0 1670.5882568359375
636.0 8.0 1682.35302734375
0.0 12.0 3000.0
4.0 12.0 3000.0
8.0 12.0 3000.0
12.0 12.0 3000.0
16.0 12.0 3000.0
20.0 12.0 3000.0
24.0 12.0 3000.0
28.0 12.0 3000.0
32.0 12.0 3000.0
36.0 12.0 3000.0
40.0 12.0 3000.0
44.0 12.0 3000.0
48.0 12.0 3000.0
52.0 12.0 3000.0
56.0 12.0 3000.0
60.0 12.0 3000.0
64.0 12.0 3000.0
68.0 12.0 3000.0
72.0 12.0 3000.0
76.0 12.0 2929.411865234375
80.0 12.0 2988.2353515625
84.0 12.0 3000.0
88.0 12.0 3000.0
92.0 12.0 3000.0
96.0 12.0 3000.0
100.0 12.0 3000.0
104.0 12.0 3000.0
108.0 12.0 3000.0
112.0 12.0 3000.0
116.0 12.0 3000.0
120.0 12.0 3000.0
124.0 12.0 3000.0
128.0 12.0 3000.0
132.0 12.0 3000.0
136.0 12.0 3000.0
140.0 12.0 3000.0
144.0 12.0 3000.0
148.0 12.0 3000.0
152.0 12.0 2976.470703125
156.0 12.0 2835.294189453125
160.0 12.0 2600.0
164.0 12.0 2611.7646484375
168.0 12.0 2752.941162109375
172.0 12.0 2741.176513671875
176.0 12.0 2764.705810546875
180.0 12.0 2682.35302734375
184.0 12.0 2811.7646484375
188.0 12.0 2752.941162109375
192.0 12.0 2670.588134765625
196.0 12.0 2705.88232421875
200.0 12.0 2647.058837890625
204.0 12.0 2682.35302734375
208.0 12.0 2658.823486328125
212.0 12.0 2670.588134765625
216.0 12.0 2658.823486328125
220.0 12.0 2623.529541015625
224.0 12.0 2670.588134765625
228.0 12.0 2682.35302734375
232.0 12.0 2670.588134765625
236.0 12.0 2623.529541015625
240.0 12.0 2694.11767578125
244.0 12.0 2647.058837890625
248.0 12.0 2658.823486328125
252.0 12.0 2658.823486328125
256.0 12.0 2658.823486328125
260.0 12.0 2670.588134765625
264.0 12.0 2647.058837890625
268.0 12.0 2611.7646484375
272.0 12.0 2647.058837890625
276.0 12.0 2623.529541015625
280.0 12.0 2588.2353515625
284.0 12.0 2623.529541015625
288.0 12.0 2611.7646484375
292.0 12.0 2623.529541015625
296.0 12.0 2647.058837890625
300.0 12.0 2647.058837890625
304.0 12.0 2658.823486328125
308.0 12.0 2658.823486328125
312.0 12.0 2670.588134765625
316.0 12.0 2705.88232421875
320.0 12.0 2658.823486328125
324.0 12.0 2670.588134765625
328.0 12.0 2670.588134765625
332.0 12.0 2647.058837890625
336.0 12.0 2752.941162109375
340.0 12.0 2658.823486328125
344.0 12.0 2694.11767578125
348.0 12.0 2764.705810546875
352.0 12.0 2752.941162109375
356.0 12.0 2764.705810546875
360.0 12.0 2705.88232421875
364.0 12.0 2705.88232421875
368.0 12.0 2729.411865234375
372.0 12.0 2670.588134765625
376.0 12.0 2752.941162109375
380.0 12.0 2670.588134765625
384.0 12.0 2729.411865234375
388.0 12.0 2811.7646484375
392.0 12.0 2752.941162109375
396.0 12.0 2811.7646484375
400.0 12.0 2835.294189453125
404.0 12.0 2694.11767578125
408.0 12.0 2835.294189453125
412.0 12.0 2823.529541015625
416.0 12.0 2835.294189453125
420.0 12.0 2752.941162109375
424.0 12.0 2764.705810546875
428.0 12.0 2835.294189453125
432.0 12.0 2776.470703125
436.0 12.0 2600.0
440.0 12.0 2329.411865234375
444.0 12.0 2223.529541015625
448.0 12.0 1905.8824462890625
452.0 12.0 1811.7647705078125
456.0 12.0 1811.7647705078125
460.0 12.0 1764.7059326171875
464.0 12.0 1752.9412841796875
468.0 12.0 1623.529541015625
472.0 12.0 1658.8236083984375
476.0 12.0 1517.6470947265625
480.0 12.0 1600.0001220703125
484.0 12.0 1576.470703125
488.0 12.0 1576.470703125
492.0 12.0 1576.470703125
496.0 12.0 1600.0001220703125
500.0 12.0 1588.2353515625
504.0 12.0 1505.8824462890625
508.0 12.0 1564.7059326171875
512.0 12.0 1505.8824462890625
516.0 12.0 1611.7647705078125
520.0 12.0 1529.411865234375
524.0 12.0 1529.411865234375
528.0 12.0 1517.6470947265625
532.0 12.0 1505.8824462890625
536.0 12.0 1505.8824462890625
540.0 12.0 1552.9412841796875
544.0 12.0 1435.2940673828125
548.0 12.0 1482.3529052734375
552.0 12.0 1505.8824462890625
556.0 12.0 1470.5882568359375
560.0 12.0 1494.11767578125
564.0 12.0 1470.5882568359375
568.0 12.0 1470.5882568359375
572.0 12.0 1564.7059326171875
576.0 12.0 1517.6470947265625
580.0 12.0 1552.9412841796875
584.0 12.0 1423.5294189453125
588.0 12.0 1505.8824462890625
592.0 12.0 1505.8824462890625
596.0 12.0 1588.2353515625
600.0 12.0 1611.7647705078125
604.0 12.0 1611.7647705078125
608.0 12.0 1658.8236083984375
612.0 12.0 1682.35302734375
616.0 12.0 1729.411865234375
620.0 12.0 1823.529541015625
624.0 12.0 1741.176513671875
628.0 12.0 1823.529541015625
632.0 12.0 1764.7059326171875
636.0 12.0 1752.9412841796875
0.0 16.0 3000.0
4.0 16.0 2929.411865234375
8.0 16.0 3000.0
12.0 16.0 3000.0
16.0 16.0 3000.0
20.0 16.0 3000.0
24.0 16.0 3000.0
28.0 16.0 2941.176513671875
32.0 16.0 3000.0
36.0 16.0 3000.0
40.0 16.0 3000.0
44.0 16.0 3000.0
48.0 16.0 3000.0
52.0 16.0 3000.0
56.0 16.0 3000.0
60.0 16.0 3000.0
64.0 16.0 3000.0
68.0 16.0 3000.0
72.0 16.0 3000.0
76.0 16.0 2941.176513671875
80.0 16.0 3000.0
84.0 16.0 3000.0
88.0 16.0 3000.0
92.0 16.0 3000.0
96.0 16.0 3000.0
100.0 16.0 3000.0
104.0 16.0 2929.411865234375
108.0 16.0 2917.64697265625
112.0 16.0 3000.0
116.0 16.0 3000.0
120.0 16.0 2976.470703125
124.0 16.0 3000.0
128.0 16.0 3000.0
132.0 16.0 3000.0
136.0 16.0 3000.0
140.0 16.0 3000.0
144.0 16.0 3000.0
148.0 16.0 3000.0
152.0 16.0 3000.0
156.0 16.0 2811.7646484375
160.0 16.0 2576.470703125
164.0 16.0 2670.588134765625
168.0 16.0 2741.176513671875
172.0 16.0 2752.941162109375
176.0 16.0 2835.294189453125
180.0 16.0 2752.941162109375
184.0 16.0 2752.941162109375
188.0 16.0 2788.2353515625
192.0 16.0 2752.941162109375
196.0 16.0 2752.941162109375
200.0 16.0 2694.11767578125
204.0 16.0 2705.88232421875
208.0 16.0 2694.11767578125
212.0 16.0 2670.588134765625
216.0 16.0 2729.411865234375
220.0 16.0 2670.588134765625
224.0 16.0 2670.588134765625
228.0 16.0 2623.529541015625
232.0 16.0 2694.11767578125
236.0 16.0 2670.588134765625
240.0 16.0 2694.11767578125
244.0 16.0 2670.588134765625
248.0 16.0 2705.88232421875
252.0 16.0 2670.588134765625
256.0 16.0 2682.35302734375
260.0 16.0 2670.588134765625
264.0 16.0 2611.7646484375
268.0 16.0 2682.35302734375
272.0 16.0 2611.7646484375
276.0 16.0 2623.529541015625
280.0 16.0 2600.0
284.0 16.0 2658.823486328125
288.0 16.0 2647.058837890625
292.0 16.0 2682.35302734375
296.0 16.0 2670.588134765625
300.0 16.0 2623.529541015625
304.0 16.0 2647.058837890625
308.0 16.0 2647.058837890625
312.0 16.0 2729.411865234375
316.0 16.0 2670.588134765625
320.0 16.0 2741.176513671875
324.0 16.0 2705.88232421875
328.0 16.0 2729.411865234375
332.0 16.0 2670.588134765625
336.0 16.0 2705.88232421875
340.0 16.0 2670.588134765625
344.0 16.0 2752.941162109375
348.0 16.0 2670.588134765625
352.0 16.0 2682.35302734375
356.0 16.0 2752.941162109375
360.0 16.0 2694.11767578125
364.0 16.0 2694.11767578125
368.0 16.0 2788.2353515625
372.0 16.0 2729.411865234375
376.0 16.0 2741.176513671875
380.0 16.0 2670.588134765625
384.0 16.0 2682.35302734375
388.0 16.0 2670.588134765625
392.0 16.0 2705.88232421875
396.0 16.0 2752.941162109375
400.0 16.0 2776.470703125
404.0 16.0 2752.941162109375
408.0 16.0 2835.294189453125
412.0 16.0 2752.941162109375
416.0 16.0 2764.705810546875
420.0 16.0 2776.470703125
424.0 16.0 2835.294189453125
428.0 16.0 2811.7646484375
432.0 16.0 2705.88232421875
436.0 16.0 2470.58837890625
440.0 16.0 2258.823486328125
444.0 16.0 2058.823486328125
448.0 16.0 1835.294189453125
452.0 16.0 1694.11767578125
456.0 16.0 1729.411865234375
460.0 16.0 1576.470703125
464.0 16.0 1611.7647705078125
468.0 16.0 1517.6470947265625
472.0 16.0 1552.9412841796875
476.0 16.0 1576.470703125
480.0 16.0 1447.058837890625
484.0 16.0 1517.6470947265625
488.0 16.0 1611.7647705078125
492.0 16.0 1517.6470947265625
496.0 16.0 1647.0589599609375
500.0 16.0 1623.529541015625
504.0 16.0 1658.8236083984375
508.0 16.0 1564.7059326171875
512.0 16.0 1588.2353515625
516.0 16.0 1505.8824462890625
520.0 16.0 1505.8824462890625
524.0 16.0 1505.8824462890625
528.0 16.0 1505.8824462890625
532.0 16.0 1552.9412841796875
536.0 16.0 1470.5882568359375
540.0 16.0 1482.3529052734375
544.0 16.0 1552.9412841796875
548.0 16.0 1505.8824462890625
552.0 16.0 1482.3529052734375
556.0 16.0 1505.8824462890625
560.0 16.0 1447.058837890625
564.0 16.0 1411.7647705078125
568.0 16.0 1447.058837890625
572.0 16.0 1505.8824462890625
576.0 16.0 1411.7647705078125
580.0 16.0 1600.0001220703125
584.0 16.0 1352.941162109375
588.0 16.0 1552.9412841796875
592.0 16.0 1552.9412841796875
596.0 16.0 1529.411865234375
600.0 16.0 1588.2353515625
604.0 16.0 1611.7647705078125
608.0 16.0 1611.7647705078125
612.0 16.0 1670.5882568359375
616.0 16.0 1694.11767578125
620.0 16.0 1694.11767578125
624.0 16.0 1694.11767578125
628.0 16.0 1823.529541015625
632.0 16.0 1705.8824462890625
636.0 16.0 1764.7059326171875
0.0 20.0 2988.2353515625
4.0 20.0 3000.0
8.0 20.0 3000.0
12.0 20.0 3000.0
16.0 20.0 3000.0
20.0 20.0 3000.0
24.0 20.0 3000.0
28.0 20.0 3000.0
32.0 20.0 3000.0
36.0 20.0 3000.0
40.0 20.0 3000.0
44.0 20.0 3000.0
48.0 20.0 3000.0
52.0 20.0 3000.0
56.0 20.0 3000.0
60.0 20.0 3000.0
64.0 20.0 3000.0
68.0 20.0 3000.0
72.0 20.0 3000.0
76.0 20.0 3000.0
80.0 20.0 3000.0
84.0 20.0 3000.0
88.0 20.0 3000.0
92.0 20.0 3000.0
96.0 20.0 3000.0
100.0 20.0 3000.0
104.0 20.0 3000.0
108.0 20.0 3000.0
112.0 20.0 3000.0
116.0 20.0 3000.0
120.0 20.0 3000.0
124.0 20.0 3000.0
128.0 20.0 3000.0
132.0 20.0 3000.0
136.0 20.0 3000.0
140.0 20.0 3000.0
144.0 20.0 3000.0
148.0 20.0 3000.0
152.0 20.0 3000.0
156.0 20.0 2764.705810546875
160.0 20.0 2564.705810546875
164.0 20.0 2658.823486328125
168.0 20.0 2811.7646484375
172.0 20.0 2752.941162109375
176.0 20.0 2752.941162109375
180.0 20.0 2764.705810546875
184.0 20.0 2776.470703125
188.0 20.0 2776.470703125
192.0 20.0 2788.2353515625
196.0 20.0 2752.941162109375
200.0 20.0 2729.411865234375
204.0 20.0 2694.11767578125
208.0 20.0 2776.470703125
212.0 20.0 2694.11767578125
216.0 20.0 2670.588134765625
220.0 20.0 2741.176513671875
224.0 20.0 2682.35302734375
228.0 20.0 2658.823486328125
232.0 20.0 2623.529541015625
236.0 20.0 2682.35302734375
240.0 20.0 2658.823486328125
244.0 20.0 2670.588134765625
248.0 20.0 2694.11767578125
252.0 20.0 2623.529541015625
256.0 20.0 2600.0
260.0 20.0 2670.588134765625
264.0 20.0 2670.588134765625
268.0 20.0 2647.058837890625
272.0 20.0 2576.470703125
276.0 20.0 2670.588134765625
280.0 20.0 2600.0
284.0 20.0 2670.588134765625
288.0 20.0 2611.7646484375
292.0 20.0 2670.588134765625
296.0 20.0 2647.058837890625
300.0 20.0 2611.7646484375
304.0 20.0 2670.588134765625
308.0 20.0 2588.2353515625
312.0 20.0 2705.88232421875
316.0 20.0 2658.823486328125
320.0 20.0 2705.88232421875
324.0 20.0 2741.176513671875
328.0 20.0 2682.35302734375
332.0 20.0 2670.588134765625
336.0 20.0 2694.11767578125
340.0 20.0 2670.588134765625
344.0 20.0 2752.941162109375
348.0 20.0 2741.176513671875
352.0 20.0 2705.88232421875
356.0 20.0 2823.529541015625
360.0 20.0 2670.588134765625
364.0 20.0 2752.941162109375
368.0 20.0 2847.058837890625
372.0 20.0 2776.470703125
376.0 20.0 2752.941162109375
380.0 20.0 2705.88232421875
384.0 20.0 2705.88232421875
388.0 20.0 2658.823486328125
392.0 20.0 2729.411865234375
396.0 20.0 2788.2353515625
400.0 20.0 2752.941162109375
404.0 20.0 2835.294189453125
408.0 20.0 2835.294189453125
412.0 20.0 2894.11767578125
416.0 20.0 2870.588134765625
420.0 20.0 2847.058837890625
424.0 20.0 2811.7646484375
428.0 20.0 2705.88232421875
432.0 20.0 2564.705810546875
436.0 20.0 2270.58837890625
440.0 20.0 2105.88232421875
444.0 20.0 2105.88232421875
448.0 20.0 1835.294189453125
452.0 20.0 1776.470703125
456.0 20.0 1658.8236083984375
460.0 20.0 1588.2353515625
464.0 20.0 1588.2353515625
468.0 20.0 1517.6470947265625
472.0 20.0 1505.8824462890625
476.0 20.0 1517.6470947265625
480.0 20.0 1552.9412841796875
484.0 20.0 1647.0589599609375
488.0 20.0 1600.0001220703125
492.0 20.0 1694.11767578125
496.0 20.0 1658.8236083984375
500.0 20.0 1588.2353515625
504.0 20.0 1588.2353515625
508.0 20.0 1611.7647705078125
512.0 20.0 1576.470703125
516.0 20.0 1611.7647705078125
520.0 20.0 1505.8824462890625
524.0 20.0 1482.3529052734375
528.0 20.0 1505.8824462890625
532.0 20.0 1529.411865234375
536.0 20.0 1588.2353515625
540.0 20.0 1505.8824462890625
544.0 20.0 1529.411865234375
548.0 20.0 1505.8824462890625
552.0 20.0 1482.3529052734375
556.0 20.0 1588.2353515625
560.0 20.0 1529.411865234375
564.0 20.0 1470.5882568359375
568.0 20.0 1517.6470947265625
572.0 20.0 1564.7059326171875
576.0 20.0 1505.8824462890625
580.0 20.0 1552.9412841796875
584.0 20.0 1470.5882568359375
588.0 20.0 1564.7059326171875
592.0 20.0 1564.7059326171875
596.0 20.0 1682.35302734375
600.0 20.0 1705.8824462890625
604.0 20.0 1670.5882568359375
608.0 20.0 1611.7647705078125
612.0 20.0 1670.5882568359375
616.0 20.0 1729.411865234375
620.0 20.0 1741.176513671875
624.0 20.0 1764.7059326171875
628.0 20.0 1729.411865234375
632.0 20.0 1764.7059326171875
636.0 20.0 1682.35302734375
0.0 24.0 3000.0
4.0 24.0 3000.0
8.0 24.0 3000.0
12.0 24.0 3000.0
16.0 24.0 3000.0
20.0 24.0 3000.0
24.0 24.0 3000.0
28.0 24.0 3000.0
32.0 24.0 3000.0
36.0 24.0 3000.0
40.0 24.0 3000.0
44.0 24.0 3000.0
48.0 24.0 3000.0
52.0 24.0 3000.0
56.0 24.0 3000.0
60.0 24.0 3000.0
64.0 24.0 3000.0
68.0 24.0 3000.0
72.0 24.0 3000.0
76.0 24.0 3000.0
80.0 24.0 3000.0
84.0 24.0 3000.0
88.0 24.0 3000.0
92.0 24.0 3000.0
96.0 24.0 3000.0
100.0 24.0 3000.0
104.0 24.0 3000.0
108.0 24.0 3000.0
112.0 24.0 3000.0
116.0 24.0 3000.0
120.0 24.0 3000.0
124.0 24.0 3000.0
128.0 24.0 3000.0
132.0 24.0 3000.0
136.0 24.0 3000.0
140.0 24.0 3000.0
144.0 24.0 3000.0
148.0 24.0 3000.0
152.0 24.0 3000.0
156.0 24.0 2835.294189453125
160.0 24.0 2623.529541015625
164.0 24.0 2705.88232421875
168.0 24.0 2788.2353515625
172.0 24.0 2752.941162109375
176.0 24.0 2776.470703125
180.0 24.0 2764.705810546875
184.0 24.0 2752.941162109375
188.0 24.0 2752.941162109375
192.0 24.0 2752.941162109375
196.0 24.0 2741.176513671875
200.0 24.0 2764.705810546875
204.0 24.0 2682.35302734375
208.0 24.0 2741.176513671875
212.0 24.0 2741.176513671875
216.0 24.0 2729.411865234375
220.0 24.0 2741.176513671875
224.0 24.0 2694.11767578125
228.0 24.0 2729.411865234375
232.0 24.0 2729.411865234375
236.0 24.0 2752.941162109375
240.0 24.0 2670.588134765625
244.0 24.0 2705.88232421875
248.0 24.0 2694.11767578125
252.0 24.0 2694.11767578125
256.0 24.0 2682.35302734375
260.0 24.0 2694.11767578125
264.0 24.0 2658.823486328125
268.0 24.0 2670.588134765625
272.0 24.0 2670.588134765625
276.0 24.0 2611.7646484375
280.0 24.0 2647.058837890625
284.0 24.0 2729.411865234375
288.0 24.0 2658.823486328125
292.0 24.0 2588.2353515625
296.0 24.0 2670.588134765625
300.0 24.0 2670.588134765625
304.0 24.0 2705.88232421875
308.0 24.0 2705.88232421875
312.0 24.0 2729.411865234375
316.0 24.0 2670.588134765625
320.0 24.0 2682.35302734375
324.0 24.0 2682.35302734375
328.0 24.0 2682.35302734375
332.0 24.0 2623.529541015625
336.0 24.0 2729.411865234375
340.0 24.0 2741.176513671875
344.0 24.0 2694.11767578125
348.0 24.0 2741.176513671875
352.0 24.0 2788.2353515625
356.0 24.0 2788.2353515625
360.0 24.0 2752.941162109375
364.0 24.0 2764.705810546875
368.0 24.0 2788.2353515625
372.0 24.0 2752.941162109375
376.0 24.0 2776.470703125
380.0 24.0 2752.941162109375
384.0 24.0 2788.2353515625
388.0 24.0 2694.11767578125
392.0 24.0 2788.2353515625
396.0 24.0 2776.470703125
400.0 24.0 2858.823486328125
404.0 24.0 2858.823486328125
408.0 24.0 2847.058837890625
412.0 24.0 2847.058837890625
416.0 24.0 2835.294189453125
420.0 24.0 2752.941162109375
424.0 24.0 2658.823486328125
428.0 24.0 2529.411865234375
432.0 24.0 2435.294189453125
436.0 24.0 2200.0
440.0 24.0 2176.470703125
444.0 24.0 2000.0
448.0 24.0 1894.11767578125
452.0 24.0 1752.9412841796875
456.0 24.0 1623.529541015625
460.0 24.0 1623.529541015625
464.0 24.0 1494.11767578125
468.0 24.0 1435.2940673828125
472.0 24.0 1494.11767578125
476.0 24.0 1529.411865234375
480.0 24.0 1564.7059326171875
484.0 24.0 1564.7059326171875
488.0 24.0 1623.529541015625
492.0 24.0 1611.7647705078125
496.0 24.0 1752.9412841796875
500.0 24.0 1611.7647705078125
504.0 24.0 1658.8236083984375
508.0 24.0 1658.8236083984375
512.0 24.0 1670.5882568359375
516.0 24.0 1600.0001220703125
520.0 24.0 1588.2353515625
524.0 24.0 1588.2353515625
528.0 24.0 1517.6470947265625
532.0 24.0 1470.5882568359375
536.0 24.0 1552.9412841796875
540.0 24.0 1423.5294189453125
544.0 24.0 1505.8824462890625
548.0 24.0 1505.8824462890625
552.0 24.0 1564.7059326171875
556.0 24.0 1529.411865234375
560.0 24.0 1494.11767578125
564.0 24.0 1482.3529052734375
568.0 24.0 1505.8824462890625
572.0 24.0 1529.411865234375
576.0 24.0 1588.2353515625
580.0 24.0 1505.8824462890625
584.0 24.0 1435.2940673828125
588.0 24.0 1600.0001220703125
592.0 24.0 1600.0001220703125
596.0 24.0 1647.0589599609375
600.0 24.0 1670.5882568359375
604.0 24.0 1694.11767578125
608.0 24.0 1694.11767578125
612.0 24.0 1600.0001220703125
616.0 24.0 1741.176513671875
620.0 24.0 1776.470703125
624.0 24.0 1670.5882568359375
628.0 24.0 1776.470703125
632.0 24.0 1764.7059326171875
636.0 24.0 1764.7059326171875
0.0 28.0 3000.0
4.0 28.0 3000.0
8.0 28.0 3000.0
12.0 28.0 3000.0
16.0 28.0 3000.0
20.0 28.0 3000.0
24.0 28.0 3000.0
28.0 28.0 3000.0
32.0 28.0 3000.0
36.0 28.0 3000.0
40.0 28.0 3000.0
44.0 28.0 3000.0
48.0 28.0 2976.470703125
52.0 28.0 3000.0
56.0 28.0 3000.0
60.0 28.0 3000.0
64.0 28.0 3000.0
68.0 28.0 3000.0
72.0 28.0 3000.0
76.0 28.0 3000.0
80.0 28.0 3000.0
84.0 28.0 3000.0
88.0 28.0 3000.0
92.0 28.0 3000.0
96.0 28.0 3000.0
100.0 28.0 3000.0
104.0 28.0 3000.0
108.0 28.0 3000.0
112.0 28.0 3000.0
116.0 28.0 3000.0
120.0 28.0 3000.0
124.0 28.0 3000.0
128.0 28.0 3000.0
132.0 28.0 3000.0
136.0 28.0 3000.0
140.0 28.0 3000.0
144.0 28.0 3000.0
148.0 28.0 3000.0
152.0 28.0 2988.2353515625
156.0 28.0 2847.058837890625
160.0 28.0 2623.529541015625
164.0 28.0 2670.588134765625
168.0 28.0 2835.294189453125
172.0 28.0 2752.941162109375
176.0 28.0 2811.7646484375
180.0 28.0 2752.941162109375
184.0 28.0 2729.411865234375
188.0 28.0 2764.705810546875
192.0 28.0 2729.411865234375
196.0 28.0 2776.470703125
200.0 28.0 2764.705810546875
204.0 28.0 2705.88232421875
208.0 28.0 2705.88232421875
212.0 28.0 2729.411865234375
216.0 28.0 2682.35302734375
220.0 28.0 2764.705810546875
224.0 28.0 2729.411865234375
228.0 28.0 2705.88232421875
232.0 28.0 2741.176513671875
236.0 28.0 2752.941162109375
240.0 28.0 2682.35302734375
244.0 28.0 2741.176513671875
248.0 28.0 2729.411865234375
252.0 28.0 2623.529541015625
256.0 28.0 2611.7646484375
260.0 28.0 2647.058837890625
264.0 28.0 2623.529541015625
268.0 28.0 2623.529541015625
272.0 28.0 2670.588134765625
276.0 28.0 2623.529541015625
280.0 28.0 2705.88232421875
284.0 28.0 2623.529541015625
288.0 28.0 2670.588134765625
292.0 28.0 2647.058837890625
296.0 28.0 2670.588134765625
300.0 28.0 2705.88232421875
304.0 28.0 2670.588134765625
308.0 28.0 2670.588134765625
312.0 28.0 2658.823486328125
316.0 28.0 2682.35302734375
320.0 28.0 2682.35302734375
324.0 28.0 2694.11767578125
328.0 28.0 2752.941162109375
332.0 28.0 2694.11767578125
336.0 28.0 2764.705810546875
340.0 28.0 2705.88232421875
344.0 28.0 2705.88232421875
348.0 28.0 2741.176513671875
352.0 28.0 2705.88232421875
356.0 28.0 2729.411865234375
360.0 28.0 2752.941162109375
364.0 28.0 2705.88232421875
368.0 28.0 2811.7646484375
372.0 28.0 2705.88232421875
376.0 28.0 2752.941162109375
380.0 28.0 2694.11767578125
384.0 28.0 2705.88232421875
388.0 28.0 2752.941162109375
392.0 28.0 2811.7646484375
396.0 28.0 2823.529541015625
400.0 28.0 2752.941162109375
404.0 28.0 2835.294189453125
408.0 28.0 2764.705810546875
412.0 28.0 2752.941162109375
416.0 28.0 2705.88232421875
420.0 28.0 2588.2353515625
424.0 28.0 2447.058837890625
428.0 28.0 2423.529541015625
432.0 28.0 2352.941162109375
436.0 28.0 2176.470703125
440.0 28.0 2082.35302734375
444.0 28.0 2058.823486328125
448.0 28.0 1835.294189453125
452.0 28.0 1647.0589599609375
456.0 28.0 1623.529541015625
460.0 28.0 1505.8824462890625
464.0 28.0 1423.5294189453125
468.0 28.0 1470.5882568359375
472.0 28.0 1447.058837890625
476.0 28.0 1482.3529052734375
480.0 28.0 1517.6470947265625
484.0 28.0 1600.0001220703125
488.0 28.0 1611.7647705078125
492.0 28.0 1670.5882568359375
496.0 28.0 1682.35302734375
500.0 28.0 1600.0001220703125
504.0 28.0 1729.411865234375
508.0 28.0 1670.5882568359375
512.0 28.0 1694.11767578125
516.0 28.0 1600.0001220703125
520.0 28.0 1505.8824462890625
524.0 28.0 1494.11767578125
528.0 28.0 1447.058837890625
532.0 28.0 1470.5882568359375
536.0 28.0 1576.470703125
540.0 28.0 1517.6470947265625
544.0 28.0 1564.7059326171875
548.0 28.0 1505.8824462890625
552.0 28.0 1564.7059326171875
556.0 28.0 1494.11767578125
560.0 28.0 1494.11767578125
564.0 28.0 1494.11767578125
568.0 28.0 1423.5294189453125
572.0 28.0 1529.411865234375
576.0 28.0 1435.2940673828125
580.0 28.0 1600.0001220703125
584.0 28.0 1552.9412841796875
588.0 28.0 1517.6470947265625
592.0 28.0 1576.470703125
596.0 28.0 1588.2353515625
600.0 28.0 1623.529541015625
604.0 28.0 1576.470703125
608.0 28.0 1600.0001220703125
612.0 28.0 1670.5882568359375
616.0 28.0 1705.8824462890625
620.0 28.0 1705.8824462890625
624.0 28.0 1729.411865234375
628.0 28.0 1729.411865234375
632.0 28.0 1835.294189453125
636.0 28.0 1694.11767578125
0.0 32.0 3000.0
4.0 32.0 3000.0
8.0 32.0 3000.0
12.0 32.0 3000.0
16.0 32.0 3000.0
20.0 32.0 3000.0
24.0 32.0 3000.0
28.0 32.0 3000.0
32.0 32.0 2952.941162109375
36.0 32.0 3000.0
40.0 32.0 3000.0
44.0 32.0 3000.0
48.0 32.0 3000.0
52.0 32.0 3000.0
56.0 32.0 3000.0
60.0 32.0 3000.0
64.0 32.0 3000.0
68.0 32.0 3000.0
72.0 32.0 3000.0
76.0 32.0 3000.0
80.0 32.0 3000.0
84.0 32.0 3000.0
88.0 32.0 3000.0
92.0 32.0 3000.0
96.0 32.0 3000.0
100.0 32.0 3000.0
104.0 32.0 3000.0
108.0 32.0 3000.0
112.0 32.0 3000.0
116.0 32.0 3000.0
120.0 32.0 2988.2353515625
124.0 32.0 3000.0
128.0 32.0 3000.0
132.0 32.0 3000.0
136.0 32.0 3000.0
140.0 32.0 3000.0
144.0 32.0 3000.0
148.0 32.0 3000.0
152.0 32.0 2988.2353515625
156.0 32.0 2847.058837890625
160.0 32.0 2588.2353515625
164.0 32.0 2670.588134765625
168.0 32.0 2729.411865234375
172.0 32.0 2788.2353515625
176.0 32.0 2823.529541015625
180.0 32.0 2752.941162109375
184.0 32.0 2788.2353515625
188.0 32.0 2776.470703125
192.0 32.0 2752.941162109375
196.0 32.0 2741.176513671875
200.0 32.0 2776.470703125
204.0 32.0 2741.176513671875
208.0 32.0 2776.470703125
212.0 32.0 2752.941162109375
216.0 32.0 2741.176513671875
220.0 32.0 2764.705810546875
224.0 32.0 2764.705810546875
228.0 32.0 2694.11767578125
232.0 32.0 2752.941162109375
236.0 32.0 2752.941162109375
240.0 32.0 2705.88232421875
244.0 32.0 2705.88232421875
248.0 32.0 2658.823486328125
252.0 32.0 2694.11767578125
256.0 32.0 2670.588134765625
260.0 32.0 2682.35302734375
264.0 32.0 2658.823486328125
268.0 32.0 2705.88232421875
272.0 32.0 2670.588134765625
276.0 32.0 2741.176513671875
280.0 32.0 2658.823486328125
284.0 32.0 2705.88232421875
288.0 32.0 2647.058837890625
292.0 32.0 2694.11767578125
296.0 32.0 2729.411865234375
300.0 32.0 2729.411865234375
304.0 32.0 2670.588134765625
308.0 32.0 2682.35302734375
312.0 32.0 2764.705810546875
316.0 32.0 2741.176513671875
320.0 32.0 2705.88232421875
324.0 32.0 2729.411865234375
328.0 32.0 2741.176513671875
332.0 32.0 2694.11767578125
336.0 32.0 2752.941162109375
340.0 32.0 2752.941162109375
344.0 32.0 2705.88232421875
348.0 32.0 2752.941162109375
352.0 32.0 2741.176513671875
356.0 32.0 2811.7646484375
360.0 32.0 2811.7646484375
364.0 32.0 2752.941162109375
368.0 32.0 2835.294189453125
372.0 32.0 2752.941162109375
376.0 32.0 2729.411865234375
380.0 32.0 2788.2353515625
384.0 32.0 2694.11767578125
388.0 32.0 2776.470703125
392.0 32.0 2764.705810546875
396.0 32.0 2894.11767578125
400.0 32.0 2847.058837890625
404.0 32.0 2764.705810546875
408.0 32.0 2694.11767578125
412.0 32.0 2729.411865234375
416.0 32.0 2552.941162109375
420.0 32.0 2435.294189453125
424.0 32.0 2470.58837890625
428.0 32.0 2482.35302734375
432.0 32.0 2329.411865234375
436.0 32.0 2176.470703125
440.0 32.0 1976.470703125
444.0 32.0 1905.8824462890625
448.0 32.0 1776.470703125
452.0 32.0 1529.411865234375
456.0 32.0 1600.0001220703125
460.0 32.0 1447.058837890625
464.0 32.0 1505.8824462890625
468.0 32.0 1505.8824462890625
472.0 32.0 1482.3529052734375
476.0 32.0 1435.2940673828125
480.0 32.0 1517.6470947265625
484.0 32.0 1670.5882568359375
488.0 32.0 1647.0589599609375
492.0 32.0 1670.5882568359375
496.0 32.0 1705.8824462890625
500.0 32.0 1670.5882568359375
504.0 32.0 1741.176513671875
508.0 32.0 1694.11767578125
512.0 32.0 1658.8236083984375
516.0 32.0 1588.2353515625
520.0 32.0 1552.9412841796875
524.0 32.0 1470.5882568359375
528.0 32.0 1552.9412841796875
532.0 32.0 1505.8824462890625
536.0 32.0 1505.8824462890625
540.0 32.0 1494.11767578125
544.0 32.0 1588.2353515625
548.0 32.0 1470.5882568359375
552.0 32.0 1505.8824462890625
556.0 32.0 1576.470703125
560.0 32.0 1470.5882568359375
564.0 32.0 1411.7647705078125
568.0 32.0 1423.5294189453125
572.0 32.0 1529.411865234375
576.0 32.0 1564.7059326171875
580.0 32.0 1576.470703125
584.0 32.0 1658.8236083984375
588.0 32.0 1576.470703125
592.0 32.0 1600.0001220703125
596.0 32.0 1600.0001220703125
600.0 32.0 1670.5882568359375
604.0 32.0 1705.8824462890625
608.0 32.0 1694.11767578125
612.0 32.0 1694.11767578125
616.0 32.0 1752.9412841796875
620.0 32.0 1788.2353515625
624.0 32.0 1752.9412841796875
628.0 32.0 1835.294189453125
632.0 32.0 1870.5882568359375
636.0 32.0 1776.470703125
0.0 36.0 3000.0
4.0 36.0 3000.0
8.0 36.0 3000.0
12.0 36.0 3000.0
16.0 36.0 3000.0
20.0 36.0 3000.0
24.0 36.0 3000.0
28.0 36.0 3000.0
32.0 36.0 2952.941162109375
36.0 36.0 3000.0
40.0 36.0 3000.0
44.0 36.0 3000.0
48.0 36.0 2952.941162109375
52.0 36.0 3000.0
56.0 36.0 2952.941162109375
60.0 36.0 3000.0
64.0 36.0 3000.0
68.0 36.0 3000.0
72.0 36.0 3000.0
76.0 36.0 3000.0
80.0 36.0 3000.0
84.0 36.0 3000.0
88.0 36.0 3000.0
92.0 36.0 3000.0
96.0 36.0 3000.0
100.0 36.0 3000.0
104.0 36.0 3000.0
108.0 36.0 3000.0
112.0 36.0 3000.0
116.0 36.0 3000.0
120.0 36.0 3000.0
124.0 36.0 3000.0
128.0 36.0 3000.0
132.0 36.0 3000.0
136.0 36.0 3000.0
140.0 36.0 3000.0
144.0 36.0 3000.0
148.0 36.0 3000.0
152.0 36.0 2976.470703125
156.0 36.0 2776.470703125
160.0 36.0 2564.705810546875
164.0 36.0 2647.058837890625
168.0 36.0 2741.176513671875
172.0 36.0 2752.941162109375
176.0 36.0 2788.2353515625
180.0 36.0 2823.529541015625
184.0 36.0 2811.7646484375
188.0 36.0 2835.294189453125
192.0 36.0 2811.7646484375
196.0 36.0 2776.470703125
200.0 36.0 2776.470703125
204.0 36.0 2752.941162109375
208.0 36.0 2752.941162109375
212.0 36.0 2729.411865234375
216.0 36.0 2764.705810546875
220.0 36.0 2741.176513671875
224.0 36.0 2670.588134765625
228.0 36.0 2752.941162109375
232.0 36.0 2752.941162109375
236.0 36.0 2788.2353515625
240.0 36.0 2729.411865234375
244.0 36.0 2776.470703125
248.0 36.0 2752.941162109375
252.0 36.0 2694.11767578125
256.0 36.0 2705.88232421875
260.0 36.0 2694.11767578125
264.0 36.0 2647.058837890625
268.0 36.0 2694.11767578125
272.0 36.0 2729.411865234375
276.0 36.0 2764.705810546875
280.0 36.0 2611.7646484375
284.0 36.0 2705.88232421875
288.0 36.0 2670.588134765625
292.0 36.0 2694.11767578125
296.0 36.0 2729.411865234375
300.0 36.0 2682.35302734375
304.0 36.0 2776.470703125
308.0 36.0 2741.176513671875
312.0 36.0 2741.176513671875
316.0 36.0 2729.411865234375
320.0 36.0 2752.941162109375
324.0 36.0 2741.176513671875
328.0 36.0 2764.705810546875
332.0 36.0 2741.176513671875
336.0 36.0 2705.88232421875
340.0 36.0 2752.941162109375
344.0 36.0 2752.941162109375
348.0 36.0 2741.176513671875
352.0 36.0 2764.705810546875
356.0 36.0 2835.294189453125
360.0 36.0 2776.470703125
364.0 36.0 2705.88232421875
368.0 36.0 2741.176513671875
372.0 36.0 2776.470703125
376.0 36.0 2823.529541015625
380.0 36.0 2741.176513671875
384.0 36.0 2835.294189453125
388.0 36.0 2835.294189453125
392.0 36.0 2776.470703125
396.0 36.0 2823.529541015625
400.0 36.0 2811.7646484375
404.0 36.0 2694.11767578125
408.0 36.0 2705.88232421875
412.0 36.0 2564.705810546875
416.0 36.0 2435.294189453125
420.0 36.0 2494.11767578125
424.0 36.0 2494.11767578125
428.0 36.0 2423.529541015625
432.0 36.0 2305.88232421875
436.0 36.0 2235.294189453125
440.0 36.0 2094.11767578125
444.0 36.0 1917.6470947265625
448.0 36.0 1670.5882568359375
452.0 36.0 1529.411865234375
456.0 36.0 1529.411865234375
460.0 36.0 1552.9412841796875
464.0 36.0 1435.2940673828125
468.0 36.0 1517.6470947265625
472.0 36.0 1364.7059326171875
476.0 36.0 1411.7647705078125
480.0 36.0 1576.470703125
484.0 36.0 1600.0001220703125
488.0 36.0 1752.9412841796875
492.0 36.0 1752.9412841796875
496.0 36.0 1729.411865234375
500.0 36.0 1741.176513671875
504.0 36.0 1788.2353515625
508.0 36.0 1764.7059326171875
512.0 36.0 1623.529541015625
516.0 36.0 1600.0001220703125
520.0 36.0 1552.9412841796875
524.0 36.0 1588.2353515625
528.0 36.0 1576.470703125
532.0 36.0 1470.5882568359375
536.0 36.0 1517.6470947265625
540.0 36.0 1482.3529052734375
544.0 36.0 1552.9412841796875
548.0 36.0 1529.411865234375
552.0 36.0 1494.11767578125
556.0 36.0 1600.0001220703125
560.0 36.0 1517.6470947265625
564.0 36.0 1552.9412841796875
568.0 36.0 1600.0001220703125
572.0 36.0 1600.0001220703125
576.0 36.0 1564.7059326171875
580.0 36.0 1529.411865234375
584.0 36.0 1576.470703125
588.0 36.0 1588.2353515625
592.0 36.0 1588.2353515625
596.0 36.0 1705.8824462890625
600.0 36.0 1764.7059326171875
604.0 36.0 1741.176513671875
608.0 36.0 1741.176513671875
612.0 36.0 1752.9412841796875
616.0 36.0 1847.058837890625
620.0 36.0 1729.411865234375
624.0 36.0 1776.470703125
628.0 36.0 1811.7647705078125
632.0 36.0 1847.058837890625
636.0 36.0 1776.470703125
0.0 40.0 3000.0
4.0 40.0 3000.0
8.0 40.0 3000.0
12.0 40.0 3000.0
16.0 40.0 3000.0
20.0 40.0 3000.0
24.0 40.0 3000.0
28.0 40.0 3000.0
32.0 40.0 3000.0
36.0 40.0 3000.0
40.0 40.0 3000.0
44.0 40.0 3000.0
48.0 40.0 3000.0
52.0 40.0 2988.2353515625
56.0 40.0 3000.0
60.0 40.0 3000.0
64.0 40.0 3000.0
68.0 40.0 3000.0
72.0 40.0 3000.0
76.0 40.0 3000.0
80.0 40.0 3000.0
84.0 40.0 3000.0
88.0 40.0 3000.0
92.0 40.0 3000.0
96.0 40.0 3000.0
100.0 40.0 3000.0
104.0 40.0 3000.0
108.0 40.0 2988.2353515625
112.0 40.0 3000.0
116.0 40.0 3000.0
120.0 40.0 3000.0
124.0 40.0 3000.0
128.0 40.0 3000.0
132.0 40.0 3000.0
136.0 40.0 3000.0
140.0 40.0 3000.0
144.0 40.0 3000.0
148.0 40.0 3000.0
152.0 40.0 3000.0
156.0 40.0 2894.11767578125
160.0 40.0 2588.2353515625
164.0 40.0 2670.588134765625
168.0 40.0 2741.176513671875
172.0 40.0 2788.2353515625
176.0 40.0 2823.529541015625
180.0 40.0 2788.2353515625
184.0 40.0 2776.470703125
188.0 40.0 2752.941162109375
192.0 40.0 2764.705810546875
196.0 40.0 2823.529541015625
200.0 40.0 2752.941162109375
204.0 40.0 2729.411865234375
208.0 40.0 2764.705810546875
212.0 40.0 2682.35302734375
216.0 40.0 2764.705810546875
220.0 40.0 2788.2353515625
224.0 40.0 2811.7646484375
228.0 40.0 2764.705810546875
232.0 40.0 2776.470703125
236.0 40.0 2823.529541015625
240.0 40.0 2764.705810546875
244.0 40.0 2741.176513671875
248.0 40.0 2729.411865234375
252.0 40.0 2729.411865234375
256.0 40.0 2705.88232421875
260.0 40.0 2729.411865234375
264.0 40.0 2705.88232421875
268.0 40.0 2705.88232421875
272.0 40.0 2764.705810546875
276.0 40.0 2776.470703125
280.0 40.0 2670.588134765625
284.0 40.0 2705.88232421875
288.0 40.0 2682.35302734375
292.0 40.0 2729.411865234375
296.0 40.0 2682.35302734375
300.0 40.0 2741.176513671875
304.0 40.0 2764.705810546875
308.0 40.0 2694.11767578125
312.0 40.0 2694.11767578125
316.0 40.0 2729.411865234375
320.0 40.0 2647.058837890625
324.0 40.0 2823.529541015625
328.0 40.0 2752.941162109375
332.0 40.0 2752.941162109375
336.0 40.0 2764.705810546875
340.0 40.0 2858.823486328125
344.0 40.0 2764.705810546875
348.0 40.0 2752.941162109375
352.0 40.0 2741.176513671875
356.0 40.0 2835.294189453125
360.0 40.0 2776.470703125
364.0 40.0 2741.176513671875
368.0 40.0 2776.470703125
372.0 40.0 2764.705810546875
376.0 40.0 2764.705810546875
380.0 40.0 2729.411865234375
384.0 40.0 2764.705810546875
388.0 40.0 2870.588134765625
392.0 40.0 2823.529541015625
396.0 40.0 2741.176513671875
400.0 40.0 2694.11767578125
404.0 40.0 2600.0
408.0 40.0 2494.11767578125
412.0 40.0 2517.64697265625
416.0 40.0 2517.64697265625
420.0 40.0 2423.529541015625
424.0 40.0 2517.64697265625
428.0 40.0 2364.705810546875
432.0 40.0 2305.88232421875
436.0 40.0 2200.0
440.0 40.0 2058.823486328125
444.0 40.0 1917.6470947265625
448.0 40.0 1752.9412841796875
452.0 40.0 1623.529541015625
456.0 40.0 1647.0589599609375
460.0 40.0 1600.0001220703125
464.0 40.0 1505.8824462890625
468.0 40.0 1482.3529052734375
472.0 40.0 1494.11767578125
476.0 40.0 1447.058837890625
480.0 40.0 1505.8824462890625
484.0 40.0 1600.0001220703125
488.0 40.0 1835.294189453125
492.0 40.0 1741.176513671875
496.0 40.0 1870.5882568359375
500.0 40.0 1870.5882568359375
504.0 40.0 1835.294189453125
508.0 40.0 1752.9412841796875
512.0 40.0 1647.0589599609375
516.0 40.0 1600.0001220703125
520.0 40.0 1588.2353515625
524.0 40.0 1588.2353515625
528.0 40.0 1529.411865234375
532.0 40.0 1517.6470947265625
536.0 40.0 1494.11767578125
540.0 40.0 1564.7059326171875
544.0 40.0 1576.470703125
548.0 40.0 1564.7059326171875
552.0 40.0 1494.11767578125
556.0 40.0 1588.2353515625
560.0 40.0 1517.6470947265625
564.0 40.0 1564.7059326171875
568.0 40.0 1505.8824462890625
572.0 40.0 1600.0001220703125
576.0 40.0 1670.5882568359375
580.0 40.0 1670.5882568359375
584.0 40.0 1694.11767578125
588.0 40.0 1588.2353515625
592.0 40.0 1682.35302734375
596.0 40.0 1694.11767578125
600.0 40.0 1729.411865234375
604.0 40.0 1729.411865234375
608.0 40.0 1776.470703125
612.0 40.0 1729.411865234375
616.0 40.0 1823.529541015625
620.0 40.0 1752.9412841796875
624.0 40.0 1788.2353515625
628.0 40.0 1835.294189453125
632.0 40.0 1752.9412841796875
636.0 40.0 1741.176513671875
0.0 44.0 3000.0
4.0 44.0 3000.0
8.0 44.0 3000.0
12.0 44.0 3000.0
16.0 44.0 3000.0
20.0 44.0 3000.0
24.0 44.0 3000.0
28.0 44.0 3000.0
32.0 44.0 3000.0
36.0 44.0 3000.0
40.0 44.0 3000.0
44.0 44.0 3000.0
48.0 44.0 3000.0
52.0 44.0 3000.0
56.0 44.0 3000.0
60.0 44.0 3000.0
64.0 44.0 3000.0
68.0 44.0 3000.0
72.0 44.0 3000.0
76.0 44.0 2952.941162109375
80.0 44.0 3000.0
84.0 44.0 3000.0
88.0 44.0 3000.0
92.0 44.0 3000.0
96.0 44.0 3000.0
100.0 44.0 3000.0
104.0 44.0 3000.0
108.0 44.0 3000.0
112.0 44.0 3000.0
116.0 44.0 3000.0
120.0 44.0 3000.0
124.0 44.0 3000.0
128.0 44.0 3000.0
132.0 44.0 3000.0
136.0 44.0 3000.0
140.0 44.0 3000.0
144.0 44.0 3000.0
148.0 44.0 3000.0
152.0 44.0 3000.0
156.0 44.0 2905.88232421875
160.0 44.0 2670.588134765625
164.0 44.0 2647.058837890625
168.0 44.0 2823.529541015625
172.0 44.0 2752.941162109375
176.0 44.0 2835.294189453125
180.0 44.0 2835.294189453125
184.0 44.0 2741.176513671875
188.0 44.0 2847.058837890625
192.0 44.0 2811.7646484375
196.0 44.0 2835.294189453125
200.0 44.0 2776.470703125
204.0 44.0 2788.2353515625
208.0 44.0 2788.2353515625
212.0 44.0 2811.7646484375
216.0 44.0 2764.705810546875
220.0 44.0 2811.7646484375
224.0 44.0 2788.2353515625
228.0 44.0 2776.470703125
232.0 44.0 2776.470703125
236.0 44.0 2811.7646484375
240.0 44.0 2741.176513671875
244.0 44.0 2741.176513671875
248.0 44.0 2694.11767578125
252.0 44.0 2741.176513671875
256.0 44.0 2823.529541015625
260.0 44.0 2705.88232421875
264.0 44.0 2682.35302734375
268.0 44.0 2776.470703125
272.0 44.0 2741.176513671875
276.0 44.0 2823.529541015625
280.0 44.0 2729.411865234375
284.0 44.0 2729.411865234375
288.0 44.0 2694.11767578125
292.0 44.0 2729.411865234375
296.0 44.0 2658.823486328125
300.0 44.0 2694.11767578125
304.0 44.0 2705.88232421875
308.0 44.0 2729.411865234375
312.0 44.0 2682.35302734375
316.0 44.0 2729.411865234375
320.0 44.0 2670.588134765625
324.0 44.0 2741.176513671875
328.0 44.0 2694.11767578125
332.0 44.0 2752.941162109375
336.0 44.0 2764.705810546875
340.0 44.0 2764.705810546875
344.0 44.0 2752.941162109375
348.0 44.0 2741.176513671875
352.0 44.0 2776.470703125
356.0 44.0 2811.7646484375
360.0 44.0 2776.470703125
364.0 44.0 2776.470703125
368.0 44.0 2788.2353515625
372.0 44.0 2835.294189453125
376.0 44.0 2847.058837890625
380.0 44.0 2729.411865234375
384.0 44.0 2847.058837890625
388.0 44.0 2752.941162109375
392.0 44.0 2741.176513671875
396.0 44.0 2647.058837890625
400.0 44.0 2576.470703125
404.0 44.0 2588.2353515625
408.0 44.0 2494.11767578125
412.0 44.0 2482.35302734375
416.0 44.0 2517.64697265625
420.0 44.0 2423.529541015625
424.0 44.0 2423.529541015625
428.0 44.0 2435.294189453125
432.0 44.0 2400.0
436.0 44.0 2176.470703125
440.0 44.0 2000.0
444.0 44.0 1870.5882568359375
448.0 44.0 1776.470703125
452.0 44.0 1670.5882568359375
456.0 44.0 1658.8236083984375
460.0 44.0 1647.0589599609375
464.0 44.0 1611.7647705078125
468.0 44.0 1552.9412841796875
472.0 44.0 1482.3529052734375
476.0 44.0 1341.176513671875
480.0 44.0 1494.11767578125
484.0 44.0 1670.5882568359375
488.0 44.0 1847.058837890625
492.0 44.0 1835.294189453125
496.0 44.0 1788.2353515625
500.0 44.0 1764.7059326171875
504.0 44.0 1811.7647705078125
508.0 44.0 1729.411865234375
512.0 44.0 1729.411865234375
516.0 44.0 1682.35302734375
520.0 44.0 1588.2353515625
524.0 44.0 1576.470703125
528.0 44.0 1564.7059326171875
532.0 44.0 1470.5882568359375
536.0 44.0 1588.2353515625
540.0 44.0 1529.411865234375
544.0 44.0 1517.6470947265625
548.0 44.0 1447.058837890625
552.0 44.0 1588.2353515625
556.0 44.0 1670.5882568359375
560.0 44.0 1623.529541015625
564.0 44.0 1576.470703125
568.0 44.0 1682.35302734375
572.0 44.0 1600.0001220703125
576.0 44.0 1623.529541015625
580.0 44.0 1670.5882568359375
584.0 44.0 1670.5882568359375
588.0 44.0 1682.35302734375
592.0 44.0 1670.5882568359375
596.0 44.0 1729.411865234375
600.0 44.0 1670.5882568359375
604.0 44.0 1682.35302734375
608.0 44.0 1705.8824462890625
612.0 44.0 1729.411865234375
616.0 44.0 1729.411865234375
620.0 44.0 1752.9412841796875
624.0 44.0 1647.0589599609375
628.0 44.0 1776.470703125
632.0 44.0 1788.2353515625
636.0 44.0 1694.11767578125
0.0 48.0 2988.2353515625
4.0 48.0 3000.0
8.0 48.0 3000.0
12.0 48.0 3000.0
16.0 48.0 3000.0
20.0 48.0 2988.2353515625
24.0 48.0 3000.0
28.0 48.0 3000.0
32.0 48.0 3000.0
36.0 48.0 3000.0
40.0 48.0 3000.0
44.0 48.0 3000.0
48.0 48.0 3000.0
52.0 48.0 3000.0
56.0 48.0 3000.0
60.0 48.0 3000.0
64.0 48.0 3000.0
68.0 48.0 3000.0
72.0 48.0 3000.0
76.0 48.0 3000.0
80.0 48.0 3000.0
84.0 48.0 3000.0
88.0 48.0 3000.0
92.0 48.0 3000.0
96.0 48.0 3000.0
100.0 48.0 3000.0
104.0 48.0 3000.0
108.0 48.0 3000.0
112.0 48.0 3000.0
116.0 48.0 3000.0
120.0 48.0 3000.0
124.0 48.0 3000.0
128.0 48.0 3000.0
132.0 48.0 3000.0
136.0 48.0 3000.0
140.0 48.0 3000.0
144.0 48.0 3000.0
148.0 48.0 3000.0
152.0 48.0 3000.0
156.0 48.0 2917.64697265625
160.0 48.0 2670.588134765625
164.0 48.0 2647.058837890625
168.0 48.0 2705.88232421875
172.0 48.0 2823.529541015625
176.0 48.0 2847.058837890625
180.0 48.0 2823.529541015625
184.0 48.0 2752.941162109375
188.0 48.0 2858.823486328125
192.0 48.0 2835.294189453125
196.0 48.0 2811.7646484375
200.0 48.0 2776.470703125
204.0 48.0 2764.705810546875
208.0 48.0 2776.470703125
212.0 48.0 2764.705810546875
216.0 48.0 2729.411865234375
220.0 48.0 2741.176513671875
224.0 48.0 2682.35302734375
228.0 48.0 2776.470703125
232.0 48.0 2729.411865234375
236.0 48.0 2682.35302734375
240.0 48.0 2776.470703125
244.0 48.0 2776.470703125
248.0 48.0 2729.411865234375
252.0 48.0 2764.705810546875
256.0 48.0 2705.88232421875
260.0 48.0 2694.11767578125
264.0 48.0 2776.470703125
268.0 48.0 2776.470703125
272.0 48.0 2776.470703125
276.0 48.0 2835.294189453125
280.0 48.0 2752.941162109375
284.0 48.0 2764.705810546875
288.0 48.0 2682.35302734375
292.0 48.0 2670.588134765625
296.0 48.0 2647.058837890625
300.0 48.0 2600.0
304.0 48.0 2600.0
308.0 48.0 2670.588134765625
312.0 48.0 2682.35302734375
316.0 48.0 2564.705810546875
320.0 48.0 2576.470703125
324.0 48.0 2588.2353515625
328.0 48.0 2647.058837890625
332.0 48.0 2600.0
336.0 48.0 2611.7646484375
340.0 48.0 2647.058837890625
344.0 48.0 2729.411865234375
348.0 48.0 2705.88232421875
352.0 48.0 2670.588134765625
356.0 48.0 2776.470703125
360.0 48.0 2788.2353515625
364.0 48.0 2858.823486328125
368.0 48.0 2776.470703125
372.0 48.0 2847.058837890625
376.0 48.0 2729.411865234375
380.0 48.0 2694.11767578125
384.0 48.0 2729.411865234375
388.0 48.0 2764.705810546875
392.0 48.0 2670.588134765625
396.0 48.0 2505.88232421875
400.0 48.0 2411.7646484375
404.0 48.0 2482.35302734375
408.0 48.0 2423.529541015625
412.0 48.0 2435.294189453125
416.0 48.0 2411.7646484375
420.0 48.0 2364.705810546875
424.0 48.0 2411.7646484375
428.0 48.0 2364.705810546875
432.0 48.0 2352.941162109375
436.0 48.0 2258.823486328125
440.0 48.0 2011.7647705078125
444.0 48.0 1941.176513671875
448.0 48.0 1835.294189453125
452.0 48.0 1788.2353515625
456.0 48.0 1705.8824462890625
460.0 48.0 1694.11767578125
464.0 48.0 1600.0001220703125
468.0 48.0 1552.9412841796875
472.0 48.0 1517.6470947265625
476.0 48.0 1411.7647705078125
480.0 48.0 1552.9412841796875
484.0 48.0 1611.7647705078125
488.0 48.0 1811.7647705078125
492.0 48.0 1847.058837890625
496.0 48.0 1905.8824462890625
500.0 48.0 1811.7647705078125
504.0 48.0 1752.9412841796875
508.0 48.0 1670.5882568359375
512.0 48.0 1670.5882568359375
516.0 48.0 1647.0589599609375
520.0 48.0 1564.7059326171875
524.0 48.0 1505.8824462890625
528.0 48.0 1529.411865234375
532.0 48.0 1505.8824462890625
536.0 48.0 1588.2353515625
540.0 48.0 1505.8824462890625
544.0 48.0 1529.411865234375
548.0 48.0 1576.470703125
552.0 48.0 1576.470703125
556.0 48.0 1588.2353515625
560.0 48.0 1564.7059326171875
564.0 48.0 1588.2353515625
568.0 48.0 1623.529541015625
572.0 48.0 1647.0589599609375
576.0 48.0 1682.35302734375
580.0 48.0 1623.529541015625
584.0 48.0 1588.2353515625
588.0 48.0 1658.8236083984375
592.0 48.0 1576.470703125
596.0 48.0 1588.2353515625
600.0 48.0 1670.5882568359375
604.0 48.0 1670.5882568359375
608.0 48.0 1611.7647705078125
612.0 48.0 1682.35302734375
616.0 48.0 1658.8236083984375
620.0 48.0 1529.411865234375
624.0 48.0 1647.0589599609375
628.0 48.0 1600.0001220703125
632.0 48.0 1658.8236083984375
636.0 48.0 1588.2353515625
0.0 52.0 3000.0
4.0 52.0 3000.0
8.0 52.0 3000.0
12.0 52.0 3000.0
16.0 52.0 3000.0
20.0 52.0 3000.0
24.0 52.0 3000.0
28.0 52.0 3000.0
32.0 52.0 3000.0
36.0 52.0 3000.0
40.0 52.0 3000.0
44.0 52.0 3000.0
48.0 52.0 2988.2353515625
52.0 52.0 3000.0
56.0 52.0 2988.2353515625
60.0 52.0 3000.0
64.0 52.0 3000.0
68.0 52.0 3000.0
72.0 52.0 3000.0
76.0 52.0 2988.2353515625
80.0 52.0 3000.0
84.0 52.0 3000.0
88.0 52.0 3000.0
92.0 52.0 3000.0
96.0 52.0 3000.0
100.0 52.0 3000.0
104.0 52.0 3000.0
108.0 52.0 3000.0
112.0 52.0 3000.0
116.0 52.0 3000.0
120.0 52.0 3000.0
124.0 52.0 3000.0
128.0 52.0 3000.0
132.0 52.0 3000.0
136.0 52.0 3000.0
140.0 52.0 3000.0
144.0 52.0 3000.0
148.0 52.0 3000.0
152.0 52.0 3000.0
156.0 52.0 2870.588134765625
160.0 52.0 2670.588134765625
164.0 52.0 2658.823486328125
168.0 52.0 2752.941162109375
172.0 52.0 2835.294189453125
176.0 52.0 2835.294189453125
180.0 52.0 2788.2353515625
184.0 52.0 2788.2353515625
188.0 52.0 2858.823486328125
192.0 52.0 2835.294189453125
196.0 52.0 2835.294189453125
200.0 52.0 2823.529541015625
204.0 52.0 2752.941162109375
208.0 52.0 2811.7646484375
212.0 52.0 2847.058837890625
216.0 52.0 2752.941162109375
220.0 52.0 2835.294189453125
224.0 52.0 2776.470703125
228.0 52.0 2788.2353515625
232.0 52.0 2776.470703125
236.0 52.0 2752.941162109375
240.0 52.0 2764.705810546875
244.0 52.0 2752.941162109375
248.0 52.0 2682.35302734375
252.0 52.0 2705.88232421875
256.0 52.0 2670.588134765625
260.0 52.0 2729.411865234375
264.0 52.0 2811.7646484375
268.0 52.0 2741.176513671875
272.0 52.0 2811.7646484375
276.0 52.0 2752.941162109375
280.0 52.0 2670.588134765625
284.0 52.0 2670.588134765625
288.0 52.0 2729.411865234375
292.0 52.0 2752.941162109375
296.0 52.0 2623.529541015625
300.0 52.0 2552.941162109375
304.0 52.0 2576.470703125
308.0 52.0 2588.2353515625
312.0 52.0 2505.88232421875
316.0 52.0 2517.64697265625
320.0 52.0 2529.411865234375
324.0 52.0 2482.35302734375
328.0 52.0 2576.470703125
332.0 52.0 2517.64697265625
336.0 52.0 2529.411865234375
340.0 52.0 2588.2353515625
344.0 52.0 2588.2353515625
348.0 52.0 2623.529541015625
352.0 52.0 2658.823486328125
356.0 52.0 2670.588134765625
360.0 52.0 2611.7646484375
364.0 52.0 2670.588134765625
368.0 52.0 2811.7646484375
372.0 52.0 2764.705810546875
376.0 52.0 2788.2353515625
380.0 52.0 2694.11767578125
384.0 52.0 2623.529541015625
388.0 52.0 2588.2353515625
392.0 52.0 2494.11767578125
396.0 52.0 2447.058837890625
400.0 52.0 2400.0
404.0 52.0 2435.294189453125
408.0 52.0 2423.529541015625
412.0 52.0 2470.58837890625
416.0 52.0 2423.529541015625
420.0 52.0 2411.7646484375
424.0 52.0 2423.529541015625
428.0 52.0 2423.529541015625
432.0 52.0 2411.7646484375
436.0 52.0 2270.58837890625
440.0 52.0 2082.35302734375
444.0 52.0 1952.9412841796875
448.0 52.0 1905.8824462890625
452.0 52.0 1847.058837890625
456.0 52.0 1811.7647705078125
460.0 52.0 1752.9412841796875
464.0 52.0 1729.411865234375
468.0 52.0 1647.0589599609375
472.0 52.0 1600.0001220703125
476.0 52.0 1494.11767578125
480.0 52.0 1576.470703125
484.0 52.0 1694.11767578125
488.0 52.0 1776.470703125
492.0 52.0 1847.058837890625
496.0 52.0 1905.8824462890625
500.0 52.0 1788.2353515625
504.0 52.0 1811.7647705078125
508.0 52.0 1741.176513671875
512.0 52.0 1752.9412841796875
516.0 52.0 1705.8824462890625
520.0 52.0 1564.7059326171875
524.0 52.0 1505.8824462890625
528.0 52.0 1611.7647705078125
532.0 52.0 1576.470703125
536.0 52.0 1588.2353515625
540.0 52.0 1647.0589599609375
544.0 52.0 1600.0001220703125
548.0 52.0 1552.9412841796875
552.0 52.0 1588.2353515625
556.0 52.0 1670.5882568359375
560.0 52.0 1670.5882568359375
564.0 52.0 1552.9412841796875
568.0 52.0 1670.5882568359375
572.0 52.0 1705.8824462890625
576.0 52.0 1623.529541015625
580.0 52.0 1694.11767578125
584.0 52.0 1588.2353515625
588.0 52.0 1694.11767578125
592.0 52.0 1529.411865234375
596.0 52.0 1611.7647705078125
600.0 52.0 1564.7059326171875
604.0 52.0 1647.0589599609375
608.0 52.0 1576.470703125
612.0 52.0 1529.411865234375
616.0 52.0 1647.0589599609375
620.0 52.0 1623.529541015625
624.0 52.0 1505.8824462890625
628.0 52.0 1564.7059326171875
632.0 52.0 1505.8824462890625
636.0 52.0 1552.9412841796875
0.0 56.0 3000.0
4.0 56.0 2941.176513671875
8.0 56.0 3000.0
12.0 56.0 3000.0
16.0 56.0 3000.0
20.0 56.0 3000.0
24.0 56.0 3000.0
28.0 56.0 3000.0
32.0 56.0 3000.0
36.0 56.0 3000.0
40.0 56.0 3000.0
44.0 56.0 3000.0
48.0 56.0 3000.0
52.0 56.0 3000.0
56.0 56.0 3000.0
60.0 56.0 2988.2353515625
64.0 56.0 2976.470703125
68.0 56.0 3000.0
72.0 56.0 3000.0
76.0 56.0 3000.0
80.0 56.0 3000.0
84.0 56.0 3000.0
88.0 56.0 3000.0
92.0 56.0 3000.0
96.0 56.0 3000.0
100.0 56.0 3000.0
104.0 56.0 3000.0
108.0 56.0 2988.2353515625
112.0 56.0 3000.0
116.0 56.0 3000.0
120.0 56.0 3000.0
124.0 56.0 3000.0
128.0 56.0 3000.0
132.0 56.0 3000.0
136.0 56.0 3000.0
140.0 56.0 3000.0
144.0 56.0 3000.0
148.0 56.0 3000.0
152.0 56.0 3000.0
156.0 56.0 2905.88232421875
160.0 56.0 2694.11767578125
164.0 56.0 2647.058837890625
168.0 56.0 2741.176513671875
172.0 56.0 2811.7646484375
176.0 56.0 2764.705810546875
180.0 56.0 2788.2353515625
184.0 56.0 2776.470703125
188.0 56.0 2847.058837890625
192.0 56.0 2788.2353515625
196.0 56.0 2811.7646484375
200.0 56.0 2835.294189453125
204.0 56.0 2729.411865234375
208.0 56.0 2811.7646484375
212.0 56.0 2705.88232421875
216.0 56.0 2752.941162109375
220.0 56.0 2694.11767578125
224.0 56.0 2741.176513671875
228.0 56.0 2788.2353515625
232.0 56.0 2764.705810546875
236.0 56.0 2694.11767578125
240.0 56.0 2752.941162109375
244.0 56.0 2764.705810546875
248.0 56.0 2752.941162109375
252.0 56.0 2752.941162109375
256.0 56.0 2776.470703125
260.0 56.0 2682.35302734375
264.0 56.0 2729.411865234375
268.0 56.0 2705.88232421875
272.0 56.0 2764.705810546875
276.0 56.0 2764.705810546875
280.0 56.0 2694.11767578125
284.0 56.0 2729.411865234375
288.0 56.0 2670.588134765625
292.0 56.0 2694.11767578125
296.0 56.0 2564.705810546875
300.0 56.0 2529.411865234375
304.0 56.0 2529.411865234375
308.0 56.0 2505.88232421875
312.0 56.0 2494.11767578125
316.0 56.0 2517.64697265625
320.0 56.0 2494.11767578125
324.0 56.0 2552.941162109375
328.0 56.0 2517.64697265625
332.0 56.0 2494.11767578125
336.0 56.0 2576.470703125
340.0 56.0 2505.88232421875
344.0 56.0 2588.2353515625
348.0 56.0 2529.411865234375
352.0 56.0 2588.2353515625
356.0 56.0 2600.0
360.0 56.0 2623.529541015625
364.0 56.0 2564.705810546875
368.0 56.0 2682.35302734375
372.0 56.0 2670.588134765625
376.0 56.0 2670.588134765625
380.0 56.0 2588.2353515625
384.0 56.0 2505.88232421875
388.0 56.0 2423.529541015625
392.0 56.0 2411.7646484375
396.0 56.0 2423.529541015625
400.0 56.0 2352.941162109375
404.0 56.0 2341.176513671875
408.0 56.0 2423.529541015625
412.0 56.0 2423.529541015625
416.0 56.0 2423.529541015625
420.0 56.0 2341.176513671875
424.0 56.0 2423.529541015625
428.0 56.0 2341.176513671875
432.0 56.0 2411.7646484375
436.0 56.0 2329.411865234375
440.0 56.0 2188.2353515625
444.0 56.0 2082.35302734375
448.0 56.0 1929.411865234375
452.0 56.0 1894.11767578125
456.0 56.0 1917.6470947265625
460.0 56.0 1788.2353515625
464.0 56.0 1729.411865234375
468.0 56.0 1741.176513671875
472.0 56.0 1588.2353515625
476.0 56.0 1588.2353515625
480.0 56.0 1588.2353515625
484.0 56.0 1647.0589599609375
488.0 56.0 1752.9412841796875
492.0 56.0 1823.529541015625
496.0 56.0 1894.11767578125
500.0 56.0 1847.058837890625
504.0 56.0 1811.7647705078125
508.0 56.0 1752.9412841796875
512.0 56.0 1741.176513671875
516.0 56.0 1670.5882568359375
520.0 56.0 1611.7647705078125
524.0 56.0 1600.0001220703125
528.0 56.0 1529.411865234375
532.0 56.0 1529.411865234375
536.0 56.0 1552.9412841796875
540.0 56.0 1670.5882568359375
544.0 56.0 1600.0001220703125
548.0 56.0 1552.9412841796875
552.0 56.0 1623.529541015625
556.0 56.0 1529.411865234375
560.0 56.0 1670.5882568359375
564.0 56.0 1576.470703125
568.0 56.0 1588.2353515625
572.0 56.0 1588.2353515625
576.0 56.0 1529.411865234375
580.0 56.0 1611.7647705078125
584.0 56.0 1529.411865234375
588.0 56.0 1576.470703125
592.0 56.0 1494.11767578125
596.0 56.0 1494.11767578125
600.0 56.0 1423.5294189453125
604.0 56.0 1447.058837890625
608.0 56.0 1470.5882568359375
612.0 56.0 1552.9412841796875
616.0 56.0 1505.8824462890625
620.0 56.0 1482.3529052734375
624.0 56.0 1517.6470947265625
628.0 56.0 1505.8824462890625
632.0 56.0 1552.9412841796875
636.0 56.0 1411.7647705078125
0.0 60.0 3000.0
4.0 60.0 3000.0
8.0 60.0 3000.0
12.0 60.0 3000.0
16.0 60.0 3000.0
20.0 60.0 3000.0
24.0 60.0 3000.0
28.0 60.0 3000.0
32.0 60.0 3000.0
36.0 60.0 3000.0
40.0 60.0 3000.0
44.0 60.0 3000.0
48.0 60.0 3000.0
52.0 60.0 3000.0
56.0 60.0 3000.0
60.0 60.0 3000.0
64.0 60.0 3000.0
68.0 60.0 3000.0
72.0 60.0 3000.0
76.0 60.0 3000.0
80.0 60.0 3000.0
84.0 60.0 3000.0
88.0 60.0 3000.0
92.0 60.0 3000.0
96.0 60.0 3000.0
100.0 60.0 3000.0
104.0 60.0 3000.0
108.0 60.0 3000.0
112.0 60.0 3000.0
116.0 60.0 3000.0
120.0 60.0 3000.0
124.0 60.0 3000.0
128.0 60.0 3000.0
132.0 60.0 3000.0
136.0 60.0 3000.0
140.0 60.0 3000.0
144.0 60.0 3000.0
148.0 60.0 3000.0
152.0 60.0 3000.0
156.0 60.0 2870.588134765625
160.0 60.0 2682.35302734375
164.0 60.0 2623.529541015625
168.0 60.0 2752.941162109375
172.0 60.0 2788.2353515625
176.0 60.0 2847.058837890625
180.0 60.0 2823.529541015625
184.0 60.0 2788.2353515625
188.0 60.0 2870.588134765625
192.0 60.0 2847.058837890625
196.0 60.0 2823.529541015625
200.0 60.0 2811.7646484375
204.0 60.0 2776.470703125
208.0 60.0 2811.7646484375
212.0 60.0 2752.941162109375
216.0 60.0 2788.2353515625
220.0 60.0 2835.294189453125
224.0 60.0 2752.941162109375
228.0 60.0 2788.2353515625
232.0 60.0 2764.705810546875
236.0 60.0 2764.705810546875
240.0 60.0 2811.7646484375
244.0 60.0 2764.705810546875
248.0 60.0 2752.941162109375
252.0 60.0 2741.176513671875
256.0 60.0 2752.941162109375
260.0 60.0 2752.941162109375
264.0 60.0 2741.176513671875
268.0 60.0 2764.705810546875
272.0 60.0 2741.176513671875
276.0 60.0 2764.705810546875
280.0 60.0 2752.941162109375
284.0 60.0 2752.941162109375
288.0 60.0 2670.588134765625
292.0 60.0 2600.0
296.0 60.0 2529.411865234375
300.0 60.0 2552.941162109375
304.0 60.0 2529.411865234375
308.0 60.0 2505.88232421875
312.0 60.0 2470.58837890625
316.0 60.0 2505.88232421875
320.0 60.0 2505.88232421875
324.0 60.0 2517.64697265625
328.0 60.0 2505.88232421875
332.0 60.0 2552.941162109375
336.0 60.0 2470.58837890625
340.0 60.0 2529.411865234375
344.0 60.0 2529.411865234375
348.0 60.0 2529.411865234375
352.0 60.0 2564.705810546875
356.0 60.0 2588.2353515625
360.0 60.0 2588.2353515625
364.0 60.0 2552.941162109375
368.0 60.0 2564.705810546875
372.0 60.0 2611.7646484375
376.0 60.0 2517.64697265625
380.0 60.0 2470.58837890625
384.0 60.0 2435.294189453125
388.0 60.0 2470.58837890625
392.0 60.0 2435.294189453125
396.0 60.0 2435.294189453125
400.0 60.0 2423.529541015625
404.0 60.0 2352.941162109375
408.0 60.0 2435.294189453125
412.0 60.0 2435.294189453125
416.0 60.0 2411.7646484375
420.0 60.0 2423.529541015625
424.0 60.0 2400.0
428.0 60.0 2423.529541015625
432.0 60.0 2388.2353515625
436.0 60.0 2411.7646484375
440.0 60.0 2329.411865234375
444.0 60.0 2258.823486328125
448.0 60.0 2082.35302734375
452.0 60.0 2000.0
456.0 60.0 1917.6470947265625
460.0 60.0 1894.11767578125
464.0 60.0 1776.470703125
468.0 60.0 1752.9412841796875
472.0 60.0 1670.5882568359375
476.0 60.0 1576.470703125
480.0 60.0 1529.411865234375
484.0 60.0 1611.7647705078125
488.0 60.0 1682.35302734375
492.0 60.0 1705.8824462890625
496.0 60.0 1811.7647705078125
500.0 60.0 1776.470703125
504.0 60.0 1741.176513671875
508.0 60.0 1752.9412841796875
512.0 60.0 1729.411865234375
516.0 60.0 1705.8824462890625
520.0 60.0 1670.5882568359375
524.0 60.0 1647.0589599609375
528.0 60.0 1623.529541015625
532.0 60.0 1623.529541015625
536.0 60.0 1588.2353515625
540.0 60.0 1505.8824462890625
544.0 60.0 1576.470703125
548.0 60.0 1494.11767578125
552.0 60.0 1517.6470947265625
556.0 60.0 1552.9412841796875
560.0 60.0 1588.2353515625
564.0 60.0 1470.5882568359375
568.0 60.0 1470.5882568359375
572.0 60.0 1505.8824462890625
576.0 60.0 1517.6470947265625
580.0 60.0 1552.9412841796875
584.0 60.0 1411.7647705078125
588.0 60.0 1482.3529052734375
592.0 60.0 1423.5294189453125
596.0 60.0 1411.7647705078125
600.0 60.0 1400.0
604.0 60.0 1505.8824462890625
608.0 60.0 1411.7647705078125
612.0 60.0 1482.3529052734375
616.0 60.0 1470.5882568359375
620.0 60.0 1470.5882568359375
624.0 60.0 1411.7647705078125
628.0 60.0 1435.2940673828125
632.0 60.0 1470.5882568359375
636.0 60.0 1400.0
0.0 64.0 3000.0
4.0 64.0 3000.0
8.0 64.0 3000.0
12.0 64.0 3000.0
16.0 64.0 3000.0
20.0 64.0 3000.0
24.0 64.0 3000.0
28.0 64.0 3000.0
32.0 64.0 3000.0
36.0 64.0 3000.0
40.0 64.0 3000.0
44.0 64.0 3000.0
48.0 64.0 3000.0
52.0 64.0 3000.0
56.0 64.0 3000.0
60.0 64.0 3000.0
64.0 64.0 3000.0
68.0 64.0 3000.0
72.0 64.0 2988.2353515625
76.0 64.0 3000.0
80.0 64.0 3000.0
84.0 64.0 3000.0
88.0 64.0 3000.0
92.0 64.0 3000.0
96.0 64.0 3000.0
100.0 64.0 2988.2353515625
104.0 64.0 3000.0
108.0 64.0 3000.0
112.0 64.0 3000.0
116.0 64.0 3000.0
120.0 64.0 3000.0
124.0 64.0 3000.0
128.0 64.0 3000.0
132.0 64.0 3000.0
136.0 64.0 3000.0
140.0 64.0 3000.0
144.0 64.0 3000.0
148.0 64.0 3000.0
152.0 64.0 3000.0
156.0 64.0 2917.64697265625
160.0 64.0 2694.11767578125
164.0 64.0 2588.2353515625
168.0 64.0 2823.529541015625
172.0 64.0 2823.529541015625
176.0 64.0 2823.529541015625
180.0 64.0 2764.705810546875
184.0 64.0 2835.294189453125
188.0 64.0 2764.705810546875
192.0 64.0 2823.529541015625
196.0 64.0 2811.7646484375
200.0 64.0 2847.058837890625
204.0 64.0 2835.294189453125
208.0 64.0 2788.2353515625
212.0 64.0 2776.470703125
216.0 64.0 2752.941162109375
220.0 64.0 2776.470703125
224.0 64.0 2741.176513671875
228.0 64.0 2835.294189453125
232.0 64.0 2764.705810546875
236.0 64.0 2811.7646484375
240.0 64.0 2811.7646484375
244.0 64.0 2764.705810546875
248.0 64.0 2764.705810546875
252.0 64.0 2752.941162109375
256.0 64.0 2752.941162109375
260.0 64.0 2752.941162109375
264.0 64.0 2741.176513671875
268.0 64.0 2752.941162109375
272.0 64.0 2764.705810546875
276.0 64.0 2752.941162109375
280.0 64.0 2705.88232421875
284.0 64.0 2741.176513671875
288.0 64.0 2658.823486328125
292.0 64.0 2588.2353515625
296.0 64.0 2505.88232421875
300.0 64.0 2529.411865234375
304.0 64.0 2482.35302734375
308.0 64.0 2482.35302734375
312.0 64.0 2505.88232421875
316.0 64.0 2505.88232421875
320.0 64.0 2529.411865234375
324.0 64.0 2482.35302734375
328.0 64.0 2505.88232421875
332.0 64.0 2411.7646484375
336.0 64.0 2505.88232421875
340.0 64.0 2576.470703125
344.0 64.0 2552.941162109375
348.0 64.0 2552.941162109375
352.0 64.0 2517.64697265625
356.0 64.0 2505.88232421875
360.0 64.0 2564.705810546875
364.0 64.0 2517.64697265625
368.0 64.0 2623.529541015625
372.0 64.0 2564.705810546875
376.0 64.0 2564.705810546875
380.0 64.0 2364.705810546875
384.0 64.0 2435.294189453125
388.0 64.0 2470.58837890625
392.0 64.0 2447.058837890625
396.0 64.0 2482.35302734375
400.0 64.0 2423.529541015625
404.0 64.0 2352.941162109375
408.0 64.0 2364.705810546875
412.0 64.0 2435.294189453125
416.0 64.0 2388.2353515625
420.0 64.0 2388.2353515625
424.0 64.0 2423.529541015625
428.0 64.0 2435.294189453125
432.0 64.0 2447.058837890625
436.0 64.0 2423.529541015625
440.0 64.0 2388.2353515625
444.0 64.0 2305.88232421875
448.0 64.0 2270.58837890625
452.0 64.0 2117.647216796875
456.0 64.0 2011.7647705078125
460.0 64.0 1917.6470947265625
464.0 64.0 1741.176513671875
468.0 64.0 1788.2353515625
472.0 64.0 1741.176513671875
476.0 64.0 1670.5882568359375
480.0 64.0 1705.8824462890625
484.0 64.0 1647.0589599609375
488.0 64.0 1611.7647705078125
492.0 64.0 1705.8824462890625
496.0 64.0 1752.9412841796875
500.0 64.0 1705.8824462890625
504.0 64.0 1729.411865234375
508.0 64.0 1658.8236083984375
512.0 64.0 1623.529541015625
516.0 64.0 1600.0001220703125
520.0 64.0 1658.8236083984375
524.0 64.0 1529.411865234375
528.0 64.0 1588.2353515625
532.0 64.0 1611.7647705078125
536.0 64.0 1600.0001220703125
540.0 64.0 1564.7059326171875
544.0 64.0 1470.5882568359375
548.0 64.0 1529.411865234375
552.0 64.0 1435.2940673828125
556.0 64.0 1482.3529052734375
560.0 64.0 1447.058837890625
564.0 64.0 1411.7647705078125
568.0 64.0 1435.2940673828125
572.0 64.0 1470.5882568359375
576.0 64.0 1400.0
580.0 64.0 1388.2353515625
584.0 64.0 1258.823486328125
588.0 64.0 1435.2940673828125
592.0 64.0 1447.058837890625
596.0 64.0 1411.7647705078125
600.0 64.0 1400.0
604.0 64.0 1482.3529052734375
608.0 64.0 1411.7647705078125
612.0 64.0 1352.941162109375
616.0 64.0 1364.7059326171875
620.0 64.0 1505.8824462890625
624.0 64.0 1400.0
628.0 64.0 1364.7059326171875
632.0 64.0 1352.941162109375
636.0 64.0 1447.058837890625
0.0 68.0 2988.2353515625
4.0 68.0 3000.0
8.0 68.0 3000.0
12.0 68.0 3000.0
16.0 68.0 3000.0
20.0 68.0 3000.0
24.0 68.0 3000.0
28.0 68.0 3000.0
32.0 68.0 3000.0
36.0 68.0 3000.0
40.0 68.0 3000.0
44.0 68.0 3000.0
48.0 68.0 3000.0
52.0 68.0 3000.0
56.0 68.0 3000.0
60.0 68.0 3000.0
64.0 68.0 3000.0
68.0 68.0 3000.0
72.0 68.0 3000.0
76.0 68.0 2976.470703125
80.0 68.0 3000.0
84.0 68.0 3000.0
88.0 68.0 3000.0
92.0 68.0 3000.0
96.0 68.0 3000.0
100.0 68.0 3000.0
104.0 68.0 3000.0
108.0 68.0 3000.0
112.0 68.0 3000.0
116.0 68.0 3000.0
120.0 68.0 3000.0
124.0 68.0 3000.0
128.0 68.0 3000.0
132.0 68.0 3000.0
136.0 68.0 3000.0
140.0 68.0 3000.0
144.0 68.0 3000.0
148.0 68.0 3000.0
152.0 68.0 3000.0
156.0 68.0 2905.88232421875
160.0 68.0 2705.88232421875
164.0 68.0 2647.058837890625
168.0 68.0 2729.411865234375
172.0 68.0 2835.294189453125
176.0 68.0 2823.529541015625
180.0 68.0 2788.2353515625
184.0 68.0 2823.529541015625
188.0 68.0 2835.294189453125
192.0 68.0 2835.294189453125
196.0 68.0 2764.705810546875
200.0 68.0 2788.2353515625
204.0 68.0 2823.529541015625
208.0 68.0 2823.529541015625
212.0 68.0 2835.294189453125
216.0 68.0 2752.941162109375
220.0 68.0 2788.2353515625
224.0 68.0 2823.529541015625
228.0 68.0 2811.7646484375
232.0 68.0 2752.941162109375
236.0 68.0 2835.294189453125
240.0 68.0 2835.294189453125
244.0 68.0 2811.7646484375
248.0 68.0 2823.529541015625
252.0 68.0 2811.7646484375
256.0 68.0 2811.7646484375
260.0 68.0 2764.705810546875
264.0 68.0 2788.2353515625
268.0 68.0 2752.941162109375
272.0 68.0 2811.7646484375
276.0 68.0 2847.058837890625
280.0 68.0 2776.470703125
284.0 68.0 2670.588134765625
288.0 68.0 2623.529541015625
292.0 68.0 2600.0
296.0 68.0 2482.35302734375
300.0 68.0 2505.88232421875
304.0 68.0 2435.294189453125
308.0 68.0 2529.411865234375
312.0 68.0 2505.88232421875
316.0 68.0 2529.411865234375
320.0 68.0 2505.88232421875
324.0 68.0 2529.411865234375
328.0 68.0 2494.11767578125
332.0 68.0 2423.529541015625
336.0 68.0 2517.64697265625
340.0 68.0 2494.11767578125
344.0 68.0 2529.411865234375
348.0 68.0 2529.411865234375
352.0 68.0 2564.705810546875
356.0 68.0 2576.470703125
360.0 68.0 2576.470703125
364.0 68.0 2505.88232421875
368.0 68.0 2529.411865234375
372.0 68.0 2505.88232421875
376.0 68.0 2564.705810546875
380.0 68.0 2423.529541015625
384.0 68.0 2388.2353515625
388.0 68.0 2423.529541015625
392.0 68.0 2470.58837890625
396.0 68.0 2435.294189453125
400.0 68.0 2411.7646484375
404.0 68.0 2364.705810546875
408.0 68.0 2423.529541015625
412.0 68.0 2470.58837890625
416.0 68.0 2411.7646484375
420.0 68.0 2341.176513671875
424.0 68.0 2447.058837890625
428.0 68.0 2470.58837890625
432.0 68.0 2470.58837890625
436.0 68.0 2411.7646484375
440.0 68.0 2411.7646484375
444.0 68.0 2400.0
448.0 68.0 2317.647216796875
452.0 68.0 2247.058837890625
456.0 68.0 2141.176513671875
460.0 68.0 2082.35302734375
464.0 68.0 2011.7647705078125
468.0 68.0 1905.8824462890625
472.0 68.0 1788.2353515625
476.0 68.0 1729.411865234375
480.0 68.0 1658.8236083984375
484.0 68.0 1670.5882568359375
488.0 68.0 1647.0589599609375
492.0 68.0 1564.7059326171875
496.0 68.0 1658.8236083984375
500.0 68.0 1600.0001220703125
504.0 68.0 1670.5882568359375
508.0 68.0 1600.0001220703125
512.0 68.0 1623.529541015625
516.0 68.0 1623.529541015625
520.0 68.0 1600.0001220703125
524.0 68.0 1505.8824462890625
528.0 68.0 1588.2353515625
532.0 68.0 1600.0001220703125
536.0 68.0 1505.8824462890625
540.0 68.0 1494.11767578125
544.0 68.0 1447.058837890625
548.0 68.0 1435.2940673828125
552.0 68.0 1447.058837890625
556.0 68.0 1494.11767578125
560.0 68.0 1400.0
564.0 68.0 1388.2353515625
568.0 68.0 1423.5294189453125
572.0 68.0 1352.941162109375
576.0 68.0 1411.7647705078125
580.0 68.0 1411.7647705078125
584.0 68.0 1282.3529052734375
588.0 68.0 1364.7059326171875
592.0 68.0 1364.7059326171875
596.0 68.0 1317.6470947265625
600.0 68.0 1388.2353515625
604.0 68.0 1341.176513671875
608.0 68.0 1352.941162109375
612.0 68.0 1423.5294189453125
616.0 68.0 1352.941162109375
620.0 68.0 1341.176513671875
624.0 68.0 1364.7059326171875
628.0 68.0 1400.0
632.0 68.0 1352.941162109375
636.0 68.0 1388.2353515625
0.0 72.0 3000.0
4.0 72.0 3000.0
8.0 72.0 3000.0
12.0 72.0 3000.0
16.0 72.0 3000.0
20.0 72.0 3000.0
24.0 72.0 3000.0
28.0 72.0 3000.0
32.0 72.0 3000.0
36.0 72.0 3000.0
40.0 72.0 3000.0
44.0 72.0 3000.0
48.0 72.0 3000.0
52.0 72.0 3000.0
56.0 72.0 2976.470703125
60.0 72.0 3000.0
64.0 72.0 3000.0
68.0 72.0 2917.64697265625
72.0 72.0 3000.0
76.0 72.0 2952.941162109375
80.0 72.0 3000.0
84.0 72.0 3000.0
88.0 72.0 3000.0
92.0 72.0 3000.0
96.0 72.0 3000.0
100.0 72.0 3000.0
104.0 72.0 3000.0
108.0 72.0 3000.0
112.0 72.0 3000.0
116.0 72.0 3000.0
120.0 72.0 3000.0
124.0 72.0 3000.0
128.0 72.0 3000.0
132.0 72.0 3000.0
136.0 72.0 3000.0
140.0 72.0 3000.0
144.0 72.0 3000.0
148.0 72.0 3000.0
152.0 72.0 2988.2353515625
156.0 72.0 2905.88232421875
160.0 72.0 2670.588134765625
164.0 72.0 2588.2353515625
168.0 72.0 2729.411865234375
172.0 72.0 2776.470703125
176.0 72.0 2776.470703125
180.0 72.0 2835.294189453125
184.0 72.0 2847.058837890625
188.0 72.0 2835.294189453125
192.0 72.0 2835.294189453125
196.0 72.0 2823.529541015625
200.0 72.0 2835.294189453125
204.0 72.0 2811.7646484375
208.0 72.0 2847.058837890625
212.0 72.0 2823.529541015625
216.0 72.0 2788.2353515625
220.0 72.0 2788.2353515625
224.0 72.0 2858.823486328125
228.0 72.0 2835.294189453125
232.0 72.0 2694.11767578125
236.0 72.0 2764.705810546875
240.0 72.0 2788.2353515625
244.0 72.0 2776.470703125
248.0 72.0 2823.529541015625
252.0 72.0 2694.11767578125
256.0 72.0 2776.470703125
260.0 72.0 2788.2353515625
264.0 72.0 2847.058837890625
268.0 72.0 2741.176513671875
272.0 72.0 2788.2353515625
276.0 72.0 2752.941162109375
280.0 72.0 2741.176513671875
284.0 72.0 2670.588134765625
288.0 72.0 2552.941162109375
292.0 72.0 2494.11767578125
296.0 72.0 2529.411865234375
300.0 72.0 2470.58837890625
304.0 72.0 2482.35302734375
308.0 72.0 2505.88232421875
312.0 72.0 2494.11767578125
316.0 72.0 2411.7646484375
320.0 72.0 2494.11767578125
324.0 72.0 2494.11767578125
328.0 72.0 2494.11767578125
332.0 72.0 2470.58837890625
336.0 72.0 2482.35302734375
340.0 72.0 2505.88232421875
344.0 72.0 2505.88232421875
348.0 72.0 2435.294189453125
352.0 72.0 2600.0
356.0 72.0 2482.35302734375
360.0 72.0 2494.11767578125
364.0 72.0 2447.058837890625
368.0 72.0 2505.88232421875
372.0 72.0 2482.35302734375
376.0 72.0 2435.294189453125
380.0 72.0 2400.0
384.0 72.0 2341.176513671875
388.0 72.0 2435.294189453125
392.0 72.0 2447.058837890625
396.0 72.0 2470.58837890625
400.0 72.0 2352.941162109375
404.0 72.0 2470.58837890625
408.0 72.0 2400.0
412.0 72.0 2447.058837890625
416.0 72.0 2364.705810546875
420.0 72.0 2423.529541015625
424.0 72.0 2423.529541015625
428.0 72.0 2364.705810546875
432.0 72.0 2400.0
436.0 72.0 2364.705810546875
440.0 72.0 2411.7646484375
444.0 72.0 2364.705810546875
448.0 72.0 2364.705810546875
452.0 72.0 2317.647216796875
456.0 72.0 2188.2353515625
460.0 72.0 2082.35302734375
464.0 72.0 2035.294189453125
468.0 72.0 1858.8236083984375
472.0 72.0 1870.5882568359375
476.0 72.0 1776.470703125
480.0 72.0 1682.35302734375
484.0 72.0 1705.8824462890625
488.0 72.0 1611.7647705078125
492.0 72.0 1588.2353515625
496.0 72.0 1588.2353515625
500.0 72.0 1552.9412841796875
504.0 72.0 1658.8236083984375
508.0 72.0 1647.0589599609375
512.0 72.0 1576.470703125
516.0 72.0 1505.8824462890625
520.0 72.0 1482.3529052734375
524.0 72.0 1447.058837890625
528.0 72.0 1435.2940673828125
532.0 72.0 1447.058837890625
536.0 72.0 1364.7059326171875
540.0 72.0 1388.2353515625
544.0 72.0 1364.7059326171875
548.0 72.0 1341.176513671875
552.0 72.0 1329.4117431640625
556.0 72.0 1317.6470947265625
560.0 72.0 1270.5882568359375
564.0 72.0 1247.058837890625
568.0 72.0 1317.6470947265625
572.0 72.0 1317.6470947265625
576.0 72.0 1329.4117431640625
580.0 72.0 1329.4117431640625
584.0 72.0 1200.0
588.0 72.0 1341.176513671875
592.0 72.0 1305.88232421875
596.0 72.0 1329.4117431640625
600.0 72.0 1305.88232421875
604.0 72.0 1364.7059326171875
608.0 72.0 1329.4117431640625
612.0 72.0 1341.176513671875
616.0 72.0 1317.6470947265625
620.0 72.0 1329.4117431640625
624.0 72.0 1352.941162109375
628.0 72.0 1282.3529052734375
632.0 72.0 1341.176513671875
636.0 72.0 1317.6470947265625
0.0 76.0 2929.411865234375
4.0 76.0 2976.470703125
8.0 76.0 3000.0
12.0 76.0 3000.0
16.0 76.0 3000.0
20.0 76.0 3000.0
24.0 76.0 3000.0
28.0 76.0 3000.0
32.0 76.0 3000.0
36.0 76.0 3000.0
40.0 76.0 3000.0
44.0 76.0 3000.0
48.0 76.0 3000.0
52.0 76.0 3000.0
56.0 76.0 3000.0
60.0 76.0 3000.0
64.0 76.0 3000.0
68.0 76.0 3000.0
72.0 76.0 3000.0
76.0 76.0 3000.0
80.0 76.0 3000.0
84.0 76.0 3000.0
88.0 76.0 3000.0
92.0 76.0 3000.0
96.0 76.0 3000.0
100.0 76.0 3000.0
104.0 76.0 3000.0
108.0 76.0 3000.0
112.0 76.0 3000.0
116.0 76.0 2952.941162109375
120.0 76.0 3000.0
124.0 76.0 3000.0
128.0 76.0 3000.0
132.0 76.0 3000.0
136.0 76.0 3000.0
140.0 76.0 3000.0
144.0 76.0 3000.0
148.0 76.0 3000.0
152.0 76.0 2917.64697265625
156.0 76.0 2941.176513671875
160.0 76.0 2694.11767578125
164.0 76.0 2588.2353515625
168.0 76.0 2705.88232421875
172.0 76.0 2788.2353515625
176.0 76.0 2847.058837890625
180.0 76.0 2823.529541015625
184.0 76.0 2811.7646484375
188.0 76.0 2776.470703125
192.0 76.0 2858.823486328125
196.0 76.0 2811.7646484375
200.0 76.0 2823.529541015625
204.0 76.0 2823.529541015625
208.0 76.0 2776.470703125
212.0 76.0 2788.2353515625
216.0 76.0 2788.2353515625
220.0 76.0 2752.941162109375
224.0 76.0 2811.7646484375
228.0 76.0 2847.058837890625
232.0 76.0 2764.705810546875
236.0 76.0 2764.705810546875
240.0 76.0 2752.941162109375
244.0 76.0 2823.529541015625
248.0 76.0 2811.7646484375
252.0 76.0 2705.88232421875
256.0 76.0 2811.7646484375
260.0 76.0 2823.529541015625
264.0 76.0 2788.2353515625
268.0 76.0 2752.941162109375
272.0 76.0 2835.294189453125
276.0 76.0 2752.941162109375
280.0 76.0 2670.588134765625
284.0 76.0 2611.7646484375
288.0 76.0 2611.7646484375
292.0 76.0 2470.58837890625
296.0 76.0 2564.705810546875
300.0 76.0 2470.58837890625
304.0 76.0 2411.7646484375
308.0 76.0 2505.88232421875
312.0 76.0 2470.58837890625
316.0 76.0 2470.58837890625
320.0 76.0 2447.058837890625
324.0 76.0 2482.35302734375
328.0 76.0 2482.35302734375
332.0 76.0 2505.88232421875
336.0 76.0 2517.64697265625
340.0 76.0 2576.470703125
344.0 76.0 2435.294189453125
348.0 76.0 2494.11767578125
352.0 76.0 2588.2353515625
356.0 76.0 2505.88232421875
360.0 76.0 2494.11767578125
364.0 76.0 2435.294189453125
368.0 76.0 2400.0
372.0 76.0 2494.11767578125
376.0 76.0 2411.7646484375
380.0 76.0 2388.2353515625
384.0 76.0 2341.176513671875
388.0 76.0 2435.294189453125
392.0 76.0 2447.058837890625
396.0 76.0 2364.705810546875
400.0 76.0 2423.529541015625
404.0 76.0 2400.0
408.0 76.0 2435.294189453125
412.0 76.0 2423.529541015625
416.0 76.0 2423.529541015625
420.0 76.0 2423.529541015625
424.0 76.0 2435.294189453125
428.0 76.0 2411.7646484375
432.0 76.0 2329.411865234375
436.0 76.0 2400.0
440.0 76.0 2329.411865234375
444.0 76.0 2388.2353515625
448.0 76.0 2364.705810546875
452.0 76.0 2400.0
456.0 76.0 2364.705810546875
460.0 76.0 2329.411865234375
464.0 76.0 2152.941162109375
468.0 76.0 2164.705810546875
472.0 76.0 2000.0
476.0 76.0 1847.058837890625
480.0 76.0 1741.176513671875
484.0 76.0 1670.5882568359375
488.0 76.0 1647.0589599609375
492.0 76.0 1505.8824462890625
496.0 76.0 1623.529541015625
500.0 76.0 1552.9412841796875
504.0 76.0 1588.2353515625
508.0 76.0 1611.7647705078125
512.0 76.0 1552.9412841796875
516.0 76.0 1494.11767578125
520.0 76.0 1505.8824462890625
524.0 76.0 1364.7059326171875
528.0 76.0 1411.7647705078125
532.0 76.0 1400.0
536.0 76.0 1317.6470947265625
540.0 76.0 1400.0
544.0 76.0 1329.4117431640625
548.0 76.0 1305.88232421875
552.0 76.0 1329.4117431640625
556.0 76.0 1329.4117431640625
560.0 76.0 1258.823486328125
564.0 76.0 1247.058837890625
568.0 76.0 1352.941162109375
572.0 76.0 1400.0
576.0 76.0 1305.88232421875
580.0 76.0 1258.823486328125
584.0 76.0 1305.88232421875
588.0 76.0 1247.058837890625
592.0 76.0 1258.823486328125
596.0 76.0 1341.176513671875
600.0 76.0 1317.6470947265625
604.0 76.0 1305.88232421875
608.0 76.0 1176.4705810546875
612.0 76.0 1305.88232421875
616.0 76.0 1411.7647705078125
620.0 76.0 1282.3529052734375
624.0 76.0 1411.7647705078125
628.0 76.0 1329.4117431640625
632.0 76.0 1364.7059326171875
636.0 76.0 1341.176513671875
0.0 80.0 2976.470703125
4.0 80.0 3000.0
8.0 80.0 3000.0
12.0 80.0 3000.0
16.0 80.0 3000.0
20.0 80.0 3000.0
24.0 80.0 3000.0
28.0 80.0 3000.0
32.0 80.0 3000.0
36.0 80.0 3000.0
40.0 80.0 3000.0
44.0 80.0 3000.0
48.0 80.0 2988.2353515625
52.0 80.0 2988.2353515625
56.0 80.0 3000.0
60.0 80.0 3000.0
64.0 80.0 3000.0
68.0 80.0 3000.0
72.0 80.0 3000.0
76.0 80.0 3000.0
80.0 80.0 3000.0
84.0 80.0 3000.0
88.0 80.0 3000.0
92.0 80.0 3000.0
96.0 80.0 3000.0
100.0 80.0 3000.0
104.0 80.0 3000.0
108.0 80.0 3000.0
112.0 80.0 3000.0
116.0 80.0 2988.2353515625
120.0 80.0 3000.0
124.0 80.0 3000.0
128.0 80.0 3000.0
132.0 80.0 3000.0
136.0 80.0 3000.0
140.0 80.0 3000.0
144.0 80.0 3000.0
148.0 80.0 3000.0
152.0 80.0 2941.176513671875
156.0 80.0 2941.176513671875
160.0 80.0 2694.11767578125
164.0 80.0 2588.2353515625
168.0 80.0 2752.941162109375
172.0 80.0 2835.294189453125
176.0 80.0 2776.470703125
180.0 80.0 2823.529541015625
184.0 80.0 2811.7646484375
188.0 80.0 2788.2353515625
192.0 80.0 2905.88232421875
196.0 80.0 2835.294189453125
200.0 80.0 2788.2353515625
204.0 80.0 2811.7646484375
208.0 80.0 2835.294189453125
212.0 80.0 2788.2353515625
216.0 80.0 2776.470703125
220.0 80.0 2764.705810546875
224.0 80.0 2788.2353515625
228.0 80.0 2811.7646484375
232.0 80.0 2811.7646484375
236.0 80.0 2788.2353515625
240.0 80.0 2776.470703125
244.0 80.0 2764.705810546875
248.0 80.0 2764.705810546875
252.0 80.0 2776.470703125
256.0 80.0 2788.2353515625
260.0 80.0 2835.294189453125
264.0 80.0 2764.705810546875
268.0 80.0 2741.176513671875
272.0 80.0 2752.941162109375
276.0 80.0 2788.2353515625
280.0 80.0 2741.176513671875
284.0 80.0 2670.588134765625
288.0 80.0 2588.2353515625
292.0 80.0 2505.88232421875
296.0 80.0 2494.11767578125
300.0 80.0 2552.941162109375
304.0 80.0 2447.058837890625
308.0 80.0 2517.64697265625
312.0 80.0 2529.411865234375
316.0 80.0 2505.88232421875
320.0 80.0 2494.11767578125
324.0 80.0 2411.7646484375
328.0 80.0 2529.411865234375
332.0 80.0 2505.88232421875
336.0 80.0 2505.88232421875
340.0 80.0 2470.58837890625
344.0 80.0 2494.11767578125
348.0 80.0 2482.35302734375
352.0 80.0 2517.64697265625
356.0 80.0 2564.705810546875
360.0 80.0 2482.35302734375
364.0 80.0 2352.941162109375
368.0 80.0 2411.7646484375
372.0 80.0 2423.529541015625
376.0 80.0 2341.176513671875
380.0 80.0 2400.0
384.0 80.0 2400.0
388.0 80.0 2423.529541015625
392.0 80.0 2423.529541015625
396.0 80.0 2388.2353515625
400.0 80.0 2400.0
404.0 80.0 2470.58837890625
408.0 80.0 2423.529541015625
412.0 80.0 2423.529541015625
416.0 80.0 2447.058837890625
420.0 80.0 2411.7646484375
424.0 80.0 2470.58837890625
428.0 80.0 2423.529541015625
432.0 80.0 2364.705810546875
436.0 80.0 2388.2353515625
440.0 80.0 2329.411865234375
444.0 80.0 2329.411865234375
448.0 80.0 2411.7646484375
452.0 80.0 2364.705810546875
456.0 80.0 2352.941162109375
460.0 80.0 2329.411865234375
464.0 80.0 2235.294189453125
468.0 80.0 2176.470703125
472.0 80.0 2000.0
476.0 80.0 1917.6470947265625
480.0 80.0 1858.8236083984375
484.0 80.0 1670.5882568359375
488.0 80.0 1588.2353515625
492.0 80.0 1552.9412841796875
496.0 80.0 1658.8236083984375
500.0 80.0 1447.058837890625
504.0 80.0 1505.8824462890625
508.0 80.0 1494.11767578125
512.0 80.0 1552.9412841796875
516.0 80.0 1423.5294189453125
520.0 80.0 1341.176513671875
524.0 80.0 1364.7059326171875
528.0 80.0 1352.941162109375
532.0 80.0 1329.4117431640625
536.0 80.0 1329.4117431640625
540.0 80.0 1352.941162109375
544.0 80.0 1247.058837890625
548.0 80.0 1317.6470947265625
552.0 80.0 1223.5294189453125
556.0 80.0 1247.058837890625
560.0 80.0 1329.4117431640625
564.0 80.0 1282.3529052734375
568.0 80.0 1317.6470947265625
572.0 80.0 1247.058837890625
576.0 80.0 1329.4117431640625
580.0 80.0 1329.4117431640625
584.0 80.0 1247.058837890625
588.0 80.0 1258.823486328125
592.0 80.0 1282.3529052734375
596.0 80.0 1364.7059326171875
600.0 80.0 1317.6470947265625
604.0 80.0 1352.941162109375
608.0 80.0 1305.88232421875
612.0 80.0 1270.5882568359375
616.0 80.0 1270.5882568359375
620.0 80.0 1329.4117431640625
624.0 80.0 1352.941162109375
628.0 80.0 1270.5882568359375
632.0 80.0 1305.88232421875
636.0 80.0 1317.6470947265625
0.0 84.0 3000.0
4.0 84.0 3000.0
8.0 84.0 3000.0
12.0 84.0 3000.0
16.0 84.0 3000.0
20.0 84.0 3000.0
24.0 84.0 2988.2353515625
28.0 84.0 3000.0
32.0 84.0 3000.0
36.0 84.0 3000.0
40.0 84.0 3000.0
44.0 84.0 3000.0
48.0 84.0 3000.0
52.0 84.0 3000.0
56.0 84.0 3000.0
60.0 84.0 2988.2353515625
64.0 84.0 3000.0
68.0 84.0 3000.0
72.0 84.0 3000.0
76.0 84.0 3000.0
80.0 84.0 3000.0
84.0 84.0 3000.0
88.0 84.0 3000.0
92.0 84.0 3000.0
96.0 84.0 3000.0
100.0 84.0 3000.0
104.0 84.0 3000.0
108.0 84.0 3000.0
112.0 84.0 3000.0
116.0 84.0 3000.0
120.0 84.0 3000.0
124.0 84.0 3000.0
128.0 84.0 3000.0
132.0 84.0 3000.0
136.0 84.0 3000.0
140.0 84.0 3000.0
144.0 84.0 3000.0
148.0 84.0 3000.0
152.0 84.0 3000.0
156.0 84.0 2917.64697265625
160.0 84.0 2752.941162109375
164.0 84.0 2588.2353515625
168.0 84.0 2729.411865234375
172.0 84.0 2847.058837890625
176.0 84.0 2823.529541015625
180.0 84.0 2764.705810546875
184.0 84.0 2835.294189453125
188.0 84.0 2905.88232421875
192.0 84.0 2823.529541015625
196.0 84.0 2776.470703125
200.0 84.0 2811.7646484375
204.0 84.0 2835.294189453125
208.0 84.0 2811.7646484375
212.0 84.0 2835.294189453125
216.0 84.0 2776.470703125
220.0 84.0 2764.705810546875
224.0 84.0 2811.7646484375
228.0 84.0 2776.470703125
232.0 84.0 2847.058837890625
236.0 84.0 2764.705810546875
240.0 84.0 2788.2353515625
244.0 84.0 2776.470703125
248.0 84.0 2752.941162109375
252.0 84.0 2811.7646484375
256.0 84.0 2811.7646484375
260.0 84.0 2835.294189453125
264.0 84.0 2752.941162109375
268.0 84.0 2823.529541015625
272.0 84.0 2811.7646484375
276.0 84.0 2788.2353515625
280.0 84.0 2764.705810546875
284.0 84.0 2752.941162109375
288.0 84.0 2600.0
292.0 84.0 2447.058837890625
296.0 84.0 2447.058837890625
300.0 84.0 2505.88232421875
304.0 84.0 2470.58837890625
308.0 84.0 2505.88232421875
312.0 84.0 2505.88232421875
316.0 84.0 2505.88232421875
320.0 84.0 2494.11767578125
324.0 84.0 2529.411865234375
328.0 84.0 2494.11767578125
332.0 84.0 2529.411865234375
336.0 84.0 2505.88232421875
340.0 84.0 2494.11767578125
344.0 84.0 2552.941162109375
348.0 84.0 2588.2353515625
352.0 84.0 2517.64697265625
356.0 84.0 2435.294189453125
360.0 84.0 2423.529541015625
364.0 84.0 2388.2353515625
368.0 84.0 2364.705810546875
372.0 84.0 2411.7646484375
376.0 84.0 2388.2353515625
380.0 84.0 2400.0
384.0 84.0 2364.705810546875
388.0 84.0 2364.705810546875
392.0 84.0 2352.941162109375
396.0 84.0 2400.0
400.0 84.0 2423.529541015625
404.0 84.0 2400.0
408.0 84.0 2447.058837890625
412.0 84.0 2423.529541015625
416.0 84.0 2505.88232421875
420.0 84.0 2329.411865234375
424.0 84.0 2341.176513671875
428.0 84.0 2352.941162109375
432.0 84.0 2364.705810546875
436.0 84.0 2270.58837890625
440.0 84.0 2329.411865234375
444.0 84.0 2282.35302734375
448.0 84.0 2305.88232421875
452.0 84.0 2341.176513671875
456.0 84.0 2258.823486328125
460.0 84.0 2317.647216796875
464.0 84.0 2176.470703125
468.0 84.0 2105.88232421875
472.0 84.0 2070.58837890625
476.0 84.0 1917.6470947265625
480.0 84.0 1858.8236083984375
484.0 84.0 1670.5882568359375
488.0 84.0 1552.9412841796875
492.0 84.0 1552.9412841796875
496.0 84.0 1505.8824462890625
500.0 84.0 1505.8824462890625
504.0 84.0 1435.2940673828125
508.0 84.0 1505.8824462890625
512.0 84.0 1423.5294189453125
516.0 84.0 1411.7647705078125
520.0 84.0 1400.0
524.0 84.0 1282.3529052734375
528.0 84.0 1341.176513671875
532.0 84.0 1247.058837890625
536.0 84.0 1305.88232421875
540.0 84.0 1270.5882568359375
544.0 84.0 1317.6470947265625
548.0 84.0 1317.6470947265625
552.0 84.0 1223.5294189453125
556.0 84.0 1341.176513671875
560.0 84.0 1270.5882568359375
564.0 84.0 1176.4705810546875
568.0 84.0 1270.5882568359375
572.0 84.0 1341.176513671875
576.0 84.0 1247.058837890625
580.0 84.0 1411.7647705078125
584.0 84.0 1247.058837890625
588.0 84.0 1247.058837890625
592.0 84.0 1258.823486328125
596.0 84.0 1258.823486328125
600.0 84.0 1305.88232421875
604.0 84.0 1305.88232421875
608.0 84.0 1258.823486328125
612.0 84.0 1247.058837890625
616.0 84.0 1329.4117431640625
620.0 84.0 1282.3529052734375
624.0 84.0 1247.058837890625
628.0 84.0 1329.4117431640625
632.0 84.0 1329.4117431640625
636.0 84.0 1247.058837890625
0.0 88.0 2988.2353515625
4.0 88.0 3000.0
8.0 88.0 3000.0
12.0 88.0 3000.0
16.0 88.0 3000.0
20.0 88.0 3000.0
24.0 88.0 3000.0
28.0 88.0 3000.0
32.0 88.0 2952.941162109375
36.0 88.0 3000.0
40.0 88.0 3000.0
44.0 88.0 3000.0
48.0 88.0 2976.470703125
52.0 88.0 3000.0
56.0 88.0 3000.0
60.0 88.0 3000.0
64.0 88.0 3000.0
68.0 88.0 3000.0
72.0 88.0 3000.0
76.0 88.0 3000.0
80.0 88.0 3000.0
84.0 88.0 2976.470703125
88.0 88.0 3000.0
92.0 88.0 3000.0
96.0 88.0 3000.0
100.0 88.0 3000.0
104.0 88.0 3000.0
108.0 88.0 3000.0
112.0 88.0 3000.0
116.0 88.0 3000.0
120.0 88.0 3000.0
124.0 88.0 3000.0
128.0 88.0 3000.0
132.0 88.0 3000.0
136.0 88.0 3000.0
140.0 88.0 3000.0
144.0 88.0 3000.0
148.0 88.0 3000.0
152.0 88.0 3000.0
156.0 88.0 2941.176513671875
160.0 88.0 2764.705810546875
164.0 88.0 2588.2353515625
168.0 88.0 2752.941162109375
172.0 88.0 2870.588134765625
176.0 88.0 2858.823486328125
180.0 88.0 2847.058837890625
184.0 88.0 2835.294189453125
188.0 88.0 2835.294189453125
192.0 88.0 2835.294189453125
196.0 88.0 2811.7646484375
200.0 88.0 2811.7646484375
204.0 88.0 2870.588134765625
208.0 88.0 2823.529541015625
212.0 88.0 2752.941162109375
216.0 88.0 2823.529541015625
220.0 88.0 2823.529541015625
224.0 88.0 2811.7646484375
228.0 88.0 2729.411865234375
232.0 88.0 2835.294189453125
236.0 88.0 2811.7646484375
240.0 88.0 2823.529541015625
244.0 88.0 2788.2353515625
248.0 88.0 2847.058837890625
252.0 88.0 2835.294189453125
256.0 88.0 2788.2353515625
260.0 88.0 2705.88232421875
264.0 88.0 2764.705810546875
268.0 88.0 2776.470703125
272.0 88.0 2858.823486328125
276.0 88.0 2776.470703125
280.0 88.0 2752.941162109375
284.0 88.0 2811.7646484375
288.0 88.0 2658.823486328125
292.0 88.0 2517.64697265625
296.0 88.0 2505.88232421875
300.0 88.0 2470.58837890625
304.0 88.0 2447.058837890625
308.0 88.0 2505.88232421875
312.0 88.0 2517.64697265625
316.0 88.0 2482.35302734375
320.0 88.0 2564.705810546875
324.0 88.0 2494.11767578125
328.0 88.0 2505.88232421875
332.0 88.0 2517.64697265625
336.0 88.0 2552.941162109375
340.0 88.0 2588.2353515625
344.0 88.0 2482.35302734375
348.0 88.0 2482.35302734375
352.0 88.0 2517.64697265625
356.0 88.0 2482.35302734375
360.0 88.0 2423.529541015625
364.0 88.0 2364.705810546875
368.0 88.0 2447.058837890625
372.0 88.0 2400.0
376.0 88.0 2400.0
380.0 88.0 2364.705810546875
384.0 88.0 2388.2353515625
388.0 88.0 2317.647216796875
392.0 88.0 2329.411865234375
396.0 88.0 2494.11767578125
400.0 88.0 2447.058837890625
404.0 88.0 2482.35302734375
408.0 88.0 2388.2353515625
412.0 88.0 2435.294189453125
416.0 88.0 2341.176513671875
420.0 88.0 2305.88232421875
424.0 88.0 2364.705810546875
428.0 88.0 2364.705810546875
432.0 88.0 2270.58837890625
436.0 88.0 2223.529541015625
440.0 88.0 2282.35302734375
444.0 88.0 2329.411865234375
448.0 88.0 2258.823486328125
452.0 88.0 2282.35302734375
456.0 88.0 2317.647216796875
460.0 88.0 2329.411865234375
464.0 88.0 2235.294189453125
468.0 88.0 2070.58837890625
472.0 88.0 2011.7647705078125
476.0 88.0 1905.8824462890625
480.0 88.0 1835.294189453125
484.0 88.0 1600.0001220703125
488.0 88.0 1588.2353515625
492.0 88.0 1576.470703125
496.0 88.0 1411.7647705078125
500.0 88.0 1447.058837890625
504.0 88.0 1411.7647705078125
508.0 88.0 1447.058837890625
512.0 88.0 1400.0
516.0 88.0 1352.941162109375
520.0 88.0 1352.941162109375
524.0 88.0 1247.058837890625
528.0 88.0 1305.88232421875
532.0 88.0 1282.3529052734375
536.0 88.0 1247.058837890625
540.0 88.0 1411.7647705078125
544.0 88.0 1317.6470947265625
548.0 88.0 1305.88232421875
552.0 88.0 1258.823486328125
556.0 88.0 1270.5882568359375
560.0 88.0 1352.941162109375
564.0 88.0 1270.5882568359375
568.0 88.0 1329.4117431640625
572.0 88.0 1223.5294189453125
576.0 88.0 1305.88232421875
580.0 88.0 1317.6470947265625
584.0 88.0 1329.4117431640625
588.0 88.0 1235.294189453125
592.0 88.0 1223.5294189453125
596.0 88.0 1247.058837890625
600.0 88.0 1247.058837890625
604.0 88.0 1329.4117431640625
608.0 88.0 1258.823486328125
612.0 88.0 1329.4117431640625
616.0 88.0 1247.058837890625
620.0 88.0 1282.3529052734375
624.0 88.0 1258.823486328125
628.0 88.0 1317.6470947265625
632.0 88.0 1282.3529052734375
636.0 88.0 1329.4117431640625
0.0 92.0 3000.0
4.0 92.0 3000.0
8.0 92.0 2976.470703125
12.0 92.0 3000.0
16.0 92.0 3000.0
20.0 92.0 3000.0
24.0 92.0 2988.2353515625
28.0 92.0 3000.0
32.0 92.0 3000.0
36.0 92.0 3000.0
40.0 92.0 3000.0
44.0 92.0 3000.0
48.0 92.0 3000.0
52.0 92.0 3000.0
56.0 92.0 3000.0
60.0 92.0 2988.2353515625
64.0 92.0 3000.0
68.0 92.0 3000.0
72.0 92.0 3000.0
76.0 92.0 3000.0
80.0 92.0 3000.0
84.0 92.0 3000.0
88.0 92.0 3000.0
92.0 92.0 3000.0
96.0 92.0 3000.0
100.0 92.0 3000.0
104.0 92.0 3000.0
108.0 92.0 3000.0
112.0 92.0 3000.0
116.0 92.0 3000.0
120.0 92.0 3000.0
124.0 92.0 3000.0
128.0 92.0 3000.0
132.0 92.0 3000.0
136.0 92.0 3000.0
140.0 92.0 3000.0
144.0 92.0 3000.0
148.0 92.0 3000.0
152.0 92.0 3000.0
156.0 92.0 3000.0
160.0 92.0 2752.941162109375
164.0 92.0 2611.7646484375
168.0 92.0 2729.411865234375
172.0 92.0 2776.470703125
176.0 92.0 2823.529541015625
180.0 92.0 2847.058837890625
184.0 92.0 2811.7646484375
188.0 92.0 2847.058837890625
192.0 92.0 2823.529541015625
196.0 92.0 2823.529541015625
200.0 92.0 2835.294189453125
204.0 92.0 2788.2353515625
208.0 92.0 2835.294189453125
212.0 92.0 2858.823486328125
216.0 92.0 2835.294189453125
220.0 92.0 2835.294189453125
224.0 92.0 2788.2353515625
228.0 92.0 2764.705810546875
232.0 92.0 2752.941162109375
236.0 92.0 2764.705810546875
240.0 92.0 2741.176513671875
244.0 92.0 2752.941162109375
248.0 92.0 2811.7646484375
252.0 92.0 2811.7646484375
256.0 92.0 2835.294189453125
260.0 92.0 2764.705810546875
264.0 92.0 2741.176513671875
268.0 92.0 2823.529541015625
272.0 92.0 2811.7646484375
276.0 92.0 2835.294189453125
280.0 92.0 2705.88232421875
284.0 92.0 2752.941162109375
288.0 92.0 2670.588134765625
292.0 92.0 2505.88232421875
296.0 92.0 2447.058837890625
300.0 92.0 2529.411865234375
304.0 92.0 2529.411865234375
308.0 92.0 2447.058837890625
312.0 92.0 2505.88232421875
316.0 92.0 2505.88232421875
320.0 92.0 2564.705810546875
324.0 92.0 2505.88232421875
328.0 92.0 2505.88232421875
332.0 92.0 2482.35302734375
336.0 92.0 2482.35302734375
340.0 92.0 2505.88232421875
344.0 92.0 2517.64697265625
348.0 92.0 2494.11767578125
352.0 92.0 2517.64697265625
356.0 92.0 2435.294189453125
360.0 92.0 2435.294189453125
364.0 92.0 2352.941162109375
368.0 92.0 2411.7646484375
372.0 92.0 2423.529541015625
376.0 92.0 2341.176513671875
380.0 92.0 2352.941162109375
384.0 92.0 2482.35302734375
388.0 92.0 2352.941162109375
392.0 92.0 2341.176513671875
396.0 92.0 2341.176513671875
400.0 92.0 2423.529541015625
404.0 92.0 2317.647216796875
408.0 92.0 2411.7646484375
412.0 92.0 2341.176513671875
416.0 92.0 2282.35302734375
420.0 92.0 2200.0
424.0 92.0 2258.823486328125
428.0 92.0 2247.058837890625
432.0 92.0 2235.294189453125
436.0 92.0 2258.823486328125
440.0 92.0 2223.529541015625
444.0 92.0 2200.0
448.0 92.0 2200.0
452.0 92.0 2223.529541015625
456.0 92.0 2282.35302734375
460.0 92.0 2317.647216796875
464.0 92.0 2117.647216796875
468.0 92.0 2070.58837890625
472.0 92.0 1870.5882568359375
476.0 92.0 1741.176513671875
480.0 92.0 1670.5882568359375
484.0 92.0 1494.11767578125
488.0 92.0 1411.7647705078125
492.0 92.0 1435.2940673828125
496.0 92.0 1435.2940673828125
500.0 92.0 1352.941162109375
504.0 92.0 1400.0
508.0 92.0 1341.176513671875
512.0 92.0 1223.5294189453125
516.0 92.0 1258.823486328125
520.0 92.0 1352.941162109375
524.0 92.0 1305.88232421875
528.0 92.0 1305.88232421875
532.0 92.0 1258.823486328125
536.0 92.0 1317.6470947265625
540.0 92.0 1329.4117431640625
544.0 92.0 1282.3529052734375
548.0 92.0 1247.058837890625
552.0 92.0 1247.058837890625
556.0 92.0 1341.176513671875
560.0 92.0 1247.058837890625
564.0 92.0 1258.823486328125
568.0 92.0 1305.88232421875
572.0 92.0 1247.058837890625
576.0 92.0 1200.0
580.0 92.0 1364.7059326171875
584.0 92.0 1200.0
588.0 92.0 1247.058837890625
592.0 92.0 1258.823486328125
596.0 92.0 1247.058837890625
600.0 92.0 1282.3529052734375
604.0 92.0 1235.294189453125
608.0 92.0 1247.058837890625
612.0 92.0 1176.4705810546875
616.0 92.0 1164.7059326171875
620.0 92.0 1270.5882568359375
624.0 92.0 1223.5294189453125
628.0 92.0 1117.6470947265625
632.0 92.0 1282.3529052734375
636.0 92.0 1176.4705810546875
0.0 96.0 3000.0
4.0 96.0 3000.0
8.0 96.0 3000.0
12.0 96.0 3000.0
16.0 96.0 3000.0
20.0 96.0 3000.0
24.0 96.0 3000.0
28.0 96.0 3000.0
32.0 96.0 3000.0
36.0 96.0 3000.0
40.0 96.0 3000.0
44.0 96.0 3000.0
48.0 96.0 3000.0
52.0 96.0 3000.0
56.0 96.0 3000.0
60.0 96.0 3000.0
64.0 96.0 3000.0
68.0 96.0 3000.0
72.0 96.0 3000.0
76.0 96.0 3000.0
80.0 96.0 3000.0
84.0 96.0 3000.0
88.0 96.0 3000.0
92.0 96.0 3000.0
96.0 96.0 3000.0
100.0 96.0 3000.0
104.0 96.0 3000.0
108.0 96.0 3000.0
112.0 96.0 3000.0
116.0 96.0 3000.0
120.0 96.0 3000.0
124.0 96.0 3000.0
128.0 96.0 3000.0
132.0 96.0 3000.0
136.0 96.0 3000.0
140.0 96.0 3000.0
144.0 96.0 3000.0
148.0 96.0 3000.0
152.0 96.0 3000.0
156.0 96.0 3000.0
160.0 96.0 2811.7646484375
164.0 96.0 2647.058837890625
168.0 96.0 2694.11767578125
172.0 96.0 2835.294189453125
176.0 96.0 2823.529541015625
180.0 96.0 2776.470703125
184.0 96.0 2776.470703125
188.0 96.0 2835.294189453125
192.0 96.0 2811.7646484375
196.0 96.0 2788.2353515625
200.0 96.0 2788.2353515625
204.0 96.0 2752.941162109375
208.0 96.0 2835.294189453125
212.0 96.0 2835.294189453125
216.0 96.0 2764.705810546875
220.0 96.0 2752.941162109375
224.0 96.0 2776.470703125
228.0 96.0 2729.411865234375
232.0 96.0 2788.2353515625
236.0 96.0 2835.294189453125
240.0 96.0 2811.7646484375
244.0 96.0 2823.529541015625
248.0 96.0 2752.941162109375
252.0 96.0 2764.705810546875
256.0 96.0 2823.529541015625
260.0 96.0 2752.941162109375
264.0 96.0 2776.470703125
268.0 96.0 2811.7646484375
272.0 96.0 2764.705810546875
276.0 96.0 2776.470703125
280.0 96.0 2752.941162109375
284.0 96.0 2764.705810546875
288.0 96.0 2682.35302734375
292.0 96.0 2482.35302734375
296.0 96.0 2447.058837890625
300.0 96.0 2505.88232421875
304.0 96.0 2529.411865234375
308.0 96.0 2482.35302734375
312.0 96.0 2505.88232421875
316.0 96.0 2517.64697265625
320.0 96.0 2576.470703125
324.0 96.0 2505.88232421875
328.0 96.0 2494.11767578125
332.0 96.0 2423.529541015625
336.0 96.0 2482.35302734375
340.0 96.0 2470.58837890625
344.0 96.0 2482.35302734375
348.0 96.0 2470.58837890625
352.0 96.0 2423.529541015625
356.0 96.0 2447.058837890625
360.0 96.0 2364.705810546875
364.0 96.0 2388.2353515625
368.0 96.0 2423.529541015625
372.0 96.0 2411.7646484375
376.0 96.0 2352.941162109375
380.0 96.0 2329.411865234375
384.0 96.0 2329.411865234375
388.0 96.0 2329.411865234375
392.0 96.0 2341.176513671875
396.0 96.0 2400.0
400.0 96.0 2435.294189453125
404.0 96.0 2423.529541015625
408.0 96.0 2447.058837890625
412.0 96.0 2258.823486328125
416.0 96.0 2282.35302734375
420.0 96.0 2200.0
424.0 96.0 2282.35302734375
428.0 96.0 2282.35302734375
432.0 96.0 2200.0
436.0 96.0 2235.294189453125
440.0 96.0 2258.823486328125
444.0 96.0 2258.823486328125
448.0 96.0 2247.058837890625
452.0 96.0 2282.35302734375
456.0 96.0 2223.529541015625
460.0 96.0 2247.058837890625
464.0 96.0 2258.823486328125
468.0 96.0 2082.35302734375
472.0 96.0 1941.176513671875
476.0 96.0 1788.2353515625
480.0 96.0 1670.5882568359375
484.0 96.0 1411.7647705078125
488.0 96.0 1435.2940673828125
492.0 96.0 1329.4117431640625
496.0 96.0 1341.176513671875
500.0 96.0 1258.823486328125
504.0 96.0 1317.6470947265625
508.0 96.0 1329.4117431640625
512.0 96.0 1317.6470947265625
516.0 96.0 1317.6470947265625
520.0 96.0 1223.5294189453125
524.0 96.0 1247.058837890625
528.0 96.0 1223.5294189453125
532.0 96.0 1282.3529052734375
536.0 96.0 1223.5294189453125
540.0 96.0 1270.5882568359375
544.0 96.0 1247.058837890625
548.0 96.0 1247.058837890625
552.0 96.0 1235.294189453125
556.0 96.0 1188.2353515625
560.0 96.0 1282.3529052734375
564.0 96.0 1164.7059326171875
568.0 96.0 1223.5294189453125
572.0 96.0 1247.058837890625
576.0 96.0 1188.2353515625
580.0 96.0 1247.058837890625
584.0 96.0 1247.058837890625
588.0 96.0 1305.88232421875
592.0 96.0 1258.823486328125
596.0 96.0 1235.294189453125
600.0 96.0 1200.0
604.0 96.0 1200.0
608.0 96.0 1164.7059326171875
612.0 96.0 1247.058837890625
616.0 96.0 1317.6470947265625
620.0 96.0 1270.5882568359375
624.0 96.0 1235.294189453125
628.0 96.0 1223.5294189453125
632.0 96.0 1235.294189453125
636.0 96.0 1235.294189453125
0.0 100.0 3000.0
4.0 100.0 2941.176513671875
8.0 100.0 3000.0
12.0 100.0 3000.0
16.0 100.0 3000.0
20.0 100.0 3000.0
24.0 100.0 3000.0
28.0 100.0 3000.0
32.0 100.0 3000.0
36.0 100.0 3000.0
40.0 100.0 3000.0
44.0 100.0 3000.0
48.0 100.0 3000.0
52.0 100.0 3000.0
56.0 100.0 3000.0
60.0 100.0 3000.0
64.0 100.0 3000.0
68.0 100.0 3000.0
72.0 100.0 3000.0
76.0 100.0 3000.0
80.0 100.0 3000.0
84.0 100.0 3000.0
88.0 100.0 3000.0
92.0 100.0 3000.0
96.0 100.0 3000.0
100.0 100.0 3000.0
104.0 100.0 3000.0
108.0 100.0 3000.0
112.0 100.0 3000.0
116.0 100.0 3000.0
120.0 100.0 3000.0
124.0 100.0 3000.0
128.0 100.0 3000.0
132.0 100.0 3000.0
136.0 100.0 3000.0
140.0 100.0 3000.0
144.0 100.0 3000.0
148.0 100.0 3000.0
152.0 100.0 3000.0
156.0 100.0 2929.411865234375
160.0 100.0 2811.7646484375
164.0 100.0 2647.058837890625
168.0 100.0 2705.88232421875
172.0 100.0 2788.2353515625
176.0 100.0 2776.470703125
180.0 100.0 2823.529541015625
184.0 100.0 2752.941162109375
188.0 100.0 2835.294189453125
192.0 100.0 2776.470703125
196.0 100.0 2764.705810546875
200.0 100.0 2823.529541015625
204.0 100.0 2776.470703125
208.0 100.0 2776.470703125
212.0 100.0 2764.705810546875
216.0 100.0 2752.941162109375
220.0 100.0 2811.7646484375
224.0 100.0 2764.705810546875
228.0 100.0 2776.470703125
232.0 100.0 2752.941162109375
236.0 100.0 2811.7646484375
240.0 100.0 2776.470703125
244.0 100.0 2764.705810546875
248.0 100.0 2776.470703125
252.0 100.0 2835.294189453125
256.0 100.0 2752.941162109375
260.0 100.0 2752.941162109375
264.0 100.0 2705.88232421875
268.0 100.0 2776.470703125
272.0 100.0 2752.941162109375
276.0 100.0 2752.941162109375
280.0 100.0 2741.176513671875
284.0 100.0 2823.529541015625
288.0 100.0 2623.529541015625
292.0 100.0 2517.64697265625
296.0 100.0 2482.35302734375
300.0 100.0 2505.88232421875
304.0 100.0 2505.88232421875
308.0 100.0 2494.11767578125
312.0 100.0 2435.294189453125
316.0 100.0 2470.58837890625
320.0 100.0 2494.11767578125
324.0 100.0 2482.35302734375
328.0 100.0 2423.529541015625
332.0 100.0 2470.58837890625
336.0 100.0 2505.88232421875
340.0 100.0 2470.58837890625
344.0 100.0 2447.058837890625
348.0 100.0 2482.35302734375
352.0 100.0 2447.058837890625
356.0 100.0 2447.058837890625
360.0 100.0 2423.529541015625
364.0 100.0 2388.2353515625
368.0 100.0 2435.294189453125
372.0 100.0 2341.176513671875
376.0 100.0 2400.0
380.0 100.0 2305.88232421875
384.0 100.0 2305.88232421875
388.0 100.0 2364.705810546875
392.0 100.0 2329.411865234375
396.0 100.0 2400.0
400.0 100.0 2341.176513671875
404.0 100.0 2329.411865234375
408.0 100.0 2364.705810546875
412.0 100.0 2329.411865234375
416.0 100.0 2258.823486328125
420.0 100.0 2188.2353515625
424.0 100.0 2247.058837890625
428.0 100.0 2305.88232421875
432.0 100.0 2176.470703125
436.0 100.0 2164.705810546875
440.0 100.0 2188.2353515625
444.0 100.0 2176.470703125
448.0 100.0 2188.2353515625
452.0 100.0 2176.470703125
456.0 100.0 2200.0
460.0 100.0 2247.058837890625
464.0 100.0 2176.470703125
468.0 100.0 2023.5294189453125
472.0 100.0 1917.6470947265625
476.0 100.0 1752.9412841796875
480.0 100.0 1505.8824462890625
484.0 100.0 1482.3529052734375
488.0 100.0 1411.7647705078125
492.0 100.0 1247.058837890625
496.0 100.0 1258.823486328125
500.0 100.0 1364.7059326171875
504.0 100.0 1305.88232421875
508.0 100.0 1258.823486328125
512.0 100.0 1329.4117431640625
516.0 100.0 1317.6470947265625
520.0 100.0 1270.5882568359375
524.0 100.0 1305.88232421875
528.0 100.0 1270.5882568359375
532.0 100.0 1235.294189453125
536.0 100.0 1188.2353515625
540.0 100.0 1235.294189453125
544.0 100.0 1235.294189453125
548.0 100.0 1200.0
552.0 100.0 1164.7059326171875
556.0 100.0 1176.4705810546875
560.0 100.0 1176.4705810546875
564.0 100.0 1176.4705810546875
568.0 100.0 1200.0
572.0 100.0 1258.823486328125
576.0 100.0 1200.0
580.0 100.0 1164.7059326171875
584.0 100.0 1235.294189453125
588.0 100.0 1188.2353515625
592.0 100.0 1200.0
596.0 100.0 1176.4705810546875
600.0 100.0 1164.7059326171875
604.0 100.0 1164.7059326171875
608.0 100.0 1152.941162109375
612.0 100.0 1152.941162109375
616.0 100.0 1258.823486328125
620.0 100.0 1270.5882568359375
624.0 100.0 1164.7059326171875
628.0 100.0 1200.0
632.0 100.0 1247.058837890625
636.0 100.0 1176.4705810546875
0.0 104.0 3000.0
4.0 104.0 2941.176513671875
8.0 104.0 3000.0
12.0 104.0 3000.0
16.0 104.0 3000.0
20.0 104.0 3000.0
24.0 104.0 3000.0
28.0 104.0 3000.0
32.0 104.0 3000.0
36.0 104.0 3000.0
40.0 104.0 3000.0
44.0 104.0 3000.0
48.0 104.0 3000.0
52.0 104.0 3000.0
56.0 104.0 3000.0
60.0 104.0 3000.0
64.0 104.0 3000.0
68.0 104.0 3000.0
72.0 104.0 3000.0
76.0 104.0 3000.0
80.0 104.0 3000.0
84.0 104.0 3000.0
88.0 104.0 3000.0
92.0 104.0 3000.0
96.0 104.0 3000.0
100.0 104.0 3000.0
104.0 104.0 3000.0
108.0 104.0 3000.0
112.0 104.0 3000.0
116.0 104.0 3000.0
120.0 104.0 3000.0
124.0 104.0 3000.0
128.0 104.0 3000.0
132.0 104.0 3000.0
136.0 104.0 3000.0
140.0 104.0 3000.0
144.0 104.0 3000.0
148.0 104.0 3000.0
152.0 104.0 3000.0
156.0 104.0 3000.0
160.0 104.0 2847.058837890625
164.0 104.0 2600.0
168.0 104.0 2752.941162109375
172.0 104.0 2752.941162109375
176.0 104.0 2847.058837890625
180.0 104.0 2835.294189453125
184.0 104.0 2752.941162109375
188.0 104.0 2788.2353515625
192.0 104.0 2788.2353515625
196.0 104.0 2764.705810546875
200.0 104.0 2811.7646484375
204.0 104.0 2776.470703125
208.0 104.0 2741.176513671875
212.0 104.0 2752.941162109375
216.0 104.0 2729.411865234375
220.0 104.0 2705.88232421875
224.0 104.0 2729.411865234375
228.0 104.0 2752.941162109375
232.0 104.0 2776.470703125
236.0 104.0 2752.941162109375
240.0 104.0 2776.470703125
244.0 104.0 2764.705810546875
248.0 104.0 2788.2353515625
252.0 104.0 2776.470703125
256.0 104.0 2776.470703125
260.0 104.0 2752.941162109375
264.0 104.0 2670.588134765625
268.0 104.0 2764.705810546875
272.0 104.0 2752.941162109375
276.0 104.0 2752.941162109375
280.0 104.0 2752.941162109375
284.0 104.0 2776.470703125
288.0 104.0 2682.35302734375
292.0 104.0 2564.705810546875
296.0 104.0 2423.529541015625
300.0 104.0 2447.058837890625
304.0 104.0 2505.88232421875
308.0 104.0 2529.411865234375
312.0 104.0 2494.11767578125
316.0 104.0 2505.88232421875
320.0 104.0 2529.411865234375
324.0 104.0 2447.058837890625
328.0 104.0 2482.35302734375
332.0 104.0 2494.11767578125
336.0 104.0 2411.7646484375
340.0 104.0 2400.0
344.0 104.0 2423.529541015625
348.0 104.0 2411.7646484375
352.0 104.0 2447.058837890625
356.0 104.0 2388.2353515625
360.0 104.0 2411.7646484375
364.0 104.0 2388.2353515625
368.0 104.0 2400.0
372.0 104.0 2329.411865234375
376.0 104.0 2341.176513671875
380.0 104.0 2329.411865234375
384.0 104.0 2329.411865234375
388.0 104.0 2341.176513671875
392.0 104.0 2282.35302734375
396.0 104.0 2388.2353515625
400.0 104.0 2329.411865234375
404.0 104.0 2317.647216796875
408.0 104.0 2270.58837890625
412.0 104.0 2223.529541015625
416.0 104.0 2176.470703125
420.0 104.0 2176.470703125
424.0 104.0 2223.529541015625
428.0 104.0 2176.470703125
432.0 104.0 2176.470703125
436.0 104.0 2152.941162109375
440.0 104.0 2247.058837890625
444.0 104.0 2176.470703125
448.0 104.0 2200.0
452.0 104.0 2223.529541015625
456.0 104.0 2188.2353515625
460.0 104.0 2200.0
464.0 104.0 2176.470703125
468.0 104.0 2070.58837890625
472.0 104.0 1988.2353515625
476.0 104.0 1752.9412841796875
480.0 104.0 1588.2353515625
484.0 104.0 1400.0
488.0 104.0 1364.7059326171875
492.0 104.0 1329.4117431640625
496.0 104.0 1305.88232421875
500.0 104.0 1258.823486328125
504.0 104.0 1270.5882568359375
508.0 104.0 1270.5882568359375
512.0 104.0 1282.3529052734375
516.0 104.0 1270.5882568359375
520.0 104.0 1200.0
524.0 104.0 1223.5294189453125
528.0 104.0 1223.5294189453125
532.0 104.0 1223.5294189453125
536.0 104.0 1258.823486328125
540.0 104.0 1329.4117431640625
544.0 104.0 1247.058837890625
548.0 104.0 1082.3529052734375
552.0 104.0 1164.7059326171875
556.0 104.0 1247.058837890625
560.0 104.0 1270.5882568359375
564.0 104.0 1152.941162109375
568.0 104.0 1223.5294189453125
572.0 104.0 1223.5294189453125
576.0 104.0 1223.5294189453125
580.0 104.0 1176.4705810546875
584.0 104.0 1164.7059326171875
588.0 104.0 1164.7059326171875
592.0 104.0 1282.3529052734375
596.0 104.0 1094.11767578125
600.0 104.0 1164.7059326171875
604.0 104.0 1176.4705810546875
608.0 104.0 1188.2353515625
612.0 104.0 1152.941162109375
616.0 104.0 1200.0
620.0 104.0 1223.5294189453125
624.0 104.0 1188.2353515625
628.0 104.0 1235.294189453125
632.0 104.0 1176.4705810546875
636.0 104.0 1176.4705810546875
0.0 108.0 3000.0
4.0 108.0 3000.0
8.0 108.0 3000.0
12.0 108.0 3000.0
16.0 108.0 3000.0
20.0 108.0 3000.0
24.0 108.0 3000.0
28.0 108.0 3000.0
32.0 108.0 3000.0
36.0 108.0 3000.0
40.0 108.0 3000.0
44.0 108.0 3000.0
48.0 108.0 3000.0
52.0 108.0 3000.0
56.0 108.0 3000.0
60.0 108.0 3000.0
64.0 108.0 3000.0
68.0 108.0 3000.0
72.0 108.0 3000.0
76.0 108.0 3000.0
80.0 108.0 3000.0
84.0 108.0 3000.0
88.0 108.0 3000.0
92.0 108.0 3000.0
96.0 108.0 3000.0
100.0 108.0 3000.0
104.0 108.0 3000.0
108.0 108.0 3000.0
112.0 108.0 3000.0
116.0 108.0 3000.0
120.0 108.0 3000.0
124.0 108.0 3000.0
128.0 108.0 2917.64697265625
132.0 108.0 2905.88232421875
136.0 108.0 2870.588134765625
140.0 108.0 2858.823486328125
144.0 108.0 2905.88232421875
148.0 108.0 2988.2353515625
152.0 108.0 3000.0
156.0 108.0 3000.0
160.0 108.0 3000.0
164.0 108.0 2705.88232421875
168.0 108.0 2694.11767578125
172.0 108.0 2776.470703125
176.0 108.0 2752.941162109375
180.0 108.0 2835.294189453125
184.0 108.0 2835.294189453125
188.0 108.0 2788.2353515625
192.0 108.0 2811.7646484375
196.0 108.0 2811.7646484375
200.0 108.0 2811.7646484375
204.0 108.0 2776.470703125
208.0 108.0 2823.529541015625
212.0 108.0 2823.529541015625
216.0 108.0 2752.941162109375
220.0 108.0 2788.2353515625
224.0 108.0 2764.705810546875
228.0 108.0 2764.705810546875
232.0 108.0 2823.529541015625
236.0 108.0 2811.7646484375
240.0 108.0 2764.705810546875
244.0 108.0 2776.470703125
248.0 108.0 2776.470703125
252.0 108.0 2823.529541015625
256.0 108.0 2752.941162109375
260.0 108.0 2752.941162109375
264.0 108.0 2729.411865234375
268.0 108.0 2847.058837890625
272.0 108.0 2811.7646484375
276.0 108.0 2764.705810546875
280.0 108.0 2729.411865234375
284.0 108.0 2788.2353515625
288.0 108.0 2752.941162109375
292.0 108.0 2588.2353515625
296.0 108.0 2529.411865234375
300.0 108.0 2505.88232421875
304.0 108.0 2470.58837890625
308.0 108.0 2505.88232421875
312.0 108.0 2576.470703125
316.0 108.0 2494.11767578125
320.0 108.0 2552.941162109375
324.0 108.0 2576.470703125
328.0 108.0 2505.88232421875
332.0 108.0 2470.58837890625
336.0 108.0 2423.529541015625
340.0 108.0 2423.529541015625
344.0 108.0 2447.058837890625
348.0 108.0 2423.529541015625
352.0 108.0 2423.529541015625
356.0 108.0 2400.0
360.0 108.0 2364.705810546875
364.0 108.0 2364.705810546875
368.0 108.0 2423.529541015625
372.0 108.0 2341.176513671875
376.0 108.0 2423.529541015625
380.0 108.0 2341.176513671875
384.0 108.0 2400.0
388.0 108.0 2329.411865234375
392.0 108.0 2329.411865234375
396.0 108.0 2341.176513671875
400.0 108.0 2341.176513671875
404.0 108.0 2247.058837890625
408.0 108.0 2270.58837890625
412.0 108.0 2235.294189453125
416.0 108.0 2258.823486328125
420.0 108.0 2164.705810546875
424.0 108.0 2200.0
428.0 108.0 2188.2353515625
432.0 108.0 2223.529541015625
436.0 108.0 2223.529541015625
440.0 108.0 2223.529541015625
444.0 108.0 2164.705810546875
448.0 108.0 2176.470703125
452.0 108.0 2188.2353515625
456.0 108.0 2176.470703125
460.0 108.0 2188.2353515625
464.0 108.0 2082.35302734375
468.0 108.0 2141.176513671875
472.0 108.0 2000.0
476.0 108.0 1729.411865234375
480.0 108.0 1505.8824462890625
484.0 108.0 1364.7059326171875
488.0 108.0 1329.4117431640625
492.0 108.0 1200.0
496.0 108.0 1352.941162109375
500.0 108.0 1200.0
504.0 108.0 1247.058837890625
508.0 108.0 1388.2353515625
512.0 108.0 1258.823486328125
516.0 108.0 1258.823486328125
520.0 108.0 1282.3529052734375
524.0 108.0 1317.6470947265625
528.0 108.0 1258.823486328125
532.0 108.0 1223.5294189453125
536.0 108.0 1247.058837890625
540.0 108.0 1282.3529052734375
544.0 108.0 1247.058837890625
548.0 108.0 1223.5294189453125
552.0 108.0 1188.2353515625
556.0 108.0 1164.7059326171875
560.0 108.0 1176.4705810546875
564.0 108.0 1152.941162109375
568.0 108.0 1117.6470947265625
572.0 108.0 1141.176513671875
576.0 108.0 1235.294189453125
580.0 108.0 1223.5294189453125
584.0 108.0 1200.0
588.0 108.0 1105.88232421875
592.0 108.0 1235.294189453125
596.0 108.0 1164.7059326171875
600.0 108.0 1164.7059326171875
604.0 108.0 1223.5294189453125
608.0 108.0 1188.2353515625
612.0 108.0 1105.88232421875
616.0 108.0 1200.0
620.0 108.0 1117.6470947265625
624.0 108.0 1141.176513671875
628.0 108.0 1141.176513671875
632.0 108.0 1105.88232421875
636.0 108.0 1105.88232421875
0.0 112.0 3000.0
4.0 112.0 3000.0
8.0 112.0 3000.0
12.0 112.0 3000.0
16.0 112.0 3000.0
20.0 112.0 3000.0
24.0 112.0 3000.0
28.0 112.0 3000.0
32.0 112.0 3000.0
36.0 112.0 3000.0
40.0 112.0 3000.0
44.0 112.0 3000.0
48.0 112.0 3000.0
52.0 112.0 3000.0
56.0 112.0 3000.0
60.0 112.0 3000.0
64.0 112.0 3000.0
68.0 112.0 3000.0
72.0 112.0 3000.0
76.0 112.0 3000.0
80.0 112.0 3000.0
84.0 112.0 3000.0
88.0 112.0 3000.0
92.0 112.0 3000.0
96.0 112.0 3000.0
100.0 112.0 3000.0
104.0 112.0 3000.0
108.0 112.0 3000.0
112.0 112.0 2917.64697265625
116.0 112.0 2976.470703125
120.0 112.0 2917.64697265625
124.0 112.0 2847.058837890625
128.0 112.0 2929.411865234375
132.0 112.0 2894.11767578125
136.0 112.0 2894.11767578125
140.0 112.0 2894.11767578125
144.0 112.0 2870.588134765625
148.0 112.0 3000.0
152.0 112.0 3000.0
156.0 112.0 3000.0
160.0 112.0 2917.64697265625
164.0 112.0 2741.176513671875
168.0 112.0 2670.588134765625
172.0 112.0 2776.470703125
176.0 112.0 2764.705810546875
180.0 112.0 2858.823486328125
184.0 112.0 2823.529541015625
188.0 112.0 2823.529541015625
192.0 112.0 2776.470703125
196.0 112.0 2776.470703125
200.0 112.0 2788.2353515625
204.0 112.0 2752.941162109375
208.0 112.0 2764.705810546875
212.0 112.0 2752.941162109375
216.0 112.0 2729.411865234375
220.0 112.0 2705.88232421875
224.0 112.0 2752.941162109375
228.0 112.0 2752.941162109375
232.0 112.0 2752.941162109375
236.0 112.0 2811.7646484375
240.0 112.0 2729.411865234375
244.0 112.0 2752.941162109375
248.0 112.0 2752.941162109375
252.0 112.0 2776.470703125
256.0 112.0 2788.2353515625
260.0 112.0 2764.705810546875
264.0 112.0 2729.411865234375
268.0 112.0 2776.470703125
272.0 112.0 2835.294189453125
276.0 112.0 2752.941162109375
280.0 112.0 2788.2353515625
284.0 112.0 2847.058837890625
288.0 112.0 2741.176513671875
292.0 112.0 2670.588134765625
296.0 112.0 2494.11767578125
300.0 112.0 2517.64697265625
304.0 112.0 2517.64697265625
308.0 112.0 2470.58837890625
312.0 112.0 2576.470703125
316.0 112.0 2494.11767578125
320.0 112.0 2529.411865234375
324.0 112.0 2505.88232421875
328.0 112.0 2435.294189453125
332.0 112.0 2505.88232421875
336.0 112.0 2470.58837890625
340.0 112.0 2447.058837890625
344.0 112.0 2423.529541015625
348.0 112.0 2470.58837890625
352.0 112.0 2400.0
356.0 112.0 2388.2353515625
360.0 112.0 2364.705810546875
364.0 112.0 2329.411865234375
368.0 112.0 2388.2353515625
372.0 112.0 2329.411865234375
376.0 112.0 2341.176513671875
380.0 112.0 2341.176513671875
384.0 112.0 2317.647216796875
388.0 112.0 2305.88232421875
392.0 112.0 2305.88232421875
396.0 112.0 2400.0
400.0 112.0 2329.411865234375
404.0 112.0 2258.823486328125
408.0 112.0 2258.823486328125
412.0 112.0 2305.88232421875
416.0 112.0 2176.470703125
420.0 112.0 2164.705810546875
424.0 112.0 2188.2353515625
428.0 112.0 2223.529541015625
432.0 112.0 2235.294189453125
436.0 112.0 2235.294189453125
440.0 112.0 2247.058837890625
444.0 112.0 2223.529541015625
448.0 112.0 2176.470703125
452.0 112.0 2223.529541015625
456.0 112.0 2117.647216796875
460.0 112.0 2176.470703125
464.0 112.0 2094.11767578125
468.0 112.0 2176.470703125
472.0 112.0 2035.294189453125
476.0 112.0 1905.8824462890625
480.0 112.0 1741.176513671875
484.0 112.0 1388.2353515625
488.0 112.0 1329.4117431640625
492.0 112.0 1188.2353515625
496.0 112.0 1305.88232421875
500.0 112.0 1270.5882568359375
504.0 112.0 1305.88232421875
508.0 112.0 1305.88232421875
512.0 112.0 1247.058837890625
516.0 112.0 1200.0
520.0 112.0 1258.823486328125
524.0 112.0 1164.7059326171875
528.0 112.0 1258.823486328125
532.0 112.0 1188.2353515625
536.0 112.0 1176.4705810546875
540.0 112.0 1188.2353515625
544.0 112.0 1164.7059326171875
548.0 112.0 1164.7059326171875
552.0 112.0 1223.5294189453125
556.0 112.0 1117.6470947265625
560.0 112.0 1176.4705810546875
564.0 112.0 1247.058837890625
568.0 112.0 1188.2353515625
572.0 112.0 1164.7059326171875
576.0 112.0 1141.176513671875
580.0 112.0 1223.5294189453125
584.0 112.0 1082.3529052734375
588.0 112.0 1082.3529052734375
592.0 112.0 1152.941162109375
596.0 112.0 1164.7059326171875
600.0 112.0 1152.941162109375
604.0 112.0 1164.7059326171875
608.0 112.0 1188.2353515625
612.0 112.0 1200.0
616.0 112.0 1200.0
620.0 112.0 1117.6470947265625
624.0 112.0 1035.294189453125
628.0 112.0 1082.3529052734375
632.0 112.0 1200.0
636.0 112.0 1117.6470947265625
0.0 116.0 3000.0
4.0 116.0 3000.0
8.0 116.0 3000.0
12.0 116.0 3000.0
16.0 116.0 3000.0
20.0 116.0 3000.0
24.0 116.0 3000.0
28.0 116.0 3000.0
32.0 116.0 3000.0
36.0 116.0 3000.0
40.0 116.0 3000.0
44.0 116.0 3000.0
48.0 116.0 3000.0
52.0 116.0 3000.0
56.0 116.0 3000.0
60.0 116.0 3000.0
64.0 116.0 3000.0
68.0 116.0 3000.0
72.0 116.0 3000.0
76.0 116.0 3000.0
80.0 116.0 2952.941162109375
84.0 116.0 3000.0
88.0 116.0 3000.0
92.0 116.0 3000.0
96.0 116.0 2976.470703125
100.0 116.0 2988.2353515625
104.0 116.0 2929.411865234375
108.0 116.0 3000.0
112.0 116.0 2917.64697265625
116.0 116.0 3000.0
120.0 116.0 2976.470703125
124.0 116.0 3000.0
128.0 116.0 2952.941162109375
132.0 116.0 3000.0
136.0 116.0 3000.0
140.0 116.0 2976.470703125
144.0 116.0 2988.2353515625
148.0 116.0 3000.0
152.0 116.0 3000.0
156.0 116.0 3000.0
160.0 116.0 2952.941162109375
164.0 116.0 2705.88232421875
168.0 116.0 2729.411865234375
172.0 116.0 2776.470703125
176.0 116.0 2847.058837890625
180.0 116.0 2835.294189453125
184.0 116.0 2752.941162109375
188.0 116.0 2788.2353515625
192.0 116.0 2823.529541015625
196.0 116.0 2811.7646484375
200.0 116.0 2741.176513671875
204.0 116.0 2764.705810546875
208.0 116.0 2764.705810546875
212.0 116.0 2752.941162109375
216.0 116.0 2752.941162109375
220.0 116.0 2752.941162109375
224.0 116.0 2741.176513671875
228.0 116.0 2764.705810546875
232.0 116.0 2741.176513671875
236.0 116.0 2764.705810546875
240.0 116.0 2705.88232421875
244.0 116.0 2729.411865234375
248.0 116.0 2694.11767578125
252.0 116.0 2694.11767578125
256.0 116.0 2788.2353515625
260.0 116.0 2670.588134765625
264.0 116.0 2682.35302734375
268.0 116.0 2811.7646484375
272.0 116.0 2788.2353515625
276.0 116.0 2764.705810546875
280.0 116.0 2694.11767578125
284.0 116.0 2788.2353515625
288.0 116.0 2811.7646484375
292.0 116.0 2694.11767578125
296.0 116.0 2647.058837890625
300.0 116.0 2588.2353515625
304.0 116.0 2552.941162109375
308.0 116.0 2482.35302734375
312.0 116.0 2588.2353515625
316.0 116.0 2517.64697265625
320.0 116.0 2505.88232421875
324.0 116.0 2529.411865234375
328.0 116.0 2517.64697265625
332.0 116.0 2470.58837890625
336.0 116.0 2447.058837890625
340.0 116.0 2482.35302734375
344.0 116.0 2423.529541015625
348.0 116.0 2423.529541015625
352.0 116.0 2341.176513671875
356.0 116.0 2364.705810546875
360.0 116.0 2364.705810546875
364.0 116.0 2329.411865234375
368.0 116.0 2411.7646484375
372.0 116.0 2317.647216796875
376.0 116.0 2329.411865234375
380.0 116.0 2258.823486328125
384.0 116.0 2258.823486328125
388.0 116.0 2258.823486328125
392.0 116.0 2247.058837890625
396.0 116.0 2282.35302734375
400.0 116.0 2235.294189453125
404.0 116.0 2200.0
408.0 116.0 2223.529541015625
412.0 116.0 2247.058837890625
416.0 116.0 2223.529541015625
420.0 116.0 2188.2353515625
424.0 116.0 2200.0
428.0 116.0 2105.88232421875
432.0 116.0 2105.88232421875
436.0 116.0 2094.11767578125
440.0 116.0 2176.470703125
444.0 116.0 2176.470703125
448.0 116.0 2141.176513671875
452.0 116.0 2094.11767578125
456.0 116.0 2117.647216796875
460.0 116.0 2141.176513671875
464.0 116.0 2082.35302734375
468.0 116.0 2094.11767578125
472.0 116.0 2141.176513671875
476.0 116.0 2000.0
480.0 116.0 1847.058837890625
484.0 116.0 1588.2353515625
488.0 116.0 1341.176513671875
492.0 116.0 1270.5882568359375
496.0 116.0 1223.5294189453125
500.0 116.0 1164.7059326171875
504.0 116.0 1258.823486328125
508.0 116.0 1247.058837890625
512.0 116.0 1188.2353515625
516.0 116.0 1258.823486328125
520.0 116.0 1152.941162109375
524.0 116.0 1117.6470947265625
528.0 116.0 1176.4705810546875
532.0 116.0 1223.5294189453125
536.0 116.0 1141.176513671875
540.0 116.0 1105.88232421875
544.0 116.0 1117.6470947265625
548.0 116.0 1164.7059326171875
552.0 116.0 1152.941162109375
556.0 116.0 1164.7059326171875
560.0 116.0 1105.88232421875
564.0 116.0 1188.2353515625
568.0 116.0 1164.7059326171875
572.0 116.0 1094.11767578125
576.0 116.0 1082.3529052734375
580.0 116.0 1082.3529052734375
584.0 116.0 1023.5294189453125
588.0 116.0 1094.11767578125
592.0 116.0 1082.3529052734375
596.0 116.0 1058.8236083984375
600.0 116.0 1035.294189453125
604.0 116.0 1035.294189453125
608.0 116.0 1117.6470947265625
612.0 116.0 1164.7059326171875
616.0 116.0 1070.5882568359375
620.0 116.0 1105.88232421875
624.0 116.0 1094.11767578125
628.0 116.0 1011.7647094726562
632.0 116.0 1023.5294189453125
636.0 116.0 1082.3529052734375
0.0 120.0 3000.0
4.0 120.0 3000.0
8.0 120.0 3000.0
12.0 120.0 3000.0
16.0 120.0 3000.0
20.0 120.0 3000.0
24.0 120.0 3000.0
28.0 120.0 3000.0
32.0 120.0 3000.0
36.0 120.0 3000.0
40.0 120.0 3000.0
44.0 120.0 3000.0
48.0 120.0 3000.0
52.0 120.0 3000.0
56.0 120.0 3000.0
60.0 120.0 3000.0
64.0 120.0 3000.0
68.0 120.0 2976.470703125
72.0 120.0 2976.470703125
76.0 120.0 2894.11767578125
80.0 120.0 2988.2353515625
84.0 120.0 2988.2353515625
88.0 120.0 3000.0
92.0 120.0 2976.470703125
96.0 120.0 3000.0
100.0 120.0 3000.0
104.0 120.0 3000.0
108.0 120.0 3000.0
112.0 120.0 3000.0
116.0 120.0 3000.0
120.0 120.0 3000.0
124.0 120.0 3000.0
128.0 120.0 3000.0
132.0 120.0 3000.0
136.0 120.0 3000.0
140.0 120.0 3000.0
144.0 120.0 2988.2353515625
148.0 120.0 3000.0
152.0 120.0 3000.0
156.0 120.0 3000.0
160.0 120.0 3000.0
164.0 120.0 2694.11767578125
168.0 120.0 2658.823486328125
172.0 120.0 2752.941162109375
176.0 120.0 2788.2353515625
180.0 120.0 2847.058837890625
184.0 120.0 2835.294189453125
188.0 120.0 2858.823486328125
192.0 120.0 2835.294189453125
196.0 120.0 2788.2353515625
200.0 120.0 2752.941162109375
204.0 120.0 2788.2353515625
208.0 120.0 2752.941162109375
212.0 120.0 2752.941162109375
216.0 120.0 2752.941162109375
220.0 120.0 2788.2353515625
224.0 120.0 2752.941162109375
228.0 120.0 2752.941162109375
232.0 120.0 2835.294189453125
236.0 120.0 2729.411865234375
240.0 120.0 2752.941162109375
244.0 120.0 2752.941162109375
248.0 120.0 2705.88232421875
252.0 120.0 2752.941162109375
256.0 120.0 2776.470703125
260.0 120.0 2729.411865234375
264.0 120.0 2752.941162109375
268.0 120.0 2752.941162109375
272.0 120.0 2835.294189453125
276.0 120.0 2752.941162109375
280.0 120.0 2752.941162109375
284.0 120.0 2835.294189453125
288.0 120.0 2847.058837890625
292.0 120.0 2823.529541015625
296.0 120.0 2658.823486328125
300.0 120.0 2588.2353515625
304.0 120.0 2529.411865234375
308.0 120.0 2517.64697265625
312.0 120.0 2600.0
316.0 120.0 2552.941162109375
320.0 120.0 2600.0
324.0 120.0 2505.88232421875
328.0 120.0 2529.411865234375
332.0 120.0 2494.11767578125
336.0 120.0 2470.58837890625
340.0 120.0 2435.294189453125
344.0 120.0 2447.058837890625
348.0 120.0 2411.7646484375
352.0 120.0 2423.529541015625
356.0 120.0 2400.0
360.0 120.0 2317.647216796875
364.0 120.0 2329.411865234375
368.0 120.0 2388.2353515625
372.0 120.0 2352.941162109375
376.0 120.0 2258.823486328125
380.0 120.0 2270.58837890625
384.0 120.0 2329.411865234375
388.0 120.0 2317.647216796875
392.0 120.0 2352.941162109375
396.0 120.0 2270.58837890625
400.0 120.0 2270.58837890625
404.0 120.0 2200.0
408.0 120.0 2270.58837890625
412.0 120.0 2188.2353515625
416.0 120.0 2176.470703125
420.0 120.0 2141.176513671875
424.0 120.0 2176.470703125
428.0 120.0 2141.176513671875
432.0 120.0 2152.941162109375
436.0 120.0 2117.647216796875
440.0 120.0 2094.11767578125
444.0 120.0 2117.647216796875
448.0 120.0 2141.176513671875
452.0 120.0 2082.35302734375
456.0 120.0 2082.35302734375
460.0 120.0 2117.647216796875
464.0 120.0 2117.647216796875
468.0 120.0 2164.705810546875
472.0 120.0 2082.35302734375
476.0 120.0 2000.0
480.0 120.0 1976.470703125
484.0 120.0 1694.11767578125
488.0 120.0 1494.11767578125
492.0 120.0 1329.4117431640625
496.0 120.0 1188.2353515625
500.0 120.0 1223.5294189453125
504.0 120.0 1200.0
508.0 120.0 1235.294189453125
512.0 120.0 1223.5294189453125
516.0 120.0 1200.0
520.0 120.0 1152.941162109375
524.0 120.0 1176.4705810546875
528.0 120.0 1258.823486328125
532.0 120.0 1152.941162109375
536.0 120.0 1164.7059326171875
540.0 120.0 1094.11767578125
544.0 120.0 1152.941162109375
548.0 120.0 1247.058837890625
552.0 120.0 1164.7059326171875
556.0 120.0 1070.5882568359375
560.0 120.0 1070.5882568359375
564.0 120.0 1011.7647094726562
568.0 120.0 1141.176513671875
572.0 120.0 1141.176513671875
576.0 120.0 1105.88232421875
580.0 120.0 1082.3529052734375
584.0 120.0 1035.294189453125
588.0 120.0 1023.5294189453125
592.0 120.0 1094.11767578125
596.0 120.0 1164.7059326171875
600.0 120.0 1023.5294189453125
604.0 120.0 1058.8236083984375
608.0 120.0 1035.294189453125
612.0 120.0 1070.5882568359375
616.0 120.0 1082.3529052734375
620.0 120.0 1070.5882568359375
624.0 120.0 1070.5882568359375
628.0 120.0 1000.0
632.0 120.0 1082.3529052734375
636.0 120.0 1011.7647094726562
0.0 124.0 3000.0
4.0 124.0 3000.0
8.0 124.0 3000.0
12.0 124.0 3000.0
16.0 124.0 3000.0
20.0 124.0 3000.0
24.0 124.0 3000.0
28.0 124.0 3000.0
32.0 124.0 3000.0
36.0 124.0 3000.0
40.0 124.0 2988.2353515625
44.0 124.0 3000.0
48.0 124.0 2988.2353515625
52.0 124.0 2941.176513671875
56.0 124.0 2929.411865234375
60.0 124.0 3000.0
64.0 124.0 3000.0
68.0 124.0 2952.941162109375
72.0 124.0 3000.0
76.0 124.0 3000.0
80.0 124.0 3000.0
84.0 124.0 3000.0
88.0 124.0 3000.0
92.0 124.0 3000.0
96.0 124.0 3000.0
100.0 124.0 2976.470703125
104.0 124.0 3000.0
108.0 124.0 3000.0
112.0 124.0 3000.0
116.0 124.0 3000.0
120.0 124.0 3000.0
124.0 124.0 3000.0
128.0 124.0 3000.0
132.0 124.0 3000.0
136.0 124.0 3000.0
140.0 124.0 3000.0
144.0 124.0 3000.0
148.0 124.0 2976.470703125
152.0 124.0 3000.0
156.0 124.0 3000.0
160.0 124.0 2917.64697265625
164.0 124.0 2694.11767578125
168.0 124.0 2588.2353515625
172.0 124.0 2564.705810546875
176.0 124.0 2682.35302734375
180.0 124.0 2729.411865234375
184.0 124.0 2670.588134765625
188.0 124.0 2729.411865234375
192.0 124.0 2835.294189453125
196.0 124.0 2776.470703125
200.0 124.0 2788.2353515625
204.0 124.0 2823.529541015625
208.0 124.0 2764.705810546875
212.0 124.0 2776.470703125
216.0 124.0 2764.705810546875
220.0 124.0 2729.411865234375
224.0 124.0 2752.941162109375
228.0 124.0 2752.941162109375
232.0 124.0 2776.470703125
236.0 124.0 2752.941162109375
240.0 124.0 2752.941162109375
244.0 124.0 2752.941162109375
248.0 124.0 2776.470703125
252.0 124.0 2811.7646484375
256.0 124.0 2764.705810546875
260.0 124.0 2741.176513671875
264.0 124.0 2811.7646484375
268.0 124.0 2835.294189453125
272.0 124.0 2788.2353515625
276.0 124.0 2764.705810546875
280.0 124.0 2729.411865234375
284.0 124.0 2729.411865234375
288.0 124.0 2835.294189453125
292.0 124.0 2776.470703125
296.0 124.0 2752.941162109375
300.0 124.0 2623.529541015625
304.0 124.0 2505.88232421875
308.0 124.0 2588.2353515625
312.0 124.0 2588.2353515625
316.0 124.0 2670.588134765625
320.0 124.0 2552.941162109375
324.0 124.0 2552.941162109375
328.0 124.0 2600.0
332.0 124.0 2600.0
336.0 124.0 2564.705810546875
340.0 124.0 2505.88232421875
344.0 124.0 2470.58837890625
348.0 124.0 2447.058837890625
352.0 124.0 2423.529541015625
356.0 124.0 2470.58837890625
360.0 124.0 2317.647216796875
364.0 124.0 2364.705810546875
368.0 124.0 2305.88232421875
372.0 124.0 2400.0
376.0 124.0 2364.705810546875
380.0 124.0 2270.58837890625
384.0 124.0 2329.411865234375
388.0 124.0 2305.88232421875
392.0 124.0 2282.35302734375
396.0 124.0 2270.58837890625
400.0 124.0 2329.411865234375
404.0 124.0 2200.0
408.0 124.0 2235.294189453125
412.0 124.0 2235.294189453125
416.0 124.0 2223.529541015625
420.0 124.0 2176.470703125
424.0 124.0 2176.470703125
428.0 124.0 2176.470703125
432.0 124.0 2117.647216796875
436.0 124.0 2164.705810546875
440.0 124.0 2117.647216796875
444.0 124.0 2141.176513671875
448.0 124.0 2117.647216796875
452.0 124.0 2176.470703125
456.0 124.0 2152.941162109375
460.0 124.0 2082.35302734375
464.0 124.0 2070.58837890625
468.0 124.0 2094.11767578125
472.0 124.0 2094.11767578125
476.0 124.0 2011.7647705078125
480.0 124.0 1941.176513671875
484.0 124.0 1835.294189453125
488.0 124.0 1623.529541015625
492.0 124.0 1329.4117431640625
496.0 124.0 1223.5294189453125
500.0 124.0 1176.4705810546875
504.0 124.0 1164.7059326171875
508.0 124.0 1176.4705810546875
512.0 124.0 1247.058837890625
516.0 124.0 1223.5294189453125
520.0 124.0 1200.0
524.0 124.0 1094.11767578125
528.0 124.0 1141.176513671875
532.0 124.0 1223.5294189453125
536.0 124.0 1188.2353515625
540.0 124.0 1105.88232421875
544.0 124.0 1082.3529052734375
548.0 124.0 1082.3529052734375
552.0 124.0 1070.5882568359375
556.0 124.0 1058.8236083984375
560.0 124.0 1058.8236083984375
564.0 124.0 1023.5294189453125
568.0 124.0 1035.294189453125
572.0 124.0 988.2353515625
576.0 124.0 1094.11767578125
580.0 124.0 1082.3529052734375
584.0 124.0 1000.0
588.0 124.0 1058.8236083984375
592.0 124.0 1023.5294189453125
596.0 124.0 1011.7647094726562
600.0 124.0 1000.0
604.0 124.0 1000.0
608.0 124.0 952.9412231445312
612.0 124.0 929.4118041992188
616.0 124.0 1070.5882568359375
620.0 124.0 1000.0
624.0 124.0 894.11767578125
628.0 124.0 988.2353515625
632.0 124.0 988.2353515625
636.0 124.0 976.4706420898438
0.0 128.0 3000.0
4.0 128.0 3000.0
8.0 128.0 3000.0
12.0 128.0 3000.0
16.0 128.0 3000.0
20.0 128.0 3000.0
24.0 128.0 2988.2353515625
28.0 128.0 2952.941162109375
32.0 128.0 2941.176513671875
36.0 128.0 3000.0
40.0 128.0 3000.0
44.0 128.0 2952.941162109375
48.0 128.0 3000.0
52.0 128.0 3000.0
56.0 128.0 3000.0
60.0 128.0 3000.0
64.0 128.0 3000.0
68.0 128.0 3000.0
72.0 128.0 3000.0
76.0 128.0 3000.0
80.0 128.0 3000.0
84.0 128.0 3000.0
88.0 128.0 3000.0
92.0 128.0 3000.0
96.0 128.0 3000.0
100.0 128.0 3000.0
104.0 128.0 3000.0
108.0 128.0 3000.0
112.0 128.0 3000.0
116.0 128.0 3000.0
120.0 128.0 3000.0
124.0 128.0 3000.0
128.0 128.0 3000.0
132.0 128.0 3000.0
136.0 128.0 3000.0
140.0 128.0 3000.0
144.0 128.0 3000.0
148.0 128.0 3000.0
152.0 128.0 3000.0
156.0 128.0 3000.0
160.0 128.0 3000.0
164.0 128.0 2741.176513671875
168.0 128.0 2588.2353515625
172.0 128.0 2623.529541015625
176.0 128.0 2670.588134765625
180.0 128.0 2670.588134765625
184.0 128.0 2600.0
188.0 128.0 2611.7646484375
192.0 128.0 2600.0
196.0 128.0 2658.823486328125
200.0 128.0 2682.35302734375
204.0 128.0 2752.941162109375
208.0 128.0 2741.176513671875
212.0 128.0 2788.2353515625
216.0 128.0 2776.470703125
220.0 128.0 2752.941162109375
224.0 128.0 2741.176513671875
228.0 128.0 2764.705810546875
232.0 128.0 2811.7646484375
236.0 128.0 2776.470703125
240.0 128.0 2752.941162109375
244.0 128.0 2752.941162109375
248.0 128.0 2741.176513671875
252.0 128.0 2682.35302734375
256.0 128.0 2729.411865234375
260.0 128.0 2752.941162109375
264.0 128.0 2811.7646484375
268.0 128.0 2764.705810546875
272.0 128.0 2835.294189453125
276.0 128.0 2752.941162109375
280.0 128.0 2752.941162109375
284.0 128.0 2811.7646484375
288.0 128.0 2823.529541015625
292.0 128.0 2788.2353515625
296.0 128.0 2823.529541015625
300.0 128.0 2705.88232421875
304.0 128.0 2576.470703125
308.0 128.0 2600.0
312.0 128.0 2670.588134765625
316.0 128.0 2611.7646484375
320.0 128.0 2600.0
324.0 128.0 2505.88232421875
328.0 128.0 2600.0
332.0 128.0 2647.058837890625
336.0 128.0 2517.64697265625
340.0 128.0 2517.64697265625
344.0 128.0 2435.294189453125
348.0 128.0 2494.11767578125
352.0 128.0 2529.411865234375
356.0 128.0 2423.529541015625
360.0 128.0 2411.7646484375
364.0 128.0 2388.2353515625
368.0 128.0 2400.0
372.0 128.0 2317.647216796875
376.0 128.0 2329.411865234375
380.0 128.0 2305.88232421875
384.0 128.0 2305.88232421875
388.0 128.0 2329.411865234375
392.0 128.0 2270.58837890625
396.0 128.0 2305.88232421875
400.0 128.0 2270.58837890625
404.0 128.0 2258.823486328125
408.0 128.0 2223.529541015625
412.0 128.0 2223.529541015625
416.0 128.0 2247.058837890625
420.0 128.0 2164.705810546875
424.0 128.0 2176.470703125
428.0 128.0 2176.470703125
432.0 128.0 2117.647216796875
436.0 128.0 2105.88232421875
440.0 128.0 2176.470703125
444.0 128.0 2082.35302734375
448.0 128.0 2141.176513671875
452.0 128.0 2141.176513671875
456.0 128.0 2176.470703125
460.0 128.0 2105.88232421875
464.0 128.0 2141.176513671875
468.0 128.0 2117.647216796875
472.0 128.0 2117.647216796875
476.0 128.0 2000.0
480.0 128.0 1976.470703125
484.0 128.0 1835.294189453125
488.0 128.0 1670.5882568359375
492.0 128.0 1411.7647705078125
496.0 128.0 1188.2353515625
500.0 128.0 1164.7059326171875
504.0 128.0 1188.2353515625
508.0 128.0 1235.294189453125
512.0 128.0 1152.941162109375
516.0 128.0 1200.0
520.0 128.0 1164.7059326171875
524.0 128.0 1082.3529052734375
528.0 128.0 1141.176513671875
532.0 128.0 1164.7059326171875
536.0 128.0 1035.294189453125
540.0 128.0 1094.11767578125
544.0 128.0 1105.88232421875
548.0 128.0 1023.5294189453125
552.0 128.0 1000.0
556.0 128.0 1082.3529052734375
560.0 128.0 1082.3529052734375
564.0 128.0 1023.5294189453125
568.0 128.0 1000.0
572.0 128.0 1000.0
576.0 128.0 1011.7647094726562
580.0 128.0 1035.294189453125
584.0 128.0 894.11767578125
588.0 128.0 976.4706420898438
592.0 128.0 1011.7647094726562
596.0 128.0 976.4706420898438
600.0 128.0 952.9412231445312
604.0 128.0 858.8235473632812
608.0 128.0 894.11767578125
612.0 128.0 988.2353515625
616.0 128.0 952.9412231445312
620.0 128.0 929.4118041992188
624.0 128.0 952.9412231445312
628.0 128.0 952.9412231445312
632.0 128.0 952.9412231445312
636.0 128.0 858.8235473632812
0.0 132.0 3000.0
4.0 132.0 2952.941162109375
8.0 132.0 2929.411865234375
12.0 132.0 2941.176513671875
16.0 132.0 2905.88232421875
20.0 132.0 2929.411865234375
24.0 132.0 2894.11767578125
28.0 132.0 3000.0
32.0 132.0 3000.0
36.0 132.0 3000.0
40.0 132.0 3000.0
44.0 132.0 3000.0
48.0 132.0 3000.0
52.0 132.0 3000.0
56.0 132.0 3000.0
60.0 132.0 3000.0
64.0 132.0 3000.0
68.0 132.0 3000.0
72.0 132.0 3000.0
76.0 132.0 3000.0
80.0 132.0 3000.0
84.0 132.0 3000.0
88.0 132.0 3000.0
92.0 132.0 3000.0
96.0 132.0 3000.0
100.0 132.0 3000.0
104.0 132.0 3000.0
108.0 132.0 3000.0
112.0 132.0 3000.0
116.0 132.0 3000.0
120.0 132.0 3000.0
124.0 132.0 3000.0
128.0 132.0 3000.0
132.0 132.0 3000.0
136.0 132.0 3000.0
140.0 132.0 3000.0
144.0 132.0 2905.88232421875
148.0 132.0 2941.176513671875
152.0 132.0 3000.0
156.0 132.0 3000.0
160.0 132.0 2941.176513671875
164.0 132.0 2741.176513671875
168.0 132.0 2670.588134765625
172.0 132.0 2647.058837890625
176.0 132.0 2552.941162109375
180.0 132.0 2623.529541015625
184.0 132.0 2576.470703125
188.0 132.0 2552.941162109375
192.0 132.0 2588.2353515625
196.0 132.0 2623.529541015625
200.0 132.0 2623.529541015625
204.0 132.0 2647.058837890625
208.0 132.0 2623.529541015625
212.0 132.0 2764.705810546875
216.0 132.0 2694.11767578125
220.0 132.0 2776.470703125
224.0 132.0 2752.941162109375
228.0 132.0 2764.705810546875
232.0 132.0 2741.176513671875
236.0 132.0 2752.941162109375
240.0 132.0 2752.941162109375
244.0 132.0 2741.176513671875
248.0 132.0 2752.941162109375
252.0 132.0 2752.941162109375
256.0 132.0 2729.411865234375
260.0 132.0 2752.941162109375
264.0 132.0 2741.176513671875
268.0 132.0 2752.941162109375
272.0 132.0 2776.470703125
276.0 132.0 2752.941162109375
280.0 132.0 2764.705810546875
284.0 132.0 2835.294189453125
288.0 132.0 2788.2353515625
292.0 132.0 2847.058837890625
296.0 132.0 2811.7646484375
300.0 132.0 2752.941162109375
304.0 132.0 2647.058837890625
308.0 132.0 2588.2353515625
312.0 132.0 2623.529541015625
316.0 132.0 2611.7646484375
320.0 132.0 2529.411865234375
324.0 132.0 2588.2353515625
328.0 132.0 2552.941162109375
332.0 132.0 2517.64697265625
336.0 132.0 2447.058837890625
340.0 132.0 2494.11767578125
344.0 132.0 2505.88232421875
348.0 132.0 2505.88232421875
352.0 132.0 2494.11767578125
356.0 132.0 2447.058837890625
360.0 132.0 2423.529541015625
364.0 132.0 2364.705810546875
368.0 132.0 2341.176513671875
372.0 132.0 2329.411865234375
376.0 132.0 2317.647216796875
380.0 132.0 2270.58837890625
384.0 132.0 2223.529541015625
388.0 132.0 2258.823486328125
392.0 132.0 2270.58837890625
396.0 132.0 2329.411865234375
400.0 132.0 2235.294189453125
404.0 132.0 2258.823486328125
408.0 132.0 2235.294189453125
412.0 132.0 2258.823486328125
416.0 132.0 2200.0
420.0 132.0 2105.88232421875
424.0 132.0 2152.941162109375
428.0 132.0 2176.470703125
432.0 132.0 2105.88232421875
436.0 132.0 2094.11767578125
440.0 132.0 2141.176513671875
444.0 132.0 2152.941162109375
448.0 132.0 2152.941162109375
452.0 132.0 2082.35302734375
456.0 132.0 2152.941162109375
460.0 132.0 2058.823486328125
464.0 132.0 2058.823486328125
468.0 132.0 2070.58837890625
472.0 132.0 2058.823486328125
476.0 132.0 1929.411865234375
480.0 132.0 1941.176513671875
484.0 132.0 1870.5882568359375
488.0 132.0 1658.8236083984375
492.0 132.0 1388.2353515625
496.0 132.0 1235.294189453125
500.0 132.0 1094.11767578125
504.0 132.0 1082.3529052734375
508.0 132.0 1094.11767578125
512.0 132.0 1105.88232421875
516.0 132.0 1117.6470947265625
520.0 132.0 1094.11767578125
524.0 132.0 1035.294189453125
528.0 132.0 1082.3529052734375
532.0 132.0 1035.294189453125
536.0 132.0 1035.294189453125
540.0 132.0 1035.294189453125
544.0 132.0 1011.7647094726562
548.0 132.0 1023.5294189453125
552.0 132.0 976.4706420898438
556.0 132.0 917.6470947265625
560.0 132.0 917.6470947265625
564.0 132.0 929.4118041992188
568.0 132.0 917.6470947265625
572.0 132.0 976.4706420898438
576.0 132.0 905.8823852539062
580.0 132.0 941.176513671875
584.0 132.0 823.5294799804688
588.0 132.0 894.11767578125
592.0 132.0 870.5882568359375
596.0 132.0 905.8823852539062
600.0 132.0 847.058837890625
604.0 132.0 858.8235473632812
608.0 132.0 929.4118041992188
612.0 132.0 917.6470947265625
616.0 132.0 917.6470947265625
620.0 132.0 858.8235473632812
624.0 132.0 788.2353515625
628.0 132.0 917.6470947265625
632.0 132.0 894.11767578125
636.0 132.0 823.5294799804688
0.0 136.0 3000.0
4.0 136.0 3000.0
8.0 136.0 2988.2353515625
12.0 136.0 3000.0
16.0 136.0 3000.0
20.0 136.0 3000.0
24.0 136.0 3000.0
28.0 136.0 3000.0
32.0 136.0 3000.0
36.0 136.0 3000.0
40.0 136.0 3000.0
44.0 136.0 3000.0
48.0 136.0 3000.0
52.0 136.0 3000.0
56.0 136.0 3000.0
60.0 136.0 3000.0
64.0 136.0 3000.0
68.0 136.0 3000.0
72.0 136.0 3000.0
76.0 136.0 3000.0
80.0 136.0 3000.0
84.0 136.0 3000.0
88.0 136.0 3000.0
92.0 136.0 3000.0
96.0 136.0 3000.0
100.0 136.0 3000.0
104.0 136.0 3000.0
108.0 136.0 3000.0
112.0 136.0 3000.0
116.0 136.0 3000.0
120.0 136.0 3000.0
124.0 136.0 3000.0
128.0 136.0 3000.0
132.0 136.0 3000.0
136.0 136.0 3000.0
140.0 136.0 3000.0
144.0 136.0 2941.176513671875
148.0 136.0 3000.0
152.0 136.0 2976.470703125
156.0 136.0 3000.0
160.0 136.0 3000.0
164.0 136.0 2917.64697265625
168.0 136.0 2600.0
172.0 136.0 2647.058837890625
176.0 136.0 2611.7646484375
180.0 136.0 2576.470703125
184.0 136.0 2552.941162109375
188.0 136.0 2588.2353515625
192.0 136.0 2494.11767578125
196.0 136.0 2505.88232421875
200.0 136.0 2470.58837890625
204.0 136.0 2505.88232421875
208.0 136.0 2529.411865234375
212.0 136.0 2600.0
216.0 136.0 2588.2353515625
220.0 136.0 2658.823486328125
224.0 136.0 2729.411865234375
228.0 136.0 2705.88232421875
232.0 136.0 2752.941162109375
236.0 136.0 2741.176513671875
240.0 136.0 2694.11767578125
244.0 136.0 2752.941162109375
248.0 136.0 2729.411865234375
252.0 136.0 2776.470703125
256.0 136.0 2811.7646484375
260.0 136.0 2682.35302734375
264.0 136.0 2694.11767578125
268.0 136.0 2741.176513671875
272.0 136.0 2729.411865234375
276.0 136.0 2705.88232421875
280.0 136.0 2670.588134765625
284.0 136.0 2776.470703125
288.0 136.0 2835.294189453125
292.0 136.0 2870.588134765625
296.0 136.0 2776.470703125
300.0 136.0 2788.2353515625
304.0 136.0 2682.35302734375
308.0 136.0 2611.7646484375
312.0 136.0 2623.529541015625
316.0 136.0 2576.470703125
320.0 136.0 2647.058837890625
324.0 136.0 2623.529541015625
328.0 136.0 2658.823486328125
332.0 136.0 2552.941162109375
336.0 136.0 2470.58837890625
340.0 136.0 2517.64697265625
344.0 136.0 2482.35302734375
348.0 136.0 2411.7646484375
352.0 136.0 2447.058837890625
356.0 136.0 2423.529541015625
360.0 136.0 2423.529541015625
364.0 136.0 2364.705810546875
368.0 136.0 2388.2353515625
372.0 136.0 2364.705810546875
376.0 136.0 2400.0
380.0 136.0 2282.35302734375
384.0 136.0 2270.58837890625
388.0 136.0 2317.647216796875
392.0 136.0 2305.88232421875
396.0 136.0 2329.411865234375
400.0 136.0 2258.823486328125
404.0 136.0 2200.0
408.0 136.0 2247.058837890625
412.0 136.0 2200.0
416.0 136.0 2176.470703125
420.0 136.0 2176.470703125
424.0 136.0 2176.470703125
428.0 136.0 2141.176513671875
432.0 136.0 2152.941162109375
436.0 136.0 2105.88232421875
440.0 136.0 2082.35302734375
444.0 136.0 2082.35302734375
448.0 136.0 2082.35302734375
452.0 136.0 2141.176513671875
456.0 136.0 2117.647216796875
460.0 136.0 2082.35302734375
464.0 136.0 2094.11767578125
468.0 136.0 2035.294189453125
472.0 136.0 2082.35302734375
476.0 136.0 1941.176513671875
480.0 136.0 1917.6470947265625
484.0 136.0 1894.11767578125
488.0 136.0 1694.11767578125
492.0 136.0 1352.941162109375
496.0 136.0 1235.294189453125
500.0 136.0 1082.3529052734375
504.0 136.0 1117.6470947265625
508.0 136.0 1082.3529052734375
512.0 136.0 1152.941162109375
516.0 136.0 1105.88232421875
520.0 136.0 1000.0
524.0 136.0 1105.88232421875
528.0 136.0 1082.3529052734375
532.0 136.0 1000.0
536.0 136.0 1011.7647094726562
540.0 136.0 1070.5882568359375
544.0 136.0 952.9412231445312
548.0 136.0 1000.0
552.0 136.0 870.5882568359375
556.0 136.0 917.6470947265625
560.0 136.0 894.11767578125
564.0 136.0 858.8235473632812
568.0 136.0 847.058837890625
572.0 136.0 858.8235473632812
576.0 136.0 764.7059326171875
580.0 136.0 764.7059326171875
584.0 136.0 835.2941284179688
588.0 136.0 835.2941284179688
592.0 136.0 894.11767578125
596.0 136.0 905.8823852539062
600.0 136.0 764.7059326171875
604.0 136.0 776.4706420898438
608.0 136.0 752.9412231445312
612.0 136.0 823.5294799804688
616.0 136.0 858.8235473632812
620.0 136.0 752.9412231445312
624.0 136.0 764.7059326171875
628.0 136.0 835.2941284179688
632.0 136.0 870.5882568359375
636.0 136.0 811.7647705078125
0.0 140.0 3000.0
4.0 140.0 3000.0
8.0 140.0 3000.0
12.0 140.0 3000.0
16.0 140.0 3000.0
20.0 140.0 3000.0
24.0 140.0 3000.0
28.0 140.0 3000.0
32.0 140.0 3000.0
36.0 140.0 3000.0
40.0 140.0 3000.0
44.0 140.0 3000.0
48.0 140.0 3000.0
52.0 140.0 3000.0
56.0 140.0 3000.0
60.0 140.0 3000.0
64.0 140.0 3000.0
68.0 140.0 3000.0
72.0 140.0 3000.0
76.0 140.0 3000.0
80.0 140.0 3000.0
84.0 140.0 3000.0
88.0 140.0 3000.0
92.0 140.0 3000.0
96.0 140.0 3000.0
100.0 140.0 3000.0
104.0 140.0 3000.0
108.0 140.0 3000.0
112.0 140.0 3000.0
116.0 140.0 3000.0
120.0 140.0 3000.0
124.0 140.0 2917.64697265625
128.0 140.0 2988.2353515625
132.0 140.0 3000.0
136.0 140.0 3000.0
140.0 140.0 3000.0
144.0 140.0 2976.470703125
148.0 140.0 2917.64697265625
152.0 140.0 3000.0
156.0 140.0 3000.0
160.0 140.0 3000.0
164.0 140.0 2788.2353515625
168.0 140.0 2647.058837890625
172.0 140.0 2588.2353515625
176.0 140.0 2517.64697265625
180.0 140.0 2552.941162109375
184.0 140.0 2505.88232421875
188.0 140.0 2588.2353515625
192.0 140.0 2505.88232421875
196.0 140.0 2529.411865234375
200.0 140.0 2494.11767578125
204.0 140.0 2435.294189453125
208.0 140.0 2482.35302734375
212.0 140.0 2435.294189453125
216.0 140.0 2447.058837890625
220.0 140.0 2588.2353515625
224.0 140.0 2588.2353515625
228.0 140.0 2705.88232421875
232.0 140.0 2729.411865234375
236.0 140.0 2776.470703125
240.0 140.0 2741.176513671875
244.0 140.0 2729.411865234375
248.0 140.0 2694.11767578125
252.0 140.0 2752.941162109375
256.0 140.0 2705.88232421875
260.0 140.0 2694.11767578125
264.0 140.0 2741.176513671875
268.0 140.0 2776.470703125
272.0 140.0 2788.2353515625
276.0 140.0 2764.705810546875
280.0 140.0 2752.941162109375
284.0 140.0 2788.2353515625
288.0 140.0 2788.2353515625
292.0 140.0 2752.941162109375
296.0 140.0 2741.176513671875
300.0 140.0 2741.176513671875
304.0 140.0 2764.705810546875
308.0 140.0 2658.823486328125
312.0 140.0 2670.588134765625
316.0 140.0 2611.7646484375
320.0 140.0 2600.0
324.0 140.0 2647.058837890625
328.0 140.0 2623.529541015625
332.0 140.0 2494.11767578125
336.0 140.0 2482.35302734375
340.0 140.0 2517.64697265625
344.0 140.0 2529.411865234375
348.0 140.0 2423.529541015625
352.0 140.0 2447.058837890625
356.0 140.0 2411.7646484375
360.0 140.0 2435.294189453125
364.0 140.0 2364.705810546875
368.0 140.0 2364.705810546875
372.0 140.0 2388.2353515625
376.0 140.0 2352.941162109375
380.0 140.0 2329.411865234375
384.0 140.0 2364.705810546875
388.0 140.0 2317.647216796875
392.0 140.0 2329.411865234375
396.0 140.0 2341.176513671875
400.0 140.0 2258.823486328125
404.0 140.0 2258.823486328125
408.0 140.0 2235.294189453125
412.0 140.0 2235.294189453125
416.0 140.0 2200.0
420.0 140.0 2200.0
424.0 140.0 2200.0
428.0 140.0 2141.176513671875
432.0 140.0 2164.705810546875
436.0 140.0 2070.58837890625
440.0 140.0 2023.5294189453125
444.0 140.0 2117.647216796875
448.0 140.0 2117.647216796875
452.0 140.0 2141.176513671875
456.0 140.0 2082.35302734375
460.0 140.0 2070.58837890625
464.0 140.0 2082.35302734375
468.0 140.0 2023.5294189453125
472.0 140.0 2094.11767578125
476.0 140.0 1988.2353515625
480.0 140.0 1976.470703125
484.0 140.0 1870.5882568359375
488.0 140.0 1729.411865234375
492.0 140.0 1447.058837890625
496.0 140.0 1247.058837890625
500.0 140.0 1058.8236083984375
504.0 140.0 1011.7647094726562
508.0 140.0 1117.6470947265625
512.0 140.0 1094.11767578125
516.0 140.0 1082.3529052734375
520.0 140.0 1058.8236083984375
524.0 140.0 1000.0
528.0 140.0 917.6470947265625
532.0 140.0 929.4118041992188
536.0 140.0 976.4706420898438
540.0 140.0 929.4118041992188
544.0 140.0 917.6470947265625
548.0 140.0 870.5882568359375
552.0 140.0 835.2941284179688
556.0 140.0 788.2353515625
560.0 140.0 858.8235473632812
564.0 140.0 835.2941284179688
568.0 140.0 835.2941284179688
572.0 140.0 764.7059326171875
576.0 140.0 752.9412231445312
580.0 140.0 776.4706420898438
584.0 140.0 705.8823852539062
588.0 140.0 835.2941284179688
592.0 140.0 835.2941284179688
596.0 140.0 764.7059326171875
600.0 140.0 788.2353515625
604.0 140.0 729.4117431640625
608.0 140.0 694.11767578125
612.0 140.0 823.5294799804688
616.0 140.0 764.7059326171875
620.0 140.0 752.9412231445312
624.0 140.0 752.9412231445312
628.0 140.0 670.5882568359375
632.0 140.0 694.11767578125
636.0 140.0 705.8823852539062
0.0 144.0 3000.0
4.0 144.0 3000.0
8.0 144.0 3000.0
12.0 144.0 3000.0
16.0 144.0 3000.0
20.0 144.0 3000.0
24.0 144.0 3000.0
28.0 144.0 3000.0
32.0 144.0 3000.0
36.0 144.0 3000.0
40.0 144.0 3000.0
44.0 144.0 3000.0
48.0 144.0 3000.0
52.0 144.0 3000.0
56.0 144.0 3000.0
60.0 144.0 3000.0
64.0 144.0 3000.0
68.0 144.0 3000.0
72.0 144.0 3000.0
76.0 144.0 3000.0
80.0 144.0 3000.0
84.0 144.0 3000.0
88.0 144.0 3000.0
92.0 144.0 3000.0
96.0 144.0 3000.0
100.0 144.0 3000.0
104.0 144.0 3000.0
108.0 144.0 3000.0
112.0 144.0 2988.2353515625
116.0 144.0 2929.411865234375
120.0 144.0 2976.470703125
124.0 144.0 2976.470703125
128.0 144.0 3000.0
132.0 144.0 3000.0
136.0 144.0 2952.941162109375
140.0 144.0 3000.0
144.0 144.0 2905.88232421875
148.0 144.0 2917.64697265625
152.0 144.0 2941.176513671875
156.0 144.0 3000.0
160.0 144.0 3000.0
164.0 144.0 2776.470703125
168.0 144.0 2694.11767578125
172.0 144.0 2729.411865234375
176.0 144.0 2588.2353515625
180.0 144.0 2576.470703125
184.0 144.0 2470.58837890625
188.0 144.0 2505.88232421875
192.0 144.0 2470.58837890625
196.0 144.0 2400.0
200.0 144.0 2423.529541015625
204.0 144.0 2423.529541015625
208.0 144.0 2470.58837890625
212.0 144.0 2435.294189453125
216.0 144.0 2400.0
220.0 144.0 2423.529541015625
224.0 144.0 2470.58837890625
228.0 144.0 2564.705810546875
232.0 144.0 2623.529541015625
236.0 144.0 2729.411865234375
240.0 144.0 2670.588134765625
244.0 144.0 2752.941162109375
248.0 144.0 2741.176513671875
252.0 144.0 2670.588134765625
256.0 144.0 2694.11767578125
260.0 144.0 2670.588134765625
264.0 144.0 2670.588134765625
268.0 144.0 2788.2353515625
272.0 144.0 2776.470703125
276.0 144.0 2705.88232421875
280.0 144.0 2811.7646484375
284.0 144.0 2694.11767578125
288.0 144.0 2752.941162109375
292.0 144.0 2741.176513671875
296.0 144.0 2752.941162109375
300.0 144.0 2741.176513671875
304.0 144.0 2705.88232421875
308.0 144.0 2741.176513671875
312.0 144.0 2658.823486328125
316.0 144.0 2682.35302734375
320.0 144.0 2611.7646484375
324.0 144.0 2694.11767578125
328.0 144.0 2588.2353515625
332.0 144.0 2505.88232421875
336.0 144.0 2470.58837890625
340.0 144.0 2423.529541015625
344.0 144.0 2411.7646484375
348.0 144.0 2423.529541015625
352.0 144.0 2400.0
356.0 144.0 2411.7646484375
360.0 144.0 2352.941162109375
364.0 144.0 2364.705810546875
368.0 144.0 2364.705810546875
372.0 144.0 2411.7646484375
376.0 144.0 2435.294189453125
380.0 144.0 2400.0
384.0 144.0 2317.647216796875
388.0 144.0 2329.411865234375
392.0 144.0 2317.647216796875
396.0 144.0 2352.941162109375
400.0 144.0 2258.823486328125
404.0 144.0 2235.294189453125
408.0 144.0 2247.058837890625
412.0 144.0 2176.470703125
416.0 144.0 2176.470703125
420.0 144.0 2082.35302734375
424.0 144.0 2105.88232421875
428.0 144.0 2058.823486328125
432.0 144.0 2082.35302734375
436.0 144.0 2152.941162109375
440.0 144.0 2058.823486328125
444.0 144.0 2094.11767578125
448.0 144.0 2058.823486328125
452.0 144.0 2117.647216796875
456.0 144.0 2058.823486328125
460.0 144.0 2058.823486328125
464.0 144.0 2082.35302734375
468.0 144.0 1952.9412841796875
472.0 144.0 2023.5294189453125
476.0 144.0 1917.6470947265625
480.0 144.0 1976.470703125
484.0 144.0 1835.294189453125
488.0 144.0 1694.11767578125
492.0 144.0 1423.5294189453125
496.0 144.0 1258.823486328125
500.0 144.0 1011.7647094726562
504.0 144.0 1000.0
508.0 144.0 952.9412231445312
512.0 144.0 905.8823852539062
516.0 144.0 1000.0
520.0 144.0 941.176513671875
524.0 144.0 835.2941284179688
528.0 144.0 870.5882568359375
532.0 144.0 823.5294799804688
536.0 144.0 835.2941284179688
540.0 144.0 905.8823852539062
544.0 144.0 894.11767578125
548.0 144.0 764.7059326171875
552.0 144.0 705.8823852539062
556.0 144.0 694.11767578125
560.0 144.0 764.7059326171875
564.0 144.0 611.7647094726562
568.0 144.0 682.3529663085938
572.0 144.0 694.11767578125
576.0 144.0 694.11767578125
580.0 144.0 670.5882568359375
584.0 144.0 564.7058715820312
588.0 144.0 647.058837890625
592.0 144.0 647.058837890625
596.0 144.0 600.0
600.0 144.0 647.058837890625
604.0 144.0 705.8823852539062
608.0 144.0 576.4705810546875
612.0 144.0 647.058837890625
616.0 144.0 670.5882568359375
620.0 144.0 588.2352905273438
624.0 144.0 729.4117431640625
628.0 144.0 752.9412231445312
632.0 144.0 670.5882568359375
636.0 144.0 647.058837890625
0.0 148.0 3000.0
4.0 148.0 3000.0
8.0 148.0 3000.0
12.0 148.0 3000.0
16.0 148.0 3000.0
20.0 148.0 3000.0
24.0 148.0 3000.0
28.0 148.0 3000.0
32.0 148.0 3000.0
36.0 148.0 3000.0
40.0 148.0 3000.0
44.0 148.0 3000.0
48.0 148.0 3000.0
52.0 148.0 3000.0
56.0 148.0 3000.0
60.0 148.0 3000.0
64.0 148.0 3000.0
68.0 148.0 3000.0
72.0 148.0 3000.0
76.0 148.0 3000.0
80.0 148.0 3000.0
84.0 148.0 3000.0
88.0 148.0 3000.0
92.0 148.0 3000.0
96.0 148.0 3000.0
100.0 148.0 3000.0
104.0 148.0 2929.411865234375
108.0 148.0 3000.0
112.0 148.0 2952.941162109375
116.0 148.0 3000.0
120.0 148.0 2952.941162109375
124.0 148.0 3000.0
128.0 148.0 2988.2353515625
132.0 148.0 2952.941162109375
136.0 148.0 2894.11767578125
140.0 148.0 3000.0
144.0 148.0 2917.64697265625
148.0 148.0 2917.64697265625
152.0 148.0 2952.941162109375
156.0 148.0 2870.588134765625
160.0 148.0 2894.11767578125
164.0 148.0 2764.705810546875
168.0 148.0 2729.411865234375
172.0 148.0 2741.176513671875
176.0 148.0 2564.705810546875
180.0 148.0 2494.11767578125
184.0 148.0 2552.941162109375
188.0 148.0 2470.58837890625
192.0 148.0 2552.941162109375
196.0 148.0 2435.294189453125
200.0 148.0 2482.35302734375
204.0 148.0 2470.58837890625
208.0 148.0 2470.58837890625
212.0 148.0 2435.294189453125
216.0 148.0 2411.7646484375
220.0 148.0 2388.2353515625
224.0 148.0 2470.58837890625
228.0 148.0 2423.529541015625
232.0 148.0 2505.88232421875
236.0 148.0 2600.0
240.0 148.0 2694.11767578125
244.0 148.0 2670.588134765625
248.0 148.0 2705.88232421875
252.0 148.0 2752.941162109375
256.0 148.0 2752.941162109375
260.0 148.0 2694.11767578125
264.0 148.0 2694.11767578125
268.0 148.0 2835.294189453125
272.0 148.0 2764.705810546875
276.0 148.0 2764.705810546875
280.0 148.0 2764.705810546875
284.0 148.0 2741.176513671875
288.0 148.0 2741.176513671875
292.0 148.0 2811.7646484375
296.0 148.0 2788.2353515625
300.0 148.0 2835.294189453125
304.0 148.0 2764.705810546875
308.0 148.0 2835.294189453125
312.0 148.0 2835.294189453125
316.0 148.0 2670.588134765625
320.0 148.0 2682.35302734375
324.0 148.0 2623.529541015625
328.0 148.0 2576.470703125
332.0 148.0 2494.11767578125
336.0 148.0 2494.11767578125
340.0 148.0 2470.58837890625
344.0 148.0 2423.529541015625
348.0 148.0 2423.529541015625
352.0 148.0 2423.529541015625
356.0 148.0 2411.7646484375
360.0 148.0 2411.7646484375
364.0 148.0 2388.2353515625
368.0 148.0 2364.705810546875
372.0 148.0 2423.529541015625
376.0 148.0 2494.11767578125
380.0 148.0 2352.941162109375
384.0 148.0 2329.411865234375
388.0 148.0 2364.705810546875
392.0 148.0 2388.2353515625
396.0 148.0 2270.58837890625
400.0 148.0 2364.705810546875
404.0 148.0 2305.88232421875
408.0 148.0 2305.88232421875
412.0 148.0 2258.823486328125
416.0 148.0 2188.2353515625
420.0 148.0 2141.176513671875
424.0 148.0 2152.941162109375
428.0 148.0 2117.647216796875
432.0 148.0 2117.647216796875
436.0 148.0 2094.11767578125
440.0 148.0 2094.11767578125
444.0 148.0 2082.35302734375
448.0 148.0 2082.35302734375
452.0 148.0 2082.35302734375
456.0 148.0 2070.58837890625
460.0 148.0 2176.470703125
464.0 148.0 2082.35302734375
468.0 148.0 2000.0
472.0 148.0 2011.7647705078125
476.0 148.0 2023.5294189453125
480.0 148.0 1929.411865234375
484.0 148.0 1835.294189453125
488.0 148.0 1752.9412841796875
492.0 148.0 1505.8824462890625
496.0 148.0 1329.4117431640625
500.0 148.0 1164.7059326171875
504.0 148.0 1011.7647094726562
508.0 148.0 894.11767578125
512.0 148.0 976.4706420898438
516.0 148.0 917.6470947265625
520.0 148.0 917.6470947265625
524.0 148.0 847.058837890625
528.0 148.0 847.058837890625
532.0 148.0 894.11767578125
536.0 148.0 764.7059326171875
540.0 148.0 835.2941284179688
544.0 148.0 788.2353515625
548.0 148.0 764.7059326171875
552.0 148.0 682.3529663085938
556.0 148.0 682.3529663085938
560.0 148.0 705.8823852539062
564.0 148.0 647.058837890625
568.0 148.0 670.5882568359375
572.0 148.0 647.058837890625
576.0 148.0 623.5294189453125
580.0 148.0 647.058837890625
584.0 148.0 576.4705810546875
588.0 148.0 588.2352905273438
592.0 148.0 670.5882568359375
596.0 148.0 705.8823852539062
600.0 148.0 611.7647094726562
604.0 148.0 647.058837890625
608.0 148.0 576.4705810546875
612.0 148.0 658.8235473632812
616.0 148.0 600.0
620.0 148.0 611.7647094726562
624.0 148.0 600.0
628.0 148.0 729.4117431640625
632.0 148.0 670.5882568359375
636.0 148.0 658.8235473632812
0.0 152.0 3000.0
4.0 152.0 3000.0
8.0 152.0 3000.0
12.0 152.0 3000.0
16.0 152.0 3000.0
20.0 152.0 3000.0
24.0 152.0 3000.0
28.0 152.0 3000.0
32.0 152.0 3000.0
36.0 152.0 3000.0
40.0 152.0 3000.0
44.0 152.0 3000.0
48.0 152.0 2941.176513671875
52.0 152.0 2988.2353515625
56.0 152.0 2976.470703125
60.0 152.0 3000.0
64.0 152.0 3000.0
68.0 152.0 3000.0
72.0 152.0 3000.0
76.0 152.0 3000.0
80.0 152.0 3000.0
84.0 152.0 3000.0
88.0 152.0 3000.0
92.0 152.0 3000.0
96.0 152.0 2988.2353515625
100.0 152.0 2941.176513671875
104.0 152.0 2894.11767578125
108.0 152.0 2976.470703125
112.0 152.0 2917.64697265625
116.0 152.0 2894.11767578125
120.0 152.0 2823.529541015625
124.0 152.0 2823.529541015625
128.0 152.0 2858.823486328125
132.0 152.0 2917.64697265625
136.0 152.0 2870.588134765625
140.0 152.0 2894.11767578125
144.0 152.0 2741.176513671875
148.0 152.0 2694.11767578125
152.0 152.0 2752.941162109375
156.0 152.0 2788.2353515625
160.0 152.0 2682.35302734375
164.0 152.0 2741.176513671875
168.0 152.0 2670.588134765625
172.0 152.0 2670.588134765625
176.0 152.0 2505.88232421875
180.0 152.0 2564.705810546875
184.0 152.0 2482.35302734375
188.0 152.0 2529.411865234375
192.0 152.0 2505.88232421875
196.0 152.0 2529.411865234375
200.0 152.0 2447.058837890625
204.0 152.0 2505.88232421875
208.0 152.0 2411.7646484375
212.0 152.0 2411.7646484375
216.0 152.0 2411.7646484375
220.0 152.0 2411.7646484375
224.0 152.0 2494.11767578125
228.0 152.0 2447.058837890625
232.0 152.0 2447.058837890625
236.0 152.0 2494.11767578125
240.0 152.0 2588.2353515625
244.0 152.0 2647.058837890625
248.0 152.0 2658.823486328125
252.0 152.0 2682.35302734375
256.0 152.0 2752.941162109375
260.0 152.0 2752.941162109375
264.0 152.0 2682.35302734375
268.0 152.0 2764.705810546875
272.0 152.0 2764.705810546875
276.0 152.0 2788.2353515625
280.0 152.0 2752.941162109375
284.0 152.0 2788.2353515625
288.0 152.0 2776.470703125
292.0 152.0 2823.529541015625
296.0 152.0 2823.529541015625
300.0 152.0 2776.470703125
304.0 152.0 2788.2353515625
308.0 152.0 2858.823486328125
312.0 152.0 2870.588134765625
316.0 152.0 2764.705810546875
320.0 152.0 2694.11767578125
324.0 152.0 2529.411865234375
328.0 152.0 2564.705810546875
332.0 152.0 2494.11767578125
336.0 152.0 2494.11767578125
340.0 152.0 2482.35302734375
344.0 152.0 2423.529541015625
348.0 152.0 2505.88232421875
352.0 152.0 2447.058837890625
356.0 152.0 2400.0
360.0 152.0 2364.705810546875
364.0 152.0 2341.176513671875
368.0 152.0 2423.529541015625
372.0 152.0 2388.2353515625
376.0 152.0 2423.529541015625
380.0 152.0 2423.529541015625
384.0 152.0 2352.941162109375
388.0 152.0 2423.529541015625
392.0 152.0 2388.2353515625
396.0 152.0 2423.529541015625
400.0 152.0 2352.941162109375
404.0 152.0 2329.411865234375
408.0 152.0 2270.58837890625
412.0 152.0 2258.823486328125
416.0 152.0 2258.823486328125
420.0 152.0 2176.470703125
424.0 152.0 2152.941162109375
428.0 152.0 2176.470703125
432.0 152.0 2141.176513671875
436.0 152.0 2117.647216796875
440.0 152.0 2082.35302734375
444.0 152.0 2105.88232421875
448.0 152.0 2094.11767578125
452.0 152.0 2070.58837890625
456.0 152.0 2035.294189453125
460.0 152.0 2035.294189453125
464.0 152.0 2117.647216796875
468.0 152.0 2000.0
472.0 152.0 2058.823486328125
476.0 152.0 2035.294189453125
480.0 152.0 2000.0
484.0 152.0 1847.058837890625
488.0 152.0 1752.9412841796875
492.0 152.0 1517.6470947265625
496.0 152.0 1341.176513671875
500.0 152.0 1105.88232421875
504.0 152.0 929.4118041992188
508.0 152.0 941.176513671875
512.0 152.0 917.6470947265625
516.0 152.0 894.11767578125
520.0 152.0 847.058837890625
524.0 152.0 741.1764526367188
528.0 152.0 811.7647705078125
532.0 152.0 811.7647705078125
536.0 152.0 788.2353515625
540.0 152.0 811.7647705078125
544.0 152.0 764.7059326171875
548.0 152.0 788.2353515625
552.0 152.0 705.8823852539062
556.0 152.0 588.2352905273438
560.0 152.0 670.5882568359375
564.0 152.0 647.058837890625
568.0 152.0 600.0
572.0 152.0 600.0
576.0 152.0 576.4705810546875
580.0 152.0 576.4705810546875
584.0 152.0 600.0
588.0 152.0 529.4118041992188
592.0 152.0 517.6470947265625
596.0 152.0 611.7647094726562
600.0 152.0 647.058837890625
604.0 152.0 600.0
608.0 152.0 552.941162109375
612.0 152.0 588.2352905273438
616.0 152.0 588.2352905273438
620.0 152.0 576.4705810546875
624.0 152.0 600.0
628.0 152.0 588.2352905273438
632.0 152.0 623.5294189453125
636.0 152.0 623.5294189453125
0.0 156.0 3000.0
4.0 156.0 3000.0
8.0 156.0 3000.0
12.0 156.0 3000.0
16.0 156.0 3000.0
20.0 156.0 3000.0
24.0 156.0 3000.0
28.0 156.0 3000.0
32.0 156.0 2988.2353515625
36.0 156.0 3000.0
40.0 156.0 2952.941162109375
44.0 156.0 2988.2353515625
48.0 156.0 2941.176513671875
52.0 156.0 2917.64697265625
56.0 156.0 2917.64697265625
60.0 156.0 2929.411865234375
64.0 156.0 2905.88232421875
68.0 156.0 2929.411865234375
72.0 156.0 2905.88232421875
76.0 156.0 2905.88232421875
80.0 156.0 2941.176513671875
84.0 156.0 2905.88232421875
88.0 156.0 2941.176513671875
92.0 156.0 2858.823486328125
96.0 156.0 2835.294189453125
100.0 156.0 2811.7646484375
104.0 156.0 2741.176513671875
108.0 156.0 2776.470703125
112.0 156.0 2788.2353515625
116.0 156.0 2776.470703125
120.0 156.0 2694.11767578125
124.0 156.0 2682.35302734375
128.0 156.0 2752.941162109375
132.0 156.0 2752.941162109375
136.0 156.0 2776.470703125
140.0 156.0 2776.470703125
144.0 156.0 2623.529541015625
148.0 156.0 2705.88232421875
152.0 156.0 2682.35302734375
156.0 156.0 2788.2353515625
160.0 156.0 2705.88232421875
164.0 156.0 2588.2353515625
168.0 156.0 2600.0
172.0 156.0 2658.823486328125
176.0 156.0 2517.64697265625
180.0 156.0 2517.64697265625
184.0 156.0 2423.529541015625
188.0 156.0 2517.64697265625
192.0 156.0 2505.88232421875
196.0 156.0 2447.058837890625
200.0 156.0 2470.58837890625
204.0 156.0 2435.294189453125
208.0 156.0 2435.294189453125
212.0 156.0 2505.88232421875
216.0 156.0 2423.529541015625
220.0 156.0 2400.0
224.0 156.0 2482.35302734375
228.0 156.0 2435.294189453125
232.0 156.0 2447.058837890625
236.0 156.0 2470.58837890625
240.0 156.0 2470.58837890625
244.0 156.0 2564.705810546875
248.0 156.0 2611.7646484375
252.0 156.0 2658.823486328125
256.0 156.0 2729.411865234375
260.0 156.0 2729.411865234375
264.0 156.0 2764.705810546875
268.0 156.0 2776.470703125
272.0 156.0 2823.529541015625
276.0 156.0 2847.058837890625
280.0 156.0 2670.588134765625
284.0 156.0 2823.529541015625
288.0 156.0 2764.705810546875
292.0 156.0 2788.2353515625
296.0 156.0 2764.705810546875
300.0 156.0 2776.470703125
304.0 156.0 2764.705810546875
308.0 156.0 2776.470703125
312.0 156.0 2847.058837890625
316.0 156.0 2811.7646484375
320.0 156.0 2776.470703125
324.0 156.0 2588.2353515625
328.0 156.0 2552.941162109375
332.0 156.0 2505.88232421875
336.0 156.0 2470.58837890625
340.0 156.0 2447.058837890625
344.0 156.0 2423.529541015625
348.0 156.0 2435.294189453125
352.0 156.0 2411.7646484375
356.0 156.0 2411.7646484375
360.0 156.0 2423.529541015625
364.0 156.0 2341.176513671875
368.0 156.0 2423.529541015625
372.0 156.0 2411.7646484375
376.0 156.0 2400.0
380.0 156.0 2364.705810546875
384.0 156.0 2400.0
388.0 156.0 2317.647216796875
392.0 156.0 2364.705810546875
396.0 156.0 2411.7646484375
400.0 156.0 2364.705810546875
404.0 156.0 2352.941162109375
408.0 156.0 2258.823486328125
412.0 156.0 2200.0
416.0 156.0 2176.470703125
420.0 156.0 2176.470703125
424.0 156.0 2176.470703125
428.0 156.0 2152.941162109375
432.0 156.0 2152.941162109375
436.0 156.0 2141.176513671875
440.0 156.0 2105.88232421875
444.0 156.0 2070.58837890625
448.0 156.0 2117.647216796875
452.0 156.0 2011.7647705078125
456.0 156.0 2058.823486328125
460.0 156.0 2000.0
464.0 156.0 2082.35302734375
468.0 156.0 1988.2353515625
472.0 156.0 1976.470703125
476.0 156.0 1976.470703125
480.0 156.0 1976.470703125
484.0 156.0 1917.6470947265625
488.0 156.0 1776.470703125
492.0 156.0 1529.411865234375
496.0 156.0 1329.4117431640625
500.0 156.0 1117.6470947265625
504.0 156.0 976.4706420898438
508.0 156.0 823.5294799804688
512.0 156.0 835.2941284179688
516.0 156.0 835.2941284179688
520.0 156.0 764.7059326171875
524.0 156.0 729.4117431640625
528.0 156.0 670.5882568359375
532.0 156.0 694.11767578125
536.0 156.0 647.058837890625
540.0 156.0 658.8235473632812
544.0 156.0 682.3529663085938
548.0 156.0 670.5882568359375
552.0 156.0 623.5294189453125
556.0 156.0 564.7058715820312
560.0 156.0 600.0
564.0 156.0 505.8823547363281
568.0 156.0 564.7058715820312
572.0 156.0 517.6470947265625
576.0 156.0 552.941162109375
580.0 156.0 576.4705810546875
584.0 156.0 600.0
588.0 156.0 564.7058715820312
592.0 156.0 505.8823547363281
596.0 156.0 552.941162109375
600.0 156.0 552.941162109375
604.0 156.0 494.11767578125
608.0 156.0 564.7058715820312
612.0 156.0 552.941162109375
616.0 156.0 576.4705810546875
620.0 156.0 505.8823547363281
624.0 156.0 505.8823547363281
628.0 156.0 576.4705810546875
632.0 156.0 611.7647094726562
636.0 156.0 517.6470947265625
0.0 160.0 3000.0
4.0 160.0 2976.470703125
8.0 160.0 3000.0
12.0 160.0 3000.0
16.0 160.0 3000.0
20.0 160.0 3000.0
24.0 160.0 2988.2353515625
28.0 160.0 2952.941162109375
32.0 160.0 2917.64697265625
36.0 160.0 2941.176513671875
40.0 160.0 2988.2353515625
44.0 160.0 2823.529541015625
48.0 160.0 2870.588134765625
52.0 160.0 2905.88232421875
56.0 160.0 2905.88232421875
60.0 160.0 2835.294189453125
64.0 160.0 2847.058837890625
68.0 160.0 2823.529541015625
72.0 160.0 2835.294189453125
76.0 160.0 2705.88232421875
80.0 160.0 2811.7646484375
84.0 160.0 2752.941162109375
88.0 160.0 2729.411865234375
92.0 160.0 2694.11767578125
96.0 160.0 2694.11767578125
100.0 160.0 2694.11767578125
104.0 160.0 2694.11767578125
108.0 160.0 2788.2353515625
112.0 160.0 2705.88232421875
116.0 160.0 2705.88232421875
120.0 160.0 2729.411865234375
124.0 160.0 2670.588134765625
128.0 160.0 2729.411865234375
132.0 160.0 2752.941162109375
136.0 160.0 2776.470703125
140.0 160.0 2788.2353515625
144.0 160.0 2752.941162109375
148.0 160.0 2670.588134765625
152.0 160.0 2741.176513671875
156.0 160.0 2670.588134765625
160.0 160.0 2658.823486328125
164.0 160.0 2670.588134765625
168.0 160.0 2576.470703125
172.0 160.0 2552.941162109375
176.0 160.0 2564.705810546875
180.0 160.0 2505.88232421875
184.0 160.0 2529.411865234375
188.0 160.0 2505.88232421875
192.0 160.0 2423.529541015625
196.0 160.0 2529.411865234375
200.0 160.0 2423.529541015625
204.0 160.0 2470.58837890625
208.0 160.0 2447.058837890625
212.0 160.0 2423.529541015625
216.0 160.0 2411.7646484375
220.0 160.0 2352.941162109375
224.0 160.0 2447.058837890625
228.0 160.0 2447.058837890625
232.0 160.0 2423.529541015625
236.0 160.0 2423.529541015625
240.0 160.0 2388.2353515625
244.0 160.0 2435.294189453125
248.0 160.0 2576.470703125
252.0 160.0 2611.7646484375
256.0 160.0 2682.35302734375
260.0 160.0 2764.705810546875
264.0 160.0 2729.411865234375
268.0 160.0 2823.529541015625
272.0 160.0 2823.529541015625
276.0 160.0 2788.2353515625
280.0 160.0 2752.941162109375
284.0 160.0 2764.705810546875
288.0 160.0 2764.705810546875
292.0 160.0 2835.294189453125
296.0 160.0 2788.2353515625
300.0 160.0 2835.294189453125
304.0 160.0 2788.2353515625
308.0 160.0 2811.7646484375
312.0 160.0 2764.705810546875
316.0 160.0 2776.470703125
320.0 160.0 2741.176513671875
324.0 160.0 2600.0
328.0 160.0 2552.941162109375
332.0 160.0 2494.11767578125
336.0 160.0 2435.294189453125
340.0 160.0 2505.88232421875
344.0 160.0 2447.058837890625
348.0 160.0 2447.058837890625
352.0 160.0 2494.11767578125
356.0 160.0 2435.294189453125
360.0 160.0 2423.529541015625
364.0 160.0 2423.529541015625
368.0 160.0 2400.0
372.0 160.0 2435.294189453125
376.0 160.0 2423.529541015625
380.0 160.0 2341.176513671875
384.0 160.0 2364.705810546875
388.0 160.0 2329.411865234375
392.0 160.0 2388.2353515625
396.0 160.0 2388.2353515625
400.0 160.0 2329.411865234375
404.0 160.0 2329.411865234375
408.0 160.0 2258.823486328125
412.0 160.0 2305.88232421875
416.0 160.0 2188.2353515625
420.0 160.0 2152.941162109375
424.0 160.0 2200.0
428.0 160.0 2141.176513671875
432.0 160.0 2141.176513671875
436.0 160.0 2117.647216796875
440.0 160.0 2094.11767578125
444.0 160.0 2082.35302734375
448.0 160.0 2105.88232421875
452.0 160.0 2082.35302734375
456.0 160.0 2082.35302734375
460.0 160.0 2000.0
464.0 160.0 2011.7647705078125
468.0 160.0 1988.2353515625
472.0 160.0 2035.294189453125
476.0 160.0 1917.6470947265625
480.0 160.0 2035.294189453125
484.0 160.0 1905.8824462890625
488.0 160.0 1823.529541015625
492.0 160.0 1505.8824462890625
496.0 160.0 1388.2353515625
500.0 160.0 1164.7059326171875
504.0 160.0 952.9412231445312
508.0 160.0 823.5294799804688
512.0 160.0 694.11767578125
516.0 160.0 741.1764526367188
520.0 160.0 670.5882568359375
524.0 160.0 647.058837890625
528.0 160.0 729.4117431640625
532.0 160.0 670.5882568359375
536.0 160.0 658.8235473632812
540.0 160.0 576.4705810546875
544.0 160.0 611.7647094726562
548.0 160.0 623.5294189453125
552.0 160.0 505.8823547363281
556.0 160.0 600.0
560.0 160.0 611.7647094726562
564.0 160.0 552.941162109375
568.0 160.0 494.11767578125
572.0 160.0 529.4118041992188
576.0 160.0 576.4705810546875
580.0 160.0 517.6470947265625
584.0 160.0 588.2352905273438
588.0 160.0 588.2352905273438
592.0 160.0 564.7058715820312
596.0 160.0 529.4118041992188
600.0 160.0 564.7058715820312
604.0 160.0 482.35296630859375
608.0 160.0 517.6470947265625
612.0 160.0 529.4118041992188
616.0 160.0 576.4705810546875
620.0 160.0 552.941162109375
624.0 160.0 564.7058715820312
628.0 160.0 611.7647094726562
632.0 160.0 552.941162109375
636.0 160.0 564.7058715820312
0.0 164.0 3000.0
4.0 164.0 3000.0
8.0 164.0 2988.2353515625
12.0 164.0 2929.411865234375
16.0 164.0 3000.0
20.0 164.0 2952.941162109375
24.0 164.0 2917.64697265625
28.0 164.0 2917.64697265625
32.0 164.0 2929.411865234375
36.0 164.0 2788.2353515625
40.0 164.0 2776.470703125
44.0 164.0 2741.176513671875
48.0 164.0 2694.11767578125
52.0 164.0 2811.7646484375
56.0 164.0 2682.35302734375
60.0 164.0 2752.941162109375
64.0 164.0 2752.941162109375
68.0 164.0 2729.411865234375
72.0 164.0 2647.058837890625
76.0 164.0 2611.7646484375
80.0 164.0 2670.588134765625
84.0 164.0 2682.35302734375
88.0 164.0 2658.823486328125
92.0 164.0 2741.176513671875
96.0 164.0 2729.411865234375
100.0 164.0 2694.11767578125
104.0 164.0 2694.11767578125
108.0 164.0 2776.470703125
112.0 164.0 2788.2353515625
116.0 164.0 2682.35302734375
120.0 164.0 2752.941162109375
124.0 164.0 2752.941162109375
128.0 164.0 2823.529541015625
132.0 164.0 2694.11767578125
136.0 164.0 2694.11767578125
140.0 164.0 2752.941162109375
144.0 164.0 2694.11767578125
148.0 164.0 2705.88232421875
152.0 164.0 2552.941162109375
156.0 164.0 2729.411865234375
160.0 164.0 2611.7646484375
164.0 164.0 2658.823486328125
168.0 164.0 2588.2353515625
172.0 164.0 2529.411865234375
176.0 164.0 2564.705810546875
180.0 164.0 2494.11767578125
184.0 164.0 2505.88232421875
188.0 164.0 2505.88232421875
192.0 164.0 2529.411865234375
196.0 164.0 2494.11767578125
200.0 164.0 2352.941162109375
204.0 164.0 2423.529541015625
208.0 164.0 2435.294189453125
212.0 164.0 2352.941162109375
216.0 164.0 2388.2353515625
220.0 164.0 2435.294189453125
224.0 164.0 2411.7646484375
228.0 164.0 2400.0
232.0 164.0 2423.529541015625
236.0 164.0 2435.294189453125
240.0 164.0 2364.705810546875
244.0 164.0 2564.705810546875
248.0 164.0 2435.294189453125
252.0 164.0 2529.411865234375
256.0 164.0 2588.2353515625
260.0 164.0 2658.823486328125
264.0 164.0 2682.35302734375
268.0 164.0 2741.176513671875
272.0 164.0 2811.7646484375
276.0 164.0 2752.941162109375
280.0 164.0 2705.88232421875
284.0 164.0 2764.705810546875
288.0 164.0 2788.2353515625
292.0 164.0 2752.941162109375
296.0 164.0 2752.941162109375
300.0 164.0 2764.705810546875
304.0 164.0 2729.411865234375
308.0 164.0 2776.470703125
312.0 164.0 2776.470703125
316.0 164.0 2741.176513671875
320.0 164.0 2658.823486328125
324.0 164.0 2600.0
328.0 164.0 2588.2353515625
332.0 164.0 2423.529541015625
336.0 164.0 2470.58837890625
340.0 164.0 2482.35302734375
344.0 164.0 2470.58837890625
348.0 164.0 2482.35302734375
352.0 164.0 2411.7646484375
356.0 164.0 2329.411865234375
360.0 164.0 2435.294189453125
364.0 164.0 2400.0
368.0 164.0 2423.529541015625
372.0 164.0 2423.529541015625
376.0 164.0 2400.0
380.0 164.0 2352.941162109375
384.0 164.0 2388.2353515625
388.0 164.0 2364.705810546875
392.0 164.0 2352.941162109375
396.0 164.0 2411.7646484375
400.0 164.0 2364.705810546875
404.0 164.0 2282.35302734375
408.0 164.0 2282.35302734375
412.0 164.0 2258.823486328125
416.0 164.0 2235.294189453125
420.0 164.0 2105.88232421875
424.0 164.0 2258.823486328125
428.0 164.0 2200.0
432.0 164.0 2176.470703125
436.0 164.0 2152.941162109375
440.0 164.0 2141.176513671875
444.0 164.0 2035.294189453125
448.0 164.0 2035.294189453125
452.0 164.0 2070.58837890625
456.0 164.0 2105.88232421875
460.0 164.0 2070.58837890625
464.0 164.0 2058.823486328125
468.0 164.0 2094.11767578125
472.0 164.0 2000.0
476.0 164.0 1941.176513671875
480.0 164.0 1952.9412841796875
484.0 164.0 1941.176513671875
488.0 164.0 1811.7647705078125
492.0 164.0 1623.529541015625
496.0 164.0 1388.2353515625
500.0 164.0 1164.7059326171875
504.0 164.0 858.8235473632812
508.0 164.0 776.4706420898438
512.0 164.0 729.4117431640625
516.0 164.0 647.058837890625
520.0 164.0 529.4118041992188
524.0 164.0 623.5294189453125
528.0 164.0 576.4705810546875
532.0 164.0 517.6470947265625
536.0 164.0 494.11767578125
540.0 164.0 576.4705810546875
544.0 164.0 529.4118041992188
548.0 164.0 517.6470947265625
552.0 164.0 482.35296630859375
556.0 164.0 470.5882568359375
560.0 164.0 552.941162109375
564.0 164.0 517.6470947265625
568.0 164.0 552.941162109375
572.0 164.0 517.6470947265625
576.0 164.0 470.5882568359375
580.0 164.0 494.11767578125
584.0 164.0 529.4118041992188
588.0 164.0 588.2352905273438
592.0 164.0 411.7647399902344
596.0 164.0 435.29412841796875
600.0 164.0 517.6470947265625
604.0 164.0 482.35296630859375
608.0 164.0 470.5882568359375
612.0 164.0 576.4705810546875
616.0 164.0 482.35296630859375
620.0 164.0 576.4705810546875
624.0 164.0 576.4705810546875
628.0 164.0 494.11767578125
632.0 164.0 564.7058715820312
636.0 164.0 494.11767578125
0.0 168.0 3000.0
4.0 168.0 2917.64697265625
8.0 168.0 2941.176513671875
12.0 168.0 2823.529541015625
16.0 168.0 2823.529541015625
20.0 168.0 2823.529541015625
24.0 168.0 2764.705810546875
28.0 168.0 2835.294189453125
32.0 168.0 2752.941162109375
36.0 168.0 2729.411865234375
40.0 168.0 2776.470703125
44.0 168.0 2611.7646484375
48.0 168.0 2682.35302734375
52.0 168.0 2705.88232421875
56.0 168.0 2729.411865234375
60.0 168.0 2682.35302734375
64.0 168.0 2729.411865234375
68.0 168.0 2729.411865234375
72.0 168.0 2670.588134765625
76.0 168.0 2752.941162109375
80.0 168.0 2764.705810546875
84.0 168.0 2870.588134765625
88.0 168.0 2811.7646484375
92.0 168.0 2847.058837890625
96.0 168.0 2858.823486328125
100.0 168.0 2752.941162109375
104.0 168.0 2929.411865234375
108.0 168.0 2764.705810546875
112.0 168.0 2835.294189453125
116.0 168.0 2788.2353515625
120.0 168.0 2741.176513671875
124.0 168.0 2752.941162109375
128.0 168.0 2752.941162109375
132.0 168.0 2752.941162109375
136.0 168.0 2752.941162109375
140.0 168.0 2752.941162109375
144.0 168.0 2788.2353515625
148.0 168.0 2670.588134765625
152.0 168.0 2705.88232421875
156.0 168.0 2729.411865234375
160.0 168.0 2670.588134765625
164.0 168.0 2588.2353515625
168.0 168.0 2623.529541015625
172.0 168.0 2552.941162109375
176.0 168.0 2576.470703125
180.0 168.0 2588.2353515625
184.0 168.0 2529.411865234375
188.0 168.0 2505.88232421875
192.0 168.0 2470.58837890625
196.0 168.0 2411.7646484375
200.0 168.0 2470.58837890625
204.0 168.0 2435.294189453125
208.0 168.0 2411.7646484375
212.0 168.0 2435.294189453125
216.0 168.0 2423.529541015625
220.0 168.0 2411.7646484375
224.0 168.0 2435.294189453125
228.0 168.0 2470.58837890625
232.0 168.0 2482.35302734375
236.0 168.0 2435.294189453125
240.0 168.0 2435.294189453125
244.0 168.0 2447.058837890625
248.0 168.0 2435.294189453125
252.0 168.0 2494.11767578125
256.0 168.0 2564.705810546875
260.0 168.0 2564.705810546875
264.0 168.0 2611.7646484375
268.0 168.0 2752.941162109375
272.0 168.0 2811.7646484375
276.0 168.0 2752.941162109375
280.0 168.0 2682.35302734375
284.0 168.0 2835.294189453125
288.0 168.0 2823.529541015625
292.0 168.0 2835.294189453125
296.0 168.0 2776.470703125
300.0 168.0 2729.411865234375
304.0 168.0 2835.294189453125
308.0 168.0 2788.2353515625
312.0 168.0 2811.7646484375
316.0 168.0 2752.941162109375
320.0 168.0 2729.411865234375
324.0 168.0 2623.529541015625
328.0 168.0 2588.2353515625
332.0 168.0 2564.705810546875
336.0 168.0 2505.88232421875
340.0 168.0 2505.88232421875
344.0 168.0 2435.294189453125
348.0 168.0 2517.64697265625
352.0 168.0 2470.58837890625
356.0 168.0 2435.294189453125
360.0 168.0 2435.294189453125
364.0 168.0 2423.529541015625
368.0 168.0 2423.529541015625
372.0 168.0 2482.35302734375
376.0 168.0 2505.88232421875
380.0 168.0 2341.176513671875
384.0 168.0 2423.529541015625
388.0 168.0 2411.7646484375
392.0 168.0 2423.529541015625
396.0 168.0 2447.058837890625
400.0 168.0 2329.411865234375
404.0 168.0 2388.2353515625
408.0 168.0 2329.411865234375
412.0 168.0 2282.35302734375
416.0 168.0 2305.88232421875
420.0 168.0 2200.0
424.0 168.0 2235.294189453125
428.0 168.0 2258.823486328125
432.0 168.0 2247.058837890625
436.0 168.0 2188.2353515625
440.0 168.0 2152.941162109375
444.0 168.0 2105.88232421875
448.0 168.0 2058.823486328125
452.0 168.0 2082.35302734375
456.0 168.0 2035.294189453125
460.0 168.0 2082.35302734375
464.0 168.0 2105.88232421875
468.0 168.0 2023.5294189453125
472.0 168.0 2082.35302734375
476.0 168.0 2000.0
480.0 168.0 2070.58837890625
484.0 168.0 1952.9412841796875
488.0 168.0 1835.294189453125
492.0 168.0 1588.2353515625
496.0 168.0 1411.7647705078125
500.0 168.0 1223.5294189453125
504.0 168.0 1035.294189453125
508.0 168.0 788.2353515625
512.0 168.0 647.058837890625
516.0 168.0 517.6470947265625
520.0 168.0 505.8823547363281
524.0 168.0 529.4118041992188
528.0 168.0 529.4118041992188
532.0 168.0 517.6470947265625
536.0 168.0 423.5294189453125
540.0 168.0 494.11767578125
544.0 168.0 552.941162109375
548.0 168.0 517.6470947265625
552.0 168.0 517.6470947265625
556.0 168.0 529.4118041992188
560.0 168.0 517.6470947265625
564.0 168.0 564.7058715820312
568.0 168.0 505.8823547363281
572.0 168.0 447.058837890625
576.0 168.0 517.6470947265625
580.0 168.0 517.6470947265625
584.0 168.0 494.11767578125
588.0 168.0 505.8823547363281
592.0 168.0 470.5882568359375
596.0 168.0 447.058837890625
600.0 168.0 576.4705810546875
604.0 168.0 576.4705810546875
608.0 168.0 494.11767578125
612.0 168.0 529.4118041992188
616.0 168.0 494.11767578125
620.0 168.0 517.6470947265625
624.0 168.0 482.35296630859375
628.0 168.0 529.4118041992188
632.0 168.0 623.5294189453125
636.0 168.0 517.6470947265625
0.0 172.0 2835.294189453125
4.0 172.0 2752.941162109375
8.0 172.0 2752.941162109375
12.0 172.0 2682.35302734375
16.0 172.0 2729.411865234375
20.0 172.0 2729.411865234375
24.0 172.0 2658.823486328125
28.0 172.0 2670.588134765625
32.0 172.0 2752.941162109375
36.0 172.0 2658.823486328125
40.0 172.0 2658.823486328125
44.0 172.0 2729.411865234375
48.0 172.0 2741.176513671875
52.0 172.0 2670.588134765625
56.0 172.0 2705.88232421875
60.0 172.0 2788.2353515625
64.0 172.0 2835.294189453125
68.0 172.0 2752.941162109375
72.0 172.0 2752.941162109375
76.0 172.0 2752.941162109375
80.0 172.0 2811.7646484375
84.0 172.0 2823.529541015625
88.0 172.0 2764.705810546875
92.0 172.0 2811.7646484375
96.0 172.0 2847.058837890625
100.0 172.0 2823.529541015625
104.0 172.0 2741.176513671875
108.0 172.0 2729.411865234375
112.0 172.0 2729.411865234375
116.0 172.0 2764.705810546875
120.0 172.0 2788.2353515625
124.0 172.0 2729.411865234375
128.0 172.0 2729.411865234375
132.0 172.0 2682.35302734375
136.0 172.0 2670.588134765625
140.0 172.0 2670.588134765625
144.0 172.0 2647.058837890625
148.0 172.0 2658.823486328125
152.0 172.0 2623.529541015625
156.0 172.0 2647.058837890625
160.0 172.0 2576.470703125
164.0 172.0 2588.2353515625
168.0 172.0 2552.941162109375
172.0 172.0 2470.58837890625
176.0 172.0 2470.58837890625
180.0 172.0 2423.529541015625
184.0 172.0 2470.58837890625
188.0 172.0 2517.64697265625
192.0 172.0 2505.88232421875
196.0 172.0 2482.35302734375
200.0 172.0 2423.529541015625
204.0 172.0 2400.0
208.0 172.0 2400.0
212.0 172.0 2423.529541015625
216.0 172.0 2447.058837890625
220.0 172.0 2388.2353515625
224.0 172.0 2411.7646484375
228.0 172.0 2435.294189453125
232.0 172.0 2423.529541015625
236.0 172.0 2447.058837890625
240.0 172.0 2505.88232421875
244.0 172.0 2470.58837890625
248.0 172.0 2435.294189453125
252.0 172.0 2423.529541015625
256.0 172.0 2505.88232421875
260.0 172.0 2470.58837890625
264.0 172.0 2505.88232421875
268.0 172.0 2576.470703125
272.0 172.0 2670.588134765625
276.0 172.0 2776.470703125
280.0 172.0 2729.411865234375
284.0 172.0 2764.705810546875
288.0 172.0 2835.294189453125
292.0 172.0 2776.470703125
296.0 172.0 2776.470703125
300.0 172.0 2752.941162109375
304.0 172.0 2788.2353515625
308.0 172.0 2788.2353515625
312.0 172.0 2752.941162109375
316.0 172.0 2647.058837890625
320.0 172.0 2647.058837890625
324.0 172.0 2564.705810546875
328.0 172.0 2482.35302734375
332.0 172.0 2505.88232421875
336.0 172.0 2494.11767578125
340.0 172.0 2447.058837890625
344.0 172.0 2482.35302734375
348.0 172.0 2447.058837890625
352.0 172.0 2423.529541015625
356.0 172.0 2400.0
360.0 172.0 2423.529541015625
364.0 172.0 2400.0
368.0 172.0 2423.529541015625
372.0 172.0 2482.35302734375
376.0 172.0 2388.2353515625
380.0 172.0 2400.0
384.0 172.0 2352.941162109375
388.0 172.0 2329.411865234375
392.0 172.0 2400.0
396.0 172.0 2400.0
400.0 172.0 2341.176513671875
404.0 172.0 2329.411865234375
408.0 172.0 2329.411865234375
412.0 172.0 2305.88232421875
416.0 172.0 2176.470703125
420.0 172.0 2223.529541015625
424.0 172.0 2388.2353515625
428.0 172.0 2223.529541015625
432.0 172.0 2082.35302734375
436.0 172.0 2176.470703125
440.0 172.0 2141.176513671875
444.0 172.0 2058.823486328125
448.0 172.0 2117.647216796875
452.0 172.0 2023.5294189453125
456.0 172.0 2141.176513671875
460.0 172.0 2082.35302734375
464.0 172.0 2070.58837890625
468.0 172.0 2011.7647705078125
472.0 172.0 1976.470703125
476.0 172.0 1917.6470947265625
480.0 172.0 2011.7647705078125
484.0 172.0 1847.058837890625
488.0 172.0 1835.294189453125
492.0 172.0 1611.7647705078125
496.0 172.0 1400.0
500.0 172.0 1317.6470947265625
504.0 172.0 976.4706420898438
508.0 172.0 670.5882568359375
512.0 172.0 576.4705810546875
516.0 172.0 482.35296630859375
520.0 172.0 529.4118041992188
524.0 172.0 482.35296630859375
528.0 172.0 435.29412841796875
532.0 172.0 470.5882568359375
536.0 172.0 411.7647399902344
540.0 172.0 529.4118041992188
544.0 172.0 505.8823547363281
548.0 172.0 352.9411926269531
552.0 172.0 470.5882568359375
556.0 172.0 423.5294189453125
560.0 172.0 494.11767578125
564.0 172.0 494.11767578125
568.0 172.0 411.7647399902344
572.0 172.0 411.7647399902344
576.0 172.0 423.5294189453125
580.0 172.0 482.35296630859375
584.0 172.0 435.29412841796875
588.0 172.0 435.29412841796875
592.0 172.0 494.11767578125
596.0 172.0 494.11767578125
600.0 172.0 482.35296630859375
604.0 172.0 423.5294189453125
608.0 172.0 352.9411926269531
612.0 172.0 517.6470947265625
616.0 172.0 517.6470947265625
620.0 172.0 423.5294189453125
624.0 172.0 517.6470947265625
628.0 172.0 529.4118041992188
632.0 172.0 447.058837890625
636.0 172.0 435.29412841796875
0.0 176.0 2705.88232421875
4.0 176.0 2670.588134765625
8.0 176.0 2670.588134765625
12.0 176.0 2670.588134765625
16.0 176.0 2741.176513671875
20.0 176.0 2776.470703125
24.0 176.0 2694.11767578125
28.0 176.0 2811.7646484375
32.0 176.0 2823.529541015625
36.0 176.0 2752.941162109375
40.0 176.0 2752.941162109375
44.0 176.0 2823.529541015625
48.0 176.0 2764.705810546875
52.0 176.0 2752.941162109375
56.0 176.0 2776.470703125
60.0 176.0 2811.7646484375
64.0 176.0 2835.294189453125
68.0 176.0 2847.058837890625
72.0 176.0 2764.705810546875
76.0 176.0 2741.176513671875
80.0 176.0 2729.411865234375
84.0 176.0 2670.588134765625
88.0 176.0 2741.176513671875
92.0 176.0 2729.411865234375
96.0 176.0 2776.470703125
100.0 176.0 2811.7646484375
104.0 176.0 2729.411865234375
108.0 176.0 2741.176513671875
112.0 176.0 2741.176513671875
116.0 176.0 2741.176513671875
120.0 176.0 2682.35302734375
124.0 176.0 2600.0
128.0 176.0 2670.588134765625
132.0 176.0 2658.823486328125
136.0 176.0 2658.823486328125
140.0 176.0 2647.058837890625
144.0 176.0 2647.058837890625
148.0 176.0 2552.941162109375
152.0 176.0 2600.0
156.0 176.0 2611.7646484375
160.0 176.0 2600.0
164.0 176.0 2529.411865234375
168.0 176.0 2482.35302734375
172.0 176.0 2447.058837890625
176.0 176.0 2482.35302734375
180.0 176.0 2517.64697265625
184.0 176.0 2435.294189453125
188.0 176.0 2505.88232421875
192.0 176.0 2494.11767578125
196.0 176.0 2482.35302734375
200.0 176.0 2435.294189453125
204.0 176.0 2470.58837890625
208.0 176.0 2423.529541015625
212.0 176.0 2388.2353515625
216.0 176.0 2423.529541015625
220.0 176.0 2423.529541015625
224.0 176.0 2447.058837890625
228.0 176.0 2400.0
232.0 176.0 2411.7646484375
236.0 176.0 2470.58837890625
240.0 176.0 2411.7646484375
244.0 176.0 2423.529541015625
248.0 176.0 2470.58837890625
252.0 176.0 2435.294189453125
256.0 176.0 2423.529541015625
260.0 176.0 2411.7646484375
264.0 176.0 2447.058837890625
268.0 176.0 2576.470703125
272.0 176.0 2576.470703125
276.0 176.0 2752.941162109375
280.0 176.0 2811.7646484375
284.0 176.0 2788.2353515625
288.0 176.0 2835.294189453125
292.0 176.0 2788.2353515625
296.0 176.0 2776.470703125
300.0 176.0 2776.470703125
304.0 176.0 2729.411865234375
308.0 176.0 2752.941162109375
312.0 176.0 2776.470703125
316.0 176.0 2670.588134765625
320.0 176.0 2670.588134765625
324.0 176.0 2552.941162109375
328.0 176.0 2505.88232421875
332.0 176.0 2505.88232421875
336.0 176.0 2435.294189453125
340.0 176.0 2482.35302734375
344.0 176.0 2447.058837890625
348.0 176.0 2447.058837890625
352.0 176.0 2505.88232421875
356.0 176.0 2388.2353515625
360.0 176.0 2388.2353515625
364.0 176.0 2388.2353515625
368.0 176.0 2423.529541015625
372.0 176.0 2411.7646484375
376.0 176.0 2411.7646484375
380.0 176.0 2341.176513671875
384.0 176.0 2282.35302734375
388.0 176.0 2329.411865234375
392.0 176.0 2341.176513671875
396.0 176.0 2400.0
400.0 176.0 2388.2353515625
404.0 176.0 2341.176513671875
408.0 176.0 2352.941162109375
412.0 176.0 2258.823486328125
416.0 176.0 2270.58837890625
420.0 176.0 2200.0
424.0 176.0 2258.823486328125
428.0 176.0 2117.647216796875
432.0 176.0 2200.0
436.0 176.0 2152.941162109375
440.0 176.0 2117.647216796875
444.0 176.0 2105.88232421875
448.0 176.0 2082.35302734375
452.0 176.0 2011.7647705078125
456.0 176.0 2011.7647705078125
460.0 176.0 2058.823486328125
464.0 176.0 2000.0
468.0 176.0 2000.0
472.0 176.0 1941.176513671875
476.0 176.0 1917.6470947265625
480.0 176.0 1952.9412841796875
484.0 176.0 1952.9412841796875
488.0 176.0 1905.8824462890625
492.0 176.0 1588.2353515625
496.0 176.0 1470.5882568359375
500.0 176.0 1258.823486328125
504.0 176.0 1011.7647094726562
508.0 176.0 741.1764526367188
512.0 176.0 564.7058715820312
516.0 176.0 494.11767578125
520.0 176.0 482.35296630859375
524.0 176.0 411.7647399902344
528.0 176.0 447.058837890625
532.0 176.0 352.9411926269531
536.0 176.0 364.70587158203125
540.0 176.0 388.2353210449219
544.0 176.0 411.7647399902344
548.0 176.0 482.35296630859375
552.0 176.0 435.29412841796875
556.0 176.0 517.6470947265625
560.0 176.0 505.8823547363281
564.0 176.0 423.5294189453125
568.0 176.0 494.11767578125
572.0 176.0 517.6470947265625
576.0 176.0 423.5294189453125
580.0 176.0 470.5882568359375
584.0 176.0 447.058837890625
588.0 176.0 400.0000305175781
592.0 176.0 447.058837890625
596.0 176.0 482.35296630859375
600.0 176.0 482.35296630859375
604.0 176.0 423.5294189453125
608.0 176.0 352.9411926269531
612.0 176.0 411.7647399902344
616.0 176.0 482.35296630859375
620.0 176.0 494.11767578125
624.0 176.0 411.7647399902344
628.0 176.0 447.058837890625
632.0 176.0 529.4118041992188
636.0 176.0 494.11767578125
0.0 180.0 2682.35302734375
4.0 180.0 2752.941162109375
8.0 180.0 2835.294189453125
12.0 180.0 2776.470703125
16.0 180.0 2858.823486328125
20.0 180.0 2788.2353515625
24.0 180.0 2847.058837890625
28.0 180.0 2811.7646484375
32.0 180.0 2847.058837890625
36.0 180.0 2823.529541015625
40.0 180.0 2894.11767578125
44.0 180.0 2858.823486328125
48.0 180.0 2752.941162109375
52.0 180.0 2776.470703125
56.0 180.0 2764.705810546875
60.0 180.0 2752.941162109375
64.0 180.0 2952.941162109375
68.0 180.0 2811.7646484375
72.0 180.0 2823.529541015625
76.0 180.0 2823.529541015625
80.0 180.0 2752.941162109375
84.0 180.0 2788.2353515625
88.0 180.0 2788.2353515625
92.0 180.0 2847.058837890625
96.0 180.0 2811.7646484375
100.0 180.0 2788.2353515625
104.0 180.0 2705.88232421875
108.0 180.0 2729.411865234375
112.0 180.0 2729.411865234375
116.0 180.0 2694.11767578125
120.0 180.0 2729.411865234375
124.0 180.0 2752.941162109375
128.0 180.0 2705.88232421875
132.0 180.0 2670.588134765625
136.0 180.0 2694.11767578125
140.0 180.0 2670.588134765625
144.0 180.0 2658.823486328125
148.0 180.0 2588.2353515625
152.0 180.0 2588.2353515625
156.0 180.0 2670.588134765625
160.0 180.0 2564.705810546875
164.0 180.0 2552.941162109375
168.0 180.0 2505.88232421875
172.0 180.0 2552.941162109375
176.0 180.0 2505.88232421875
180.0 180.0 2447.058837890625
184.0 180.0 2494.11767578125
188.0 180.0 2494.11767578125
192.0 180.0 2505.88232421875
196.0 180.0 2423.529541015625
200.0 180.0 2482.35302734375
204.0 180.0 2470.58837890625
208.0 180.0 2388.2353515625
212.0 180.0 2352.941162109375
216.0 180.0 2364.705810546875
220.0 180.0 2411.7646484375
224.0 180.0 2435.294189453125
228.0 180.0 2435.294189453125
232.0 180.0 2447.058837890625
236.0 180.0 2470.58837890625
240.0 180.0 2364.705810546875
244.0 180.0 2470.58837890625
248.0 180.0 2494.11767578125
252.0 180.0 2482.35302734375
256.0 180.0 2423.529541015625
260.0 180.0 2423.529541015625
264.0 180.0 2435.294189453125
268.0 180.0 2564.705810546875
272.0 180.0 2658.823486328125
276.0 180.0 2705.88232421875
280.0 180.0 2835.294189453125
284.0 180.0 2835.294189453125
288.0 180.0 2788.2353515625
292.0 180.0 2752.941162109375
296.0 180.0 2776.470703125
300.0 180.0 2811.7646484375
304.0 180.0 2752.941162109375
308.0 180.0 2835.294189453125
312.0 180.0 2811.7646484375
316.0 180.0 2776.470703125
320.0 180.0 2647.058837890625
324.0 180.0 2529.411865234375
328.0 180.0 2576.470703125
332.0 180.0 2447.058837890625
336.0 180.0 2494.11767578125
340.0 180.0 2505.88232421875
344.0 180.0 2447.058837890625
348.0 180.0 2494.11767578125
352.0 180.0 2494.11767578125
356.0 180.0 2435.294189453125
360.0 180.0 2411.7646484375
364.0 180.0 2411.7646484375
368.0 180.0 2423.529541015625
372.0 180.0 2435.294189453125
376.0 180.0 2400.0
380.0 180.0 2364.705810546875
384.0 180.0 2352.941162109375
388.0 180.0 2341.176513671875
392.0 180.0 2388.2353515625
396.0 180.0 2423.529541015625
400.0 180.0 2364.705810546875
404.0 180.0 2352.941162109375
408.0 180.0 2329.411865234375
412.0 180.0 2341.176513671875
416.0 180.0 2329.411865234375
420.0 180.0 2305.88232421875
424.0 180.0 2282.35302734375
428.0 180.0 2247.058837890625
432.0 180.0 2223.529541015625
436.0 180.0 2152.941162109375
440.0 180.0 2164.705810546875
444.0 180.0 2176.470703125
448.0 180.0 2164.705810546875
452.0 180.0 2070.58837890625
456.0 180.0 2082.35302734375
460.0 180.0 2082.35302734375
464.0 180.0 2035.294189453125
468.0 180.0 2000.0
472.0 180.0 2082.35302734375
476.0 180.0 1976.470703125
480.0 180.0 2011.7647705078125
484.0 180.0 1952.9412841796875
488.0 180.0 1858.8236083984375
492.0 180.0 1694.11767578125
496.0 180.0 1517.6470947265625
500.0 180.0 1341.176513671875
504.0 180.0 1117.6470947265625
508.0 180.0 811.7647705078125
512.0 180.0 494.11767578125
516.0 180.0 494.11767578125
520.0 180.0 494.11767578125
524.0 180.0 435.29412841796875
528.0 180.0 423.5294189453125
532.0 180.0 411.7647399902344
536.0 180.0 517.6470947265625
540.0 180.0 482.35296630859375
544.0 180.0 482.35296630859375
548.0 180.0 494.11767578125
552.0 180.0 494.11767578125
556.0 180.0 447.058837890625
560.0 180.0 564.7058715820312
564.0 180.0 494.11767578125
568.0 180.0 517.6470947265625
572.0 180.0 494.11767578125
576.0 180.0 494.11767578125
580.0 180.0 494.11767578125
584.0 180.0 388.2353210449219
588.0 180.0 400.0000305175781
592.0 180.0 529.4118041992188
596.0 180.0 470.5882568359375
600.0 180.0 494.11767578125
604.0 180.0 447.058837890625
608.0 180.0 447.058837890625
612.0 180.0 494.11767578125
616.0 180.0 470.5882568359375
620.0 180.0 435.29412841796875
624.0 180.0 435.29412841796875
628.0 180.0 505.8823547363281
632.0 180.0 482.35296630859375
636.0 180.0 494.11767578125
0.0 184.0 2835.294189453125
4.0 184.0 2905.88232421875
8.0 184.0 2847.058837890625
12.0 184.0 2847.058837890625
16.0 184.0 2858.823486328125
20.0 184.0 2917.64697265625
24.0 184.0 2894.11767578125
28.0 184.0 2835.294189453125
32.0 184.0 2917.64697265625
36.0 184.0 2905.88232421875
40.0 184.0 2870.588134765625
44.0 184.0 2835.294189453125
48.0 184.0 2764.705810546875
52.0 184.0 2835.294189453125
56.0 184.0 2776.470703125
60.0 184.0 2823.529541015625
64.0 184.0 2835.294189453125
68.0 184.0 2835.294189453125
72.0 184.0 2835.294189453125
76.0 184.0 2752.941162109375
80.0 184.0 2729.411865234375
84.0 184.0 2776.470703125
88.0 184.0 2776.470703125
92.0 184.0 2835.294189453125
96.0 184.0 2764.705810546875
100.0 184.0 2835.294189453125
104.0 184.0 2741.176513671875
108.0 184.0 2705.88232421875
112.0 184.0 2729.411865234375
116.0 184.0 2752.941162109375
120.0 184.0 2694.11767578125
124.0 184.0 2752.941162109375
128.0 184.0 2623.529541015625
132.0 184.0 2670.588134765625
136.0 184.0 2647.058837890625
140.0 184.0 2670.588134765625
144.0 184.0 2588.2353515625
148.0 184.0 2705.88232421875
152.0 184.0 2670.588134765625
156.0 184.0 2670.588134765625
160.0 184.0 2611.7646484375
164.0 184.0 2576.470703125
168.0 184.0 2552.941162109375
172.0 184.0 2505.88232421875
176.0 184.0 2435.294189453125
180.0 184.0 2517.64697265625
184.0 184.0 2435.294189453125
188.0 184.0 2505.88232421875
192.0 184.0 2505.88232421875
196.0 184.0 2505.88232421875
200.0 184.0 2435.294189453125
204.0 184.0 2423.529541015625
208.0 184.0 2482.35302734375
212.0 184.0 2411.7646484375
216.0 184.0 2423.529541015625
220.0 184.0 2435.294189453125
224.0 184.0 2482.35302734375
228.0 184.0 2482.35302734375
232.0 184.0 2447.058837890625
236.0 184.0 2505.88232421875
240.0 184.0 2400.0
244.0 184.0 2470.58837890625
248.0 184.0 2435.294189453125
252.0 184.0 2482.35302734375
256.0 184.0 2447.058837890625
260.0 184.0 2435.294189453125
264.0 184.0 2482.35302734375
268.0 184.0 2505.88232421875
272.0 184.0 2505.88232421875
276.0 184.0 2623.529541015625
280.0 184.0 2741.176513671875
284.0 184.0 2905.88232421875
288.0 184.0 2764.705810546875
292.0 184.0 2752.941162109375
296.0 184.0 2670.588134765625
300.0 184.0 2858.823486328125
304.0 184.0 2835.294189453125
308.0 184.0 2858.823486328125
312.0 184.0 2823.529541015625
316.0 184.0 2682.35302734375
320.0 184.0 2682.35302734375
324.0 184.0 2552.941162109375
328.0 184.0 2505.88232421875
332.0 184.0 2564.705810546875
336.0 184.0 2529.411865234375
340.0 184.0 2505.88232421875
344.0 184.0 2470.58837890625
348.0 184.0 2505.88232421875
352.0 184.0 2447.058837890625
356.0 184.0 2494.11767578125
360.0 184.0 2470.58837890625
364.0 184.0 2447.058837890625
368.0 184.0 2411.7646484375
372.0 184.0 2435.294189453125
376.0 184.0 2482.35302734375
380.0 184.0 2388.2353515625
384.0 184.0 2435.294189453125
388.0 184.0 2411.7646484375
392.0 184.0 2423.529541015625
396.0 184.0 2423.529541015625
400.0 184.0 2364.705810546875
404.0 184.0 2352.941162109375
408.0 184.0 2341.176513671875
412.0 184.0 2329.411865234375
416.0 184.0 2282.35302734375
420.0 184.0 2329.411865234375
424.0 184.0 2352.941162109375
428.0 184.0 2247.058837890625
432.0 184.0 2317.647216796875
436.0 184.0 2247.058837890625
440.0 184.0 2223.529541015625
444.0 184.0 2164.705810546875
448.0 184.0 2117.647216796875
452.0 184.0 2176.470703125
456.0 184.0 2105.88232421875
460.0 184.0 2082.35302734375
464.0 184.0 2152.941162109375
468.0 184.0 2023.5294189453125
472.0 184.0 2105.88232421875
476.0 184.0 2011.7647705078125
480.0 184.0 1976.470703125
484.0 184.0 1905.8824462890625
488.0 184.0 1905.8824462890625
492.0 184.0 1752.9412841796875
496.0 184.0 1517.6470947265625
500.0 184.0 1447.058837890625
504.0 184.0 1117.6470947265625
508.0 184.0 823.5294799804688
512.0 184.0 588.2352905273438
516.0 184.0 529.4118041992188
520.0 184.0 505.8823547363281
524.0 184.0 517.6470947265625
528.0 184.0 400.0000305175781
532.0 184.0 388.2353210449219
536.0 184.0 470.5882568359375
540.0 184.0 470.5882568359375
544.0 184.0 494.11767578125
548.0 184.0 447.058837890625
552.0 184.0 494.11767578125
556.0 184.0 482.35296630859375
560.0 184.0 435.29412841796875
564.0 184.0 482.35296630859375
568.0 184.0 494.11767578125
572.0 184.0 505.8823547363281
576.0 184.0 505.8823547363281
580.0 184.0 505.8823547363281
584.0 184.0 423.5294189453125
588.0 184.0 494.11767578125
592.0 184.0 482.35296630859375
596.0 184.0 564.7058715820312
600.0 184.0 423.5294189453125
604.0 184.0 494.11767578125
608.0 184.0 423.5294189453125
612.0 184.0 494.11767578125
616.0 184.0 447.058837890625
620.0 184.0 482.35296630859375
624.0 184.0 435.29412841796875
628.0 184.0 517.6470947265625
632.0 184.0 505.8823547363281
636.0 184.0 470.5882568359375
0.0 188.0 2811.7646484375
4.0 188.0 2823.529541015625
8.0 188.0 2847.058837890625
12.0 188.0 2811.7646484375
16.0 188.0 2811.7646484375
20.0 188.0 2823.529541015625
24.0 188.0 2835.294189453125
28.0 188.0 2870.588134765625
32.0 188.0 2752.941162109375
36.0 188.0 2811.7646484375
40.0 188.0 2823.529541015625
44.0 188.0 2811.7646484375
48.0 188.0 2764.705810546875
52.0 188.0 2811.7646484375
56.0 188.0 2858.823486328125
60.0 188.0 2705.88232421875
64.0 188.0 2835.294189453125
68.0 188.0 2752.941162109375
72.0 188.0 2847.058837890625
76.0 188.0 2752.941162109375
80.0 188.0 2694.11767578125
84.0 188.0 2752.941162109375
88.0 188.0 2788.2353515625
92.0 188.0 2741.176513671875
96.0 188.0 2752.941162109375
100.0 188.0 2752.941162109375
104.0 188.0 2705.88232421875
108.0 188.0 2741.176513671875
112.0 188.0 2647.058837890625
116.0 188.0 2670.588134765625
120.0 188.0 2658.823486328125
124.0 188.0 2670.588134765625
128.0 188.0 2658.823486328125
132.0 188.0 2658.823486328125
136.0 188.0 2576.470703125
140.0 188.0 2623.529541015625
144.0 188.0 2600.0
148.0 188.0 2647.058837890625
152.0 188.0 2600.0
156.0 188.0 2564.705810546875
160.0 188.0 2564.705810546875
164.0 188.0 2494.11767578125
168.0 188.0 2552.941162109375
172.0 188.0 2423.529541015625
176.0 188.0 2470.58837890625
180.0 188.0 2494.11767578125
184.0 188.0 2505.88232421875
188.0 188.0 2447.058837890625
192.0 188.0 2435.294189453125
196.0 188.0 2447.058837890625
200.0 188.0 2423.529541015625
204.0 188.0 2517.64697265625
208.0 188.0 2494.11767578125
212.0 188.0 2364.705810546875
216.0 188.0 2411.7646484375
220.0 188.0 2494.11767578125
224.0 188.0 2494.11767578125
228.0 188.0 2482.35302734375
232.0 188.0 2447.058837890625
236.0 188.0 2505.88232421875
240.0 188.0 2447.058837890625
244.0 188.0 2482.35302734375
248.0 188.0 2494.11767578125
252.0 188.0 2423.529541015625
256.0 188.0 2482.35302734375
260.0 188.0 2423.529541015625
264.0 188.0 2482.35302734375
268.0 188.0 2435.294189453125
272.0 188.0 2470.58837890625
276.0 188.0 2600.0
280.0 188.0 2670.588134765625
284.0 188.0 2752.941162109375
288.0 188.0 2870.588134765625
292.0 188.0 2776.470703125
296.0 188.0 2752.941162109375
300.0 188.0 2894.11767578125
304.0 188.0 2694.11767578125
308.0 188.0 2776.470703125
312.0 188.0 2776.470703125
316.0 188.0 2600.0
320.0 188.0 2588.2353515625
324.0 188.0 2588.2353515625
328.0 188.0 2529.411865234375
332.0 188.0 2494.11767578125
336.0 188.0 2482.35302734375
340.0 188.0 2517.64697265625
344.0 188.0 2447.058837890625
348.0 188.0 2494.11767578125
352.0 188.0 2470.58837890625
356.0 188.0 2482.35302734375
360.0 188.0 2447.058837890625
364.0 188.0 2494.11767578125
368.0 188.0 2411.7646484375
372.0 188.0 2423.529541015625
376.0 188.0 2400.0
380.0 188.0 2364.705810546875
384.0 188.0 2411.7646484375
388.0 188.0 2352.941162109375
392.0 188.0 2364.705810546875
396.0 188.0 2423.529541015625
400.0 188.0 2364.705810546875
404.0 188.0 2305.88232421875
408.0 188.0 2341.176513671875
412.0 188.0 2329.411865234375
416.0 188.0 2329.411865234375
420.0 188.0 2317.647216796875
424.0 188.0 2258.823486328125
428.0 188.0 2258.823486328125
432.0 188.0 2247.058837890625
436.0 188.0 2200.0
440.0 188.0 2258.823486328125
444.0 188.0 2105.88232421875
448.0 188.0 2082.35302734375
452.0 188.0 2164.705810546875
456.0 188.0 2152.941162109375
460.0 188.0 2094.11767578125
464.0 188.0 1929.411865234375
468.0 188.0 2000.0
472.0 188.0 2035.294189453125
476.0 188.0 1929.411865234375
480.0 188.0 1988.2353515625
484.0 188.0 2000.0
488.0 188.0 1941.176513671875
492.0 188.0 1752.9412841796875
496.0 188.0 1611.7647705078125
500.0 188.0 1411.7647705078125
504.0 188.0 1164.7059326171875
508.0 188.0 952.9412231445312
512.0 188.0 600.0
516.0 188.0 411.7647399902344
520.0 188.0 411.7647399902344
524.0 188.0 505.8823547363281
528.0 188.0 388.2353210449219
532.0 188.0 423.5294189453125
536.0 188.0 411.7647399902344
540.0 188.0 411.7647399902344
544.0 188.0 352.9411926269531
548.0 188.0 411.7647399902344
552.0 188.0 435.29412841796875
556.0 188.0 423.5294189453125
560.0 188.0 388.2353210449219
564.0 188.0 435.29412841796875
568.0 188.0 494.11767578125
572.0 188.0 341.1764831542969
576.0 188.0 364.70587158203125
580.0 188.0 517.6470947265625
584.0 188.0 470.5882568359375
588.0 188.0 447.058837890625
592.0 188.0 388.2353210449219
596.0 188.0 411.7647399902344
600.0 188.0 423.5294189453125
604.0 188.0 411.7647399902344
608.0 188.0 411.7647399902344
612.0 188.0 388.2353210449219
616.0 188.0 411.7647399902344
620.0 188.0 423.5294189453125
624.0 188.0 494.11767578125
628.0 188.0 505.8823547363281
632.0 188.0 435.29412841796875
636.0 188.0 400.0000305175781
0.0 192.0 2811.7646484375
4.0 192.0 2811.7646484375
8.0 192.0 2905.88232421875
12.0 192.0 2870.588134765625
16.0 192.0 2835.294189453125
20.0 192.0 2847.058837890625
24.0 192.0 2894.11767578125
28.0 192.0 2811.7646484375
32.0 192.0 2870.588134765625
36.0 192.0 2752.941162109375
40.0 192.0 2835.294189453125
44.0 192.0 2847.058837890625
48.0 192.0 2847.058837890625
52.0 192.0 2835.294189453125
56.0 192.0 2811.7646484375
60.0 192.0 2776.470703125
64.0 192.0 2894.11767578125
68.0 192.0 2764.705810546875
72.0 192.0 2776.470703125
76.0 192.0 2752.941162109375
80.0 192.0 2776.470703125
84.0 192.0 2705.88232421875
88.0 192.0 2752.941162109375
92.0 192.0 2752.941162109375
96.0 192.0 2764.705810546875
100.0 192.0 2682.35302734375
104.0 192.0 2752.941162109375
108.0 192.0 2741.176513671875
112.0 192.0 2741.176513671875
116.0 192.0 2658.823486328125
120.0 192.0 2647.058837890625
124.0 192.0 2670.588134765625
128.0 192.0 2682.35302734375
132.0 192.0 2705.88232421875
136.0 192.0 2611.7646484375
140.0 192.0 2670.588134765625
144.0 192.0 2658.823486328125
148.0 192.0 2611.7646484375
152.0 192.0 2588.2353515625
156.0 192.0 2647.058837890625
160.0 192.0 2658.823486328125
164.0 192.0 2564.705810546875
168.0 192.0 2517.64697265625
172.0 192.0 2505.88232421875
176.0 192.0 2517.64697265625
180.0 192.0 2505.88232421875
184.0 192.0 2494.11767578125
188.0 192.0 2435.294189453125
192.0 192.0 2447.058837890625
196.0 192.0 2482.35302734375
200.0 192.0 2447.058837890625
204.0 192.0 2482.35302734375
208.0 192.0 2423.529541015625
212.0 192.0 2435.294189453125
216.0 192.0 2423.529541015625
220.0 192.0 2400.0
224.0 192.0 2400.0
228.0 192.0 2423.529541015625
232.0 192.0 2470.58837890625
236.0 192.0 2470.58837890625
240.0 192.0 2435.294189453125
244.0 192.0 2470.58837890625
248.0 192.0 2470.58837890625
252.0 192.0 2470.58837890625
256.0 192.0 2505.88232421875
260.0 192.0 2423.529541015625
264.0 192.0 2423.529541015625
268.0 192.0 2482.35302734375
272.0 192.0 2435.294189453125
276.0 192.0 2552.941162109375
280.0 192.0 2588.2353515625
284.0 192.0 2670.588134765625
288.0 192.0 2823.529541015625
292.0 192.0 2894.11767578125
296.0 192.0 2823.529541015625
300.0 192.0 2858.823486328125
304.0 192.0 2776.470703125
308.0 192.0 2858.823486328125
312.0 192.0 2823.529541015625
316.0 192.0 2670.588134765625
320.0 192.0 2658.823486328125
324.0 192.0 2564.705810546875
328.0 192.0 2576.470703125
332.0 192.0 2470.58837890625
336.0 192.0 2517.64697265625
340.0 192.0 2494.11767578125
344.0 192.0 2494.11767578125
348.0 192.0 2482.35302734375
352.0 192.0 2435.294189453125
356.0 192.0 2494.11767578125
360.0 192.0 2400.0
364.0 192.0 2388.2353515625
368.0 192.0 2423.529541015625
372.0 192.0 2482.35302734375
376.0 192.0 2482.35302734375
380.0 192.0 2411.7646484375
384.0 192.0 2423.529541015625
388.0 192.0 2400.0
392.0 192.0 2388.2353515625
396.0 192.0 2400.0
400.0 192.0 2341.176513671875
404.0 192.0 2364.705810546875
408.0 192.0 2364.705810546875
412.0 192.0 2329.411865234375
416.0 192.0 2329.411865234375
420.0 192.0 2258.823486328125
424.0 192.0 2270.58837890625
428.0 192.0 2305.88232421875
432.0 192.0 2258.823486328125
436.0 192.0 2223.529541015625
440.0 192.0 2258.823486328125
444.0 192.0 2176.470703125
448.0 192.0 2176.470703125
452.0 192.0 2082.35302734375
456.0 192.0 2164.705810546875
460.0 192.0 2188.2353515625
464.0 192.0 2070.58837890625
468.0 192.0 2000.0
472.0 192.0 2023.5294189453125
476.0 192.0 2070.58837890625
480.0 192.0 2035.294189453125
484.0 192.0 1941.176513671875
488.0 192.0 1917.6470947265625
492.0 192.0 1847.058837890625
496.0 192.0 1658.8236083984375
500.0 192.0 1447.058837890625
504.0 192.0 1247.058837890625
508.0 192.0 917.6470947265625
512.0 192.0 670.5882568359375
516.0 192.0 494.11767578125
520.0 192.0 423.5294189453125
524.0 192.0 447.058837890625
528.0 192.0 447.058837890625
532.0 192.0 411.7647399902344
536.0 192.0 364.70587158203125
540.0 192.0 482.35296630859375
544.0 192.0 364.70587158203125
548.0 192.0 411.7647399902344
552.0 192.0 494.11767578125
556.0 192.0 482.35296630859375
560.0 192.0 470.5882568359375
564.0 192.0 423.5294189453125
568.0 192.0 494.11767578125
572.0 192.0 505.8823547363281
576.0 192.0 447.058837890625
580.0 192.0 494.11767578125
584.0 192.0 447.058837890625
588.0 192.0 435.29412841796875
592.0 192.0 435.29412841796875
596.0 192.0 435.29412841796875
600.0 192.0 411.7647399902344
604.0 192.0 364.70587158203125
608.0 192.0 447.058837890625
612.0 192.0 447.058837890625
616.0 192.0 470.5882568359375
620.0 192.0 482.35296630859375
624.0 192.0 447.058837890625
628.0 192.0 517.6470947265625
632.0 192.0 423.5294189453125
636.0 192.0 447.058837890625
0.0 196.0 2776.470703125
4.0 196.0 2835.294189453125
8.0 196.0 2847.058837890625
12.0 196.0 2835.294189453125
16.0 196.0 2811.7646484375
20.0 196.0 2858.823486328125
24.0 196.0 2858.823486328125
28.0 196.0 2847.058837890625
32.0 196.0 2905.88232421875
36.0 196.0 2858.823486328125
40.0 196.0 2835.294189453125
44.0 196.0 2847.058837890625
48.0 196.0 2823.529541015625
52.0 196.0 2894.11767578125
56.0 196.0 2752.941162109375
60.0 196.0 2776.470703125
64.0 196.0 2835.294189453125
68.0 196.0 2741.176513671875
72.0 196.0 2788.2353515625
76.0 196.0 2764.705810546875
80.0 196.0 2764.705810546875
84.0 196.0 2811.7646484375
88.0 196.0 2752.941162109375
92.0 196.0 2752.941162109375
96.0 196.0 2823.529541015625
100.0 196.0 2752.941162109375
104.0 196.0 2729.411865234375
108.0 196.0 2741.176513671875
112.0 196.0 2694.11767578125
116.0 196.0 2658.823486328125
120.0 196.0 2670.588134765625
124.0 196.0 2600.0
128.0 196.0 2729.411865234375
132.0 196.0 2682.35302734375
136.0 196.0 2611.7646484375
140.0 196.0 2670.588134765625
144.0 196.0 2576.470703125
148.0 196.0 2600.0
152.0 196.0 2647.058837890625
156.0 196.0 2564.705810546875
160.0 196.0 2588.2353515625
164.0 196.0 2505.88232421875
168.0 196.0 2505.88232421875
172.0 196.0 2494.11767578125
176.0 196.0 2494.11767578125
180.0 196.0 2482.35302734375
184.0 196.0 2482.35302734375
188.0 196.0 2552.941162109375
192.0 196.0 2494.11767578125
196.0 196.0 2576.470703125
200.0 196.0 2482.35302734375
204.0 196.0 2505.88232421875
208.0 196.0 2505.88232421875
212.0 196.0 2447.058837890625
216.0 196.0 2470.58837890625
220.0 196.0 2447.058837890625
224.0 196.0 2494.11767578125
228.0 196.0 2505.88232421875
232.0 196.0 2423.529541015625
236.0 196.0 2494.11767578125
240.0 196.0 2470.58837890625
244.0 196.0 2517.64697265625
248.0 196.0 2482.35302734375
252.0 196.0 2411.7646484375
256.0 196.0 2423.529541015625
260.0 196.0 2470.58837890625
264.0 196.0 2482.35302734375
268.0 196.0 2482.35302734375
272.0 196.0 2517.64697265625
276.0 196.0 2564.705810546875
280.0 196.0 2600.0
284.0 196.0 2682.35302734375
288.0 196.0 2752.941162109375
292.0 196.0 2905.88232421875
296.0 196.0 2835.294189453125
300.0 196.0 2788.2353515625
304.0 196.0 2905.88232421875
308.0 196.0 2847.058837890625
312.0 196.0 2811.7646484375
316.0 196.0 2705.88232421875
320.0 196.0 2623.529541015625
324.0 196.0 2611.7646484375
328.0 196.0 2505.88232421875
332.0 196.0 2505.88232421875
336.0 196.0 2482.35302734375
340.0 196.0 2564.705810546875
344.0 196.0 2447.058837890625
348.0 196.0 2517.64697265625
352.0 196.0 2482.35302734375
356.0 196.0 2447.058837890625
360.0 196.0 2447.058837890625
364.0 196.0 2423.529541015625
368.0 196.0 2423.529541015625
372.0 196.0 2411.7646484375
376.0 196.0 2482.35302734375
380.0 196.0 2352.941162109375
384.0 196.0 2400.0
388.0 196.0 2435.294189453125
392.0 196.0 2400.0
396.0 196.0 2388.2353515625
400.0 196.0 2400.0
404.0 196.0 2400.0
408.0 196.0 2364.705810546875
412.0 196.0 2411.7646484375
416.0 196.0 2282.35302734375
420.0 196.0 2282.35302734375
424.0 196.0 2270.58837890625
428.0 196.0 2258.823486328125
432.0 196.0 2270.58837890625
436.0 196.0 2247.058837890625
440.0 196.0 2282.35302734375
444.0 196.0 2235.294189453125
448.0 196.0 2305.88232421875
452.0 196.0 2152.941162109375
456.0 196.0 2152.941162109375
460.0 196.0 2223.529541015625
464.0 196.0 2058.823486328125
468.0 196.0 2035.294189453125
472.0 196.0 2058.823486328125
476.0 196.0 2000.0
480.0 196.0 2023.5294189453125
484.0 196.0 1894.11767578125
488.0 196.0 1988.2353515625
492.0 196.0 1823.529541015625
496.0 196.0 1611.7647705078125
500.0 196.0 1435.2940673828125
504.0 196.0 1305.88232421875
508.0 196.0 1070.5882568359375
512.0 196.0 694.11767578125
516.0 196.0 529.4118041992188
520.0 196.0 435.29412841796875
524.0 196.0 494.11767578125
528.0 196.0 411.7647399902344
532.0 196.0 400.0000305175781
536.0 196.0 388.2353210449219
540.0 196.0 482.35296630859375
544.0 196.0 411.7647399902344
548.0 196.0 411.7647399902344
552.0 196.0 423.5294189453125
556.0 196.0 411.7647399902344
560.0 196.0 447.058837890625
564.0 196.0 517.6470947265625
568.0 196.0 411.7647399902344
572.0 196.0 470.5882568359375
576.0 196.0 411.7647399902344
580.0 196.0 517.6470947265625
584.0 196.0 423.5294189453125
588.0 196.0 411.7647399902344
592.0 196.0 447.058837890625
596.0 196.0 494.11767578125
600.0 196.0 423.5294189453125
604.0 196.0 305.8823547363281
608.0 196.0 400.0000305175781
612.0 196.0 505.8823547363281
616.0 196.0 494.11767578125
620.0 196.0 482.35296630859375
624.0 196.0 470.5882568359375
628.0 196.0 505.8823547363281
632.0 196.0 435.29412841796875
636.0 196.0 529.4118041992188
0.0 200.0 2788.2353515625
4.0 200.0 2823.529541015625
8.0 200.0 2858.823486328125
12.0 200.0 2729.411865234375
16.0 200.0 2835.294189453125
20.0 200.0 2788.2353515625
24.0 200.0 2835.294189453125
28.0 200.0 2835.294189453125
32.0 200.0 2788.2353515625
36.0 200.0 2752.941162109375
40.0 200.0 2835.294189453125
44.0 200.0 2788.2353515625
48.0 200.0 2752.941162109375
52.0 200.0 2835.294189453125
56.0 200.0 2776.470703125
60.0 200.0 2741.176513671875
64.0 200.0 2752.941162109375
68.0 200.0 2835.294189453125
72.0 200.0 2670.588134765625
76.0 200.0 2729.411865234375
80.0 200.0 2776.470703125
84.0 200.0 2682.35302734375
88.0 200.0 2752.941162109375
92.0 200.0 2741.176513671875
96.0 200.0 2729.411865234375
100.0 200.0 2705.88232421875
104.0 200.0 2694.11767578125
108.0 200.0 2682.35302734375
112.0 200.0 2623.529541015625
116.0 200.0 2611.7646484375
120.0 200.0 2611.7646484375
124.0 200.0 2647.058837890625
128.0 200.0 2529.411865234375
132.0 200.0 2658.823486328125
136.0 200.0 2588.2353515625
140.0 200.0 2623.529541015625
144.0 200.0 2588.2353515625
148.0 200.0 2588.2353515625
152.0 200.0 2658.823486328125
156.0 200.0 2588.2353515625
160.0 200.0 2552.941162109375
164.0 200.0 2517.64697265625
168.0 200.0 2435.294189453125
172.0 200.0 2517.64697265625
176.0 200.0 2470.58837890625
180.0 200.0 2494.11767578125
184.0 200.0 2435.294189453125
188.0 200.0 2482.35302734375
192.0 200.0 2552.941162109375
196.0 200.0 2470.58837890625
200.0 200.0 2435.294189453125
204.0 200.0 2435.294189453125
208.0 200.0 2447.058837890625
212.0 200.0 2435.294189453125
216.0 200.0 2447.058837890625
220.0 200.0 2447.058837890625
224.0 200.0 2423.529541015625
228.0 200.0 2470.58837890625
232.0 200.0 2505.88232421875
236.0 200.0 2505.88232421875
240.0 200.0 2494.11767578125
244.0 200.0 2505.88232421875
248.0 200.0 2435.294189453125
252.0 200.0 2423.529541015625
256.0 200.0 2400.0
260.0 200.0 2470.58837890625
264.0 200.0 2423.529541015625
268.0 200.0 2470.58837890625
272.0 200.0 2482.35302734375
276.0 200.0 2470.58837890625
280.0 200.0 2552.941162109375
284.0 200.0 2600.0
288.0 200.0 2682.35302734375
292.0 200.0 2835.294189453125
296.0 200.0 2823.529541015625
300.0 200.0 2835.294189453125
304.0 200.0 2835.294189453125
308.0 200.0 2823.529541015625
312.0 200.0 2811.7646484375
316.0 200.0 2588.2353515625
320.0 200.0 2611.7646484375
324.0 200.0 2647.058837890625
328.0 200.0 2517.64697265625
332.0 200.0 2435.294189453125
336.0 200.0 2447.058837890625
340.0 200.0 2517.64697265625
344.0 200.0 2447.058837890625
348.0 200.0 2529.411865234375
352.0 200.0 2505.88232421875
356.0 200.0 2494.11767578125
360.0 200.0 2423.529541015625
364.0 200.0 2423.529541015625
368.0 200.0 2400.0
372.0 200.0 2423.529541015625
376.0 200.0 2552.941162109375
380.0 200.0 2411.7646484375
384.0 200.0 2435.294189453125
388.0 200.0 2352.941162109375
392.0 200.0 2411.7646484375
396.0 200.0 2400.0
400.0 200.0 2411.7646484375
404.0 200.0 2411.7646484375
408.0 200.0 2364.705810546875
412.0 200.0 2305.88232421875
416.0 200.0 2317.647216796875
420.0 200.0 2317.647216796875
424.0 200.0 2400.0
428.0 200.0 2352.941162109375
432.0 200.0 2329.411865234375
436.0 200.0 2223.529541015625
440.0 200.0 2258.823486328125
444.0 200.0 2235.294189453125
448.0 200.0 2176.470703125
452.0 200.0 2176.470703125
456.0 200.0 2223.529541015625
460.0 200.0 2058.823486328125
464.0 200.0 2070.58837890625
468.0 200.0 2082.35302734375
472.0 200.0 2000.0
476.0 200.0 1988.2353515625
480.0 200.0 1976.470703125
484.0 200.0 1988.2353515625
488.0 200.0 2000.0
492.0 200.0 1905.8824462890625
496.0 200.0 1670.5882568359375
500.0 200.0 1494.11767578125
504.0 200.0 1352.941162109375
508.0 200.0 1058.8236083984375
512.0 200.0 752.9412231445312
516.0 200.0 470.5882568359375
520.0 200.0 411.7647399902344
524.0 200.0 435.29412841796875
528.0 200.0 482.35296630859375
532.0 200.0 447.058837890625
536.0 200.0 411.7647399902344
540.0 200.0 423.5294189453125
544.0 200.0 364.70587158203125
548.0 200.0 341.1764831542969
552.0 200.0 447.058837890625
556.0 200.0 482.35296630859375
560.0 200.0 447.058837890625
564.0 200.0 423.5294189453125
568.0 200.0 423.5294189453125
572.0 200.0 423.5294189453125
576.0 200.0 435.29412841796875
580.0 200.0 482.35296630859375
584.0 200.0 447.058837890625
588.0 200.0 400.0000305175781
592.0 200.0 388.2353210449219
596.0 200.0 411.7647399902344
600.0 200.0 470.5882568359375
604.0 200.0 423.5294189453125
608.0 200.0 400.0000305175781
612.0 200.0 411.7647399902344
616.0 200.0 411.7647399902344
620.0 200.0 447.058837890625
624.0 200.0 423.5294189453125
628.0 200.0 505.8823547363281
632.0 200.0 494.11767578125
636.0 200.0 494.11767578125
0.0 204.0 2835.294189453125
4.0 204.0 2835.294189453125
8.0 204.0 2858.823486328125
12.0 204.0 2847.058837890625
16.0 204.0 2858.823486328125
20.0 204.0 2847.058837890625
24.0 204.0 2823.529541015625
28.0 204.0 2835.294189453125
32.0 204.0 2823.529541015625
36.0 204.0 2823.529541015625
40.0 204.0 2823.529541015625
44.0 204.0 2870.588134765625
48.0 204.0 2764.705810546875
52.0 204.0 2788.2353515625
56.0 204.0 2788.2353515625
60.0 204.0 2729.411865234375
64.0 204.0 2823.529541015625
68.0 204.0 2776.470703125
72.0 204.0 2764.705810546875
76.0 204.0 2752.941162109375
80.0 204.0 2682.35302734375
84.0 204.0 2694.11767578125
88.0 204.0 2694.11767578125
92.0 204.0 2670.588134765625
96.0 204.0 2764.705810546875
100.0 204.0 2682.35302734375
104.0 204.0 2670.588134765625
108.0 204.0 2623.529541015625
112.0 204.0 2670.588134765625
116.0 204.0 2658.823486328125
120.0 204.0 2623.529541015625
124.0 204.0 2670.588134765625
128.0 204.0 2611.7646484375
132.0 204.0 2682.35302734375
136.0 204.0 2576.470703125
140.0 204.0 2705.88232421875
144.0 204.0 2576.470703125
148.0 204.0 2552.941162109375
152.0 204.0 2588.2353515625
156.0 204.0 2588.2353515625
160.0 204.0 2517.64697265625
164.0 204.0 2505.88232421875
168.0 204.0 2470.58837890625
172.0 204.0 2505.88232421875
176.0 204.0 2482.35302734375
180.0 204.0 2423.529541015625
184.0 204.0 2494.11767578125
188.0 204.0 2505.88232421875
192.0 204.0 2505.88232421875
196.0 204.0 2505.88232421875
200.0 204.0 2435.294189453125
204.0 204.0 2470.58837890625
208.0 204.0 2482.35302734375
212.0 204.0 2411.7646484375
216.0 204.0 2517.64697265625
220.0 204.0 2494.11767578125
224.0 204.0 2482.35302734375
228.0 204.0 2505.88232421875
232.0 204.0 2505.88232421875
236.0 204.0 2564.705810546875
240.0 204.0 2494.11767578125
244.0 204.0 2505.88232421875
248.0 204.0 2470.58837890625
252.0 204.0 2494.11767578125
256.0 204.0 2494.11767578125
260.0 204.0 2517.64697265625
264.0 204.0 2423.529541015625
268.0 204.0 2494.11767578125
272.0 204.0 2505.88232421875
276.0 204.0 2517.64697265625
280.0 204.0 2482.35302734375
284.0 204.0 2564.705810546875
288.0 204.0 2647.058837890625
292.0 204.0 2776.470703125
296.0 204.0 2752.941162109375
300.0 204.0 2835.294189453125
304.0 204.0 2870.588134765625
308.0 204.0 2847.058837890625
312.0 204.0 2905.88232421875
316.0 204.0 2682.35302734375
320.0 204.0 2588.2353515625
324.0 204.0 2505.88232421875
328.0 204.0 2564.705810546875
332.0 204.0 2447.058837890625
336.0 204.0 2482.35302734375
340.0 204.0 2435.294189453125
344.0 204.0 2482.35302734375
348.0 204.0 2505.88232421875
352.0 204.0 2470.58837890625
356.0 204.0 2447.058837890625
360.0 204.0 2447.058837890625
364.0 204.0 2494.11767578125
368.0 204.0 2435.294189453125
372.0 204.0 2447.058837890625
376.0 204.0 2494.11767578125
380.0 204.0 2423.529541015625
384.0 204.0 2423.529541015625
388.0 204.0 2388.2353515625
392.0 204.0 2423.529541015625
396.0 204.0 2482.35302734375
400.0 204.0 2411.7646484375
404.0 204.0 2400.0
408.0 204.0 2364.705810546875
412.0 204.0 2400.0
416.0 204.0 2341.176513671875
420.0 204.0 2305.88232421875
424.0 204.0 2411.7646484375
428.0 204.0 2305.88232421875
432.0 204.0 2258.823486328125
436.0 204.0 2258.823486328125
440.0 204.0 2305.88232421875
444.0 204.0 2235.294189453125
448.0 204.0 2247.058837890625
452.0 204.0 2200.0
456.0 204.0 2200.0
460.0 204.0 2082.35302734375
464.0 204.0 2117.647216796875
468.0 204.0 2082.35302734375
472.0 204.0 2035.294189453125
476.0 204.0 2000.0
480.0 204.0 2035.294189453125
484.0 204.0 1952.9412841796875
488.0 204.0 1917.6470947265625
492.0 204.0 1870.5882568359375
496.0 204.0 1705.8824462890625
500.0 204.0 1529.411865234375
504.0 204.0 1400.0
508.0 204.0 1141.176513671875
512.0 204.0 764.7059326171875
516.0 204.0 529.4118041992188
520.0 204.0 388.2353210449219
524.0 204.0 435.29412841796875
528.0 204.0 482.35296630859375
532.0 204.0 411.7647399902344
536.0 204.0 388.2353210449219
540.0 204.0 400.0000305175781
544.0 204.0 400.0000305175781
548.0 204.0 447.058837890625
552.0 204.0 411.7647399902344
556.0 204.0 411.7647399902344
560.0 204.0 447.058837890625
564.0 204.0 411.7647399902344
568.0 204.0 494.11767578125
572.0 204.0 352.9411926269531
576.0 204.0 329.4117736816406
580.0 204.0 435.29412841796875
584.0 204.0 400.0000305175781
588.0 204.0 470.5882568359375
592.0 204.0 482.35296630859375
596.0 204.0 482.35296630859375
600.0 204.0 364.70587158203125
604.0 204.0 435.29412841796875
608.0 204.0 482.35296630859375
612.0 204.0 470.5882568359375
616.0 204.0 482.35296630859375
620.0 204.0 482.35296630859375
624.0 204.0 482.35296630859375
628.0 204.0 470.5882568359375
632.0 204.0 470.5882568359375
636.0 204.0 423.5294189453125
0.0 208.0 2847.058837890625
4.0 208.0 2835.294189453125
8.0 208.0 2823.529541015625
12.0 208.0 2788.2353515625
16.0 208.0 2823.529541015625
20.0 208.0 2847.058837890625
24.0 208.0 2835.294189453125
28.0 208.0 2905.88232421875
32.0 208.0 2811.7646484375
36.0 208.0 2835.294189453125
40.0 208.0 2823.529541015625
44.0 208.0 2835.294189453125
48.0 208.0 2764.705810546875
52.0 208.0 2811.7646484375
56.0 208.0 2752.941162109375
60.0 208.0 2741.176513671875
64.0 208.0 2835.294189453125
68.0 208.0 2741.176513671875
72.0 208.0 2741.176513671875
76.0 208.0 2741.176513671875
80.0 208.0 2752.941162109375
84.0 208.0 2741.176513671875
88.0 208.0 2694.11767578125
92.0 208.0 2682.35302734375
96.0 208.0 2658.823486328125
100.0 208.0 2694.11767578125
104.0 208.0 2729.411865234375
108.0 208.0 2658.823486328125
112.0 208.0 2647.058837890625
116.0 208.0 2611.7646484375
120.0 208.0 2623.529541015625
124.0 208.0 2588.2353515625
128.0 208.0 2576.470703125
132.0 208.0 2588.2353515625
136.0 208.0 2564.705810546875
140.0 208.0 2564.705810546875
144.0 208.0 2529.411865234375
148.0 208.0 2494.11767578125
152.0 208.0 2588.2353515625
156.0 208.0 2576.470703125
160.0 208.0 2505.88232421875
164.0 208.0 2494.11767578125
168.0 208.0 2505.88232421875
172.0 208.0 2505.88232421875
176.0 208.0 2482.35302734375
180.0 208.0 2423.529541015625
184.0 208.0 2447.058837890625
188.0 208.0 2505.88232421875
192.0 208.0 2470.58837890625
196.0 208.0 2494.11767578125
200.0 208.0 2470.58837890625
204.0 208.0 2494.11767578125
208.0 208.0 2470.58837890625
212.0 208.0 2494.11767578125
216.0 208.0 2482.35302734375
220.0 208.0 2494.11767578125
224.0 208.0 2494.11767578125
228.0 208.0 2505.88232421875
232.0 208.0 2505.88232421875
236.0 208.0 2529.411865234375
240.0 208.0 2470.58837890625
244.0 208.0 2470.58837890625
248.0 208.0 2470.58837890625
252.0 208.0 2447.058837890625
256.0 208.0 2505.88232421875
260.0 208.0 2505.88232421875
264.0 208.0 2552.941162109375
268.0 208.0 2505.88232421875
272.0 208.0 2494.11767578125
276.0 208.0 2470.58837890625
280.0 208.0 2505.88232421875
284.0 208.0 2505.88232421875
288.0 208.0 2647.058837890625
292.0 208.0 2670.588134765625
296.0 208.0 2670.588134765625
300.0 208.0 2847.058837890625
304.0 208.0 2905.88232421875
308.0 208.0 2917.64697265625
312.0 208.0 2776.470703125
316.0 208.0 2705.88232421875
320.0 208.0 2564.705810546875
324.0 208.0 2505.88232421875
328.0 208.0 2552.941162109375
332.0 208.0 2482.35302734375
336.0 208.0 2447.058837890625
340.0 208.0 2505.88232421875
344.0 208.0 2470.58837890625
348.0 208.0 2447.058837890625
352.0 208.0 2482.35302734375
356.0 208.0 2411.7646484375
360.0 208.0 2482.35302734375
364.0 208.0 2423.529541015625
368.0 208.0 2447.058837890625
372.0 208.0 2435.294189453125
376.0 208.0 2470.58837890625
380.0 208.0 2388.2353515625
384.0 208.0 2400.0
388.0 208.0 2364.705810546875
392.0 208.0 2400.0
396.0 208.0 2494.11767578125
400.0 208.0 2388.2353515625
404.0 208.0 2411.7646484375
408.0 208.0 2435.294189453125
412.0 208.0 2400.0
416.0 208.0 2388.2353515625
420.0 208.0 2329.411865234375
424.0 208.0 2364.705810546875
428.0 208.0 2247.058837890625
432.0 208.0 2329.411865234375
436.0 208.0 2270.58837890625
440.0 208.0 2305.88232421875
444.0 208.0 2258.823486328125
448.0 208.0 2223.529541015625
452.0 208.0 2176.470703125
456.0 208.0 2164.705810546875
460.0 208.0 2105.88232421875
464.0 208.0 2105.88232421875
468.0 208.0 2070.58837890625
472.0 208.0 2070.58837890625
476.0 208.0 2070.58837890625
480.0 208.0 2058.823486328125
484.0 208.0 2058.823486328125
488.0 208.0 1941.176513671875
492.0 208.0 1847.058837890625
496.0 208.0 1741.176513671875
500.0 208.0 1505.8824462890625
504.0 208.0 1388.2353515625
508.0 208.0 1188.2353515625
512.0 208.0 917.6470947265625
516.0 208.0 600.0
520.0 208.0 352.9411926269531
524.0 208.0 435.29412841796875
528.0 208.0 494.11767578125
532.0 208.0 482.35296630859375
536.0 208.0 388.2353210449219
540.0 208.0 470.5882568359375
544.0 208.0 435.29412841796875
548.0 208.0 400.0000305175781
552.0 208.0 411.7647399902344
556.0 208.0 423.5294189453125
560.0 208.0 447.058837890625
564.0 208.0 435.29412841796875
568.0 208.0 388.2353210449219
572.0 208.0 352.9411926269531
576.0 208.0 470.5882568359375
580.0 208.0 494.11767578125
584.0 208.0 470.5882568359375
588.0 208.0 435.29412841796875
592.0 208.0 400.0000305175781
596.0 208.0 435.29412841796875
600.0 208.0 494.11767578125
604.0 208.0 423.5294189453125
608.0 208.0 435.29412841796875
612.0 208.0 494.11767578125
616.0 208.0 435.29412841796875
620.0 208.0 505.8823547363281
624.0 208.0 411.7647399902344
628.0 208.0 494.11767578125
632.0 208.0 411.7647399902344
636.0 208.0 494.11767578125
0.0 212.0 2835.294189453125
4.0 212.0 2835.294189453125
8.0 212.0 2858.823486328125
12.0 212.0 2823.529541015625
16.0 212.0 2847.058837890625
20.0 212.0 2858.823486328125
24.0 212.0 2858.823486328125
28.0 212.0 2752.941162109375
32.0 212.0 2835.294189453125
36.0 212.0 2894.11767578125
40.0 212.0 2776.470703125
44.0 212.0 2764.705810546875
48.0 212.0 2776.470703125
52.0 212.0 2858.823486328125
56.0 212.0 2752.941162109375
60.0 212.0 2729.411865234375
64.0 212.0 2823.529541015625
68.0 212.0 2811.7646484375
72.0 212.0 2741.176513671875
76.0 212.0 2694.11767578125
80.0 212.0 2694.11767578125
84.0 212.0 2682.35302734375
88.0 212.0 2729.411865234375
92.0 212.0 2670.588134765625
96.0 212.0 2670.588134765625
100.0 212.0 2658.823486328125
104.0 212.0 2647.058837890625
108.0 212.0 2670.588134765625
112.0 212.0 2588.2353515625
116.0 212.0 2552.941162109375
120.0 212.0 2588.2353515625
124.0 212.0 2600.0
128.0 212.0 2529.411865234375
132.0 212.0 2623.529541015625
136.0 212.0 2564.705810546875
140.0 212.0 2658.823486328125
144.0 212.0 2588.2353515625
148.0 212.0 2517.64697265625
152.0 212.0 2564.705810546875
156.0 212.0 2576.470703125
160.0 212.0 2494.11767578125
164.0 212.0 2494.11767578125
168.0 212.0 2494.11767578125
172.0 212.0 2529.411865234375
176.0 212.0 2482.35302734375
180.0 212.0 2435.294189453125
184.0 212.0 2470.58837890625
188.0 212.0 2529.411865234375
192.0 212.0 2494.11767578125
196.0 212.0 2505.88232421875
200.0 212.0 2470.58837890625
204.0 212.0 2482.35302734375
208.0 212.0 2517.64697265625
212.0 212.0 2494.11767578125
216.0 212.0 2494.11767578125
220.0 212.0 2505.88232421875
224.0 212.0 2494.11767578125
228.0 212.0 2505.88232421875
232.0 212.0 2505.88232421875
236.0 212.0 2505.88232421875
240.0 212.0 2505.88232421875
244.0 212.0 2482.35302734375
248.0 212.0 2517.64697265625
252.0 212.0 2494.11767578125
256.0 212.0 2482.35302734375
260.0 212.0 2588.2353515625
264.0 212.0 2505.88232421875
268.0 212.0 2576.470703125
272.0 212.0 2470.58837890625
276.0 212.0 2505.88232421875
280.0 212.0 2564.705810546875
284.0 212.0 2588.2353515625
288.0 212.0 2505.88232421875
292.0 212.0 2588.2353515625
296.0 212.0 2623.529541015625
300.0 212.0 2741.176513671875
304.0 212.0 2870.588134765625
308.0 212.0 2917.64697265625
312.0 212.0 2917.64697265625
316.0 212.0 2776.470703125
320.0 212.0 2611.7646484375
324.0 212.0 2576.470703125
328.0 212.0 2435.294189453125
332.0 212.0 2529.411865234375
336.0 212.0 2482.35302734375
340.0 212.0 2494.11767578125
344.0 212.0 2529.411865234375
348.0 212.0 2552.941162109375
352.0 212.0 2517.64697265625
356.0 212.0 2494.11767578125
360.0 212.0 2423.529541015625
364.0 212.0 2411.7646484375
368.0 212.0 2494.11767578125
372.0 212.0 2470.58837890625
376.0 212.0 2423.529541015625
380.0 212.0 2400.0
384.0 212.0 2470.58837890625
388.0 212.0 2388.2353515625
392.0 212.0 2423.529541015625
396.0 212.0 2411.7646484375
400.0 212.0 2482.35302734375
404.0 212.0 2388.2353515625
408.0 212.0 2352.941162109375
412.0 212.0 2423.529541015625
416.0 212.0 2364.705810546875
420.0 212.0 2329.411865234375
424.0 212.0 2364.705810546875
428.0 212.0 2317.647216796875
432.0 212.0 2329.411865234375
436.0 212.0 2270.58837890625
440.0 212.0 2258.823486328125
444.0 212.0 2223.529541015625
448.0 212.0 2247.058837890625
452.0 212.0 2152.941162109375
456.0 212.0 2235.294189453125
460.0 212.0 2164.705810546875
464.0 212.0 2176.470703125
468.0 212.0 2117.647216796875
472.0 212.0 2117.647216796875
476.0 212.0 2082.35302734375
480.0 212.0 2082.35302734375
484.0 212.0 2070.58837890625
488.0 212.0 1988.2353515625
492.0 212.0 1870.5882568359375
496.0 212.0 1741.176513671875
500.0 212.0 1564.7059326171875
504.0 212.0 1482.3529052734375
508.0 212.0 1223.5294189453125
512.0 212.0 835.2941284179688
516.0 212.0 600.0
520.0 212.0 388.2353210449219
524.0 212.0 400.0000305175781
528.0 212.0 517.6470947265625
532.0 212.0 482.35296630859375
536.0 212.0 411.7647399902344
540.0 212.0 494.11767578125
544.0 212.0 411.7647399902344
548.0 212.0 447.058837890625
552.0 212.0 400.0000305175781
556.0 212.0 447.058837890625
560.0 212.0 494.11767578125
564.0 212.0 423.5294189453125
568.0 212.0 423.5294189453125
572.0 212.0 364.70587158203125
576.0 212.0 423.5294189453125
580.0 212.0 447.058837890625
584.0 212.0 494.11767578125
588.0 212.0 411.7647399902344
592.0 212.0 470.5882568359375
596.0 212.0 447.058837890625
600.0 212.0 388.2353210449219
604.0 212.0 411.7647399902344
608.0 212.0 447.058837890625
612.0 212.0 411.7647399902344
616.0 212.0 517.6470947265625
620.0 212.0 470.5882568359375
624.0 212.0 447.058837890625
628.0 212.0 447.058837890625
632.0 212.0 482.35296630859375
636.0 212.0 494.11767578125
0.0 216.0 2858.823486328125
4.0 216.0 2847.058837890625
8.0 216.0 2941.176513671875
12.0 216.0 2835.294189453125
16.0 216.0 2929.411865234375
20.0 216.0 2847.058837890625
24.0 216.0 2894.11767578125
28.0 216.0 2917.64697265625
32.0 216.0 2917.64697265625
36.0 216.0 2788.2353515625
40.0 216.0 2823.529541015625
44.0 216.0 2788.2353515625
48.0 216.0 2764.705810546875
52.0 216.0 2788.2353515625
56.0 216.0 2741.176513671875
60.0 216.0 2764.705810546875
64.0 216.0 2835.294189453125
68.0 216.0 2811.7646484375
72.0 216.0 2823.529541015625
76.0 216.0 2811.7646484375
80.0 216.0 2776.470703125
84.0 216.0 2729.411865234375
88.0 216.0 2741.176513671875
92.0 216.0 2658.823486328125
96.0 216.0 2764.705810546875
100.0 216.0 2705.88232421875
104.0 216.0 2670.588134765625
108.0 216.0 2611.7646484375
112.0 216.0 2658.823486328125
116.0 216.0 2600.0
120.0 216.0 2623.529541015625
124.0 216.0 2647.058837890625
128.0 216.0 2623.529541015625
132.0 216.0 2658.823486328125
136.0 216.0 2600.0
140.0 216.0 2647.058837890625
144.0 216.0 2611.7646484375
148.0 216.0 2600.0
152.0 216.0 2576.470703125
156.0 216.0 2552.941162109375
160.0 216.0 2564.705810546875
164.0 216.0 2564.705810546875
168.0 216.0 2505.88232421875
172.0 216.0 2505.88232421875
176.0 216.0 2505.88232421875
180.0 216.0 2482.35302734375
184.0 216.0 2470.58837890625
188.0 216.0 2552.941162109375
192.0 216.0 2494.11767578125
196.0 216.0 2494.11767578125
200.0 216.0 2482.35302734375
204.0 216.0 2494.11767578125
208.0 216.0 2505.88232421875
212.0 216.0 2517.64697265625
216.0 216.0 2494.11767578125
220.0 216.0 2482.35302734375
224.0 216.0 2494.11767578125
228.0 216.0 2482.35302734375
232.0 216.0 2517.64697265625
236.0 216.0 2517.64697265625
240.0 216.0 2482.35302734375
244.0 216.0 2482.35302734375
248.0 216.0 2529.411865234375
252.0 216.0 2505.88232421875
256.0 216.0 2470.58837890625
260.0 216.0 2505.88232421875
264.0 216.0 2505.88232421875
268.0 216.0 2505.88232421875
272.0 216.0 2505.88232421875
276.0 216.0 2505.88232421875
280.0 216.0 2482.35302734375
284.0 216.0 2529.411865234375
288.0 216.0 2482.35302734375
292.0 216.0 2505.88232421875
296.0 216.0 2505.88232421875
300.0 216.0 2576.470703125
304.0 216.0 2670.588134765625
308.0 216.0 2788.2353515625
312.0 216.0 2776.470703125
316.0 216.0 2788.2353515625
320.0 216.0 2694.11767578125
324.0 216.0 2552.941162109375
328.0 216.0 2576.470703125
332.0 216.0 2564.705810546875
336.0 216.0 2505.88232421875
340.0 216.0 2494.11767578125
344.0 216.0 2517.64697265625
348.0 216.0 2505.88232421875
352.0 216.0 2482.35302734375
356.0 216.0 2505.88232421875
360.0 216.0 2470.58837890625
364.0 216.0 2482.35302734375
368.0 216.0 2505.88232421875
372.0 216.0 2482.35302734375
376.0 216.0 2447.058837890625
380.0 216.0 2400.0
384.0 216.0 2470.58837890625
388.0 216.0 2411.7646484375
392.0 216.0 2400.0
396.0 216.0 2482.35302734375
400.0 216.0 2423.529541015625
404.0 216.0 2400.0
408.0 216.0 2423.529541015625
412.0 216.0 2423.529541015625
416.0 216.0 2411.7646484375
420.0 216.0 2341.176513671875
424.0 216.0 2423.529541015625
428.0 216.0 2341.176513671875
432.0 216.0 2388.2353515625
436.0 216.0 2341.176513671875
440.0 216.0 2282.35302734375
444.0 216.0 2329.411865234375
448.0 216.0 2282.35302734375
452.0 216.0 2235.294189453125
456.0 216.0 2305.88232421875
460.0 216.0 2247.058837890625
464.0 216.0 2270.58837890625
468.0 216.0 2176.470703125
472.0 216.0 2176.470703125
476.0 216.0 2105.88232421875
480.0 216.0 2058.823486328125
484.0 216.0 2070.58837890625
488.0 216.0 2058.823486328125
492.0 216.0 1929.411865234375
496.0 216.0 1811.7647705078125
500.0 216.0 1670.5882568359375
504.0 216.0 1505.8824462890625
508.0 216.0 1352.941162109375
512.0 216.0 988.2353515625
516.0 216.0 682.3529663085938
520.0 216.0 564.7058715820312
524.0 216.0 388.2353210449219
528.0 216.0 494.11767578125
532.0 216.0 411.7647399902344
536.0 216.0 482.35296630859375
540.0 216.0 470.5882568359375
544.0 216.0 400.0000305175781
548.0 216.0 400.0000305175781
552.0 216.0 388.2353210449219
556.0 216.0 447.058837890625
560.0 216.0 494.11767578125
564.0 216.0 411.7647399902344
568.0 216.0 470.5882568359375
572.0 216.0 423.5294189453125
576.0 216.0 423.5294189453125
580.0 216.0 447.058837890625
584.0 216.0 411.7647399902344
588.0 216.0 435.29412841796875
592.0 216.0 482.35296630859375
596.0 216.0 482.35296630859375
600.0 216.0 447.058837890625
604.0 216.0 423.5294189453125
608.0 216.0 411.7647399902344
612.0 216.0 447.058837890625
616.0 216.0 423.5294189453125
620.0 216.0 470.5882568359375
624.0 216.0 411.7647399902344
628.0 216.0 505.8823547363281
632.0 216.0 494.11767578125
636.0 216.0 482.35296630859375
0.0 220.0 2788.2353515625
4.0 220.0 2752.941162109375
8.0 220.0 2847.058837890625
12.0 220.0 2776.470703125
16.0 220.0 2905.88232421875
20.0 220.0 2835.294189453125
24.0 220.0 2835.294189453125
28.0 220.0 2811.7646484375
32.0 220.0 2858.823486328125
36.0 220.0 2752.941162109375
40.0 220.0 2823.529541015625
44.0 220.0 2764.705810546875
48.0 220.0 2776.470703125
52.0 220.0 2847.058837890625
56.0 220.0 2788.2353515625
60.0 220.0 2741.176513671875
64.0 220.0 2788.2353515625
68.0 220.0 2741.176513671875
72.0 220.0 2752.941162109375
76.0 220.0 2741.176513671875
80.0 220.0 2752.941162109375
84.0 220.0 2682.35302734375
88.0 220.0 2705.88232421875
92.0 220.0 2741.176513671875
96.0 220.0 2741.176513671875
100.0 220.0 2670.588134765625
104.0 220.0 2647.058837890625
108.0 220.0 2647.058837890625
112.0 220.0 2694.11767578125
116.0 220.0 2600.0
120.0 220.0 2564.705810546875
124.0 220.0 2564.705810546875
128.0 220.0 2611.7646484375
132.0 220.0 2611.7646484375
136.0 220.0 2576.470703125
140.0 220.0 2623.529541015625
144.0 220.0 2529.411865234375
148.0 220.0 2505.88232421875
152.0 220.0 2564.705810546875
156.0 220.0 2529.411865234375
160.0 220.0 2529.411865234375
164.0 220.0 2529.411865234375
168.0 220.0 2529.411865234375
172.0 220.0 2505.88232421875
176.0 220.0 2470.58837890625
180.0 220.0 2470.58837890625
184.0 220.0 2435.294189453125
188.0 220.0 2482.35302734375
192.0 220.0 2517.64697265625
196.0 220.0 2552.941162109375
200.0 220.0 2435.294189453125
204.0 220.0 2517.64697265625
208.0 220.0 2517.64697265625
212.0 220.0 2517.64697265625
216.0 220.0 2482.35302734375
220.0 220.0 2529.411865234375
224.0 220.0 2552.941162109375
228.0 220.0 2552.941162109375
232.0 220.0 2517.64697265625
236.0 220.0 2588.2353515625
240.0 220.0 2505.88232421875
244.0 220.0 2529.411865234375
248.0 220.0 2505.88232421875
252.0 220.0 2564.705810546875
256.0 220.0 2517.64697265625
260.0 220.0 2505.88232421875
264.0 220.0 2517.64697265625
268.0 220.0 2564.705810546875
272.0 220.0 2576.470703125
276.0 220.0 2470.58837890625
280.0 220.0 2505.88232421875
284.0 220.0 2517.64697265625
288.0 220.0 2529.411865234375
292.0 220.0 2517.64697265625
296.0 220.0 2482.35302734375
300.0 220.0 2564.705810546875
304.0 220.0 2576.470703125
308.0 220.0 2588.2353515625
312.0 220.0 2564.705810546875
316.0 220.0 2670.588134765625
320.0 220.0 2623.529541015625
324.0 220.0 2588.2353515625
328.0 220.0 2517.64697265625
332.0 220.0 2435.294189453125
336.0 220.0 2517.64697265625
340.0 220.0 2517.64697265625
344.0 220.0 2552.941162109375
348.0 220.0 2505.88232421875
352.0 220.0 2517.64697265625
356.0 220.0 2470.58837890625
360.0 220.0 2552.941162109375
364.0 220.0 2494.11767578125
368.0 220.0 2505.88232421875
372.0 220.0 2517.64697265625
376.0 220.0 2482.35302734375
380.0 220.0 2470.58837890625
384.0 220.0 2447.058837890625
388.0 220.0 2494.11767578125
392.0 220.0 2447.058837890625
396.0 220.0 2470.58837890625
400.0 220.0 2423.529541015625
404.0 220.0 2388.2353515625
408.0 220.0 2423.529541015625
412.0 220.0 2423.529541015625
416.0 220.0 2411.7646484375
420.0 220.0 2352.941162109375
424.0 220.0 2423.529541015625
428.0 220.0 2352.941162109375
432.0 220.0 2400.0
436.0 220.0 2400.0
440.0 220.0 2400.0
444.0 220.0 2235.294189453125
448.0 220.0 2223.529541015625
452.0 220.0 2258.823486328125
456.0 220.0 2247.058837890625
460.0 220.0 2164.705810546875
464.0 220.0 2223.529541015625
468.0 220.0 2176.470703125
472.0 220.0 2200.0
476.0 220.0 2082.35302734375
480.0 220.0 2011.7647705078125
484.0 220.0 2058.823486328125
488.0 220.0 2035.294189453125
492.0 220.0 1929.411865234375
496.0 220.0 1835.294189453125
500.0 220.0 1694.11767578125
504.0 220.0 1588.2353515625
508.0 220.0 1400.0
512.0 220.0 1035.294189453125
516.0 220.0 670.5882568359375
520.0 220.0 447.058837890625
524.0 220.0 388.2353210449219
528.0 220.0 517.6470947265625
532.0 220.0 494.11767578125
536.0 220.0 423.5294189453125
540.0 220.0 447.058837890625
544.0 220.0 400.0000305175781
548.0 220.0 400.0000305175781
552.0 220.0 411.7647399902344
556.0 220.0 494.11767578125
560.0 220.0 364.70587158203125
564.0 220.0 435.29412841796875
568.0 220.0 435.29412841796875
572.0 220.0 482.35296630859375
576.0 220.0 400.0000305175781
580.0 220.0 447.058837890625
584.0 220.0 494.11767578125
588.0 220.0 470.5882568359375
592.0 220.0 505.8823547363281
596.0 220.0 505.8823547363281
600.0 220.0 494.11767578125
604.0 220.0 447.058837890625
608.0 220.0 423.5294189453125
612.0 220.0 505.8823547363281
616.0 220.0 576.4705810546875
620.0 220.0 552.941162109375
624.0 220.0 447.058837890625
628.0 220.0 494.11767578125
632.0 220.0 517.6470947265625
636.0 220.0 517.6470947265625
0.0 224.0 2823.529541015625
4.0 224.0 2776.470703125
8.0 224.0 2823.529541015625
12.0 224.0 2835.294189453125
16.0 224.0 2788.2353515625
20.0 224.0 2917.64697265625
24.0 224.0 2847.058837890625
28.0 224.0 2835.294189453125
32.0 224.0 2835.294189453125
36.0 224.0 2811.7646484375
40.0 224.0 2776.470703125
44.0 224.0 2823.529541015625
48.0 224.0 2752.941162109375
52.0 224.0 2858.823486328125
56.0 224.0 2764.705810546875
60.0 224.0 2835.294189453125
64.0 224.0 2764.705810546875
68.0 224.0 2741.176513671875
72.0 224.0 2764.705810546875
76.0 224.0 2752.941162109375
80.0 224.0 2682.35302734375
84.0 224.0 2682.35302734375
88.0 224.0 2741.176513671875
92.0 224.0 2764.705810546875
96.0 224.0 2752.941162109375
100.0 224.0 2705.88232421875
104.0 224.0 2682.35302734375
108.0 224.0 2670.588134765625
112.0 224.0 2658.823486328125
116.0 224.0 2647.058837890625
120.0 224.0 2588.2353515625
124.0 224.0 2611.7646484375
128.0 224.0 2600.0
132.0 224.0 2564.705810546875
136.0 224.0 2564.705810546875
140.0 224.0 2564.705810546875
144.0 224.0 2623.529541015625
148.0 224.0 2576.470703125
152.0 224.0 2552.941162109375
156.0 224.0 2529.411865234375
160.0 224.0 2482.35302734375
164.0 224.0 2505.88232421875
168.0 224.0 2494.11767578125
172.0 224.0 2505.88232421875
176.0 224.0 2494.11767578125
180.0 224.0 2423.529541015625
184.0 224.0 2494.11767578125
188.0 224.0 2494.11767578125
192.0 224.0 2505.88232421875
196.0 224.0 2505.88232421875
200.0 224.0 2494.11767578125
204.0 224.0 2529.411865234375
208.0 224.0 2564.705810546875
212.0 224.0 2494.11767578125
216.0 224.0 2505.88232421875
220.0 224.0 2552.941162109375
224.0 224.0 2505.88232421875
228.0 224.0 2576.470703125
232.0 224.0 2576.470703125
236.0 224.0 2552.941162109375
240.0 224.0 2564.705810546875
244.0 224.0 2517.64697265625
248.0 224.0 2552.941162109375
252.0 224.0 2529.411865234375
256.0 224.0 2494.11767578125
260.0 224.0 2517.64697265625
264.0 224.0 2482.35302734375
268.0 224.0 2588.2353515625
272.0 224.0 2505.88232421875
276.0 224.0 2494.11767578125
280.0 224.0 2529.411865234375
284.0 224.0 2600.0
288.0 224.0 2517.64697265625
292.0 224.0 2529.411865234375
296.0 224.0 2505.88232421875
300.0 224.0 2600.0
304.0 224.0 2529.411865234375
308.0 224.0 2611.7646484375
312.0 224.0 2517.64697265625
316.0 224.0 2564.705810546875
320.0 224.0 2588.2353515625
324.0 224.0 2623.529541015625
328.0 224.0 2588.2353515625
332.0 224.0 2505.88232421875
336.0 224.0 2529.411865234375
340.0 224.0 2482.35302734375
344.0 224.0 2517.64697265625
348.0 224.0 2470.58837890625
352.0 224.0 2494.11767578125
356.0 224.0 2482.35302734375
360.0 224.0 2423.529541015625
364.0 224.0 2482.35302734375
368.0 224.0 2494.11767578125
372.0 224.0 2494.11767578125
376.0 224.0 2435.294189453125
380.0 224.0 2482.35302734375
384.0 224.0 2435.294189453125
388.0 224.0 2505.88232421875
392.0 224.0 2494.11767578125
396.0 224.0 2505.88232421875
400.0 224.0 2411.7646484375
404.0 224.0 2423.529541015625
408.0 224.0 2423.529541015625
412.0 224.0 2505.88232421875
416.0 224.0 2470.58837890625
420.0 224.0 2364.705810546875
424.0 224.0 2435.294189453125
428.0 224.0 2352.941162109375
432.0 224.0 2423.529541015625
436.0 224.0 2411.7646484375
440.0 224.0 2470.58837890625
444.0 224.0 2329.411865234375
448.0 224.0 2352.941162109375
452.0 224.0 2317.647216796875
456.0 224.0 2317.647216796875
460.0 224.0 2176.470703125
464.0 224.0 2176.470703125
468.0 224.0 2176.470703125
472.0 224.0 2141.176513671875
476.0 224.0 2176.470703125
480.0 224.0 2082.35302734375
484.0 224.0 2176.470703125
488.0 224.0 2105.88232421875
492.0 224.0 1952.9412841796875
496.0 224.0 1870.5882568359375
500.0 224.0 1764.7059326171875
504.0 224.0 1588.2353515625
508.0 224.0 1400.0
512.0 224.0 1188.2353515625
516.0 224.0 835.2941284179688
520.0 224.0 529.4118041992188
524.0 224.0 364.70587158203125
528.0 224.0 482.35296630859375
532.0 224.0 482.35296630859375
536.0 224.0 494.11767578125
540.0 224.0 435.29412841796875
544.0 224.0 447.058837890625
548.0 224.0 447.058837890625
552.0 224.0 411.7647399902344
556.0 224.0 388.2353210449219
560.0 224.0 423.5294189453125
564.0 224.0 435.29412841796875
568.0 224.0 411.7647399902344
572.0 224.0 447.058837890625
576.0 224.0 447.058837890625
580.0 224.0 494.11767578125
584.0 224.0 411.7647399902344
588.0 224.0 494.11767578125
592.0 224.0 423.5294189453125
596.0 224.0 494.11767578125
600.0 224.0 529.4118041992188
604.0 224.0 435.29412841796875
608.0 224.0 470.5882568359375
612.0 224.0 482.35296630859375
616.0 224.0 494.11767578125
620.0 224.0 505.8823547363281
624.0 224.0 517.6470947265625
628.0 224.0 517.6470947265625
632.0 224.0 470.5882568359375
636.0 224.0 517.6470947265625
0.0 228.0 2788.2353515625
4.0 228.0 2847.058837890625
8.0 228.0 2835.294189453125
12.0 228.0 2811.7646484375
16.0 228.0 2847.058837890625
20.0 228.0 2870.588134765625
24.0 228.0 2894.11767578125
28.0 228.0 2858.823486328125
32.0 228.0 2823.529541015625
36.0 228.0 2788.2353515625
40.0 228.0 2835.294189453125
44.0 228.0 2811.7646484375
48.0 228.0 2741.176513671875
52.0 228.0 2823.529541015625
56.0 228.0 2752.941162109375
60.0 228.0 2764.705810546875
64.0 228.0 2788.2353515625
68.0 228.0 2788.2353515625
72.0 228.0 2682.35302734375
76.0 228.0 2741.176513671875
80.0 228.0 2741.176513671875
84.0 228.0 2705.88232421875
88.0 228.0 2752.941162109375
92.0 228.0 2694.11767578125
96.0 228.0 2752.941162109375
100.0 228.0 2729.411865234375
104.0 228.0 2670.588134765625
108.0 228.0 2623.529541015625
112.0 228.0 2694.11767578125
116.0 228.0 2588.2353515625
120.0 228.0 2564.705810546875
124.0 228.0 2600.0
128.0 228.0 2588.2353515625
132.0 228.0 2694.11767578125
136.0 228.0 2611.7646484375
140.0 228.0 2576.470703125
144.0 228.0 2588.2353515625
148.0 228.0 2529.411865234375
152.0 228.0 2564.705810546875
156.0 228.0 2552.941162109375
160.0 228.0 2505.88232421875
164.0 228.0 2505.88232421875
168.0 228.0 2505.88232421875
172.0 228.0 2564.705810546875
176.0 228.0 2505.88232421875
180.0 228.0 2505.88232421875
184.0 228.0 2470.58837890625
188.0 228.0 2505.88232421875
192.0 228.0 2517.64697265625
196.0 228.0 2529.411865234375
200.0 228.0 2505.88232421875
204.0 228.0 2505.88232421875
208.0 228.0 2564.705810546875
212.0 228.0 2505.88232421875
216.0 228.0 2494.11767578125
220.0 228.0 2529.411865234375
224.0 228.0 2505.88232421875
228.0 228.0 2647.058837890625
232.0 228.0 2588.2353515625
236.0 228.0 2588.2353515625
240.0 228.0 2564.705810546875
244.0 228.0 2588.2353515625
248.0 228.0 2588.2353515625
252.0 228.0 2576.470703125
256.0 228.0 2576.470703125
260.0 228.0 2576.470703125
264.0 228.0 2494.11767578125
268.0 228.0 2529.411865234375
272.0 228.0 2576.470703125
276.0 228.0 2505.88232421875
280.0 228.0 2494.11767578125
284.0 228.0 2600.0
288.0 228.0 2576.470703125
292.0 228.0 2505.88232421875
296.0 228.0 2552.941162109375
300.0 228.0 2564.705810546875
304.0 228.0 2611.7646484375
308.0 228.0 2552.941162109375
312.0 228.0 2564.705810546875
316.0 228.0 2588.2353515625
320.0 228.0 2588.2353515625
324.0 228.0 2517.64697265625
328.0 228.0 2552.941162109375
332.0 228.0 2529.411865234375
336.0 228.0 2552.941162109375
340.0 228.0 2552.941162109375
344.0 228.0 2576.470703125
348.0 228.0 2517.64697265625
352.0 228.0 2552.941162109375
356.0 228.0 2576.470703125
360.0 228.0 2470.58837890625
364.0 228.0 2529.411865234375
368.0 228.0 2552.941162109375
372.0 228.0 2494.11767578125
376.0 228.0 2494.11767578125
380.0 228.0 2505.88232421875
384.0 228.0 2423.529541015625
388.0 228.0 2470.58837890625
392.0 228.0 2482.35302734375
396.0 228.0 2482.35302734375
400.0 228.0 2529.411865234375
404.0 228.0 2447.058837890625
408.0 228.0 2505.88232421875
412.0 228.0 2470.58837890625
416.0 228.0 2482.35302734375
420.0 228.0 2400.0
424.0 228.0 2423.529541015625
428.0 228.0 2470.58837890625
432.0 228.0 2411.7646484375
436.0 228.0 2505.88232421875
440.0 228.0 2352.941162109375
444.0 228.0 2388.2353515625
448.0 228.0 2329.411865234375
452.0 228.0 2329.411865234375
456.0 228.0 2352.941162109375
460.0 228.0 2282.35302734375
464.0 228.0 2188.2353515625
468.0 228.0 2258.823486328125
472.0 228.0 2164.705810546875
476.0 228.0 2152.941162109375
480.0 228.0 2105.88232421875
484.0 228.0 2247.058837890625
488.0 228.0 2070.58837890625
492.0 228.0 2000.0
496.0 228.0 1870.5882568359375
500.0 228.0 1764.7059326171875
504.0 228.0 1623.529541015625
508.0 228.0 1470.5882568359375
512.0 228.0 1247.058837890625
516.0 228.0 941.176513671875
520.0 228.0 623.5294189453125
524.0 228.0 423.5294189453125
528.0 228.0 482.35296630859375
532.0 228.0 494.11767578125
536.0 228.0 447.058837890625
540.0 228.0 529.4118041992188
544.0 228.0 411.7647399902344
548.0 228.0 411.7647399902344
552.0 228.0 411.7647399902344
556.0 228.0 494.11767578125
560.0 228.0 435.29412841796875
564.0 228.0 505.8823547363281
568.0 228.0 447.058837890625
572.0 228.0 482.35296630859375
576.0 228.0 435.29412841796875
580.0 228.0 494.11767578125
584.0 228.0 482.35296630859375
588.0 228.0 400.0000305175781
592.0 228.0 494.11767578125
596.0 228.0 435.29412841796875
600.0 228.0 447.058837890625
604.0 228.0 435.29412841796875
608.0 228.0 411.7647399902344
612.0 228.0 482.35296630859375
616.0 228.0 494.11767578125
620.0 228.0 494.11767578125
624.0 228.0 447.058837890625
628.0 228.0 494.11767578125
632.0 228.0 494.11767578125
636.0 228.0 494.11767578125
0.0 232.0 2823.529541015625
4.0 232.0 2847.058837890625
8.0 232.0 2858.823486328125
12.0 232.0 2870.588134765625
16.0 232.0 2847.058837890625
20.0 232.0 2835.294189453125
24.0 232.0 2835.294189453125
28.0 232.0 2823.529541015625
32.0 232.0 2788.2353515625
36.0 232.0 2788.2353515625
40.0 232.0 2835.294189453125
44.0 232.0 2788.2353515625
48.0 232.0 2752.941162109375
52.0 232.0 2835.294189453125
56.0 232.0 2811.7646484375
60.0 232.0 2752.941162109375
64.0 232.0 2811.7646484375
68.0 232.0 2776.470703125
72.0 232.0 2741.176513671875
76.0 232.0 2682.35302734375
80.0 232.0 2741.176513671875
84.0 232.0 2729.411865234375
88.0 232.0 2729.411865234375
92.0 232.0 2670.588134765625
96.0 232.0 2705.88232421875
100.0 232.0 2811.7646484375
104.0 232.0 2647.058837890625
108.0 232.0 2682.35302734375
112.0 232.0 2623.529541015625
116.0 232.0 2600.0
120.0 232.0 2588.2353515625
124.0 232.0 2588.2353515625
128.0 232.0 2576.470703125
132.0 232.0 2588.2353515625
136.0 232.0 2588.2353515625
140.0 232.0 2588.2353515625
144.0 232.0 2529.411865234375
148.0 232.0 2529.411865234375
152.0 232.0 2600.0
156.0 232.0 2517.64697265625
160.0 232.0 2494.11767578125
164.0 232.0 2494.11767578125
168.0 232.0 2517.64697265625
172.0 232.0 2505.88232421875
176.0 232.0 2482.35302734375
180.0 232.0 2517.64697265625
184.0 232.0 2505.88232421875
188.0 232.0 2505.88232421875
192.0 232.0 2517.64697265625
196.0 232.0 2576.470703125
200.0 232.0 2482.35302734375
204.0 232.0 2529.411865234375
208.0 232.0 2588.2353515625
212.0 232.0 2505.88232421875
216.0 232.0 2552.941162109375
220.0 232.0 2529.411865234375
224.0 232.0 2564.705810546875
228.0 232.0 2576.470703125
232.0 232.0 2576.470703125
236.0 232.0 2576.470703125
240.0 232.0 2517.64697265625
244.0 232.0 2600.0
248.0 232.0 2588.2353515625
252.0 232.0 2552.941162109375
256.0 232.0 2576.470703125
260.0 232.0 2517.64697265625
264.0 232.0 2588.2353515625
268.0 232.0 2576.470703125
272.0 232.0 2470.58837890625
276.0 232.0 2529.411865234375
280.0 232.0 2505.88232421875
284.0 232.0 2517.64697265625
288.0 232.0 2564.705810546875
292.0 232.0 2529.411865234375
296.0 232.0 2529.411865234375
300.0 232.0 2447.058837890625
304.0 232.0 2517.64697265625
308.0 232.0 2529.411865234375
312.0 232.0 2588.2353515625
316.0 232.0 2564.705810546875
320.0 232.0 2588.2353515625
324.0 232.0 2611.7646484375
328.0 232.0 2588.2353515625
332.0 232.0 2552.941162109375
336.0 232.0 2529.411865234375
340.0 232.0 2552.941162109375
344.0 232.0 2552.941162109375
348.0 232.0 2588.2353515625
352.0 232.0 2505.88232421875
356.0 232.0 2529.411865234375
360.0 232.0 2470.58837890625
364.0 232.0 2447.058837890625
368.0 232.0 2494.11767578125
372.0 232.0 2482.35302734375
376.0 232.0 2505.88232421875
380.0 232.0 2482.35302734375
384.0 232.0 2482.35302734375
388.0 232.0 2505.88232421875
392.0 232.0 2494.11767578125
396.0 232.0 2564.705810546875
400.0 232.0 2494.11767578125
404.0 232.0 2482.35302734375
408.0 232.0 2529.411865234375
412.0 232.0 2505.88232421875
416.0 232.0 2423.529541015625
420.0 232.0 2364.705810546875
424.0 232.0 2505.88232421875
428.0 232.0 2482.35302734375
432.0 232.0 2423.529541015625
436.0 232.0 2482.35302734375
440.0 232.0 2411.7646484375
444.0 232.0 2352.941162109375
448.0 232.0 2282.35302734375
452.0 232.0 2352.941162109375
456.0 232.0 2329.411865234375
460.0 232.0 2258.823486328125
464.0 232.0 2223.529541015625
468.0 232.0 2235.294189453125
472.0 232.0 2176.470703125
476.0 232.0 2152.941162109375
480.0 232.0 2082.35302734375
484.0 232.0 2141.176513671875
488.0 232.0 2105.88232421875
492.0 232.0 2023.5294189453125
496.0 232.0 2011.7647705078125
500.0 232.0 1764.7059326171875
504.0 232.0 1623.529541015625
508.0 232.0 1482.3529052734375
512.0 232.0 1223.5294189453125
516.0 232.0 1035.294189453125
520.0 232.0 600.0
524.0 232.0 494.11767578125
528.0 232.0 470.5882568359375
532.0 232.0 435.29412841796875
536.0 232.0 423.5294189453125
540.0 232.0 447.058837890625
544.0 232.0 482.35296630859375
548.0 232.0 352.9411926269531
552.0 232.0 341.1764831542969
556.0 232.0 470.5882568359375
560.0 232.0 423.5294189453125
564.0 232.0 341.1764831542969
568.0 232.0 482.35296630859375
572.0 232.0 494.11767578125
576.0 232.0 411.7647399902344
580.0 232.0 517.6470947265625
584.0 232.0 411.7647399902344
588.0 232.0 482.35296630859375
592.0 232.0 482.35296630859375
596.0 232.0 447.058837890625
600.0 232.0 447.058837890625
604.0 232.0 494.11767578125
608.0 232.0 411.7647399902344
612.0 232.0 494.11767578125
616.0 232.0 494.11767578125
620.0 232.0 482.35296630859375
624.0 232.0 494.11767578125
628.0 232.0 494.11767578125
632.0 232.0 564.7058715820312
636.0 232.0 494.11767578125
0.0 236.0 2811.7646484375
4.0 236.0 2835.294189453125
8.0 236.0 2847.058837890625
12.0 236.0 2811.7646484375
16.0 236.0 2823.529541015625
20.0 236.0 2870.588134765625
24.0 236.0 2870.588134765625
28.0 236.0 2870.588134765625
32.0 236.0 2752.941162109375
36.0 236.0 2764.705810546875
40.0 236.0 2847.058837890625
44.0 236.0 2776.470703125
48.0 236.0 2741.176513671875
52.0 236.0 2811.7646484375
56.0 236.0 2764.705810546875
60.0 236.0 2705.88232421875
64.0 236.0 2764.705810546875
68.0 236.0 2741.176513671875
72.0 236.0 2741.176513671875
76.0 236.0 2729.411865234375
80.0 236.0 2752.941162109375
84.0 236.0 2682.35302734375
88.0 236.0 2752.941162109375
92.0 236.0 2729.411865234375
96.0 236.0 2670.588134765625
100.0 236.0 2741.176513671875
104.0 236.0 2670.588134765625
108.0 236.0 2694.11767578125
112.0 236.0 2647.058837890625
116.0 236.0 2576.470703125
120.0 236.0 2588.2353515625
124.0 236.0 2611.7646484375
128.0 236.0 2564.705810546875
132.0 236.0 2611.7646484375
136.0 236.0 2588.2353515625
140.0 236.0 2576.470703125
144.0 236.0 2552.941162109375
148.0 236.0 2505.88232421875
152.0 236.0 2517.64697265625
156.0 236.0 2494.11767578125
160.0 236.0 2505.88232421875
164.0 236.0 2529.411865234375
168.0 236.0 2517.64697265625
172.0 236.0 2494.11767578125
176.0 236.0 2494.11767578125
180.0 236.0 2529.411865234375
184.0 236.0 2517.64697265625
188.0 236.0 2482.35302734375
192.0 236.0 2529.411865234375
196.0 236.0 2552.941162109375
200.0 236.0 2505.88232421875
204.0 236.0 2447.058837890625
208.0 236.0 2505.88232421875
212.0 236.0 2529.411865234375
216.0 236.0 2517.64697265625
220.0 236.0 2576.470703125
224.0 236.0 2576.470703125
228.0 236.0 2623.529541015625
232.0 236.0 2588.2353515625
236.0 236.0 2588.2353515625
240.0 236.0 2600.0
244.0 236.0 2647.058837890625
248.0 236.0 2588.2353515625
252.0 236.0 2576.470703125
256.0 236.0 2505.88232421875
260.0 236.0 2588.2353515625
264.0 236.0 2564.705810546875
268.0 236.0 2552.941162109375
272.0 236.0 2588.2353515625
276.0 236.0 2505.88232421875
280.0 236.0 2517.64697265625
284.0 236.0 2588.2353515625
288.0 236.0 2423.529541015625
292.0 236.0 2505.88232421875
296.0 236.0 2435.294189453125
300.0 236.0 2494.11767578125
304.0 236.0 2529.411865234375
308.0 236.0 2576.470703125
312.0 236.0 2576.470703125
316.0 236.0 2588.2353515625
320.0 236.0 2588.2353515625
324.0 236.0 2588.2353515625
328.0 236.0 2588.2353515625
332.0 236.0 2529.411865234375
336.0 236.0 2647.058837890625
340.0 236.0 2564.705810546875
344.0 236.0 2600.0
348.0 236.0 2576.470703125
352.0 236.0 2517.64697265625
356.0 236.0 2505.88232421875
360.0 236.0 2529.411865234375
364.0 236.0 2470.58837890625
368.0 236.0 2494.11767578125
372.0 236.0 2517.64697265625
376.0 236.0 2529.411865234375
380.0 236.0 2517.64697265625
384.0 236.0 2505.88232421875
388.0 236.0 2505.88232421875
392.0 236.0 2494.11767578125
396.0 236.0 2576.470703125
400.0 236.0 2505.88232421875
404.0 236.0 2564.705810546875
408.0 236.0 2552.941162109375
412.0 236.0 2470.58837890625
416.0 236.0 2423.529541015625
420.0 236.0 2482.35302734375
424.0 236.0 2505.88232421875
428.0 236.0 2505.88232421875
432.0 236.0 2423.529541015625
436.0 236.0 2411.7646484375
440.0 236.0 2494.11767578125
444.0 236.0 2423.529541015625
448.0 236.0 2400.0
452.0 236.0 2329.411865234375
456.0 236.0 2329.411865234375
460.0 236.0 2270.58837890625
464.0 236.0 2235.294189453125
468.0 236.0 2188.2353515625
472.0 236.0 2247.058837890625
476.0 236.0 2117.647216796875
480.0 236.0 2117.647216796875
484.0 236.0 2152.941162109375
488.0 236.0 2105.88232421875
492.0 236.0 2070.58837890625
496.0 236.0 1988.2353515625
500.0 236.0 1835.294189453125
504.0 236.0 1741.176513671875
508.0 236.0 1552.9412841796875
512.0 236.0 1305.88232421875
516.0 236.0 1011.7647094726562
520.0 236.0 705.8823852539062
524.0 236.0 505.8823547363281
528.0 236.0 529.4118041992188
532.0 236.0 529.4118041992188
536.0 236.0 588.2352905273438
540.0 236.0 529.4118041992188
544.0 236.0 482.35296630859375
548.0 236.0 423.5294189453125
552.0 236.0 470.5882568359375
556.0 236.0 482.35296630859375
560.0 236.0 435.29412841796875
564.0 236.0 435.29412841796875
568.0 236.0 435.29412841796875
572.0 236.0 435.29412841796875
576.0 236.0 447.058837890625
580.0 236.0 494.11767578125
584.0 236.0 447.058837890625
588.0 236.0 435.29412841796875
592.0 236.0 517.6470947265625
596.0 236.0 470.5882568359375
600.0 236.0 411.7647399902344
604.0 236.0 447.058837890625
608.0 236.0 494.11767578125
612.0 236.0 494.11767578125
616.0 236.0 517.6470947265625
620.0 236.0 529.4118041992188
624.0 236.0 494.11767578125
628.0 236.0 494.11767578125
632.0 236.0 529.4118041992188
636.0 236.0 552.941162109375
0.0 240.0 2858.823486328125
4.0 240.0 2870.588134765625
8.0 240.0 2858.823486328125
12.0 240.0 2847.058837890625
16.0 240.0 2835.294189453125
20.0 240.0 2858.823486328125
24.0 240.0 2847.058837890625
28.0 240.0 2835.294189453125
32.0 240.0 2894.11767578125
36.0 240.0 2835.294189453125
40.0 240.0 2847.058837890625
44.0 240.0 2835.294189453125
48.0 240.0 2764.705810546875
52.0 240.0 2811.7646484375
56.0 240.0 2752.941162109375
60.0 240.0 2752.941162109375
64.0 240.0 2788.2353515625
68.0 240.0 2741.176513671875
72.0 240.0 2670.588134765625
76.0 240.0 2752.941162109375
80.0 240.0 2705.88232421875
84.0 240.0 2741.176513671875
88.0 240.0 2741.176513671875
92.0 240.0 2647.058837890625
96.0 240.0 2694.11767578125
100.0 240.0 2623.529541015625
104.0 240.0 2658.823486328125
108.0 240.0 2647.058837890625
112.0 240.0 2658.823486328125
116.0 240.0 2670.588134765625
120.0 240.0 2588.2353515625
124.0 240.0 2588.2353515625
128.0 240.0 2576.470703125
132.0 240.0 2576.470703125
136.0 240.0 2576.470703125
140.0 240.0 2611.7646484375
144.0 240.0 2517.64697265625
148.0 240.0 2529.411865234375
152.0 240.0 2564.705810546875
156.0 240.0 2494.11767578125
160.0 240.0 2552.941162109375
164.0 240.0 2564.705810546875
168.0 240.0 2505.88232421875
172.0 240.0 2529.411865234375
176.0 240.0 2576.470703125
180.0 240.0 2494.11767578125
184.0 240.0 2517.64697265625
188.0 240.0 2529.411865234375
192.0 240.0 2517.64697265625
196.0 240.0 2517.64697265625
200.0 240.0 2517.64697265625
204.0 240.0 2552.941162109375
208.0 240.0 2576.470703125
212.0 240.0 2576.470703125
216.0 240.0 2564.705810546875
220.0 240.0 2529.411865234375
224.0 240.0 2564.705810546875
228.0 240.0 2529.411865234375
232.0 240.0 2600.0
236.0 240.0 2588.2353515625
240.0 240.0 2588.2353515625
244.0 240.0 2670.588134765625
248.0 240.0 2611.7646484375
252.0 240.0 2647.058837890625
256.0 240.0 2588.2353515625
260.0 240.0 2600.0
264.0 240.0 2600.0
268.0 240.0 2600.0
272.0 240.0 2611.7646484375
276.0 240.0 2552.941162109375
280.0 240.0 2576.470703125
284.0 240.0 2600.0
288.0 240.0 2588.2353515625
292.0 240.0 2623.529541015625
296.0 240.0 2552.941162109375
300.0 240.0 2576.470703125
304.0 240.0 2552.941162109375
308.0 240.0 2588.2353515625
312.0 240.0 2588.2353515625
316.0 240.0 2588.2353515625
320.0 240.0 2552.941162109375
324.0 240.0 2529.411865234375
328.0 240.0 2623.529541015625
332.0 240.0 2529.411865234375
336.0 240.0 2611.7646484375
340.0 240.0 2670.588134765625
344.0 240.0 2670.588134765625
348.0 240.0 2611.7646484375
352.0 240.0 2647.058837890625
356.0 240.0 2588.2353515625
360.0 240.0 2564.705810546875
364.0 240.0 2588.2353515625
368.0 240.0 2529.411865234375
372.0 240.0 2576.470703125
376.0 240.0 2505.88232421875
380.0 240.0 2470.58837890625
384.0 240.0 2505.88232421875
388.0 240.0 2505.88232421875
392.0 240.0 2494.11767578125
396.0 240.0 2588.2353515625
400.0 240.0 2564.705810546875
404.0 240.0 2564.705810546875
408.0 240.0 2564.705810546875
412.0 240.0 2505.88232421875
416.0 240.0 2447.058837890625
420.0 240.0 2505.88232421875
424.0 240.0 2552.941162109375
428.0 240.0 2482.35302734375
432.0 240.0 2505.88232421875
436.0 240.0 2505.88232421875
440.0 240.0 2423.529541015625
444.0 240.0 2482.35302734375
448.0 240.0 2388.2353515625
452.0 240.0 2400.0
456.0 240.0 2364.705810546875
460.0 240.0 2352.941162109375
464.0 240.0 2247.058837890625
468.0 240.0 2282.35302734375
472.0 240.0 2258.823486328125
476.0 240.0 2176.470703125
480.0 240.0 2188.2353515625
484.0 240.0 2200.0
488.0 240.0 2164.705810546875
492.0 240.0 2070.58837890625
496.0 240.0 1941.176513671875
500.0 240.0 1788.2353515625
504.0 240.0 1729.411865234375
508.0 240.0 1552.9412841796875
512.0 240.0 1364.7059326171875
516.0 240.0 1023.5294189453125
520.0 240.0 752.9412231445312
524.0 240.0 505.8823547363281
528.0 240.0 423.5294189453125
532.0 240.0 494.11767578125
536.0 240.0 494.11767578125
540.0 240.0 505.8823547363281
544.0 240.0 482.35296630859375
548.0 240.0 388.2353210449219
552.0 240.0 447.058837890625
556.0 240.0 494.11767578125
560.0 240.0 482.35296630859375
564.0 240.0 482.35296630859375
568.0 240.0 494.11767578125
572.0 240.0 505.8823547363281
576.0 240.0 411.7647399902344
580.0 240.0 447.058837890625
584.0 240.0 482.35296630859375
588.0 240.0 470.5882568359375
592.0 240.0 494.11767578125
596.0 240.0 494.11767578125
600.0 240.0 529.4118041992188
604.0 240.0 447.058837890625
608.0 240.0 517.6470947265625
612.0 240.0 505.8823547363281
616.0 240.0 552.941162109375
620.0 240.0 529.4118041992188
624.0 240.0 505.8823547363281
628.0 240.0 529.4118041992188
632.0 240.0 564.7058715820312
636.0 240.0 529.4118041992188
0.0 244.0 2776.470703125
4.0 244.0 2788.2353515625
8.0 244.0 2835.294189453125
12.0 244.0 2847.058837890625
16.0 244.0 2823.529541015625
20.0 244.0 2870.588134765625
24.0 244.0 2835.294189453125
28.0 244.0 2847.058837890625
32.0 244.0 2835.294189453125
36.0 244.0 2741.176513671875
40.0 244.0 2811.7646484375
44.0 244.0 2788.2353515625
48.0 244.0 2741.176513671875
52.0 244.0 2823.529541015625
56.0 244.0 2764.705810546875
60.0 244.0 2682.35302734375
64.0 244.0 2788.2353515625
68.0 244.0 2752.941162109375
72.0 244.0 2729.411865234375
76.0 244.0 2670.588134765625
80.0 244.0 2682.35302734375
84.0 244.0 2705.88232421875
88.0 244.0 2682.35302734375
92.0 244.0 2670.588134765625
96.0 244.0 2741.176513671875
100.0 244.0 2611.7646484375
104.0 244.0 2670.588134765625
108.0 244.0 2623.529541015625
112.0 244.0 2658.823486328125
116.0 244.0 2611.7646484375
120.0 244.0 2623.529541015625
124.0 244.0 2588.2353515625
128.0 244.0 2588.2353515625
132.0 244.0 2588.2353515625
136.0 244.0 2564.705810546875
140.0 244.0 2588.2353515625
144.0 244.0 2505.88232421875
148.0 244.0 2529.411865234375
152.0 244.0 2564.705810546875
156.0 244.0 2529.411865234375
160.0 244.0 2564.705810546875
164.0 244.0 2576.470703125
168.0 244.0 2529.411865234375
172.0 244.0 2494.11767578125
176.0 244.0 2494.11767578125
180.0 244.0 2505.88232421875
184.0 244.0 2505.88232421875
188.0 244.0 2505.88232421875
192.0 244.0 2505.88232421875
196.0 244.0 2517.64697265625
200.0 244.0 2564.705810546875
204.0 244.0 2552.941162109375
208.0 244.0 2588.2353515625
212.0 244.0 2576.470703125
216.0 244.0 2529.411865234375
220.0 244.0 2576.470703125
224.0 244.0 2552.941162109375
228.0 244.0 2588.2353515625
232.0 244.0 2623.529541015625
236.0 244.0 2611.7646484375
240.0 244.0 2564.705810546875
244.0 244.0 2611.7646484375
248.0 244.0 2658.823486328125
252.0 244.0 2647.058837890625
256.0 244.0 2600.0
260.0 244.0 2588.2353515625
264.0 244.0 2611.7646484375
268.0 244.0 2611.7646484375
272.0 244.0 2588.2353515625
276.0 244.0 2576.470703125
280.0 244.0 2588.2353515625
284.0 244.0 2623.529541015625
288.0 244.0 2576.470703125
292.0 244.0 2517.64697265625
296.0 244.0 2529.411865234375
300.0 244.0 2576.470703125
304.0 244.0 2517.64697265625
308.0 244.0 2529.411865234375
312.0 244.0 2588.2353515625
316.0 244.0 2588.2353515625
320.0 244.0 2623.529541015625
324.0 244.0 2505.88232421875
328.0 244.0 2623.529541015625
332.0 244.0 2529.411865234375
336.0 244.0 2588.2353515625
340.0 244.0 2588.2353515625
344.0 244.0 2588.2353515625
348.0 244.0 2764.705810546875
352.0 244.0 2647.058837890625
356.0 244.0 2670.588134765625
360.0 244.0 2529.411865234375
364.0 244.0 2588.2353515625
368.0 244.0 2588.2353515625
372.0 244.0 2564.705810546875
376.0 244.0 2576.470703125
380.0 244.0 2505.88232421875
384.0 244.0 2529.411865234375
388.0 244.0 2564.705810546875
392.0 244.0 2505.88232421875
396.0 244.0 2529.411865234375
400.0 244.0 2470.58837890625
404.0 244.0 2552.941162109375
408.0 244.0 2552.941162109375
412.0 244.0 2505.88232421875
416.0 244.0 2494.11767578125
420.0 244.0 2447.058837890625
424.0 244.0 2529.411865234375
428.0 244.0 2470.58837890625
432.0 244.0 2470.58837890625
436.0 244.0 2470.58837890625
440.0 244.0 2423.529541015625
444.0 244.0 2411.7646484375
448.0 244.0 2435.294189453125
452.0 244.0 2329.411865234375
456.0 244.0 2400.0
460.0 244.0 2352.941162109375
464.0 244.0 2352.941162109375
468.0 244.0 2341.176513671875
472.0 244.0 2282.35302734375
476.0 244.0 2258.823486328125
480.0 244.0 2152.941162109375
484.0 244.0 2117.647216796875
488.0 244.0 2141.176513671875
492.0 244.0 2164.705810546875
496.0 244.0 2082.35302734375
500.0 244.0 1917.6470947265625
504.0 244.0 1752.9412841796875
508.0 244.0 1588.2353515625
512.0 244.0 1411.7647705078125
516.0 244.0 1176.4705810546875
520.0 244.0 811.7647705078125
524.0 244.0 588.2352905273438
528.0 244.0 482.35296630859375
532.0 244.0 529.4118041992188
536.0 244.0 576.4705810546875
540.0 244.0 576.4705810546875
544.0 244.0 447.058837890625
548.0 244.0 447.058837890625
552.0 244.0 435.29412841796875
556.0 244.0 411.7647399902344
560.0 244.0 447.058837890625
564.0 244.0 505.8823547363281
568.0 244.0 529.4118041992188
572.0 244.0 423.5294189453125
576.0 244.0 517.6470947265625
580.0 244.0 494.11767578125
584.0 244.0 447.058837890625
588.0 244.0 494.11767578125
592.0 244.0 505.8823547363281
596.0 244.0 505.8823547363281
600.0 244.0 400.0000305175781
604.0 244.0 470.5882568359375
608.0 244.0 470.5882568359375
612.0 244.0 517.6470947265625
616.0 244.0 552.941162109375
620.0 244.0 411.7647399902344
624.0 244.0 576.4705810546875
628.0 244.0 564.7058715820312
632.0 244.0 494.11767578125
636.0 244.0 529.4118041992188
0.0 248.0 2776.470703125
4.0 248.0 2835.294189453125
8.0 248.0 2835.294189453125
12.0 248.0 2835.294189453125
16.0 248.0 2823.529541015625
20.0 248.0 2835.294189453125
24.0 248.0 2858.823486328125
28.0 248.0 2835.294189453125
32.0 248.0 2847.058837890625
36.0 248.0 2788.2353515625
40.0 248.0 2788.2353515625
44.0 248.0 2811.7646484375
48.0 248.0 2705.88232421875
52.0 248.0 2776.470703125
56.0 248.0 2705.88232421875
60.0 248.0 2682.35302734375
64.0 248.0 2788.2353515625
68.0 248.0 2741.176513671875
72.0 248.0 2705.88232421875
76.0 248.0 2670.588134765625
80.0 248.0 2752.941162109375
84.0 248.0 2705.88232421875
88.0 248.0 2741.176513671875
92.0 248.0 2611.7646484375
96.0 248.0 2658.823486328125
100.0 248.0 2670.588134765625
104.0 248.0 2682.35302734375
108.0 248.0 2611.7646484375
112.0 248.0 2647.058837890625
116.0 248.0 2611.7646484375
120.0 248.0 2623.529541015625
124.0 248.0 2623.529541015625
128.0 248.0 2576.470703125
132.0 248.0 2564.705810546875
136.0 248.0 2552.941162109375
140.0 248.0 2576.470703125
144.0 248.0 2588.2353515625
148.0 248.0 2552.941162109375
152.0 248.0 2529.411865234375
156.0 248.0 2529.411865234375
160.0 248.0 2505.88232421875
164.0 248.0 2505.88232421875
168.0 248.0 2529.411865234375
172.0 248.0 2576.470703125
176.0 248.0 2529.411865234375
180.0 248.0 2447.058837890625
184.0 248.0 2505.88232421875
188.0 248.0 2505.88232421875
192.0 248.0 2529.411865234375
196.0 248.0 2529.411865234375
200.0 248.0 2588.2353515625
204.0 248.0 2564.705810546875
208.0 248.0 2623.529541015625
212.0 248.0 2529.411865234375
216.0 248.0 2576.470703125
220.0 248.0 2588.2353515625
224.0 248.0 2529.411865234375
228.0 248.0 2600.0
232.0 248.0 2588.2353515625
236.0 248.0 2670.588134765625
240.0 248.0 2611.7646484375
244.0 248.0 2576.470703125
248.0 248.0 2588.2353515625
252.0 248.0 2588.2353515625
256.0 248.0 2588.2353515625
260.0 248.0 2564.705810546875
264.0 248.0 2588.2353515625
268.0 248.0 2588.2353515625
272.0 248.0 2576.470703125
276.0 248.0 2588.2353515625
280.0 248.0 2611.7646484375
284.0 248.0 2505.88232421875
288.0 248.0 2611.7646484375
292.0 248.0 2552.941162109375
296.0 248.0 2576.470703125
300.0 248.0 2564.705810546875
304.0 248.0 2564.705810546875
308.0 248.0 2529.411865234375
312.0 248.0 2564.705810546875
316.0 248.0 2552.941162109375
320.0 248.0 2576.470703125
324.0 248.0 2564.705810546875
328.0 248.0 2564.705810546875
332.0 248.0 2517.64697265625
336.0 248.0 2517.64697265625
340.0 248.0 2670.588134765625
344.0 248.0 2588.2353515625
348.0 248.0 2694.11767578125
352.0 248.0 2752.941162109375
356.0 248.0 2788.2353515625
360.0 248.0 2741.176513671875
364.0 248.0 2658.823486328125
368.0 248.0 2658.823486328125
372.0 248.0 2670.588134765625
376.0 248.0 2600.0
380.0 248.0 2600.0
384.0 248.0 2564.705810546875
388.0 248.0 2588.2353515625
392.0 248.0 2505.88232421875
396.0 248.0 2576.470703125
400.0 248.0 2505.88232421875
404.0 248.0 2505.88232421875
408.0 248.0 2517.64697265625
412.0 248.0 2529.411865234375
416.0 248.0 2482.35302734375
420.0 248.0 2505.88232421875
424.0 248.0 2505.88232421875
428.0 248.0 2470.58837890625
432.0 248.0 2447.058837890625
436.0 248.0 2470.58837890625
440.0 248.0 2470.58837890625
444.0 248.0 2423.529541015625
448.0 248.0 2435.294189453125
452.0 248.0 2329.411865234375
456.0 248.0 2341.176513671875
460.0 248.0 2352.941162109375
464.0 248.0 2258.823486328125
468.0 248.0 2317.647216796875
472.0 248.0 2258.823486328125
476.0 248.0 2223.529541015625
480.0 248.0 2176.470703125
484.0 248.0 2200.0
488.0 248.0 2141.176513671875
492.0 248.0 2105.88232421875
496.0 248.0 2094.11767578125
500.0 248.0 1988.2353515625
504.0 248.0 1823.529541015625
508.0 248.0 1611.7647705078125
512.0 248.0 1494.11767578125
516.0 248.0 1247.058837890625
520.0 248.0 905.8823852539062
524.0 248.0 670.5882568359375
528.0 248.0 411.7647399902344
532.0 248.0 423.5294189453125
536.0 248.0 623.5294189453125
540.0 248.0 611.7647094726562
544.0 248.0 470.5882568359375
548.0 248.0 482.35296630859375
552.0 248.0 435.29412841796875
556.0 248.0 494.11767578125
560.0 248.0 482.35296630859375
564.0 248.0 494.11767578125
568.0 248.0 494.11767578125
572.0 248.0 482.35296630859375
576.0 248.0 470.5882568359375
580.0 248.0 505.8823547363281
584.0 248.0 447.058837890625
588.0 248.0 411.7647399902344
592.0 248.0 423.5294189453125
596.0 248.0 435.29412841796875
600.0 248.0 494.11767578125
604.0 248.0 411.7647399902344
608.0 248.0 564.7058715820312
612.0 248.0 447.058837890625
616.0 248.0 529.4118041992188
620.0 248.0 494.11767578125
624.0 248.0 517.6470947265625
628.0 248.0 517.6470947265625
632.0 248.0 517.6470947265625
636.0 248.0 494.11767578125
0.0 252.0 2788.2353515625
4.0 252.0 2894.11767578125
8.0 252.0 2905.88232421875
12.0 252.0 2870.588134765625
16.0 252.0 2847.058837890625
20.0 252.0 2858.823486328125
24.0 252.0 2835.294189453125
28.0 252.0 2847.058837890625
32.0 252.0 2870.588134765625
36.0 252.0 2788.2353515625
40.0 252.0 2811.7646484375
44.0 252.0 2823.529541015625
48.0 252.0 2811.7646484375
52.0 252.0 2811.7646484375
56.0 252.0 2729.411865234375
60.0 252.0 2694.11767578125
64.0 252.0 2811.7646484375
68.0 252.0 2788.2353515625
72.0 252.0 2729.411865234375
76.0 252.0 2752.941162109375
80.0 252.0 2670.588134765625
84.0 252.0 2670.588134765625
88.0 252.0 2682.35302734375
92.0 252.0 2705.88232421875
96.0 252.0 2658.823486328125
100.0 252.0 2647.058837890625
104.0 252.0 2623.529541015625
108.0 252.0 2611.7646484375
112.0 252.0 2552.941162109375
116.0 252.0 2564.705810546875
120.0 252.0 2576.470703125
124.0 252.0 2588.2353515625
128.0 252.0 2505.88232421875
132.0 252.0 2600.0
136.0 252.0 2564.705810546875
140.0 252.0 2588.2353515625
144.0 252.0 2517.64697265625
148.0 252.0 2505.88232421875
152.0 252.0 2517.64697265625
156.0 252.0 2517.64697265625
160.0 252.0 2529.411865234375
164.0 252.0 2564.705810546875
168.0 252.0 2611.7646484375
172.0 252.0 2482.35302734375
176.0 252.0 2505.88232421875
180.0 252.0 2505.88232421875
184.0 252.0 2505.88232421875
188.0 252.0 2529.411865234375
192.0 252.0 2529.411865234375
196.0 252.0 2552.941162109375
200.0 252.0 2588.2353515625
204.0 252.0 2576.470703125
208.0 252.0 2588.2353515625
212.0 252.0 2517.64697265625
216.0 252.0 2588.2353515625
220.0 252.0 2588.2353515625
224.0 252.0 2576.470703125
228.0 252.0 2600.0
232.0 252.0 2611.7646484375
236.0 252.0 2647.058837890625
240.0 252.0 2576.470703125
244.0 252.0 2611.7646484375
248.0 252.0 2588.2353515625
252.0 252.0 2647.058837890625
256.0 252.0 2600.0
260.0 252.0 2647.058837890625
264.0 252.0 2588.2353515625
268.0 252.0 2670.588134765625
272.0 252.0 2588.2353515625
276.0 252.0 2588.2353515625
280.0 252.0 2576.470703125
284.0 252.0 2552.941162109375
288.0 252.0 2588.2353515625
292.0 252.0 2552.941162109375
296.0 252.0 2564.705810546875
300.0 252.0 2623.529541015625
304.0 252.0 2529.411865234375
308.0 252.0 2623.529541015625
312.0 252.0 2529.411865234375
316.0 252.0 2588.2353515625
320.0 252.0 2529.411865234375
324.0 252.0 2588.2353515625
328.0 252.0 2576.470703125
332.0 252.0 2552.941162109375
336.0 252.0 2611.7646484375
340.0 252.0 2600.0
344.0 252.0 2588.2353515625
348.0 252.0 2705.88232421875
352.0 252.0 2788.2353515625
356.0 252.0 2788.2353515625
360.0 252.0 2835.294189453125
364.0 252.0 2835.294189453125
368.0 252.0 2764.705810546875
372.0 252.0 2670.588134765625
376.0 252.0 2682.35302734375
380.0 252.0 2588.2353515625
384.0 252.0 2658.823486328125
388.0 252.0 2611.7646484375
392.0 252.0 2623.529541015625
396.0 252.0 2647.058837890625
400.0 252.0 2517.64697265625
404.0 252.0 2505.88232421875
408.0 252.0 2564.705810546875
412.0 252.0 2482.35302734375
416.0 252.0 2505.88232421875
420.0 252.0 2505.88232421875
424.0 252.0 2505.88232421875
428.0 252.0 2505.88232421875
432.0 252.0 2435.294189453125
436.0 252.0 2494.11767578125
440.0 252.0 2447.058837890625
444.0 252.0 2470.58837890625
448.0 252.0 2470.58837890625
452.0 252.0 2447.058837890625
456.0 252.0 2447.058837890625
460.0 252.0 2400.0
464.0 252.0 2329.411865234375
468.0 252.0 2352.941162109375
472.0 252.0 2352.941162109375
476.0 252.0 2282.35302734375
480.0 252.0 2258.823486328125
484.0 252.0 2282.35302734375
488.0 252.0 2329.411865234375
492.0 252.0 2188.2353515625
496.0 252.0 2094.11767578125
500.0 252.0 2070.58837890625
504.0 252.0 1894.11767578125
508.0 252.0 1600.0001220703125
512.0 252.0 1588.2353515625
516.0 252.0 1341.176513671875
520.0 252.0 1000.0
524.0 252.0 670.5882568359375
528.0 252.0 505.8823547363281
532.0 252.0 470.5882568359375
536.0 252.0 517.6470947265625
540.0 252.0 505.8823547363281
544.0 252.0 470.5882568359375
548.0 252.0 482.35296630859375
552.0 252.0 552.941162109375
556.0 252.0 494.11767578125
560.0 252.0 517.6470947265625
564.0 252.0 529.4118041992188
568.0 252.0 494.11767578125
572.0 252.0 470.5882568359375
576.0 252.0 435.29412841796875
580.0 252.0 517.6470947265625
584.0 252.0 494.11767578125
588.0 252.0 494.11767578125
592.0 252.0 435.29412841796875
596.0 252.0 470.5882568359375
600.0 252.0 494.11767578125
604.0 252.0 517.6470947265625
608.0 252.0 529.4118041992188
612.0 252.0 576.4705810546875
616.0 252.0 411.7647399902344
620.0 252.0 600.0
624.0 252.0 529.4118041992188
628.0 252.0 588.2352905273438
632.0 252.0 505.8823547363281
636.0 252.0 517.6470947265625
0.0 256.0 2776.470703125
4.0 256.0 2835.294189453125
8.0 256.0 2858.823486328125
12.0 256.0 2835.294189453125
16.0 256.0 2823.529541015625
20.0 256.0 2905.88232421875
24.0 256.0 2847.058837890625
28.0 256.0 2823.529541015625
32.0 256.0 2776.470703125
36.0 256.0 2776.470703125
40.0 256.0 2776.470703125
44.0 256.0 2788.2353515625
48.0 256.0 2729.411865234375
52.0 256.0 2741.176513671875
56.0 256.0 2741.176513671875
60.0 256.0 2682.35302734375
64.0 256.0 2788.2353515625
68.0 256.0 2705.88232421875
72.0 256.0 2729.411865234375
76.0 256.0 2741.176513671875
80.0 256.0 2705.88232421875
84.0 256.0 2611.7646484375
88.0 256.0 2670.588134765625
92.0 256.0 2670.588134765625
96.0 256.0 2658.823486328125
100.0 256.0 2588.2353515625
104.0 256.0 2588.2353515625
108.0 256.0 2658.823486328125
112.0 256.0 2600.0
116.0 256.0 2588.2353515625
120.0 256.0 2600.0
124.0 256.0 2588.2353515625
128.0 256.0 2552.941162109375
132.0 256.0 2564.705810546875
136.0 256.0 2588.2353515625
140.0 256.0 2588.2353515625
144.0 256.0 2588.2353515625
148.0 256.0 2505.88232421875
152.0 256.0 2517.64697265625
156.0 256.0 2517.64697265625
160.0 256.0 2505.88232421875
164.0 256.0 2517.64697265625
168.0 256.0 2564.705810546875
172.0 256.0 2482.35302734375
176.0 256.0 2552.941162109375
180.0 256.0 2494.11767578125
184.0 256.0 2494.11767578125
188.0 256.0 2517.64697265625
192.0 256.0 2588.2353515625
196.0 256.0 2529.411865234375
200.0 256.0 2529.411865234375
204.0 256.0 2552.941162109375
208.0 256.0 2552.941162109375
212.0 256.0 2564.705810546875
216.0 256.0 2529.411865234375
220.0 256.0 2552.941162109375
224.0 256.0 2600.0
228.0 256.0 2588.2353515625
232.0 256.0 2600.0
236.0 256.0 2670.588134765625
240.0 256.0 2552.941162109375
244.0 256.0 2588.2353515625
248.0 256.0 2600.0
252.0 256.0 2611.7646484375
256.0 256.0 2600.0
260.0 256.0 2588.2353515625
264.0 256.0 2600.0
268.0 256.0 2588.2353515625
272.0 256.0 2600.0
276.0 256.0 2529.411865234375
280.0 256.0 2600.0
284.0 256.0 2600.0
288.0 256.0 2576.470703125
292.0 256.0 2623.529541015625
296.0 256.0 2552.941162109375
300.0 256.0 2564.705810546875
304.0 256.0 2588.2353515625
308.0 256.0 2588.2353515625
312.0 256.0 2623.529541015625
316.0 256.0 2623.529541015625
320.0 256.0 2623.529541015625
324.0 256.0 2600.0
328.0 256.0 2611.7646484375
332.0 256.0 2623.529541015625
336.0 256.0 2600.0
340.0 256.0 2611.7646484375
344.0 256.0 2670.588134765625
348.0 256.0 2658.823486328125
352.0 256.0 2647.058837890625
356.0 256.0 2670.588134765625
360.0 256.0 2847.058837890625
364.0 256.0 2847.058837890625
368.0 256.0 2788.2353515625
372.0 256.0 2670.588134765625
376.0 256.0 2647.058837890625
380.0 256.0 2611.7646484375
384.0 256.0 2670.588134765625
388.0 256.0 2658.823486328125
392.0 256.0 2729.411865234375
396.0 256.0 2729.411865234375
400.0 256.0 2588.2353515625
404.0 256.0 2505.88232421875
408.0 256.0 2517.64697265625
412.0 256.0 2564.705810546875
416.0 256.0 2576.470703125
420.0 256.0 2482.35302734375
424.0 256.0 2529.411865234375
428.0 256.0 2447.058837890625
432.0 256.0 2482.35302734375
436.0 256.0 2482.35302734375
440.0 256.0 2470.58837890625
444.0 256.0 2435.294189453125
448.0 256.0 2423.529541015625
452.0 256.0 2411.7646484375
456.0 256.0 2423.529541015625
460.0 256.0 2388.2353515625
464.0 256.0 2352.941162109375
468.0 256.0 2329.411865234375
472.0 256.0 2352.941162109375
476.0 256.0 2282.35302734375
480.0 256.0 2282.35302734375
484.0 256.0 2270.58837890625
488.0 256.0 2188.2353515625
492.0 256.0 2247.058837890625
496.0 256.0 2105.88232421875
500.0 256.0 2058.823486328125
504.0 256.0 1894.11767578125
508.0 256.0 1705.8824462890625
512.0 256.0 1588.2353515625
516.0 256.0 1364.7059326171875
520.0 256.0 1082.3529052734375
524.0 256.0 670.5882568359375
528.0 256.0 482.35296630859375
532.0 256.0 494.11767578125
536.0 256.0 552.941162109375
540.0 256.0 576.4705810546875
544.0 256.0 552.941162109375
548.0 256.0 435.29412841796875
552.0 256.0 423.5294189453125
556.0 256.0 482.35296630859375
560.0 256.0 552.941162109375
564.0 256.0 529.4118041992188
568.0 256.0 470.5882568359375
572.0 256.0 505.8823547363281
576.0 256.0 423.5294189453125
580.0 256.0 517.6470947265625
584.0 256.0 470.5882568359375
588.0 256.0 494.11767578125
592.0 256.0 517.6470947265625
596.0 256.0 447.058837890625
600.0 256.0 505.8823547363281
604.0 256.0 482.35296630859375
608.0 256.0 470.5882568359375
612.0 256.0 505.8823547363281
616.0 256.0 552.941162109375
620.0 256.0 517.6470947265625
624.0 256.0 552.941162109375
628.0 256.0 552.941162109375
632.0 256.0 482.35296630859375
636.0 256.0 576.4705810546875
0.0 260.0 2835.294189453125
4.0 260.0 2823.529541015625
8.0 260.0 2870.588134765625
12.0 260.0 2905.88232421875
16.0 260.0 2870.588134765625
20.0 260.0 2811.7646484375
24.0 260.0 2776.470703125
28.0 260.0 2764.705810546875
32.0 260.0 2764.705810546875
36.0 260.0 2670.588134765625
40.0 260.0 2764.705810546875
44.0 260.0 2776.470703125
48.0 260.0 2729.411865234375
52.0 260.0 2811.7646484375
56.0 260.0 2752.941162109375
60.0 260.0 2729.411865234375
64.0 260.0 2811.7646484375
68.0 260.0 2729.411865234375
72.0 260.0 2729.411865234375
76.0 260.0 2682.35302734375
80.0 260.0 2694.11767578125
84.0 260.0 2658.823486328125
88.0 260.0 2741.176513671875
92.0 260.0 2670.588134765625
96.0 260.0 2670.588134765625
100.0 260.0 2670.588134765625
104.0 260.0 2658.823486328125
108.0 260.0 2694.11767578125
112.0 260.0 2670.588134765625
116.0 260.0 2576.470703125
120.0 260.0 2588.2353515625
124.0 260.0 2588.2353515625
128.0 260.0 2564.705810546875
132.0 260.0 2600.0
136.0 260.0 2576.470703125
140.0 260.0 2611.7646484375
144.0 260.0 2552.941162109375
148.0 260.0 2564.705810546875
152.0 260.0 2588.2353515625
156.0 260.0 2505.88232421875
160.0 260.0 2600.0
164.0 260.0 2564.705810546875
168.0 260.0 2517.64697265625
172.0 260.0 2517.64697265625
176.0 260.0 2482.35302734375
180.0 260.0 2517.64697265625
184.0 260.0 2482.35302734375
188.0 260.0 2552.941162109375
192.0 260.0 2564.705810546875
196.0 260.0 2552.941162109375
200.0 260.0 2600.0
204.0 260.0 2576.470703125
208.0 260.0 2552.941162109375
212.0 260.0 2552.941162109375
216.0 260.0 2576.470703125
220.0 260.0 2647.058837890625
224.0 260.0 2588.2353515625
228.0 260.0 2588.2353515625
232.0 260.0 2658.823486328125
236.0 260.0 2658.823486328125
240.0 260.0 2588.2353515625
244.0 260.0 2658.823486328125
248.0 260.0 2588.2353515625
252.0 260.0 2611.7646484375
256.0 260.0 2623.529541015625
260.0 260.0 2588.2353515625
264.0 260.0 2600.0
268.0 260.0 2694.11767578125
272.0 260.0 2647.058837890625
276.0 260.0 2611.7646484375
280.0 260.0 2647.058837890625
284.0 260.0 2647.058837890625
288.0 260.0 2694.11767578125
292.0 260.0 2611.7646484375
296.0 260.0 2564.705810546875
300.0 260.0 2623.529541015625
304.0 260.0 2623.529541015625
308.0 260.0 2611.7646484375
312.0 260.0 2588.2353515625
316.0 260.0 2576.470703125
320.0 260.0 2623.529541015625
324.0 260.0 2576.470703125
328.0 260.0 2623.529541015625
332.0 260.0 2611.7646484375
336.0 260.0 2647.058837890625
340.0 260.0 2588.2353515625
344.0 260.0 2600.0
348.0 260.0 2552.941162109375
352.0 260.0 2623.529541015625
356.0 260.0 2600.0
360.0 260.0 2694.11767578125
364.0 260.0 2670.588134765625
368.0 260.0 2647.058837890625
372.0 260.0 2623.529541015625
376.0 260.0 2588.2353515625
380.0 260.0 2529.411865234375
384.0 260.0 2623.529541015625
388.0 260.0 2611.7646484375
392.0 260.0 2670.588134765625
396.0 260.0 2705.88232421875
400.0 260.0 2588.2353515625
404.0 260.0 2588.2353515625
408.0 260.0 2529.411865234375
412.0 260.0 2552.941162109375
416.0 260.0 2505.88232421875
420.0 260.0 2529.411865234375
424.0 260.0 2588.2353515625
428.0 260.0 2529.411865234375
432.0 260.0 2482.35302734375
436.0 260.0 2505.88232421875
440.0 260.0 2470.58837890625
444.0 260.0 2482.35302734375
448.0 260.0 2423.529541015625
452.0 260.0 2423.529541015625
456.0 260.0 2423.529541015625
460.0 260.0 2329.411865234375
464.0 260.0 2423.529541015625
468.0 260.0 2364.705810546875
472.0 260.0 2282.35302734375
476.0 260.0 2317.647216796875
480.0 260.0 2282.35302734375
484.0 260.0 2188.2353515625
488.0 260.0 2223.529541015625
492.0 260.0 2164.705810546875
496.0 260.0 2176.470703125
500.0 260.0 2035.294189453125
504.0 260.0 1917.6470947265625
508.0 260.0 1764.7059326171875
512.0 260.0 1529.411865234375
516.0 260.0 1317.6470947265625
520.0 260.0 1164.7059326171875
524.0 260.0 811.7647705078125
528.0 260.0 552.941162109375
532.0 260.0 494.11767578125
536.0 260.0 564.7058715820312
540.0 260.0 482.35296630859375
544.0 260.0 494.11767578125
548.0 260.0 435.29412841796875
552.0 260.0 517.6470947265625
556.0 260.0 552.941162109375
560.0 260.0 494.11767578125
564.0 260.0 435.29412841796875
568.0 260.0 494.11767578125
572.0 260.0 494.11767578125
576.0 260.0 470.5882568359375
580.0 260.0 576.4705810546875
584.0 260.0 435.29412841796875
588.0 260.0 505.8823547363281
592.0 260.0 494.11767578125
596.0 260.0 470.5882568359375
600.0 260.0 505.8823547363281
604.0 260.0 494.11767578125
608.0 260.0 470.5882568359375
612.0 260.0 494.11767578125
616.0 260.0 470.5882568359375
620.0 260.0 564.7058715820312
624.0 260.0 517.6470947265625
628.0 260.0 552.941162109375
632.0 260.0 576.4705810546875
636.0 260.0 517.6470947265625
0.0 264.0 2823.529541015625
4.0 264.0 2823.529541015625
8.0 264.0 2823.529541015625
12.0 264.0 2764.705810546875
16.0 264.0 2835.294189453125
20.0 264.0 2858.823486328125
24.0 264.0 2835.294189453125
28.0 264.0 2752.941162109375
32.0 264.0 2764.705810546875
36.0 264.0 2788.2353515625
40.0 264.0 2776.470703125
44.0 264.0 2788.2353515625
48.0 264.0 2682.35302734375
52.0 264.0 2752.941162109375
56.0 264.0 2705.88232421875
60.0 264.0 2729.411865234375
64.0 264.0 2752.941162109375
68.0 264.0 2741.176513671875
72.0 264.0 2694.11767578125
76.0 264.0 2670.588134765625
80.0 264.0 2647.058837890625
84.0 264.0 2658.823486328125
88.0 264.0 2658.823486328125
92.0 264.0 2682.35302734375
96.0 264.0 2682.35302734375
100.0 264.0 2670.588134765625
104.0 264.0 2623.529541015625
108.0 264.0 2600.0
112.0 264.0 2611.7646484375
116.0 264.0 2647.058837890625
120.0 264.0 2576.470703125
124.0 264.0 2623.529541015625
128.0 264.0 2588.2353515625
132.0 264.0 2588.2353515625
136.0 264.0 2576.470703125
140.0 264.0 2576.470703125
144.0 264.0 2529.411865234375
148.0 264.0 2529.411865234375
152.0 264.0 2529.411865234375
156.0 264.0 2482.35302734375
160.0 264.0 2588.2353515625
164.0 264.0 2505.88232421875
168.0 264.0 2552.941162109375
172.0 264.0 2447.058837890625
176.0 264.0 2505.88232421875
180.0 264.0 2505.88232421875
184.0 264.0 2564.705810546875
188.0 264.0 2517.64697265625
192.0 264.0 2505.88232421875
196.0 264.0 2564.705810546875
200.0 264.0 2564.705810546875
204.0 264.0 2552.941162109375
208.0 264.0 2494.11767578125
212.0 264.0 2529.411865234375
216.0 264.0 2611.7646484375
220.0 264.0 2588.2353515625
224.0 264.0 2647.058837890625
228.0 264.0 2623.529541015625
232.0 264.0 2576.470703125
236.0 264.0 2647.058837890625
240.0 264.0 2552.941162109375
244.0 264.0 2647.058837890625
248.0 264.0 2611.7646484375
252.0 264.0 2647.058837890625
256.0 264.0 2600.0
260.0 264.0 2647.058837890625
264.0 264.0 2623.529541015625
268.0 264.0 2611.7646484375
272.0 264.0 2600.0
276.0 264.0 2588.2353515625
280.0 264.0 2600.0
284.0 264.0 2623.529541015625
288.0 264.0 2647.058837890625
292.0 264.0 2623.529541015625
296.0 264.0 2647.058837890625
300.0 264.0 2588.2353515625
304.0 264.0 2588.2353515625
308.0 264.0 2658.823486328125
312.0 264.0 2588.2353515625
316.0 264.0 2611.7646484375
320.0 264.0 2588.2353515625
324.0 264.0 2576.470703125
328.0 264.0 2600.0
332.0 264.0 2588.2353515625
336.0 264.0 2564.705810546875
340.0 264.0 2588.2353515625
344.0 264.0 2623.529541015625
348.0 264.0 2611.7646484375
352.0 264.0 2600.0
356.0 264.0 2588.2353515625
360.0 264.0 2564.705810546875
364.0 264.0 2623.529541015625
368.0 264.0 2564.705810546875
372.0 264.0 2588.2353515625
376.0 264.0 2600.0
380.0 264.0 2611.7646484375
384.0 264.0 2611.7646484375
388.0 264.0 2588.2353515625
392.0 264.0 2552.941162109375
396.0 264.0 2647.058837890625
400.0 264.0 2588.2353515625
404.0 264.0 2588.2353515625
408.0 264.0 2600.0
412.0 264.0 2552.941162109375
416.0 264.0 2576.470703125
420.0 264.0 2482.35302734375
424.0 264.0 2505.88232421875
428.0 264.0 2600.0
432.0 264.0 2494.11767578125
436.0 264.0 2505.88232421875
440.0 264.0 2470.58837890625
444.0 264.0 2482.35302734375
448.0 264.0 2423.529541015625
452.0 264.0 2411.7646484375
456.0 264.0 2423.529541015625
460.0 264.0 2423.529541015625
464.0 264.0 2400.0
468.0 264.0 2341.176513671875
472.0 264.0 2423.529541015625
476.0 264.0 2329.411865234375
480.0 264.0 2317.647216796875
484.0 264.0 2282.35302734375
488.0 264.0 2258.823486328125
492.0 264.0 2235.294189453125
496.0 264.0 2141.176513671875
500.0 264.0 2141.176513671875
504.0 264.0 1976.470703125
508.0 264.0 1729.411865234375
512.0 264.0 1600.0001220703125
516.0 264.0 1411.7647705078125
520.0 264.0 1141.176513671875
524.0 264.0 894.11767578125
528.0 264.0 647.058837890625
532.0 264.0 505.8823547363281
536.0 264.0 529.4118041992188
540.0 264.0 576.4705810546875
544.0 264.0 470.5882568359375
548.0 264.0 529.4118041992188
552.0 264.0 494.11767578125
556.0 264.0 447.058837890625
560.0 264.0 494.11767578125
564.0 264.0 447.058837890625
568.0 264.0 482.35296630859375
572.0 264.0 470.5882568359375
576.0 264.0 447.058837890625
580.0 264.0 517.6470947265625
584.0 264.0 517.6470947265625
588.0 264.0 494.11767578125
592.0 264.0 505.8823547363281
596.0 264.0 494.11767578125
600.0 264.0 529.4118041992188
604.0 264.0 517.6470947265625
608.0 264.0 482.35296630859375
612.0 264.0 576.4705810546875
616.0 264.0 505.8823547363281
620.0 264.0 623.5294189453125
624.0 264.0 494.11767578125
628.0 264.0 494.11767578125
632.0 264.0 517.6470947265625
636.0 264.0 576.4705810546875
0.0 268.0 2847.058837890625
4.0 268.0 2835.294189453125
8.0 268.0 2941.176513671875
12.0 268.0 2847.058837890625
16.0 268.0 2823.529541015625
20.0 268.0 2835.294189453125
24.0 268.0 2788.2353515625
28.0 268.0 2811.7646484375
32.0 268.0 2788.2353515625
36.0 268.0 2729.411865234375
40.0 268.0 2741.176513671875
44.0 268.0 2823.529541015625
48.0 268.0 2752.941162109375
52.0 268.0 2764.705810546875
56.0 268.0 2729.411865234375
60.0 268.0 2776.470703125
64.0 268.0 2835.294189453125
68.0 268.0 2705.88232421875
72.0 268.0 2729.411865234375
76.0 268.0 2670.588134765625
80.0 268.0 2682.35302734375
84.0 268.0 2670.588134765625
88.0 268.0 2741.176513671875
92.0 268.0 2670.588134765625
96.0 268.0 2670.588134765625
100.0 268.0 2670.588134765625
104.0 268.0 2670.588134765625
108.0 268.0 2588.2353515625
112.0 268.0 2600.0
116.0 268.0 2576.470703125
120.0 268.0 2611.7646484375
124.0 268.0 2588.2353515625
128.0 268.0 2576.470703125
132.0 268.0 2588.2353515625
136.0 268.0 2576.470703125
140.0 268.0 2564.705810546875
144.0 268.0 2505.88232421875
148.0 268.0 2529.411865234375
152.0 268.0 2552.941162109375
156.0 268.0 2529.411865234375
160.0 268.0 2529.411865234375
164.0 268.0 2529.411865234375
168.0 268.0 2588.2353515625
172.0 268.0 2482.35302734375
176.0 268.0 2505.88232421875
180.0 268.0 2529.411865234375
184.0 268.0 2552.941162109375
188.0 268.0 2470.58837890625
192.0 268.0 2552.941162109375
196.0 268.0 2552.941162109375
200.0 268.0 2564.705810546875
204.0 268.0 2529.411865234375
208.0 268.0 2494.11767578125
212.0 268.0 2529.411865234375
216.0 268.0 2600.0
220.0 268.0 2564.705810546875
224.0 268.0 2600.0
228.0 268.0 2611.7646484375
232.0 268.0 2647.058837890625
236.0 268.0 2588.2353515625
240.0 268.0 2611.7646484375
244.0 268.0 2611.7646484375
248.0 268.0 2647.058837890625
252.0 268.0 2588.2353515625
256.0 268.0 2647.058837890625
260.0 268.0 2623.529541015625
264.0 268.0 2611.7646484375
268.0 268.0 2741.176513671875
272.0 268.0 2647.058837890625
276.0 268.0 2611.7646484375
280.0 268.0 2670.588134765625
284.0 268.0 2682.35302734375
288.0 268.0 2647.058837890625
292.0 268.0 2647.058837890625
296.0 268.0 2588.2353515625
300.0 268.0 2576.470703125
304.0 268.0 2647.058837890625
308.0 268.0 2611.7646484375
312.0 268.0 2670.588134765625
316.0 268.0 2658.823486328125
320.0 268.0 2647.058837890625
324.0 268.0 2623.529541015625
328.0 268.0 2670.588134765625
332.0 268.0 2611.7646484375
336.0 268.0 2552.941162109375
340.0 268.0 2588.2353515625
344.0 268.0 2588.2353515625
348.0 268.0 2623.529541015625
352.0 268.0 2600.0
356.0 268.0 2611.7646484375
360.0 268.0 2505.88232421875
364.0 268.0 2552.941162109375
368.0 268.0 2576.470703125
372.0 268.0 2576.470703125
376.0 268.0 2647.058837890625
380.0 268.0 2517.64697265625
384.0 268.0 2682.35302734375
388.0 268.0 2588.2353515625
392.0 268.0 2588.2353515625
396.0 268.0 2611.7646484375
400.0 268.0 2576.470703125
404.0 268.0 2529.411865234375
408.0 268.0 2600.0
412.0 268.0 2588.2353515625
416.0 268.0 2552.941162109375
420.0 268.0 2505.88232421875
424.0 268.0 2529.411865234375
428.0 268.0 2529.411865234375
432.0 268.0 2482.35302734375
436.0 268.0 2505.88232421875
440.0 268.0 2494.11767578125
444.0 268.0 2447.058837890625
448.0 268.0 2564.705810546875
452.0 268.0 2423.529541015625
456.0 268.0 2435.294189453125
460.0 268.0 2423.529541015625
464.0 268.0 2352.941162109375
468.0 268.0 2364.705810546875
472.0 268.0 2317.647216796875
476.0 268.0 2317.647216796875
480.0 268.0 2341.176513671875
484.0 268.0 2247.058837890625
488.0 268.0 2247.058837890625
492.0 268.0 2305.88232421875
496.0 268.0 2176.470703125
500.0 268.0 2176.470703125
504.0 268.0 1976.470703125
508.0 268.0 1835.294189453125
512.0 268.0 1552.9412841796875
516.0 268.0 1505.8824462890625
520.0 268.0 1270.5882568359375
524.0 268.0 952.9412231445312
528.0 268.0 647.058837890625
532.0 268.0 423.5294189453125
536.0 268.0 482.35296630859375
540.0 268.0 517.6470947265625
544.0 268.0 517.6470947265625
548.0 268.0 517.6470947265625
552.0 268.0 423.5294189453125
556.0 268.0 494.11767578125
560.0 268.0 529.4118041992188
564.0 268.0 505.8823547363281
568.0 268.0 564.7058715820312
572.0 268.0 564.7058715820312
576.0 268.0 494.11767578125
580.0 268.0 576.4705810546875
584.0 268.0 517.6470947265625
588.0 268.0 435.29412841796875
592.0 268.0 494.11767578125
596.0 268.0 517.6470947265625
600.0 268.0 470.5882568359375
604.0 268.0 411.7647399902344
608.0 268.0 494.11767578125
612.0 268.0 494.11767578125
616.0 268.0 517.6470947265625
620.0 268.0 576.4705810546875
624.0 268.0 576.4705810546875
628.0 268.0 576.4705810546875
632.0 268.0 505.8823547363281
636.0 268.0 600.0
0.0 272.0 2917.64697265625
4.0 272.0 2894.11767578125
8.0 272.0 2835.294189453125
12.0 272.0 2811.7646484375
16.0 272.0 2811.7646484375
20.0 272.0 2917.64697265625
24.0 272.0 2835.294189453125
28.0 272.0 2870.588134765625
32.0 272.0 2788.2353515625
36.0 272.0 2788.2353515625
40.0 272.0 2776.470703125
44.0 272.0 2788.2353515625
48.0 272.0 2729.411865234375
52.0 272.0 2811.7646484375
56.0 272.0 2741.176513671875
60.0 272.0 2752.941162109375
64.0 272.0 2764.705810546875
68.0 272.0 2776.470703125
72.0 272.0 2776.470703125
76.0 272.0 2682.35302734375
80.0 272.0 2729.411865234375
84.0 272.0 2670.588134765625
88.0 272.0 2694.11767578125
92.0 272.0 2741.176513671875
96.0 272.0 2670.588134765625
100.0 272.0 2658.823486328125
104.0 272.0 2670.588134765625
108.0 272.0 2752.941162109375
112.0 272.0 2658.823486328125
116.0 272.0 2564.705810546875
120.0 272.0 2588.2353515625
124.0 272.0 2647.058837890625
128.0 272.0 2588.2353515625
132.0 272.0 2670.588134765625
136.0 272.0 2623.529541015625
140.0 272.0 2588.2353515625
144.0 272.0 2447.058837890625
148.0 272.0 2482.35302734375
152.0 272.0 2529.411865234375
156.0 272.0 2505.88232421875
160.0 272.0 2564.705810546875
164.0 272.0 2552.941162109375
168.0 272.0 2552.941162109375
172.0 272.0 2588.2353515625
176.0 272.0 2552.941162109375
180.0 272.0 2505.88232421875
184.0 272.0 2600.0
188.0 272.0 2552.941162109375
192.0 272.0 2517.64697265625
196.0 272.0 2588.2353515625
200.0 272.0 2529.411865234375
204.0 272.0 2552.941162109375
208.0 272.0 2505.88232421875
212.0 272.0 2576.470703125
216.0 272.0 2517.64697265625
220.0 272.0 2588.2353515625
224.0 272.0 2576.470703125
228.0 272.0 2647.058837890625
232.0 272.0 2682.35302734375
236.0 272.0 2611.7646484375
240.0 272.0 2564.705810546875
244.0 272.0 2658.823486328125
248.0 272.0 2623.529541015625
252.0 272.0 2611.7646484375
256.0 272.0 2623.529541015625
260.0 272.0 2694.11767578125
264.0 272.0 2670.588134765625
268.0 272.0 2647.058837890625
272.0 272.0 2682.35302734375
276.0 272.0 2705.88232421875
280.0 272.0 2588.2353515625
284.0 272.0 2705.88232421875
288.0 272.0 2694.11767578125
292.0 272.0 2670.588134765625
296.0 272.0 2670.588134765625
300.0 272.0 2670.588134765625
304.0 272.0 2647.058837890625
308.0 272.0 2658.823486328125
312.0 272.0 2670.588134765625
316.0 272.0 2647.058837890625
320.0 272.0 2682.35302734375
324.0 272.0 2552.941162109375
328.0 272.0 2647.058837890625
332.0 272.0 2600.0
336.0 272.0 2623.529541015625
340.0 272.0 2611.7646484375
344.0 272.0 2658.823486328125
348.0 272.0 2576.470703125
352.0 272.0 2647.058837890625
356.0 272.0 2658.823486328125
360.0 272.0 2623.529541015625
364.0 272.0 2576.470703125
368.0 272.0 2647.058837890625
372.0 272.0 2588.2353515625
376.0 272.0 2611.7646484375
380.0 272.0 2588.2353515625
384.0 272.0 2670.588134765625
388.0 272.0 2658.823486328125
392.0 272.0 2588.2353515625
396.0 272.0 2647.058837890625
400.0 272.0 2588.2353515625
404.0 272.0 2552.941162109375
408.0 272.0 2623.529541015625
412.0 272.0 2600.0
416.0 272.0 2588.2353515625
420.0 272.0 2564.705810546875
424.0 272.0 2576.470703125
428.0 272.0 2600.0
432.0 272.0 2517.64697265625
436.0 272.0 2529.411865234375
440.0 272.0 2435.294189453125
444.0 272.0 2447.058837890625
448.0 272.0 2564.705810546875
452.0 272.0 2447.058837890625
456.0 272.0 2517.64697265625
460.0 272.0 2388.2353515625
464.0 272.0 2400.0
468.0 272.0 2470.58837890625
472.0 272.0 2388.2353515625
476.0 272.0 2435.294189453125
480.0 272.0 2352.941162109375
484.0 272.0 2341.176513671875
488.0 272.0 2282.35302734375
492.0 272.0 2282.35302734375
496.0 272.0 2188.2353515625
500.0 272.0 2188.2353515625
504.0 272.0 2070.58837890625
508.0 272.0 1858.8236083984375
512.0 272.0 1682.35302734375
516.0 272.0 1447.058837890625
520.0 272.0 1317.6470947265625
524.0 272.0 1011.7647094726562
528.0 272.0 741.1764526367188
532.0 272.0 588.2352905273438
536.0 272.0 588.2352905273438
540.0 272.0 623.5294189453125
544.0 272.0 600.0
548.0 272.0 576.4705810546875
552.0 272.0 529.4118041992188
556.0 272.0 576.4705810546875
560.0 272.0 552.941162109375
564.0 272.0 505.8823547363281
568.0 272.0 411.7647399902344
572.0 272.0 494.11767578125
576.0 272.0 482.35296630859375
580.0 272.0 505.8823547363281
584.0 272.0 529.4118041992188
588.0 272.0 517.6470947265625
592.0 272.0 494.11767578125
596.0 272.0 482.35296630859375
600.0 272.0 564.7058715820312
604.0 272.0 517.6470947265625
608.0 272.0 505.8823547363281
612.0 272.0 564.7058715820312
616.0 272.0 564.7058715820312
620.0 272.0 588.2352905273438
624.0 272.0 564.7058715820312
628.0 272.0 552.941162109375
632.0 272.0 529.4118041992188
636.0 272.0 494.11767578125
0.0 276.0 2835.294189453125
4.0 276.0 2764.705810546875
8.0 276.0 2823.529541015625
12.0 276.0 2835.294189453125
16.0 276.0 2823.529541015625
20.0 276.0 2858.823486328125
24.0 276.0 2811.7646484375
28.0 276.0 2776.470703125
32.0 276.0 2811.7646484375
36.0 276.0 2705.88232421875
40.0 276.0 2788.2353515625
44.0 276.0 2835.294189453125
48.0 276.0 2752.941162109375
52.0 276.0 2764.705810546875
56.0 276.0 2764.705810546875
60.0 276.0 2682.35302734375
64.0 276.0 2752.941162109375
68.0 276.0 2741.176513671875
72.0 276.0 2694.11767578125
76.0 276.0 2741.176513671875
80.0 276.0 2647.058837890625
84.0 276.0 2623.529541015625
88.0 276.0 2670.588134765625
92.0 276.0 2658.823486328125
96.0 276.0 2611.7646484375
100.0 276.0 2600.0
104.0 276.0 2588.2353515625
108.0 276.0 2682.35302734375
112.0 276.0 2611.7646484375
116.0 276.0 2576.470703125
120.0 276.0 2552.941162109375
124.0 276.0 2658.823486328125
128.0 276.0 2576.470703125
132.0 276.0 2623.529541015625
136.0 276.0 2505.88232421875
140.0 276.0 2564.705810546875
144.0 276.0 2494.11767578125
148.0 276.0 2482.35302734375
152.0 276.0 2529.411865234375
156.0 276.0 2494.11767578125
160.0 276.0 2505.88232421875
164.0 276.0 2505.88232421875
168.0 276.0 2517.64697265625
172.0 276.0 2552.941162109375
176.0 276.0 2517.64697265625
180.0 276.0 2482.35302734375
184.0 276.0 2482.35302734375
188.0 276.0 2505.88232421875
192.0 276.0 2482.35302734375
196.0 276.0 2505.88232421875
200.0 276.0 2588.2353515625
204.0 276.0 2529.411865234375
208.0 276.0 2505.88232421875
212.0 276.0 2505.88232421875
216.0 276.0 2517.64697265625
220.0 276.0 2600.0
224.0 276.0 2564.705810546875
228.0 276.0 2658.823486328125
232.0 276.0 2670.588134765625
236.0 276.0 2611.7646484375
240.0 276.0 2588.2353515625
244.0 276.0 2670.588134765625
248.0 276.0 2670.588134765625
252.0 276.0 2670.588134765625
256.0 276.0 2611.7646484375
260.0 276.0 2576.470703125
264.0 276.0 2741.176513671875
268.0 276.0 2694.11767578125
272.0 276.0 2670.588134765625
276.0 276.0 2670.588134765625
280.0 276.0 2658.823486328125
284.0 276.0 2729.411865234375
288.0 276.0 2647.058837890625
292.0 276.0 2682.35302734375
296.0 276.0 2658.823486328125
300.0 276.0 2694.11767578125
304.0 276.0 2682.35302734375
308.0 276.0 2670.588134765625
312.0 276.0 2658.823486328125
316.0 276.0 2647.058837890625
320.0 276.0 2588.2353515625
324.0 276.0 2623.529541015625
328.0 276.0 2623.529541015625
332.0 276.0 2552.941162109375
336.0 276.0 2564.705810546875
340.0 276.0 2705.88232421875
344.0 276.0 2658.823486328125
348.0 276.0 2552.941162109375
352.0 276.0 2600.0
356.0 276.0 2623.529541015625
360.0 276.0 2623.529541015625
364.0 276.0 2588.2353515625
368.0 276.0 2623.529541015625
372.0 276.0 2600.0
376.0 276.0 2670.588134765625
380.0 276.0 2588.2353515625
384.0 276.0 2517.64697265625
388.0 276.0 2588.2353515625
392.0 276.0 2647.058837890625
396.0 276.0 2600.0
400.0 276.0 2588.2353515625
404.0 276.0 2588.2353515625
408.0 276.0 2576.470703125
412.0 276.0 2564.705810546875
416.0 276.0 2505.88232421875
420.0 276.0 2529.411865234375
424.0 276.0 2611.7646484375
428.0 276.0 2588.2353515625
432.0 276.0 2470.58837890625
436.0 276.0 2482.35302734375
440.0 276.0 2482.35302734375
444.0 276.0 2517.64697265625
448.0 276.0 2494.11767578125
452.0 276.0 2447.058837890625
456.0 276.0 2482.35302734375
460.0 276.0 2435.294189453125
464.0 276.0 2423.529541015625
468.0 276.0 2423.529541015625
472.0 276.0 2388.2353515625
476.0 276.0 2364.705810546875
480.0 276.0 2364.705810546875
484.0 276.0 2282.35302734375
488.0 276.0 2223.529541015625
492.0 276.0 2270.58837890625
496.0 276.0 2223.529541015625
500.0 276.0 2117.647216796875
504.0 276.0 2058.823486328125
508.0 276.0 1823.529541015625
512.0 276.0 1752.9412841796875
516.0 276.0 1505.8824462890625
520.0 276.0 1341.176513671875
524.0 276.0 1070.5882568359375
528.0 276.0 764.7059326171875
532.0 276.0 517.6470947265625
536.0 276.0 552.941162109375
540.0 276.0 576.4705810546875
544.0 276.0 517.6470947265625
548.0 276.0 647.058837890625
552.0 276.0 517.6470947265625
556.0 276.0 505.8823547363281
560.0 276.0 494.11767578125
564.0 276.0 529.4118041992188
568.0 276.0 494.11767578125
572.0 276.0 494.11767578125
576.0 276.0 400.0000305175781
580.0 276.0 517.6470947265625
584.0 276.0 529.4118041992188
588.0 276.0 517.6470947265625
592.0 276.0 494.11767578125
596.0 276.0 505.8823547363281
600.0 276.0 505.8823547363281
604.0 276.0 517.6470947265625
608.0 276.0 517.6470947265625
612.0 276.0 588.2352905273438
616.0 276.0 505.8823547363281
620.0 276.0 576.4705810546875
624.0 276.0 552.941162109375
628.0 276.0 529.4118041992188
632.0 276.0 576.4705810546875
636.0 276.0 576.4705810546875
0.0 280.0 2741.176513671875
4.0 280.0 2752.941162109375
8.0 280.0 2823.529541015625
12.0 280.0 2835.294189453125
16.0 280.0 2823.529541015625
20.0 280.0 2823.529541015625
24.0 280.0 2835.294189453125
28.0 280.0 2847.058837890625
32.0 280.0 2752.941162109375
36.0 280.0 2729.411865234375
40.0 280.0 2752.941162109375
44.0 280.0 2811.7646484375
48.0 280.0 2741.176513671875
52.0 280.0 2788.2353515625
56.0 280.0 2764.705810546875
60.0 280.0 2729.411865234375
64.0 280.0 2788.2353515625
68.0 280.0 2694.11767578125
72.0 280.0 2682.35302734375
76.0 280.0 2658.823486328125
80.0 280.0 2670.588134765625
84.0 280.0 2588.2353515625
88.0 280.0 2588.2353515625
92.0 280.0 2623.529541015625
96.0 280.0 2658.823486328125
100.0 280.0 2647.058837890625
104.0 280.0 2647.058837890625
108.0 280.0 2588.2353515625
112.0 280.0 2600.0
116.0 280.0 2564.705810546875
120.0 280.0 2623.529541015625
124.0 280.0 2576.470703125
128.0 280.0 2482.35302734375
132.0 280.0 2588.2353515625
136.0 280.0 2529.411865234375
140.0 280.0 2505.88232421875
144.0 280.0 2517.64697265625
148.0 280.0 2470.58837890625
152.0 280.0 2517.64697265625
156.0 280.0 2482.35302734375
160.0 280.0 2470.58837890625
164.0 280.0 2505.88232421875
168.0 280.0 2505.88232421875
172.0 280.0 2494.11767578125
176.0 280.0 2529.411865234375
180.0 280.0 2517.64697265625
184.0 280.0 2505.88232421875
188.0 280.0 2494.11767578125
192.0 280.0 2588.2353515625
196.0 280.0 2505.88232421875
200.0 280.0 2576.470703125
204.0 280.0 2505.88232421875
208.0 280.0 2517.64697265625
212.0 280.0 2505.88232421875
216.0 280.0 2529.411865234375
220.0 280.0 2564.705810546875
224.0 280.0 2529.411865234375
228.0 280.0 2658.823486328125
232.0 280.0 2611.7646484375
236.0 280.0 2588.2353515625
240.0 280.0 2529.411865234375
244.0 280.0 2588.2353515625
248.0 280.0 2529.411865234375
252.0 280.0 2588.2353515625
256.0 280.0 2611.7646484375
260.0 280.0 2623.529541015625
264.0 280.0 2670.588134765625
268.0 280.0 2670.588134765625
272.0 280.0 2670.588134765625
276.0 280.0 2647.058837890625
280.0 280.0 2670.588134765625
284.0 280.0 2694.11767578125
288.0 280.0 2682.35302734375
292.0 280.0 2729.411865234375
296.0 280.0 2670.588134765625
300.0 280.0 2729.411865234375
304.0 280.0 2705.88232421875
308.0 280.0 2694.11767578125
312.0 280.0 2611.7646484375
316.0 280.0 2611.7646484375
320.0 280.0 2647.058837890625
324.0 280.0 2588.2353515625
328.0 280.0 2670.588134765625
332.0 280.0 2600.0
336.0 280.0 2576.470703125
340.0 280.0 2611.7646484375
344.0 280.0 2623.529541015625
348.0 280.0 2611.7646484375
352.0 280.0 2611.7646484375
356.0 280.0 2658.823486328125
360.0 280.0 2588.2353515625
364.0 280.0 2647.058837890625
368.0 280.0 2670.588134765625
372.0 280.0 2623.529541015625
376.0 280.0 2623.529541015625
380.0 280.0 2552.941162109375
384.0 280.0 2588.2353515625
388.0 280.0 2623.529541015625
392.0 280.0 2564.705810546875
396.0 280.0 2611.7646484375
400.0 280.0 2552.941162109375
404.0 280.0 2564.705810546875
408.0 280.0 2658.823486328125
412.0 280.0 2552.941162109375
416.0 280.0 2505.88232421875
420.0 280.0 2435.294189453125
424.0 280.0 2517.64697265625
428.0 280.0 2517.64697265625
432.0 280.0 2470.58837890625
436.0 280.0 2423.529541015625
440.0 280.0 2505.88232421875
444.0 280.0 2447.058837890625
448.0 280.0 2423.529541015625
452.0 280.0 2435.294189453125
456.0 280.0 2411.7646484375
460.0 280.0 2435.294189453125
464.0 280.0 2364.705810546875
468.0 280.0 2341.176513671875
472.0 280.0 2341.176513671875
476.0 280.0 2258.823486328125
480.0 280.0 2329.411865234375
484.0 280.0 2317.647216796875
488.0 280.0 2258.823486328125
492.0 280.0 2258.823486328125
496.0 280.0 2235.294189453125
500.0 280.0 2176.470703125
504.0 280.0 2058.823486328125
508.0 280.0 1941.176513671875
512.0 280.0 1752.9412841796875
516.0 280.0 1505.8824462890625
520.0 280.0 1388.2353515625
524.0 280.0 1141.176513671875
528.0 280.0 858.8235473632812
532.0 280.0 576.4705810546875
536.0 280.0 482.35296630859375
540.0 280.0 494.11767578125
544.0 280.0 682.3529663085938
548.0 280.0 517.6470947265625
552.0 280.0 494.11767578125
556.0 280.0 494.11767578125
560.0 280.0 552.941162109375
564.0 280.0 505.8823547363281
568.0 280.0 564.7058715820312
572.0 280.0 517.6470947265625
576.0 280.0 564.7058715820312
580.0 280.0 564.7058715820312
584.0 280.0 576.4705810546875
588.0 280.0 494.11767578125
592.0 280.0 517.6470947265625
596.0 280.0 494.11767578125
600.0 280.0 529.4118041992188
604.0 280.0 435.29412841796875
608.0 280.0 588.2352905273438
612.0 280.0 529.4118041992188
616.0 280.0 447.058837890625
620.0 280.0 517.6470947265625
624.0 280.0 576.4705810546875
628.0 280.0 576.4705810546875
632.0 280.0 600.0
636.0 280.0 576.4705810546875
0.0 284.0 2788.2353515625
4.0 284.0 2823.529541015625
8.0 284.0 2835.294189453125
12.0 284.0 2752.941162109375
16.0 284.0 2788.2353515625
20.0 284.0 2811.7646484375
24.0 284.0 2752.941162109375
28.0 284.0 2776.470703125
32.0 284.0 2776.470703125
36.0 284.0 2705.88232421875
40.0 284.0 2729.411865234375
44.0 284.0 2752.941162109375
48.0 284.0 2729.411865234375
52.0 284.0 2705.88232421875
56.0 284.0 2705.88232421875
60.0 284.0 2729.411865234375
64.0 284.0 2729.411865234375
68.0 284.0 2670.588134765625
72.0 284.0 2670.588134765625
76.0 284.0 2647.058837890625
80.0 284.0 2623.529541015625
84.0 284.0 2623.529541015625
88.0 284.0 2600.0
92.0 284.0 2611.7646484375
96.0 284.0 2670.588134765625
100.0 284.0 2588.2353515625
104.0 284.0 2576.470703125
108.0 284.0 2600.0
112.0 284.0 2588.2353515625
116.0 284.0 2552.941162109375
120.0 284.0 2517.64697265625
124.0 284.0 2588.2353515625
128.0 284.0 2517.64697265625
132.0 284.0 2505.88232421875
136.0 284.0 2505.88232421875
140.0 284.0 2517.64697265625
144.0 284.0 2505.88232421875
148.0 284.0 2435.294189453125
152.0 284.0 2482.35302734375
156.0 284.0 2447.058837890625
160.0 284.0 2494.11767578125
164.0 284.0 2470.58837890625
168.0 284.0 2447.058837890625
172.0 284.0 2494.11767578125
176.0 284.0 2564.705810546875
180.0 284.0 2470.58837890625
184.0 284.0 2482.35302734375
188.0 284.0 2447.058837890625
192.0 284.0 2482.35302734375
196.0 284.0 2517.64697265625
200.0 284.0 2552.941162109375
204.0 284.0 2517.64697265625
208.0 284.0 2517.64697265625
212.0 284.0 2505.88232421875
216.0 284.0 2517.64697265625
220.0 284.0 2505.88232421875
224.0 284.0 2552.941162109375
228.0 284.0 2588.2353515625
232.0 284.0 2576.470703125
236.0 284.0 2576.470703125
240.0 284.0 2482.35302734375
244.0 284.0 2588.2353515625
248.0 284.0 2588.2353515625
252.0 284.0 2670.588134765625
256.0 284.0 2670.588134765625
260.0 284.0 2647.058837890625
264.0 284.0 2682.35302734375
268.0 284.0 2600.0
272.0 284.0 2705.88232421875
276.0 284.0 2694.11767578125
280.0 284.0 2670.588134765625
284.0 284.0 2682.35302734375
288.0 284.0 2670.588134765625
292.0 284.0 2694.11767578125
296.0 284.0 2705.88232421875
300.0 284.0 2694.11767578125
304.0 284.0 2705.88232421875
308.0 284.0 2658.823486328125
312.0 284.0 2670.588134765625
316.0 284.0 2600.0
320.0 284.0 2670.588134765625
324.0 284.0 2623.529541015625
328.0 284.0 2623.529541015625
332.0 284.0 2600.0
336.0 284.0 2588.2353515625
340.0 284.0 2611.7646484375
344.0 284.0 2588.2353515625
348.0 284.0 2611.7646484375
352.0 284.0 2658.823486328125
356.0 284.0 2670.588134765625
360.0 284.0 2588.2353515625
364.0 284.0 2600.0
368.0 284.0 2611.7646484375
372.0 284.0 2600.0
376.0 284.0 2670.588134765625
380.0 284.0 2588.2353515625
384.0 284.0 2588.2353515625
388.0 284.0 2658.823486328125
392.0 284.0 2552.941162109375
396.0 284.0 2623.529541015625
400.0 284.0 2588.2353515625
404.0 284.0 2576.470703125
408.0 284.0 2564.705810546875
412.0 284.0 2505.88232421875
416.0 284.0 2494.11767578125
420.0 284.0 2505.88232421875
424.0 284.0 2552.941162109375
428.0 284.0 2482.35302734375
432.0 284.0 2482.35302734375
436.0 284.0 2470.58837890625
440.0 284.0 2482.35302734375
444.0 284.0 2505.88232421875
448.0 284.0 2423.529541015625
452.0 284.0 2352.941162109375
456.0 284.0 2388.2353515625
460.0 284.0 2423.529541015625
464.0 284.0 2317.647216796875
468.0 284.0 2329.411865234375
472.0 284.0 2341.176513671875
476.0 284.0 2247.058837890625
480.0 284.0 2305.88232421875
484.0 284.0 2235.294189453125
488.0 284.0 2258.823486328125
492.0 284.0 2223.529541015625
496.0 284.0 2258.823486328125
500.0 284.0 2105.88232421875
504.0 284.0 2070.58837890625
508.0 284.0 1905.8824462890625
512.0 284.0 1776.470703125
516.0 284.0 1576.470703125
520.0 284.0 1352.941162109375
524.0 284.0 1176.4705810546875
528.0 284.0 917.6470947265625
532.0 284.0 623.5294189453125
536.0 284.0 529.4118041992188
540.0 284.0 576.4705810546875
544.0 284.0 647.058837890625
548.0 284.0 470.5882568359375
552.0 284.0 470.5882568359375
556.0 284.0 470.5882568359375
560.0 284.0 447.058837890625
564.0 284.0 564.7058715820312
568.0 284.0 564.7058715820312
572.0 284.0 494.11767578125
576.0 284.0 505.8823547363281
580.0 284.0 517.6470947265625
584.0 284.0 564.7058715820312
588.0 284.0 470.5882568359375
592.0 284.0 564.7058715820312
596.0 284.0 552.941162109375
600.0 284.0 482.35296630859375
604.0 284.0 494.11767578125
608.0 284.0 447.058837890625
612.0 284.0 494.11767578125
616.0 284.0 517.6470947265625
620.0 284.0 576.4705810546875
624.0 284.0 552.941162109375
628.0 284.0 576.4705810546875
632.0 284.0 600.0
636.0 284.0 470.5882568359375
0.0 288.0 2729.411865234375
4.0 288.0 2776.470703125
8.0 288.0 2835.294189453125
12.0 288.0 2870.588134765625
16.0 288.0 2788.2353515625
20.0 288.0 2764.705810546875
24.0 288.0 2752.941162109375
28.0 288.0 2823.529541015625
32.0 288.0 2788.2353515625
36.0 288.0 2729.411865234375
40.0 288.0 2752.941162109375
44.0 288.0 2764.705810546875
48.0 288.0 2670.588134765625
52.0 288.0 2694.11767578125
56.0 288.0 2741.176513671875
60.0 288.0 2776.470703125
64.0 288.0 2670.588134765625
68.0 288.0 2623.529541015625
72.0 288.0 2670.588134765625
76.0 288.0 2670.588134765625
80.0 288.0 2647.058837890625
84.0 288.0 2588.2353515625
88.0 288.0 2670.588134765625
92.0 288.0 2600.0
96.0 288.0 2600.0
100.0 288.0 2623.529541015625
104.0 288.0 2611.7646484375
108.0 288.0 2600.0
112.0 288.0 2576.470703125
116.0 288.0 2564.705810546875
120.0 288.0 2576.470703125
124.0 288.0 2529.411865234375
128.0 288.0 2529.411865234375
132.0 288.0 2505.88232421875
136.0 288.0 2482.35302734375
140.0 288.0 2517.64697265625
144.0 288.0 2470.58837890625
148.0 288.0 2435.294189453125
152.0 288.0 2505.88232421875
156.0 288.0 2411.7646484375
160.0 288.0 2505.88232421875
164.0 288.0 2505.88232421875
168.0 288.0 2470.58837890625
172.0 288.0 2529.411865234375
176.0 288.0 2482.35302734375
180.0 288.0 2435.294189453125
184.0 288.0 2482.35302734375
188.0 288.0 2482.35302734375
192.0 288.0 2470.58837890625
196.0 288.0 2447.058837890625
200.0 288.0 2529.411865234375
204.0 288.0 2588.2353515625
208.0 288.0 2552.941162109375
212.0 288.0 2505.88232421875
216.0 288.0 2529.411865234375
220.0 288.0 2529.411865234375
224.0 288.0 2588.2353515625
228.0 288.0 2552.941162109375
232.0 288.0 2611.7646484375
236.0 288.0 2600.0
240.0 288.0 2588.2353515625
244.0 288.0 2529.411865234375
248.0 288.0 2623.529541015625
252.0 288.0 2576.470703125
256.0 288.0 2623.529541015625
260.0 288.0 2647.058837890625
264.0 288.0 2729.411865234375
268.0 288.0 2729.411865234375
272.0 288.0 2752.941162109375
276.0 288.0 2741.176513671875
280.0 288.0 2670.588134765625
284.0 288.0 2658.823486328125
288.0 288.0 2752.941162109375
292.0 288.0 2658.823486328125
296.0 288.0 2670.588134765625
300.0 288.0 2647.058837890625
304.0 288.0 2705.88232421875
308.0 288.0 2611.7646484375
312.0 288.0 2670.588134765625
316.0 288.0 2623.529541015625
320.0 288.0 2611.7646484375
324.0 288.0 2576.470703125
328.0 288.0 2670.588134765625
332.0 288.0 2647.058837890625
336.0 288.0 2623.529541015625
340.0 288.0 2600.0
344.0 288.0 2611.7646484375
348.0 288.0 2658.823486328125
352.0 288.0 2647.058837890625
356.0 288.0 2588.2353515625
360.0 288.0 2588.2353515625
364.0 288.0 2611.7646484375
368.0 288.0 2658.823486328125
372.0 288.0 2588.2353515625
376.0 288.0 2670.588134765625
380.0 288.0 2623.529541015625
384.0 288.0 2647.058837890625
388.0 288.0 2623.529541015625
392.0 288.0 2600.0
396.0 288.0 2588.2353515625
400.0 288.0 2576.470703125
404.0 288.0 2552.941162109375
408.0 288.0 2552.941162109375
412.0 288.0 2482.35302734375
416.0 288.0 2470.58837890625
420.0 288.0 2494.11767578125
424.0 288.0 2529.411865234375
428.0 288.0 2494.11767578125
432.0 288.0 2576.470703125
436.0 288.0 2505.88232421875
440.0 288.0 2423.529541015625
444.0 288.0 2470.58837890625
448.0 288.0 2435.294189453125
452.0 288.0 2423.529541015625
456.0 288.0 2400.0
460.0 288.0 2352.941162109375
464.0 288.0 2352.941162109375
468.0 288.0 2388.2353515625
472.0 288.0 2388.2353515625
476.0 288.0 2317.647216796875
480.0 288.0 2270.58837890625
484.0 288.0 2270.58837890625
488.0 288.0 2247.058837890625
492.0 288.0 2141.176513671875
496.0 288.0 2247.058837890625
500.0 288.0 2152.941162109375
504.0 288.0 2035.294189453125
508.0 288.0 1917.6470947265625
512.0 288.0 1835.294189453125
516.0 288.0 1611.7647705078125
520.0 288.0 1423.5294189453125
524.0 288.0 1270.5882568359375
528.0 288.0 1035.294189453125
532.0 288.0 694.11767578125
536.0 288.0 447.058837890625
540.0 288.0 611.7647094726562
544.0 288.0 505.8823547363281
548.0 288.0 494.11767578125
552.0 288.0 576.4705810546875
556.0 288.0 576.4705810546875
560.0 288.0 505.8823547363281
564.0 288.0 517.6470947265625
568.0 288.0 470.5882568359375
572.0 288.0 552.941162109375
576.0 288.0 447.058837890625
580.0 288.0 552.941162109375
584.0 288.0 564.7058715820312
588.0 288.0 517.6470947265625
592.0 288.0 505.8823547363281
596.0 288.0 552.941162109375
600.0 288.0 529.4118041992188
604.0 288.0 564.7058715820312
608.0 288.0 470.5882568359375
612.0 288.0 447.058837890625
616.0 288.0 482.35296630859375
620.0 288.0 564.7058715820312
624.0 288.0 576.4705810546875
628.0 288.0 529.4118041992188
632.0 288.0 529.4118041992188
636.0 288.0 505.8823547363281
0.0 292.0 2764.705810546875
4.0 292.0 2835.294189453125
8.0 292.0 2811.7646484375
12.0 292.0 2835.294189453125
16.0 292.0 2776.470703125
20.0 292.0 2788.2353515625
24.0 292.0 2752.941162109375
28.0 292.0 2823.529541015625
32.0 292.0 2741.176513671875
36.0 292.0 2741.176513671875
40.0 292.0 2752.941162109375
44.0 292.0 2729.411865234375
48.0 292.0 2694.11767578125
52.0 292.0 2776.470703125
56.0 292.0 2741.176513671875
60.0 292.0 2670.588134765625
64.0 292.0 2670.588134765625
68.0 292.0 2670.588134765625
72.0 292.0 2658.823486328125
76.0 292.0 2658.823486328125
80.0 292.0 2623.529541015625
84.0 292.0 2623.529541015625
88.0 292.0 2611.7646484375
92.0 292.0 2588.2353515625
96.0 292.0 2611.7646484375
100.0 292.0 2647.058837890625
104.0 292.0 2576.470703125
108.0 292.0 2588.2353515625
112.0 292.0 2600.0
116.0 292.0 2623.529541015625
120.0 292.0 2576.470703125
124.0 292.0 2588.2353515625
128.0 292.0 2588.2353515625
132.0 292.0 2576.470703125
136.0 292.0 2505.88232421875
140.0 292.0 2552.941162109375
144.0 292.0 2447.058837890625
148.0 292.0 2482.35302734375
152.0 292.0 2517.64697265625
156.0 292.0 2411.7646484375
160.0 292.0 2470.58837890625
164.0 292.0 2505.88232421875
168.0 292.0 2470.58837890625
172.0 292.0 2494.11767578125
176.0 292.0 2505.88232421875
180.0 292.0 2552.941162109375
184.0 292.0 2423.529541015625
188.0 292.0 2447.058837890625
192.0 292.0 2482.35302734375
196.0 292.0 2447.058837890625
200.0 292.0 2529.411865234375
204.0 292.0 2529.411865234375
208.0 292.0 2529.411865234375
212.0 292.0 2517.64697265625
216.0 292.0 2552.941162109375
220.0 292.0 2517.64697265625
224.0 292.0 2505.88232421875
228.0 292.0 2564.705810546875
232.0 292.0 2611.7646484375
236.0 292.0 2600.0
240.0 292.0 2564.705810546875
244.0 292.0 2611.7646484375
248.0 292.0 2588.2353515625
252.0 292.0 2600.0
256.0 292.0 2670.588134765625
260.0 292.0 2576.470703125
264.0 292.0 2623.529541015625
268.0 292.0 2705.88232421875
272.0 292.0 2705.88232421875
276.0 292.0 2741.176513671875
280.0 292.0 2752.941162109375
284.0 292.0 2729.411865234375
288.0 292.0 2752.941162109375
292.0 292.0 2729.411865234375
296.0 292.0 2729.411865234375
300.0 292.0 2705.88232421875
304.0 292.0 2752.941162109375
308.0 292.0 2670.588134765625
312.0 292.0 2658.823486328125
316.0 292.0 2658.823486328125
320.0 292.0 2670.588134765625
324.0 292.0 2670.588134765625
328.0 292.0 2694.11767578125
332.0 292.0 2647.058837890625
336.0 292.0 2576.470703125
340.0 292.0 2588.2353515625
344.0 292.0 2611.7646484375
348.0 292.0 2658.823486328125
352.0 292.0 2611.7646484375
356.0 292.0 2670.588134765625
360.0 292.0 2623.529541015625
364.0 292.0 2658.823486328125
368.0 292.0 2670.588134765625
372.0 292.0 2682.35302734375
376.0 292.0 2623.529541015625
380.0 292.0 2658.823486328125
384.0 292.0 2647.058837890625
388.0 292.0 2623.529541015625
392.0 292.0 2552.941162109375
396.0 292.0 2647.058837890625
400.0 292.0 2600.0
404.0 292.0 2564.705810546875
408.0 292.0 2505.88232421875
412.0 292.0 2529.411865234375
416.0 292.0 2505.88232421875
420.0 292.0 2482.35302734375
424.0 292.0 2517.64697265625
428.0 292.0 2505.88232421875
432.0 292.0 2482.35302734375
436.0 292.0 2505.88232421875
440.0 292.0 2470.58837890625
444.0 292.0 2435.294189453125
448.0 292.0 2423.529541015625
452.0 292.0 2423.529541015625
456.0 292.0 2364.705810546875
460.0 292.0 2423.529541015625
464.0 292.0 2388.2353515625
468.0 292.0 2329.411865234375
472.0 292.0 2329.411865234375
476.0 292.0 2258.823486328125
480.0 292.0 2317.647216796875
484.0 292.0 2223.529541015625
488.0 292.0 2223.529541015625
492.0 292.0 2176.470703125
496.0 292.0 2176.470703125
500.0 292.0 2235.294189453125
504.0 292.0 2011.7647705078125
508.0 292.0 1976.470703125
512.0 292.0 1905.8824462890625
516.0 292.0 1611.7647705078125
520.0 292.0 1470.5882568359375
524.0 292.0 1282.3529052734375
528.0 292.0 929.4118041992188
532.0 292.0 670.5882568359375
536.0 292.0 611.7647094726562
540.0 292.0 600.0
544.0 292.0 576.4705810546875
548.0 292.0 505.8823547363281
552.0 292.0 576.4705810546875
556.0 292.0 564.7058715820312
560.0 292.0 564.7058715820312
564.0 292.0 517.6470947265625
568.0 292.0 552.941162109375
572.0 292.0 576.4705810546875
576.0 292.0 576.4705810546875
580.0 292.0 611.7647094726562
584.0 292.0 552.941162109375
588.0 292.0 564.7058715820312
592.0 292.0 505.8823547363281
596.0 292.0 517.6470947265625
600.0 292.0 564.7058715820312
604.0 292.0 576.4705810546875
608.0 292.0 505.8823547363281
612.0 292.0 576.4705810546875
616.0 292.0 588.2352905273438
620.0 292.0 494.11767578125
624.0 292.0 600.0
628.0 292.0 576.4705810546875
632.0 292.0 564.7058715820312
636.0 292.0 576.4705810546875
0.0 296.0 2776.470703125
4.0 296.0 2705.88232421875
8.0 296.0 2823.529541015625
12.0 296.0 2788.2353515625
16.0 296.0 2835.294189453125
20.0 296.0 2776.470703125
24.0 296.0 2788.2353515625
28.0 296.0 2835.294189453125
32.0 296.0 2752.941162109375
36.0 296.0 2694.11767578125
40.0 296.0 2764.705810546875
44.0 296.0 2764.705810546875
48.0 296.0 2705.88232421875
52.0 296.0 2705.88232421875
56.0 296.0 2741.176513671875
60.0 296.0 2670.588134765625
64.0 296.0 2705.88232421875
68.0 296.0 2658.823486328125
72.0 296.0 2682.35302734375
76.0 296.0 2647.058837890625
80.0 296.0 2600.0
84.0 296.0 2588.2353515625
88.0 296.0 2623.529541015625
92.0 296.0 2623.529541015625
96.0 296.0 2611.7646484375
100.0 296.0 2600.0
104.0 296.0 2576.470703125
108.0 296.0 2588.2353515625
112.0 296.0 2623.529541015625
116.0 296.0 2588.2353515625
120.0 296.0 2564.705810546875
124.0 296.0 2529.411865234375
128.0 296.0 2588.2353515625
132.0 296.0 2552.941162109375
136.0 296.0 2517.64697265625
140.0 296.0 2505.88232421875
144.0 296.0 2470.58837890625
148.0 296.0 2400.0
152.0 296.0 2435.294189453125
156.0 296.0 2400.0
160.0 296.0 2470.58837890625
164.0 296.0 2494.11767578125
168.0 296.0 2505.88232421875
172.0 296.0 2423.529541015625
176.0 296.0 2505.88232421875
180.0 296.0 2505.88232421875
184.0 296.0 2447.058837890625
188.0 296.0 2435.294189453125
192.0 296.0 2447.058837890625
196.0 296.0 2529.411865234375
200.0 296.0 2517.64697265625
204.0 296.0 2482.35302734375
208.0 296.0 2517.64697265625
212.0 296.0 2505.88232421875
216.0 296.0 2505.88232421875
220.0 296.0 2564.705810546875
224.0 296.0 2505.88232421875
228.0 296.0 2505.88232421875
232.0 296.0 2588.2353515625
236.0 296.0 2658.823486328125
240.0 296.0 2588.2353515625
244.0 296.0 2658.823486328125
248.0 296.0 2611.7646484375
252.0 296.0 2600.0
256.0 296.0 2647.058837890625
260.0 296.0 2588.2353515625
264.0 296.0 2611.7646484375
268.0 296.0 2694.11767578125
272.0 296.0 2752.941162109375
276.0 296.0 2705.88232421875
280.0 296.0 2752.941162109375
284.0 296.0 2729.411865234375
288.0 296.0 2752.941162109375
292.0 296.0 2694.11767578125
296.0 296.0 2682.35302734375
300.0 296.0 2752.941162109375
304.0 296.0 2670.588134765625
308.0 296.0 2729.411865234375
312.0 296.0 2741.176513671875
316.0 296.0 2670.588134765625
320.0 296.0 2705.88232421875
324.0 296.0 2670.588134765625
328.0 296.0 2694.11767578125
332.0 296.0 2670.588134765625
336.0 296.0 2623.529541015625
340.0 296.0 2611.7646484375
344.0 296.0 2623.529541015625
348.0 296.0 2670.588134765625
352.0 296.0 2658.823486328125
356.0 296.0 2647.058837890625
360.0 296.0 2588.2353515625
364.0 296.0 2611.7646484375
368.0 296.0 2600.0
372.0 296.0 2694.11767578125
376.0 296.0 2611.7646484375
380.0 296.0 2670.588134765625
384.0 296.0 2588.2353515625
388.0 296.0 2588.2353515625
392.0 296.0 2658.823486328125
396.0 296.0 2600.0
400.0 296.0 2564.705810546875
404.0 296.0 2529.411865234375
408.0 296.0 2517.64697265625
412.0 296.0 2552.941162109375
416.0 296.0 2482.35302734375
420.0 296.0 2482.35302734375
424.0 296.0 2529.411865234375
428.0 296.0 2435.294189453125
432.0 296.0 2494.11767578125
436.0 296.0 2482.35302734375
440.0 296.0 2435.294189453125
444.0 296.0 2435.294189453125
448.0 296.0 2411.7646484375
452.0 296.0 2423.529541015625
456.0 296.0 2388.2353515625
460.0 296.0 2400.0
464.0 296.0 2364.705810546875
468.0 296.0 2305.88232421875
472.0 296.0 2317.647216796875
476.0 296.0 2258.823486328125
480.0 296.0 2235.294189453125
484.0 296.0 2388.2353515625
488.0 296.0 2270.58837890625
492.0 296.0 2188.2353515625
496.0 296.0 2270.58837890625
500.0 296.0 2235.294189453125
504.0 296.0 2152.941162109375
508.0 296.0 1905.8824462890625
512.0 296.0 1835.294189453125
516.0 296.0 1682.35302734375
520.0 296.0 1552.9412841796875
524.0 296.0 1282.3529052734375
528.0 296.0 1070.5882568359375
532.0 296.0 764.7059326171875
536.0 296.0 576.4705810546875
540.0 296.0 576.4705810546875
544.0 296.0 576.4705810546875
548.0 296.0 470.5882568359375
552.0 296.0 588.2352905273438
556.0 296.0 564.7058715820312
560.0 296.0 529.4118041992188
564.0 296.0 494.11767578125
568.0 296.0 552.941162109375
572.0 296.0 564.7058715820312
576.0 296.0 529.4118041992188
580.0 296.0 600.0
584.0 296.0 588.2352905273438
588.0 296.0 494.11767578125
592.0 296.0 552.941162109375
596.0 296.0 552.941162109375
600.0 296.0 552.941162109375
604.0 296.0 564.7058715820312
608.0 296.0 447.058837890625
612.0 296.0 552.941162109375
616.0 296.0 576.4705810546875
620.0 296.0 552.941162109375
624.0 296.0 623.5294189453125
628.0 296.0 600.0
632.0 296.0 588.2352905273438
636.0 296.0 517.6470947265625
0.0 300.0 2741.176513671875
4.0 300.0 2811.7646484375
8.0 300.0 2811.7646484375
12.0 300.0 2811.7646484375
16.0 300.0 2752.941162109375
20.0 300.0 2741.176513671875
24.0 300.0 2811.7646484375
28.0 300.0 2764.705810546875
32.0 300.0 2788.2353515625
36.0 300.0 2776.470703125
40.0 300.0 2729.411865234375
44.0 300.0 2752.941162109375
48.0 300.0 2670.588134765625
52.0 300.0 2694.11767578125
56.0 300.0 2788.2353515625
60.0 300.0 2647.058837890625
64.0 300.0 2752.941162109375
68.0 300.0 2694.11767578125
72.0 300.0 2670.588134765625
76.0 300.0 2682.35302734375
80.0 300.0 2611.7646484375
84.0 300.0 2600.0
88.0 300.0 2658.823486328125
92.0 300.0 2647.058837890625
96.0 300.0 2564.705810546875
100.0 300.0 2600.0
104.0 300.0 2647.058837890625
108.0 300.0 2564.705810546875
112.0 300.0 2588.2353515625
116.0 300.0 2576.470703125
120.0 300.0 2505.88232421875
124.0 300.0 2600.0
128.0 300.0 2517.64697265625
132.0 300.0 2588.2353515625
136.0 300.0 2494.11767578125
140.0 300.0 2505.88232421875
144.0 300.0 2505.88232421875
148.0 300.0 2470.58837890625
152.0 300.0 2505.88232421875
156.0 300.0 2482.35302734375
160.0 300.0 2505.88232421875
164.0 300.0 2435.294189453125
168.0 300.0 2505.88232421875
172.0 300.0 2517.64697265625
176.0 300.0 2447.058837890625
180.0 300.0 2494.11767578125
184.0 300.0 2494.11767578125
188.0 300.0 2447.058837890625
192.0 300.0 2482.35302734375
196.0 300.0 2494.11767578125
200.0 300.0 2470.58837890625
204.0 300.0 2494.11767578125
208.0 300.0 2505.88232421875
212.0 300.0 2505.88232421875
216.0 300.0 2505.88232421875
220.0 300.0 2529.411865234375
224.0 300.0 2505.88232421875
228.0 300.0 2611.7646484375
232.0 300.0 2623.529541015625
236.0 300.0 2588.2353515625
240.0 300.0 2529.411865234375
244.0 300.0 2600.0
248.0 300.0 2529.411865234375
252.0 300.0 2588.2353515625
256.0 300.0 2729.411865234375
260.0 300.0 2670.588134765625
264.0 300.0 2670.588134765625
268.0 300.0 2764.705810546875
272.0 300.0 2705.88232421875
276.0 300.0 2752.941162109375
280.0 300.0 2705.88232421875
284.0 300.0 2752.941162109375
288.0 300.0 2752.941162109375
292.0 300.0 2705.88232421875
296.0 300.0 2705.88232421875
300.0 300.0 2729.411865234375
304.0 300.0 2670.588134765625
308.0 300.0 2694.11767578125
312.0 300.0 2694.11767578125
316.0 300.0 2670.588134765625
320.0 300.0 2729.411865234375
324.0 300.0 2670.588134765625
328.0 300.0 2682.35302734375
332.0 300.0 2682.35302734375
336.0 300.0 2658.823486328125
340.0 300.0 2623.529541015625
344.0 300.0 2658.823486328125
348.0 300.0 2658.823486328125
352.0 300.0 2670.588134765625
356.0 300.0 2647.058837890625
360.0 300.0 2611.7646484375
364.0 300.0 2600.0
368.0 300.0 2611.7646484375
372.0 300.0 2682.35302734375
376.0 300.0 2705.88232421875
380.0 300.0 2600.0
384.0 300.0 2647.058837890625
388.0 300.0 2647.058837890625
392.0 300.0 2611.7646484375
396.0 300.0 2600.0
400.0 300.0 2588.2353515625
404.0 300.0 2505.88232421875
408.0 300.0 2529.411865234375
412.0 300.0 2588.2353515625
416.0 300.0 2505.88232421875
420.0 300.0 2494.11767578125
424.0 300.0 2552.941162109375
428.0 300.0 2505.88232421875
432.0 300.0 2423.529541015625
436.0 300.0 2423.529541015625
440.0 300.0 2482.35302734375
444.0 300.0 2423.529541015625
448.0 300.0 2423.529541015625
452.0 300.0 2447.058837890625
456.0 300.0 2494.11767578125
460.0 300.0 2364.705810546875
464.0 300.0 2388.2353515625
468.0 300.0 2352.941162109375
472.0 300.0 2317.647216796875
476.0 300.0 2270.58837890625
480.0 300.0 2258.823486328125
484.0 300.0 2329.411865234375
488.0 300.0 2223.529541015625
492.0 300.0 2188.2353515625
496.0 300.0 2200.0
500.0 300.0 2176.470703125
504.0 300.0 2141.176513671875
508.0 300.0 1917.6470947265625
512.0 300.0 1905.8824462890625
516.0 300.0 1752.9412841796875
520.0 300.0 1505.8824462890625
524.0 300.0 1423.5294189453125
528.0 300.0 1094.11767578125
532.0 300.0 776.4706420898438
536.0 300.0 647.058837890625
540.0 300.0 611.7647094726562
544.0 300.0 505.8823547363281
548.0 300.0 576.4705810546875
552.0 300.0 600.0
556.0 300.0 482.35296630859375
560.0 300.0 505.8823547363281
564.0 300.0 529.4118041992188
568.0 300.0 529.4118041992188
572.0 300.0 564.7058715820312
576.0 300.0 482.35296630859375
580.0 300.0 564.7058715820312
584.0 300.0 517.6470947265625
588.0 300.0 505.8823547363281
592.0 300.0 505.8823547363281
596.0 300.0 552.941162109375
600.0 300.0 505.8823547363281
604.0 300.0 552.941162109375
608.0 300.0 423.5294189453125
612.0 300.0 576.4705810546875
616.0 300.0 588.2352905273438
620.0 300.0 552.941162109375
624.0 300.0 588.2352905273438
628.0 300.0 611.7647094726562
632.0 300.0 576.4705810546875
636.0 300.0 552.941162109375
0.0 304.0 2776.470703125
4.0 304.0 2741.176513671875
8.0 304.0 2811.7646484375
12.0 304.0 2894.11767578125
16.0 304.0 2776.470703125
20.0 304.0 2811.7646484375
24.0 304.0 2764.705810546875
28.0 304.0 2694.11767578125
32.0 304.0 2823.529541015625
36.0 304.0 2705.88232421875
40.0 304.0 2788.2353515625
44.0 304.0 2752.941162109375
48.0 304.0 2776.470703125
52.0 304.0 2835.294189453125
56.0 304.0 2752.941162109375
60.0 304.0 2729.411865234375
64.0 304.0 2729.411865234375
68.0 304.0 2682.35302734375
72.0 304.0 2694.11767578125
76.0 304.0 2670.588134765625
80.0 304.0 2670.588134765625
84.0 304.0 2647.058837890625
88.0 304.0 2658.823486328125
92.0 304.0 2658.823486328125
96.0 304.0 2623.529541015625
100.0 304.0 2611.7646484375
104.0 304.0 2588.2353515625
108.0 304.0 2564.705810546875
112.0 304.0 2611.7646484375
116.0 304.0 2552.941162109375
120.0 304.0 2588.2353515625
124.0 304.0 2670.588134765625
128.0 304.0 2600.0
132.0 304.0 2564.705810546875
136.0 304.0 2588.2353515625
140.0 304.0 2505.88232421875
144.0 304.0 2517.64697265625
148.0 304.0 2517.64697265625
152.0 304.0 2623.529541015625
156.0 304.0 2470.58837890625
160.0 304.0 2517.64697265625
164.0 304.0 2517.64697265625
168.0 304.0 2505.88232421875
172.0 304.0 2482.35302734375
176.0 304.0 2494.11767578125
180.0 304.0 2435.294189453125
184.0 304.0 2423.529541015625
188.0 304.0 2470.58837890625
192.0 304.0 2435.294189453125
196.0 304.0 2529.411865234375
200.0 304.0 2494.11767578125
204.0 304.0 2505.88232421875
208.0 304.0 2494.11767578125
212.0 304.0 2505.88232421875
216.0 304.0 2552.941162109375
220.0 304.0 2505.88232421875
224.0 304.0 2623.529541015625
228.0 304.0 2576.470703125
232.0 304.0 2682.35302734375
236.0 304.0 2623.529541015625
240.0 304.0 2564.705810546875
244.0 304.0 2611.7646484375
248.0 304.0 2682.35302734375
252.0 304.0 2611.7646484375
256.0 304.0 2682.35302734375
260.0 304.0 2588.2353515625
264.0 304.0 2647.058837890625
268.0 304.0 2670.588134765625
272.0 304.0 2682.35302734375
276.0 304.0 2682.35302734375
280.0 304.0 2752.941162109375
284.0 304.0 2752.941162109375
288.0 304.0 2788.2353515625
292.0 304.0 2788.2353515625
296.0 304.0 2741.176513671875
300.0 304.0 2752.941162109375
304.0 304.0 2752.941162109375
308.0 304.0 2705.88232421875
312.0 304.0 2752.941162109375
316.0 304.0 2670.588134765625
320.0 304.0 2752.941162109375
324.0 304.0 2670.588134765625
328.0 304.0 2694.11767578125
332.0 304.0 2658.823486328125
336.0 304.0 2729.411865234375
340.0 304.0 2705.88232421875
344.0 304.0 2694.11767578125
348.0 304.0 2658.823486328125
352.0 304.0 2729.411865234375
356.0 304.0 2670.588134765625
360.0 304.0 2670.588134765625
364.0 304.0 2647.058837890625
368.0 304.0 2658.823486328125
372.0 304.0 2752.941162109375
376.0 304.0 2741.176513671875
380.0 304.0 2647.058837890625
384.0 304.0 2600.0
388.0 304.0 2588.2353515625
392.0 304.0 2588.2353515625
396.0 304.0 2647.058837890625
400.0 304.0 2600.0
404.0 304.0 2517.64697265625
408.0 304.0 2552.941162109375
412.0 304.0 2600.0
416.0 304.0 2529.411865234375
420.0 304.0 2529.411865234375
424.0 304.0 2505.88232421875
428.0 304.0 2482.35302734375
432.0 304.0 2423.529541015625
436.0 304.0 2447.058837890625
440.0 304.0 2482.35302734375
444.0 304.0 2423.529541015625
448.0 304.0 2400.0
452.0 304.0 2364.705810546875
456.0 304.0 2470.58837890625
460.0 304.0 2388.2353515625
464.0 304.0 2329.411865234375
468.0 304.0 2364.705810546875
472.0 304.0 2305.88232421875
476.0 304.0 2270.58837890625
480.0 304.0 2411.7646484375
484.0 304.0 2352.941162109375
488.0 304.0 2188.2353515625
492.0 304.0 2164.705810546875
496.0 304.0 2247.058837890625
500.0 304.0 2270.58837890625
504.0 304.0 2176.470703125
508.0 304.0 2000.0
512.0 304.0 1976.470703125
516.0 304.0 1752.9412841796875
520.0 304.0 1576.470703125
524.0 304.0 1505.8824462890625
528.0 304.0 1247.058837890625
532.0 304.0 1000.0
536.0 304.0 600.0
540.0 304.0 670.5882568359375
544.0 304.0 611.7647094726562
548.0 304.0 576.4705810546875
552.0 304.0 647.058837890625
556.0 304.0 576.4705810546875
560.0 304.0 611.7647094726562
564.0 304.0 576.4705810546875
568.0 304.0 552.941162109375
572.0 304.0 576.4705810546875
576.0 304.0 564.7058715820312
580.0 304.0 564.7058715820312
584.0 304.0 564.7058715820312
588.0 304.0 552.941162109375
592.0 304.0 552.941162109375
596.0 304.0 517.6470947265625
600.0 304.0 576.4705810546875
604.0 304.0 576.4705810546875
608.0 304.0 517.6470947265625
612.0 304.0 470.5882568359375
616.0 304.0 600.0
620.0 304.0 564.7058715820312
624.0 304.0 588.2352905273438
628.0 304.0 611.7647094726562
632.0 304.0 600.0
636.0 304.0 552.941162109375
0.0 308.0 2752.941162109375
4.0 308.0 2788.2353515625
8.0 308.0 2788.2353515625
12.0 308.0 2835.294189453125
16.0 308.0 2823.529541015625
20.0 308.0 2752.941162109375
24.0 308.0 2788.2353515625
28.0 308.0 2752.941162109375
32.0 308.0 2788.2353515625
36.0 308.0 2752.941162109375
40.0 308.0 2729.411865234375
44.0 308.0 2752.941162109375
48.0 308.0 2741.176513671875
52.0 308.0 2764.705810546875
56.0 308.0 2729.411865234375
60.0 308.0 2682.35302734375
64.0 308.0 2729.411865234375
68.0 308.0 2670.588134765625
72.0 308.0 2694.11767578125
76.0 308.0 2682.35302734375
80.0 308.0 2647.058837890625
84.0 308.0 2623.529541015625
88.0 308.0 2623.529541015625
92.0 308.0 2647.058837890625
96.0 308.0 2658.823486328125
100.0 308.0 2576.470703125
104.0 308.0 2588.2353515625
108.0 308.0 2588.2353515625
112.0 308.0 2588.2353515625
116.0 308.0 2576.470703125
120.0 308.0 2588.2353515625
124.0 308.0 2588.2353515625
128.0 308.0 2588.2353515625
132.0 308.0 2658.823486328125
136.0 308.0 2529.411865234375
140.0 308.0 2517.64697265625
144.0 308.0 2576.470703125
148.0 308.0 2505.88232421875
152.0 308.0 2517.64697265625
156.0 308.0 2447.058837890625
160.0 308.0 2505.88232421875
164.0 308.0 2564.705810546875
168.0 308.0 2505.88232421875
172.0 308.0 2435.294189453125
176.0 308.0 2505.88232421875
180.0 308.0 2470.58837890625
184.0 308.0 2447.058837890625
188.0 308.0 2505.88232421875
192.0 308.0 2494.11767578125
196.0 308.0 2505.88232421875
200.0 308.0 2552.941162109375
204.0 308.0 2505.88232421875
208.0 308.0 2505.88232421875
212.0 308.0 2505.88232421875
216.0 308.0 2552.941162109375
220.0 308.0 2576.470703125
224.0 308.0 2588.2353515625
228.0 308.0 2576.470703125
232.0 308.0 2623.529541015625
236.0 308.0 2529.411865234375
240.0 308.0 2576.470703125
244.0 308.0 2670.588134765625
248.0 308.0 2658.823486328125
252.0 308.0 2670.588134765625
256.0 308.0 2611.7646484375
260.0 308.0 2588.2353515625
264.0 308.0 2670.588134765625
268.0 308.0 2682.35302734375
272.0 308.0 2670.588134765625
276.0 308.0 2682.35302734375
280.0 308.0 2752.941162109375
284.0 308.0 2752.941162109375
288.0 308.0 2811.7646484375
292.0 308.0 2776.470703125
296.0 308.0 2788.2353515625
300.0 308.0 2752.941162109375
304.0 308.0 2823.529541015625
308.0 308.0 2752.941162109375
312.0 308.0 2682.35302734375
316.0 308.0 2694.11767578125
320.0 308.0 2670.588134765625
324.0 308.0 2658.823486328125
328.0 308.0 2752.941162109375
332.0 308.0 2647.058837890625
336.0 308.0 2670.588134765625
340.0 308.0 2729.411865234375
344.0 308.0 2741.176513671875
348.0 308.0 2729.411865234375
352.0 308.0 2670.588134765625
356.0 308.0 2682.35302734375
360.0 308.0 2682.35302734375
364.0 308.0 2670.588134765625
368.0 308.0 2670.588134765625
372.0 308.0 2764.705810546875
376.0 308.0 2658.823486328125
380.0 308.0 2623.529541015625
384.0 308.0 2576.470703125
388.0 308.0 2588.2353515625
392.0 308.0 2517.64697265625
396.0 308.0 2588.2353515625
400.0 308.0 2611.7646484375
404.0 308.0 2588.2353515625
408.0 308.0 2505.88232421875
412.0 308.0 2529.411865234375
416.0 308.0 2529.411865234375
420.0 308.0 2505.88232421875
424.0 308.0 2505.88232421875
428.0 308.0 2505.88232421875
432.0 308.0 2470.58837890625
436.0 308.0 2505.88232421875
440.0 308.0 2435.294189453125
444.0 308.0 2423.529541015625
448.0 308.0 2411.7646484375
452.0 308.0 2411.7646484375
456.0 308.0 2400.0
460.0 308.0 2352.941162109375
464.0 308.0 2423.529541015625
468.0 308.0 2400.0
472.0 308.0 2329.411865234375
476.0 308.0 2329.411865234375
480.0 308.0 2270.58837890625
484.0 308.0 2329.411865234375
488.0 308.0 2235.294189453125
492.0 308.0 2176.470703125
496.0 308.0 2247.058837890625
500.0 308.0 2247.058837890625
504.0 308.0 2200.0
508.0 308.0 2035.294189453125
512.0 308.0 2023.5294189453125
516.0 308.0 1752.9412841796875
520.0 308.0 1600.0001220703125
524.0 308.0 1505.8824462890625
528.0 308.0 1258.823486328125
532.0 308.0 976.4706420898438
536.0 308.0 694.11767578125
540.0 308.0 552.941162109375
544.0 308.0 564.7058715820312
548.0 308.0 611.7647094726562
552.0 308.0 564.7058715820312
556.0 308.0 588.2352905273438
560.0 308.0 658.8235473632812
564.0 308.0 517.6470947265625
568.0 308.0 576.4705810546875
572.0 308.0 623.5294189453125
576.0 308.0 576.4705810546875
580.0 308.0 564.7058715820312
584.0 308.0 588.2352905273438
588.0 308.0 529.4118041992188
592.0 308.0 588.2352905273438
596.0 308.0 576.4705810546875
600.0 308.0 564.7058715820312
604.0 308.0 600.0
608.0 308.0 552.941162109375
612.0 308.0 482.35296630859375
616.0 308.0 658.8235473632812
620.0 308.0 658.8235473632812
624.0 308.0 564.7058715820312
628.0 308.0 611.7647094726562
632.0 308.0 564.7058715820312
636.0 308.0 576.4705810546875
0.0 312.0 2823.529541015625
4.0 312.0 2752.941162109375
8.0 312.0 2823.529541015625
12.0 312.0 2835.294189453125
16.0 312.0 2788.2353515625
20.0 312.0 2823.529541015625
24.0 312.0 2752.941162109375
28.0 312.0 2835.294189453125
32.0 312.0 2752.941162109375
36.0 312.0 2752.941162109375
40.0 312.0 2788.2353515625
44.0 312.0 2788.2353515625
48.0 312.0 2752.941162109375
52.0 312.0 2729.411865234375
56.0 312.0 2705.88232421875
60.0 312.0 2647.058837890625
64.0 312.0 2682.35302734375
68.0 312.0 2682.35302734375
72.0 312.0 2670.588134765625
76.0 312.0 2670.588134765625
80.0 312.0 2600.0
84.0 312.0 2647.058837890625
88.0 312.0 2600.0
92.0 312.0 2623.529541015625
96.0 312.0 2588.2353515625
100.0 312.0 2611.7646484375
104.0 312.0 2588.2353515625
108.0 312.0 2576.470703125
112.0 312.0 2588.2353515625
116.0 312.0 2576.470703125
120.0 312.0 2552.941162109375
124.0 312.0 2564.705810546875
128.0 312.0 2517.64697265625
132.0 312.0 2588.2353515625
136.0 312.0 2552.941162109375
140.0 312.0 2564.705810546875
144.0 312.0 2588.2353515625
148.0 312.0 2517.64697265625
152.0 312.0 2564.705810546875
156.0 312.0 2505.88232421875
160.0 312.0 2517.64697265625
164.0 312.0 2517.64697265625
168.0 312.0 2505.88232421875
172.0 312.0 2482.35302734375
176.0 312.0 2470.58837890625
180.0 312.0 2494.11767578125
184.0 312.0 2447.058837890625
188.0 312.0 2529.411865234375
192.0 312.0 2505.88232421875
196.0 312.0 2576.470703125
200.0 312.0 2505.88232421875
204.0 312.0 2482.35302734375
208.0 312.0 2517.64697265625
212.0 312.0 2552.941162109375
216.0 312.0 2552.941162109375
220.0 312.0 2505.88232421875
224.0 312.0 2517.64697265625
228.0 312.0 2576.470703125
232.0 312.0 2623.529541015625
236.0 312.0 2611.7646484375
240.0 312.0 2576.470703125
244.0 312.0 2505.88232421875
248.0 312.0 2623.529541015625
252.0 312.0 2647.058837890625
256.0 312.0 2647.058837890625
260.0 312.0 2647.058837890625
264.0 312.0 2752.941162109375
268.0 312.0 2670.588134765625
272.0 312.0 2682.35302734375
276.0 312.0 2670.588134765625
280.0 312.0 2835.294189453125
284.0 312.0 2788.2353515625
288.0 312.0 2764.705810546875
292.0 312.0 2764.705810546875
296.0 312.0 2823.529541015625
300.0 312.0 2764.705810546875
304.0 312.0 2752.941162109375
308.0 312.0 2752.941162109375
312.0 312.0 2705.88232421875
316.0 312.0 2670.588134765625
320.0 312.0 2729.411865234375
324.0 312.0 2729.411865234375
328.0 312.0 2776.470703125
332.0 312.0 2670.588134765625
336.0 312.0 2705.88232421875
340.0 312.0 2670.588134765625
344.0 312.0 2741.176513671875
348.0 312.0 2752.941162109375
352.0 312.0 2811.7646484375
356.0 312.0 2752.941162109375
360.0 312.0 2694.11767578125
364.0 312.0 2682.35302734375
368.0 312.0 2670.588134765625
372.0 312.0 2705.88232421875
376.0 312.0 2729.411865234375
380.0 312.0 2611.7646484375
384.0 312.0 2658.823486328125
388.0 312.0 2564.705810546875
392.0 312.0 2552.941162109375
396.0 312.0 2517.64697265625
400.0 312.0 2552.941162109375
404.0 312.0 2505.88232421875
408.0 312.0 2505.88232421875
412.0 312.0 2529.411865234375
416.0 312.0 2505.88232421875
420.0 312.0 2435.294189453125
424.0 312.0 2529.411865234375
428.0 312.0 2505.88232421875
432.0 312.0 2482.35302734375
436.0 312.0 2435.294189453125
440.0 312.0 2482.35302734375
444.0 312.0 2388.2353515625
448.0 312.0 2423.529541015625
452.0 312.0 2364.705810546875
456.0 312.0 2400.0
460.0 312.0 2400.0
464.0 312.0 2305.88232421875
468.0 312.0 2329.411865234375
472.0 312.0 2258.823486328125
476.0 312.0 2305.88232421875
480.0 312.0 2305.88232421875
484.0 312.0 2247.058837890625
488.0 312.0 2223.529541015625
492.0 312.0 2152.941162109375
496.0 312.0 2223.529541015625
500.0 312.0 2235.294189453125
504.0 312.0 2176.470703125
508.0 312.0 2035.294189453125
512.0 312.0 1941.176513671875
516.0 312.0 1835.294189453125
520.0 312.0 1658.8236083984375
524.0 312.0 1423.5294189453125
528.0 312.0 1329.4117431640625
532.0 312.0 988.2353515625
536.0 312.0 670.5882568359375
540.0 312.0 552.941162109375
544.0 312.0 647.058837890625
548.0 312.0 611.7647094726562
552.0 312.0 564.7058715820312
556.0 312.0 647.058837890625
560.0 312.0 623.5294189453125
564.0 312.0 588.2352905273438
568.0 312.0 600.0
572.0 312.0 529.4118041992188
576.0 312.0 529.4118041992188
580.0 312.0 600.0
584.0 312.0 576.4705810546875
588.0 312.0 576.4705810546875
592.0 312.0 576.4705810546875
596.0 312.0 600.0
600.0 312.0 600.0
604.0 312.0 576.4705810546875
608.0 312.0 494.11767578125
612.0 312.0 505.8823547363281
616.0 312.0 576.4705810546875
620.0 312.0 588.2352905273438
624.0 312.0 611.7647094726562
628.0 312.0 517.6470947265625
632.0 312.0 588.2352905273438
636.0 312.0 623.5294189453125
0.0 316.0 2811.7646484375
4.0 316.0 2741.176513671875
8.0 316.0 2811.7646484375
12.0 316.0 2858.823486328125
16.0 316.0 2811.7646484375
20.0 316.0 2776.470703125
24.0 316.0 2776.470703125
28.0 316.0 2835.294189453125
32.0 316.0 2811.7646484375
36.0 316.0 2752.941162109375
40.0 316.0 2752.941162109375
44.0 316.0 2764.705810546875
48.0 316.0 2741.176513671875
52.0 316.0 2741.176513671875
56.0 316.0 2670.588134765625
60.0 316.0 2670.588134765625
64.0 316.0 2741.176513671875
68.0 316.0 2694.11767578125
72.0 316.0 2705.88232421875
76.0 316.0 2600.0
80.0 316.0 2658.823486328125
84.0 316.0 2647.058837890625
88.0 316.0 2611.7646484375
92.0 316.0 2611.7646484375
96.0 316.0 2694.11767578125
100.0 316.0 2623.529541015625
104.0 316.0 2658.823486328125
108.0 316.0 2588.2353515625
112.0 316.0 2588.2353515625
116.0 316.0 2552.941162109375
120.0 316.0 2552.941162109375
124.0 316.0 2588.2353515625
128.0 316.0 2588.2353515625
132.0 316.0 2576.470703125
136.0 316.0 2588.2353515625
140.0 316.0 2552.941162109375
144.0 316.0 2588.2353515625
148.0 316.0 2588.2353515625
152.0 316.0 2494.11767578125
156.0 316.0 2611.7646484375
160.0 316.0 2517.64697265625
164.0 316.0 2505.88232421875
168.0 316.0 2494.11767578125
172.0 316.0 2505.88232421875
176.0 316.0 2435.294189453125
180.0 316.0 2482.35302734375
184.0 316.0 2482.35302734375
188.0 316.0 2505.88232421875
192.0 316.0 2529.411865234375
196.0 316.0 2505.88232421875
200.0 316.0 2505.88232421875
204.0 316.0 2564.705810546875
208.0 316.0 2482.35302734375
212.0 316.0 2494.11767578125
216.0 316.0 2505.88232421875
220.0 316.0 2576.470703125
224.0 316.0 2505.88232421875
228.0 316.0 2588.2353515625
232.0 316.0 2600.0
236.0 316.0 2600.0
240.0 316.0 2600.0
244.0 316.0 2576.470703125
248.0 316.0 2658.823486328125
252.0 316.0 2588.2353515625
256.0 316.0 2694.11767578125
260.0 316.0 2670.588134765625
264.0 316.0 2705.88232421875
268.0 316.0 2752.941162109375
272.0 316.0 2835.294189453125
276.0 316.0 2694.11767578125
280.0 316.0 2858.823486328125
284.0 316.0 2823.529541015625
288.0 316.0 2835.294189453125
292.0 316.0 2835.294189453125
296.0 316.0 2788.2353515625
300.0 316.0 2776.470703125
304.0 316.0 2823.529541015625
308.0 316.0 2788.2353515625
312.0 316.0 2705.88232421875
316.0 316.0 2776.470703125
320.0 316.0 2788.2353515625
324.0 316.0 2752.941162109375
328.0 316.0 2823.529541015625
332.0 316.0 2694.11767578125
336.0 316.0 2752.941162109375
340.0 316.0 2764.705810546875
344.0 316.0 2776.470703125
348.0 316.0 2752.941162109375
352.0 316.0 2752.941162109375
356.0 316.0 2705.88232421875
360.0 316.0 2694.11767578125
364.0 316.0 2623.529541015625
368.0 316.0 2764.705810546875
372.0 316.0 2682.35302734375
376.0 316.0 2752.941162109375
380.0 316.0 2647.058837890625
384.0 316.0 2552.941162109375
388.0 316.0 2623.529541015625
392.0 316.0 2611.7646484375
396.0 316.0 2611.7646484375
400.0 316.0 2482.35302734375
404.0 316.0 2517.64697265625
408.0 316.0 2552.941162109375
412.0 316.0 2505.88232421875
416.0 316.0 2552.941162109375
420.0 316.0 2494.11767578125
424.0 316.0 2505.88232421875
428.0 316.0 2505.88232421875
432.0 316.0 2435.294189453125
436.0 316.0 2470.58837890625
440.0 316.0 2470.58837890625
444.0 316.0 2435.294189453125
448.0 316.0 2423.529541015625
452.0 316.0 2364.705810546875
456.0 316.0 2352.941162109375
460.0 316.0 2341.176513671875
464.0 316.0 2282.35302734375
468.0 316.0 2270.58837890625
472.0 316.0 2258.823486328125
476.0 316.0 2317.647216796875
480.0 316.0 2341.176513671875
484.0 316.0 2258.823486328125
488.0 316.0 2329.411865234375
492.0 316.0 2235.294189453125
496.0 316.0 2270.58837890625
500.0 316.0 2188.2353515625
504.0 316.0 2176.470703125
508.0 316.0 2035.294189453125
512.0 316.0 2023.5294189453125
516.0 316.0 1858.8236083984375
520.0 316.0 1611.7647705078125
524.0 316.0 1505.8824462890625
528.0 316.0 1364.7059326171875
532.0 316.0 1094.11767578125
536.0 316.0 811.7647705078125
540.0 316.0 623.5294189453125
544.0 316.0 529.4118041992188
548.0 316.0 623.5294189453125
552.0 316.0 647.058837890625
556.0 316.0 494.11767578125
560.0 316.0 564.7058715820312
564.0 316.0 576.4705810546875
568.0 316.0 600.0
572.0 316.0 588.2352905273438
576.0 316.0 576.4705810546875
580.0 316.0 552.941162109375
584.0 316.0 600.0
588.0 316.0 564.7058715820312
592.0 316.0 505.8823547363281
596.0 316.0 564.7058715820312
600.0 316.0 600.0
604.0 316.0 623.5294189453125
608.0 316.0 529.4118041992188
612.0 316.0 576.4705810546875
616.0 316.0 529.4118041992188
620.0 316.0 600.0
624.0 316.0 611.7647094726562
628.0 316.0 552.941162109375
632.0 316.0 694.11767578125
636.0 316.0 576.4705810546875
0.0 320.0 2729.411865234375
4.0 320.0 2776.470703125
8.0 320.0 2811.7646484375
12.0 320.0 2823.529541015625
16.0 320.0 2835.294189453125
20.0 320.0 2823.529541015625
24.0 320.0 2847.058837890625
28.0 320.0 2847.058837890625
32.0 320.0 2811.7646484375
36.0 320.0 2764.705810546875
40.0 320.0 2764.705810546875
44.0 320.0 2847.058837890625
48.0 320.0 2741.176513671875
52.0 320.0 2764.705810546875
56.0 320.0 2729.411865234375
60.0 320.0 2705.88232421875
64.0 320.0 2752.941162109375
68.0 320.0 2670.588134765625
72.0 320.0 2682.35302734375
76.0 320.0 2658.823486328125
80.0 320.0 2694.11767578125
84.0 320.0 2670.588134765625
88.0 320.0 2658.823486328125
92.0 320.0 2658.823486328125
96.0 320.0 2611.7646484375
100.0 320.0 2576.470703125
104.0 320.0 2611.7646484375
108.0 320.0 2611.7646484375
112.0 320.0 2611.7646484375
116.0 320.0 2505.88232421875
120.0 320.0 2588.2353515625
124.0 320.0 2588.2353515625
128.0 320.0 2647.058837890625
132.0 320.0 2588.2353515625
136.0 320.0 2564.705810546875
140.0 320.0 2494.11767578125
144.0 320.0 2552.941162109375
148.0 320.0 2576.470703125
152.0 320.0 2588.2353515625
156.0 320.0 2588.2353515625
160.0 320.0 2517.64697265625
164.0 320.0 2494.11767578125
168.0 320.0 2505.88232421875
172.0 320.0 2470.58837890625
176.0 320.0 2364.705810546875
180.0 320.0 2494.11767578125
184.0 320.0 2423.529541015625
188.0 320.0 2494.11767578125
192.0 320.0 2529.411865234375
196.0 320.0 2505.88232421875
200.0 320.0 2552.941162109375
204.0 320.0 2505.88232421875
208.0 320.0 2517.64697265625
212.0 320.0 2517.64697265625
216.0 320.0 2529.411865234375
220.0 320.0 2505.88232421875
224.0 320.0 2576.470703125
228.0 320.0 2564.705810546875
232.0 320.0 2600.0
236.0 320.0 2647.058837890625
240.0 320.0 2611.7646484375
244.0 320.0 2623.529541015625
248.0 320.0 2705.88232421875
252.0 320.0 2658.823486328125
256.0 320.0 2658.823486328125
260.0 320.0 2705.88232421875
264.0 320.0 2658.823486328125
268.0 320.0 2823.529541015625
272.0 320.0 2905.88232421875
276.0 320.0 2741.176513671875
280.0 320.0 2788.2353515625
284.0 320.0 2835.294189453125
288.0 320.0 2764.705810546875
292.0 320.0 2870.588134765625
296.0 320.0 2894.11767578125
300.0 320.0 2764.705810546875
304.0 320.0 2811.7646484375
308.0 320.0 2776.470703125
312.0 320.0 2729.411865234375
316.0 320.0 2741.176513671875
320.0 320.0 2752.941162109375
324.0 320.0 2835.294189453125
328.0 320.0 2764.705810546875
332.0 320.0 2694.11767578125
336.0 320.0 2811.7646484375
340.0 320.0 2764.705810546875
344.0 320.0 2764.705810546875
348.0 320.0 2788.2353515625
352.0 320.0 2788.2353515625
356.0 320.0 2741.176513671875
360.0 320.0 2752.941162109375
364.0 320.0 2752.941162109375
368.0 320.0 2776.470703125
372.0 320.0 2823.529541015625
376.0 320.0 2776.470703125
380.0 320.0 2658.823486328125
384.0 320.0 2611.7646484375
388.0 320.0 2658.823486328125
392.0 320.0 2564.705810546875
396.0 320.0 2611.7646484375
400.0 320.0 2576.470703125
404.0 320.0 2529.411865234375
408.0 320.0 2588.2353515625
412.0 320.0 2552.941162109375
416.0 320.0 2470.58837890625
420.0 320.0 2470.58837890625
424.0 320.0 2435.294189453125
428.0 320.0 2505.88232421875
432.0 320.0 2470.58837890625
436.0 320.0 2411.7646484375
440.0 320.0 2423.529541015625
444.0 320.0 2435.294189453125
448.0 320.0 2423.529541015625
452.0 320.0 2423.529541015625
456.0 320.0 2352.941162109375
460.0 320.0 2400.0
464.0 320.0 2388.2353515625
468.0 320.0 2352.941162109375
472.0 320.0 2364.705810546875
476.0 320.0 2317.647216796875
480.0 320.0 2400.0
484.0 320.0 2329.411865234375
488.0 320.0 2247.058837890625
492.0 320.0 2317.647216796875
496.0 320.0 2305.88232421875
500.0 320.0 2258.823486328125
504.0 320.0 2176.470703125
508.0 320.0 2082.35302734375
512.0 320.0 2000.0
516.0 320.0 1835.294189453125
520.0 320.0 1694.11767578125
524.0 320.0 1505.8824462890625
528.0 320.0 1400.0
532.0 320.0 1152.941162109375
536.0 320.0 858.8235473632812
540.0 320.0 611.7647094726562
544.0 320.0 611.7647094726562
548.0 320.0 647.058837890625
552.0 320.0 670.5882568359375
556.0 320.0 647.058837890625
560.0 320.0 670.5882568359375
564.0 320.0 564.7058715820312
568.0 320.0 576.4705810546875
572.0 320.0 517.6470947265625
576.0 320.0 576.4705810546875
580.0 320.0 576.4705810546875
584.0 320.0 588.2352905273438
588.0 320.0 564.7058715820312
592.0 320.0 576.4705810546875
596.0 320.0 647.058837890625
600.0 320.0 600.0
604.0 320.0 588.2352905273438
608.0 320.0 505.8823547363281
612.0 320.0 588.2352905273438
616.0 320.0 600.0
620.0 320.0 588.2352905273438
624.0 320.0 600.0
628.0 320.0 588.2352905273438
632.0 320.0 600.0
636.0 320.0 576.4705810546875
0.0 324.0 2741.176513671875
4.0 324.0 2776.470703125
8.0 324.0 2788.2353515625
12.0 324.0 2811.7646484375
16.0 324.0 2776.470703125
20.0 324.0 2847.058837890625
24.0 324.0 2823.529541015625
28.0 324.0 2788.2353515625
32.0 324.0 2835.294189453125
36.0 324.0 2752.941162109375
40.0 324.0 2811.7646484375
44.0 324.0 2788.2353515625
48.0 324.0 2705.88232421875
52.0 324.0 2764.705810546875
56.0 324.0 2752.941162109375
60.0 324.0 2752.941162109375
64.0 324.0 2705.88232421875
68.0 324.0 2670.588134765625
72.0 324.0 2670.588134765625
76.0 324.0 2694.11767578125
80.0 324.0 2670.588134765625
84.0 324.0 2670.588134765625
88.0 324.0 2623.529541015625
92.0 324.0 2600.0
96.0 324.0 2623.529541015625
100.0 324.0 2564.705810546875
104.0 324.0 2564.705810546875
108.0 324.0 2611.7646484375
112.0 324.0 2588.2353515625
116.0 324.0 2588.2353515625
120.0 324.0 2576.470703125
124.0 324.0 2588.2353515625
128.0 324.0 2588.2353515625
132.0 324.0 2600.0
136.0 324.0 2529.411865234375
140.0 324.0 2564.705810546875
144.0 324.0 2529.411865234375
148.0 324.0 2552.941162109375
152.0 324.0 2505.88232421875
156.0 324.0 2517.64697265625
160.0 324.0 2470.58837890625
164.0 324.0 2505.88232421875
168.0 324.0 2494.11767578125
172.0 324.0 2482.35302734375
176.0 324.0 2505.88232421875
180.0 324.0 2482.35302734375
184.0 324.0 2411.7646484375
188.0 324.0 2517.64697265625
192.0 324.0 2517.64697265625
196.0 324.0 2552.941162109375
200.0 324.0 2529.411865234375
204.0 324.0 2505.88232421875
208.0 324.0 2529.411865234375
212.0 324.0 2552.941162109375
216.0 324.0 2505.88232421875
220.0 324.0 2600.0
224.0 324.0 2647.058837890625
228.0 324.0 2552.941162109375
232.0 324.0 2588.2353515625
236.0 324.0 2588.2353515625
240.0 324.0 2611.7646484375
244.0 324.0 2576.470703125
248.0 324.0 2588.2353515625
252.0 324.0 2670.588134765625
256.0 324.0 2647.058837890625
260.0 324.0 2670.588134765625
264.0 324.0 2682.35302734375
268.0 324.0 2705.88232421875
272.0 324.0 2752.941162109375
276.0 324.0 2776.470703125
280.0 324.0 2776.470703125
284.0 324.0 2788.2353515625
288.0 324.0 2811.7646484375
292.0 324.0 2905.88232421875
296.0 324.0 2894.11767578125
300.0 324.0 2835.294189453125
304.0 324.0 2858.823486328125
308.0 324.0 2788.2353515625
312.0 324.0 2811.7646484375
316.0 324.0 2917.64697265625
320.0 324.0 2811.7646484375
324.0 324.0 2752.941162109375
328.0 324.0 2752.941162109375
332.0 324.0 2705.88232421875
336.0 324.0 2764.705810546875
340.0 324.0 2835.294189453125
344.0 324.0 2764.705810546875
348.0 324.0 2870.588134765625
352.0 324.0 2752.941162109375
356.0 324.0 2823.529541015625
360.0 324.0 2788.2353515625
364.0 324.0 2776.470703125
368.0 324.0 2811.7646484375
372.0 324.0 2705.88232421875
376.0 324.0 2741.176513671875
380.0 324.0 2588.2353515625
384.0 324.0 2600.0
388.0 324.0 2505.88232421875
392.0 324.0 2564.705810546875
396.0 324.0 2576.470703125
400.0 324.0 2588.2353515625
404.0 324.0 2505.88232421875
408.0 324.0 2552.941162109375
412.0 324.0 2529.411865234375
416.0 324.0 2482.35302734375
420.0 324.0 2470.58837890625
424.0 324.0 2505.88232421875
428.0 324.0 2482.35302734375
432.0 324.0 2470.58837890625
436.0 324.0 2352.941162109375
440.0 324.0 2388.2353515625
444.0 324.0 2494.11767578125
448.0 324.0 2411.7646484375
452.0 324.0 2364.705810546875
456.0 324.0 2388.2353515625
460.0 324.0 2435.294189453125
464.0 324.0 2329.411865234375
468.0 324.0 2388.2353515625
472.0 324.0 2341.176513671875
476.0 324.0 2270.58837890625
480.0 324.0 2329.411865234375
484.0 324.0 2329.411865234375
488.0 324.0 2247.058837890625
492.0 324.0 2247.058837890625
496.0 324.0 2176.470703125
500.0 324.0 2270.58837890625
504.0 324.0 2105.88232421875
508.0 324.0 2058.823486328125
512.0 324.0 2000.0
516.0 324.0 1858.8236083984375
520.0 324.0 1776.470703125
524.0 324.0 1505.8824462890625
528.0 324.0 1470.5882568359375
532.0 324.0 1200.0
536.0 324.0 870.5882568359375
540.0 324.0 600.0
544.0 324.0 623.5294189453125
548.0 324.0 670.5882568359375
552.0 324.0 576.4705810546875
556.0 324.0 623.5294189453125
560.0 324.0 588.2352905273438
564.0 324.0 552.941162109375
568.0 324.0 576.4705810546875
572.0 324.0 517.6470947265625
576.0 324.0 529.4118041992188
580.0 324.0 611.7647094726562
584.0 324.0 576.4705810546875
588.0 324.0 517.6470947265625
592.0 324.0 611.7647094726562
596.0 324.0 611.7647094726562
600.0 324.0 611.7647094726562
604.0 324.0 623.5294189453125
608.0 324.0 552.941162109375
612.0 324.0 623.5294189453125
616.0 324.0 682.3529663085938
620.0 324.0 588.2352905273438
624.0 324.0 517.6470947265625
628.0 324.0 576.4705810546875
632.0 324.0 600.0
636.0 324.0 564.7058715820312
0.0 328.0 2752.941162109375
4.0 328.0 2811.7646484375
8.0 328.0 2823.529541015625
12.0 328.0 2835.294189453125
16.0 328.0 2811.7646484375
20.0 328.0 2811.7646484375
24.0 328.0 2776.470703125
28.0 328.0 2788.2353515625
32.0 328.0 2694.11767578125
36.0 328.0 2764.705810546875
40.0 328.0 2811.7646484375
44.0 328.0 2752.941162109375
48.0 328.0 2729.411865234375
52.0 328.0 2764.705810546875
56.0 328.0 2682.35302734375
60.0 328.0 2705.88232421875
64.0 328.0 2729.411865234375
68.0 328.0 2705.88232421875
72.0 328.0 2682.35302734375
76.0 328.0 2623.529541015625
80.0 328.0 2647.058837890625
84.0 328.0 2611.7646484375
88.0 328.0 2576.470703125
92.0 328.0 2611.7646484375
96.0 328.0 2647.058837890625
100.0 328.0 2600.0
104.0 328.0 2576.470703125
108.0 328.0 2564.705810546875
112.0 328.0 2576.470703125
116.0 328.0 2588.2353515625
120.0 328.0 2517.64697265625
124.0 328.0 2623.529541015625
128.0 328.0 2552.941162109375
132.0 328.0 2588.2353515625
136.0 328.0 2529.411865234375
140.0 328.0 2552.941162109375
144.0 328.0 2517.64697265625
148.0 328.0 2494.11767578125
152.0 328.0 2517.64697265625
156.0 328.0 2435.294189453125
160.0 328.0 2505.88232421875
164.0 328.0 2470.58837890625
168.0 328.0 2447.058837890625
172.0 328.0 2435.294189453125
176.0 328.0 2470.58837890625
180.0 328.0 2564.705810546875
184.0 328.0 2447.058837890625
188.0 328.0 2505.88232421875
192.0 328.0 2505.88232421875
196.0 328.0 2588.2353515625
200.0 328.0 2505.88232421875
204.0 328.0 2482.35302734375
208.0 328.0 2505.88232421875
212.0 328.0 2505.88232421875
216.0 328.0 2482.35302734375
220.0 328.0 2505.88232421875
224.0 328.0 2517.64697265625
228.0 328.0 2517.64697265625
232.0 328.0 2588.2353515625
236.0 328.0 2588.2353515625
240.0 328.0 2588.2353515625
244.0 328.0 2588.2353515625
248.0 328.0 2670.588134765625
252.0 328.0 2670.588134765625
256.0 328.0 2623.529541015625
260.0 328.0 2670.588134765625
264.0 328.0 2729.411865234375
268.0 328.0 2705.88232421875
272.0 328.0 2752.941162109375
276.0 328.0 2847.058837890625
280.0 328.0 2752.941162109375
284.0 328.0 2858.823486328125
288.0 328.0 2811.7646484375
292.0 328.0 2811.7646484375
296.0 328.0 2870.588134765625
300.0 328.0 2858.823486328125
304.0 328.0 2788.2353515625
308.0 328.0 2835.294189453125
312.0 328.0 2870.588134765625
316.0 328.0 2776.470703125
320.0 328.0 2811.7646484375
324.0 328.0 2788.2353515625
328.0 328.0 2811.7646484375
332.0 328.0 2788.2353515625
336.0 328.0 2776.470703125
340.0 328.0 2917.64697265625
344.0 328.0 2835.294189453125
348.0 328.0 2764.705810546875
352.0 328.0 2752.941162109375
356.0 328.0 2858.823486328125
360.0 328.0 2823.529541015625
364.0 328.0 2764.705810546875
368.0 328.0 2705.88232421875
372.0 328.0 2658.823486328125
376.0 328.0 2764.705810546875
380.0 328.0 2564.705810546875
384.0 328.0 2552.941162109375
388.0 328.0 2517.64697265625
392.0 328.0 2505.88232421875
396.0 328.0 2588.2353515625
400.0 328.0 2505.88232421875
404.0 328.0 2552.941162109375
408.0 328.0 2564.705810546875
412.0 328.0 2447.058837890625
416.0 328.0 2447.058837890625
420.0 328.0 2447.058837890625
424.0 328.0 2505.88232421875
428.0 328.0 2423.529541015625
432.0 328.0 2400.0
436.0 328.0 2411.7646484375
440.0 328.0 2423.529541015625
444.0 328.0 2423.529541015625
448.0 328.0 2400.0
452.0 328.0 2400.0
456.0 328.0 2270.58837890625
460.0 328.0 2305.88232421875
464.0 328.0 2364.705810546875
468.0 328.0 2329.411865234375
472.0 328.0 2341.176513671875
476.0 328.0 2258.823486328125
480.0 328.0 2329.411865234375
484.0 328.0 2329.411865234375
488.0 328.0 2258.823486328125
492.0 328.0 2235.294189453125
496.0 328.0 2235.294189453125
500.0 328.0 2200.0
504.0 328.0 2176.470703125
508.0 328.0 2235.294189453125
512.0 328.0 2082.35302734375
516.0 328.0 1917.6470947265625
520.0 328.0 1811.7647705078125
524.0 328.0 1576.470703125
528.0 328.0 1329.4117431640625
532.0 328.0 1188.2353515625
536.0 328.0 976.4706420898438
540.0 328.0 694.11767578125
544.0 328.0 600.0
548.0 328.0 611.7647094726562
552.0 328.0 658.8235473632812
556.0 328.0 623.5294189453125
560.0 328.0 670.5882568359375
564.0 328.0 576.4705810546875
568.0 328.0 600.0
572.0 328.0 529.4118041992188
576.0 328.0 576.4705810546875
580.0 328.0 600.0
584.0 328.0 576.4705810546875
588.0 328.0 611.7647094726562
592.0 328.0 576.4705810546875
596.0 328.0 552.941162109375
600.0 328.0 494.11767578125
604.0 328.0 552.941162109375
608.0 328.0 576.4705810546875
612.0 328.0 670.5882568359375
616.0 328.0 564.7058715820312
620.0 328.0 576.4705810546875
624.0 328.0 611.7647094726562
628.0 328.0 658.8235473632812
632.0 328.0 623.5294189453125
636.0 328.0 576.4705810546875
0.0 332.0 2835.294189453125
4.0 332.0 2788.2353515625
8.0 332.0 2811.7646484375
12.0 332.0 2847.058837890625
16.0 332.0 2811.7646484375
20.0 332.0 2788.2353515625
24.0 332.0 2835.294189453125
28.0 332.0 2752.941162109375
32.0 332.0 2752.941162109375
36.0 332.0 2705.88232421875
40.0 332.0 2752.941162109375
44.0 332.0 2729.411865234375
48.0 332.0 2741.176513671875
52.0 332.0 2776.470703125
56.0 332.0 2682.35302734375
60.0 332.0 2694.11767578125
64.0 332.0 2694.11767578125
68.0 332.0 2670.588134765625
72.0 332.0 2670.588134765625
76.0 332.0 2647.058837890625
80.0 332.0 2670.588134765625
84.0 332.0 2623.529541015625
88.0 332.0 2647.058837890625
92.0 332.0 2611.7646484375
96.0 332.0 2611.7646484375
100.0 332.0 2576.470703125
104.0 332.0 2564.705810546875
108.0 332.0 2611.7646484375
112.0 332.0 2600.0
116.0 332.0 2564.705810546875
120.0 332.0 2576.470703125
124.0 332.0 2588.2353515625
128.0 332.0 2588.2353515625
132.0 332.0 2564.705810546875
136.0 332.0 2552.941162109375
140.0 332.0 2611.7646484375
144.0 332.0 2564.705810546875
148.0 332.0 2552.941162109375
152.0 332.0 2564.705810546875
156.0 332.0 2517.64697265625
160.0 332.0 2517.64697265625
164.0 332.0 2517.64697265625
168.0 332.0 2517.64697265625
172.0 332.0 2447.058837890625
176.0 332.0 2470.58837890625
180.0 332.0 2505.88232421875
184.0 332.0 2423.529541015625
188.0 332.0 2447.058837890625
192.0 332.0 2494.11767578125
196.0 332.0 2470.58837890625
200.0 332.0 2517.64697265625
204.0 332.0 2505.88232421875
208.0 332.0 2517.64697265625
212.0 332.0 2505.88232421875
216.0 332.0 2494.11767578125
220.0 332.0 2505.88232421875
224.0 332.0 2552.941162109375
228.0 332.0 2552.941162109375
232.0 332.0 2576.470703125
236.0 332.0 2588.2353515625
240.0 332.0 2552.941162109375
244.0 332.0 2588.2353515625
248.0 332.0 2564.705810546875
252.0 332.0 2647.058837890625
256.0 332.0 2600.0
260.0 332.0 2658.823486328125
264.0 332.0 2670.588134765625
268.0 332.0 2682.35302734375
272.0 332.0 2752.941162109375
276.0 332.0 2823.529541015625
280.0 332.0 2776.470703125
284.0 332.0 2847.058837890625
288.0 332.0 2894.11767578125
292.0 332.0 2905.88232421875
296.0 332.0 2894.11767578125
300.0 332.0 2976.470703125
304.0 332.0 2917.64697265625
308.0 332.0 2905.88232421875
312.0 332.0 2870.588134765625
316.0 332.0 2858.823486328125
320.0 332.0 2835.294189453125
324.0 332.0 2811.7646484375
328.0 332.0 2847.058837890625
332.0 332.0 2788.2353515625
336.0 332.0 2870.588134765625
340.0 332.0 2917.64697265625
344.0 332.0 2823.529541015625
348.0 332.0 2823.529541015625
352.0 332.0 2870.588134765625
356.0 332.0 2811.7646484375
360.0 332.0 2823.529541015625
364.0 332.0 2670.588134765625
368.0 332.0 2752.941162109375
372.0 332.0 2658.823486328125
376.0 332.0 2670.588134765625
380.0 332.0 2494.11767578125
384.0 332.0 2576.470703125
388.0 332.0 2552.941162109375
392.0 332.0 2447.058837890625
396.0 332.0 2600.0
400.0 332.0 2505.88232421875
404.0 332.0 2482.35302734375
408.0 332.0 2505.88232421875
412.0 332.0 2505.88232421875
416.0 332.0 2482.35302734375
420.0 332.0 2435.294189453125
424.0 332.0 2423.529541015625
428.0 332.0 2423.529541015625
432.0 332.0 2435.294189453125
436.0 332.0 2423.529541015625
440.0 332.0 2423.529541015625
444.0 332.0 2352.941162109375
448.0 332.0 2423.529541015625
452.0 332.0 2341.176513671875
456.0 332.0 2317.647216796875
460.0 332.0 2352.941162109375
464.0 332.0 2329.411865234375
468.0 332.0 2317.647216796875
472.0 332.0 2329.411865234375
476.0 332.0 2223.529541015625
480.0 332.0 2388.2353515625
484.0 332.0 2305.88232421875
488.0 332.0 2223.529541015625
492.0 332.0 2164.705810546875
496.0 332.0 2258.823486328125
500.0 332.0 2188.2353515625
504.0 332.0 2164.705810546875
508.0 332.0 2082.35302734375
512.0 332.0 2023.5294189453125
516.0 332.0 2000.0
520.0 332.0 1752.9412841796875
524.0 332.0 1600.0001220703125
528.0 332.0 1423.5294189453125
532.0 332.0 1247.058837890625
536.0 332.0 929.4118041992188
540.0 332.0 752.9412231445312
544.0 332.0 576.4705810546875
548.0 332.0 564.7058715820312
552.0 332.0 611.7647094726562
556.0 332.0 529.4118041992188
560.0 332.0 588.2352905273438
564.0 332.0 564.7058715820312
568.0 332.0 647.058837890625
572.0 332.0 576.4705810546875
576.0 332.0 529.4118041992188
580.0 332.0 588.2352905273438
584.0 332.0 564.7058715820312
588.0 332.0 576.4705810546875
592.0 332.0 505.8823547363281
596.0 332.0 552.941162109375
600.0 332.0 576.4705810546875
604.0 332.0 576.4705810546875
608.0 332.0 611.7647094726562
612.0 332.0 611.7647094726562
616.0 332.0 647.058837890625
620.0 332.0 564.7058715820312
624.0 332.0 588.2352905273438
628.0 332.0 588.2352905273438
632.0 332.0 576.4705810546875
636.0 332.0 600.0
0.0 336.0 2752.941162109375
4.0 336.0 2788.2353515625
8.0 336.0 2823.529541015625
12.0 336.0 2905.88232421875
16.0 336.0 2811.7646484375
20.0 336.0 2752.941162109375
24.0 336.0 2823.529541015625
28.0 336.0 2823.529541015625
32.0 336.0 2741.176513671875
36.0 336.0 2752.941162109375
40.0 336.0 2776.470703125
44.0 336.0 2811.7646484375
48.0 336.0 2788.2353515625
52.0 336.0 2752.941162109375
56.0 336.0 2741.176513671875
60.0 336.0 2694.11767578125
64.0 336.0 2752.941162109375
68.0 336.0 2647.058837890625
72.0 336.0 2658.823486328125
76.0 336.0 2670.588134765625
80.0 336.0 2600.0
84.0 336.0 2658.823486328125
88.0 336.0 2611.7646484375
92.0 336.0 2611.7646484375
96.0 336.0 2647.058837890625
100.0 336.0 2588.2353515625
104.0 336.0 2576.470703125
108.0 336.0 2611.7646484375
112.0 336.0 2564.705810546875
116.0 336.0 2588.2353515625
120.0 336.0 2600.0
124.0 336.0 2529.411865234375
128.0 336.0 2588.2353515625
132.0 336.0 2552.941162109375
136.0 336.0 2564.705810546875
140.0 336.0 2576.470703125
144.0 336.0 2611.7646484375
148.0 336.0 2494.11767578125
152.0 336.0 2600.0
156.0 336.0 2576.470703125
160.0 336.0 2529.411865234375
164.0 336.0 2576.470703125
168.0 336.0 2529.411865234375
172.0 336.0 2482.35302734375
176.0 336.0 2482.35302734375
180.0 336.0 2517.64697265625
184.0 336.0 2423.529541015625
188.0 336.0 2470.58837890625
192.0 336.0 2494.11767578125
196.0 336.0 2505.88232421875
200.0 336.0 2494.11767578125
204.0 336.0 2505.88232421875
208.0 336.0 2505.88232421875
212.0 336.0 2505.88232421875
216.0 336.0 2494.11767578125
220.0 336.0 2494.11767578125
224.0 336.0 2576.470703125
228.0 336.0 2505.88232421875
232.0 336.0 2611.7646484375
236.0 336.0 2576.470703125
240.0 336.0 2564.705810546875
244.0 336.0 2576.470703125
248.0 336.0 2588.2353515625
252.0 336.0 2611.7646484375
256.0 336.0 2658.823486328125
260.0 336.0 2658.823486328125
264.0 336.0 2705.88232421875
268.0 336.0 2776.470703125
272.0 336.0 2776.470703125
276.0 336.0 2741.176513671875
280.0 336.0 2811.7646484375
284.0 336.0 2847.058837890625
288.0 336.0 2917.64697265625
292.0 336.0 2929.411865234375
296.0 336.0 2917.64697265625
300.0 336.0 2917.64697265625
304.0 336.0 2905.88232421875
308.0 336.0 2894.11767578125
312.0 336.0 2917.64697265625
316.0 336.0 2870.588134765625
320.0 336.0 2952.941162109375
324.0 336.0 2858.823486328125
328.0 336.0 2894.11767578125
332.0 336.0 2941.176513671875
336.0 336.0 2858.823486328125
340.0 336.0 2870.588134765625
344.0 336.0 2858.823486328125
348.0 336.0 2905.88232421875
352.0 336.0 2952.941162109375
356.0 336.0 2741.176513671875
360.0 336.0 2788.2353515625
364.0 336.0 2752.941162109375
368.0 336.0 2752.941162109375
372.0 336.0 2611.7646484375
376.0 336.0 2517.64697265625
380.0 336.0 2517.64697265625
384.0 336.0 2505.88232421875
388.0 336.0 2494.11767578125
392.0 336.0 2482.35302734375
396.0 336.0 2576.470703125
400.0 336.0 2470.58837890625
404.0 336.0 2470.58837890625
408.0 336.0 2505.88232421875
412.0 336.0 2517.64697265625
416.0 336.0 2435.294189453125
420.0 336.0 2423.529541015625
424.0 336.0 2470.58837890625
428.0 336.0 2423.529541015625
432.0 336.0 2400.0
436.0 336.0 2447.058837890625
440.0 336.0 2388.2353515625
444.0 336.0 2364.705810546875
448.0 336.0 2305.88232421875
452.0 336.0 2282.35302734375
456.0 336.0 2329.411865234375
460.0 336.0 2270.58837890625
464.0 336.0 2270.58837890625
468.0 336.0 2388.2353515625
472.0 336.0 2317.647216796875
476.0 336.0 2258.823486328125
480.0 336.0 2258.823486328125
484.0 336.0 2317.647216796875
488.0 336.0 2305.88232421875
492.0 336.0 2188.2353515625
496.0 336.0 2223.529541015625
500.0 336.0 2176.470703125
504.0 336.0 2141.176513671875
508.0 336.0 2094.11767578125
512.0 336.0 2082.35302734375
516.0 336.0 1976.470703125
520.0 336.0 1823.529541015625
524.0 336.0 1600.0001220703125
528.0 336.0 1505.8824462890625
532.0 336.0 1188.2353515625
536.0 336.0 1011.7647094726562
540.0 336.0 752.9412231445312
544.0 336.0 576.4705810546875
548.0 336.0 658.8235473632812
552.0 336.0 670.5882568359375
556.0 336.0 752.9412231445312
560.0 336.0 658.8235473632812
564.0 336.0 494.11767578125
568.0 336.0 611.7647094726562
572.0 336.0 529.4118041992188
576.0 336.0 576.4705810546875
580.0 336.0 647.058837890625
584.0 336.0 611.7647094726562
588.0 336.0 576.4705810546875
592.0 336.0 576.4705810546875
596.0 336.0 552.941162109375
600.0 336.0 670.5882568359375
604.0 336.0 552.941162109375
608.0 336.0 588.2352905273438
612.0 336.0 670.5882568359375
616.0 336.0 600.0
620.0 336.0 658.8235473632812
624.0 336.0 576.4705810546875
628.0 336.0 647.058837890625
632.0 336.0 588.2352905273438
636.0 336.0 600.0
0.0 340.0 2776.470703125
4.0 340.0 2811.7646484375
8.0 340.0 2811.7646484375
12.0 340.0 2776.470703125
16.0 340.0 2764.705810546875
20.0 340.0 2835.294189453125
24.0 340.0 2823.529541015625
28.0 340.0 2835.294189453125
32.0 340.0 2682.35302734375
36.0 340.0 2752.941162109375
40.0 340.0 2776.470703125
44.0 340.0 2776.470703125
48.0 340.0 2729.411865234375
52.0 340.0 2823.529541015625
56.0 340.0 2741.176513671875
60.0 340.0 2670.588134765625
64.0 340.0 2776.470703125
68.0 340.0 2658.823486328125
72.0 340.0 2623.529541015625
76.0 340.0 2623.529541015625
80.0 340.0 2670.588134765625
84.0 340.0 2611.7646484375
88.0 340.0 2647.058837890625
92.0 340.0 2670.588134765625
96.0 340.0 2611.7646484375
100.0 340.0 2682.35302734375
104.0 340.0 2611.7646484375
108.0 340.0 2623.529541015625
112.0 340.0 2623.529541015625
116.0 340.0 2576.470703125
120.0 340.0 2576.470703125
124.0 340.0 2552.941162109375
128.0 340.0 2588.2353515625
132.0 340.0 2588.2353515625
136.0 340.0 2600.0
140.0 340.0 2517.64697265625
144.0 340.0 2600.0
148.0 340.0 2552.941162109375
152.0 340.0 2623.529541015625
156.0 340.0 2517.64697265625
160.0 340.0 2517.64697265625
164.0 340.0 2529.411865234375
168.0 340.0 2482.35302734375
172.0 340.0 2505.88232421875
176.0 340.0 2470.58837890625
180.0 340.0 2505.88232421875
184.0 340.0 2447.058837890625
188.0 340.0 2517.64697265625
192.0 340.0 2494.11767578125
196.0 340.0 2505.88232421875
200.0 340.0 2470.58837890625
204.0 340.0 2494.11767578125
208.0 340.0 2505.88232421875
212.0 340.0 2470.58837890625
216.0 340.0 2564.705810546875
220.0 340.0 2517.64697265625
224.0 340.0 2564.705810546875
228.0 340.0 2564.705810546875
232.0 340.0 2588.2353515625
236.0 340.0 2658.823486328125
240.0 340.0 2588.2353515625
244.0 340.0 2588.2353515625
248.0 340.0 2600.0
252.0 340.0 2588.2353515625
256.0 340.0 2647.058837890625
260.0 340.0 2658.823486328125
264.0 340.0 2670.588134765625
268.0 340.0 2764.705810546875
272.0 340.0 2811.7646484375
276.0 340.0 2752.941162109375
280.0 340.0 2823.529541015625
284.0 340.0 2894.11767578125
288.0 340.0 2835.294189453125
292.0 340.0 2858.823486328125
296.0 340.0 2941.176513671875
300.0 340.0 2858.823486328125
304.0 340.0 2917.64697265625
308.0 340.0 2917.64697265625
312.0 340.0 2894.11767578125
316.0 340.0 2905.88232421875
320.0 340.0 2917.64697265625
324.0 340.0 2905.88232421875
328.0 340.0 3000.0
332.0 340.0 2894.11767578125
336.0 340.0 2870.588134765625
340.0 340.0 2917.64697265625
344.0 340.0 2917.64697265625
348.0 340.0 2976.470703125
352.0 340.0 2917.64697265625
356.0 340.0 2835.294189453125
360.0 340.0 2835.294189453125
364.0 340.0 2752.941162109375
368.0 340.0 2658.823486328125
372.0 340.0 2576.470703125
376.0 340.0 2611.7646484375
380.0 340.0 2529.411865234375
384.0 340.0 2588.2353515625
388.0 340.0 2505.88232421875
392.0 340.0 2517.64697265625
396.0 340.0 2505.88232421875
400.0 340.0 2505.88232421875
404.0 340.0 2505.88232421875
408.0 340.0 2517.64697265625
412.0 340.0 2435.294189453125
416.0 340.0 2505.88232421875
420.0 340.0 2411.7646484375
424.0 340.0 2482.35302734375
428.0 340.0 2482.35302734375
432.0 340.0 2482.35302734375
436.0 340.0 2423.529541015625
440.0 340.0 2329.411865234375
444.0 340.0 2329.411865234375
448.0 340.0 2411.7646484375
452.0 340.0 2341.176513671875
456.0 340.0 2352.941162109375
460.0 340.0 2317.647216796875
464.0 340.0 2270.58837890625
468.0 340.0 2317.647216796875
472.0 340.0 2341.176513671875
476.0 340.0 2258.823486328125
480.0 340.0 2258.823486328125
484.0 340.0 2188.2353515625
488.0 340.0 2258.823486328125
492.0 340.0 2317.647216796875
496.0 340.0 2258.823486328125
500.0 340.0 2329.411865234375
504.0 340.0 2188.2353515625
508.0 340.0 2176.470703125
512.0 340.0 2000.0
516.0 340.0 1917.6470947265625
520.0 340.0 1905.8824462890625
524.0 340.0 1705.8824462890625
528.0 340.0 1529.411865234375
532.0 340.0 1411.7647705078125
536.0 340.0 1058.8236083984375
540.0 340.0 858.8235473632812
544.0 340.0 600.0
548.0 340.0 611.7647094726562
552.0 340.0 752.9412231445312
556.0 340.0 682.3529663085938
560.0 340.0 623.5294189453125
564.0 340.0 552.941162109375
568.0 340.0 647.058837890625
572.0 340.0 623.5294189453125
576.0 340.0 588.2352905273438
580.0 340.0 611.7647094726562
584.0 340.0 611.7647094726562
588.0 340.0 564.7058715820312
592.0 340.0 611.7647094726562
596.0 340.0 623.5294189453125
600.0 340.0 576.4705810546875
604.0 340.0 529.4118041992188
608.0 340.0 600.0
612.0 340.0 670.5882568359375
616.0 340.0 658.8235473632812
620.0 340.0 623.5294189453125
624.0 340.0 576.4705810546875
628.0 340.0 670.5882568359375
632.0 340.0 576.4705810546875
636.0 340.0 611.7647094726562
0.0 344.0 2776.470703125
4.0 344.0 2764.705810546875
8.0 344.0 2847.058837890625
12.0 344.0 2835.294189453125
16.0 344.0 2788.2353515625
20.0 344.0 2776.470703125
24.0 344.0 2764.705810546875
28.0 344.0 2835.294189453125
32.0 344.0 2776.470703125
36.0 344.0 2705.88232421875
40.0 344.0 2811.7646484375
44.0 344.0 2788.2353515625
48.0 344.0 2788.2353515625
52.0 344.0 2764.705810546875
56.0 344.0 2741.176513671875
60.0 344.0 2729.411865234375
64.0 344.0 2682.35302734375
68.0 344.0 2670.588134765625
72.0 344.0 2694.11767578125
76.0 344.0 2682.35302734375
80.0 344.0 2647.058837890625
84.0 344.0 2623.529541015625
88.0 344.0 2658.823486328125
92.0 344.0 2670.588134765625
96.0 344.0 2647.058837890625
100.0 344.0 2658.823486328125
104.0 344.0 2623.529541015625
108.0 344.0 2611.7646484375
112.0 344.0 2600.0
116.0 344.0 2600.0
120.0 344.0 2611.7646484375
124.0 344.0 2600.0
128.0 344.0 2576.470703125
132.0 344.0 2623.529541015625
136.0 344.0 2600.0
140.0 344.0 2529.411865234375
144.0 344.0 2623.529541015625
148.0 344.0 2517.64697265625
152.0 344.0 2576.470703125
156.0 344.0 2552.941162109375
160.0 344.0 2576.470703125
164.0 344.0 2576.470703125
168.0 344.0 2576.470703125
172.0 344.0 2505.88232421875
176.0 344.0 2505.88232421875
180.0 344.0 2564.705810546875
184.0 344.0 2505.88232421875
188.0 344.0 2494.11767578125
192.0 344.0 2505.88232421875
196.0 344.0 2505.88232421875
200.0 344.0 2517.64697265625
204.0 344.0 2470.58837890625
208.0 344.0 2517.64697265625
212.0 344.0 2494.11767578125
216.0 344.0 2482.35302734375
220.0 344.0 2517.64697265625
224.0 344.0 2529.411865234375
228.0 344.0 2552.941162109375
232.0 344.0 2552.941162109375
236.0 344.0 2611.7646484375
240.0 344.0 2600.0
244.0 344.0 2670.588134765625
248.0 344.0 2623.529541015625
252.0 344.0 2658.823486328125
256.0 344.0 2705.88232421875
260.0 344.0 2705.88232421875
264.0 344.0 2752.941162109375
268.0 344.0 2670.588134765625
272.0 344.0 2752.941162109375
276.0 344.0 2847.058837890625
280.0 344.0 2917.64697265625
284.0 344.0 2988.2353515625
288.0 344.0 2870.588134765625
292.0 344.0 2870.588134765625
296.0 344.0 2941.176513671875
300.0 344.0 2858.823486328125
304.0 344.0 2858.823486328125
308.0 344.0 2858.823486328125
312.0 344.0 2917.64697265625
316.0 344.0 2858.823486328125
320.0 344.0 2905.88232421875
324.0 344.0 2835.294189453125
328.0 344.0 2905.88232421875
332.0 344.0 2917.64697265625
336.0 344.0 2929.411865234375
340.0 344.0 2858.823486328125
344.0 344.0 2870.588134765625
348.0 344.0 2870.588134765625
352.0 344.0 2952.941162109375
356.0 344.0 2835.294189453125
360.0 344.0 2835.294189453125
364.0 344.0 2682.35302734375
368.0 344.0 2658.823486328125
372.0 344.0 2588.2353515625
376.0 344.0 2517.64697265625
380.0 344.0 2576.470703125
384.0 344.0 2564.705810546875
388.0 344.0 2564.705810546875
392.0 344.0 2588.2353515625
396.0 344.0 2505.88232421875
400.0 344.0 2600.0
404.0 344.0 2505.88232421875
408.0 344.0 2505.88232421875
412.0 344.0 2470.58837890625
416.0 344.0 2482.35302734375
420.0 344.0 2423.529541015625
424.0 344.0 2529.411865234375
428.0 344.0 2505.88232421875
432.0 344.0 2447.058837890625
436.0 344.0 2447.058837890625
440.0 344.0 2423.529541015625
444.0 344.0 2329.411865234375
448.0 344.0 2364.705810546875
452.0 344.0 2329.411865234375
456.0 344.0 2329.411865234375
460.0 344.0 2305.88232421875
464.0 344.0 2282.35302734375
468.0 344.0 2329.411865234375
472.0 344.0 2341.176513671875
476.0 344.0 2317.647216796875
480.0 344.0 2305.88232421875
484.0 344.0 2317.647216796875
488.0 344.0 2258.823486328125
492.0 344.0 2258.823486328125
496.0 344.0 2329.411865234375
500.0 344.0 2247.058837890625
504.0 344.0 2282.35302734375
508.0 344.0 2200.0
512.0 344.0 2082.35302734375
516.0 344.0 2000.0
520.0 344.0 1917.6470947265625
524.0 344.0 1694.11767578125
528.0 344.0 1588.2353515625
532.0 344.0 1411.7647705078125
536.0 344.0 1164.7059326171875
540.0 344.0 941.176513671875
544.0 344.0 658.8235473632812
548.0 344.0 670.5882568359375
552.0 344.0 623.5294189453125
556.0 344.0 776.4706420898438
560.0 344.0 658.8235473632812
564.0 344.0 576.4705810546875
568.0 344.0 623.5294189453125
572.0 344.0 576.4705810546875
576.0 344.0 529.4118041992188
580.0 344.0 623.5294189453125
584.0 344.0 600.0
588.0 344.0 647.058837890625
592.0 344.0 623.5294189453125
596.0 344.0 576.4705810546875
600.0 344.0 647.058837890625
604.0 344.0 564.7058715820312
608.0 344.0 564.7058715820312
612.0 344.0 705.8823852539062
616.0 344.0 623.5294189453125
620.0 344.0 623.5294189453125
624.0 344.0 658.8235473632812
628.0 344.0 588.2352905273438
632.0 344.0 623.5294189453125
636.0 344.0 647.058837890625
0.0 348.0 2764.705810546875
4.0 348.0 2847.058837890625
8.0 348.0 2847.058837890625
12.0 348.0 2835.294189453125
16.0 348.0 2835.294189453125
20.0 348.0 2776.470703125
24.0 348.0 2776.470703125
28.0 348.0 2823.529541015625
32.0 348.0 2752.941162109375
36.0 348.0 2764.705810546875
40.0 348.0 2752.941162109375
44.0 348.0 2752.941162109375
48.0 348.0 2752.941162109375
52.0 348.0 2752.941162109375
56.0 348.0 2694.11767578125
60.0 348.0 2670.588134765625
64.0 348.0 2752.941162109375
68.0 348.0 2752.941162109375
72.0 348.0 2658.823486328125
76.0 348.0 2600.0
80.0 348.0 2600.0
84.0 348.0 2647.058837890625
88.0 348.0 2647.058837890625
92.0 348.0 2647.058837890625
96.0 348.0 2658.823486328125
100.0 348.0 2623.529541015625
104.0 348.0 2588.2353515625
108.0 348.0 2588.2353515625
112.0 348.0 2588.2353515625
116.0 348.0 2600.0
120.0 348.0 2600.0
124.0 348.0 2600.0
128.0 348.0 2552.941162109375
132.0 348.0 2588.2353515625
136.0 348.0 2576.470703125
140.0 348.0 2588.2353515625
144.0 348.0 2576.470703125
148.0 348.0 2505.88232421875
152.0 348.0 2600.0
156.0 348.0 2494.11767578125
160.0 348.0 2623.529541015625
164.0 348.0 2529.411865234375
168.0 348.0 2529.411865234375
172.0 348.0 2517.64697265625
176.0 348.0 2564.705810546875
180.0 348.0 2447.058837890625
184.0 348.0 2482.35302734375
188.0 348.0 2517.64697265625
192.0 348.0 2505.88232421875
196.0 348.0 2517.64697265625
200.0 348.0 2494.11767578125
204.0 348.0 2529.411865234375
208.0 348.0 2494.11767578125
212.0 348.0 2505.88232421875
216.0 348.0 2505.88232421875
220.0 348.0 2552.941162109375
224.0 348.0 2576.470703125
228.0 348.0 2658.823486328125
232.0 348.0 2588.2353515625
236.0 348.0 2647.058837890625
240.0 348.0 2600.0
244.0 348.0 2658.823486328125
248.0 348.0 2705.88232421875
252.0 348.0 2658.823486328125
256.0 348.0 2694.11767578125
260.0 348.0 2705.88232421875
264.0 348.0 2729.411865234375
268.0 348.0 2764.705810546875
272.0 348.0 2705.88232421875
276.0 348.0 2823.529541015625
280.0 348.0 2776.470703125
284.0 348.0 2917.64697265625
288.0 348.0 2811.7646484375
292.0 348.0 2929.411865234375
296.0 348.0 2929.411865234375
300.0 348.0 2905.88232421875
304.0 348.0 2941.176513671875
308.0 348.0 3000.0
312.0 348.0 2917.64697265625
316.0 348.0 2858.823486328125
320.0 348.0 2870.588134765625
324.0 348.0 2835.294189453125
328.0 348.0 2858.823486328125
332.0 348.0 2823.529541015625
336.0 348.0 2941.176513671875
340.0 348.0 2917.64697265625
344.0 348.0 2858.823486328125
348.0 348.0 2905.88232421875
352.0 348.0 2905.88232421875
356.0 348.0 2835.294189453125
360.0 348.0 2670.588134765625
364.0 348.0 2658.823486328125
368.0 348.0 2647.058837890625
372.0 348.0 2588.2353515625
376.0 348.0 2505.88232421875
380.0 348.0 2529.411865234375
384.0 348.0 2552.941162109375
388.0 348.0 2505.88232421875
392.0 348.0 2505.88232421875
396.0 348.0 2552.941162109375
400.0 348.0 2494.11767578125
404.0 348.0 2482.35302734375
408.0 348.0 2505.88232421875
412.0 348.0 2435.294189453125
416.0 348.0 2482.35302734375
420.0 348.0 2470.58837890625
424.0 348.0 2494.11767578125
428.0 348.0 2423.529541015625
432.0 348.0 2482.35302734375
436.0 348.0 2411.7646484375
440.0 348.0 2305.88232421875
444.0 348.0 2364.705810546875
448.0 348.0 2341.176513671875
452.0 348.0 2270.58837890625
456.0 348.0 2270.58837890625
460.0 348.0 2329.411865234375
464.0 348.0 2329.411865234375
468.0 348.0 2352.941162109375
472.0 348.0 2329.411865234375
476.0 348.0 2176.470703125
480.0 348.0 2200.0
484.0 348.0 2258.823486328125
488.0 348.0 2317.647216796875
492.0 348.0 2200.0
496.0 348.0 2270.58837890625
500.0 348.0 2176.470703125
504.0 348.0 2247.058837890625
508.0 348.0 2176.470703125
512.0 348.0 2141.176513671875
516.0 348.0 2035.294189453125
520.0 348.0 1858.8236083984375
524.0 348.0 1729.411865234375
528.0 348.0 1552.9412841796875
532.0 348.0 1341.176513671875
536.0 348.0 1247.058837890625
540.0 348.0 917.6470947265625
544.0 348.0 729.4117431640625
548.0 348.0 670.5882568359375
552.0 348.0 670.5882568359375
556.0 348.0 694.11767578125
560.0 348.0 670.5882568359375
564.0 348.0 670.5882568359375
568.0 348.0 611.7647094726562
572.0 348.0 647.058837890625
576.0 348.0 600.0
580.0 348.0 670.5882568359375
584.0 348.0 611.7647094726562
588.0 348.0 576.4705810546875
592.0 348.0 576.4705810546875
596.0 348.0 670.5882568359375
600.0 348.0 705.8823852539062
604.0 348.0 600.0
608.0 348.0 576.4705810546875
612.0 348.0 670.5882568359375
616.0 348.0 694.11767578125
620.0 348.0 623.5294189453125
624.0 348.0 600.0
628.0 348.0 705.8823852539062
632.0 348.0 623.5294189453125
636.0 348.0 694.11767578125
0.0 352.0 2811.7646484375
4.0 352.0 2776.470703125
8.0 352.0 2835.294189453125
12.0 352.0 2847.058837890625
16.0 352.0 2776.470703125
20.0 352.0 2811.7646484375
24.0 352.0 2835.294189453125
28.0 352.0 2858.823486328125
32.0 352.0 2823.529541015625
36.0 352.0 2811.7646484375
40.0 352.0 2764.705810546875
44.0 352.0 2823.529541015625
48.0 352.0 2752.941162109375
52.0 352.0 2752.941162109375
56.0 352.0 2670.588134765625
60.0 352.0 2741.176513671875
64.0 352.0 2764.705810546875
68.0 352.0 2764.705810546875
72.0 352.0 2682.35302734375
76.0 352.0 2647.058837890625
80.0 352.0 2623.529541015625
84.0 352.0 2588.2353515625
88.0 352.0 2670.588134765625
92.0 352.0 2658.823486328125
96.0 352.0 2623.529541015625
100.0 352.0 2600.0
104.0 352.0 2611.7646484375
108.0 352.0 2611.7646484375
112.0 352.0 2611.7646484375
116.0 352.0 2600.0
120.0 352.0 2600.0
124.0 352.0 2623.529541015625
128.0 352.0 2564.705810546875
132.0 352.0 2611.7646484375
136.0 352.0 2505.88232421875
140.0 352.0 2623.529541015625
144.0 352.0 2576.470703125
148.0 352.0 2600.0
152.0 352.0 2576.470703125
156.0 352.0 2564.705810546875
160.0 352.0 2482.35302734375
164.0 352.0 2470.58837890625
168.0 352.0 2552.941162109375
172.0 352.0 2505.88232421875
176.0 352.0 2517.64697265625
180.0 352.0 2494.11767578125
184.0 352.0 2435.294189453125
188.0 352.0 2552.941162109375
192.0 352.0 2482.35302734375
196.0 352.0 2517.64697265625
200.0 352.0 2482.35302734375
204.0 352.0 2505.88232421875
208.0 352.0 2529.411865234375
212.0 352.0 2505.88232421875
216.0 352.0 2552.941162109375
220.0 352.0 2529.411865234375
224.0 352.0 2576.470703125
228.0 352.0 2611.7646484375
232.0 352.0 2623.529541015625
236.0 352.0 2611.7646484375
240.0 352.0 2588.2353515625
244.0 352.0 2658.823486328125
248.0 352.0 2682.35302734375
252.0 352.0 2647.058837890625
256.0 352.0 2658.823486328125
260.0 352.0 2588.2353515625
264.0 352.0 2670.588134765625
268.0 352.0 2682.35302734375
272.0 352.0 2670.588134765625
276.0 352.0 2705.88232421875
280.0 352.0 2764.705810546875
284.0 352.0 2752.941162109375
288.0 352.0 2835.294189453125
292.0 352.0 2788.2353515625
296.0 352.0 2847.058837890625
300.0 352.0 2894.11767578125
304.0 352.0 2858.823486328125
308.0 352.0 2988.2353515625
312.0 352.0 2929.411865234375
316.0 352.0 2917.64697265625
320.0 352.0 2847.058837890625
324.0 352.0 2847.058837890625
328.0 352.0 2941.176513671875
332.0 352.0 2847.058837890625
336.0 352.0 2847.058837890625
340.0 352.0 2894.11767578125
344.0 352.0 2847.058837890625
348.0 352.0 2905.88232421875
352.0 352.0 2894.11767578125
356.0 352.0 2788.2353515625
360.0 352.0 2670.588134765625
364.0 352.0 2623.529541015625
368.0 352.0 2576.470703125
372.0 352.0 2552.941162109375
376.0 352.0 2588.2353515625
380.0 352.0 2505.88232421875
384.0 352.0 2552.941162109375
388.0 352.0 2482.35302734375
392.0 352.0 2517.64697265625
396.0 352.0 2505.88232421875
400.0 352.0 2529.411865234375
404.0 352.0 2470.58837890625
408.0 352.0 2470.58837890625
412.0 352.0 2435.294189453125
416.0 352.0 2470.58837890625
420.0 352.0 2447.058837890625
424.0 352.0 2435.294189453125
428.0 352.0 2411.7646484375
432.0 352.0 2470.58837890625
436.0 352.0 2423.529541015625
440.0 352.0 2388.2353515625
444.0 352.0 2329.411865234375
448.0 352.0 2364.705810546875
452.0 352.0 2329.411865234375
456.0 352.0 2352.941162109375
460.0 352.0 2352.941162109375
464.0 352.0 2329.411865234375
468.0 352.0 2364.705810546875
472.0 352.0 2329.411865234375
476.0 352.0 2317.647216796875
480.0 352.0 2352.941162109375
484.0 352.0 2258.823486328125
488.0 352.0 2282.35302734375
492.0 352.0 2270.58837890625
496.0 352.0 2258.823486328125
500.0 352.0 2247.058837890625
504.0 352.0 2305.88232421875
508.0 352.0 2247.058837890625
512.0 352.0 2105.88232421875
516.0 352.0 2058.823486328125
520.0 352.0 1976.470703125
524.0 352.0 1788.2353515625
528.0 352.0 1588.2353515625
532.0 352.0 1329.4117431640625
536.0 352.0 1188.2353515625
540.0 352.0 976.4706420898438
544.0 352.0 764.7059326171875
548.0 352.0 670.5882568359375
552.0 352.0 705.8823852539062
556.0 352.0 682.3529663085938
560.0 352.0 670.5882568359375
564.0 352.0 647.058837890625
568.0 352.0 588.2352905273438
572.0 352.0 623.5294189453125
576.0 352.0 658.8235473632812
580.0 352.0 611.7647094726562
584.0 352.0 588.2352905273438
588.0 352.0 623.5294189453125
592.0 352.0 564.7058715820312
596.0 352.0 647.058837890625
600.0 352.0 658.8235473632812
604.0 352.0 623.5294189453125
608.0 352.0 564.7058715820312
612.0 352.0 647.058837890625
616.0 352.0 694.11767578125
620.0 352.0 670.5882568359375
624.0 352.0 576.4705810546875
628.0 352.0 611.7647094726562
632.0 352.0 705.8823852539062
636.0 352.0 658.8235473632812
0.0 356.0 2811.7646484375
4.0 356.0 2835.294189453125
8.0 356.0 2894.11767578125
12.0 356.0 2929.411865234375
16.0 356.0 2764.705810546875
20.0 356.0 2752.941162109375
24.0 356.0 2823.529541015625
28.0 356.0 2823.529541015625
32.0 356.0 2788.2353515625
36.0 356.0 2835.294189453125
40.0 356.0 2764.705810546875
44.0 356.0 2752.941162109375
48.0 356.0 2776.470703125
52.0 356.0 2764.705810546875
56.0 356.0 2705.88232421875
60.0 356.0 2694.11767578125
64.0 356.0 2811.7646484375
68.0 356.0 2752.941162109375
72.0 356.0 2682.35302734375
76.0 356.0 2694.11767578125
80.0 356.0 2658.823486328125
84.0 356.0 2647.058837890625
88.0 356.0 2670.588134765625
92.0 356.0 2670.588134765625
96.0 356.0 2670.588134765625
100.0 356.0 2600.0
104.0 356.0 2647.058837890625
108.0 356.0 2588.2353515625
112.0 356.0 2611.7646484375
116.0 356.0 2600.0
120.0 356.0 2588.2353515625
124.0 356.0 2623.529541015625
128.0 356.0 2611.7646484375
132.0 356.0 2611.7646484375
136.0 356.0 2588.2353515625
140.0 356.0 2564.705810546875
144.0 356.0 2564.705810546875
148.0 356.0 2517.64697265625
152.0 356.0 2611.7646484375
156.0 356.0 2529.411865234375
160.0 356.0 2517.64697265625
164.0 356.0 2517.64697265625
168.0 356.0 2505.88232421875
172.0 356.0 2435.294189453125
176.0 356.0 2564.705810546875
180.0 356.0 2611.7646484375
184.0 356.0 2482.35302734375
188.0 356.0 2576.470703125
192.0 356.0 2529.411865234375
196.0 356.0 2505.88232421875
200.0 356.0 2517.64697265625
204.0 356.0 2552.941162109375
208.0 356.0 2564.705810546875
212.0 356.0 2588.2353515625
216.0 356.0 2564.705810546875
220.0 356.0 2505.88232421875
224.0 356.0 2505.88232421875
228.0 356.0 2588.2353515625
232.0 356.0 2588.2353515625
236.0 356.0 2647.058837890625
240.0 356.0 2588.2353515625
244.0 356.0 2647.058837890625
248.0 356.0 2564.705810546875
252.0 356.0 2576.470703125
256.0 356.0 2588.2353515625
260.0 356.0 2600.0
264.0 356.0 2764.705810546875
268.0 356.0 2670.588134765625
272.0 356.0 2647.058837890625
276.0 356.0 2705.88232421875
280.0 356.0 2729.411865234375
284.0 356.0 2694.11767578125
288.0 356.0 2705.88232421875
292.0 356.0 2682.35302734375
296.0 356.0 2705.88232421875
300.0 356.0 2752.941162109375
304.0 356.0 2858.823486328125
308.0 356.0 2847.058837890625
312.0 356.0 2941.176513671875
316.0 356.0 2894.11767578125
320.0 356.0 2917.64697265625
324.0 356.0 2917.64697265625
328.0 356.0 2952.941162109375
332.0 356.0 2858.823486328125
336.0 356.0 2917.64697265625
340.0 356.0 2847.058837890625
344.0 356.0 2894.11767578125
348.0 356.0 2847.058837890625
352.0 356.0 2823.529541015625
356.0 356.0 2776.470703125
360.0 356.0 2741.176513671875
364.0 356.0 2529.411865234375
368.0 356.0 2576.470703125
372.0 356.0 2588.2353515625
376.0 356.0 2588.2353515625
380.0 356.0 2517.64697265625
384.0 356.0 2482.35302734375
388.0 356.0 2411.7646484375
392.0 356.0 2552.941162109375
396.0 356.0 2505.88232421875
400.0 356.0 2494.11767578125
404.0 356.0 2505.88232421875
408.0 356.0 2505.88232421875
412.0 356.0 2494.11767578125
416.0 356.0 2447.058837890625
420.0 356.0 2388.2353515625
424.0 356.0 2447.058837890625
428.0 356.0 2411.7646484375
432.0 356.0 2435.294189453125
436.0 356.0 2352.941162109375
440.0 356.0 2388.2353515625
444.0 356.0 2282.35302734375
448.0 356.0 2388.2353515625
452.0 356.0 2317.647216796875
456.0 356.0 2341.176513671875
460.0 356.0 2329.411865234375
464.0 356.0 2317.647216796875
468.0 356.0 2305.88232421875
472.0 356.0 2400.0
476.0 356.0 2317.647216796875
480.0 356.0 2317.647216796875
484.0 356.0 2235.294189453125
488.0 356.0 2258.823486328125
492.0 356.0 2176.470703125
496.0 356.0 2258.823486328125
500.0 356.0 2235.294189453125
504.0 356.0 2247.058837890625
508.0 356.0 2164.705810546875
512.0 356.0 2200.0
516.0 356.0 2070.58837890625
520.0 356.0 1917.6470947265625
524.0 356.0 1823.529541015625
528.0 356.0 1600.0001220703125
532.0 356.0 1435.2940673828125
536.0 356.0 1329.4117431640625
540.0 356.0 1011.7647094726562
544.0 356.0 811.7647705078125
548.0 356.0 647.058837890625
552.0 356.0 658.8235473632812
556.0 356.0 658.8235473632812
560.0 356.0 670.5882568359375
564.0 356.0 611.7647094726562
568.0 356.0 670.5882568359375
572.0 356.0 611.7647094726562
576.0 356.0 576.4705810546875
580.0 356.0 647.058837890625
584.0 356.0 658.8235473632812
588.0 356.0 670.5882568359375
592.0 356.0 670.5882568359375
596.0 356.0 705.8823852539062
600.0 356.0 600.0
604.0 356.0 588.2352905273438
608.0 356.0 600.0
612.0 356.0 611.7647094726562
616.0 356.0 611.7647094726562
620.0 356.0 647.058837890625
624.0 356.0 670.5882568359375
628.0 356.0 694.11767578125
632.0 356.0 658.8235473632812
636.0 356.0 741.1764526367188
0.0 360.0 2788.2353515625
4.0 360.0 2835.294189453125
8.0 360.0 2835.294189453125
12.0 360.0 2835.294189453125
16.0 360.0 2847.058837890625
20.0 360.0 2788.2353515625
24.0 360.0 2858.823486328125
28.0 360.0 2776.470703125
32.0 360.0 2752.941162109375
36.0 360.0 2811.7646484375
40.0 360.0 2811.7646484375
44.0 360.0 2776.470703125
48.0 360.0 2764.705810546875
52.0 360.0 2823.529541015625
56.0 360.0 2694.11767578125
60.0 360.0 2729.411865234375
64.0 360.0 2776.470703125
68.0 360.0 2670.588134765625
72.0 360.0 2670.588134765625
76.0 360.0 2682.35302734375
80.0 360.0 2670.588134765625
84.0 360.0 2647.058837890625
88.0 360.0 2682.35302734375
92.0 360.0 2682.35302734375
96.0 360.0 2623.529541015625
100.0 360.0 2670.588134765625
104.0 360.0 2600.0
108.0 360.0 2623.529541015625
112.0 360.0 2623.529541015625
116.0 360.0 2588.2353515625
120.0 360.0 2576.470703125
124.0 360.0 2588.2353515625
128.0 360.0 2611.7646484375
132.0 360.0 2623.529541015625
136.0 360.0 2576.470703125
140.0 360.0 2611.7646484375
144.0 360.0 2576.470703125
148.0 360.0 2505.88232421875
152.0 360.0 2611.7646484375
156.0 360.0 2529.411865234375
160.0 360.0 2600.0
164.0 360.0 2564.705810546875
168.0 360.0 2505.88232421875
172.0 360.0 2552.941162109375
176.0 360.0 2552.941162109375
180.0 360.0 2564.705810546875
184.0 360.0 2588.2353515625
188.0 360.0 2505.88232421875
192.0 360.0 2470.58837890625
196.0 360.0 2505.88232421875
200.0 360.0 2423.529541015625
204.0 360.0 2564.705810546875
208.0 360.0 2505.88232421875
212.0 360.0 2517.64697265625
216.0 360.0 2529.411865234375
220.0 360.0 2505.88232421875
224.0 360.0 2564.705810546875
228.0 360.0 2588.2353515625
232.0 360.0 2564.705810546875
236.0 360.0 2647.058837890625
240.0 360.0 2576.470703125
244.0 360.0 2623.529541015625
248.0 360.0 2611.7646484375
252.0 360.0 2564.705810546875
256.0 360.0 2564.705810546875
260.0 360.0 2623.529541015625
264.0 360.0 2658.823486328125
268.0 360.0 2682.35302734375
272.0 360.0 2647.058837890625
276.0 360.0 2600.0
280.0 360.0 2588.2353515625
284.0 360.0 2682.35302734375
288.0 360.0 2694.11767578125
292.0 360.0 2588.2353515625
296.0 360.0 2600.0
300.0 360.0 2670.588134765625
304.0 360.0 2741.176513671875
308.0 360.0 2752.941162109375
312.0 360.0 2741.176513671875
316.0 360.0 2847.058837890625
320.0 360.0 2858.823486328125
324.0 360.0 2847.058837890625
328.0 360.0 2988.2353515625
332.0 360.0 2835.294189453125
336.0 360.0 2894.11767578125
340.0 360.0 2788.2353515625
344.0 360.0 2894.11767578125
348.0 360.0 2858.823486328125
352.0 360.0 2788.2353515625
356.0 360.0 2670.588134765625
360.0 360.0 2576.470703125
364.0 360.0 2529.411865234375
368.0 360.0 2552.941162109375
372.0 360.0 2552.941162109375
376.0 360.0 2517.64697265625
380.0 360.0 2505.88232421875
384.0 360.0 2505.88232421875
388.0 360.0 2423.529541015625
392.0 360.0 2447.058837890625
396.0 360.0 2517.64697265625
400.0 360.0 2435.294189453125
404.0 360.0 2435.294189453125
408.0 360.0 2482.35302734375
412.0 360.0 2482.35302734375
416.0 360.0 2470.58837890625
420.0 360.0 2470.58837890625
424.0 360.0 2423.529541015625
428.0 360.0 2388.2353515625
432.0 360.0 2423.529541015625
436.0 360.0 2423.529541015625
440.0 360.0 2305.88232421875
444.0 360.0 2282.35302734375
448.0 360.0 2329.411865234375
452.0 360.0 2317.647216796875
456.0 360.0 2270.58837890625
460.0 360.0 2364.705810546875
464.0 360.0 2270.58837890625
468.0 360.0 2341.176513671875
472.0 360.0 2305.88232421875
476.0 360.0 2258.823486328125
480.0 360.0 2200.0
484.0 360.0 2223.529541015625
488.0 360.0 2247.058837890625
492.0 360.0 2258.823486328125
496.0 360.0 2200.0
500.0 360.0 2329.411865234375
504.0 360.0 2341.176513671875
508.0 360.0 2305.88232421875
512.0 360.0 2105.88232421875
516.0 360.0 2082.35302734375
520.0 360.0 1952.9412841796875
524.0 360.0 1776.470703125
528.0 360.0 1694.11767578125
532.0 360.0 1447.058837890625
536.0 360.0 1270.5882568359375
540.0 360.0 1035.294189453125
544.0 360.0 823.5294799804688
548.0 360.0 623.5294189453125
552.0 360.0 611.7647094726562
556.0 360.0 705.8823852539062
560.0 360.0 576.4705810546875
564.0 360.0 600.0
568.0 360.0 670.5882568359375
572.0 360.0 623.5294189453125
576.0 360.0 658.8235473632812
580.0 360.0 623.5294189453125
584.0 360.0 670.5882568359375
588.0 360.0 705.8823852539062
592.0 360.0 647.058837890625
596.0 360.0 682.3529663085938
600.0 360.0 623.5294189453125
604.0 360.0 647.058837890625
608.0 360.0 576.4705810546875
612.0 360.0 658.8235473632812
616.0 360.0 658.8235473632812
620.0 360.0 658.8235473632812
624.0 360.0 658.8235473632812
628.0 360.0 670.5882568359375
632.0 360.0 658.8235473632812
636.0 360.0 658.8235473632812
0.0 364.0 2823.529541015625
4.0 364.0 2823.529541015625
8.0 364.0 2835.294189453125
12.0 364.0 2905.88232421875
16.0 364.0 2788.2353515625
20.0 364.0 2847.058837890625
24.0 364.0 2811.7646484375
28.0 364.0 2811.7646484375
32.0 364.0 2835.294189453125
36.0 364.0 2776.470703125
40.0 364.0 2811.7646484375
44.0 364.0 2811.7646484375
48.0 364.0 2752.941162109375
52.0 364.0 2741.176513671875
56.0 364.0 2741.176513671875
60.0 364.0 2705.88232421875
64.0 364.0 2752.941162109375
68.0 364.0 2729.411865234375
72.0 364.0 2670.588134765625
76.0 364.0 2670.588134765625
80.0 364.0 2611.7646484375
84.0 364.0 2670.588134765625
88.0 364.0 2623.529541015625
92.0 364.0 2658.823486328125
96.0 364.0 2670.588134765625
100.0 364.0 2623.529541015625
104.0 364.0 2623.529541015625
108.0 364.0 2588.2353515625
112.0 364.0 2623.529541015625
116.0 364.0 2588.2353515625
120.0 364.0 2588.2353515625
124.0 364.0 2576.470703125
128.0 364.0 2588.2353515625
132.0 364.0 2623.529541015625
136.0 364.0 2611.7646484375
140.0 364.0 2552.941162109375
144.0 364.0 2564.705810546875
148.0 364.0 2529.411865234375
152.0 364.0 2588.2353515625
156.0 364.0 2576.470703125
160.0 364.0 2552.941162109375
164.0 364.0 2576.470703125
168.0 364.0 2494.11767578125
172.0 364.0 2529.411865234375
176.0 364.0 2564.705810546875
180.0 364.0 2517.64697265625
184.0 364.0 2529.411865234375
188.0 364.0 2517.64697265625
192.0 364.0 2494.11767578125
196.0 364.0 2494.11767578125
200.0 364.0 2564.705810546875
204.0 364.0 2423.529541015625
208.0 364.0 2576.470703125
212.0 364.0 2552.941162109375
216.0 364.0 2588.2353515625
220.0 364.0 2576.470703125
224.0 364.0 2588.2353515625
228.0 364.0 2600.0
232.0 364.0 2611.7646484375
236.0 364.0 2611.7646484375
240.0 364.0 2576.470703125
244.0 364.0 2588.2353515625
248.0 364.0 2576.470703125
252.0 364.0 2588.2353515625
256.0 364.0 2517.64697265625
260.0 364.0 2611.7646484375
264.0 364.0 2600.0
268.0 364.0 2588.2353515625
272.0 364.0 2670.588134765625
276.0 364.0 2647.058837890625
280.0 364.0 2658.823486328125
284.0 364.0 2694.11767578125
288.0 364.0 2647.058837890625
292.0 364.0 2552.941162109375
296.0 364.0 2564.705810546875
300.0 364.0 2600.0
304.0 364.0 2647.058837890625
308.0 364.0 2694.11767578125
312.0 364.0 2670.588134765625
316.0 364.0 2694.11767578125
320.0 364.0 2752.941162109375
324.0 364.0 2811.7646484375
328.0 364.0 2941.176513671875
332.0 364.0 2917.64697265625
336.0 364.0 2952.941162109375
340.0 364.0 2952.941162109375
344.0 364.0 2776.470703125
348.0 364.0 2835.294189453125
352.0 364.0 2729.411865234375
356.0 364.0 2658.823486328125
360.0 364.0 2576.470703125
364.0 364.0 2623.529541015625
368.0 364.0 2623.529541015625
372.0 364.0 2588.2353515625
376.0 364.0 2576.470703125
380.0 364.0 2435.294189453125
384.0 364.0 2494.11767578125
388.0 364.0 2447.058837890625
392.0 364.0 2505.88232421875
396.0 364.0 2517.64697265625
400.0 364.0 2435.294189453125
404.0 364.0 2423.529541015625
408.0 364.0 2529.411865234375
412.0 364.0 2470.58837890625
416.0 364.0 2423.529541015625
420.0 364.0 2364.705810546875
424.0 364.0 2482.35302734375
428.0 364.0 2435.294189453125
432.0 364.0 2435.294189453125
436.0 364.0 2352.941162109375
440.0 364.0 2329.411865234375
444.0 364.0 2270.58837890625
448.0 364.0 2388.2353515625
452.0 364.0 2352.941162109375
456.0 364.0 2329.411865234375
460.0 364.0 2352.941162109375
464.0 364.0 2329.411865234375
468.0 364.0 2305.88232421875
472.0 364.0 2341.176513671875
476.0 364.0 2270.58837890625
480.0 364.0 2329.411865234375
484.0 364.0 2305.88232421875
488.0 364.0 2235.294189453125
492.0 364.0 2247.058837890625
496.0 364.0 2258.823486328125
500.0 364.0 2200.0
504.0 364.0 2317.647216796875
508.0 364.0 2235.294189453125
512.0 364.0 2176.470703125
516.0 364.0 2223.529541015625
520.0 364.0 1976.470703125
524.0 364.0 1835.294189453125
528.0 364.0 1788.2353515625
532.0 364.0 1470.5882568359375
536.0 364.0 1364.7059326171875
540.0 364.0 1164.7059326171875
544.0 364.0 870.5882568359375
548.0 364.0 752.9412231445312
552.0 364.0 752.9412231445312
556.0 364.0 729.4117431640625
560.0 364.0 694.11767578125
564.0 364.0 611.7647094726562
568.0 364.0 647.058837890625
572.0 364.0 611.7647094726562
576.0 364.0 670.5882568359375
580.0 364.0 705.8823852539062
584.0 364.0 658.8235473632812
588.0 364.0 682.3529663085938
592.0 364.0 729.4117431640625
596.0 364.0 729.4117431640625
600.0 364.0 611.7647094726562
604.0 364.0 588.2352905273438
608.0 364.0 694.11767578125
612.0 364.0 670.5882568359375
616.0 364.0 588.2352905273438
620.0 364.0 670.5882568359375
624.0 364.0 658.8235473632812
628.0 364.0 752.9412231445312
632.0 364.0 658.8235473632812
636.0 364.0 670.5882568359375
0.0 368.0 2776.470703125
4.0 368.0 2823.529541015625
8.0 368.0 2835.294189453125
12.0 368.0 2894.11767578125
16.0 368.0 2823.529541015625
20.0 368.0 2858.823486328125
24.0 368.0 2870.588134765625
28.0 368.0 2858.823486328125
32.0 368.0 2752.941162109375
36.0 368.0 2858.823486328125
40.0 368.0 2788.2353515625
44.0 368.0 2858.823486328125
48.0 368.0 2682.35302734375
52.0 368.0 2764.705810546875
56.0 368.0 2752.941162109375
60.0 368.0 2694.11767578125
64.0 368.0 2741.176513671875
68.0 368.0 2705.88232421875
72.0 368.0 2658.823486328125
76.0 368.0 2670.588134765625
80.0 368.0 2611.7646484375
84.0 368.0 2658.823486328125
88.0 368.0 2670.588134765625
92.0 368.0 2647.058837890625
96.0 368.0 2647.058837890625
100.0 368.0 2670.588134765625
104.0 368.0 2658.823486328125
108.0 368.0 2623.529541015625
112.0 368.0 2623.529541015625
116.0 368.0 2611.7646484375
120.0 368.0 2611.7646484375
124.0 368.0 2588.2353515625
128.0 368.0 2517.64697265625
132.0 368.0 2611.7646484375
136.0 368.0 2529.411865234375
140.0 368.0 2647.058837890625
144.0 368.0 2600.0
148.0 368.0 2552.941162109375
152.0 368.0 2588.2353515625
156.0 368.0 2564.705810546875
160.0 368.0 2600.0
164.0 368.0 2564.705810546875
168.0 368.0 2588.2353515625
172.0 368.0 2576.470703125
176.0 368.0 2588.2353515625
180.0 368.0 2564.705810546875
184.0 368.0 2576.470703125
188.0 368.0 2588.2353515625
192.0 368.0 2576.470703125
196.0 368.0 2505.88232421875
200.0 368.0 2564.705810546875
204.0 368.0 2588.2353515625
208.0 368.0 2576.470703125
212.0 368.0 2611.7646484375
216.0 368.0 2529.411865234375
220.0 368.0 2517.64697265625
224.0 368.0 2564.705810546875
228.0 368.0 2588.2353515625
232.0 368.0 2611.7646484375
236.0 368.0 2611.7646484375
240.0 368.0 2611.7646484375
244.0 368.0 2611.7646484375
248.0 368.0 2576.470703125
252.0 368.0 2576.470703125
256.0 368.0 2576.470703125
260.0 368.0 2611.7646484375
264.0 368.0 2611.7646484375
268.0 368.0 2611.7646484375
272.0 368.0 2670.588134765625
276.0 368.0 2588.2353515625
280.0 368.0 2529.411865234375
284.0 368.0 2647.058837890625
288.0 368.0 2623.529541015625
292.0 368.0 2588.2353515625
296.0 368.0 2600.0
300.0 368.0 2647.058837890625
304.0 368.0 2611.7646484375
308.0 368.0 2741.176513671875
312.0 368.0 2694.11767578125
316.0 368.0 2670.588134765625
320.0 368.0 2682.35302734375
324.0 368.0 2752.941162109375
328.0 368.0 2835.294189453125
332.0 368.0 2788.2353515625
336.0 368.0 2905.88232421875
340.0 368.0 2952.941162109375
344.0 368.0 2847.058837890625
348.0 368.0 2682.35302734375
352.0 368.0 2764.705810546875
356.0 368.0 2600.0
360.0 368.0 2529.411865234375
364.0 368.0 2588.2353515625
368.0 368.0 2588.2353515625
372.0 368.0 2552.941162109375
376.0 368.0 2552.941162109375
380.0 368.0 2447.058837890625
384.0 368.0 2435.294189453125
388.0 368.0 2482.35302734375
392.0 368.0 2494.11767578125
396.0 368.0 2505.88232421875
400.0 368.0 2470.58837890625
404.0 368.0 2517.64697265625
408.0 368.0 2447.058837890625
412.0 368.0 2423.529541015625
416.0 368.0 2423.529541015625
420.0 368.0 2364.705810546875
424.0 368.0 2423.529541015625
428.0 368.0 2423.529541015625
432.0 368.0 2329.411865234375
436.0 368.0 2341.176513671875
440.0 368.0 2364.705810546875
444.0 368.0 2400.0
448.0 368.0 2305.88232421875
452.0 368.0 2329.411865234375
456.0 368.0 2329.411865234375
460.0 368.0 2435.294189453125
464.0 368.0 2364.705810546875
468.0 368.0 2258.823486328125
472.0 368.0 2270.58837890625
476.0 368.0 2329.411865234375
480.0 368.0 2329.411865234375
484.0 368.0 2258.823486328125
488.0 368.0 2305.88232421875
492.0 368.0 2258.823486328125
496.0 368.0 2282.35302734375
500.0 368.0 2282.35302734375
504.0 368.0 2258.823486328125
508.0 368.0 2176.470703125
512.0 368.0 2188.2353515625
516.0 368.0 2176.470703125
520.0 368.0 2011.7647705078125
524.0 368.0 1917.6470947265625
528.0 368.0 1788.2353515625
532.0 368.0 1529.411865234375
536.0 368.0 1447.058837890625
540.0 368.0 1141.176513671875
544.0 368.0 788.2353515625
548.0 368.0 705.8823852539062
552.0 368.0 682.3529663085938
556.0 368.0 764.7059326171875
560.0 368.0 729.4117431640625
564.0 368.0 670.5882568359375
568.0 368.0 623.5294189453125
572.0 368.0 705.8823852539062
576.0 368.0 682.3529663085938
580.0 368.0 670.5882568359375
584.0 368.0 670.5882568359375
588.0 368.0 682.3529663085938
592.0 368.0 623.5294189453125
596.0 368.0 670.5882568359375
600.0 368.0 623.5294189453125
604.0 368.0 611.7647094726562
608.0 368.0 670.5882568359375
612.0 368.0 670.5882568359375
616.0 368.0 670.5882568359375
620.0 368.0 729.4117431640625
624.0 368.0 694.11767578125
628.0 368.0 752.9412231445312
632.0 368.0 670.5882568359375
636.0 368.0 694.11767578125
0.0 372.0 2788.2353515625
4.0 372.0 2811.7646484375
8.0 372.0 2894.11767578125
12.0 372.0 2917.64697265625
16.0 372.0 2835.294189453125
20.0 372.0 2835.294189453125
24.0 372.0 2835.294189453125
28.0 372.0 2847.058837890625
32.0 372.0 2776.470703125
36.0 372.0 2847.058837890625
40.0 372.0 2823.529541015625
44.0 372.0 2823.529541015625
48.0 372.0 2835.294189453125
52.0 372.0 2823.529541015625
56.0 372.0 2729.411865234375
60.0 372.0 2694.11767578125
64.0 372.0 2788.2353515625
68.0 372.0 2670.588134765625
72.0 372.0 2752.941162109375
76.0 372.0 2694.11767578125
80.0 372.0 2682.35302734375
84.0 372.0 2623.529541015625
88.0 372.0 2658.823486328125
92.0 372.0 2600.0
96.0 372.0 2705.88232421875
100.0 372.0 2611.7646484375
104.0 372.0 2576.470703125
108.0 372.0 2623.529541015625
112.0 372.0 2600.0
116.0 372.0 2588.2353515625
120.0 372.0 2600.0
124.0 372.0 2611.7646484375
128.0 372.0 2529.411865234375
132.0 372.0 2670.588134765625
136.0 372.0 2564.705810546875
140.0 372.0 2611.7646484375
144.0 372.0 2600.0
148.0 372.0 2576.470703125
152.0 372.0 2552.941162109375
156.0 372.0 2588.2353515625
160.0 372.0 2588.2353515625
164.0 372.0 2517.64697265625
168.0 372.0 2576.470703125
172.0 372.0 2576.470703125
176.0 372.0 2564.705810546875
180.0 372.0 2588.2353515625
184.0 372.0 2529.411865234375
188.0 372.0 2576.470703125
192.0 372.0 2505.88232421875
196.0 372.0 2517.64697265625
200.0 372.0 2576.470703125
204.0 372.0 2564.705810546875
208.0 372.0 2588.2353515625
212.0 372.0 2588.2353515625
216.0 372.0 2576.470703125
220.0 372.0 2576.470703125
224.0 372.0 2576.470703125
228.0 372.0 2600.0
232.0 372.0 2564.705810546875
236.0 372.0 2623.529541015625
240.0 372.0 2588.2353515625
244.0 372.0 2552.941162109375
248.0 372.0 2623.529541015625
252.0 372.0 2588.2353515625
256.0 372.0 2600.0
260.0 372.0 2600.0
264.0 372.0 2588.2353515625
268.0 372.0 2588.2353515625
272.0 372.0 2611.7646484375
276.0 372.0 2529.411865234375
280.0 372.0 2576.470703125
284.0 372.0 2552.941162109375
288.0 372.0 2588.2353515625
292.0 372.0 2588.2353515625
296.0 372.0 2623.529541015625
300.0 372.0 2588.2353515625
304.0 372.0 2623.529541015625
308.0 372.0 2588.2353515625
312.0 372.0 2647.058837890625
316.0 372.0 2670.588134765625
320.0 372.0 2694.11767578125
324.0 372.0 2741.176513671875
328.0 372.0 2682.35302734375
332.0 372.0 2729.411865234375
336.0 372.0 2835.294189453125
340.0 372.0 2835.294189453125
344.0 372.0 2823.529541015625
348.0 372.0 2682.35302734375
352.0 372.0 2694.11767578125
356.0 372.0 2600.0
360.0 372.0 2482.35302734375
364.0 372.0 2576.470703125
368.0 372.0 2611.7646484375
372.0 372.0 2517.64697265625
376.0 372.0 2494.11767578125
380.0 372.0 2470.58837890625
384.0 372.0 2505.88232421875
388.0 372.0 2435.294189453125
392.0 372.0 2505.88232421875
396.0 372.0 2505.88232421875
400.0 372.0 2494.11767578125
404.0 372.0 2494.11767578125
408.0 372.0 2411.7646484375
412.0 372.0 2411.7646484375
416.0 372.0 2423.529541015625
420.0 372.0 2411.7646484375
424.0 372.0 2505.88232421875
428.0 372.0 2423.529541015625
432.0 372.0 2400.0
436.0 372.0 2423.529541015625
440.0 372.0 2411.7646484375
444.0 372.0 2329.411865234375
448.0 372.0 2411.7646484375
452.0 372.0 2282.35302734375
456.0 372.0 2364.705810546875
460.0 372.0 2317.647216796875
464.0 372.0 2352.941162109375
468.0 372.0 2305.88232421875
472.0 372.0 2329.411865234375
476.0 372.0 2247.058837890625
480.0 372.0 2364.705810546875
484.0 372.0 2329.411865234375
488.0 372.0 2247.058837890625
492.0 372.0 2223.529541015625
496.0 372.0 2247.058837890625
500.0 372.0 2235.294189453125
504.0 372.0 2329.411865234375
508.0 372.0 2258.823486328125
512.0 372.0 2176.470703125
516.0 372.0 2152.941162109375
520.0 372.0 1952.9412841796875
524.0 372.0 1917.6470947265625
528.0 372.0 1788.2353515625
532.0 372.0 1564.7059326171875
536.0 372.0 1482.3529052734375
540.0 372.0 1258.823486328125
544.0 372.0 894.11767578125
548.0 372.0 788.2353515625
552.0 372.0 670.5882568359375
556.0 372.0 741.1764526367188
560.0 372.0 694.11767578125
564.0 372.0 658.8235473632812
568.0 372.0 670.5882568359375
572.0 372.0 752.9412231445312
576.0 372.0 705.8823852539062
580.0 372.0 682.3529663085938
584.0 372.0 670.5882568359375
588.0 372.0 752.9412231445312
592.0 372.0 670.5882568359375
596.0 372.0 823.5294799804688
600.0 372.0 741.1764526367188
604.0 372.0 658.8235473632812
608.0 372.0 741.1764526367188
612.0 372.0 694.11767578125
616.0 372.0 694.11767578125
620.0 372.0 741.1764526367188
624.0 372.0 729.4117431640625
628.0 372.0 752.9412231445312
632.0 372.0 729.4117431640625
636.0 372.0 729.4117431640625
0.0 376.0 2788.2353515625
4.0 376.0 2776.470703125
8.0 376.0 2858.823486328125
12.0 376.0 2835.294189453125
16.0 376.0 2835.294189453125
20.0 376.0 2823.529541015625
24.0 376.0 2835.294189453125
28.0 376.0 2929.411865234375
32.0 376.0 2870.588134765625
36.0 376.0 2788.2353515625
40.0 376.0 2764.705810546875
44.0 376.0 2823.529541015625
48.0 376.0 2752.941162109375
52.0 376.0 2811.7646484375
56.0 376.0 2764.705810546875
60.0 376.0 2694.11767578125
64.0 376.0 2764.705810546875
68.0 376.0 2705.88232421875
72.0 376.0 2705.88232421875
76.0 376.0 2694.11767578125
80.0 376.0 2682.35302734375
84.0 376.0 2611.7646484375
88.0 376.0 2647.058837890625
92.0 376.0 2670.588134765625
96.0 376.0 2647.058837890625
100.0 376.0 2647.058837890625
104.0 376.0 2658.823486328125
108.0 376.0 2670.588134765625
112.0 376.0 2647.058837890625
116.0 376.0 2576.470703125
120.0 376.0 2588.2353515625
124.0 376.0 2623.529541015625
128.0 376.0 2623.529541015625
132.0 376.0 2647.058837890625
136.0 376.0 2564.705810546875
140.0 376.0 2588.2353515625
144.0 376.0 2576.470703125
148.0 376.0 2588.2353515625
152.0 376.0 2588.2353515625
156.0 376.0 2576.470703125
160.0 376.0 2600.0
164.0 376.0 2505.88232421875
168.0 376.0 2552.941162109375
172.0 376.0 2552.941162109375
176.0 376.0 2576.470703125
180.0 376.0 2564.705810546875
184.0 376.0 2517.64697265625
188.0 376.0 2564.705810546875
192.0 376.0 2505.88232421875
196.0 376.0 2505.88232421875
200.0 376.0 2505.88232421875
204.0 376.0 2564.705810546875
208.0 376.0 2529.411865234375
212.0 376.0 2552.941162109375
216.0 376.0 2600.0
220.0 376.0 2517.64697265625
224.0 376.0 2552.941162109375
228.0 376.0 2588.2353515625
232.0 376.0 2564.705810546875
236.0 376.0 2611.7646484375
240.0 376.0 2552.941162109375
244.0 376.0 2611.7646484375
248.0 376.0 2564.705810546875
252.0 376.0 2576.470703125
256.0 376.0 2564.705810546875
260.0 376.0 2588.2353515625
264.0 376.0 2564.705810546875
268.0 376.0 2623.529541015625
272.0 376.0 2552.941162109375
276.0 376.0 2611.7646484375
280.0 376.0 2588.2353515625
284.0 376.0 2600.0
288.0 376.0 2564.705810546875
292.0 376.0 2647.058837890625
296.0 376.0 2552.941162109375
300.0 376.0 2588.2353515625
304.0 376.0 2611.7646484375
308.0 376.0 2658.823486328125
312.0 376.0 2647.058837890625
316.0 376.0 2623.529541015625
320.0 376.0 2670.588134765625
324.0 376.0 2658.823486328125
328.0 376.0 2658.823486328125
332.0 376.0 2623.529541015625
336.0 376.0 2682.35302734375
340.0 376.0 2752.941162109375
344.0 376.0 2705.88232421875
348.0 376.0 2600.0
352.0 376.0 2623.529541015625
356.0 376.0 2529.411865234375
360.0 376.0 2529.411865234375
364.0 376.0 2505.88232421875
368.0 376.0 2552.941162109375
372.0 376.0 2482.35302734375
376.0 376.0 2552.941162109375
380.0 376.0 2470.58837890625
384.0 376.0 2435.294189453125
388.0 376.0 2447.058837890625
392.0 376.0 2517.64697265625
396.0 376.0 2505.88232421875
400.0 376.0 2423.529541015625
404.0 376.0 2423.529541015625
408.0 376.0 2388.2353515625
412.0 376.0 2388.2353515625
416.0 376.0 2329.411865234375
420.0 376.0 2411.7646484375
424.0 376.0 2447.058837890625
428.0 376.0 2388.2353515625
432.0 376.0 2364.705810546875
436.0 376.0 2329.411865234375
440.0 376.0 2388.2353515625
444.0 376.0 2329.411865234375
448.0 376.0 2329.411865234375
452.0 376.0 2341.176513671875
456.0 376.0 2270.58837890625
460.0 376.0 2317.647216796875
464.0 376.0 2352.941162109375
468.0 376.0 2258.823486328125
472.0 376.0 2282.35302734375
476.0 376.0 2258.823486328125
480.0 376.0 2282.35302734375
484.0 376.0 2341.176513671875
488.0 376.0 2329.411865234375
492.0 376.0 2247.058837890625
496.0 376.0 2270.58837890625
500.0 376.0 2247.058837890625
504.0 376.0 2317.647216796875
508.0 376.0 2188.2353515625
512.0 376.0 2094.11767578125
516.0 376.0 2141.176513671875
520.0 376.0 2082.35302734375
524.0 376.0 1976.470703125
528.0 376.0 1823.529541015625
532.0 376.0 1552.9412841796875
536.0 376.0 1411.7647705078125
540.0 376.0 1247.058837890625
544.0 376.0 894.11767578125
548.0 376.0 752.9412231445312
552.0 376.0 658.8235473632812
556.0 376.0 776.4706420898438
560.0 376.0 741.1764526367188
564.0 376.0 682.3529663085938
568.0 376.0 705.8823852539062
572.0 376.0 682.3529663085938
576.0 376.0 611.7647094726562
580.0 376.0 752.9412231445312
584.0 376.0 670.5882568359375
588.0 376.0 741.1764526367188
592.0 376.0 658.8235473632812
596.0 376.0 741.1764526367188
600.0 376.0 705.8823852539062
604.0 376.0 741.1764526367188
608.0 376.0 647.058837890625
612.0 376.0 694.11767578125
616.0 376.0 729.4117431640625
620.0 376.0 705.8823852539062
624.0 376.0 694.11767578125
628.0 376.0 752.9412231445312
632.0 376.0 729.4117431640625
636.0 376.0 764.7059326171875
0.0 380.0 2858.823486328125
4.0 380.0 2835.294189453125
8.0 380.0 2847.058837890625
12.0 380.0 2835.294189453125
16.0 380.0 2835.294189453125
20.0 380.0 2870.588134765625
24.0 380.0 2858.823486328125
28.0 380.0 2811.7646484375
32.0 380.0 2811.7646484375
36.0 380.0 2811.7646484375
40.0 380.0 2847.058837890625
44.0 380.0 2811.7646484375
48.0 380.0 2811.7646484375
52.0 380.0 2776.470703125
56.0 380.0 2788.2353515625
60.0 380.0 2682.35302734375
64.0 380.0 2741.176513671875
68.0 380.0 2729.411865234375
72.0 380.0 2741.176513671875
76.0 380.0 2682.35302734375
80.0 380.0 2729.411865234375
84.0 380.0 2682.35302734375
88.0 380.0 2729.411865234375
92.0 380.0 2658.823486328125
96.0 380.0 2705.88232421875
100.0 380.0 2670.588134765625
104.0 380.0 2647.058837890625
108.0 380.0 2670.588134765625
112.0 380.0 2600.0
116.0 380.0 2517.64697265625
120.0 380.0 2552.941162109375
124.0 380.0 2588.2353515625
128.0 380.0 2588.2353515625
132.0 380.0 2670.588134765625
136.0 380.0 2552.941162109375
140.0 380.0 2600.0
144.0 380.0 2588.2353515625
148.0 380.0 2564.705810546875
152.0 380.0 2623.529541015625
156.0 380.0 2564.705810546875
160.0 380.0 2588.2353515625
164.0 380.0 2564.705810546875
168.0 380.0 2552.941162109375
172.0 380.0 2482.35302734375
176.0 380.0 2564.705810546875
180.0 380.0 2552.941162109375
184.0 380.0 2576.470703125
188.0 380.0 2588.2353515625
192.0 380.0 2505.88232421875
196.0 380.0 2564.705810546875
200.0 380.0 2576.470703125
204.0 380.0 2600.0
208.0 380.0 2564.705810546875
212.0 380.0 2517.64697265625
216.0 380.0 2564.705810546875
220.0 380.0 2588.2353515625
224.0 380.0 2552.941162109375
228.0 380.0 2576.470703125
232.0 380.0 2600.0
236.0 380.0 2658.823486328125
240.0 380.0 2588.2353515625
244.0 380.0 2647.058837890625
248.0 380.0 2576.470703125
252.0 380.0 2564.705810546875
256.0 380.0 2517.64697265625
260.0 380.0 2576.470703125
264.0 380.0 2529.411865234375
268.0 380.0 2611.7646484375
272.0 380.0 2564.705810546875
276.0 380.0 2623.529541015625
280.0 380.0 2564.705810546875
284.0 380.0 2588.2353515625
288.0 380.0 2611.7646484375
292.0 380.0 2611.7646484375
296.0 380.0 2576.470703125
300.0 380.0 2588.2353515625
304.0 380.0 2623.529541015625
308.0 380.0 2564.705810546875
312.0 380.0 2611.7646484375
316.0 380.0 2588.2353515625
320.0 380.0 2588.2353515625
324.0 380.0 2588.2353515625
328.0 380.0 2658.823486328125
332.0 380.0 2588.2353515625
336.0 380.0 2600.0
340.0 380.0 2670.588134765625
344.0 380.0 2670.588134765625
348.0 380.0 2600.0
352.0 380.0 2670.588134765625
356.0 380.0 2588.2353515625
360.0 380.0 2564.705810546875
364.0 380.0 2529.411865234375
368.0 380.0 2588.2353515625
372.0 380.0 2552.941162109375
376.0 380.0 2552.941162109375
380.0 380.0 2494.11767578125
384.0 380.0 2505.88232421875
388.0 380.0 2423.529541015625
392.0 380.0 2364.705810546875
396.0 380.0 2470.58837890625
400.0 380.0 2447.058837890625
404.0 380.0 2470.58837890625
408.0 380.0 2423.529541015625
412.0 380.0 2411.7646484375
416.0 380.0 2470.58837890625
420.0 380.0 2400.0
424.0 380.0 2447.058837890625
428.0 380.0 2352.941162109375
432.0 380.0 2470.58837890625
436.0 380.0 2352.941162109375
440.0 380.0 2305.88232421875
444.0 380.0 2352.941162109375
448.0 380.0 2329.411865234375
452.0 380.0 2329.411865234375
456.0 380.0 2364.705810546875
460.0 380.0 2411.7646484375
464.0 380.0 2364.705810546875
468.0 380.0 2317.647216796875
472.0 380.0 2258.823486328125
476.0 380.0 2329.411865234375
480.0 380.0 2270.58837890625
484.0 380.0 2341.176513671875
488.0 380.0 2317.647216796875
492.0 380.0 2235.294189453125
496.0 380.0 2258.823486328125
500.0 380.0 2247.058837890625
504.0 380.0 2258.823486328125
508.0 380.0 2282.35302734375
512.0 380.0 2176.470703125
516.0 380.0 2176.470703125
520.0 380.0 2035.294189453125
524.0 380.0 1905.8824462890625
528.0 380.0 1752.9412841796875
532.0 380.0 1564.7059326171875
536.0 380.0 1564.7059326171875
540.0 380.0 1329.4117431640625
544.0 380.0 1023.5294189453125
548.0 380.0 752.9412231445312
552.0 380.0 741.1764526367188
556.0 380.0 705.8823852539062
560.0 380.0 823.5294799804688
564.0 380.0 752.9412231445312
568.0 380.0 752.9412231445312
572.0 380.0 694.11767578125
576.0 380.0 752.9412231445312
580.0 380.0 752.9412231445312
584.0 380.0 670.5882568359375
588.0 380.0 670.5882568359375
592.0 380.0 741.1764526367188
596.0 380.0 752.9412231445312
600.0 380.0 752.9412231445312
604.0 380.0 682.3529663085938
608.0 380.0 623.5294189453125
612.0 380.0 611.7647094726562
616.0 380.0 647.058837890625
620.0 380.0 776.4706420898438
624.0 380.0 694.11767578125
628.0 380.0 729.4117431640625
632.0 380.0 670.5882568359375
636.0 380.0 752.9412231445312
0.0 384.0 2870.588134765625
4.0 384.0 2847.058837890625
8.0 384.0 2823.529541015625
12.0 384.0 2917.64697265625
16.0 384.0 2917.64697265625
20.0 384.0 2858.823486328125
24.0 384.0 2929.411865234375
28.0 384.0 2823.529541015625
32.0 384.0 2847.058837890625
36.0 384.0 2894.11767578125
40.0 384.0 2835.294189453125
44.0 384.0 2835.294189453125
48.0 384.0 2823.529541015625
52.0 384.0 2847.058837890625
56.0 384.0 2788.2353515625
60.0 384.0 2764.705810546875
64.0 384.0 2788.2353515625
68.0 384.0 2764.705810546875
72.0 384.0 2752.941162109375
76.0 384.0 2729.411865234375
80.0 384.0 2647.058837890625
84.0 384.0 2647.058837890625
88.0 384.0 2647.058837890625
92.0 384.0 2623.529541015625
96.0 384.0 2670.588134765625
100.0 384.0 2658.823486328125
104.0 384.0 2658.823486328125
108.0 384.0 2670.588134765625
112.0 384.0 2647.058837890625
116.0 384.0 2529.411865234375
120.0 384.0 2600.0
124.0 384.0 2588.2353515625
128.0 384.0 2588.2353515625
132.0 384.0 2576.470703125
136.0 384.0 2588.2353515625
140.0 384.0 2494.11767578125
144.0 384.0 2564.705810546875
148.0 384.0 2576.470703125
152.0 384.0 2600.0
156.0 384.0 2505.88232421875
160.0 384.0 2576.470703125
164.0 384.0 2564.705810546875
168.0 384.0 2600.0
172.0 384.0 2600.0
176.0 384.0 2564.705810546875
180.0 384.0 2588.2353515625
184.0 384.0 2600.0
188.0 384.0 2623.529541015625
192.0 384.0 2576.470703125
196.0 384.0 2564.705810546875
200.0 384.0 2564.705810546875
204.0 384.0 2564.705810546875
208.0 384.0 2588.2353515625
212.0 384.0 2670.588134765625
216.0 384.0 2588.2353515625
220.0 384.0 2576.470703125
224.0 384.0 2576.470703125
228.0 384.0 2588.2353515625
232.0 384.0 2623.529541015625
236.0 384.0 2611.7646484375
240.0 384.0 2564.705810546875
244.0 384.0 2588.2353515625
248.0 384.0 2658.823486328125
252.0 384.0 2564.705810546875
256.0 384.0 2576.470703125
260.0 384.0 2517.64697265625
264.0 384.0 2564.705810546875
268.0 384.0 2588.2353515625
272.0 384.0 2552.941162109375
276.0 384.0 2611.7646484375
280.0 384.0 2588.2353515625
284.0 384.0 2576.470703125
288.0 384.0 2670.588134765625
292.0 384.0 2576.470703125
296.0 384.0 2588.2353515625
300.0 384.0 2576.470703125
304.0 384.0 2623.529541015625
308.0 384.0 2564.705810546875
312.0 384.0 2670.588134765625
316.0 384.0 2600.0
320.0 384.0 2623.529541015625
324.0 384.0 2588.2353515625
328.0 384.0 2647.058837890625
332.0 384.0 2623.529541015625
336.0 384.0 2611.7646484375
340.0 384.0 2529.411865234375
344.0 384.0 2670.588134765625
348.0 384.0 2611.7646484375
352.0 384.0 2658.823486328125
356.0 384.0 2588.2353515625
360.0 384.0 2600.0
364.0 384.0 2576.470703125
368.0 384.0 2564.705810546875
372.0 384.0 2564.705810546875
376.0 384.0 2482.35302734375
380.0 384.0 2482.35302734375
384.0 384.0 2494.11767578125
388.0 384.0 2423.529541015625
392.0 384.0 2505.88232421875
396.0 384.0 2435.294189453125
400.0 384.0 2423.529541015625
404.0 384.0 2423.529541015625
408.0 384.0 2423.529541015625
412.0 384.0 2423.529541015625
416.0 384.0 2423.529541015625
420.0 384.0 2400.0
424.0 384.0 2364.705810546875
428.0 384.0 2388.2353515625
432.0 384.0 2364.705810546875
436.0 384.0 2364.705810546875
440.0 384.0 2352.941162109375
444.0 384.0 2341.176513671875
448.0 384.0 2411.7646484375
452.0 384.0 2400.0
456.0 384.0 2341.176513671875
460.0 384.0 2423.529541015625
464.0 384.0 2329.411865234375
468.0 384.0 2329.411865234375
472.0 384.0 2329.411865234375
476.0 384.0 2305.88232421875
480.0 384.0 2341.176513671875
484.0 384.0 2388.2353515625
488.0 384.0 2282.35302734375
492.0 384.0 2258.823486328125
496.0 384.0 2282.35302734375
500.0 384.0 2258.823486328125
504.0 384.0 2329.411865234375
508.0 384.0 2270.58837890625
512.0 384.0 2305.88232421875
516.0 384.0 2176.470703125
520.0 384.0 2117.647216796875
524.0 384.0 2023.5294189453125
528.0 384.0 1847.058837890625
532.0 384.0 1670.5882568359375
536.0 384.0 1494.11767578125
540.0 384.0 1388.2353515625
544.0 384.0 1117.6470947265625
548.0 384.0 858.8235473632812
552.0 384.0 729.4117431640625
556.0 384.0 764.7059326171875
560.0 384.0 847.058837890625
564.0 384.0 729.4117431640625
568.0 384.0 752.9412231445312
572.0 384.0 811.7647705078125
576.0 384.0 729.4117431640625
580.0 384.0 729.4117431640625
584.0 384.0 752.9412231445312
588.0 384.0 729.4117431640625
592.0 384.0 729.4117431640625
596.0 384.0 741.1764526367188
600.0 384.0 694.11767578125
604.0 384.0 694.11767578125
608.0 384.0 694.11767578125
612.0 384.0 705.8823852539062
616.0 384.0 729.4117431640625
620.0 384.0 788.2353515625
624.0 384.0 682.3529663085938
628.0 384.0 752.9412231445312
632.0 384.0 764.7059326171875
636.0 384.0 764.7059326171875
0.0 388.0 2823.529541015625
4.0 388.0 2847.058837890625
8.0 388.0 2905.88232421875
12.0 388.0 2870.588134765625
16.0 388.0 2858.823486328125
20.0 388.0 2847.058837890625
24.0 388.0 2835.294189453125
28.0 388.0 2905.88232421875
32.0 388.0 2894.11767578125
36.0 388.0 2776.470703125
40.0 388.0 2870.588134765625
44.0 388.0 2811.7646484375
48.0 388.0 2847.058837890625
52.0 388.0 2858.823486328125
56.0 388.0 2823.529541015625
60.0 388.0 2752.941162109375
64.0 388.0 2811.7646484375
68.0 388.0 2752.941162109375
72.0 388.0 2764.705810546875
76.0 388.0 2752.941162109375
80.0 388.0 2752.941162109375
84.0 388.0 2729.411865234375
88.0 388.0 2670.588134765625
92.0 388.0 2670.588134765625
96.0 388.0 2741.176513671875
100.0 388.0 2705.88232421875
104.0 388.0 2588.2353515625
108.0 388.0 2670.588134765625
112.0 388.0 2670.588134765625
116.0 388.0 2611.7646484375
120.0 388.0 2658.823486328125
124.0 388.0 2611.7646484375
128.0 388.0 2670.588134765625
132.0 388.0 2647.058837890625
136.0 388.0 2588.2353515625
140.0 388.0 2588.2353515625
144.0 388.0 2658.823486328125
148.0 388.0 2670.588134765625
152.0 388.0 2658.823486328125
156.0 388.0 2588.2353515625
160.0 388.0 2600.0
164.0 388.0 2647.058837890625
168.0 388.0 2576.470703125
172.0 388.0 2564.705810546875
176.0 388.0 2647.058837890625
180.0 388.0 2588.2353515625
184.0 388.0 2623.529541015625
188.0 388.0 2623.529541015625
192.0 388.0 2576.470703125
196.0 388.0 2658.823486328125
200.0 388.0 2600.0
204.0 388.0 2588.2353515625
208.0 388.0 2588.2353515625
212.0 388.0 2588.2353515625
216.0 388.0 2611.7646484375
220.0 388.0 2588.2353515625
224.0 388.0 2588.2353515625
228.0 388.0 2611.7646484375
232.0 388.0 2600.0
236.0 388.0 2600.0
240.0 388.0 2576.470703125
244.0 388.0 2623.529541015625
248.0 388.0 2564.705810546875
252.0 388.0 2588.2353515625
256.0 388.0 2564.705810546875
260.0 388.0 2494.11767578125
264.0 388.0 2588.2353515625
268.0 388.0 2647.058837890625
272.0 388.0 2588.2353515625
276.0 388.0 2623.529541015625
280.0 388.0 2576.470703125
284.0 388.0 2600.0
288.0 388.0 2588.2353515625
292.0 388.0 2600.0
296.0 388.0 2670.588134765625
300.0 388.0 2588.2353515625
304.0 388.0 2611.7646484375
308.0 388.0 2600.0
312.0 388.0 2564.705810546875
316.0 388.0 2611.7646484375
320.0 388.0 2647.058837890625
324.0 388.0 2623.529541015625
328.0 388.0 2600.0
332.0 388.0 2588.2353515625
336.0 388.0 2564.705810546875
340.0 388.0 2611.7646484375
344.0 388.0 2576.470703125
348.0 388.0 2588.2353515625
352.0 388.0 2552.941162109375
356.0 388.0 2611.7646484375
360.0 388.0 2600.0
364.0 388.0 2517.64697265625
368.0 388.0 2576.470703125
372.0 388.0 2588.2353515625
376.0 388.0 2494.11767578125
380.0 388.0 2435.294189453125
384.0 388.0 2482.35302734375
388.0 388.0 2517.64697265625
392.0 388.0 2435.294189453125
396.0 388.0 2447.058837890625
400.0 388.0 2423.529541015625
404.0 388.0 2423.529541015625
408.0 388.0 2494.11767578125
412.0 388.0 2435.294189453125
416.0 388.0 2435.294189453125
420.0 388.0 2388.2353515625
424.0 388.0 2435.294189453125
428.0 388.0 2400.0
432.0 388.0 2435.294189453125
436.0 388.0 2411.7646484375
440.0 388.0 2341.176513671875
444.0 388.0 2364.705810546875
448.0 388.0 2388.2353515625
452.0 388.0 2364.705810546875
456.0 388.0 2364.705810546875
460.0 388.0 2423.529541015625
464.0 388.0 2388.2353515625
468.0 388.0 2400.0
472.0 388.0 2329.411865234375
476.0 388.0 2282.35302734375
480.0 388.0 2364.705810546875
484.0 388.0 2364.705810546875
488.0 388.0 2341.176513671875
492.0 388.0 2270.58837890625
496.0 388.0 2258.823486328125
500.0 388.0 2247.058837890625
504.0 388.0 2317.647216796875
508.0 388.0 2270.58837890625
512.0 388.0 2176.470703125
516.0 388.0 2117.647216796875
520.0 388.0 2058.823486328125
524.0 388.0 2011.7647705078125
528.0 388.0 1894.11767578125
532.0 388.0 1741.176513671875
536.0 388.0 1576.470703125
540.0 388.0 1352.941162109375
544.0 388.0 1117.6470947265625
548.0 388.0 952.9412231445312
552.0 388.0 823.5294799804688
556.0 388.0 776.4706420898438
560.0 388.0 835.2941284179688
564.0 388.0 752.9412231445312
568.0 388.0 776.4706420898438
572.0 388.0 729.4117431640625
576.0 388.0 788.2353515625
580.0 388.0 729.4117431640625
584.0 388.0 788.2353515625
588.0 388.0 752.9412231445312
592.0 388.0 682.3529663085938
596.0 388.0 776.4706420898438
600.0 388.0 847.058837890625
604.0 388.0 752.9412231445312
608.0 388.0 752.9412231445312
612.0 388.0 729.4117431640625
616.0 388.0 682.3529663085938
620.0 388.0 788.2353515625
624.0 388.0 741.1764526367188
628.0 388.0 741.1764526367188
632.0 388.0 741.1764526367188
636.0 388.0 788.2353515625
0.0 392.0 2858.823486328125
4.0 392.0 2835.294189453125
8.0 392.0 2835.294189453125
12.0 392.0 2917.64697265625
16.0 392.0 2894.11767578125
20.0 392.0 2858.823486328125
24.0 392.0 2811.7646484375
28.0 392.0 2788.2353515625
32.0 392.0 2870.588134765625
36.0 392.0 2870.588134765625
40.0 392.0 2917.64697265625
44.0 392.0 2835.294189453125
48.0 392.0 2847.058837890625
52.0 392.0 2835.294189453125
56.0 392.0 2764.705810546875
60.0 392.0 2741.176513671875
64.0 392.0 2835.294189453125
68.0 392.0 2835.294189453125
72.0 392.0 2752.941162109375
76.0 392.0 2694.11767578125
80.0 392.0 2752.941162109375
84.0 392.0 2729.411865234375
88.0 392.0 2682.35302734375
92.0 392.0 2682.35302734375
96.0 392.0 2705.88232421875
100.0 392.0 2729.411865234375
104.0 392.0 2670.588134765625
108.0 392.0 2682.35302734375
112.0 392.0 2705.88232421875
116.0 392.0 2647.058837890625
120.0 392.0 2588.2353515625
124.0 392.0 2600.0
128.0 392.0 2623.529541015625
132.0 392.0 2670.588134765625
136.0 392.0 2611.7646484375
140.0 392.0 2588.2353515625
144.0 392.0 2658.823486328125
148.0 392.0 2588.2353515625
152.0 392.0 2670.588134765625
156.0 392.0 2564.705810546875
160.0 392.0 2611.7646484375
164.0 392.0 2588.2353515625
168.0 392.0 2588.2353515625
172.0 392.0 2611.7646484375
176.0 392.0 2611.7646484375
180.0 392.0 2588.2353515625
184.0 392.0 2588.2353515625
188.0 392.0 2658.823486328125
192.0 392.0 2588.2353515625
196.0 392.0 2611.7646484375
200.0 392.0 2588.2353515625
204.0 392.0 2564.705810546875
208.0 392.0 2588.2353515625
212.0 392.0 2588.2353515625
216.0 392.0 2588.2353515625
220.0 392.0 2588.2353515625
224.0 392.0 2600.0
228.0 392.0 2576.470703125
232.0 392.0 2564.705810546875
236.0 392.0 2670.588134765625
240.0 392.0 2588.2353515625
244.0 392.0 2623.529541015625
248.0 392.0 2600.0
252.0 392.0 2611.7646484375
256.0 392.0 2576.470703125
260.0 392.0 2564.705810546875
264.0 392.0 2564.705810546875
268.0 392.0 2647.058837890625
272.0 392.0 2588.2353515625
276.0 392.0 2647.058837890625
280.0 392.0 2588.2353515625
284.0 392.0 2611.7646484375
288.0 392.0 2588.2353515625
292.0 392.0 2529.411865234375
296.0 392.0 2670.588134765625
300.0 392.0 2588.2353515625
304.0 392.0 2600.0
308.0 392.0 2564.705810546875
312.0 392.0 2658.823486328125
316.0 392.0 2647.058837890625
320.0 392.0 2670.588134765625
324.0 392.0 2552.941162109375
328.0 392.0 2623.529541015625
332.0 392.0 2529.411865234375
336.0 392.0 2505.88232421875
340.0 392.0 2611.7646484375
344.0 392.0 2529.411865234375
348.0 392.0 2505.88232421875
352.0 392.0 2564.705810546875
356.0 392.0 2600.0
360.0 392.0 2505.88232421875
364.0 392.0 2505.88232421875
368.0 392.0 2529.411865234375
372.0 392.0 2482.35302734375
376.0 392.0 2505.88232421875
380.0 392.0 2423.529541015625
384.0 392.0 2447.058837890625
388.0 392.0 2470.58837890625
392.0 392.0 2423.529541015625
396.0 392.0 2423.529541015625
400.0 392.0 2411.7646484375
404.0 392.0 2329.411865234375
408.0 392.0 2435.294189453125
412.0 392.0 2423.529541015625
416.0 392.0 2400.0
420.0 392.0 2352.941162109375
424.0 392.0 2482.35302734375
428.0 392.0 2341.176513671875
432.0 392.0 2411.7646484375
436.0 392.0 2341.176513671875
440.0 392.0 2388.2353515625
444.0 392.0 2364.705810546875
448.0 392.0 2329.411865234375
452.0 392.0 2352.941162109375
456.0 392.0 2329.411865234375
460.0 392.0 2317.647216796875
464.0 392.0 2411.7646484375
468.0 392.0 2341.176513671875
472.0 392.0 2329.411865234375
476.0 392.0 2270.58837890625
480.0 392.0 2317.647216796875
484.0 392.0 2317.647216796875
488.0 392.0 2258.823486328125
492.0 392.0 2329.411865234375
496.0 392.0 2305.88232421875
500.0 392.0 2235.294189453125
504.0 392.0 2329.411865234375
508.0 392.0 2305.88232421875
512.0 392.0 2223.529541015625
516.0 392.0 2223.529541015625
520.0 392.0 2105.88232421875
524.0 392.0 2082.35302734375
528.0 392.0 2000.0
532.0 392.0 1835.294189453125
536.0 392.0 1588.2353515625
540.0 392.0 1411.7647705078125
544.0 392.0 1223.5294189453125
548.0 392.0 917.6470947265625
552.0 392.0 823.5294799804688
556.0 392.0 788.2353515625
560.0 392.0 835.2941284179688
564.0 392.0 823.5294799804688
568.0 392.0 835.2941284179688
572.0 392.0 811.7647705078125
576.0 392.0 764.7059326171875
580.0 392.0 835.2941284179688
584.0 392.0 776.4706420898438
588.0 392.0 752.9412231445312
592.0 392.0 729.4117431640625
596.0 392.0 788.2353515625
600.0 392.0 788.2353515625
604.0 392.0 729.4117431640625
608.0 392.0 670.5882568359375
612.0 392.0 682.3529663085938
616.0 392.0 764.7059326171875
620.0 392.0 835.2941284179688
624.0 392.0 741.1764526367188
628.0 392.0 752.9412231445312
632.0 392.0 823.5294799804688
636.0 392.0 835.2941284179688
0.0 396.0 2858.823486328125
4.0 396.0 2870.588134765625
8.0 396.0 2941.176513671875
12.0 396.0 2894.11767578125
16.0 396.0 2835.294189453125
20.0 396.0 2870.588134765625
24.0 396.0 2835.294189453125
28.0 396.0 2858.823486328125
32.0 396.0 2858.823486328125
36.0 396.0 2823.529541015625
40.0 396.0 2835.294189453125
44.0 396.0 2823.529541015625
48.0 396.0 2823.529541015625
52.0 396.0 2764.705810546875
56.0 396.0 2764.705810546875
60.0 396.0 2811.7646484375
64.0 396.0 2823.529541015625
68.0 396.0 2752.941162109375
72.0 396.0 2776.470703125
76.0 396.0 2670.588134765625
80.0 396.0 2705.88232421875
84.0 396.0 2752.941162109375
88.0 396.0 2705.88232421875
92.0 396.0 2705.88232421875
96.0 396.0 2658.823486328125
100.0 396.0 2670.588134765625
104.0 396.0 2588.2353515625
108.0 396.0 2658.823486328125
112.0 396.0 2658.823486328125
116.0 396.0 2600.0
120.0 396.0 2658.823486328125
124.0 396.0 2623.529541015625
128.0 396.0 2623.529541015625
132.0 396.0 2600.0
136.0 396.0 2611.7646484375
140.0 396.0 2611.7646484375
144.0 396.0 2611.7646484375
148.0 396.0 2647.058837890625
152.0 396.0 2647.058837890625
156.0 396.0 2529.411865234375
160.0 396.0 2588.2353515625
164.0 396.0 2647.058837890625
168.0 396.0 2623.529541015625
172.0 396.0 2588.2353515625
176.0 396.0 2600.0
180.0 396.0 2658.823486328125
184.0 396.0 2588.2353515625
188.0 396.0 2611.7646484375
192.0 396.0 2576.470703125
196.0 396.0 2658.823486328125
200.0 396.0 2576.470703125
204.0 396.0 2647.058837890625
208.0 396.0 2611.7646484375
212.0 396.0 2623.529541015625
216.0 396.0 2564.705810546875
220.0 396.0 2564.705810546875
224.0 396.0 2552.941162109375
228.0 396.0 2576.470703125
232.0 396.0 2623.529541015625
236.0 396.0 2623.529541015625
240.0 396.0 2552.941162109375
244.0 396.0 2611.7646484375
248.0 396.0 2588.2353515625
252.0 396.0 2588.2353515625
256.0 396.0 2529.411865234375
260.0 396.0 2576.470703125
264.0 396.0 2611.7646484375
268.0 396.0 2658.823486328125
272.0 396.0 2588.2353515625
276.0 396.0 2588.2353515625
280.0 396.0 2564.705810546875
284.0 396.0 2576.470703125
288.0 396.0 2576.470703125
292.0 396.0 2611.7646484375
296.0 396.0 2600.0
300.0 396.0 2611.7646484375
304.0 396.0 2505.88232421875
308.0 396.0 2576.470703125
312.0 396.0 2670.588134765625
316.0 396.0 2623.529541015625
320.0 396.0 2588.2353515625
324.0 396.0 2600.0
328.0 396.0 2600.0
332.0 396.0 2623.529541015625
336.0 396.0 2552.941162109375
340.0 396.0 2564.705810546875
344.0 396.0 2517.64697265625
348.0 396.0 2494.11767578125
352.0 396.0 2505.88232421875
356.0 396.0 2505.88232421875
360.0 396.0 2470.58837890625
364.0 396.0 2494.11767578125
368.0 396.0 2552.941162109375
372.0 396.0 2505.88232421875
376.0 396.0 2482.35302734375
380.0 396.0 2435.294189453125
384.0 396.0 2411.7646484375
388.0 396.0 2447.058837890625
392.0 396.0 2423.529541015625
396.0 396.0 2505.88232421875
400.0 396.0 2435.294189453125
404.0 396.0 2411.7646484375
408.0 396.0 2411.7646484375
412.0 396.0 2400.0
416.0 396.0 2423.529541015625
420.0 396.0 2400.0
424.0 396.0 2388.2353515625
428.0 396.0 2400.0
432.0 396.0 2400.0
436.0 396.0 2400.0
440.0 396.0 2364.705810546875
444.0 396.0 2341.176513671875
448.0 396.0 2411.7646484375
452.0 396.0 2364.705810546875
456.0 396.0 2388.2353515625
460.0 396.0 2364.705810546875
464.0 396.0 2435.294189453125
468.0 396.0 2364.705810546875
472.0 396.0 2329.411865234375
476.0 396.0 2435.294189453125
480.0 396.0 2341.176513671875
484.0 396.0 2364.705810546875
488.0 396.0 2282.35302734375
492.0 396.0 2329.411865234375
496.0 396.0 2317.647216796875
500.0 396.0 2258.823486328125
504.0 396.0 2388.2353515625
508.0 396.0 2258.823486328125
512.0 396.0 2352.941162109375
516.0 396.0 2223.529541015625
520.0 396.0 2176.470703125
524.0 396.0 2164.705810546875
528.0 396.0 1952.9412841796875
532.0 396.0 1894.11767578125
536.0 396.0 1611.7647705078125
540.0 396.0 1411.7647705078125
544.0 396.0 1235.294189453125
548.0 396.0 976.4706420898438
552.0 396.0 858.8235473632812
556.0 396.0 835.2941284179688
560.0 396.0 917.6470947265625
564.0 396.0 811.7647705078125
568.0 396.0 870.5882568359375
572.0 396.0 764.7059326171875
576.0 396.0 811.7647705078125
580.0 396.0 858.8235473632812
584.0 396.0 752.9412231445312
588.0 396.0 811.7647705078125
592.0 396.0 811.7647705078125
596.0 396.0 764.7059326171875
600.0 396.0 752.9412231445312
604.0 396.0 729.4117431640625
608.0 396.0 741.1764526367188
612.0 396.0 752.9412231445312
616.0 396.0 776.4706420898438
620.0 396.0 835.2941284179688
624.0 396.0 776.4706420898438
628.0 396.0 835.2941284179688
632.0 396.0 752.9412231445312
636.0 396.0 835.2941284179688
0.0 400.0 2835.294189453125
4.0 400.0 2858.823486328125
8.0 400.0 2858.823486328125
12.0 400.0 2917.64697265625
16.0 400.0 2847.058837890625
20.0 400.0 2870.588134765625
24.0 400.0 2847.058837890625
28.0 400.0 2894.11767578125
32.0 400.0 2894.11767578125
36.0 400.0 2811.7646484375
40.0 400.0 2870.588134765625
44.0 400.0 2847.058837890625
48.0 400.0 2788.2353515625
52.0 400.0 2858.823486328125
56.0 400.0 2811.7646484375
60.0 400.0 2752.941162109375
64.0 400.0 2894.11767578125
68.0 400.0 2764.705810546875
72.0 400.0 2764.705810546875
76.0 400.0 2752.941162109375
80.0 400.0 2729.411865234375
84.0 400.0 2682.35302734375
88.0 400.0 2752.941162109375
92.0 400.0 2764.705810546875
96.0 400.0 2705.88232421875
100.0 400.0 2694.11767578125
104.0 400.0 2705.88232421875
108.0 400.0 2705.88232421875
112.0 400.0 2647.058837890625
116.0 400.0 2670.588134765625
120.0 400.0 2600.0
124.0 400.0 2694.11767578125
128.0 400.0 2682.35302734375
132.0 400.0 2670.588134765625
136.0 400.0 2694.11767578125
140.0 400.0 2623.529541015625
144.0 400.0 2682.35302734375
148.0 400.0 2647.058837890625
152.0 400.0 2670.588134765625
156.0 400.0 2588.2353515625
160.0 400.0 2658.823486328125
164.0 400.0 2600.0
168.0 400.0 2682.35302734375
172.0 400.0 2588.2353515625
176.0 400.0 2611.7646484375
180.0 400.0 2647.058837890625
184.0 400.0 2623.529541015625
188.0 400.0 2670.588134765625
192.0 400.0 2588.2353515625
196.0 400.0 2658.823486328125
200.0 400.0 2611.7646484375
204.0 400.0 2647.058837890625
208.0 400.0 2623.529541015625
212.0 400.0 2658.823486328125
216.0 400.0 2588.2353515625
220.0 400.0 2588.2353515625
224.0 400.0 2529.411865234375
228.0 400.0 2552.941162109375
232.0 400.0 2588.2353515625
236.0 400.0 2588.2353515625
240.0 400.0 2611.7646484375
244.0 400.0 2588.2353515625
248.0 400.0 2588.2353515625
252.0 400.0 2600.0
256.0 400.0 2552.941162109375
260.0 400.0 2600.0
264.0 400.0 2529.411865234375
268.0 400.0 2588.2353515625
272.0 400.0 2588.2353515625
276.0 400.0 2611.7646484375
280.0 400.0 2564.705810546875
284.0 400.0 2647.058837890625
288.0 400.0 2588.2353515625
292.0 400.0 2552.941162109375
296.0 400.0 2576.470703125
300.0 400.0 2588.2353515625
304.0 400.0 2588.2353515625
308.0 400.0 2529.411865234375
312.0 400.0 2647.058837890625
316.0 400.0 2670.588134765625
320.0 400.0 2564.705810546875
324.0 400.0 2588.2353515625
328.0 400.0 2623.529541015625
332.0 400.0 2494.11767578125
336.0 400.0 2505.88232421875
340.0 400.0 2517.64697265625
344.0 400.0 2529.411865234375
348.0 400.0 2494.11767578125
352.0 400.0 2482.35302734375
356.0 400.0 2435.294189453125
360.0 400.0 2447.058837890625
364.0 400.0 2447.058837890625
368.0 400.0 2447.058837890625
372.0 400.0 2505.88232421875
376.0 400.0 2470.58837890625
380.0 400.0 2447.058837890625
384.0 400.0 2400.0
388.0 400.0 2435.294189453125
392.0 400.0 2470.58837890625
396.0 400.0 2470.58837890625
400.0 400.0 2470.58837890625
404.0 400.0 2388.2353515625
408.0 400.0 2400.0
412.0 400.0 2423.529541015625
416.0 400.0 2423.529541015625
420.0 400.0 2423.529541015625
424.0 400.0 2435.294189453125
428.0 400.0 2400.0
432.0 400.0 2400.0
436.0 400.0 2423.529541015625
440.0 400.0 2352.941162109375
444.0 400.0 2352.941162109375
448.0 400.0 2400.0
452.0 400.0 2423.529541015625
456.0 400.0 2423.529541015625
460.0 400.0 2400.0
464.0 400.0 2411.7646484375
468.0 400.0 2388.2353515625
472.0 400.0 2423.529541015625
476.0 400.0 2329.411865234375
480.0 400.0 2411.7646484375
484.0 400.0 2364.705810546875
488.0 400.0 2352.941162109375
492.0 400.0 2329.411865234375
496.0 400.0 2305.88232421875
500.0 400.0 2305.88232421875
504.0 400.0 2411.7646484375
508.0 400.0 2341.176513671875
512.0 400.0 2258.823486328125
516.0 400.0 2329.411865234375
520.0 400.0 2223.529541015625
524.0 400.0 2070.58837890625
528.0 400.0 1976.470703125
532.0 400.0 1835.294189453125
536.0 400.0 1647.0589599609375
540.0 400.0 1435.2940673828125
544.0 400.0 1270.5882568359375
548.0 400.0 1082.3529052734375
552.0 400.0 811.7647705078125
556.0 400.0 847.058837890625
560.0 400.0 870.5882568359375
564.0 400.0 752.9412231445312
568.0 400.0 811.7647705078125
572.0 400.0 788.2353515625
576.0 400.0 788.2353515625
580.0 400.0 847.058837890625
584.0 400.0 811.7647705078125
588.0 400.0 835.2941284179688
592.0 400.0 752.9412231445312
596.0 400.0 788.2353515625
600.0 400.0 752.9412231445312
604.0 400.0 811.7647705078125
608.0 400.0 764.7059326171875
612.0 400.0 752.9412231445312
616.0 400.0 823.5294799804688
620.0 400.0 858.8235473632812
624.0 400.0 894.11767578125
628.0 400.0 858.8235473632812
632.0 400.0 811.7647705078125
636.0 400.0 835.2941284179688
0.0 404.0 2917.64697265625
4.0 404.0 2823.529541015625
8.0 404.0 2858.823486328125
12.0 404.0 2870.588134765625
16.0 404.0 2776.470703125
20.0 404.0 2847.058837890625
24.0 404.0 2952.941162109375
28.0 404.0 2835.294189453125
32.0 404.0 2847.058837890625
36.0 404.0 2788.2353515625
40.0 404.0 2847.058837890625
44.0 404.0 2847.058837890625
48.0 404.0 2835.294189453125
52.0 404.0 2858.823486328125
56.0 404.0 2870.588134765625
60.0 404.0 2752.941162109375
64.0 404.0 2835.294189453125
68.0 404.0 2764.705810546875
72.0 404.0 2776.470703125
76.0 404.0 2752.941162109375
80.0 404.0 2811.7646484375
84.0 404.0 2694.11767578125
88.0 404.0 2764.705810546875
92.0 404.0 2741.176513671875
96.0 404.0 2729.411865234375
100.0 404.0 2729.411865234375
104.0 404.0 2729.411865234375
108.0 404.0 2741.176513671875
112.0 404.0 2682.35302734375
116.0 404.0 2647.058837890625
120.0 404.0 2658.823486328125
124.0 404.0 2741.176513671875
128.0 404.0 2705.88232421875
132.0 404.0 2600.0
136.0 404.0 2670.588134765625
140.0 404.0 2729.411865234375
144.0 404.0 2670.588134765625
148.0 404.0 2623.529541015625
152.0 404.0 2694.11767578125
156.0 404.0 2682.35302734375
160.0 404.0 2682.35302734375
164.0 404.0 2670.588134765625
168.0 404.0 2647.058837890625
172.0 404.0 2611.7646484375
176.0 404.0 2658.823486328125
180.0 404.0 2670.588134765625
184.0 404.0 2670.588134765625
188.0 404.0 2741.176513671875
192.0 404.0 2600.0
196.0 404.0 2752.941162109375
200.0 404.0 2647.058837890625
204.0 404.0 2647.058837890625
208.0 404.0 2600.0
212.0 404.0 2647.058837890625
216.0 404.0 2576.470703125
220.0 404.0 2576.470703125
224.0 404.0 2588.2353515625
228.0 404.0 2600.0
232.0 404.0 2588.2353515625
236.0 404.0 2588.2353515625
240.0 404.0 2588.2353515625
244.0 404.0 2576.470703125
248.0 404.0 2658.823486328125
252.0 404.0 2670.588134765625
256.0 404.0 2588.2353515625
260.0 404.0 2600.0
264.0 404.0 2647.058837890625
268.0 404.0 2670.588134765625
272.0 404.0 2588.2353515625
276.0 404.0 2658.823486328125
280.0 404.0 2564.705810546875
284.0 404.0 2576.470703125
288.0 404.0 2588.2353515625
292.0 404.0 2576.470703125
296.0 404.0 2623.529541015625
300.0 404.0 2600.0
304.0 404.0 2588.2353515625
308.0 404.0 2564.705810546875
312.0 404.0 2588.2353515625
316.0 404.0 2470.58837890625
320.0 404.0 2505.88232421875
324.0 404.0 2470.58837890625
328.0 404.0 2482.35302734375
332.0 404.0 2494.11767578125
336.0 404.0 2529.411865234375
340.0 404.0 2505.88232421875
344.0 404.0 2564.705810546875
348.0 404.0 2517.64697265625
352.0 404.0 2505.88232421875
356.0 404.0 2447.058837890625
360.0 404.0 2423.529541015625
364.0 404.0 2423.529541015625
368.0 404.0 2470.58837890625
372.0 404.0 2423.529541015625
376.0 404.0 2435.294189453125
380.0 404.0 2470.58837890625
384.0 404.0 2423.529541015625
388.0 404.0 2423.529541015625
392.0 404.0 2423.529541015625
396.0 404.0 2482.35302734375
400.0 404.0 2423.529541015625
404.0 404.0 2352.941162109375
408.0 404.0 2447.058837890625
412.0 404.0 2435.294189453125
416.0 404.0 2447.058837890625
420.0 404.0 2411.7646484375
424.0 404.0 2329.411865234375
428.0 404.0 2435.294189453125
432.0 404.0 2388.2353515625
436.0 404.0 2352.941162109375
440.0 404.0 2329.411865234375
444.0 404.0 2329.411865234375
448.0 404.0 2400.0
452.0 404.0 2364.705810546875
456.0 404.0 2400.0
460.0 404.0 2329.411865234375
464.0 404.0 2411.7646484375
468.0 404.0 2352.941162109375
472.0 404.0 2364.705810546875
476.0 404.0 2352.941162109375
480.0 404.0 2423.529541015625
484.0 404.0 2423.529541015625
488.0 404.0 2352.941162109375
492.0 404.0 2329.411865234375
496.0 404.0 2364.705810546875
500.0 404.0 2258.823486328125
504.0 404.0 2364.705810546875
508.0 404.0 2329.411865234375
512.0 404.0 2317.647216796875
516.0 404.0 2305.88232421875
520.0 404.0 2270.58837890625
524.0 404.0 2141.176513671875
528.0 404.0 2058.823486328125
532.0 404.0 1917.6470947265625
536.0 404.0 1670.5882568359375
540.0 404.0 1494.11767578125
544.0 404.0 1305.88232421875
548.0 404.0 1000.0
552.0 404.0 905.8823852539062
556.0 404.0 752.9412231445312
560.0 404.0 905.8823852539062
564.0 404.0 788.2353515625
568.0 404.0 858.8235473632812
572.0 404.0 835.2941284179688
576.0 404.0 858.8235473632812
580.0 404.0 941.176513671875
584.0 404.0 788.2353515625
588.0 404.0 764.7059326171875
592.0 404.0 788.2353515625
596.0 404.0 835.2941284179688
600.0 404.0 847.058837890625
604.0 404.0 835.2941284179688
608.0 404.0 823.5294799804688
612.0 404.0 811.7647705078125
616.0 404.0 835.2941284179688
620.0 404.0 858.8235473632812
624.0 404.0 776.4706420898438
628.0 404.0 835.2941284179688
632.0 404.0 835.2941284179688
636.0 404.0 858.8235473632812
0.0 408.0 2835.294189453125
4.0 408.0 2847.058837890625
8.0 408.0 2894.11767578125
12.0 408.0 2835.294189453125
16.0 408.0 2835.294189453125
20.0 408.0 2858.823486328125
24.0 408.0 2858.823486328125
28.0 408.0 2858.823486328125
32.0 408.0 2917.64697265625
36.0 408.0 2858.823486328125
40.0 408.0 2835.294189453125
44.0 408.0 2847.058837890625
48.0 408.0 2847.058837890625
52.0 408.0 2823.529541015625
56.0 408.0 2847.058837890625
60.0 408.0 2788.2353515625
64.0 408.0 2788.2353515625
68.0 408.0 2835.294189453125
72.0 408.0 2729.411865234375
76.0 408.0 2835.294189453125
80.0 408.0 2752.941162109375
84.0 408.0 2729.411865234375
88.0 408.0 2752.941162109375
92.0 408.0 2752.941162109375
96.0 408.0 2776.470703125
100.0 408.0 2752.941162109375
104.0 408.0 2682.35302734375
108.0 408.0 2729.411865234375
112.0 408.0 2682.35302734375
116.0 408.0 2694.11767578125
120.0 408.0 2623.529541015625
124.0 408.0 2752.941162109375
128.0 408.0 2670.588134765625
132.0 408.0 2682.35302734375
136.0 408.0 2670.588134765625
140.0 408.0 2670.588134765625
144.0 408.0 2600.0
148.0 408.0 2682.35302734375
152.0 408.0 2670.588134765625
156.0 408.0 2658.823486328125
160.0 408.0 2670.588134765625
164.0 408.0 2658.823486328125
168.0 408.0 2705.88232421875
172.0 408.0 2611.7646484375
176.0 408.0 2729.411865234375
180.0 408.0 2670.588134765625
184.0 408.0 2670.588134765625
188.0 408.0 2682.35302734375
192.0 408.0 2600.0
196.0 408.0 2694.11767578125
200.0 408.0 2670.588134765625
204.0 408.0 2647.058837890625
208.0 408.0 2658.823486328125
212.0 408.0 2694.11767578125
216.0 408.0 2600.0
220.0 408.0 2623.529541015625
224.0 408.0 2658.823486328125
228.0 408.0 2658.823486328125
232.0 408.0 2611.7646484375
236.0 408.0 2670.588134765625
240.0 408.0 2588.2353515625
244.0 408.0 2588.2353515625
248.0 408.0 2588.2353515625
252.0 408.0 2588.2353515625
256.0 408.0 2588.2353515625
260.0 408.0 2600.0
264.0 408.0 2588.2353515625
268.0 408.0 2647.058837890625
272.0 408.0 2576.470703125
276.0 408.0 2647.058837890625
280.0 408.0 2564.705810546875
284.0 408.0 2670.588134765625
288.0 408.0 2588.2353515625
292.0 408.0 2670.588134765625
296.0 408.0 2600.0
300.0 408.0 2611.7646484375
304.0 408.0 2611.7646484375
308.0 408.0 2588.2353515625
312.0 408.0 2588.2353515625
316.0 408.0 2494.11767578125
320.0 408.0 2564.705810546875
324.0 408.0 2505.88232421875
328.0 408.0 2576.470703125
332.0 408.0 2470.58837890625
336.0 408.0 2517.64697265625
340.0 408.0 2470.58837890625
344.0 408.0 2505.88232421875
348.0 408.0 2494.11767578125
352.0 408.0 2435.294189453125
356.0 408.0 2423.529541015625
360.0 408.0 2423.529541015625
364.0 408.0 2435.294189453125
368.0 408.0 2482.35302734375
372.0 408.0 2329.411865234375
376.0 408.0 2505.88232421875
380.0 408.0 2364.705810546875
384.0 408.0 2423.529541015625
388.0 408.0 2411.7646484375
392.0 408.0 2423.529541015625
396.0 408.0 2435.294189453125
400.0 408.0 2447.058837890625
404.0 408.0 2364.705810546875
408.0 408.0 2423.529541015625
412.0 408.0 2423.529541015625
416.0 408.0 2388.2353515625
420.0 408.0 2411.7646484375
424.0 408.0 2423.529541015625
428.0 408.0 2411.7646484375
432.0 408.0 2341.176513671875
436.0 408.0 2411.7646484375
440.0 408.0 2411.7646484375
444.0 408.0 2505.88232421875
448.0 408.0 2435.294189453125
452.0 408.0 2352.941162109375
456.0 408.0 2341.176513671875
460.0 408.0 2400.0
464.0 408.0 2352.941162109375
468.0 408.0 2411.7646484375
472.0 408.0 2447.058837890625
476.0 408.0 2400.0
480.0 408.0 2329.411865234375
484.0 408.0 2423.529541015625
488.0 408.0 2341.176513671875
492.0 408.0 2317.647216796875
496.0 408.0 2352.941162109375
500.0 408.0 2329.411865234375
504.0 408.0 2282.35302734375
508.0 408.0 2305.88232421875
512.0 408.0 2258.823486328125
516.0 408.0 2305.88232421875
520.0 408.0 2247.058837890625
524.0 408.0 2188.2353515625
528.0 408.0 2070.58837890625
532.0 408.0 1941.176513671875
536.0 408.0 1752.9412841796875
540.0 408.0 1623.529541015625
544.0 408.0 1329.4117431640625
548.0 408.0 1164.7059326171875
552.0 408.0 929.4118041992188
556.0 408.0 858.8235473632812
560.0 408.0 858.8235473632812
564.0 408.0 917.6470947265625
568.0 408.0 870.5882568359375
572.0 408.0 823.5294799804688
576.0 408.0 776.4706420898438
580.0 408.0 929.4118041992188
584.0 408.0 788.2353515625
588.0 408.0 835.2941284179688
592.0 408.0 894.11767578125
596.0 408.0 835.2941284179688
600.0 408.0 835.2941284179688
604.0 408.0 835.2941284179688
608.0 408.0 847.058837890625
612.0 408.0 823.5294799804688
616.0 408.0 835.2941284179688
620.0 408.0 858.8235473632812
624.0 408.0 811.7647705078125
628.0 408.0 858.8235473632812
632.0 408.0 823.5294799804688
636.0 408.0 870.5882568359375
0.0 412.0 2858.823486328125
4.0 412.0 2811.7646484375
8.0 412.0 2894.11767578125
12.0 412.0 2858.823486328125
16.0 412.0 2894.11767578125
20.0 412.0 2847.058837890625
24.0 412.0 2858.823486328125
28.0 412.0 2835.294189453125
32.0 412.0 2835.294189453125
36.0 412.0 2788.2353515625
40.0 412.0 2894.11767578125
44.0 412.0 2858.823486328125
48.0 412.0 2835.294189453125
52.0 412.0 2788.2353515625
56.0 412.0 2835.294189453125
60.0 412.0 2752.941162109375
64.0 412.0 2835.294189453125
68.0 412.0 2823.529541015625
72.0 412.0 2764.705810546875
76.0 412.0 2764.705810546875
80.0 412.0 2835.294189453125
84.0 412.0 2776.470703125
88.0 412.0 2682.35302734375
92.0 412.0 2752.941162109375
96.0 412.0 2764.705810546875
100.0 412.0 2752.941162109375
104.0 412.0 2729.411865234375
108.0 412.0 2741.176513671875
112.0 412.0 2623.529541015625
116.0 412.0 2729.411865234375
120.0 412.0 2623.529541015625
124.0 412.0 2682.35302734375
128.0 412.0 2647.058837890625
132.0 412.0 2670.588134765625
136.0 412.0 2658.823486328125
140.0 412.0 2670.588134765625
144.0 412.0 2658.823486328125
148.0 412.0 2670.588134765625
152.0 412.0 2588.2353515625
156.0 412.0 2623.529541015625
160.0 412.0 2658.823486328125
164.0 412.0 2670.588134765625
168.0 412.0 2670.588134765625
172.0 412.0 2600.0
176.0 412.0 2670.588134765625
180.0 412.0 2670.588134765625
184.0 412.0 2647.058837890625
188.0 412.0 2694.11767578125
192.0 412.0 2600.0
196.0 412.0 2658.823486328125
200.0 412.0 2658.823486328125
204.0 412.0 2611.7646484375
208.0 412.0 2611.7646484375
212.0 412.0 2623.529541015625
216.0 412.0 2611.7646484375
220.0 412.0 2600.0
224.0 412.0 2623.529541015625
228.0 412.0 2682.35302734375
232.0 412.0 2647.058837890625
236.0 412.0 2658.823486328125
240.0 412.0 2576.470703125
244.0 412.0 2623.529541015625
248.0 412.0 2658.823486328125
252.0 412.0 2576.470703125
256.0 412.0 2588.2353515625
260.0 412.0 2588.2353515625
264.0 412.0 2588.2353515625
268.0 412.0 2623.529541015625
272.0 412.0 2600.0
276.0 412.0 2611.7646484375
280.0 412.0 2529.411865234375
284.0 412.0 2588.2353515625
288.0 412.0 2588.2353515625
292.0 412.0 2600.0
296.0 412.0 2552.941162109375
300.0 412.0 2658.823486328125
304.0 412.0 2588.2353515625
308.0 412.0 2494.11767578125
312.0 412.0 2552.941162109375
316.0 412.0 2505.88232421875
320.0 412.0 2529.411865234375
324.0 412.0 2517.64697265625
328.0 412.0 2600.0
332.0 412.0 2435.294189453125
336.0 412.0 2470.58837890625
340.0 412.0 2482.35302734375
344.0 412.0 2505.88232421875
348.0 412.0 2482.35302734375
352.0 412.0 2470.58837890625
356.0 412.0 2505.88232421875
360.0 412.0 2447.058837890625
364.0 412.0 2400.0
368.0 412.0 2435.294189453125
372.0 412.0 2447.058837890625
376.0 412.0 2411.7646484375
380.0 412.0 2364.705810546875
384.0 412.0 2364.705810546875
388.0 412.0 2341.176513671875
392.0 412.0 2505.88232421875
396.0 412.0 2423.529541015625
400.0 412.0 2388.2353515625
404.0 412.0 2411.7646484375
408.0 412.0 2423.529541015625
412.0 412.0 2423.529541015625
416.0 412.0 2423.529541015625
420.0 412.0 2423.529541015625
424.0 412.0 2505.88232421875
428.0 412.0 2423.529541015625
432.0 412.0 2435.294189453125
436.0 412.0 2423.529541015625
440.0 412.0 2423.529541015625
444.0 412.0 2423.529541015625
448.0 412.0 2423.529541015625
452.0 412.0 2423.529541015625
456.0 412.0 2364.705810546875
460.0 412.0 2400.0
464.0 412.0 2352.941162109375
468.0 412.0 2341.176513671875
472.0 412.0 2364.705810546875
476.0 412.0 2341.176513671875
480.0 412.0 2352.941162109375
484.0 412.0 2423.529541015625
488.0 412.0 2317.647216796875
492.0 412.0 2364.705810546875
496.0 412.0 2423.529541015625
500.0 412.0 2341.176513671875
504.0 412.0 2305.88232421875
508.0 412.0 2388.2353515625
512.0 412.0 2352.941162109375
516.0 412.0 2235.294189453125
520.0 412.0 2258.823486328125
524.0 412.0 2247.058837890625
528.0 412.0 2082.35302734375
532.0 412.0 1976.470703125
536.0 412.0 1847.058837890625
540.0 412.0 1600.0001220703125
544.0 412.0 1423.5294189453125
548.0 412.0 1164.7059326171875
552.0 412.0 941.176513671875
556.0 412.0 917.6470947265625
560.0 412.0 917.6470947265625
564.0 412.0 941.176513671875
568.0 412.0 870.5882568359375
572.0 412.0 823.5294799804688
576.0 412.0 788.2353515625
580.0 412.0 835.2941284179688
584.0 412.0 823.5294799804688
588.0 412.0 835.2941284179688
592.0 412.0 870.5882568359375
596.0 412.0 894.11767578125
600.0 412.0 847.058837890625
604.0 412.0 858.8235473632812
608.0 412.0 811.7647705078125
612.0 412.0 811.7647705078125
616.0 412.0 823.5294799804688
620.0 412.0 917.6470947265625
624.0 412.0 847.058837890625
628.0 412.0 835.2941284179688
632.0 412.0 894.11767578125
636.0 412.0 905.8823852539062
0.0 416.0 2870.588134765625
4.0 416.0 2905.88232421875
8.0 416.0 2870.588134765625
12.0 416.0 2929.411865234375
16.0 416.0 2823.529541015625
20.0 416.0 2894.11767578125
24.0 416.0 2917.64697265625
28.0 416.0 2870.588134765625
32.0 416.0 2847.058837890625
36.0 416.0 2823.529541015625
40.0 416.0 2858.823486328125
44.0 416.0 2835.294189453125
48.0 416.0 2835.294189453125
52.0 416.0 2823.529541015625
56.0 416.0 2870.588134765625
60.0 416.0 2682.35302734375
64.0 416.0 2788.2353515625
68.0 416.0 2823.529541015625
72.0 416.0 2788.2353515625
76.0 416.0 2752.941162109375
80.0 416.0 2752.941162109375
84.0 416.0 2823.529541015625
88.0 416.0 2752.941162109375
92.0 416.0 2776.470703125
96.0 416.0 2823.529541015625
100.0 416.0 2764.705810546875
104.0 416.0 2752.941162109375
108.0 416.0 2682.35302734375
112.0 416.0 2741.176513671875
116.0 416.0 2764.705810546875
120.0 416.0 2694.11767578125
124.0 416.0 2647.058837890625
128.0 416.0 2670.588134765625
132.0 416.0 2682.35302734375
136.0 416.0 2705.88232421875
140.0 416.0 2741.176513671875
144.0 416.0 2752.941162109375
148.0 416.0 2682.35302734375
152.0 416.0 2705.88232421875
156.0 416.0 2705.88232421875
160.0 416.0 2705.88232421875
164.0 416.0 2682.35302734375
168.0 416.0 2741.176513671875
172.0 416.0 2705.88232421875
176.0 416.0 2705.88232421875
180.0 416.0 2670.588134765625
184.0 416.0 2658.823486328125
188.0 416.0 2670.588134765625
192.0 416.0 2694.11767578125
196.0 416.0 2729.411865234375
200.0 416.0 2658.823486328125
204.0 416.0 2623.529541015625
208.0 416.0 2729.411865234375
212.0 416.0 2670.588134765625
216.0 416.0 2611.7646484375
220.0 416.0 2623.529541015625
224.0 416.0 2600.0
228.0 416.0 2658.823486328125
232.0 416.0 2611.7646484375
236.0 416.0 2611.7646484375
240.0 416.0 2588.2353515625
244.0 416.0 2576.470703125
248.0 416.0 2658.823486328125
252.0 416.0 2670.588134765625
256.0 416.0 2529.411865234375
260.0 416.0 2611.7646484375
264.0 416.0 2588.2353515625
268.0 416.0 2588.2353515625
272.0 416.0 2564.705810546875
276.0 416.0 2623.529541015625
280.0 416.0 2623.529541015625
284.0 416.0 2670.588134765625
288.0 416.0 2600.0
292.0 416.0 2600.0
296.0 416.0 2588.2353515625
300.0 416.0 2588.2353515625
304.0 416.0 2505.88232421875
308.0 416.0 2505.88232421875
312.0 416.0 2517.64697265625
316.0 416.0 2470.58837890625
320.0 416.0 2529.411865234375
324.0 416.0 2494.11767578125
328.0 416.0 2529.411865234375
332.0 416.0 2505.88232421875
336.0 416.0 2411.7646484375
340.0 416.0 2552.941162109375
344.0 416.0 2482.35302734375
348.0 416.0 2470.58837890625
352.0 416.0 2470.58837890625
356.0 416.0 2423.529541015625
360.0 416.0 2423.529541015625
364.0 416.0 2364.705810546875
368.0 416.0 2388.2353515625
372.0 416.0 2435.294189453125
376.0 416.0 2411.7646484375
380.0 416.0 2423.529541015625
384.0 416.0 2341.176513671875
388.0 416.0 2329.411865234375
392.0 416.0 2411.7646484375
396.0 416.0 2423.529541015625
400.0 416.0 2423.529541015625
404.0 416.0 2470.58837890625
408.0 416.0 2435.294189453125
412.0 416.0 2435.294189453125
416.0 416.0 2400.0
420.0 416.0 2411.7646484375
424.0 416.0 2494.11767578125
428.0 416.0 2482.35302734375
432.0 416.0 2364.705810546875
436.0 416.0 2352.941162109375
440.0 416.0 2411.7646484375
444.0 416.0 2400.0
448.0 416.0 2435.294189453125
452.0 416.0 2423.529541015625
456.0 416.0 2447.058837890625
460.0 416.0 2388.2353515625
464.0 416.0 2423.529541015625
468.0 416.0 2388.2353515625
472.0 416.0 2423.529541015625
476.0 416.0 2329.411865234375
480.0 416.0 2447.058837890625
484.0 416.0 2400.0
488.0 416.0 2341.176513671875
492.0 416.0 2341.176513671875
496.0 416.0 2400.0
500.0 416.0 2282.35302734375
504.0 416.0 2352.941162109375
508.0 416.0 2388.2353515625
512.0 416.0 2364.705810546875
516.0 416.0 2317.647216796875
520.0 416.0 2282.35302734375
524.0 416.0 2235.294189453125
528.0 416.0 2176.470703125
532.0 416.0 2000.0
536.0 416.0 1776.470703125
540.0 416.0 1694.11767578125
544.0 416.0 1411.7647705078125
548.0 416.0 1247.058837890625
552.0 416.0 1000.0
556.0 416.0 858.8235473632812
560.0 416.0 917.6470947265625
564.0 416.0 894.11767578125
568.0 416.0 952.9412231445312
572.0 416.0 929.4118041992188
576.0 416.0 847.058837890625
580.0 416.0 917.6470947265625
584.0 416.0 847.058837890625
588.0 416.0 835.2941284179688
592.0 416.0 894.11767578125
596.0 416.0 894.11767578125
600.0 416.0 835.2941284179688
604.0 416.0 894.11767578125
608.0 416.0 917.6470947265625
612.0 416.0 905.8823852539062
616.0 416.0 847.058837890625
620.0 416.0 917.6470947265625
624.0 416.0 858.8235473632812
628.0 416.0 835.2941284179688
632.0 416.0 858.8235473632812
636.0 416.0 905.8823852539062
0.0 420.0 2870.588134765625
4.0 420.0 2847.058837890625
8.0 420.0 2905.88232421875
12.0 420.0 2929.411865234375
16.0 420.0 2835.294189453125
20.0 420.0 2823.529541015625
24.0 420.0 2835.294189453125
28.0 420.0 2894.11767578125
32.0 420.0 2847.058837890625
36.0 420.0 2835.294189453125
40.0 420.0 2847.058837890625
44.0 420.0 2823.529541015625
48.0 420.0 2835.294189453125
52.0 420.0 2752.941162109375
56.0 420.0 2811.7646484375
60.0 420.0 2835.294189453125
64.0 420.0 2788.2353515625
68.0 420.0 2811.7646484375
72.0 420.0 2752.941162109375
76.0 420.0 2705.88232421875
80.0 420.0 2729.411865234375
84.0 420.0 2776.470703125
88.0 420.0 2764.705810546875
92.0 420.0 2764.705810546875
96.0 420.0 2776.470703125
100.0 420.0 2682.35302734375
104.0 420.0 2670.588134765625
108.0 420.0 2694.11767578125
112.0 420.0 2764.705810546875
116.0 420.0 2705.88232421875
120.0 420.0 2694.11767578125
124.0 420.0 2811.7646484375
128.0 420.0 2752.941162109375
132.0 420.0 2729.411865234375
136.0 420.0 2764.705810546875
140.0 420.0 2752.941162109375
144.0 420.0 2752.941162109375
148.0 420.0 2729.411865234375
152.0 420.0 2694.11767578125
156.0 420.0 2670.588134765625
160.0 420.0 2682.35302734375
164.0 420.0 2752.941162109375
168.0 420.0 2764.705810546875
172.0 420.0 2682.35302734375
176.0 420.0 2694.11767578125
180.0 420.0 2670.588134765625
184.0 420.0 2658.823486328125
188.0 420.0 2694.11767578125
192.0 420.0 2694.11767578125
196.0 420.0 2647.058837890625
200.0 420.0 2670.588134765625
204.0 420.0 2611.7646484375
208.0 420.0 2623.529541015625
212.0 420.0 2670.588134765625
216.0 420.0 2623.529541015625
220.0 420.0 2647.058837890625
224.0 420.0 2658.823486328125
228.0 420.0 2670.588134765625
232.0 420.0 2611.7646484375
236.0 420.0 2647.058837890625
240.0 420.0 2647.058837890625
244.0 420.0 2623.529541015625
248.0 420.0 2658.823486328125
252.0 420.0 2647.058837890625
256.0 420.0 2611.7646484375
260.0 420.0 2529.411865234375
264.0 420.0 2623.529541015625
268.0 420.0 2670.588134765625
272.0 420.0 2576.470703125
276.0 420.0 2552.941162109375
280.0 420.0 2552.941162109375
284.0 420.0 2576.470703125
288.0 420.0 2658.823486328125
292.0 420.0 2623.529541015625
296.0 420.0 2600.0
300.0 420.0 2576.470703125
304.0 420.0 2564.705810546875
308.0 420.0 2564.705810546875
312.0 420.0 2576.470703125
316.0 420.0 2529.411865234375
320.0 420.0 2470.58837890625
324.0 420.0 2505.88232421875
328.0 420.0 2552.941162109375
332.0 420.0 2423.529541015625
336.0 420.0 2435.294189453125
340.0 420.0 2517.64697265625
344.0 420.0 2529.411865234375
348.0 420.0 2447.058837890625
352.0 420.0 2435.294189453125
356.0 420.0 2447.058837890625
360.0 420.0 2423.529541015625
364.0 420.0 2482.35302734375
368.0 420.0 2470.58837890625
372.0 420.0 2505.88232421875
376.0 420.0 2423.529541015625
380.0 420.0 2341.176513671875
384.0 420.0 2341.176513671875
388.0 420.0 2352.941162109375
392.0 420.0 2411.7646484375
396.0 420.0 2435.294189453125
400.0 420.0 2494.11767578125
404.0 420.0 2411.7646484375
408.0 420.0 2482.35302734375
412.0 420.0 2447.058837890625
416.0 420.0 2423.529541015625
420.0 420.0 2423.529541015625
424.0 420.0 2494.11767578125
428.0 420.0 2447.058837890625
432.0 420.0 2411.7646484375
436.0 420.0 2411.7646484375
440.0 420.0 2423.529541015625
444.0 420.0 2400.0
448.0 420.0 2447.058837890625
452.0 420.0 2411.7646484375
456.0 420.0 2411.7646484375
460.0 420.0 2447.058837890625
464.0 420.0 2341.176513671875
468.0 420.0 2400.0
472.0 420.0 2352.941162109375
476.0 420.0 2341.176513671875
480.0 420.0 2388.2353515625
484.0 420.0 2400.0
488.0 420.0 2364.705810546875
492.0 420.0 2341.176513671875
496.0 420.0 2364.705810546875
500.0 420.0 2305.88232421875
504.0 420.0 2329.411865234375
508.0 420.0 2364.705810546875
512.0 420.0 2364.705810546875
516.0 420.0 2329.411865234375
520.0 420.0 2247.058837890625
524.0 420.0 2235.294189453125
528.0 420.0 2117.647216796875
532.0 420.0 1952.9412841796875
536.0 420.0 1847.058837890625
540.0 420.0 1694.11767578125
544.0 420.0 1447.058837890625
548.0 420.0 1305.88232421875
552.0 420.0 1011.7647094726562
556.0 420.0 917.6470947265625
560.0 420.0 917.6470947265625
564.0 420.0 976.4706420898438
568.0 420.0 952.9412231445312
572.0 420.0 894.11767578125
576.0 420.0 905.8823852539062
580.0 420.0 941.176513671875
584.0 420.0 858.8235473632812
588.0 420.0 917.6470947265625
592.0 420.0 870.5882568359375
596.0 420.0 894.11767578125
600.0 420.0 894.11767578125
604.0 420.0 823.5294799804688
608.0 420.0 870.5882568359375
612.0 420.0 894.11767578125
616.0 420.0 929.4118041992188
620.0 420.0 894.11767578125
624.0 420.0 835.2941284179688
628.0 420.0 858.8235473632812
632.0 420.0 988.2353515625
636.0 420.0 858.8235473632812
0.0 424.0 2835.294189453125
4.0 424.0 2870.588134765625
8.0 424.0 2894.11767578125
12.0 424.0 2870.588134765625
16.0 424.0 2894.11767578125
20.0 424.0 2894.11767578125
24.0 424.0 2835.294189453125
28.0 424.0 2952.941162109375
32.0 424.0 2835.294189453125
36.0 424.0 2847.058837890625
40.0 424.0 2858.823486328125
44.0 424.0 2811.7646484375
48.0 424.0 2870.588134765625
52.0 424.0 2835.294189453125
56.0 424.0 2788.2353515625
60.0 424.0 2835.294189453125
64.0 424.0 2870.588134765625
68.0 424.0 2788.2353515625
72.0 424.0 2788.2353515625
76.0 424.0 2752.941162109375
80.0 424.0 2752.941162109375
84.0 424.0 2682.35302734375
88.0 424.0 2764.705810546875
92.0 424.0 2729.411865234375
96.0 424.0 2847.058837890625
100.0 424.0 2752.941162109375
104.0 424.0 2776.470703125
108.0 424.0 2764.705810546875
112.0 424.0 2776.470703125
116.0 424.0 2776.470703125
120.0 424.0 2788.2353515625
124.0 424.0 2729.411865234375
128.0 424.0 2776.470703125
132.0 424.0 2776.470703125
136.0 424.0 2811.7646484375
140.0 424.0 2741.176513671875
144.0 424.0 2741.176513671875
148.0 424.0 2752.941162109375
152.0 424.0 2752.941162109375
156.0 424.0 2670.588134765625
160.0 424.0 2776.470703125
164.0 424.0 2741.176513671875
168.0 424.0 2752.941162109375
172.0 424.0 2682.35302734375
176.0 424.0 2729.411865234375
180.0 424.0 2670.588134765625
184.0 424.0 2694.11767578125
188.0 424.0 2658.823486328125
192.0 424.0 2658.823486328125
196.0 424.0 2623.529541015625
200.0 424.0 2682.35302734375
204.0 424.0 2623.529541015625
208.0 424.0 2694.11767578125
212.0 424.0 2682.35302734375
216.0 424.0 2670.588134765625
220.0 424.0 2658.823486328125
224.0 424.0 2588.2353515625
228.0 424.0 2623.529541015625
232.0 424.0 2752.941162109375
236.0 424.0 2682.35302734375
240.0 424.0 2682.35302734375
244.0 424.0 2611.7646484375
248.0 424.0 2588.2353515625
252.0 424.0 2611.7646484375
256.0 424.0 2623.529541015625
260.0 424.0 2623.529541015625
264.0 424.0 2611.7646484375
268.0 424.0 2658.823486328125
272.0 424.0 2600.0
276.0 424.0 2658.823486328125
280.0 424.0 2670.588134765625
284.0 424.0 2623.529541015625
288.0 424.0 2564.705810546875
292.0 424.0 2564.705810546875
296.0 424.0 2600.0
300.0 424.0 2576.470703125
304.0 424.0 2576.470703125
308.0 424.0 2552.941162109375
312.0 424.0 2576.470703125
316.0 424.0 2564.705810546875
320.0 424.0 2529.411865234375
324.0 424.0 2552.941162109375
328.0 424.0 2552.941162109375
332.0 424.0 2447.058837890625
336.0 424.0 2505.88232421875
340.0 424.0 2494.11767578125
344.0 424.0 2470.58837890625
348.0 424.0 2482.35302734375
352.0 424.0 2529.411865234375
356.0 424.0 2447.058837890625
360.0 424.0 2364.705810546875
364.0 424.0 2447.058837890625
368.0 424.0 2411.7646484375
372.0 424.0 2435.294189453125
376.0 424.0 2411.7646484375
380.0 424.0 2388.2353515625
384.0 424.0 2341.176513671875
388.0 424.0 2388.2353515625
392.0 424.0 2423.529541015625
396.0 424.0 2423.529541015625
400.0 424.0 2423.529541015625
404.0 424.0 2411.7646484375
408.0 424.0 2435.294189453125
412.0 424.0 2423.529541015625
416.0 424.0 2411.7646484375
420.0 424.0 2447.058837890625
424.0 424.0 2552.941162109375
428.0 424.0 2411.7646484375
432.0 424.0 2447.058837890625
436.0 424.0 2447.058837890625
440.0 424.0 2447.058837890625
444.0 424.0 2411.7646484375
448.0 424.0 2423.529541015625
452.0 424.0 2423.529541015625
456.0 424.0 2400.0
460.0 424.0 2470.58837890625
464.0 424.0 2411.7646484375
468.0 424.0 2364.705810546875
472.0 424.0 2411.7646484375
476.0 424.0 2423.529541015625
480.0 424.0 2400.0
484.0 424.0 2423.529541015625
488.0 424.0 2352.941162109375
492.0 424.0 2435.294189453125
496.0 424.0 2482.35302734375
500.0 424.0 2329.411865234375
504.0 424.0 2329.411865234375
508.0 424.0 2329.411865234375
512.0 424.0 2352.941162109375
516.0 424.0 2305.88232421875
520.0 424.0 2305.88232421875
524.0 424.0 2223.529541015625
528.0 424.0 2247.058837890625
532.0 424.0 1988.2353515625
536.0 424.0 1929.411865234375
540.0 424.0 1705.8824462890625
544.0 424.0 1470.5882568359375
548.0 424.0 1270.5882568359375
552.0 424.0 988.2353515625
556.0 424.0 905.8823852539062
560.0 424.0 1000.0
564.0 424.0 929.4118041992188
568.0 424.0 1000.0
572.0 424.0 870.5882568359375
576.0 424.0 894.11767578125
580.0 424.0 941.176513671875
584.0 424.0 905.8823852539062
588.0 424.0 835.2941284179688
592.0 424.0 894.11767578125
596.0 424.0 941.176513671875
600.0 424.0 941.176513671875
604.0 424.0 917.6470947265625
608.0 424.0 917.6470947265625
612.0 424.0 929.4118041992188
616.0 424.0 917.6470947265625
620.0 424.0 870.5882568359375
624.0 424.0 847.058837890625
628.0 424.0 976.4706420898438
632.0 424.0 917.6470947265625
636.0 424.0 917.6470947265625
0.0 428.0 2858.823486328125
4.0 428.0 2858.823486328125
8.0 428.0 2917.64697265625
12.0 428.0 2858.823486328125
16.0 428.0 2835.294189453125
20.0 428.0 2941.176513671875
24.0 428.0 2894.11767578125
28.0 428.0 2917.64697265625
32.0 428.0 2870.588134765625
36.0 428.0 2847.058837890625
40.0 428.0 2858.823486328125
44.0 428.0 2835.294189453125
48.0 428.0 2847.058837890625
52.0 428.0 2835.294189453125
56.0 428.0 2835.294189453125
60.0 428.0 2788.2353515625
64.0 428.0 2823.529541015625
68.0 428.0 2752.941162109375
72.0 428.0 2811.7646484375
76.0 428.0 2788.2353515625
80.0 428.0 2835.294189453125
84.0 428.0 2811.7646484375
88.0 428.0 2764.705810546875
92.0 428.0 2752.941162109375
96.0 428.0 2788.2353515625
100.0 428.0 2752.941162109375
104.0 428.0 2694.11767578125
108.0 428.0 2764.705810546875
112.0 428.0 2776.470703125
116.0 428.0 2776.470703125
120.0 428.0 2752.941162109375
124.0 428.0 2788.2353515625
128.0 428.0 2752.941162109375
132.0 428.0 2752.941162109375
136.0 428.0 2694.11767578125
140.0 428.0 2764.705810546875
144.0 428.0 2729.411865234375
148.0 428.0 2741.176513671875
152.0 428.0 2788.2353515625
156.0 428.0 2670.588134765625
160.0 428.0 2741.176513671875
164.0 428.0 2682.35302734375
168.0 428.0 2752.941162109375
172.0 428.0 2729.411865234375
176.0 428.0 2682.35302734375
180.0 428.0 2670.588134765625
184.0 428.0 2658.823486328125
188.0 428.0 2776.470703125
192.0 428.0 2705.88232421875
196.0 428.0 2682.35302734375
200.0 428.0 2682.35302734375
204.0 428.0 2658.823486328125
208.0 428.0 2694.11767578125
212.0 428.0 2670.588134765625
216.0 428.0 2647.058837890625
220.0 428.0 2670.588134765625
224.0 428.0 2588.2353515625
228.0 428.0 2658.823486328125
232.0 428.0 2658.823486328125
236.0 428.0 2658.823486328125
240.0 428.0 2647.058837890625
244.0 428.0 2658.823486328125
248.0 428.0 2611.7646484375
252.0 428.0 2682.35302734375
256.0 428.0 2623.529541015625
260.0 428.0 2670.588134765625
264.0 428.0 2588.2353515625
268.0 428.0 2588.2353515625
272.0 428.0 2647.058837890625
276.0 428.0 2588.2353515625
280.0 428.0 2670.588134765625
284.0 428.0 2600.0
288.0 428.0 2564.705810546875
292.0 428.0 2564.705810546875
296.0 428.0 2611.7646484375
300.0 428.0 2647.058837890625
304.0 428.0 2505.88232421875
308.0 428.0 2505.88232421875
312.0 428.0 2647.058837890625
316.0 428.0 2505.88232421875
320.0 428.0 2529.411865234375
324.0 428.0 2482.35302734375
328.0 428.0 2505.88232421875
332.0 428.0 2505.88232421875
336.0 428.0 2470.58837890625
340.0 428.0 2494.11767578125
344.0 428.0 2447.058837890625
348.0 428.0 2482.35302734375
352.0 428.0 2505.88232421875
356.0 428.0 2470.58837890625
360.0 428.0 2400.0
364.0 428.0 2423.529541015625
368.0 428.0 2329.411865234375
372.0 428.0 2435.294189453125
376.0 428.0 2400.0
380.0 428.0 2341.176513671875
384.0 428.0 2400.0
388.0 428.0 2388.2353515625
392.0 428.0 2423.529541015625
396.0 428.0 2423.529541015625
400.0 428.0 2470.58837890625
404.0 428.0 2494.11767578125
408.0 428.0 2364.705810546875
412.0 428.0 2423.529541015625
416.0 428.0 2388.2353515625
420.0 428.0 2411.7646484375
424.0 428.0 2435.294189453125
428.0 428.0 2494.11767578125
432.0 428.0 2423.529541015625
436.0 428.0 2423.529541015625
440.0 428.0 2411.7646484375
444.0 428.0 2411.7646484375
448.0 428.0 2423.529541015625
452.0 428.0 2400.0
456.0 428.0 2435.294189453125
460.0 428.0 2470.58837890625
464.0 428.0 2423.529541015625
468.0 428.0 2423.529541015625
472.0 428.0 2411.7646484375
476.0 428.0 2329.411865234375
480.0 428.0 2400.0
484.0 428.0 2400.0
488.0 428.0 2388.2353515625
492.0 428.0 2388.2353515625
496.0 428.0 2352.941162109375
500.0 428.0 2352.941162109375
504.0 428.0 2411.7646484375
508.0 428.0 2388.2353515625
512.0 428.0 2352.941162109375
516.0 428.0 2352.941162109375
520.0 428.0 2329.411865234375
524.0 428.0 2329.411865234375
528.0 428.0 2200.0
532.0 428.0 2058.823486328125
536.0 428.0 1976.470703125
540.0 428.0 1752.9412841796875
544.0 428.0 1564.7059326171875
548.0 428.0 1400.0
552.0 428.0 1070.5882568359375
556.0 428.0 929.4118041992188
560.0 428.0 952.9412231445312
564.0 428.0 988.2353515625
568.0 428.0 1000.0
572.0 428.0 894.11767578125
576.0 428.0 917.6470947265625
580.0 428.0 976.4706420898438
584.0 428.0 941.176513671875
588.0 428.0 917.6470947265625
592.0 428.0 976.4706420898438
596.0 428.0 941.176513671875
600.0 428.0 941.176513671875
604.0 428.0 835.2941284179688
608.0 428.0 917.6470947265625
612.0 428.0 894.11767578125
616.0 428.0 929.4118041992188
620.0 428.0 1000.0
624.0 428.0 917.6470947265625
628.0 428.0 847.058837890625
632.0 428.0 905.8823852539062
636.0 428.0 929.4118041992188
0.0 432.0 2894.11767578125
4.0 432.0 2894.11767578125
8.0 432.0 2917.64697265625
12.0 432.0 2905.88232421875
16.0 432.0 2847.058837890625
20.0 432.0 2917.64697265625
24.0 432.0 2917.64697265625
28.0 432.0 2835.294189453125
32.0 432.0 2847.058837890625
36.0 432.0 2811.7646484375
40.0 432.0 2847.058837890625
44.0 432.0 2847.058837890625
48.0 432.0 2811.7646484375
52.0 432.0 2788.2353515625
56.0 432.0 2811.7646484375
60.0 432.0 2788.2353515625
64.0 432.0 2835.294189453125
68.0 432.0 2776.470703125
72.0 432.0 2729.411865234375
76.0 432.0 2811.7646484375
80.0 432.0 2776.470703125
84.0 432.0 2764.705810546875
88.0 432.0 2752.941162109375
92.0 432.0 2647.058837890625
96.0 432.0 2764.705810546875
100.0 432.0 2811.7646484375
104.0 432.0 2705.88232421875
108.0 432.0 2741.176513671875
112.0 432.0 2741.176513671875
116.0 432.0 2835.294189453125
120.0 432.0 2847.058837890625
124.0 432.0 2941.176513671875
128.0 432.0 2988.2353515625
132.0 432.0 2905.88232421875
136.0 432.0 2752.941162109375
140.0 432.0 2835.294189453125
144.0 432.0 2788.2353515625
148.0 432.0 2682.35302734375
152.0 432.0 2729.411865234375
156.0 432.0 2682.35302734375
160.0 432.0 2752.941162109375
164.0 432.0 2741.176513671875
168.0 432.0 2741.176513671875
172.0 432.0 2729.411865234375
176.0 432.0 2705.88232421875
180.0 432.0 2694.11767578125
184.0 432.0 2694.11767578125
188.0 432.0 2752.941162109375
192.0 432.0 2729.411865234375
196.0 432.0 2670.588134765625
200.0 432.0 2705.88232421875
204.0 432.0 2647.058837890625
208.0 432.0 2658.823486328125
212.0 432.0 2670.588134765625
216.0 432.0 2658.823486328125
220.0 432.0 2647.058837890625
224.0 432.0 2647.058837890625
228.0 432.0 2658.823486328125
232.0 432.0 2682.35302734375
236.0 432.0 2682.35302734375
240.0 432.0 2588.2353515625
244.0 432.0 2670.588134765625
248.0 432.0 2694.11767578125
252.0 432.0 2705.88232421875
256.0 432.0 2658.823486328125
260.0 432.0 2623.529541015625
264.0 432.0 2564.705810546875
268.0 432.0 2611.7646484375
272.0 432.0 2611.7646484375
276.0 432.0 2670.588134765625
280.0 432.0 2658.823486328125
284.0 432.0 2611.7646484375
288.0 432.0 2552.941162109375
292.0 432.0 2588.2353515625
296.0 432.0 2552.941162109375
300.0 432.0 2576.470703125
304.0 432.0 2576.470703125
308.0 432.0 2552.941162109375
312.0 432.0 2517.64697265625
316.0 432.0 2505.88232421875
320.0 432.0 2552.941162109375
324.0 432.0 2529.411865234375
328.0 432.0 2564.705810546875
332.0 432.0 2447.058837890625
336.0 432.0 2447.058837890625
340.0 432.0 2411.7646484375
344.0 432.0 2423.529541015625
348.0 432.0 2494.11767578125
352.0 432.0 2423.529541015625
356.0 432.0 2435.294189453125
360.0 432.0 2341.176513671875
364.0 432.0 2423.529541015625
368.0 432.0 2352.941162109375
372.0 432.0 2423.529541015625
376.0 432.0 2423.529541015625
380.0 432.0 2423.529541015625
384.0 432.0 2341.176513671875
388.0 432.0 2400.0
392.0 432.0 2364.705810546875
396.0 432.0 2423.529541015625
400.0 432.0 2400.0
404.0 432.0 2400.0
408.0 432.0 2411.7646484375
412.0 432.0 2423.529541015625
416.0 432.0 2435.294189453125
420.0 432.0 2341.176513671875
424.0 432.0 2505.88232421875
428.0 432.0 2482.35302734375
432.0 432.0 2482.35302734375
436.0 432.0 2435.294189453125
440.0 432.0 2447.058837890625
444.0 432.0 2447.058837890625
448.0 432.0 2435.294189453125
452.0 432.0 2423.529541015625
456.0 432.0 2400.0
460.0 432.0 2411.7646484375
464.0 432.0 2470.58837890625
468.0 432.0 2447.058837890625
472.0 432.0 2400.0
476.0 432.0 2388.2353515625
480.0 432.0 2411.7646484375
484.0 432.0 2505.88232421875
488.0 432.0 2423.529541015625
492.0 432.0 2400.0
496.0 432.0 2423.529541015625
500.0 432.0 2329.411865234375
504.0 432.0 2423.529541015625
508.0 432.0 2423.529541015625
512.0 432.0 2282.35302734375
516.0 432.0 2317.647216796875
520.0 432.0 2388.2353515625
524.0 432.0 2341.176513671875
528.0 432.0 2247.058837890625
532.0 432.0 2117.647216796875
536.0 432.0 1988.2353515625
540.0 432.0 1788.2353515625
544.0 432.0 1588.2353515625
548.0 432.0 1400.0
552.0 432.0 1082.3529052734375
556.0 432.0 976.4706420898438
560.0 432.0 917.6470947265625
564.0 432.0 1000.0
568.0 432.0 1035.294189453125
572.0 432.0 917.6470947265625
576.0 432.0 929.4118041992188
580.0 432.0 976.4706420898438
584.0 432.0 917.6470947265625
588.0 432.0 941.176513671875
592.0 432.0 917.6470947265625
596.0 432.0 905.8823852539062
600.0 432.0 952.9412231445312
604.0 432.0 952.9412231445312
608.0 432.0 894.11767578125
612.0 432.0 929.4118041992188
616.0 432.0 976.4706420898438
620.0 432.0 988.2353515625
624.0 432.0 894.11767578125
628.0 432.0 929.4118041992188
632.0 432.0 917.6470947265625
636.0 432.0 988.2353515625
0.0 436.0 2847.058837890625
4.0 436.0 2858.823486328125
8.0 436.0 2917.64697265625
12.0 436.0 2917.64697265625
16.0 436.0 2835.294189453125
20.0 436.0 2823.529541015625
24.0 436.0 2905.88232421875
28.0 436.0 2894.11767578125
32.0 436.0 2835.294189453125
36.0 436.0 2917.64697265625
40.0 436.0 2847.058837890625
44.0 436.0 2894.11767578125
48.0 436.0 2847.058837890625
52.0 436.0 2835.294189453125
56.0 436.0 2858.823486328125
60.0 436.0 2776.470703125
64.0 436.0 2870.588134765625
68.0 436.0 2811.7646484375
72.0 436.0 2835.294189453125
76.0 436.0 2811.7646484375
80.0 436.0 2835.294189453125
84.0 436.0 2823.529541015625
88.0 436.0 2811.7646484375
92.0 436.0 2752.941162109375
96.0 436.0 2835.294189453125
100.0 436.0 2694.11767578125
104.0 436.0 2682.35302734375
108.0 436.0 2764.705810546875
112.0 436.0 2729.411865234375
116.0 436.0 2788.2353515625
120.0 436.0 2858.823486328125
124.0 436.0 3000.0
128.0 436.0 3000.0
132.0 436.0 3000.0
136.0 436.0 2988.2353515625
140.0 436.0 2941.176513671875
144.0 436.0 2941.176513671875
148.0 436.0 2870.588134765625
152.0 436.0 2764.705810546875
156.0 436.0 2752.941162109375
160.0 436.0 2682.35302734375
164.0 436.0 2670.588134765625
168.0 436.0 2823.529541015625
172.0 436.0 2729.411865234375
176.0 436.0 2729.411865234375
180.0 436.0 2694.11767578125
184.0 436.0 2670.588134765625
188.0 436.0 2729.411865234375
192.0 436.0 2670.588134765625
196.0 436.0 2705.88232421875
200.0 436.0 2682.35302734375
204.0 436.0 2658.823486328125
208.0 436.0 2647.058837890625
212.0 436.0 2658.823486328125
216.0 436.0 2647.058837890625
220.0 436.0 2588.2353515625
224.0 436.0 2670.588134765625
228.0 436.0 2647.058837890625
232.0 436.0 2658.823486328125
236.0 436.0 2670.588134765625
240.0 436.0 2600.0
244.0 436.0 2623.529541015625
248.0 436.0 2658.823486328125
252.0 436.0 2682.35302734375
256.0 436.0 2588.2353515625
260.0 436.0 2670.588134765625
264.0 436.0 2611.7646484375
268.0 436.0 2623.529541015625
272.0 436.0 2694.11767578125
276.0 436.0 2647.058837890625
280.0 436.0 2694.11767578125
284.0 436.0 2670.588134765625
288.0 436.0 2588.2353515625
292.0 436.0 2588.2353515625
296.0 436.0 2505.88232421875
300.0 436.0 2611.7646484375
304.0 436.0 2564.705810546875
308.0 436.0 2576.470703125
312.0 436.0 2576.470703125
316.0 436.0 2529.411865234375
320.0 436.0 2576.470703125
324.0 436.0 2482.35302734375
328.0 436.0 2564.705810546875
332.0 436.0 2494.11767578125
336.0 436.0 2505.88232421875
340.0 436.0 2482.35302734375
344.0 436.0 2447.058837890625
348.0 436.0 2482.35302734375
352.0 436.0 2470.58837890625
356.0 436.0 2505.88232421875
360.0 436.0 2435.294189453125
364.0 436.0 2470.58837890625
368.0 436.0 2411.7646484375
372.0 436.0 2435.294189453125
376.0 436.0 2411.7646484375
380.0 436.0 2411.7646484375
384.0 436.0 2364.705810546875
388.0 436.0 2423.529541015625
392.0 436.0 2388.2353515625
396.0 436.0 2400.0
400.0 436.0 2400.0
404.0 436.0 2423.529541015625
408.0 436.0 2470.58837890625
412.0 436.0 2447.058837890625
416.0 436.0 2447.058837890625
420.0 436.0 2388.2353515625
424.0 436.0 2505.88232421875
428.0 436.0 2505.88232421875
432.0 436.0 2411.7646484375
436.0 436.0 2447.058837890625
440.0 436.0 2505.88232421875
444.0 436.0 2447.058837890625
448.0 436.0 2423.529541015625
452.0 436.0 2423.529541015625
456.0 436.0 2435.294189453125
460.0 436.0 2435.294189453125
464.0 436.0 2494.11767578125
468.0 436.0 2400.0
472.0 436.0 2494.11767578125
476.0 436.0 2400.0
480.0 436.0 2388.2353515625
484.0 436.0 2423.529541015625
488.0 436.0 2352.941162109375
492.0 436.0 2423.529541015625
496.0 436.0 2435.294189453125
500.0 436.0 2423.529541015625
504.0 436.0 2400.0
508.0 436.0 2329.411865234375
512.0 436.0 2400.0
516.0 436.0 2329.411865234375
520.0 436.0 2270.58837890625
524.0 436.0 2364.705810546875
528.0 436.0 2364.705810546875
532.0 436.0 2223.529541015625
536.0 436.0 2000.0
540.0 436.0 1835.294189453125
544.0 436.0 1682.35302734375
548.0 436.0 1505.8824462890625
552.0 436.0 1188.2353515625
556.0 436.0 988.2353515625
560.0 436.0 1000.0
564.0 436.0 1000.0
568.0 436.0 1000.0
572.0 436.0 1000.0
576.0 436.0 952.9412231445312
580.0 436.0 941.176513671875
584.0 436.0 976.4706420898438
588.0 436.0 929.4118041992188
592.0 436.0 917.6470947265625
596.0 436.0 905.8823852539062
600.0 436.0 1000.0
604.0 436.0 917.6470947265625
608.0 436.0 870.5882568359375
612.0 436.0 1011.7647094726562
616.0 436.0 952.9412231445312
620.0 436.0 1011.7647094726562
624.0 436.0 952.9412231445312
628.0 436.0 1000.0
632.0 436.0 941.176513671875
636.0 436.0 976.4706420898438
0.0 440.0 2823.529541015625
4.0 440.0 2847.058837890625
8.0 440.0 2894.11767578125
12.0 440.0 2858.823486328125
16.0 440.0 2835.294189453125
20.0 440.0 2823.529541015625
24.0 440.0 2752.941162109375
28.0 440.0 2917.64697265625
32.0 440.0 2905.88232421875
36.0 440.0 2835.294189453125
40.0 440.0 2823.529541015625
44.0 440.0 2858.823486328125
48.0 440.0 2835.294189453125
52.0 440.0 2835.294189453125
56.0 440.0 2858.823486328125
60.0 440.0 2835.294189453125
64.0 440.0 2835.294189453125
68.0 440.0 2811.7646484375
72.0 440.0 2788.2353515625
76.0 440.0 2741.176513671875
80.0 440.0 2823.529541015625
84.0 440.0 2823.529541015625
88.0 440.0 2847.058837890625
92.0 440.0 2705.88232421875
96.0 440.0 2847.058837890625
100.0 440.0 2752.941162109375
104.0 440.0 2729.411865234375
108.0 440.0 2776.470703125
112.0 440.0 2694.11767578125
116.0 440.0 2682.35302734375
120.0 440.0 2752.941162109375
124.0 440.0 2870.588134765625
128.0 440.0 2858.823486328125
132.0 440.0 2847.058837890625
136.0 440.0 2917.64697265625
140.0 440.0 3000.0
144.0 440.0 3000.0
148.0 440.0 3000.0
152.0 440.0 2952.941162109375
156.0 440.0 3000.0
160.0 440.0 2788.2353515625
164.0 440.0 2764.705810546875
168.0 440.0 2847.058837890625
172.0 440.0 2752.941162109375
176.0 440.0 2741.176513671875
180.0 440.0 2670.588134765625
184.0 440.0 2647.058837890625
188.0 440.0 2682.35302734375
192.0 440.0 2741.176513671875
196.0 440.0 2752.941162109375
200.0 440.0 2658.823486328125
204.0 440.0 2647.058837890625
208.0 440.0 2694.11767578125
212.0 440.0 2694.11767578125
216.0 440.0 2658.823486328125
220.0 440.0 2600.0
224.0 440.0 2694.11767578125
228.0 440.0 2705.88232421875
232.0 440.0 2764.705810546875
236.0 440.0 2729.411865234375
240.0 440.0 2670.588134765625
244.0 440.0 2670.588134765625
248.0 440.0 2623.529541015625
252.0 440.0 2682.35302734375
256.0 440.0 2670.588134765625
260.0 440.0 2600.0
264.0 440.0 2552.941162109375
268.0 440.0 2658.823486328125
272.0 440.0 2647.058837890625
276.0 440.0 2611.7646484375
280.0 440.0 2647.058837890625
284.0 440.0 2588.2353515625
288.0 440.0 2600.0
292.0 440.0 2588.2353515625
296.0 440.0 2564.705810546875
300.0 440.0 2576.470703125
304.0 440.0 2647.058837890625
308.0 440.0 2576.470703125
312.0 440.0 2600.0
316.0 440.0 2576.470703125
320.0 440.0 2588.2353515625
324.0 440.0 2588.2353515625
328.0 440.0 2505.88232421875
332.0 440.0 2482.35302734375
336.0 440.0 2470.58837890625
340.0 440.0 2435.294189453125
344.0 440.0 2482.35302734375
348.0 440.0 2482.35302734375
352.0 440.0 2423.529541015625
356.0 440.0 2517.64697265625
360.0 440.0 2505.88232421875
364.0 440.0 2435.294189453125
368.0 440.0 2352.941162109375
372.0 440.0 2447.058837890625
376.0 440.0 2388.2353515625
380.0 440.0 2352.941162109375
384.0 440.0 2352.941162109375
388.0 440.0 2388.2353515625
392.0 440.0 2364.705810546875
396.0 440.0 2423.529541015625
400.0 440.0 2423.529541015625
404.0 440.0 2352.941162109375
408.0 440.0 2388.2353515625
412.0 440.0 2411.7646484375
416.0 440.0 2400.0
420.0 440.0 2352.941162109375
424.0 440.0 2423.529541015625
428.0 440.0 2447.058837890625
432.0 440.0 2447.058837890625
436.0 440.0 2388.2353515625
440.0 440.0 2423.529541015625
444.0 440.0 2435.294189453125
448.0 440.0 2435.294189453125
452.0 440.0 2423.529541015625
456.0 440.0 2447.058837890625
460.0 440.0 2505.88232421875
464.0 440.0 2435.294189453125
468.0 440.0 2364.705810546875
472.0 440.0 2411.7646484375
476.0 440.0 2435.294189453125
480.0 440.0 2364.705810546875
484.0 440.0 2435.294189453125
488.0 440.0 2423.529541015625
492.0 440.0 2317.647216796875
496.0 440.0 2388.2353515625
500.0 440.0 2400.0
504.0 440.0 2341.176513671875
508.0 440.0 2423.529541015625
512.0 440.0 2341.176513671875
516.0 440.0 2352.941162109375
520.0 440.0 2317.647216796875
524.0 440.0 2258.823486328125
528.0 440.0 2282.35302734375
532.0 440.0 2176.470703125
536.0 440.0 2011.7647705078125
540.0 440.0 1847.058837890625
544.0 440.0 1752.9412841796875
548.0 440.0 1482.3529052734375
552.0 440.0 1247.058837890625
556.0 440.0 1000.0
560.0 440.0 905.8823852539062
564.0 440.0 988.2353515625
568.0 440.0 1000.0
572.0 440.0 988.2353515625
576.0 440.0 952.9412231445312
580.0 440.0 1000.0
584.0 440.0 929.4118041992188
588.0 440.0 905.8823852539062
592.0 440.0 917.6470947265625
596.0 440.0 1023.5294189453125
600.0 440.0 929.4118041992188
604.0 440.0 905.8823852539062
608.0 440.0 905.8823852539062
612.0 440.0 1000.0
616.0 440.0 988.2353515625
620.0 440.0 1000.0
624.0 440.0 941.176513671875
628.0 440.0 1000.0
632.0 440.0 952.9412231445312
636.0 440.0 1000.0
0.0 444.0 2835.294189453125
4.0 444.0 2870.588134765625
8.0 444.0 2870.588134765625
12.0 444.0 2894.11767578125
16.0 444.0 2847.058837890625
20.0 444.0 2835.294189453125
24.0 444.0 2835.294189453125
28.0 444.0 2905.88232421875
32.0 444.0 2811.7646484375
36.0 444.0 2847.058837890625
40.0 444.0 2917.64697265625
44.0 444.0 2847.058837890625
48.0 444.0 2894.11767578125
52.0 444.0 2858.823486328125
56.0 444.0 2847.058837890625
60.0 444.0 2752.941162109375
64.0 444.0 2847.058837890625
68.0 444.0 2858.823486328125
72.0 444.0 2847.058837890625
76.0 444.0 2835.294189453125
80.0 444.0 2811.7646484375
84.0 444.0 2705.88232421875
88.0 444.0 2811.7646484375
92.0 444.0 2670.588134765625
96.0 444.0 2835.294189453125
100.0 444.0 2764.705810546875
104.0 444.0 2670.588134765625
108.0 444.0 2752.941162109375
112.0 444.0 2752.941162109375
116.0 444.0 2752.941162109375
120.0 444.0 2729.411865234375
124.0 444.0 2788.2353515625
128.0 444.0 2764.705810546875
132.0 444.0 2776.470703125
136.0 444.0 2835.294189453125
140.0 444.0 2858.823486328125
144.0 444.0 2870.588134765625
148.0 444.0 3000.0
152.0 444.0 2917.64697265625
156.0 444.0 2976.470703125
160.0 444.0 2941.176513671875
164.0 444.0 2988.2353515625
168.0 444.0 2917.64697265625
172.0 444.0 2776.470703125
176.0 444.0 2705.88232421875
180.0 444.0 2752.941162109375
184.0 444.0 2729.411865234375
188.0 444.0 2752.941162109375
192.0 444.0 2682.35302734375
196.0 444.0 2694.11767578125
200.0 444.0 2682.35302734375
204.0 444.0 2694.11767578125
208.0 444.0 2670.588134765625
212.0 444.0 2705.88232421875
216.0 444.0 2670.588134765625
220.0 444.0 2682.35302734375
224.0 444.0 2694.11767578125
228.0 444.0 2670.588134765625
232.0 444.0 2741.176513671875
236.0 444.0 2682.35302734375
240.0 444.0 2647.058837890625
244.0 444.0 2670.588134765625
248.0 444.0 2694.11767578125
252.0 444.0 2682.35302734375
256.0 444.0 2705.88232421875
260.0 444.0 2682.35302734375
264.0 444.0 2670.588134765625
268.0 444.0 2658.823486328125
272.0 444.0 2658.823486328125
276.0 444.0 2647.058837890625
280.0 444.0 2623.529541015625
284.0 444.0 2670.588134765625
288.0 444.0 2600.0
292.0 444.0 2588.2353515625
296.0 444.0 2564.705810546875
300.0 444.0 2588.2353515625
304.0 444.0 2576.470703125
308.0 444.0 2588.2353515625
312.0 444.0 2564.705810546875
316.0 444.0 2611.7646484375
320.0 444.0 2576.470703125
324.0 444.0 2529.411865234375
328.0 444.0 2600.0
332.0 444.0 2505.88232421875
336.0 444.0 2494.11767578125
340.0 444.0 2423.529541015625
344.0 444.0 2505.88232421875
348.0 444.0 2494.11767578125
352.0 444.0 2505.88232421875
356.0 444.0 2482.35302734375
360.0 444.0 2400.0
364.0 444.0 2435.294189453125
368.0 444.0 2423.529541015625
372.0 444.0 2447.058837890625
376.0 444.0 2352.941162109375
380.0 444.0 2317.647216796875
384.0 444.0 2364.705810546875
388.0 444.0 2388.2353515625
392.0 444.0 2411.7646484375
396.0 444.0 2470.58837890625
400.0 444.0 2388.2353515625
404.0 444.0 2388.2353515625
408.0 444.0 2470.58837890625
412.0 444.0 2423.529541015625
416.0 444.0 2411.7646484375
420.0 444.0 2364.705810546875
424.0 444.0 2411.7646484375
428.0 444.0 2447.058837890625
432.0 444.0 2482.35302734375
436.0 444.0 2447.058837890625
440.0 444.0 2423.529541015625
444.0 444.0 2447.058837890625
448.0 444.0 2423.529541015625
452.0 444.0 2411.7646484375
456.0 444.0 2423.529541015625
460.0 444.0 2435.294189453125
464.0 444.0 2482.35302734375
468.0 444.0 2447.058837890625
472.0 444.0 2447.058837890625
476.0 444.0 2423.529541015625
480.0 444.0 2494.11767578125
484.0 444.0 2470.58837890625
488.0 444.0 2423.529541015625
492.0 444.0 2400.0
496.0 444.0 2494.11767578125
500.0 444.0 2411.7646484375
504.0 444.0 2400.0
508.0 444.0 2270.58837890625
512.0 444.0 2400.0
516.0 444.0 2400.0
520.0 444.0 2411.7646484375
524.0 444.0 2400.0
528.0 444.0 2305.88232421875
532.0 444.0 2258.823486328125
536.0 444.0 2058.823486328125
540.0 444.0 1952.9412841796875
544.0 444.0 1682.35302734375
548.0 444.0 1435.2940673828125
552.0 444.0 1270.5882568359375
556.0 444.0 1105.88232421875
560.0 444.0 952.9412231445312
564.0 444.0 905.8823852539062
568.0 444.0 1035.294189453125
572.0 444.0 1023.5294189453125
576.0 444.0 988.2353515625
580.0 444.0 1000.0
584.0 444.0 941.176513671875
588.0 444.0 1000.0
592.0 444.0 917.6470947265625
596.0 444.0 1011.7647094726562
600.0 444.0 1011.7647094726562
604.0 444.0 929.4118041992188
608.0 444.0 952.9412231445312
612.0 444.0 941.176513671875
616.0 444.0 1058.8236083984375
620.0 444.0 1000.0
624.0 444.0 988.2353515625
628.0 444.0 976.4706420898438
632.0 444.0 929.4118041992188
636.0 444.0 894.11767578125
0.0 448.0 2917.64697265625
4.0 448.0 2811.7646484375
8.0 448.0 2905.88232421875
12.0 448.0 2894.11767578125
16.0 448.0 2835.294189453125
20.0 448.0 2894.11767578125
24.0 448.0 2835.294189453125
28.0 448.0 2858.823486328125
32.0 448.0 2847.058837890625
36.0 448.0 2835.294189453125
40.0 448.0 2847.058837890625
44.0 448.0 2835.294189453125
48.0 448.0 2847.058837890625
52.0 448.0 2835.294189453125
56.0 448.0 2835.294189453125
60.0 448.0 2835.294189453125
64.0 448.0 2847.058837890625
68.0 448.0 2811.7646484375
72.0 448.0 2811.7646484375
76.0 448.0 2823.529541015625
80.0 448.0 2788.2353515625
84.0 448.0 2764.705810546875
88.0 448.0 2752.941162109375
92.0 448.0 2752.941162109375
96.0 448.0 2811.7646484375
100.0 448.0 2705.88232421875
104.0 448.0 2776.470703125
108.0 448.0 2741.176513671875
112.0 448.0 2752.941162109375
116.0 448.0 2670.588134765625
120.0 448.0 2788.2353515625
124.0 448.0 2847.058837890625
128.0 448.0 2823.529541015625
132.0 448.0 2811.7646484375
136.0 448.0 2788.2353515625
140.0 448.0 2811.7646484375
144.0 448.0 2823.529541015625
148.0 448.0 2776.470703125
152.0 448.0 2835.294189453125
156.0 448.0 2823.529541015625
160.0 448.0 2847.058837890625
164.0 448.0 2835.294189453125
168.0 448.0 2976.470703125
172.0 448.0 2847.058837890625
176.0 448.0 2764.705810546875
180.0 448.0 2670.588134765625
184.0 448.0 2647.058837890625
188.0 448.0 2682.35302734375
192.0 448.0 2670.588134765625
196.0 448.0 2670.588134765625
200.0 448.0 2682.35302734375
204.0 448.0 2682.35302734375
208.0 448.0 2752.941162109375
212.0 448.0 2670.588134765625
216.0 448.0 2670.588134765625
220.0 448.0 2682.35302734375
224.0 448.0 2682.35302734375
228.0 448.0 2670.588134765625
232.0 448.0 2729.411865234375
236.0 448.0 2694.11767578125
240.0 448.0 2670.588134765625
244.0 448.0 2670.588134765625
248.0 448.0 2670.588134765625
252.0 448.0 2658.823486328125
256.0 448.0 2670.588134765625
260.0 448.0 2611.7646484375
264.0 448.0 2611.7646484375
268.0 448.0 2647.058837890625
272.0 448.0 2729.411865234375
276.0 448.0 2611.7646484375
280.0 448.0 2600.0
284.0 448.0 2670.588134765625
288.0 448.0 2576.470703125
292.0 448.0 2611.7646484375
296.0 448.0 2600.0
300.0 448.0 2564.705810546875
304.0 448.0 2588.2353515625
308.0 448.0 2611.7646484375
312.0 448.0 2576.470703125
316.0 448.0 2505.88232421875
320.0 448.0 2552.941162109375
324.0 448.0 2564.705810546875
328.0 448.0 2611.7646484375
332.0 448.0 2494.11767578125
336.0 448.0 2423.529541015625
340.0 448.0 2447.058837890625
344.0 448.0 2470.58837890625
348.0 448.0 2470.58837890625
352.0 448.0 2482.35302734375
356.0 448.0 2435.294189453125
360.0 448.0 2482.35302734375
364.0 448.0 2341.176513671875
368.0 448.0 2423.529541015625
372.0 448.0 2423.529541015625
376.0 448.0 2400.0
380.0 448.0 2411.7646484375
384.0 448.0 2400.0
388.0 448.0 2411.7646484375
392.0 448.0 2423.529541015625
396.0 448.0 2411.7646484375
400.0 448.0 2364.705810546875
404.0 448.0 2364.705810546875
408.0 448.0 2435.294189453125
412.0 448.0 2423.529541015625
416.0 448.0 2423.529541015625
420.0 448.0 2423.529541015625
424.0 448.0 2423.529541015625
428.0 448.0 2423.529541015625
432.0 448.0 2447.058837890625
436.0 448.0 2423.529541015625
440.0 448.0 2447.058837890625
444.0 448.0 2423.529541015625
448.0 448.0 2411.7646484375
452.0 448.0 2364.705810546875
456.0 448.0 2423.529541015625
460.0 448.0 2505.88232421875
464.0 448.0 2552.941162109375
468.0 448.0 2482.35302734375
472.0 448.0 2423.529541015625
476.0 448.0 2423.529541015625
480.0 448.0 2423.529541015625
484.0 448.0 2505.88232421875
488.0 448.0 2411.7646484375
492.0 448.0 2400.0
496.0 448.0 2447.058837890625
500.0 448.0 2364.705810546875
504.0 448.0 2447.058837890625
508.0 448.0 2352.941162109375
512.0 448.0 2423.529541015625
516.0 448.0 2364.705810546875
520.0 448.0 2388.2353515625
524.0 448.0 2341.176513671875
528.0 448.0 2411.7646484375
532.0 448.0 2258.823486328125
536.0 448.0 2152.941162109375
540.0 448.0 2000.0
544.0 448.0 1729.411865234375
548.0 448.0 1576.470703125
552.0 448.0 1305.88232421875
556.0 448.0 1023.5294189453125
560.0 448.0 952.9412231445312
564.0 448.0 1000.0
568.0 448.0 1011.7647094726562
572.0 448.0 1082.3529052734375
576.0 448.0 976.4706420898438
580.0 448.0 952.9412231445312
584.0 448.0 988.2353515625
588.0 448.0 1011.7647094726562
592.0 448.0 952.9412231445312
596.0 448.0 976.4706420898438
600.0 448.0 988.2353515625
604.0 448.0 976.4706420898438
608.0 448.0 917.6470947265625
612.0 448.0 988.2353515625
616.0 448.0 1011.7647094726562
620.0 448.0 1023.5294189453125
624.0 448.0 905.8823852539062
628.0 448.0 952.9412231445312
632.0 448.0 1000.0
636.0 448.0 1035.294189453125
0.0 452.0 2835.294189453125
4.0 452.0 2835.294189453125
8.0 452.0 2847.058837890625
12.0 452.0 2870.588134765625
16.0 452.0 2858.823486328125
20.0 452.0 2905.88232421875
24.0 452.0 2835.294189453125
28.0 452.0 2870.588134765625
32.0 452.0 2870.588134765625
36.0 452.0 2870.588134765625
40.0 452.0 2858.823486328125
44.0 452.0 2847.058837890625
48.0 452.0 2835.294189453125
52.0 452.0 2858.823486328125
56.0 452.0 2858.823486328125
60.0 452.0 2835.294189453125
64.0 452.0 2847.058837890625
68.0 452.0 2835.294189453125
72.0 452.0 2776.470703125
76.0 452.0 2835.294189453125
80.0 452.0 2764.705810546875
84.0 452.0 2788.2353515625
88.0 452.0 2764.705810546875
92.0 452.0 2811.7646484375
96.0 452.0 2870.588134765625
100.0 452.0 2764.705810546875
104.0 452.0 2670.588134765625
108.0 452.0 2847.058837890625
112.0 452.0 2788.2353515625
116.0 452.0 2835.294189453125
120.0 452.0 2741.176513671875
124.0 452.0 2870.588134765625
128.0 452.0 2847.058837890625
132.0 452.0 2917.64697265625
136.0 452.0 2788.2353515625
140.0 452.0 2811.7646484375
144.0 452.0 2752.941162109375
148.0 452.0 2788.2353515625
152.0 452.0 2764.705810546875
156.0 452.0 2764.705810546875
160.0 452.0 2705.88232421875
164.0 452.0 2823.529541015625
168.0 452.0 2988.2353515625
172.0 452.0 2858.823486328125
176.0 452.0 2752.941162109375
180.0 452.0 2752.941162109375
184.0 452.0 2682.35302734375
188.0 452.0 2682.35302734375
192.0 452.0 2682.35302734375
196.0 452.0 2670.588134765625
200.0 452.0 2729.411865234375
204.0 452.0 2694.11767578125
208.0 452.0 2670.588134765625
212.0 452.0 2705.88232421875
216.0 452.0 2705.88232421875
220.0 452.0 2647.058837890625
224.0 452.0 2705.88232421875
228.0 452.0 2600.0
232.0 452.0 2752.941162109375
236.0 452.0 2752.941162109375
240.0 452.0 2752.941162109375
244.0 452.0 2705.88232421875
248.0 452.0 2694.11767578125
252.0 452.0 2741.176513671875
256.0 452.0 2752.941162109375
260.0 452.0 2670.588134765625
264.0 452.0 2682.35302734375
268.0 452.0 2623.529541015625
272.0 452.0 2729.411865234375
276.0 452.0 2670.588134765625
280.0 452.0 2694.11767578125
284.0 452.0 2729.411865234375
288.0 452.0 2588.2353515625
292.0 452.0 2600.0
296.0 452.0 2529.411865234375
300.0 452.0 2576.470703125
304.0 452.0 2588.2353515625
308.0 452.0 2564.705810546875
312.0 452.0 2552.941162109375
316.0 452.0 2529.411865234375
320.0 452.0 2564.705810546875
324.0 452.0 2564.705810546875
328.0 452.0 2647.058837890625
332.0 452.0 2505.88232421875
336.0 452.0 2517.64697265625
340.0 452.0 2482.35302734375
344.0 452.0 2505.88232421875
348.0 452.0 2494.11767578125
352.0 452.0 2494.11767578125
356.0 452.0 2494.11767578125
360.0 452.0 2447.058837890625
364.0 452.0 2482.35302734375
368.0 452.0 2435.294189453125
372.0 452.0 2435.294189453125
376.0 452.0 2329.411865234375
380.0 452.0 2423.529541015625
384.0 452.0 2364.705810546875
388.0 452.0 2423.529541015625
392.0 452.0 2388.2353515625
396.0 452.0 2435.294189453125
400.0 452.0 2435.294189453125
404.0 452.0 2329.411865234375
408.0 452.0 2400.0
412.0 452.0 2447.058837890625
416.0 452.0 2352.941162109375
420.0 452.0 2423.529541015625
424.0 452.0 2435.294189453125
428.0 452.0 2423.529541015625
432.0 452.0 2423.529541015625
436.0 452.0 2447.058837890625
440.0 452.0 2423.529541015625
444.0 452.0 2423.529541015625
448.0 452.0 2411.7646484375
452.0 452.0 2470.58837890625
456.0 452.0 2482.35302734375
460.0 452.0 2470.58837890625
464.0 452.0 2447.058837890625
468.0 452.0 2423.529541015625
472.0 452.0 2470.58837890625
476.0 452.0 2435.294189453125
480.0 452.0 2435.294189453125
484.0 452.0 2470.58837890625
488.0 452.0 2352.941162109375
492.0 452.0 2400.0
496.0 452.0 2388.2353515625
500.0 452.0 2388.2353515625
504.0 452.0 2435.294189453125
508.0 452.0 2364.705810546875
512.0 452.0 2411.7646484375
516.0 452.0 2400.0
520.0 452.0 2364.705810546875
524.0 452.0 2400.0
528.0 452.0 2411.7646484375
532.0 452.0 2317.647216796875
536.0 452.0 2188.2353515625
540.0 452.0 2058.823486328125
544.0 452.0 1823.529541015625
548.0 452.0 1588.2353515625
552.0 452.0 1411.7647705078125
556.0 452.0 1105.88232421875
560.0 452.0 952.9412231445312
564.0 452.0 1000.0
568.0 452.0 1070.5882568359375
572.0 452.0 929.4118041992188
576.0 452.0 1011.7647094726562
580.0 452.0 1023.5294189453125
584.0 452.0 941.176513671875
588.0 452.0 1011.7647094726562
592.0 452.0 988.2353515625
596.0 452.0 1011.7647094726562
600.0 452.0 1000.0
604.0 452.0 905.8823852539062
608.0 452.0 941.176513671875
612.0 452.0 976.4706420898438
616.0 452.0 1094.11767578125
620.0 452.0 1011.7647094726562
624.0 452.0 1000.0
628.0 452.0 976.4706420898438
632.0 452.0 941.176513671875
636.0 452.0 988.2353515625
0.0 456.0 2870.588134765625
4.0 456.0 2847.058837890625
8.0 456.0 2823.529541015625
12.0 456.0 2894.11767578125
16.0 456.0 2858.823486328125
20.0 456.0 2905.88232421875
24.0 456.0 2870.588134765625
28.0 456.0 2835.294189453125
32.0 456.0 2811.7646484375
36.0 456.0 2894.11767578125
40.0 456.0 2847.058837890625
44.0 456.0 2835.294189453125
48.0 456.0 2752.941162109375
52.0 456.0 2823.529541015625
56.0 456.0 2835.294189453125
60.0 456.0 2729.411865234375
64.0 456.0 2835.294189453125
68.0 456.0 2823.529541015625
72.0 456.0 2823.529541015625
76.0 456.0 2823.529541015625
80.0 456.0 2811.7646484375
84.0 456.0 2764.705810546875
88.0 456.0 2811.7646484375
92.0 456.0 2858.823486328125
96.0 456.0 2811.7646484375
100.0 456.0 2776.470703125
104.0 456.0 2752.941162109375
108.0 456.0 2811.7646484375
112.0 456.0 2776.470703125
116.0 456.0 2741.176513671875
120.0 456.0 2811.7646484375
124.0 456.0 2870.588134765625
128.0 456.0 2905.88232421875
132.0 456.0 2894.11767578125
136.0 456.0 2847.058837890625
140.0 456.0 2894.11767578125
144.0 456.0 2835.294189453125
148.0 456.0 2858.823486328125
152.0 456.0 2835.294189453125
156.0 456.0 2894.11767578125
160.0 456.0 2823.529541015625
164.0 456.0 2823.529541015625
168.0 456.0 2776.470703125
172.0 456.0 2764.705810546875
176.0 456.0 2764.705810546875
180.0 456.0 2705.88232421875
184.0 456.0 2694.11767578125
188.0 456.0 2752.941162109375
192.0 456.0 2682.35302734375
196.0 456.0 2752.941162109375
200.0 456.0 2705.88232421875
204.0 456.0 2670.588134765625
208.0 456.0 2670.588134765625
212.0 456.0 2694.11767578125
216.0 456.0 2694.11767578125
220.0 456.0 2729.411865234375
224.0 456.0 2705.88232421875
228.0 456.0 2694.11767578125
232.0 456.0 2776.470703125
236.0 456.0 2694.11767578125
240.0 456.0 2729.411865234375
244.0 456.0 2682.35302734375
248.0 456.0 2694.11767578125
252.0 456.0 2752.941162109375
256.0 456.0 2776.470703125
260.0 456.0 2752.941162109375
264.0 456.0 2658.823486328125
268.0 456.0 2694.11767578125
272.0 456.0 2752.941162109375
276.0 456.0 2741.176513671875
280.0 456.0 2729.411865234375
284.0 456.0 2670.588134765625
288.0 456.0 2588.2353515625
292.0 456.0 2611.7646484375
296.0 456.0 2564.705810546875
300.0 456.0 2600.0
304.0 456.0 2588.2353515625
308.0 456.0 2482.35302734375
312.0 456.0 2588.2353515625
316.0 456.0 2529.411865234375
320.0 456.0 2564.705810546875
324.0 456.0 2564.705810546875
328.0 456.0 2564.705810546875
332.0 456.0 2470.58837890625
336.0 456.0 2505.88232421875
340.0 456.0 2482.35302734375
344.0 456.0 2505.88232421875
348.0 456.0 2505.88232421875
352.0 456.0 2482.35302734375
356.0 456.0 2411.7646484375
360.0 456.0 2435.294189453125
364.0 456.0 2423.529541015625
368.0 456.0 2470.58837890625
372.0 456.0 2423.529541015625
376.0 456.0 2411.7646484375
380.0 456.0 2352.941162109375
384.0 456.0 2411.7646484375
388.0 456.0 2411.7646484375
392.0 456.0 2411.7646484375
396.0 456.0 2388.2353515625
400.0 456.0 2411.7646484375
404.0 456.0 2423.529541015625
408.0 456.0 2423.529541015625
412.0 456.0 2470.58837890625
416.0 456.0 2411.7646484375
420.0 456.0 2447.058837890625
424.0 456.0 2411.7646484375
428.0 456.0 2423.529541015625
432.0 456.0 2400.0
436.0 456.0 2423.529541015625
440.0 456.0 2423.529541015625
444.0 456.0 2470.58837890625
448.0 456.0 2447.058837890625
452.0 456.0 2447.058837890625
456.0 456.0 2435.294189453125
460.0 456.0 2435.294189453125
464.0 456.0 2470.58837890625
468.0 456.0 2435.294189453125
472.0 456.0 2423.529541015625
476.0 456.0 2423.529541015625
480.0 456.0 2411.7646484375
484.0 456.0 2482.35302734375
488.0 456.0 2388.2353515625
492.0 456.0 2447.058837890625
496.0 456.0 2447.058837890625
500.0 456.0 2400.0
504.0 456.0 2447.058837890625
508.0 456.0 2447.058837890625
512.0 456.0 2482.35302734375
516.0 456.0 2364.705810546875
520.0 456.0 2388.2353515625
524.0 456.0 2411.7646484375
528.0 456.0 2423.529541015625
532.0 456.0 2258.823486328125
536.0 456.0 2188.2353515625
540.0 456.0 2035.294189453125
544.0 456.0 1917.6470947265625
548.0 456.0 1682.35302734375
552.0 456.0 1388.2353515625
556.0 456.0 1105.88232421875
560.0 456.0 917.6470947265625
564.0 456.0 1035.294189453125
568.0 456.0 1023.5294189453125
572.0 456.0 1023.5294189453125
576.0 456.0 952.9412231445312
580.0 456.0 1011.7647094726562
584.0 456.0 1058.8236083984375
588.0 456.0 1058.8236083984375
592.0 456.0 1000.0
596.0 456.0 1070.5882568359375
600.0 456.0 1000.0
604.0 456.0 1035.294189453125
608.0 456.0 941.176513671875
612.0 456.0 988.2353515625
616.0 456.0 1070.5882568359375
620.0 456.0 1035.294189453125
624.0 456.0 941.176513671875
628.0 456.0 1035.294189453125
632.0 456.0 988.2353515625
636.0 456.0 1000.0
0.0 460.0 2870.588134765625
4.0 460.0 2894.11767578125
8.0 460.0 2905.88232421875
12.0 460.0 2917.64697265625
16.0 460.0 2870.588134765625
20.0 460.0 2811.7646484375
24.0 460.0 2847.058837890625
28.0 460.0 2917.64697265625
32.0 460.0 2811.7646484375
36.0 460.0 2835.294189453125
40.0 460.0 2858.823486328125
44.0 460.0 2870.588134765625
48.0 460.0 2835.294189453125
52.0 460.0 2858.823486328125
56.0 460.0 2835.294189453125
60.0 460.0 2764.705810546875
64.0 460.0 2764.705810546875
68.0 460.0 2823.529541015625
72.0 460.0 2894.11767578125
76.0 460.0 2835.294189453125
80.0 460.0 2835.294189453125
84.0 460.0 2835.294189453125
88.0 460.0 2788.2353515625
92.0 460.0 2811.7646484375
96.0 460.0 2858.823486328125
100.0 460.0 2752.941162109375
104.0 460.0 2811.7646484375
108.0 460.0 2788.2353515625
112.0 460.0 2741.176513671875
116.0 460.0 2752.941162109375
120.0 460.0 2788.2353515625
124.0 460.0 2870.588134765625
128.0 460.0 2835.294189453125
132.0 460.0 2917.64697265625
136.0 460.0 2811.7646484375
140.0 460.0 2905.88232421875
144.0 460.0 2905.88232421875
148.0 460.0 2894.11767578125
152.0 460.0 2835.294189453125
156.0 460.0 2741.176513671875
160.0 460.0 2847.058837890625
164.0 460.0 2823.529541015625
168.0 460.0 2952.941162109375
172.0 460.0 2858.823486328125
176.0 460.0 2847.058837890625
180.0 460.0 2729.411865234375
184.0 460.0 2647.058837890625
188.0 460.0 2682.35302734375
192.0 460.0 2670.588134765625
196.0 460.0 2729.411865234375
200.0 460.0 2670.588134765625
204.0 460.0 2670.588134765625
208.0 460.0 2741.176513671875
212.0 460.0 2729.411865234375
216.0 460.0 2752.941162109375
220.0 460.0 2705.88232421875
224.0 460.0 2752.941162109375
228.0 460.0 2658.823486328125
232.0 460.0 2752.941162109375
236.0 460.0 2741.176513671875
240.0 460.0 2694.11767578125
244.0 460.0 2694.11767578125
248.0 460.0 2811.7646484375
252.0 460.0 2752.941162109375
256.0 460.0 2764.705810546875
260.0 460.0 2729.411865234375
264.0 460.0 2670.588134765625
268.0 460.0 2729.411865234375
272.0 460.0 2776.470703125
276.0 460.0 2752.941162109375
280.0 460.0 2694.11767578125
284.0 460.0 2694.11767578125
288.0 460.0 2600.0
292.0 460.0 2658.823486328125
296.0 460.0 2694.11767578125
300.0 460.0 2576.470703125
304.0 460.0 2647.058837890625
308.0 460.0 2576.470703125
312.0 460.0 2588.2353515625
316.0 460.0 2552.941162109375
320.0 460.0 2588.2353515625
324.0 460.0 2529.411865234375
328.0 460.0 2576.470703125
332.0 460.0 2447.058837890625
336.0 460.0 2564.705810546875
340.0 460.0 2494.11767578125
344.0 460.0 2470.58837890625
348.0 460.0 2552.941162109375
352.0 460.0 2517.64697265625
356.0 460.0 2482.35302734375
360.0 460.0 2423.529541015625
364.0 460.0 2505.88232421875
368.0 460.0 2470.58837890625
372.0 460.0 2470.58837890625
376.0 460.0 2435.294189453125
380.0 460.0 2423.529541015625
384.0 460.0 2447.058837890625
388.0 460.0 2435.294189453125
392.0 460.0 2400.0
396.0 460.0 2435.294189453125
400.0 460.0 2423.529541015625
404.0 460.0 2388.2353515625
408.0 460.0 2411.7646484375
412.0 460.0 2364.705810546875
416.0 460.0 2423.529541015625
420.0 460.0 2388.2353515625
424.0 460.0 2482.35302734375
428.0 460.0 2517.64697265625
432.0 460.0 2423.529541015625
436.0 460.0 2482.35302734375
440.0 460.0 2352.941162109375
444.0 460.0 2423.529541015625
448.0 460.0 2482.35302734375
452.0 460.0 2494.11767578125
456.0 460.0 2494.11767578125
460.0 460.0 2447.058837890625
464.0 460.0 2447.058837890625
468.0 460.0 2529.411865234375
472.0 460.0 2529.411865234375
476.0 460.0 2423.529541015625
480.0 460.0 2447.058837890625
484.0 460.0 2482.35302734375
488.0 460.0 2435.294189453125
492.0 460.0 2435.294189453125
496.0 460.0 2435.294189453125
500.0 460.0 2411.7646484375
504.0 460.0 2482.35302734375
508.0 460.0 2435.294189453125
512.0 460.0 2529.411865234375
516.0 460.0 2423.529541015625
520.0 460.0 2411.7646484375
524.0 460.0 2423.529541015625
528.0 460.0 2447.058837890625
532.0 460.0 2352.941162109375
536.0 460.0 2329.411865234375
540.0 460.0 2082.35302734375
544.0 460.0 1870.5882568359375
548.0 460.0 1752.9412841796875
552.0 460.0 1482.3529052734375
556.0 460.0 1188.2353515625
560.0 460.0 1082.3529052734375
564.0 460.0 1058.8236083984375
568.0 460.0 1082.3529052734375
572.0 460.0 1082.3529052734375
576.0 460.0 1070.5882568359375
580.0 460.0 1011.7647094726562
584.0 460.0 929.4118041992188
588.0 460.0 1082.3529052734375
592.0 460.0 1082.3529052734375
596.0 460.0 1035.294189453125
600.0 460.0 1000.0
604.0 460.0 1023.5294189453125
608.0 460.0 1035.294189453125
612.0 460.0 1070.5882568359375
616.0 460.0 1000.0
620.0 460.0 1011.7647094726562
624.0 460.0 1000.0
628.0 460.0 1035.294189453125
632.0 460.0 1035.294189453125
636.0 460.0 1082.3529052734375
0.0 464.0 2870.588134765625
4.0 464.0 2847.058837890625
8.0 464.0 2858.823486328125
12.0 464.0 2870.588134765625
16.0 464.0 2870.588134765625
20.0 464.0 2847.058837890625
24.0 464.0 2835.294189453125
28.0 464.0 2917.64697265625
32.0 464.0 2788.2353515625
36.0 464.0 2870.588134765625
40.0 464.0 2835.294189453125
44.0 464.0 2835.294189453125
48.0 464.0 2835.294189453125
52.0 464.0 2811.7646484375
56.0 464.0 2835.294189453125
60.0 464.0 2752.941162109375
64.0 464.0 2788.2353515625
68.0 464.0 2764.705810546875
72.0 464.0 2847.058837890625
76.0 464.0 2835.294189453125
80.0 464.0 2764.705810546875
84.0 464.0 2776.470703125
88.0 464.0 2823.529541015625
92.0 464.0 2823.529541015625
96.0 464.0 2764.705810546875
100.0 464.0 2741.176513671875
104.0 464.0 2741.176513671875
108.0 464.0 2764.705810546875
112.0 464.0 2776.470703125
116.0 464.0 2764.705810546875
120.0 464.0 2752.941162109375
124.0 464.0 2823.529541015625
128.0 464.0 2835.294189453125
132.0 464.0 2858.823486328125
136.0 464.0 2835.294189453125
140.0 464.0 2835.294189453125
144.0 464.0 2823.529541015625
148.0 464.0 2847.058837890625
152.0 464.0 2835.294189453125
156.0 464.0 2764.705810546875
160.0 464.0 2811.7646484375
164.0 464.0 2752.941162109375
168.0 464.0 2835.294189453125
172.0 464.0 2752.941162109375
176.0 464.0 2835.294189453125
180.0 464.0 2741.176513671875
184.0 464.0 2670.588134765625
188.0 464.0 2729.411865234375
192.0 464.0 2670.588134765625
196.0 464.0 2694.11767578125
200.0 464.0 2647.058837890625
204.0 464.0 2670.588134765625
208.0 464.0 2682.35302734375
212.0 464.0 2670.588134765625
216.0 464.0 2729.411865234375
220.0 464.0 2729.411865234375
224.0 464.0 2647.058837890625
228.0 464.0 2682.35302734375
232.0 464.0 2694.11767578125
236.0 464.0 2741.176513671875
240.0 464.0 2705.88232421875
244.0 464.0 2694.11767578125
248.0 464.0 2764.705810546875
252.0 464.0 2776.470703125
256.0 464.0 2741.176513671875
260.0 464.0 2764.705810546875
264.0 464.0 2705.88232421875
268.0 464.0 2741.176513671875
272.0 464.0 2729.411865234375
276.0 464.0 2788.2353515625
280.0 464.0 2752.941162109375
284.0 464.0 2705.88232421875
288.0 464.0 2588.2353515625
292.0 464.0 2576.470703125
296.0 464.0 2611.7646484375
300.0 464.0 2588.2353515625
304.0 464.0 2588.2353515625
308.0 464.0 2552.941162109375
312.0 464.0 2529.411865234375
316.0 464.0 2552.941162109375
320.0 464.0 2505.88232421875
324.0 464.0 2564.705810546875
328.0 464.0 2505.88232421875
332.0 464.0 2447.058837890625
336.0 464.0 2470.58837890625
340.0 464.0 2447.058837890625
344.0 464.0 2447.058837890625
348.0 464.0 2505.88232421875
352.0 464.0 2505.88232421875
356.0 464.0 2494.11767578125
360.0 464.0 2388.2353515625
364.0 464.0 2505.88232421875
368.0 464.0 2505.88232421875
372.0 464.0 2447.058837890625
376.0 464.0 2482.35302734375
380.0 464.0 2505.88232421875
384.0 464.0 2388.2353515625
388.0 464.0 2423.529541015625
392.0 464.0 2423.529541015625
396.0 464.0 2447.058837890625
400.0 464.0 2352.941162109375
404.0 464.0 2364.705810546875
408.0 464.0 2388.2353515625
412.0 464.0 2364.705810546875
416.0 464.0 2329.411865234375
420.0 464.0 2341.176513671875
424.0 464.0 2423.529541015625
428.0 464.0 2435.294189453125
432.0 464.0 2423.529541015625
436.0 464.0 2423.529541015625
440.0 464.0 2411.7646484375
444.0 464.0 2470.58837890625
448.0 464.0 2423.529541015625
452.0 464.0 2411.7646484375
456.0 464.0 2423.529541015625
460.0 464.0 2482.35302734375
464.0 464.0 2435.294189453125
468.0 464.0 2435.294189453125
472.0 464.0 2470.58837890625
476.0 464.0 2341.176513671875
480.0 464.0 2400.0
484.0 464.0 2517.64697265625
488.0 464.0 2435.294189453125
492.0 464.0 2423.529541015625
496.0 464.0 2400.0
500.0 464.0 2423.529541015625
504.0 464.0 2411.7646484375
508.0 464.0 2411.7646484375
512.0 464.0 2400.0
516.0 464.0 2482.35302734375
520.0 464.0 2447.058837890625
524.0 464.0 2411.7646484375
528.0 464.0 2482.35302734375
532.0 464.0 2400.0
536.0 464.0 2270.58837890625
540.0 464.0 2152.941162109375
544.0 464.0 1941.176513671875
548.0 464.0 1741.176513671875
552.0 464.0 1435.2940673828125
556.0 464.0 1152.941162109375
560.0 464.0 1070.5882568359375
564.0 464.0 941.176513671875
568.0 464.0 976.4706420898438
572.0 464.0 1070.5882568359375
576.0 464.0 1035.294189453125
580.0 464.0 1011.7647094726562
584.0 464.0 1000.0
588.0 464.0 929.4118041992188
592.0 464.0 976.4706420898438
596.0 464.0 1000.0
600.0 464.0 976.4706420898438
604.0 464.0 952.9412231445312
608.0 464.0 988.2353515625
612.0 464.0 1058.8236083984375
616.0 464.0 1000.0
620.0 464.0 1070.5882568359375
624.0 464.0 1023.5294189453125
628.0 464.0 941.176513671875
632.0 464.0 1000.0
636.0 464.0 1094.11767578125
0.0 468.0 2917.64697265625
4.0 468.0 2847.058837890625
8.0 468.0 2929.411865234375
12.0 468.0 2929.411865234375
16.0 468.0 2870.588134765625
20.0 468.0 2905.88232421875
24.0 468.0 2858.823486328125
28.0 468.0 2847.058837890625
32.0 468.0 2894.11767578125
36.0 468.0 2835.294189453125
40.0 468.0 2858.823486328125
44.0 468.0 2835.294189453125
48.0 468.0 2894.11767578125
52.0 468.0 2835.294189453125
56.0 468.0 2858.823486328125
60.0 468.0 2752.941162109375
64.0 468.0 2835.294189453125
68.0 468.0 2811.7646484375
72.0 468.0 2835.294189453125
76.0 468.0 2847.058837890625
80.0 468.0 2835.294189453125
84.0 468.0 2764.705810546875
88.0 468.0 2835.294189453125
92.0 468.0 2823.529541015625
96.0 468.0 2776.470703125
100.0 468.0 2752.941162109375
104.0 468.0 2729.411865234375
108.0 468.0 2811.7646484375
112.0 468.0 2776.470703125
116.0 468.0 2694.11767578125
120.0 468.0 2752.941162109375
124.0 468.0 2823.529541015625
128.0 468.0 2752.941162109375
132.0 468.0 2835.294189453125
136.0 468.0 2776.470703125
140.0 468.0 2776.470703125
144.0 468.0 2752.941162109375
148.0 468.0 2835.294189453125
152.0 468.0 2835.294189453125
156.0 468.0 2811.7646484375
160.0 468.0 2835.294189453125
164.0 468.0 2729.411865234375
168.0 468.0 2835.294189453125
172.0 468.0 2776.470703125
176.0 468.0 2788.2353515625
180.0 468.0 2752.941162109375
184.0 468.0 2658.823486328125
188.0 468.0 2705.88232421875
192.0 468.0 2670.588134765625
196.0 468.0 2670.588134765625
200.0 468.0 2647.058837890625
204.0 468.0 2658.823486328125
208.0 468.0 2670.588134765625
212.0 468.0 2647.058837890625
216.0 468.0 2694.11767578125
220.0 468.0 2694.11767578125
224.0 468.0 2694.11767578125
228.0 468.0 2670.588134765625
232.0 468.0 2729.411865234375
236.0 468.0 2729.411865234375
240.0 468.0 2752.941162109375
244.0 468.0 2670.588134765625
248.0 468.0 2741.176513671875
252.0 468.0 2788.2353515625
256.0 468.0 2776.470703125
260.0 468.0 2752.941162109375
264.0 468.0 2694.11767578125
268.0 468.0 2682.35302734375
272.0 468.0 2752.941162109375
276.0 468.0 2764.705810546875
280.0 468.0 2752.941162109375
284.0 468.0 2752.941162109375
288.0 468.0 2588.2353515625
292.0 468.0 2588.2353515625
296.0 468.0 2576.470703125
300.0 468.0 2552.941162109375
304.0 468.0 2600.0
308.0 468.0 2552.941162109375
312.0 468.0 2588.2353515625
316.0 468.0 2576.470703125
320.0 468.0 2576.470703125
324.0 468.0 2576.470703125
328.0 468.0 2611.7646484375
332.0 468.0 2482.35302734375
336.0 468.0 2505.88232421875
340.0 468.0 2435.294189453125
344.0 468.0 2494.11767578125
348.0 468.0 2470.58837890625
352.0 468.0 2482.35302734375
356.0 468.0 2447.058837890625
360.0 468.0 2494.11767578125
364.0 468.0 2470.58837890625
368.0 468.0 2411.7646484375
372.0 468.0 2400.0
376.0 468.0 2447.058837890625
380.0 468.0 2447.058837890625
384.0 468.0 2388.2353515625
388.0 468.0 2423.529541015625
392.0 468.0 2388.2353515625
396.0 468.0 2364.705810546875
400.0 468.0 2388.2353515625
404.0 468.0 2352.941162109375
408.0 468.0 2482.35302734375
412.0 468.0 2423.529541015625
416.0 468.0 2423.529541015625
420.0 468.0 2341.176513671875
424.0 468.0 2388.2353515625
428.0 468.0 2423.529541015625
432.0 468.0 2447.058837890625
436.0 468.0 2411.7646484375
440.0 468.0 2388.2353515625
444.0 468.0 2435.294189453125
448.0 468.0 2447.058837890625
452.0 468.0 2388.2353515625
456.0 468.0 2470.58837890625
460.0 468.0 2423.529541015625
464.0 468.0 2470.58837890625
468.0 468.0 2411.7646484375
472.0 468.0 2447.058837890625
476.0 468.0 2435.294189453125
480.0 468.0 2494.11767578125
484.0 468.0 2482.35302734375
488.0 468.0 2435.294189453125
492.0 468.0 2505.88232421875
496.0 468.0 2423.529541015625
500.0 468.0 2341.176513671875
504.0 468.0 2435.294189453125
508.0 468.0 2400.0
512.0 468.0 2400.0
516.0 468.0 2447.058837890625
520.0 468.0 2388.2353515625
524.0 468.0 2494.11767578125
528.0 468.0 2435.294189453125
532.0 468.0 2329.411865234375
536.0 468.0 2247.058837890625
540.0 468.0 2247.058837890625
544.0 468.0 1976.470703125
548.0 468.0 1764.7059326171875
552.0 468.0 1588.2353515625
556.0 468.0 1200.0
560.0 468.0 1141.176513671875
564.0 468.0 1000.0
568.0 468.0 1035.294189453125
572.0 468.0 1058.8236083984375
576.0 468.0 1000.0
580.0 468.0 1117.6470947265625
584.0 468.0 988.2353515625
588.0 468.0 1058.8236083984375
592.0 468.0 988.2353515625
596.0 468.0 1000.0
600.0 468.0 1000.0
604.0 468.0 1011.7647094726562
608.0 468.0 1000.0
612.0 468.0 1023.5294189453125
616.0 468.0 1117.6470947265625
620.0 468.0 1082.3529052734375
624.0 468.0 1000.0
628.0 468.0 1058.8236083984375
632.0 468.0 988.2353515625
636.0 468.0 1082.3529052734375
0.0 472.0 2905.88232421875
4.0 472.0 2858.823486328125
8.0 472.0 2917.64697265625
12.0 472.0 2905.88232421875
16.0 472.0 2823.529541015625
20.0 472.0 2835.294189453125
24.0 472.0 2858.823486328125
28.0 472.0 2835.294189453125
32.0 472.0 2847.058837890625
36.0 472.0 2788.2353515625
40.0 472.0 2847.058837890625
44.0 472.0 2847.058837890625
48.0 472.0 2870.588134765625
52.0 472.0 2870.588134765625
56.0 472.0 2835.294189453125
60.0 472.0 2776.470703125
64.0 472.0 2811.7646484375
68.0 472.0 2835.294189453125
72.0 472.0 2835.294189453125
76.0 472.0 2752.941162109375
80.0 472.0 2811.7646484375
84.0 472.0 2823.529541015625
88.0 472.0 2811.7646484375
92.0 472.0 2847.058837890625
96.0 472.0 2894.11767578125
100.0 472.0 2752.941162109375
104.0 472.0 2705.88232421875
108.0 472.0 2729.411865234375
112.0 472.0 2752.941162109375
116.0 472.0 2752.941162109375
120.0 472.0 2764.705810546875
124.0 472.0 2835.294189453125
128.0 472.0 2741.176513671875
132.0 472.0 2764.705810546875
136.0 472.0 2764.705810546875
140.0 472.0 2694.11767578125
144.0 472.0 2788.2353515625
148.0 472.0 2741.176513671875
152.0 472.0 2764.705810546875
156.0 472.0 2741.176513671875
160.0 472.0 2741.176513671875
164.0 472.0 2752.941162109375
168.0 472.0 2776.470703125
172.0 472.0 2741.176513671875
176.0 472.0 2752.941162109375
180.0 472.0 2741.176513671875
184.0 472.0 2694.11767578125
188.0 472.0 2705.88232421875
192.0 472.0 2611.7646484375
196.0 472.0 2658.823486328125
200.0 472.0 2658.823486328125
204.0 472.0 2611.7646484375
208.0 472.0 2647.058837890625
212.0 472.0 2682.35302734375
216.0 472.0 2670.588134765625
220.0 472.0 2611.7646484375
224.0 472.0 2694.11767578125
228.0 472.0 2670.588134765625
232.0 472.0 2741.176513671875
236.0 472.0 2670.588134765625
240.0 472.0 2682.35302734375
244.0 472.0 2682.35302734375
248.0 472.0 2670.588134765625
252.0 472.0 2670.588134765625
256.0 472.0 2705.88232421875
260.0 472.0 2694.11767578125
264.0 472.0 2694.11767578125
268.0 472.0 2741.176513671875
272.0 472.0 2788.2353515625
276.0 472.0 2847.058837890625
280.0 472.0 2647.058837890625
284.0 472.0 2752.941162109375
288.0 472.0 2694.11767578125
292.0 472.0 2670.588134765625
296.0 472.0 2623.529541015625
300.0 472.0 2588.2353515625
304.0 472.0 2600.0
308.0 472.0 2552.941162109375
312.0 472.0 2623.529541015625
316.0 472.0 2600.0
320.0 472.0 2588.2353515625
324.0 472.0 2552.941162109375
328.0 472.0 2552.941162109375
332.0 472.0 2505.88232421875
336.0 472.0 2470.58837890625
340.0 472.0 2494.11767578125
344.0 472.0 2423.529541015625
348.0 472.0 2482.35302734375
352.0 472.0 2482.35302734375
356.0 472.0 2505.88232421875
360.0 472.0 2470.58837890625
364.0 472.0 2352.941162109375
368.0 472.0 2423.529541015625
372.0 472.0 2482.35302734375
376.0 472.0 2435.294189453125
380.0 472.0 2388.2353515625
384.0 472.0 2388.2353515625
388.0 472.0 2423.529541015625
392.0 472.0 2388.2353515625
396.0 472.0 2435.294189453125
400.0 472.0 2388.2353515625
404.0 472.0 2352.941162109375
408.0 472.0 2435.294189453125
412.0 472.0 2400.0
416.0 472.0 2317.647216796875
420.0 472.0 2352.941162109375
424.0 472.0 2329.411865234375
428.0 472.0 2329.411865234375
432.0 472.0 2388.2353515625
436.0 472.0 2400.0
440.0 472.0 2470.58837890625
444.0 472.0 2423.529541015625
448.0 472.0 2423.529541015625
452.0 472.0 2400.0
456.0 472.0 2388.2353515625
460.0 472.0 2482.35302734375
464.0 472.0 2447.058837890625
468.0 472.0 2364.705810546875
472.0 472.0 2364.705810546875
476.0 472.0 2482.35302734375
480.0 472.0 2435.294189453125
484.0 472.0 2470.58837890625
488.0 472.0 2447.058837890625
492.0 472.0 2447.058837890625
496.0 472.0 2400.0
500.0 472.0 2423.529541015625
504.0 472.0 2435.294189453125
508.0 472.0 2423.529541015625
512.0 472.0 2494.11767578125
516.0 472.0 2411.7646484375
520.0 472.0 2447.058837890625
524.0 472.0 2423.529541015625
528.0 472.0 2423.529541015625
532.0 472.0 2341.176513671875
536.0 472.0 2317.647216796875
540.0 472.0 2235.294189453125
544.0 472.0 2000.0
548.0 472.0 1835.294189453125
552.0 472.0 1611.7647705078125
556.0 472.0 1305.88232421875
560.0 472.0 1164.7059326171875
564.0 472.0 952.9412231445312
568.0 472.0 1035.294189453125
572.0 472.0 1082.3529052734375
576.0 472.0 1082.3529052734375
580.0 472.0 1117.6470947265625
584.0 472.0 1035.294189453125
588.0 472.0 1023.5294189453125
592.0 472.0 1058.8236083984375
596.0 472.0 1023.5294189453125
600.0 472.0 976.4706420898438
604.0 472.0 952.9412231445312
608.0 472.0 1023.5294189453125
612.0 472.0 1070.5882568359375
616.0 472.0 1094.11767578125
620.0 472.0 976.4706420898438
624.0 472.0 1058.8236083984375
628.0 472.0 1035.294189453125
632.0 472.0 1023.5294189453125
636.0 472.0 1094.11767578125
0.0 476.0 2941.176513671875
4.0 476.0 2870.588134765625
8.0 476.0 2870.588134765625
12.0 476.0 2917.64697265625
16.0 476.0 2894.11767578125
20.0 476.0 2835.294189453125
24.0 476.0 2847.058837890625
28.0 476.0 2858.823486328125
32.0 476.0 2894.11767578125
36.0 476.0 2905.88232421875
40.0 476.0 2870.588134765625
44.0 476.0 2811.7646484375
48.0 476.0 2835.294189453125
52.0 476.0 2823.529541015625
56.0 476.0 2847.058837890625
60.0 476.0 2811.7646484375
64.0 476.0 2847.058837890625
68.0 476.0 2764.705810546875
72.0 476.0 2823.529541015625
76.0 476.0 2752.941162109375
80.0 476.0 2835.294189453125
84.0 476.0 2823.529541015625
88.0 476.0 2823.529541015625
92.0 476.0 2776.470703125
96.0 476.0 2752.941162109375
100.0 476.0 2776.470703125
104.0 476.0 2764.705810546875
108.0 476.0 2776.470703125
112.0 476.0 2741.176513671875
116.0 476.0 2741.176513671875
120.0 476.0 2752.941162109375
124.0 476.0 2788.2353515625
128.0 476.0 2776.470703125
132.0 476.0 2705.88232421875
136.0 476.0 2729.411865234375
140.0 476.0 2823.529541015625
144.0 476.0 2811.7646484375
148.0 476.0 2729.411865234375
152.0 476.0 2741.176513671875
156.0 476.0 2752.941162109375
160.0 476.0 2776.470703125
164.0 476.0 2682.35302734375
168.0 476.0 2811.7646484375
172.0 476.0 2752.941162109375
176.0 476.0 2764.705810546875
180.0 476.0 2764.705810546875
184.0 476.0 2752.941162109375
188.0 476.0 2752.941162109375
192.0 476.0 2623.529541015625
196.0 476.0 2658.823486328125
200.0 476.0 2588.2353515625
204.0 476.0 2647.058837890625
208.0 476.0 2670.588134765625
212.0 476.0 2658.823486328125
216.0 476.0 2670.588134765625
220.0 476.0 2623.529541015625
224.0 476.0 2623.529541015625
228.0 476.0 2670.588134765625
232.0 476.0 2670.588134765625
236.0 476.0 2588.2353515625
240.0 476.0 2658.823486328125
244.0 476.0 2670.588134765625
248.0 476.0 2588.2353515625
252.0 476.0 2600.0
256.0 476.0 2647.058837890625
260.0 476.0 2623.529541015625
264.0 476.0 2694.11767578125
268.0 476.0 2682.35302734375
272.0 476.0 2788.2353515625
276.0 476.0 2776.470703125
280.0 476.0 2670.588134765625
284.0 476.0 2682.35302734375
288.0 476.0 2682.35302734375
292.0 476.0 2647.058837890625
296.0 476.0 2600.0
300.0 476.0 2564.705810546875
304.0 476.0 2588.2353515625
308.0 476.0 2600.0
312.0 476.0 2623.529541015625
316.0 476.0 2576.470703125
320.0 476.0 2611.7646484375
324.0 476.0 2482.35302734375
328.0 476.0 2529.411865234375
332.0 476.0 2447.058837890625
336.0 476.0 2517.64697265625
340.0 476.0 2505.88232421875
344.0 476.0 2505.88232421875
348.0 476.0 2482.35302734375
352.0 476.0 2447.058837890625
356.0 476.0 2505.88232421875
360.0 476.0 2494.11767578125
364.0 476.0 2470.58837890625
368.0 476.0 2552.941162109375
372.0 476.0 2482.35302734375
376.0 476.0 2482.35302734375
380.0 476.0 2423.529541015625
384.0 476.0 2423.529541015625
388.0 476.0 2400.0
392.0 476.0 2435.294189453125
396.0 476.0 2470.58837890625
400.0 476.0 2364.705810546875
404.0 476.0 2352.941162109375
408.0 476.0 2470.58837890625
412.0 476.0 2364.705810546875
416.0 476.0 2329.411865234375
420.0 476.0 2341.176513671875
424.0 476.0 2400.0
428.0 476.0 2400.0
432.0 476.0 2352.941162109375
436.0 476.0 2364.705810546875
440.0 476.0 2364.705810546875
444.0 476.0 2411.7646484375
448.0 476.0 2352.941162109375
452.0 476.0 2411.7646484375
456.0 476.0 2411.7646484375
460.0 476.0 2423.529541015625
464.0 476.0 2470.58837890625
468.0 476.0 2447.058837890625
472.0 476.0 2388.2353515625
476.0 476.0 2411.7646484375
480.0 476.0 2435.294189453125
484.0 476.0 2411.7646484375
488.0 476.0 2447.058837890625
492.0 476.0 2470.58837890625
496.0 476.0 2435.294189453125
500.0 476.0 2423.529541015625
504.0 476.0 2352.941162109375
508.0 476.0 2400.0
512.0 476.0 2482.35302734375
516.0 476.0 2435.294189453125
520.0 476.0 2482.35302734375
524.0 476.0 2482.35302734375
528.0 476.0 2505.88232421875
532.0 476.0 2423.529541015625
536.0 476.0 2329.411865234375
540.0 476.0 2164.705810546875
544.0 476.0 2000.0
548.0 476.0 1858.8236083984375
552.0 476.0 1694.11767578125
556.0 476.0 1235.294189453125
560.0 476.0 1164.7059326171875
564.0 476.0 1035.294189453125
568.0 476.0 1082.3529052734375
572.0 476.0 1141.176513671875
576.0 476.0 1011.7647094726562
580.0 476.0 1164.7059326171875
584.0 476.0 1000.0
588.0 476.0 1023.5294189453125
592.0 476.0 1152.941162109375
596.0 476.0 1000.0
600.0 476.0 1035.294189453125
604.0 476.0 1035.294189453125
608.0 476.0 1058.8236083984375
612.0 476.0 1011.7647094726562
616.0 476.0 1094.11767578125
620.0 476.0 1105.88232421875
624.0 476.0 1035.294189453125
628.0 476.0 1000.0
632.0 476.0 1117.6470947265625
636.0 476.0 1082.3529052734375
0.0 480.0 2858.823486328125
4.0 480.0 2894.11767578125
8.0 480.0 2917.64697265625
12.0 480.0 2917.64697265625
16.0 480.0 2847.058837890625
20.0 480.0 2847.058837890625
24.0 480.0 2835.294189453125
28.0 480.0 2847.058837890625
32.0 480.0 2870.588134765625
36.0 480.0 2894.11767578125
40.0 480.0 2870.588134765625
44.0 480.0 2823.529541015625
48.0 480.0 2823.529541015625
52.0 480.0 2858.823486328125
56.0 480.0 2811.7646484375
60.0 480.0 2823.529541015625
64.0 480.0 2835.294189453125
68.0 480.0 2811.7646484375
72.0 480.0 2823.529541015625
76.0 480.0 2811.7646484375
80.0 480.0 2823.529541015625
84.0 480.0 2752.941162109375
88.0 480.0 2788.2353515625
92.0 480.0 2835.294189453125
96.0 480.0 2776.470703125
100.0 480.0 2752.941162109375
104.0 480.0 2811.7646484375
108.0 480.0 2776.470703125
112.0 480.0 2729.411865234375
116.0 480.0 2741.176513671875
120.0 480.0 2788.2353515625
124.0 480.0 2788.2353515625
128.0 480.0 2752.941162109375
132.0 480.0 2752.941162109375
136.0 480.0 2752.941162109375
140.0 480.0 2764.705810546875
144.0 480.0 2741.176513671875
148.0 480.0 2752.941162109375
152.0 480.0 2752.941162109375
156.0 480.0 2694.11767578125
160.0 480.0 2741.176513671875
164.0 480.0 2752.941162109375
168.0 480.0 2764.705810546875
172.0 480.0 2647.058837890625
176.0 480.0 2752.941162109375
180.0 480.0 2729.411865234375
184.0 480.0 2694.11767578125
188.0 480.0 2682.35302734375
192.0 480.0 2623.529541015625
196.0 480.0 2600.0
200.0 480.0 2588.2353515625
204.0 480.0 2600.0
208.0 480.0 2588.2353515625
212.0 480.0 2611.7646484375
216.0 480.0 2647.058837890625
220.0 480.0 2588.2353515625
224.0 480.0 2647.058837890625
228.0 480.0 2623.529541015625
232.0 480.0 2682.35302734375
236.0 480.0 2647.058837890625
240.0 480.0 2611.7646484375
244.0 480.0 2658.823486328125
248.0 480.0 2611.7646484375
252.0 480.0 2647.058837890625
256.0 480.0 2600.0
260.0 480.0 2729.411865234375
264.0 480.0 2658.823486328125
268.0 480.0 2658.823486328125
272.0 480.0 2682.35302734375
276.0 480.0 2670.588134765625
280.0 480.0 2647.058837890625
284.0 480.0 2670.588134765625
288.0 480.0 2658.823486328125
292.0 480.0 2588.2353515625
296.0 480.0 2611.7646484375
300.0 480.0 2576.470703125
304.0 480.0 2552.941162109375
308.0 480.0 2576.470703125
312.0 480.0 2588.2353515625
316.0 480.0 2517.64697265625
320.0 480.0 2564.705810546875
324.0 480.0 2482.35302734375
328.0 480.0 2529.411865234375
332.0 480.0 2447.058837890625
336.0 480.0 2482.35302734375
340.0 480.0 2423.529541015625
344.0 480.0 2447.058837890625
348.0 480.0 2517.64697265625
352.0 480.0 2447.058837890625
356.0 480.0 2494.11767578125
360.0 480.0 2400.0
364.0 480.0 2423.529541015625
368.0 480.0 2470.58837890625
372.0 480.0 2470.58837890625
376.0 480.0 2447.058837890625
380.0 480.0 2400.0
384.0 480.0 2411.7646484375
388.0 480.0 2411.7646484375
392.0 480.0 2388.2353515625
396.0 480.0 2423.529541015625
400.0 480.0 2364.705810546875
404.0 480.0 2305.88232421875
408.0 480.0 2400.0
412.0 480.0 2364.705810546875
416.0 480.0 2388.2353515625
420.0 480.0 2352.941162109375
424.0 480.0 2388.2353515625
428.0 480.0 2329.411865234375
432.0 480.0 2341.176513671875
436.0 480.0 2388.2353515625
440.0 480.0 2364.705810546875
444.0 480.0 2388.2353515625
448.0 480.0 2423.529541015625
452.0 480.0 2423.529541015625
456.0 480.0 2400.0
460.0 480.0 2423.529541015625
464.0 480.0 2400.0
468.0 480.0 2388.2353515625
472.0 480.0 2388.2353515625
476.0 480.0 2411.7646484375
480.0 480.0 2411.7646484375
484.0 480.0 2411.7646484375
488.0 480.0 2352.941162109375
492.0 480.0 2423.529541015625
496.0 480.0 2423.529541015625
500.0 480.0 2423.529541015625
504.0 480.0 2411.7646484375
508.0 480.0 2423.529541015625
512.0 480.0 2364.705810546875
516.0 480.0 2411.7646484375
520.0 480.0 2341.176513671875
524.0 480.0 2435.294189453125
528.0 480.0 2400.0
532.0 480.0 2352.941162109375
536.0 480.0 2258.823486328125
540.0 480.0 2188.2353515625
544.0 480.0 2058.823486328125
548.0 480.0 1858.8236083984375
552.0 480.0 1647.0589599609375
556.0 480.0 1317.6470947265625
560.0 480.0 1152.941162109375
564.0 480.0 929.4118041992188
568.0 480.0 1035.294189453125
572.0 480.0 1035.294189453125
576.0 480.0 1070.5882568359375
580.0 480.0 1070.5882568359375
584.0 480.0 1000.0
588.0 480.0 1000.0
592.0 480.0 1000.0
596.0 480.0 1023.5294189453125
600.0 480.0 1035.294189453125
604.0 480.0 1070.5882568359375
608.0 480.0 1000.0
612.0 480.0 1035.294189453125
616.0 480.0 1070.5882568359375
620.0 480.0 1105.88232421875
624.0 480.0 1000.0
628.0 480.0 1070.5882568359375
632.0 480.0 1141.176513671875
636.0 480.0 1058.8236083984375
0.0 484.0 2941.176513671875
4.0 484.0 2835.294189453125
8.0 484.0 2917.64697265625
12.0 484.0 2917.64697265625
16.0 484.0 2835.294189453125
20.0 484.0 2847.058837890625
24.0 484.0 2847.058837890625
28.0 484.0 2894.11767578125
32.0 484.0 2894.11767578125
36.0 484.0 2870.588134765625
40.0 484.0 2823.529541015625
44.0 484.0 2835.294189453125
48.0 484.0 2752.941162109375
52.0 484.0 2870.588134765625
56.0 484.0 2847.058837890625
60.0 484.0 2764.705810546875
64.0 484.0 2741.176513671875
68.0 484.0 2752.941162109375
72.0 484.0 2752.941162109375
76.0 484.0 2776.470703125
80.0 484.0 2764.705810546875
84.0 484.0 2729.411865234375
88.0 484.0 2835.294189453125
92.0 484.0 2835.294189453125
96.0 484.0 2811.7646484375
100.0 484.0 2776.470703125
104.0 484.0 2729.411865234375
108.0 484.0 2764.705810546875
112.0 484.0 2835.294189453125
116.0 484.0 2823.529541015625
120.0 484.0 2776.470703125
124.0 484.0 2847.058837890625
128.0 484.0 2752.941162109375
132.0 484.0 2752.941162109375
136.0 484.0 2741.176513671875
140.0 484.0 2752.941162109375
144.0 484.0 2741.176513671875
148.0 484.0 2670.588134765625
152.0 484.0 2764.705810546875
156.0 484.0 2682.35302734375
160.0 484.0 2752.941162109375
164.0 484.0 2682.35302734375
168.0 484.0 2741.176513671875
172.0 484.0 2705.88232421875
176.0 484.0 2682.35302734375
180.0 484.0 2694.11767578125
184.0 484.0 2658.823486328125
188.0 484.0 2611.7646484375
192.0 484.0 2588.2353515625
196.0 484.0 2658.823486328125
200.0 484.0 2600.0
204.0 484.0 2588.2353515625
208.0 484.0 2623.529541015625
212.0 484.0 2588.2353515625
216.0 484.0 2588.2353515625
220.0 484.0 2576.470703125
224.0 484.0 2611.7646484375
228.0 484.0 2611.7646484375
232.0 484.0 2623.529541015625
236.0 484.0 2647.058837890625
240.0 484.0 2623.529541015625
244.0 484.0 2658.823486328125
248.0 484.0 2670.588134765625
252.0 484.0 2670.588134765625
256.0 484.0 2658.823486328125
260.0 484.0 2623.529541015625
264.0 484.0 2658.823486328125
268.0 484.0 2682.35302734375
272.0 484.0 2647.058837890625
276.0 484.0 2588.2353515625
280.0 484.0 2600.0
284.0 484.0 2658.823486328125
288.0 484.0 2670.588134765625
292.0 484.0 2576.470703125
296.0 484.0 2564.705810546875
300.0 484.0 2552.941162109375
304.0 484.0 2588.2353515625
308.0 484.0 2517.64697265625
312.0 484.0 2564.705810546875
316.0 484.0 2552.941162109375
320.0 484.0 2576.470703125
324.0 484.0 2517.64697265625
328.0 484.0 2494.11767578125
332.0 484.0 2447.058837890625
336.0 484.0 2447.058837890625
340.0 484.0 2494.11767578125
344.0 484.0 2494.11767578125
348.0 484.0 2482.35302734375
352.0 484.0 2423.529541015625
356.0 484.0 2411.7646484375
360.0 484.0 2470.58837890625
364.0 484.0 2352.941162109375
368.0 484.0 2447.058837890625
372.0 484.0 2482.35302734375
376.0 484.0 2400.0
380.0 484.0 2388.2353515625
384.0 484.0 2388.2353515625
388.0 484.0 2364.705810546875
392.0 484.0 2400.0
396.0 484.0 2400.0
400.0 484.0 2423.529541015625
404.0 484.0 2329.411865234375
408.0 484.0 2329.411865234375
412.0 484.0 2341.176513671875
416.0 484.0 2364.705810546875
420.0 484.0 2317.647216796875
424.0 484.0 2447.058837890625
428.0 484.0 2329.411865234375
432.0 484.0 2329.411865234375
436.0 484.0 2329.411865234375
440.0 484.0 2352.941162109375
444.0 484.0 2400.0
448.0 484.0 2341.176513671875
452.0 484.0 2400.0
456.0 484.0 2494.11767578125
460.0 484.0 2447.058837890625
464.0 484.0 2352.941162109375
468.0 484.0 2423.529541015625
472.0 484.0 2352.941162109375
476.0 484.0 2447.058837890625
480.0 484.0 2352.941162109375
484.0 484.0 2423.529541015625
488.0 484.0 2447.058837890625
492.0 484.0 2400.0
496.0 484.0 2411.7646484375
500.0 484.0 2482.35302734375
504.0 484.0 2423.529541015625
508.0 484.0 2423.529541015625
512.0 484.0 2435.294189453125
516.0 484.0 2447.058837890625
520.0 484.0 2423.529541015625
524.0 484.0 2423.529541015625
528.0 484.0 2447.058837890625
532.0 484.0 2411.7646484375
536.0 484.0 2341.176513671875
540.0 484.0 2270.58837890625
544.0 484.0 2058.823486328125
548.0 484.0 1905.8824462890625
552.0 484.0 1741.176513671875
556.0 484.0 1364.7059326171875
560.0 484.0 1270.5882568359375
564.0 484.0 1070.5882568359375
568.0 484.0 1023.5294189453125
572.0 484.0 1035.294189453125
576.0 484.0 1058.8236083984375
580.0 484.0 1070.5882568359375
584.0 484.0 1152.941162109375
588.0 484.0 1058.8236083984375
592.0 484.0 1105.88232421875
596.0 484.0 1023.5294189453125
600.0 484.0 1082.3529052734375
604.0 484.0 1117.6470947265625
608.0 484.0 976.4706420898438
612.0 484.0 1070.5882568359375
616.0 484.0 1035.294189453125
620.0 484.0 1152.941162109375
624.0 484.0 1011.7647094726562
628.0 484.0 1117.6470947265625
632.0 484.0 1058.8236083984375
636.0 484.0 1070.5882568359375
0.0 488.0 2905.88232421875
4.0 488.0 2870.588134765625
8.0 488.0 2917.64697265625
12.0 488.0 2917.64697265625
16.0 488.0 2917.64697265625
20.0 488.0 2858.823486328125
24.0 488.0 2870.588134765625
28.0 488.0 2870.588134765625
32.0 488.0 2905.88232421875
36.0 488.0 2847.058837890625
40.0 488.0 2858.823486328125
44.0 488.0 2858.823486328125
48.0 488.0 2835.294189453125
52.0 488.0 2835.294189453125
56.0 488.0 2858.823486328125
60.0 488.0 2847.058837890625
64.0 488.0 2858.823486328125
68.0 488.0 2752.941162109375
72.0 488.0 2835.294189453125
76.0 488.0 2752.941162109375
80.0 488.0 2788.2353515625
84.0 488.0 2835.294189453125
88.0 488.0 2776.470703125
92.0 488.0 2788.2353515625
96.0 488.0 2752.941162109375
100.0 488.0 2788.2353515625
104.0 488.0 2776.470703125
108.0 488.0 2788.2353515625
112.0 488.0 2752.941162109375
116.0 488.0 2764.705810546875
120.0 488.0 2811.7646484375
124.0 488.0 2764.705810546875
128.0 488.0 2764.705810546875
132.0 488.0 2776.470703125
136.0 488.0 2752.941162109375
140.0 488.0 2776.470703125
144.0 488.0 2776.470703125
148.0 488.0 2752.941162109375
152.0 488.0 2741.176513671875
156.0 488.0 2670.588134765625
160.0 488.0 2705.88232421875
164.0 488.0 2764.705810546875
168.0 488.0 2764.705810546875
172.0 488.0 2694.11767578125
176.0 488.0 2670.588134765625
180.0 488.0 2623.529541015625
184.0 488.0 2658.823486328125
188.0 488.0 2623.529541015625
192.0 488.0 2600.0
196.0 488.0 2670.588134765625
200.0 488.0 2588.2353515625
204.0 488.0 2658.823486328125
208.0 488.0 2576.470703125
212.0 488.0 2588.2353515625
216.0 488.0 2600.0
220.0 488.0 2600.0
224.0 488.0 2611.7646484375
228.0 488.0 2658.823486328125
232.0 488.0 2623.529541015625
236.0 488.0 2611.7646484375
240.0 488.0 2658.823486328125
244.0 488.0 2623.529541015625
248.0 488.0 2611.7646484375
252.0 488.0 2647.058837890625
256.0 488.0 2623.529541015625
260.0 488.0 2623.529541015625
264.0 488.0 2705.88232421875
268.0 488.0 2611.7646484375
272.0 488.0 2670.588134765625
276.0 488.0 2647.058837890625
280.0 488.0 2588.2353515625
284.0 488.0 2588.2353515625
288.0 488.0 2576.470703125
292.0 488.0 2600.0
296.0 488.0 2694.11767578125
300.0 488.0 2588.2353515625
304.0 488.0 2517.64697265625
308.0 488.0 2552.941162109375
312.0 488.0 2505.88232421875
316.0 488.0 2576.470703125
320.0 488.0 2552.941162109375
324.0 488.0 2529.411865234375
328.0 488.0 2529.411865234375
332.0 488.0 2494.11767578125
336.0 488.0 2576.470703125
340.0 488.0 2435.294189453125
344.0 488.0 2482.35302734375
348.0 488.0 2494.11767578125
352.0 488.0 2494.11767578125
356.0 488.0 2505.88232421875
360.0 488.0 2423.529541015625
364.0 488.0 2435.294189453125
368.0 488.0 2505.88232421875
372.0 488.0 2400.0
376.0 488.0 2411.7646484375
380.0 488.0 2364.705810546875
384.0 488.0 2423.529541015625
388.0 488.0 2423.529541015625
392.0 488.0 2329.411865234375
396.0 488.0 2364.705810546875
400.0 488.0 2388.2353515625
404.0 488.0 2364.705810546875
408.0 488.0 2447.058837890625
412.0 488.0 2282.35302734375
416.0 488.0 2411.7646484375
420.0 488.0 2352.941162109375
424.0 488.0 2388.2353515625
428.0 488.0 2364.705810546875
432.0 488.0 2423.529541015625
436.0 488.0 2388.2353515625
440.0 488.0 2388.2353515625
444.0 488.0 2352.941162109375
448.0 488.0 2352.941162109375
452.0 488.0 2388.2353515625
456.0 488.0 2435.294189453125
460.0 488.0 2447.058837890625
464.0 488.0 2435.294189453125
468.0 488.0 2435.294189453125
472.0 488.0 2423.529541015625
476.0 488.0 2435.294189453125
480.0 488.0 2447.058837890625
484.0 488.0 2423.529541015625
488.0 488.0 2423.529541015625
492.0 488.0 2400.0
496.0 488.0 2364.705810546875
500.0 488.0 2435.294189453125
504.0 488.0 2423.529541015625
508.0 488.0 2423.529541015625
512.0 488.0 2423.529541015625
516.0 488.0 2482.35302734375
520.0 488.0 2423.529541015625
524.0 488.0 2411.7646484375
528.0 488.0 2529.411865234375
532.0 488.0 2423.529541015625
536.0 488.0 2388.2353515625
540.0 488.0 2329.411865234375
544.0 488.0 2176.470703125
548.0 488.0 1929.411865234375
552.0 488.0 1752.9412841796875
556.0 488.0 1411.7647705078125
560.0 488.0 1247.058837890625
564.0 488.0 1035.294189453125
568.0 488.0 1023.5294189453125
572.0 488.0 1141.176513671875
576.0 488.0 1082.3529052734375
580.0 488.0 1105.88232421875
584.0 488.0 1082.3529052734375
588.0 488.0 1094.11767578125
592.0 488.0 1082.3529052734375
596.0 488.0 1117.6470947265625
600.0 488.0 1082.3529052734375
604.0 488.0 1082.3529052734375
608.0 488.0 1105.88232421875
612.0 488.0 1035.294189453125
616.0 488.0 1141.176513671875
620.0 488.0 1082.3529052734375
624.0 488.0 1035.294189453125
628.0 488.0 1082.3529052734375
632.0 488.0 1117.6470947265625
636.0 488.0 1082.3529052734375
0.0 492.0 2894.11767578125
4.0 492.0 2905.88232421875
8.0 492.0 2917.64697265625
12.0 492.0 2917.64697265625
16.0 492.0 2894.11767578125
20.0 492.0 2823.529541015625
24.0 492.0 2870.588134765625
28.0 492.0 2870.588134765625
32.0 492.0 2835.294189453125
36.0 492.0 2835.294189453125
40.0 492.0 2894.11767578125
44.0 492.0 2847.058837890625
48.0 492.0 2788.2353515625
52.0 492.0 2847.058837890625
56.0 492.0 2823.529541015625
60.0 492.0 2835.294189453125
64.0 492.0 2811.7646484375
68.0 492.0 2788.2353515625
72.0 492.0 2776.470703125
76.0 492.0 2752.941162109375
80.0 492.0 2776.470703125
84.0 492.0 2752.941162109375
88.0 492.0 2741.176513671875
92.0 492.0 2729.411865234375
96.0 492.0 2811.7646484375
100.0 492.0 2752.941162109375
104.0 492.0 2729.411865234375
108.0 492.0 2752.941162109375
112.0 492.0 2729.411865234375
116.0 492.0 2752.941162109375
120.0 492.0 2752.941162109375
124.0 492.0 2776.470703125
128.0 492.0 2752.941162109375
132.0 492.0 2752.941162109375
136.0 492.0 2741.176513671875
140.0 492.0 2823.529541015625
144.0 492.0 2752.941162109375
148.0 492.0 2670.588134765625
152.0 492.0 2729.411865234375
156.0 492.0 2694.11767578125
160.0 492.0 2682.35302734375
164.0 492.0 2741.176513671875
168.0 492.0 2752.941162109375
172.0 492.0 2670.588134765625
176.0 492.0 2729.411865234375
180.0 492.0 2600.0
184.0 492.0 2705.88232421875
188.0 492.0 2682.35302734375
192.0 492.0 2600.0
196.0 492.0 2623.529541015625
200.0 492.0 2588.2353515625
204.0 492.0 2588.2353515625
208.0 492.0 2611.7646484375
212.0 492.0 2588.2353515625
216.0 492.0 2529.411865234375
220.0 492.0 2564.705810546875
224.0 492.0 2611.7646484375
228.0 492.0 2588.2353515625
232.0 492.0 2588.2353515625
236.0 492.0 2600.0
240.0 492.0 2588.2353515625
244.0 492.0 2576.470703125
248.0 492.0 2588.2353515625
252.0 492.0 2564.705810546875
256.0 492.0 2588.2353515625
260.0 492.0 2600.0
264.0 492.0 2564.705810546875
268.0 492.0 2647.058837890625
272.0 492.0 2576.470703125
276.0 492.0 2623.529541015625
280.0 492.0 2611.7646484375
284.0 492.0 2588.2353515625
288.0 492.0 2658.823486328125
292.0 492.0 2611.7646484375
296.0 492.0 2552.941162109375
300.0 492.0 2588.2353515625
304.0 492.0 2576.470703125
308.0 492.0 2588.2353515625
312.0 492.0 2564.705810546875
316.0 492.0 2564.705810546875
320.0 492.0 2482.35302734375
324.0 492.0 2494.11767578125
328.0 492.0 2505.88232421875
332.0 492.0 2423.529541015625
336.0 492.0 2494.11767578125
340.0 492.0 2423.529541015625
344.0 492.0 2447.058837890625
348.0 492.0 2435.294189453125
352.0 492.0 2470.58837890625
356.0 492.0 2423.529541015625
360.0 492.0 2388.2353515625
364.0 492.0 2423.529541015625
368.0 492.0 2411.7646484375
372.0 492.0 2400.0
376.0 492.0 2388.2353515625
380.0 492.0 2411.7646484375
384.0 492.0 2352.941162109375
388.0 492.0 2352.941162109375
392.0 492.0 2305.88232421875
396.0 492.0 2329.411865234375
400.0 492.0 2352.941162109375
404.0 492.0 2352.941162109375
408.0 492.0 2341.176513671875
412.0 492.0 2364.705810546875
416.0 492.0 2341.176513671875
420.0 492.0 2329.411865234375
424.0 492.0 2341.176513671875
428.0 492.0 2341.176513671875
432.0 492.0 2341.176513671875
436.0 492.0 2341.176513671875
440.0 492.0 2341.176513671875
444.0 492.0 2388.2353515625
448.0 492.0 2411.7646484375
452.0 492.0 2364.705810546875
456.0 492.0 2447.058837890625
460.0 492.0 2341.176513671875
464.0 492.0 2423.529541015625
468.0 492.0 2411.7646484375
472.0 492.0 2423.529541015625
476.0 492.0 2411.7646484375
480.0 492.0 2435.294189453125
484.0 492.0 2423.529541015625
488.0 492.0 2423.529541015625
492.0 492.0 2423.529541015625
496.0 492.0 2411.7646484375
500.0 492.0 2435.294189453125
504.0 492.0 2447.058837890625
508.0 492.0 2447.058837890625
512.0 492.0 2423.529541015625
516.0 492.0 2470.58837890625
520.0 492.0 2423.529541015625
524.0 492.0 2400.0
528.0 492.0 2494.11767578125
532.0 492.0 2423.529541015625
536.0 492.0 2411.7646484375
540.0 492.0 2305.88232421875
544.0 492.0 2094.11767578125
548.0 492.0 2011.7647705078125
552.0 492.0 1811.7647705078125
556.0 492.0 1576.470703125
560.0 492.0 1270.5882568359375
564.0 492.0 1058.8236083984375
568.0 492.0 1011.7647094726562
572.0 492.0 1070.5882568359375
576.0 492.0 1141.176513671875
580.0 492.0 1094.11767578125
584.0 492.0 1035.294189453125
588.0 492.0 1082.3529052734375
592.0 492.0 1023.5294189453125
596.0 492.0 1082.3529052734375
600.0 492.0 1000.0
604.0 492.0 1082.3529052734375
608.0 492.0 1035.294189453125
612.0 492.0 1058.8236083984375
616.0 492.0 1117.6470947265625
620.0 492.0 1117.6470947265625
624.0 492.0 1035.294189453125
628.0 492.0 1094.11767578125
632.0 492.0 1082.3529052734375
636.0 492.0 1105.88232421875
0.0 496.0 2905.88232421875
4.0 496.0 2894.11767578125
8.0 496.0 2917.64697265625
12.0 496.0 2929.411865234375
16.0 496.0 2929.411865234375
20.0 496.0 2835.294189453125
24.0 496.0 2858.823486328125
28.0 496.0 2941.176513671875
32.0 496.0 2811.7646484375
36.0 496.0 2764.705810546875
40.0 496.0 2823.529541015625
44.0 496.0 2835.294189453125
48.0 496.0 2858.823486328125
52.0 496.0 2823.529541015625
56.0 496.0 2835.294189453125
60.0 496.0 2823.529541015625
64.0 496.0 2858.823486328125
68.0 496.0 2788.2353515625
72.0 496.0 2776.470703125
76.0 496.0 2788.2353515625
80.0 496.0 2776.470703125
84.0 496.0 2764.705810546875
88.0 496.0 2764.705810546875
92.0 496.0 2752.941162109375
96.0 496.0 2752.941162109375
100.0 496.0 2729.411865234375
104.0 496.0 2670.588134765625
108.0 496.0 2752.941162109375
112.0 496.0 2752.941162109375
116.0 496.0 2752.941162109375
120.0 496.0 2776.470703125
124.0 496.0 2811.7646484375
128.0 496.0 2764.705810546875
132.0 496.0 2764.705810546875
136.0 496.0 2811.7646484375
140.0 496.0 2752.941162109375
144.0 496.0 2752.941162109375
148.0 496.0 2682.35302734375
152.0 496.0 2729.411865234375
156.0 496.0 2682.35302734375
160.0 496.0 2752.941162109375
164.0 496.0 2729.411865234375
168.0 496.0 2776.470703125
172.0 496.0 2658.823486328125
176.0 496.0 2670.588134765625
180.0 496.0 2647.058837890625
184.0 496.0 2670.588134765625
188.0 496.0 2694.11767578125
192.0 496.0 2611.7646484375
196.0 496.0 2682.35302734375
200.0 496.0 2588.2353515625
204.0 496.0 2623.529541015625
208.0 496.0 2529.411865234375
212.0 496.0 2588.2353515625
216.0 496.0 2611.7646484375
220.0 496.0 2588.2353515625
224.0 496.0 2600.0
228.0 496.0 2600.0
232.0 496.0 2588.2353515625
236.0 496.0 2600.0
240.0 496.0 2576.470703125
244.0 496.0 2576.470703125
248.0 496.0 2576.470703125
252.0 496.0 2576.470703125
256.0 496.0 2576.470703125
260.0 496.0 2623.529541015625
264.0 496.0 2623.529541015625
268.0 496.0 2647.058837890625
272.0 496.0 2647.058837890625
276.0 496.0 2611.7646484375
280.0 496.0 2611.7646484375
284.0 496.0 2600.0
288.0 496.0 2623.529541015625
292.0 496.0 2588.2353515625
296.0 496.0 2647.058837890625
300.0 496.0 2623.529541015625
304.0 496.0 2576.470703125
308.0 496.0 2517.64697265625
312.0 496.0 2576.470703125
316.0 496.0 2529.411865234375
320.0 496.0 2588.2353515625
324.0 496.0 2435.294189453125
328.0 496.0 2423.529541015625
332.0 496.0 2482.35302734375
336.0 496.0 2529.411865234375
340.0 496.0 2470.58837890625
344.0 496.0 2482.35302734375
348.0 496.0 2435.294189453125
352.0 496.0 2447.058837890625
356.0 496.0 2423.529541015625
360.0 496.0 2423.529541015625
364.0 496.0 2423.529541015625
368.0 496.0 2364.705810546875
372.0 496.0 2423.529541015625
376.0 496.0 2364.705810546875
380.0 496.0 2388.2353515625
384.0 496.0 2329.411865234375
388.0 496.0 2341.176513671875
392.0 496.0 2423.529541015625
396.0 496.0 2411.7646484375
400.0 496.0 2352.941162109375
404.0 496.0 2329.411865234375
408.0 496.0 2388.2353515625
412.0 496.0 2423.529541015625
416.0 496.0 2352.941162109375
420.0 496.0 2400.0
424.0 496.0 2423.529541015625
428.0 496.0 2435.294189453125
432.0 496.0 2388.2353515625
436.0 496.0 2400.0
440.0 496.0 2423.529541015625
444.0 496.0 2388.2353515625
448.0 496.0 2470.58837890625
452.0 496.0 2364.705810546875
456.0 496.0 2423.529541015625
460.0 496.0 2423.529541015625
464.0 496.0 2388.2353515625
468.0 496.0 2423.529541015625
472.0 496.0 2482.35302734375
476.0 496.0 2447.058837890625
480.0 496.0 2423.529541015625
484.0 496.0 2364.705810546875
488.0 496.0 2411.7646484375
492.0 496.0 2388.2353515625
496.0 496.0 2470.58837890625
500.0 496.0 2470.58837890625
504.0 496.0 2529.411865234375
508.0 496.0 2494.11767578125
512.0 496.0 2470.58837890625
516.0 496.0 2494.11767578125
520.0 496.0 2423.529541015625
524.0 496.0 2400.0
528.0 496.0 2517.64697265625
532.0 496.0 2505.88232421875
536.0 496.0 2423.529541015625
540.0 496.0 2388.2353515625
544.0 496.0 2164.705810546875
548.0 496.0 2070.58837890625
552.0 496.0 1847.058837890625
556.0 496.0 1494.11767578125
560.0 496.0 1270.5882568359375
564.0 496.0 1164.7059326171875
568.0 496.0 1035.294189453125
572.0 496.0 1070.5882568359375
576.0 496.0 1152.941162109375
580.0 496.0 1141.176513671875
584.0 496.0 1094.11767578125
588.0 496.0 1105.88232421875
592.0 496.0 1035.294189453125
596.0 496.0 1082.3529052734375
600.0 496.0 1094.11767578125
604.0 496.0 1141.176513671875
608.0 496.0 1058.8236083984375
612.0 496.0 1023.5294189453125
616.0 496.0 1117.6470947265625
620.0 496.0 1152.941162109375
624.0 496.0 1070.5882568359375
628.0 496.0 1141.176513671875
632.0 496.0 1117.6470947265625
636.0 496.0 1117.6470947265625
0.0 500.0 2905.88232421875
4.0 500.0 2847.058837890625
8.0 500.0 2917.64697265625
12.0 500.0 2858.823486328125
16.0 500.0 2870.588134765625
20.0 500.0 2847.058837890625
24.0 500.0 2776.470703125
28.0 500.0 2870.588134765625
32.0 500.0 2823.529541015625
36.0 500.0 2870.588134765625
40.0 500.0 2788.2353515625
44.0 500.0 2823.529541015625
48.0 500.0 2776.470703125
52.0 500.0 2835.294189453125
56.0 500.0 2764.705810546875
60.0 500.0 2811.7646484375
64.0 500.0 2835.294189453125
68.0 500.0 2752.941162109375
72.0 500.0 2776.470703125
76.0 500.0 2764.705810546875
80.0 500.0 2764.705810546875
84.0 500.0 2788.2353515625
88.0 500.0 2752.941162109375
92.0 500.0 2835.294189453125
96.0 500.0 2670.588134765625
100.0 500.0 2658.823486328125
104.0 500.0 2729.411865234375
108.0 500.0 2682.35302734375
112.0 500.0 2682.35302734375
116.0 500.0 2764.705810546875
120.0 500.0 2752.941162109375
124.0 500.0 2835.294189453125
128.0 500.0 2752.941162109375
132.0 500.0 2729.411865234375
136.0 500.0 2705.88232421875
140.0 500.0 2741.176513671875
144.0 500.0 2682.35302734375
148.0 500.0 2670.588134765625
152.0 500.0 2741.176513671875
156.0 500.0 2705.88232421875
160.0 500.0 2670.588134765625
164.0 500.0 2658.823486328125
168.0 500.0 2694.11767578125
172.0 500.0 2611.7646484375
176.0 500.0 2658.823486328125
180.0 500.0 2647.058837890625
184.0 500.0 2647.058837890625
188.0 500.0 2658.823486328125
192.0 500.0 2600.0
196.0 500.0 2658.823486328125
200.0 500.0 2588.2353515625
204.0 500.0 2588.2353515625
208.0 500.0 2588.2353515625
212.0 500.0 2588.2353515625
216.0 500.0 2600.0
220.0 500.0 2494.11767578125
224.0 500.0 2588.2353515625
228.0 500.0 2517.64697265625
232.0 500.0 2588.2353515625
236.0 500.0 2588.2353515625
240.0 500.0 2576.470703125
244.0 500.0 2529.411865234375
248.0 500.0 2564.705810546875
252.0 500.0 2517.64697265625
256.0 500.0 2552.941162109375
260.0 500.0 2600.0
264.0 500.0 2552.941162109375
268.0 500.0 2588.2353515625
272.0 500.0 2588.2353515625
276.0 500.0 2576.470703125
280.0 500.0 2588.2353515625
284.0 500.0 2682.35302734375
288.0 500.0 2576.470703125
292.0 500.0 2576.470703125
296.0 500.0 2564.705810546875
300.0 500.0 2564.705810546875
304.0 500.0 2552.941162109375
308.0 500.0 2494.11767578125
312.0 500.0 2505.88232421875
316.0 500.0 2505.88232421875
320.0 500.0 2447.058837890625
324.0 500.0 2423.529541015625
328.0 500.0 2505.88232421875
332.0 500.0 2435.294189453125
336.0 500.0 2400.0
340.0 500.0 2423.529541015625
344.0 500.0 2423.529541015625
348.0 500.0 2435.294189453125
352.0 500.0 2400.0
356.0 500.0 2388.2353515625
360.0 500.0 2329.411865234375
364.0 500.0 2400.0
368.0 500.0 2388.2353515625
372.0 500.0 2352.941162109375
376.0 500.0 2329.411865234375
380.0 500.0 2329.411865234375
384.0 500.0 2341.176513671875
388.0 500.0 2400.0
392.0 500.0 2305.88232421875
396.0 500.0 2505.88232421875
400.0 500.0 2317.647216796875
404.0 500.0 2341.176513671875
408.0 500.0 2423.529541015625
412.0 500.0 2423.529541015625
416.0 500.0 2388.2353515625
420.0 500.0 2400.0
424.0 500.0 2352.941162109375
428.0 500.0 2388.2353515625
432.0 500.0 2352.941162109375
436.0 500.0 2329.411865234375
440.0 500.0 2364.705810546875
444.0 500.0 2470.58837890625
448.0 500.0 2400.0
452.0 500.0 2411.7646484375
456.0 500.0 2423.529541015625
460.0 500.0 2517.64697265625
464.0 500.0 2423.529541015625
468.0 500.0 2517.64697265625
472.0 500.0 2423.529541015625
476.0 500.0 2423.529541015625
480.0 500.0 2423.529541015625
484.0 500.0 2423.529541015625
488.0 500.0 2447.058837890625
492.0 500.0 2400.0
496.0 500.0 2470.58837890625
500.0 500.0 2482.35302734375
504.0 500.0 2505.88232421875
508.0 500.0 2470.58837890625
512.0 500.0 2423.529541015625
516.0 500.0 2447.058837890625
520.0 500.0 2423.529541015625
524.0 500.0 2352.941162109375
528.0 500.0 2564.705810546875
532.0 500.0 2435.294189453125
536.0 500.0 2423.529541015625
540.0 500.0 2305.88232421875
544.0 500.0 2094.11767578125
548.0 500.0 2000.0
552.0 500.0 1823.529541015625
556.0 500.0 1552.9412841796875
560.0 500.0 1423.5294189453125
564.0 500.0 1035.294189453125
568.0 500.0 1082.3529052734375
572.0 500.0 1082.3529052734375
576.0 500.0 1117.6470947265625
580.0 500.0 1200.0
584.0 500.0 1082.3529052734375
588.0 500.0 1094.11767578125
592.0 500.0 1094.11767578125
596.0 500.0 1117.6470947265625
600.0 500.0 1117.6470947265625
604.0 500.0 1105.88232421875
608.0 500.0 1082.3529052734375
612.0 500.0 1082.3529052734375
616.0 500.0 1117.6470947265625
620.0 500.0 1152.941162109375
624.0 500.0 1152.941162109375
628.0 500.0 1164.7059326171875
632.0 500.0 1141.176513671875
636.0 500.0 1082.3529052734375
0.0 504.0 2870.588134765625
4.0 504.0 2847.058837890625
8.0 504.0 2905.88232421875
12.0 504.0 2941.176513671875
16.0 504.0 2894.11767578125
20.0 504.0 2847.058837890625
24.0 504.0 2788.2353515625
28.0 504.0 2894.11767578125
32.0 504.0 2858.823486328125
36.0 504.0 2823.529541015625
40.0 504.0 2835.294189453125
44.0 504.0 2835.294189453125
48.0 504.0 2835.294189453125
52.0 504.0 2835.294189453125
56.0 504.0 2847.058837890625
60.0 504.0 2776.470703125
64.0 504.0 2764.705810546875
68.0 504.0 2752.941162109375
72.0 504.0 2776.470703125
76.0 504.0 2764.705810546875
80.0 504.0 2764.705810546875
84.0 504.0 2729.411865234375
88.0 504.0 2682.35302734375
92.0 504.0 2729.411865234375
96.0 504.0 2729.411865234375
100.0 504.0 2694.11767578125
104.0 504.0 2764.705810546875
108.0 504.0 2741.176513671875
112.0 504.0 2764.705810546875
116.0 504.0 2752.941162109375
120.0 504.0 2705.88232421875
124.0 504.0 2752.941162109375
128.0 504.0 2729.411865234375
132.0 504.0 2705.88232421875
136.0 504.0 2682.35302734375
140.0 504.0 2694.11767578125
144.0 504.0 2670.588134765625
148.0 504.0 2670.588134765625
152.0 504.0 2670.588134765625
156.0 504.0 2670.588134765625
160.0 504.0 2670.588134765625
164.0 504.0 2682.35302734375
168.0 504.0 2670.588134765625
172.0 504.0 2623.529541015625
176.0 504.0 2647.058837890625
180.0 504.0 2623.529541015625
184.0 504.0 2588.2353515625
188.0 504.0 2588.2353515625
192.0 504.0 2588.2353515625
196.0 504.0 2647.058837890625
200.0 504.0 2552.941162109375
204.0 504.0 2564.705810546875
208.0 504.0 2517.64697265625
212.0 504.0 2588.2353515625
216.0 504.0 2552.941162109375
220.0 504.0 2552.941162109375
224.0 504.0 2588.2353515625
228.0 504.0 2600.0
232.0 504.0 2529.411865234375
236.0 504.0 2658.823486328125
240.0 504.0 2517.64697265625
244.0 504.0 2529.411865234375
248.0 504.0 2482.35302734375
252.0 504.0 2564.705810546875
256.0 504.0 2505.88232421875
260.0 504.0 2564.705810546875
264.0 504.0 2576.470703125
268.0 504.0 2600.0
272.0 504.0 2505.88232421875
276.0 504.0 2505.88232421875
280.0 504.0 2529.411865234375
284.0 504.0 2600.0
288.0 504.0 2588.2353515625
292.0 504.0 2576.470703125
296.0 504.0 2552.941162109375
300.0 504.0 2588.2353515625
304.0 504.0 2482.35302734375
308.0 504.0 2564.705810546875
312.0 504.0 2505.88232421875
316.0 504.0 2505.88232421875
320.0 504.0 2505.88232421875
324.0 504.0 2364.705810546875
328.0 504.0 2447.058837890625
332.0 504.0 2423.529541015625
336.0 504.0 2423.529541015625
340.0 504.0 2388.2353515625
344.0 504.0 2388.2353515625
348.0 504.0 2411.7646484375
352.0 504.0 2435.294189453125
356.0 504.0 2352.941162109375
360.0 504.0 2364.705810546875
364.0 504.0 2305.88232421875
368.0 504.0 2364.705810546875
372.0 504.0 2329.411865234375
376.0 504.0 2388.2353515625
380.0 504.0 2411.7646484375
384.0 504.0 2329.411865234375
388.0 504.0 2329.411865234375
392.0 504.0 2317.647216796875
396.0 504.0 2329.411865234375
400.0 504.0 2364.705810546875
404.0 504.0 2352.941162109375
408.0 504.0 2411.7646484375
412.0 504.0 2364.705810546875
416.0 504.0 2329.411865234375
420.0 504.0 2364.705810546875
424.0 504.0 2400.0
428.0 504.0 2423.529541015625
432.0 504.0 2388.2353515625
436.0 504.0 2364.705810546875
440.0 504.0 2423.529541015625
444.0 504.0 2364.705810546875
448.0 504.0 2411.7646484375
452.0 504.0 2423.529541015625
456.0 504.0 2400.0
460.0 504.0 2400.0
464.0 504.0 2423.529541015625
468.0 504.0 2411.7646484375
472.0 504.0 2435.294189453125
476.0 504.0 2388.2353515625
480.0 504.0 2411.7646484375
484.0 504.0 2494.11767578125
488.0 504.0 2529.411865234375
492.0 504.0 2423.529541015625
496.0 504.0 2470.58837890625
500.0 504.0 2470.58837890625
504.0 504.0 2482.35302734375
508.0 504.0 2423.529541015625
512.0 504.0 2423.529541015625
516.0 504.0 2482.35302734375
520.0 504.0 2447.058837890625
524.0 504.0 2470.58837890625
528.0 504.0 2552.941162109375
532.0 504.0 2423.529541015625
536.0 504.0 2447.058837890625
540.0 504.0 2305.88232421875
544.0 504.0 2176.470703125
548.0 504.0 1941.176513671875
552.0 504.0 1905.8824462890625
556.0 504.0 1588.2353515625
560.0 504.0 1352.941162109375
564.0 504.0 1094.11767578125
568.0 504.0 1117.6470947265625
572.0 504.0 1058.8236083984375
576.0 504.0 1176.4705810546875
580.0 504.0 1223.5294189453125
584.0 504.0 1094.11767578125
588.0 504.0 1141.176513671875
592.0 504.0 1105.88232421875
596.0 504.0 1082.3529052734375
600.0 504.0 1082.3529052734375
604.0 504.0 1058.8236083984375
608.0 504.0 1070.5882568359375
612.0 504.0 1058.8236083984375
616.0 504.0 1200.0
620.0 504.0 1082.3529052734375
624.0 504.0 1082.3529052734375
628.0 504.0 1105.88232421875
632.0 504.0 1094.11767578125
636.0 504.0 1164.7059326171875
0.0 508.0 2870.588134765625
4.0 508.0 2776.470703125
8.0 508.0 2858.823486328125
12.0 508.0 2858.823486328125
16.0 508.0 2835.294189453125
20.0 508.0 2764.705810546875
24.0 508.0 2788.2353515625
28.0 508.0 2858.823486328125
32.0 508.0 2752.941162109375
36.0 508.0 2788.2353515625
40.0 508.0 2752.941162109375
44.0 508.0 2764.705810546875
48.0 508.0 2729.411865234375
52.0 508.0 2776.470703125
56.0 508.0 2811.7646484375
60.0 508.0 2670.588134765625
64.0 508.0 2741.176513671875
68.0 508.0 2752.941162109375
72.0 508.0 2741.176513671875
76.0 508.0 2764.705810546875
80.0 508.0 2694.11767578125
84.0 508.0 2670.588134765625
88.0 508.0 2670.588134765625
92.0 508.0 2670.588134765625
96.0 508.0 2694.11767578125
100.0 508.0 2647.058837890625
104.0 508.0 2647.058837890625
108.0 508.0 2611.7646484375
112.0 508.0 2658.823486328125
116.0 508.0 2647.058837890625
120.0 508.0 2647.058837890625
124.0 508.0 2670.588134765625
128.0 508.0 2588.2353515625
132.0 508.0 2623.529541015625
136.0 508.0 2588.2353515625
140.0 508.0 2576.470703125
144.0 508.0 2588.2353515625
148.0 508.0 2588.2353515625
152.0 508.0 2611.7646484375
156.0 508.0 2611.7646484375
160.0 508.0 2600.0
164.0 508.0 2623.529541015625
168.0 508.0 2588.2353515625
172.0 508.0 2517.64697265625
176.0 508.0 2552.941162109375
180.0 508.0 2564.705810546875
184.0 508.0 2505.88232421875
188.0 508.0 2552.941162109375
192.0 508.0 2447.058837890625
196.0 508.0 2505.88232421875
200.0 508.0 2482.35302734375
204.0 508.0 2435.294189453125
208.0 508.0 2494.11767578125
212.0 508.0 2435.294189453125
216.0 508.0 2423.529541015625
220.0 508.0 2482.35302734375
224.0 508.0 2447.058837890625
228.0 508.0 2411.7646484375
232.0 508.0 2423.529541015625
236.0 508.0 2470.58837890625
240.0 508.0 2423.529541015625
244.0 508.0 2494.11767578125
248.0 508.0 2482.35302734375
252.0 508.0 2435.294189453125
256.0 508.0 2388.2353515625
260.0 508.0 2482.35302734375
264.0 508.0 2423.529541015625
268.0 508.0 2494.11767578125
272.0 508.0 2470.58837890625
276.0 508.0 2447.058837890625
280.0 508.0 2470.58837890625
284.0 508.0 2435.294189453125
288.0 508.0 2435.294189453125
292.0 508.0 2352.941162109375
296.0 508.0 2400.0
300.0 508.0 2447.058837890625
304.0 508.0 2423.529541015625
308.0 508.0 2447.058837890625
312.0 508.0 2400.0
316.0 508.0 2305.88232421875
320.0 508.0 2411.7646484375
324.0 508.0 2305.88232421875
328.0 508.0 2270.58837890625
332.0 508.0 2247.058837890625
336.0 508.0 2270.58837890625
340.0 508.0 2247.058837890625
344.0 508.0 2317.647216796875
348.0 508.0 2317.647216796875
352.0 508.0 2317.647216796875
356.0 508.0 2270.58837890625
360.0 508.0 2305.88232421875
364.0 508.0 2270.58837890625
368.0 508.0 2258.823486328125
372.0 508.0 2258.823486328125
376.0 508.0 2317.647216796875
380.0 508.0 2270.58837890625
384.0 508.0 2305.88232421875
388.0 508.0 2258.823486328125
392.0 508.0 2258.823486328125
396.0 508.0 2317.647216796875
400.0 508.0 2258.823486328125
404.0 508.0 2282.35302734375
408.0 508.0 2258.823486328125
412.0 508.0 2282.35302734375
416.0 508.0 2258.823486328125
420.0 508.0 2258.823486328125
424.0 508.0 2329.411865234375
428.0 508.0 2305.88232421875
432.0 508.0 2364.705810546875
436.0 508.0 2329.411865234375
440.0 508.0 2317.647216796875
444.0 508.0 2341.176513671875
448.0 508.0 2341.176513671875
452.0 508.0 2329.411865234375
456.0 508.0 2341.176513671875
460.0 508.0 2329.411865234375
464.0 508.0 2352.941162109375
468.0 508.0 2329.411865234375
472.0 508.0 2329.411865234375
476.0 508.0 2341.176513671875
480.0 508.0 2329.411865234375
484.0 508.0 2352.941162109375
488.0 508.0 2423.529541015625
492.0 508.0 2388.2353515625
496.0 508.0 2341.176513671875
500.0 508.0 2282.35302734375
504.0 508.0 2411.7646484375
508.0 508.0 2423.529541015625
512.0 508.0 2329.411865234375
516.0 508.0 2317.647216796875
520.0 508.0 2329.411865234375
524.0 508.0 2352.941162109375
528.0 508.0 2352.941162109375
532.0 508.0 2364.705810546875
536.0 508.0 2317.647216796875
540.0 508.0 2329.411865234375
544.0 508.0 2058.823486328125
548.0 508.0 1941.176513671875
552.0 508.0 1917.6470947265625
556.0 508.0 1647.0589599609375
560.0 508.0 1447.058837890625
564.0 508.0 1164.7059326171875
568.0 508.0 1058.8236083984375
572.0 508.0 1117.6470947265625
576.0 508.0 1176.4705810546875
580.0 508.0 1152.941162109375
584.0 508.0 1082.3529052734375
588.0 508.0 1105.88232421875
592.0 508.0 1105.88232421875
596.0 508.0 1200.0
600.0 508.0 1070.5882568359375
604.0 508.0 1117.6470947265625
608.0 508.0 1105.88232421875
612.0 508.0 1058.8236083984375
616.0 508.0 1105.88232421875
620.0 508.0 1105.88232421875
624.0 508.0 1117.6470947265625
628.0 508.0 1082.3529052734375
632.0 508.0 1141.176513671875
636.0 508.0 1152.941162109375
