clip,frame,time_s,mode,post_ms,core_ms,processing_ms,alpha_area_px,status
thermal_assumed,0,0.0,legacy_3,0.7867999956943095,21.73080001375638,22.51760000945069,9060.0,ASSUMED DEPTH - NOT SENSOR DATA
thermal_assumed,0,0.0,thin_3,8.020400011446327,21.73080001375638,29.751200025202706,6047.0,ASSUMED DEPTH - NOT SENSOR DATA
thermal_assumed,0,0.0,banded,2.4099999864120036,21.73080001375638,24.140800000168383,2904.0,ASSUMED DEPTH - NOT SENSOR DATA
thermal_assumed,0,0.0,continuous,3.1835999980103225,21.73080001375638,24.914400011766702,3396.5673828125,ASSUMED DEPTH - NOT SENSOR DATA
thermal_assumed,0,0.0,smooth,3.3767000131774694,21.73080001375638,25.10750002693385,3396.5673828125,ASSUMED DEPTH - NOT SENSOR DATA
thermal_assumed,1,0.1,legacy_3,0.5905999860260636,18.917399982456118,19.50799996848218,9191.0,ASSUMED DEPTH - NOT SENSOR DATA
thermal_assumed,1,0.1,thin_3,2.892199991038069,18.917399982456118,21.809599973494187,6207.0,ASSUMED DEPTH - NOT SENSOR DATA
thermal_assumed,1,0.1,banded,2.396800002316013,18.917399982456118,21.31419998477213,3079.0,ASSUMED DEPTH - NOT SENSOR DATA
thermal_assumed,1,0.1,continuous,2.680899982806295,18.917399982456118,21.598299965262413,3604.6650390625,ASSUMED DEPTH - NOT SENSOR DATA
thermal_assumed,1,0.1,smooth,2.646600012667477,18.917399982456118,21.563999995123595,3590.1220703125,ASSUMED DEPTH - NOT SENSOR DATA
thermal_assumed,2,0.2,legacy_3,0.39499998092651367,19.48020001873374,19.875199999660254,8574.0,ASSUMED DEPTH - NOT SENSOR DATA
thermal_assumed,2,0.2,thin_3,1.9330999930389225,19.48020001873374,21.413300011772662,5880.0,ASSUMED DEPTH - NOT SENSOR DATA
thermal_assumed,2,0.2,banded,2.6231000083498657,19.48020001873374,22.103300027083606,3079.0,ASSUMED DEPTH - NOT SENSOR DATA
thermal_assumed,2,0.2,continuous,2.61950001004152,19.48020001873374,22.09970002877526,3523.73974609375,ASSUMED DEPTH - NOT SENSOR DATA
thermal_assumed,2,0.2,smooth,2.6619999844115227,19.48020001873374,22.142200003145263,3508.18994140625,ASSUMED DEPTH - NOT SENSOR DATA
thermal_assumed,3,0.3,legacy_3,0.4776999994646758,19.264700007624924,19.7424000070896,8812.0,ASSUMED DEPTH - NOT SENSOR DATA
thermal_assumed,3,0.3,thin_3,2.129200001945719,19.264700007624924,21.393900009570643,5979.0,ASSUMED DEPTH - NOT SENSOR DATA
thermal_assumed,3,0.3,banded,2.311899996129796,19.264700007624924,21.57660000375472,3221.0,ASSUMED DEPTH - NOT SENSOR DATA
thermal_assumed,3,0.3,continuous,2.802600007271394,19.264700007624924,22.06730001489632,3680.11376953125,ASSUMED DEPTH - NOT SENSOR DATA
thermal_assumed,3,0.3,smooth,4.119799996260554,19.264700007624924,23.384500003885478,3661.074462890625,ASSUMED DEPTH - NOT SENSOR DATA
thermal_assumed,4,0.4,legacy_3,0.4317999992053956,18.851199973141775,19.28299997234717,8759.0,ASSUMED DEPTH - NOT SENSOR DATA
thermal_assumed,4,0.4,thin_3,1.9049000111408532,18.851199973141775,20.756099984282628,5903.0,ASSUMED DEPTH - NOT SENSOR DATA
thermal_assumed,4,0.4,banded,2.168399980291724,18.851199973141775,21.0195999534335,3427.0,ASSUMED DEPTH - NOT SENSOR DATA
thermal_assumed,4,0.4,continuous,2.522099995985627,18.851199973141775,21.3732999691274,3806.7734375,ASSUMED DEPTH - NOT SENSOR DATA
thermal_assumed,4,0.4,smooth,2.792100014630705,18.851199973141775,21.64329998777248,3785.23876953125,ASSUMED DEPTH - NOT SENSOR DATA
thermal_assumed,5,0.5,legacy_3,0.4860999761149287,19.77339998120442,20.25949995731935,8515.0,ASSUMED DEPTH - NOT SENSOR DATA
thermal_assumed,5,0.5,thin_3,2.102799975546077,19.77339998120442,21.876199956750497,5809.0,ASSUMED DEPTH - NOT SENSOR DATA
thermal_assumed,5,0.5,banded,2.121000026818365,19.77339998120442,21.894400008022785,3593.0,ASSUMED DEPTH - NOT SENSOR DATA
thermal_assumed,5,0.5,continuous,2.7174999995622784,19.77339998120442,22.4908999807667,3893.9052734375,ASSUMED DEPTH - NOT SENSOR DATA
thermal_assumed,5,0.5,smooth,2.6684999756980687,19.77339998120442,22.44189995690249,3870.9189453125,ASSUMED DEPTH - NOT SENSOR DATA
thermal_assumed,6,0.6,legacy_3,0.43250000453554094,20.691099984105676,21.123599988641217,8802.0,ASSUMED DEPTH - NOT SENSOR DATA
thermal_assumed,6,0.6,thin_3,1.9440999894868582,20.691099984105676,22.635199973592535,5972.0,ASSUMED DEPTH - NOT SENSOR DATA
thermal_assumed,6,0.6,banded,2.175999979954213,20.691099984105676,22.86709996405989,3654.0,ASSUMED DEPTH - NOT SENSOR DATA
thermal_assumed,6,0.6,continuous,2.8056999726686627,20.691099984105676,23.49679995677434,3970.47119140625,ASSUMED DEPTH - NOT SENSOR DATA
thermal_assumed,6,0.6,smooth,2.664200001163408,20.691099984105676,23.355299985269085,3946.51123046875,ASSUMED DEPTH - NOT SENSOR DATA
thermal_assumed,7,0.7,legacy_3,0.6366999878082424,19.16310001979582,19.799800007604063,8872.0,ASSUMED DEPTH - NOT SENSOR DATA
thermal_assumed,7,0.7,thin_3,1.943600014783442,19.16310001979582,21.106700034579262,6012.0,ASSUMED DEPTH - NOT SENSOR DATA
thermal_assumed,7,0.7,banded,2.3098000092431903,19.16310001979582,21.47290002903901,3843.0,ASSUMED DEPTH - NOT SENSOR DATA
thermal_assumed,7,0.7,continuous,2.7036000101361424,19.16310001979582,21.866700029931962,4152.50341796875,ASSUMED DEPTH - NOT SENSOR DATA
thermal_assumed,7,0.7,smooth,3.045099991140887,19.16310001979582,22.208200010936707,4126.8310546875,ASSUMED DEPTH - NOT SENSOR DATA
thermal_assumed,8,0.8,legacy_3,0.8360999927390367,19.466099998680875,20.30219999141991,9055.0,ASSUMED DEPTH - NOT SENSOR DATA
thermal_assumed,8,0.8,thin_3,1.9705000158865005,19.466099998680875,21.436600014567375,6129.0,ASSUMED DEPTH - NOT SENSOR DATA
thermal_assumed,8,0.8,banded,2.087699976982549,19.466099998680875,21.553799975663424,4161.0,ASSUMED DEPTH - NOT SENSOR DATA
thermal_assumed,8,0.8,continuous,2.627200010465458,19.466099998680875,22.093300009146333,4420.41455078125,ASSUMED DEPTH - NOT SENSOR DATA
thermal_assumed,8,0.8,smooth,2.722800010815263,19.466099998680875,22.188900009496137,4391.333984375,ASSUMED DEPTH - NOT SENSOR DATA
thermal_assumed,9,0.9,legacy_3,0.5529999907594174,19.052799994824454,19.60579998558387,8819.0,ASSUMED DEPTH - NOT SENSOR DATA
thermal_assumed,9,0.9,thin_3,2.0690999808721244,19.052799994824454,21.12189997569658,5946.0,ASSUMED DEPTH - NOT SENSOR DATA
thermal_assumed,9,0.9,banded,2.1861999994143844,19.052799994824454,21.23899999423884,4242.0,ASSUMED DEPTH - NOT SENSOR DATA
thermal_assumed,9,0.9,continuous,2.5606999988667667,19.052799994824454,21.61349999369122,4392.72802734375,ASSUMED DEPTH - NOT SENSOR DATA
thermal_assumed,9,0.9,smooth,2.6357000169809908,19.052799994824454,21.688500011805445,4363.8671875,ASSUMED DEPTH - NOT SENSOR DATA
thermal_assumed,10,1.0,legacy_3,1.0794000118039548,20.36779999616556,21.447200007969514,8980.0,ASSUMED DEPTH - NOT SENSOR DATA
thermal_assumed,10,1.0,thin_3,4.285299975890666,20.36779999616556,24.653099972056225,6149.0,ASSUMED DEPTH - NOT SENSOR DATA
thermal_assumed,10,1.0,banded,4.4609000033233315,20.36779999616556,24.82869999948889,4523.0,ASSUMED DEPTH - NOT SENSOR DATA
thermal_assumed,10,1.0,continuous,4.228699981467798,20.36779999616556,24.596499977633357,4700.5888671875,ASSUMED DEPTH - NOT SENSOR DATA
thermal_assumed,10,1.0,smooth,5.473000026540831,20.36779999616556,25.84080002270639,4669.6708984375,ASSUMED DEPTH - NOT SENSOR DATA
thermal_assumed,11,1.1,legacy_3,0.4582999972626567,20.23269998608157,20.690999983344227,9376.0,ASSUMED DEPTH - NOT SENSOR DATA
thermal_assumed,11,1.1,thin_3,2.137599978595972,20.23269998608157,22.370299964677542,6397.0,ASSUMED DEPTH - NOT SENSOR DATA
thermal_assumed,11,1.1,banded,2.1357999939937145,20.23269998608157,22.368499980075285,4943.0,ASSUMED DEPTH - NOT SENSOR DATA
thermal_assumed,11,1.1,continuous,2.741300006164238,20.23269998608157,22.97399999224581,5082.14111328125,ASSUMED DEPTH - NOT SENSOR DATA
thermal_assumed,11,1.1,smooth,3.276699979323894,20.23269998608157,23.509399965405464,5049.19921875,ASSUMED DEPTH - NOT SENSOR DATA
thermal_assumed,12,1.2,legacy_3,0.4791000101249665,19.371300004422665,19.85040001454763,9895.0,ASSUMED DEPTH - NOT SENSOR DATA
thermal_assumed,12,1.2,thin_3,2.074699994409457,19.371300004422665,21.44599999883212,6872.0,ASSUMED DEPTH - NOT SENSOR DATA
thermal_assumed,12,1.2,banded,2.103000006172806,19.371300004422665,21.47430001059547,5847.0,ASSUMED DEPTH - NOT SENSOR DATA
thermal_assumed,12,1.2,continuous,2.9559000104200095,19.371300004422665,22.327200014842674,5899.8046875,ASSUMED DEPTH - NOT SENSOR DATA
thermal_assumed,12,1.2,smooth,2.587299997685477,19.371300004422665,21.958600002108142,5862.5146484375,ASSUMED DEPTH - NOT SENSOR DATA
thermal_assumed,13,1.3,legacy_3,1.0096000041812658,18.82970001315698,19.839300017338246,9003.0,ASSUMED DEPTH - NOT SENSOR DATA
thermal_assumed,13,1.3,thin_3,4.39889999688603,18.82970001315698,23.22860001004301,6083.0,ASSUMED DEPTH - NOT SENSOR DATA
thermal_assumed,13,1.3,banded,5.005400016671047,18.82970001315698,23.835100029828027,5241.0,ASSUMED DEPTH - NOT SENSOR DATA
thermal_assumed,13,1.3,continuous,6.199799972819164,18.82970001315698,25.029499985976145,5322.95703125,ASSUMED DEPTH - NOT SENSOR DATA
thermal_assumed,13,1.3,smooth,6.341600004816428,18.82970001315698,25.171300017973408,5289.83447265625,ASSUMED DEPTH - NOT SENSOR DATA
thermal_assumed,14,1.4,legacy_3,0.49199999193660915,19.18539998587221,19.677399977808818,9324.0,ASSUMED DEPTH - NOT SENSOR DATA
thermal_assumed,14,1.4,thin_3,2.2441000037360936,19.18539998587221,21.429499989608303,6441.0,ASSUMED DEPTH - NOT SENSOR DATA
thermal_assumed,14,1.4,banded,2.3419999924954027,19.18539998587221,21.52739997836761,6202.0,ASSUMED DEPTH - NOT SENSOR DATA
thermal_assumed,14,1.4,continuous,3.0260999919846654,19.18539998587221,22.211499977856874,6179.314453125,ASSUMED DEPTH - NOT SENSOR DATA
thermal_assumed,14,1.4,smooth,3.0199000029824674,19.18539998587221,22.205299988854676,6142.4462890625,ASSUMED DEPTH - NOT SENSOR DATA
thermal_assumed,15,1.5,legacy_3,1.208700006827712,19.58829999784939,20.797000004677102,9887.0,ASSUMED DEPTH - NOT SENSOR DATA
thermal_assumed,15,1.5,thin_3,3.4558000043034554,19.58829999784939,23.044100002152845,6851.0,ASSUMED DEPTH - NOT SENSOR DATA
thermal_assumed,15,1.5,banded,2.2576999908778816,19.58829999784939,21.84599998872727,6808.0,ASSUMED DEPTH - NOT SENSOR DATA
thermal_assumed,15,1.5,continuous,2.9029000143054873,19.58829999784939,22.491200012154877,6782.9931640625,ASSUMED DEPTH - NOT SENSOR DATA
thermal_assumed,15,1.5,smooth,2.7512000233400613,19.58829999784939,22.33950002118945,6744.6572265625,ASSUMED DEPTH - NOT SENSOR DATA
thermal_assumed,16,1.6,legacy_3,0.4467999970074743,19.359300000360236,19.80609999736771,10509.0,ASSUMED DEPTH - NOT SENSOR DATA
thermal_assumed,16,1.6,thin_3,2.1686000109184533,19.359300000360236,21.52790001127869,7309.0,ASSUMED DEPTH - NOT SENSOR DATA
thermal_assumed,16,1.6,banded,2.334300021175295,19.359300000360236,21.69360002153553,7163.0,ASSUMED DEPTH - NOT SENSOR DATA
thermal_assumed,16,1.6,continuous,2.937399985967204,19.359300000360236,22.29669998632744,7199.21044921875,ASSUMED DEPTH - NOT SENSOR DATA
thermal_assumed,16,1.6,smooth,2.901400002883747,19.359300000360236,22.260700003243983,7159.06982421875,ASSUMED DEPTH - NOT SENSOR DATA
thermal_assumed,17,1.7,legacy_3,0.4845999937970191,18.91850001993589,19.40310001373291,10368.0,ASSUMED DEPTH - NOT SENSOR DATA
thermal_assumed,17,1.7,thin_3,2.005100017413497,18.91850001993589,20.923600037349388,7043.0,ASSUMED DEPTH - NOT SENSOR DATA
thermal_assumed,17,1.7,banded,2.131000015651807,18.91850001993589,21.049500035587698,7476.0,ASSUMED DEPTH - NOT SENSOR DATA
thermal_assumed,17,1.7,continuous,3.042500000447035,18.91850001993589,21.961000020382926,7415.6875,ASSUMED DEPTH - NOT SENSOR DATA
thermal_assumed,17,1.7,smooth,4.369299975223839,18.91850001993589,23.28779999515973,7375.91796875,ASSUMED DEPTH - NOT SENSOR DATA
thermal_assumed,18,1.8,legacy_3,0.48340001376345754,20.56010000524111,21.04350001900457,10638.0,ASSUMED DEPTH - NOT SENSOR DATA
thermal_assumed,18,1.8,thin_3,1.9978000200353563,20.56010000524111,22.557900025276467,7408.0,ASSUMED DEPTH - NOT SENSOR DATA
thermal_assumed,18,1.8,banded,2.22829999984242,20.56010000524111,22.78840000508353,8123.0,ASSUMED DEPTH - NOT SENSOR DATA
thermal_assumed,18,1.8,continuous,2.7017999964300543,20.56010000524111,23.261900001671165,8008.57470703125,ASSUMED DEPTH - NOT SENSOR DATA
thermal_assumed,18,1.8,smooth,2.6301000034436584,20.56010000524111,23.19020000868477,7968.5390625,ASSUMED DEPTH - NOT SENSOR DATA
thermal_assumed,19,1.9,legacy_3,0.5567000189330429,19.238000008044764,19.794700026977807,10628.0,ASSUMED DEPTH - NOT SENSOR DATA
thermal_assumed,19,1.9,thin_3,3.25070001417771,19.238000008044764,22.488700022222474,7261.0,ASSUMED DEPTH - NOT SENSOR DATA
thermal_assumed,19,1.9,banded,2.296400023624301,19.238000008044764,21.534400031669065,8010.0,ASSUMED DEPTH - NOT SENSOR DATA
thermal_assumed,19,1.9,continuous,2.9421999934129417,19.238000008044764,22.180200001457706,7889.22607421875,ASSUMED DEPTH - NOT SENSOR DATA
thermal_assumed,19,1.9,smooth,2.892399992560968,19.238000008044764,22.130400000605732,7849.173828125,ASSUMED DEPTH - NOT SENSOR DATA
thermal_assumed,20,2.0,legacy_3,0.47339999582618475,19.940500002121553,20.413899997947738,10698.0,ASSUMED DEPTH - NOT SENSOR DATA
thermal_assumed,20,2.0,thin_3,2.016099984757602,19.940500002121553,21.956599986879155,7299.0,ASSUMED DEPTH - NOT SENSOR DATA
thermal_assumed,20,2.0,banded,2.323900000192225,19.940500002121553,22.264400002313778,8365.0,ASSUMED DEPTH - NOT SENSOR DATA
thermal_assumed,20,2.0,continuous,2.980199991725385,19.940500002121553,22.920699993846938,8191.7890625,ASSUMED DEPTH - NOT SENSOR DATA
thermal_assumed,20,2.0,smooth,3.148999996483326,19.940500002121553,23.08949999860488,8151.60595703125,ASSUMED DEPTH - NOT SENSOR DATA
thermal_assumed,21,2.1,legacy_3,0.42559998109936714,21.31719997851178,21.742799959611148,10572.0,ASSUMED DEPTH - NOT SENSOR DATA
thermal_assumed,21,2.1,thin_3,1.927000004798174,21.31719997851178,23.244199983309954,7365.0,ASSUMED DEPTH - NOT SENSOR DATA
thermal_assumed,21,2.1,banded,2.5461000041104853,21.31719997851178,23.863299982622266,8731.0,ASSUMED DEPTH - NOT SENSOR DATA
thermal_assumed,21,2.1,continuous,2.868799987481907,21.31719997851178,24.185999965993688,8616.8896484375,ASSUMED DEPTH - NOT SENSOR DATA
thermal_assumed,21,2.1,smooth,3.046500001801178,21.31719997851178,24.36369998031296,8577.4873046875,ASSUMED DEPTH - NOT SENSOR DATA
thermal_assumed,22,2.2,legacy_3,0.46370000927709043,19.56899999640882,20.03270000568591,10551.0,ASSUMED DEPTH - NOT SENSOR DATA
thermal_assumed,22,2.2,thin_3,3.3967000199481845,19.56899999640882,22.965700016357005,7186.0,ASSUMED DEPTH - NOT SENSOR DATA
thermal_assumed,22,2.2,banded,2.3874999897088856,19.56899999640882,21.956499986117706,8683.0,ASSUMED DEPTH - NOT SENSOR DATA
thermal_assumed,22,2.2,continuous,2.8775999962817878,19.56899999640882,22.446599992690608,8619.810546875,ASSUMED DEPTH - NOT SENSOR DATA
thermal_assumed,22,2.2,smooth,3.064300020923838,19.56899999640882,22.633300017332658,8582.4248046875,ASSUMED DEPTH - NOT SENSOR DATA
thermal_assumed,23,2.3,legacy_3,0.5526000168174505,18.95850000437349,19.51110002119094,10271.0,ASSUMED DEPTH - NOT SENSOR DATA
thermal_assumed,23,2.3,thin_3,2.427500003250316,18.95850000437349,21.386000007623807,6973.0,ASSUMED DEPTH - NOT SENSOR DATA
thermal_assumed,23,2.3,banded,3.044399985810742,18.95850000437349,22.002899990184233,8777.0,ASSUMED DEPTH - NOT SENSOR DATA
thermal_assumed,23,2.3,continuous,3.3020999981090426,18.95850000437349,22.260600002482533,8629.6435546875,ASSUMED DEPTH - NOT SENSOR DATA
thermal_assumed,23,2.3,smooth,2.9337999876588583,18.95850000437349,21.89229999203235,8595.9541015625,ASSUMED DEPTH - NOT SENSOR DATA
thermal_assumed,24,2.4,legacy_3,1.1310999980196357,18.86219999869354,19.993299996713176,10051.0,ASSUMED DEPTH - NOT SENSOR DATA
thermal_assumed,24,2.4,thin_3,5.17079999553971,18.86219999869354,24.03299999423325,6968.0,ASSUMED DEPTH - NOT SENSOR DATA
thermal_assumed,24,2.4,banded,5.422999995062128,18.86219999869354,24.28519999375567,9015.0,ASSUMED DEPTH - NOT SENSOR DATA
thermal_assumed,24,2.4,continuous,5.513599986443296,18.86219999869354,24.375799985136837,8842.21875,ASSUMED DEPTH - NOT SENSOR DATA
thermal_assumed,24,2.4,smooth,3.6843999987468123,18.86219999869354,22.546599997440353,8808.1708984375,ASSUMED DEPTH - NOT SENSOR DATA
thermal_assumed,25,2.5,legacy_3,0.4504999960772693,18.91139999497682,19.361899991054088,9535.0,ASSUMED DEPTH - NOT SENSOR DATA
thermal_assumed,25,2.5,thin_3,2.1532000100705773,18.91139999497682,21.064600005047396,6524.0,ASSUMED DEPTH - NOT SENSOR DATA
thermal_assumed,25,2.5,banded,3.633700020145625,18.91139999497682,22.545100015122443,8549.0,ASSUMED DEPTH - NOT SENSOR DATA
thermal_assumed,25,2.5,continuous,3.5905000113416463,18.91139999497682,22.501900006318465,8301.884765625,ASSUMED DEPTH - NOT SENSOR DATA
thermal_assumed,25,2.5,smooth,3.039200004423037,18.91139999497682,21.950599999399856,8269.353515625,ASSUMED DEPTH - NOT SENSOR DATA
thermal_assumed,26,2.6,legacy_3,0.47240001731552184,19.918999983929098,20.39140000124462,9715.0,ASSUMED DEPTH - NOT SENSOR DATA
thermal_assumed,26,2.6,thin_3,1.913700019940734,19.918999983929098,21.83270000386983,6755.0,ASSUMED DEPTH - NOT SENSOR DATA
thermal_assumed,26,2.6,banded,2.151599997887388,19.918999983929098,22.070599981816486,8997.0,ASSUMED DEPTH - NOT SENSOR DATA
thermal_assumed,26,2.6,continuous,3.3352999889757484,19.918999983929098,23.254299972904846,8723.935546875,ASSUMED DEPTH - NOT SENSOR DATA
thermal_assumed,26,2.6,smooth,2.730000007431954,19.918999983929098,22.648999991361052,8691.4541015625,ASSUMED DEPTH - NOT SENSOR DATA
thermal_assumed,27,2.7,legacy_3,0.4484000091906637,19.46809998480603,19.916499993996695,9591.0,ASSUMED DEPTH - NOT SENSOR DATA
thermal_assumed,27,2.7,thin_3,1.8091999809257686,19.46809998480603,21.2772999657318,6485.0,ASSUMED DEPTH - NOT SENSOR DATA
thermal_assumed,27,2.7,banded,2.62539999675937,19.46809998480603,22.0934999815654,8964.0,ASSUMED DEPTH - NOT SENSOR DATA
thermal_assumed,27,2.7,continuous,2.727100014453754,19.46809998480603,22.195199999259785,8571.75,ASSUMED DEPTH - NOT SENSOR DATA
thermal_assumed,27,2.7,smooth,2.739599993219599,19.46809998480603,22.20769997802563,8541.1435546875,ASSUMED DEPTH - NOT SENSOR DATA
thermal_assumed,28,2.8,legacy_3,0.4573000187519938,19.02090001385659,19.478200032608584,8659.0,ASSUMED DEPTH - NOT SENSOR DATA
thermal_assumed,28,2.8,thin_3,2.3726000217720866,19.02090001385659,21.393500035628676,5692.0,ASSUMED DEPTH - NOT SENSOR DATA
thermal_assumed,28,2.8,banded,2.274900005431846,19.02090001385659,21.295800019288436,8701.0,ASSUMED DEPTH - NOT SENSOR DATA
thermal_assumed,28,2.8,continuous,2.94539998867549,19.02090001385659,21.96630000253208,8162.25537109375,ASSUMED DEPTH - NOT SENSOR DATA
thermal_assumed,28,2.8,smooth,3.056699992157519,19.02090001385659,22.07760000601411,8138.85546875,ASSUMED DEPTH - NOT SENSOR DATA
thermal_assumed,29,2.9,legacy_3,0.8432000176981091,19.10540001699701,19.94860003469512,8847.0,ASSUMED DEPTH - NOT SENSOR DATA
thermal_assumed,29,2.9,thin_3,2.7612000121735036,19.10540001699701,21.866600029170513,5963.0,ASSUMED DEPTH - NOT SENSOR DATA
thermal_assumed,29,2.9,banded,2.1177000016905367,19.10540001699701,21.223100018687546,9026.0,ASSUMED DEPTH - NOT SENSOR DATA
thermal_assumed,29,2.9,continuous,2.7178000018466264,19.10540001699701,21.823200018843636,8554.27734375,ASSUMED DEPTH - NOT SENSOR DATA
thermal_assumed,29,2.9,smooth,2.7492000081110746,19.10540001699701,21.854600025108084,8529.7099609375,ASSUMED DEPTH - NOT SENSOR DATA
thermal_assumed,30,3.0,legacy_3,0.4771999956574291,18.73199999681674,19.20919999247417,8362.0,ASSUMED DEPTH - NOT SENSOR DATA
thermal_assumed,30,3.0,thin_3,1.9610000017564744,18.73199999681674,20.692999998573214,5540.0,ASSUMED DEPTH - NOT SENSOR DATA
thermal_assumed,30,3.0,banded,2.193799999076873,18.73199999681674,20.925799995893613,8303.0,ASSUMED DEPTH - NOT SENSOR DATA
thermal_assumed,30,3.0,continuous,2.7553999971132725,18.73199999681674,21.487399993930012,7974.75048828125,ASSUMED DEPTH - NOT SENSOR DATA
thermal_assumed,30,3.0,smooth,2.845199982402846,18.73199999681674,21.577199979219586,7954.3994140625,ASSUMED DEPTH - NOT SENSOR DATA
thermal_assumed,31,3.1,legacy_3,0.8637999999336898,18.904900003690273,19.768700003623962,8534.0,ASSUMED DEPTH - NOT SENSOR DATA
thermal_assumed,31,3.1,thin_3,4.82549998559989,18.904900003690273,23.730399989290163,5851.0,ASSUMED DEPTH - NOT SENSOR DATA
thermal_assumed,31,3.1,banded,4.595400008838624,18.904900003690273,23.500300012528896,8638.0,ASSUMED DEPTH - NOT SENSOR DATA
thermal_assumed,31,3.1,continuous,6.563599978107959,18.904900003690273,25.46849998179823,8318.390625,ASSUMED DEPTH - NOT SENSOR DATA
thermal_assumed,31,3.1,smooth,4.634699987946078,18.904900003690273,23.53959999163635,8297.27734375,ASSUMED DEPTH - NOT SENSOR DATA
thermal_assumed,32,3.2,legacy_3,0.5203000036999583,22.354999993694946,22.875299997394904,7841.0,ASSUMED DEPTH - NOT SENSOR DATA
thermal_assumed,32,3.2,thin_3,1.9004999776370823,22.354999993694946,24.25549997133203,5179.0,ASSUMED DEPTH - NOT SENSOR DATA
thermal_assumed,32,3.2,banded,2.100299985613674,22.354999993694946,24.45529997930862,7736.0,ASSUMED DEPTH - NOT SENSOR DATA
thermal_assumed,32,3.2,continuous,3.3184000058099627,22.354999993694946,25.67339999950491,7485.3134765625,ASSUMED DEPTH - NOT SENSOR DATA
thermal_assumed,32,3.2,smooth,2.6981999981217086,22.354999993694946,25.053199991816655,7468.26171875,ASSUMED DEPTH - NOT SENSOR DATA
thermal_assumed,33,3.3,legacy_3,0.454399996669963,19.8728000104893,20.327200007159263,8037.0,ASSUMED DEPTH - NOT SENSOR DATA
thermal_assumed,33,3.3,thin_3,1.9268000032752752,19.8728000104893,21.799600013764575,5385.0,ASSUMED DEPTH - NOT SENSOR DATA
thermal_assumed,33,3.3,banded,2.1189999824855477,19.8728000104893,21.991799992974848,8316.0,ASSUMED DEPTH - NOT SENSOR DATA
thermal_assumed,33,3.3,continuous,3.0310000001918525,19.8728000104893,22.903800010681152,7985.18994140625,ASSUMED DEPTH - NOT SENSOR DATA
thermal_assumed,33,3.3,smooth,3.6236000014469028,19.8728000104893,23.496400011936203,7970.50244140625,ASSUMED DEPTH - NOT SENSOR DATA
thermal_assumed,34,3.4,legacy_3,0.5406999844126403,21.01510000647977,21.55579999089241,8006.0,ASSUMED DEPTH - NOT SENSOR DATA
thermal_assumed,34,3.4,thin_3,1.871000014944002,21.01510000647977,22.886100021423772,5240.0,ASSUMED DEPTH - NOT SENSOR DATA
thermal_assumed,34,3.4,banded,1.9580000080168247,21.01510000647977,22.973100014496595,8202.0,ASSUMED DEPTH - NOT SENSOR DATA
thermal_assumed,34,3.4,continuous,2.6031999732367694,21.01510000647977,23.61829997971654,7837.2138671875,ASSUMED DEPTH - NOT SENSOR DATA
thermal_assumed,34,3.4,smooth,2.692299982300028,21.01510000647977,23.707399988779798,7823.85302734375,ASSUMED DEPTH - NOT SENSOR DATA
thermal_assumed,35,3.5,legacy_3,0.47030000132508576,18.557799980044365,19.02809998136945,7878.0,ASSUMED DEPTH - NOT SENSOR DATA
thermal_assumed,35,3.5,thin_3,2.7867000026162714,18.557799980044365,21.344499982660636,5193.0,ASSUMED DEPTH - NOT SENSOR DATA
thermal_assumed,35,3.5,banded,2.396199997747317,18.557799980044365,20.953999977791682,8134.0,ASSUMED DEPTH - NOT SENSOR DATA
thermal_assumed,35,3.5,continuous,2.876799990190193,18.557799980044365,21.434599970234558,7829.990234375,ASSUMED DEPTH - NOT SENSOR DATA
thermal_assumed,35,3.5,smooth,2.838200016412884,18.557799980044365,21.39599999645725,7819.177734375,ASSUMED DEPTH - NOT SENSOR DATA
thermal_assumed,36,3.6,legacy_3,0.4239999980200082,19.517600012477487,19.941600010497496,8066.0,ASSUMED DEPTH - NOT SENSOR DATA
thermal_assumed,36,3.6,thin_3,2.3706000065431,19.517600012477487,21.888200019020587,5294.0,ASSUMED DEPTH - NOT SENSOR DATA
thermal_assumed,36,3.6,banded,2.3461000237148255,19.517600012477487,21.863700036192313,8372.0,ASSUMED DEPTH - NOT SENSOR DATA
thermal_assumed,36,3.6,continuous,2.8854000265710056,19.517600012477487,22.403000039048493,8068.9873046875,ASSUMED DEPTH - NOT SENSOR DATA
thermal_assumed,36,3.6,smooth,2.970900008222088,19.517600012477487,22.488500020699576,8060.66748046875,ASSUMED DEPTH - NOT SENSOR DATA
thermal_assumed,37,3.7,legacy_3,0.4641000123228878,19.72770001157187,20.191800023894757,7319.0,ASSUMED DEPTH - NOT SENSOR DATA
thermal_assumed,37,3.7,thin_3,2.354399999603629,19.72770001157187,22.0821000111755,4857.0,ASSUMED DEPTH - NOT SENSOR DATA
thermal_assumed,37,3.7,banded,2.0893999899271876,19.72770001157187,21.817100001499057,7684.0,ASSUMED DEPTH - NOT SENSOR DATA
thermal_assumed,37,3.7,continuous,2.5972999865189195,19.72770001157187,22.32499999809079,7411.1787109375,ASSUMED DEPTH - NOT SENSOR DATA
thermal_assumed,37,3.7,smooth,2.6259000005666167,19.72770001157187,22.353600012138486,7403.849609375,ASSUMED DEPTH - NOT SENSOR DATA
thermal_assumed,38,3.8,legacy_3,0.40920000174082816,19.744300021557137,20.153500023297966,7472.0,ASSUMED DEPTH - NOT SENSOR DATA
thermal_assumed,38,3.8,thin_3,1.9712999928742647,19.744300021557137,21.715600014431402,4906.0,ASSUMED DEPTH - NOT SENSOR DATA
thermal_assumed,38,3.8,banded,2.2869999811518937,19.744300021557137,22.03130000270903,7861.0,ASSUMED DEPTH - NOT SENSOR DATA
thermal_assumed,38,3.8,continuous,2.8058000025339425,19.744300021557137,22.55010002409108,7514.5673828125,ASSUMED DEPTH - NOT SENSOR DATA
thermal_assumed,38,3.8,smooth,2.858299994841218,19.744300021557137,22.602600016398355,7511.4130859375,ASSUMED DEPTH - NOT SENSOR DATA
thermal_assumed,39,3.9,legacy_3,0.4893000004813075,19.815299980109558,20.304599980590865,7393.0,ASSUMED DEPTH - NOT SENSOR DATA
thermal_assumed,39,3.9,thin_3,2.0674999977927655,19.815299980109558,21.882799977902323,4855.0,ASSUMED DEPTH - NOT SENSOR DATA
thermal_assumed,39,3.9,banded,2.2644999844487756,19.815299980109558,22.079799964558333,7834.0,ASSUMED DEPTH - NOT SENSOR DATA
thermal_assumed,39,3.9,continuous,5.052500026067719,19.815299980109558,24.867800006177276,7478.0595703125,ASSUMED DEPTH - NOT SENSOR DATA
thermal_assumed,39,3.9,smooth,6.105600012233481,19.815299980109558,25.92089999234304,7476.6533203125,ASSUMED DEPTH - NOT SENSOR DATA
thermal_assumed,40,4.0,legacy_3,0.5622000026050955,19.187700003385544,19.74990000599064,7390.0,ASSUMED DEPTH - NOT SENSOR DATA
thermal_assumed,40,4.0,thin_3,2.4628999817650765,19.187700003385544,21.65059998515062,4942.0,ASSUMED DEPTH - NOT SENSOR DATA
thermal_assumed,40,4.0,banded,2.950599999167025,19.187700003385544,22.13830000255257,8147.0,ASSUMED DEPTH - NOT SENSOR DATA
thermal_assumed,40,4.0,continuous,2.7304000104777515,19.187700003385544,21.918100013863295,7723.7119140625,ASSUMED DEPTH - NOT SENSOR DATA
thermal_assumed,40,4.0,smooth,2.6929999876301736,19.187700003385544,21.880699991015717,7723.46875,ASSUMED DEPTH - NOT SENSOR DATA
thermal_assumed,41,4.1,legacy_3,0.46030001249164343,18.818500015186146,19.27880002767779,7048.0,ASSUMED DEPTH - NOT SENSOR DATA
thermal_assumed,41,4.1,thin_3,3.408000018680468,18.818500015186146,22.226500033866614,4593.0,ASSUMED DEPTH - NOT SENSOR DATA
thermal_assumed,41,4.1,banded,2.522399998269975,18.818500015186146,21.34090001345612,7555.0,ASSUMED DEPTH - NOT SENSOR DATA
thermal_assumed,41,4.1,continuous,2.775899978587404,18.818500015186146,21.59439999377355,7165.005859375,ASSUMED DEPTH - NOT SENSOR DATA
thermal_assumed,41,4.1,smooth,2.644799998961389,18.818500015186146,21.463300014147535,7168.3642578125,ASSUMED DEPTH - NOT SENSOR DATA
thermal_assumed,42,4.2,legacy_3,0.4997999931219965,22.057299996959046,22.557099990081042,7582.0,ASSUMED DEPTH - NOT SENSOR DATA
thermal_assumed,42,4.2,thin_3,3.253999981097877,22.057299996959046,25.311299978056923,4944.0,ASSUMED DEPTH - NOT SENSOR DATA
thermal_assumed,42,4.2,banded,3.6890000046696514,22.057299996959046,25.746300001628697,8056.0,ASSUMED DEPTH - NOT SENSOR DATA
thermal_assumed,42,4.2,continuous,5.13969999155961,22.057299996959046,27.196999988518655,7620.587890625,ASSUMED DEPTH - NOT SENSOR DATA
thermal_assumed,42,4.2,smooth,3.5148000170011073,22.057299996959046,25.572100013960153,7626.82373046875,ASSUMED DEPTH - NOT SENSOR DATA
thermal_assumed,43,4.3,legacy_3,0.543999980436638,19.21929998206906,19.763299962505698,8130.0,ASSUMED DEPTH - NOT SENSOR DATA
thermal_assumed,43,4.3,thin_3,2.207399986218661,19.21929998206906,21.42669996828772,5288.0,ASSUMED DEPTH - NOT SENSOR DATA
thermal_assumed,43,4.3,banded,2.4723000242374837,19.21929998206906,21.691600006306544,8566.0,ASSUMED DEPTH - NOT SENSOR DATA
thermal_assumed,43,4.3,continuous,2.9380000196397305,19.21929998206906,22.15730000170879,8110.39990234375,ASSUMED DEPTH - NOT SENSOR DATA
thermal_assumed,43,4.3,smooth,3.641599992988631,19.21929998206906,22.86089997505769,8118.48291015625,ASSUMED DEPTH - NOT SENSOR DATA
thermal_assumed,44,4.4,legacy_3,0.5559999844990671,20.039499999256805,20.59549998375587,8710.0,ASSUMED DEPTH - NOT SENSOR DATA
thermal_assumed,44,4.4,thin_3,2.4304999969899654,20.039499999256805,22.46999999624677,5647.0,ASSUMED DEPTH - NOT SENSOR DATA
thermal_assumed,44,4.4,banded,2.751599997282028,20.039499999256805,22.791099996538833,8889.0,ASSUMED DEPTH - NOT SENSOR DATA
thermal_assumed,44,4.4,continuous,3.337200003443286,20.039499999256805,23.37670000270009,8404.775390625,ASSUMED DEPTH - NOT SENSOR DATA
thermal_assumed,44,4.4,smooth,3.3491000067442656,20.039499999256805,23.38860000600107,8417.03125,ASSUMED DEPTH - NOT SENSOR DATA
thermal_assumed,45,4.5,legacy_3,0.5466000002343208,19.515199994202703,20.061799994437024,8940.0,ASSUMED DEPTH - NOT SENSOR DATA
thermal_assumed,45,4.5,thin_3,2.6894999900832772,19.515199994202703,22.20469998428598,5863.0,ASSUMED DEPTH - NOT SENSOR DATA
thermal_assumed,45,4.5,banded,2.9461999947670847,19.515199994202703,22.461399988969788,9062.0,ASSUMED DEPTH - NOT SENSOR DATA
thermal_assumed,45,4.5,continuous,3.5083999973721802,19.515199994202703,23.023599991574883,8581.263671875,ASSUMED DEPTH - NOT SENSOR DATA
thermal_assumed,45,4.5,smooth,3.48919999669306,19.515199994202703,23.004399990895763,8595.5986328125,ASSUMED DEPTH - NOT SENSOR DATA
thermal_assumed,46,4.6,legacy_3,0.5428000004030764,19.055399985518306,19.598199985921383,9157.0,ASSUMED DEPTH - NOT SENSOR DATA
thermal_assumed,46,4.6,thin_3,3.3208999957423657,19.055399985518306,22.376299981260672,6017.0,ASSUMED DEPTH - NOT SENSOR DATA
thermal_assumed,46,4.6,banded,2.2046999947633594,19.055399985518306,21.260099980281666,9087.0,ASSUMED DEPTH - NOT SENSOR DATA
thermal_assumed,46,4.6,continuous,2.7497000119183213,19.055399985518306,21.805099997436628,8655.607421875,ASSUMED DEPTH - NOT SENSOR DATA
thermal_assumed,46,4.6,smooth,2.7796999784186482,19.055399985518306,21.835099963936955,8671.9140625,ASSUMED DEPTH - NOT SENSOR DATA
thermal_assumed,47,4.7,legacy_3,0.5224999913480133,20.133899990469217,20.65639998181723,8729.0,ASSUMED DEPTH - NOT SENSOR DATA
thermal_assumed,47,4.7,thin_3,4.143600002862513,20.133899990469217,24.27749999333173,5608.0,ASSUMED DEPTH - NOT SENSOR DATA
thermal_assumed,47,4.7,banded,4.833399987546727,20.133899990469217,24.967299978015944,8343.0,ASSUMED DEPTH - NOT SENSOR DATA
thermal_assumed,47,4.7,continuous,6.245900003705174,20.133899990469217,26.37979999417439,7951.7822265625,ASSUMED DEPTH - NOT SENSOR DATA
thermal_assumed,47,4.7,smooth,6.285199982812628,20.133899990469217,26.419099973281845,7969.8857421875,ASSUMED DEPTH - NOT SENSOR DATA
thermal_assumed,48,4.8,legacy_3,0.5479000101331621,18.835100025171414,19.383000035304576,8673.0,ASSUMED DEPTH - NOT SENSOR DATA
thermal_assumed,48,4.8,thin_3,1.9308000046294183,18.835100025171414,20.765900029800832,5658.0,ASSUMED DEPTH - NOT SENSOR DATA
thermal_assumed,48,4.8,banded,2.3354000004474074,18.835100025171414,21.17050002561882,8284.0,ASSUMED DEPTH - NOT SENSOR DATA
thermal_assumed,48,4.8,continuous,2.6542999839875847,18.835100025171414,21.489400009159,7916.1845703125,ASSUMED DEPTH - NOT SENSOR DATA
thermal_assumed,48,4.8,smooth,2.6996000087819993,18.835100025171414,21.534700033953413,7935.4287109375,ASSUMED DEPTH - NOT SENSOR DATA
thermal_assumed,49,4.9,legacy_3,1.0298999841324985,19.13179998518899,20.16169996932149,8494.0,ASSUMED DEPTH - NOT SENSOR DATA
thermal_assumed,49,4.9,thin_3,4.3944999924860895,19.13179998518899,23.52629997767508,5598.0,ASSUMED DEPTH - NOT SENSOR DATA
thermal_assumed,49,4.9,banded,2.1692000154871494,19.13179998518899,21.30100000067614,7959.0,ASSUMED DEPTH - NOT SENSOR DATA
thermal_assumed,49,4.9,continuous,3.038499999092892,19.13179998518899,22.170299984281883,7694.80859375,ASSUMED DEPTH - NOT SENSOR DATA
thermal_assumed,49,4.9,smooth,3.3534000103827566,19.13179998518899,22.485199995571747,7715.4609375,ASSUMED DEPTH - NOT SENSOR DATA
thermal_assumed,50,5.0,legacy_3,0.5387999990489334,19.021199987037107,19.55999998608604,8271.0,ASSUMED DEPTH - NOT SENSOR DATA
thermal_assumed,50,5.0,thin_3,2.1983000042382628,19.021199987037107,21.21949999127537,5399.0,ASSUMED DEPTH - NOT SENSOR DATA
thermal_assumed,50,5.0,banded,3.81220001145266,19.021199987037107,22.833399998489767,7405.0,ASSUMED DEPTH - NOT SENSOR DATA
thermal_assumed,50,5.0,continuous,3.939800022635609,19.021199987037107,22.961000009672716,7255.9072265625,ASSUMED DEPTH - NOT SENSOR DATA
thermal_assumed,50,5.0,smooth,6.620600004680455,19.021199987037107,25.641799991717562,7276.7119140625,ASSUMED DEPTH - NOT SENSOR DATA
thermal_assumed,51,5.1,legacy_3,0.5603999888990074,19.31549998698756,19.87589997588657,8367.0,ASSUMED DEPTH - NOT SENSOR DATA
thermal_assumed,51,5.1,thin_3,4.270400007953867,19.31549998698756,23.58589999494143,5448.0,ASSUMED DEPTH - NOT SENSOR DATA
thermal_assumed,51,5.1,banded,3.1359999848064035,19.31549998698756,22.451499971793965,7245.0,ASSUMED DEPTH - NOT SENSOR DATA
thermal_assumed,51,5.1,continuous,3.50099999923259,19.31549998698756,22.81649998622015,7103.9453125,ASSUMED DEPTH - NOT SENSOR DATA
thermal_assumed,51,5.1,smooth,3.0775999766774476,19.31549998698756,22.39309996366501,7126.388671875,ASSUMED DEPTH - NOT SENSOR DATA
thermal_assumed,52,5.2,legacy_3,0.5617999995592982,19.089800014626235,19.651600014185533,8749.0,ASSUMED DEPTH - NOT SENSOR DATA
thermal_assumed,52,5.2,thin_3,2.4489000206813216,19.089800014626235,21.538700035307556,5709.0,ASSUMED DEPTH - NOT SENSOR DATA
thermal_assumed,52,5.2,banded,2.5883000052999705,19.089800014626235,21.678100019926205,7506.0,ASSUMED DEPTH - NOT SENSOR DATA
thermal_assumed,52,5.2,continuous,4.127899999730289,19.089800014626235,23.217700014356524,7378.005859375,ASSUMED DEPTH - NOT SENSOR DATA
thermal_assumed,52,5.2,smooth,6.086000008508563,19.089800014626235,25.175800023134798,7400.72265625,ASSUMED DEPTH - NOT SENSOR DATA
thermal_assumed,53,5.3,legacy_3,0.5538999976124614,21.174800000153482,21.728699997765943,8360.0,ASSUMED DEPTH - NOT SENSOR DATA
thermal_assumed,53,5.3,thin_3,2.2533999872393906,21.174800000153482,23.428199987392873,5421.0,ASSUMED DEPTH - NOT SENSOR DATA
thermal_assumed,53,5.3,banded,2.3397000040858984,21.174800000153482,23.51450000423938,6921.0,ASSUMED DEPTH - NOT SENSOR DATA
thermal_assumed,53,5.3,continuous,2.6413000014144927,21.174800000153482,23.816100001567975,6761.31884765625,ASSUMED DEPTH - NOT SENSOR DATA
thermal_assumed,53,5.3,smooth,2.718600007938221,21.174800000153482,23.893400008091703,6784.6396484375,ASSUMED DEPTH - NOT SENSOR DATA
thermal_assumed,54,5.4,legacy_3,0.66230000811629,19.707600004039705,20.369900012155995,8693.0,ASSUMED DEPTH - NOT SENSOR DATA
thermal_assumed,54,5.4,thin_3,2.6344999787397683,19.707600004039705,22.342099982779473,5638.0,ASSUMED DEPTH - NOT SENSOR DATA
thermal_assumed,54,5.4,banded,2.6735000137705356,19.707600004039705,22.38110001781024,7135.0,ASSUMED DEPTH - NOT SENSOR DATA
thermal_assumed,54,5.4,continuous,3.7908000231254846,19.707600004039705,23.49840002716519,6996.3720703125,ASSUMED DEPTH - NOT SENSOR DATA
thermal_assumed,54,5.4,smooth,3.3937999978661537,19.707600004039705,23.10140000190586,7020.640625,ASSUMED DEPTH - NOT SENSOR DATA
thermal_assumed,55,5.5,legacy_3,0.61629997799173,18.933799990918487,19.550099968910217,8287.0,ASSUMED DEPTH - NOT SENSOR DATA
thermal_assumed,55,5.5,thin_3,4.27589999162592,18.933799990918487,23.209699982544407,5417.0,ASSUMED DEPTH - NOT SENSOR DATA
thermal_assumed,55,5.5,banded,5.525199987459928,18.933799990918487,24.458999978378415,6660.0,ASSUMED DEPTH - NOT SENSOR DATA
thermal_assumed,55,5.5,continuous,3.3981000015046448,18.933799990918487,22.331899992423132,6509.48876953125,ASSUMED DEPTH - NOT SENSOR DATA
thermal_assumed,55,5.5,smooth,3.3712000004015863,18.933799990918487,22.304999991320074,6533.86328125,ASSUMED DEPTH - NOT SENSOR DATA
thermal_assumed,56,5.6,legacy_3,0.5341999931260943,18.728099996224046,19.26229998935014,7863.0,ASSUMED DEPTH - NOT SENSOR DATA
thermal_assumed,56,5.6,thin_3,3.745199996046722,18.728099996224046,22.473299992270768,5055.0,ASSUMED DEPTH - NOT SENSOR DATA
thermal_assumed,56,5.6,banded,4.540199995972216,18.728099996224046,23.268299992196262,6041.0,ASSUMED DEPTH - NOT SENSOR DATA
thermal_assumed,56,5.6,continuous,5.143099988345057,18.728099996224046,23.871199984569103,5897.3056640625,ASSUMED DEPTH - NOT SENSOR DATA
thermal_assumed,56,5.6,smooth,3.657299996120855,18.728099996224046,22.3853999923449,5922.029296875,ASSUMED DEPTH - NOT SENSOR DATA
thermal_assumed,57,5.7,legacy_3,0.8407999994233251,18.80439999513328,19.645199994556606,7878.0,ASSUMED DEPTH - NOT SENSOR DATA
thermal_assumed,57,5.7,thin_3,3.023500001290813,18.80439999513328,21.827899996424094,5132.0,ASSUMED DEPTH - NOT SENSOR DATA
thermal_assumed,57,5.7,banded,2.711899986024946,18.80439999513328,21.516299981158227,5674.0,ASSUMED DEPTH - NOT SENSOR DATA
thermal_assumed,57,5.7,continuous,3.1414999975822866,18.80439999513328,21.945899992715567,5702.984375,ASSUMED DEPTH - NOT SENSOR DATA
thermal_assumed,57,5.7,smooth,3.6288999835960567,18.80439999513328,22.433299978729337,5728.294921875,ASSUMED DEPTH - NOT SENSOR DATA
thermal_assumed,58,5.8,legacy_3,0.6233000021893531,18.753599986666813,19.376899988856167,8108.0,ASSUMED DEPTH - NOT SENSOR DATA
thermal_assumed,58,5.8,thin_3,3.1518000178039074,18.753599986666813,21.90540000447072,5312.0,ASSUMED DEPTH - NOT SENSOR DATA
thermal_assumed,58,5.8,banded,5.355900007998571,18.753599986666813,24.109499994665384,5754.0,ASSUMED DEPTH - NOT SENSOR DATA
thermal_assumed,58,5.8,continuous,3.2454000029247254,18.753599986666813,21.99899998959154,5805.1943359375,ASSUMED DEPTH - NOT SENSOR DATA
thermal_assumed,58,5.8,smooth,3.2635000243317336,18.753599986666813,22.017100010998547,5832.2451171875,ASSUMED DEPTH - NOT SENSOR DATA
thermal_assumed,59,5.9,legacy_3,0.5499999970197678,19.715000002179295,20.264999999199063,8282.0,ASSUMED DEPTH - NOT SENSOR DATA
thermal_assumed,59,5.9,thin_3,4.759299976285547,19.715000002179295,24.474299978464842,5477.0,ASSUMED DEPTH - NOT SENSOR DATA
thermal_assumed,59,5.9,banded,3.9106000040192157,19.715000002179295,23.62560000619851,5955.0,ASSUMED DEPTH - NOT SENSOR DATA
thermal_assumed,59,5.9,continuous,2.8882999904453754,19.715000002179295,22.60329999262467,5931.5771484375,ASSUMED DEPTH - NOT SENSOR DATA
thermal_assumed,59,5.9,smooth,3.052600019145757,19.715000002179295,22.767600021325052,5960.2099609375,ASSUMED DEPTH - NOT SENSOR DATA
thermal_assumed,60,6.0,legacy_3,0.6439999851863831,19.32180000585504,19.965799991041422,8194.0,ASSUMED DEPTH - NOT SENSOR DATA
thermal_assumed,60,6.0,thin_3,2.997900010086596,19.32180000585504,22.319700015941635,5347.0,ASSUMED DEPTH - NOT SENSOR DATA
thermal_assumed,60,6.0,banded,2.400800003670156,19.32180000585504,21.722600009525195,5732.0,ASSUMED DEPTH - NOT SENSOR DATA
thermal_assumed,60,6.0,continuous,2.732799999648705,19.32180000585504,22.054600005503744,5686.9130859375,ASSUMED DEPTH - NOT SENSOR DATA
thermal_assumed,60,6.0,smooth,2.8158000204712152,19.32180000585504,22.137600026326254,5714.38232421875,ASSUMED DEPTH - NOT SENSOR DATA
thermal_assumed,61,6.1,legacy_3,0.45039999531582,18.988900003023446,19.439299998339266,7891.0,ASSUMED DEPTH - NOT SENSOR DATA
thermal_assumed,61,6.1,thin_3,2.235599997220561,18.988900003023446,21.224500000244007,5107.0,ASSUMED DEPTH - NOT SENSOR DATA
thermal_assumed,61,6.1,banded,2.2736999962944537,18.988900003023446,21.2625999993179,5201.0,ASSUMED DEPTH - NOT SENSOR DATA
thermal_assumed,61,6.1,continuous,3.170899988617748,18.988900003023446,22.159799991641194,5208.7509765625,ASSUMED DEPTH - NOT SENSOR DATA
thermal_assumed,61,6.1,smooth,2.875700010918081,18.988900003023446,21.864600013941526,5235.82958984375,ASSUMED DEPTH - NOT SENSOR DATA
thermal_assumed,62,6.2,legacy_3,1.0920999920926988,19.12290000473149,20.21499999682419,7965.0,ASSUMED DEPTH - NOT SENSOR DATA
thermal_assumed,62,6.2,thin_3,2.025499998126179,19.12290000473149,21.14840000285767,5243.0,ASSUMED DEPTH - NOT SENSOR DATA
thermal_assumed,62,6.2,banded,2.21950002014637,19.12290000473149,21.34240002487786,5083.0,ASSUMED DEPTH - NOT SENSOR DATA
thermal_assumed,62,6.2,continuous,2.7356999926269054,19.12290000473149,21.858599997358397,5097.8935546875,ASSUMED DEPTH - NOT SENSOR DATA
thermal_assumed,62,6.2,smooth,2.8369000065140426,19.12290000473149,21.959800011245534,5125.654296875,ASSUMED DEPTH - NOT SENSOR DATA
thermal_assumed,63,6.3,legacy_3,0.4827000084333122,20.226499997079372,20.709200005512685,7896.0,ASSUMED DEPTH - NOT SENSOR DATA
thermal_assumed,63,6.3,thin_3,3.507499990519136,20.226499997079372,23.73399998759851,5146.0,ASSUMED DEPTH - NOT SENSOR DATA
thermal_assumed,63,6.3,banded,4.1665000026114285,20.226499997079372,24.3929999996908,4873.0,ASSUMED DEPTH - NOT SENSOR DATA
thermal_assumed,63,6.3,continuous,2.875200007110834,20.226499997079372,23.101700004190207,4916.7265625,ASSUMED DEPTH - NOT SENSOR DATA
thermal_assumed,63,6.3,smooth,3.385899995919317,20.226499997079372,23.61239999299869,4944.01220703125,ASSUMED DEPTH - NOT SENSOR DATA
thermal_assumed,64,6.4,legacy_3,0.5104999872855842,20.156400016276166,20.66690000356175,7881.0,ASSUMED DEPTH - NOT SENSOR DATA
thermal_assumed,64,6.4,thin_3,3.6831999896094203,20.156400016276166,23.839600005885586,5113.0,ASSUMED DEPTH - NOT SENSOR DATA
thermal_assumed,64,6.4,banded,2.6738999877125025,20.156400016276166,22.83030000398867,4686.0,ASSUMED DEPTH - NOT SENSOR DATA
thermal_assumed,64,6.4,continuous,2.972799993585795,20.156400016276166,23.12920000986196,4669.64990234375,ASSUMED DEPTH - NOT SENSOR DATA
thermal_assumed,64,6.4,smooth,2.865999995265156,20.156400016276166,23.022400011541322,4697.39599609375,ASSUMED DEPTH - NOT SENSOR DATA
thermal_assumed,65,6.5,legacy_3,0.5607000202871859,19.376100011868402,19.93680003215559,7873.0,ASSUMED DEPTH - NOT SENSOR DATA
thermal_assumed,65,6.5,thin_3,1.9469999824650586,19.376100011868402,21.32309999433346,5208.0,ASSUMED DEPTH - NOT SENSOR DATA
thermal_assumed,65,6.5,banded,2.1670999994967133,19.376100011868402,21.543200011365116,4415.0,ASSUMED DEPTH - NOT SENSOR DATA
thermal_assumed,65,6.5,continuous,2.5995999749284238,19.376100011868402,21.975699986796826,4476.96630859375,ASSUMED DEPTH - NOT SENSOR DATA
thermal_assumed,65,6.5,smooth,2.523000002838671,19.376100011868402,21.899100014707074,4505.1884765625,ASSUMED DEPTH - NOT SENSOR DATA
thermal_assumed,66,6.6,legacy_3,0.5101000133436173,18.704499991144985,19.214600004488602,7979.0,ASSUMED DEPTH - NOT SENSOR DATA
thermal_assumed,66,6.6,thin_3,3.6785000120289624,18.704499991144985,22.383000003173947,5206.0,ASSUMED DEPTH - NOT SENSOR DATA
thermal_assumed,66,6.6,banded,4.603800014592707,18.704499991144985,23.308300005737692,3990.0,ASSUMED DEPTH - NOT SENSOR DATA
thermal_assumed,66,6.6,continuous,5.040999996708706,18.704499991144985,23.74549998785369,4159.64453125,ASSUMED DEPTH - NOT SENSOR DATA
thermal_assumed,66,6.6,smooth,5.568099993979558,18.704499991144985,24.272599985124543,4186.4599609375,ASSUMED DEPTH - NOT SENSOR DATA
thermal_assumed,67,6.7,legacy_3,0.998999981675297,18.999799998709932,19.99879998038523,7790.0,ASSUMED DEPTH - NOT SENSOR DATA
thermal_assumed,67,6.7,thin_3,3.6308999988250434,18.999799998709932,22.630699997534975,5124.0,ASSUMED DEPTH - NOT SENSOR DATA
thermal_assumed,67,6.7,banded,3.548600012436509,18.999799998709932,22.54840001114644,3769.0,ASSUMED DEPTH - NOT SENSOR DATA
thermal_assumed,67,6.7,continuous,3.186700021615252,18.999799998709932,22.186500020325184,3923.746826171875,ASSUMED DEPTH - NOT SENSOR DATA
thermal_assumed,67,6.7,smooth,2.91429998469539,18.999799998709932,21.914099983405322,3948.858642578125,ASSUMED DEPTH - NOT SENSOR DATA
thermal_assumed,68,6.8,legacy_3,1.117900013923645,19.77479999186471,20.892700005788356,8303.0,ASSUMED DEPTH - NOT SENSOR DATA
thermal_assumed,68,6.8,thin_3,2.194700005929917,19.77479999186471,21.969499997794628,5463.0,ASSUMED DEPTH - NOT SENSOR DATA
thermal_assumed,68,6.8,banded,2.301700005773455,19.77479999186471,22.076499997638166,3675.0,ASSUMED DEPTH - NOT SENSOR DATA
thermal_assumed,68,6.8,continuous,4.039699997520074,19.77479999186471,23.814499989384785,3863.39013671875,ASSUMED DEPTH - NOT SENSOR DATA
thermal_assumed,68,6.8,smooth,6.028500007232651,19.77479999186471,25.803299999097362,3889.531494140625,ASSUMED DEPTH - NOT SENSOR DATA
thermal_assumed,69,6.9,legacy_3,0.9547999943606555,18.514499999582767,19.469299993943423,8321.0,ASSUMED DEPTH - NOT SENSOR DATA
thermal_assumed,69,6.9,thin_3,1.9212000188417733,18.514499999582767,20.43570001842454,5544.0,ASSUMED DEPTH - NOT SENSOR DATA
thermal_assumed,69,6.9,banded,2.0944999996572733,18.514499999582767,20.60899999924004,3865.0,ASSUMED DEPTH - NOT SENSOR DATA
thermal_assumed,69,6.9,continuous,2.894300007028505,18.514499999582767,21.408800006611273,4020.1748046875,ASSUMED DEPTH - NOT SENSOR DATA
thermal_assumed,69,6.9,smooth,2.5559999921824783,18.514499999582767,21.070499991765246,4046.225341796875,ASSUMED DEPTH - NOT SENSOR DATA
thermal_assumed,70,7.0,legacy_3,1.0190000175498426,19.079499994404614,20.098500011954457,8273.0,ASSUMED DEPTH - NOT SENSOR DATA
thermal_assumed,70,7.0,thin_3,2.2806999913882464,19.079499994404614,21.36019998579286,5546.0,ASSUMED DEPTH - NOT SENSOR DATA
thermal_assumed,70,7.0,banded,4.280500026652589,19.079499994404614,23.360000021057203,3492.0,ASSUMED DEPTH - NOT SENSOR DATA
thermal_assumed,70,7.0,continuous,2.902099979110062,19.079499994404614,21.981599973514676,3716.488037109375,ASSUMED DEPTH - NOT SENSOR DATA
thermal_assumed,70,7.0,smooth,2.836400002706796,19.079499994404614,21.91589999711141,3741.433349609375,ASSUMED DEPTH - NOT SENSOR DATA
thermal_assumed,71,7.1,legacy_3,0.6877999985590577,18.957899999804795,19.645699998363853,8483.0,ASSUMED DEPTH - NOT SENSOR DATA
thermal_assumed,71,7.1,thin_3,2.7083999884780496,18.957899999804795,21.666299988282844,5721.0,ASSUMED DEPTH - NOT SENSOR DATA
thermal_assumed,71,7.1,banded,4.985999985365197,18.957899999804795,23.943899985169992,3414.0,ASSUMED DEPTH - NOT SENSOR DATA
thermal_assumed,71,7.1,continuous,3.08470000163652,18.957899999804795,22.042600001441315,3719.030029296875,ASSUMED DEPTH - NOT SENSOR DATA
thermal_assumed,71,7.1,smooth,3.047899983357638,18.957899999804795,22.005799983162433,3743.74853515625,ASSUMED DEPTH - NOT SENSOR DATA
thermal_assumed,72,7.2,legacy_3,0.5682999908458441,19.54799998202361,20.116299972869456,9049.0,ASSUMED DEPTH - NOT SENSOR DATA
thermal_assumed,72,7.2,thin_3,2.343300002394244,19.54799998202361,21.891299984417856,6142.0,ASSUMED DEPTH - NOT SENSOR DATA
thermal_assumed,72,7.2,banded,2.536599989980459,19.54799998202361,22.08459997200407,3614.0,ASSUMED DEPTH - NOT SENSOR DATA
thermal_assumed,72,7.2,continuous,3.038299997569993,19.54799998202361,22.586299979593605,3901.437255859375,ASSUMED DEPTH - NOT SENSOR DATA
thermal_assumed,72,7.2,smooth,3.2805000082589686,19.54799998202361,22.82849999028258,3928.236328125,ASSUMED DEPTH - NOT SENSOR DATA
thermal_assumed,73,7.3,legacy_3,0.5548000044655055,19.593899982282892,20.148699986748397,8317.0,ASSUMED DEPTH - NOT SENSOR DATA
thermal_assumed,73,7.3,thin_3,2.9226999904494733,19.593899982282892,22.516599972732365,5588.0,ASSUMED DEPTH - NOT SENSOR DATA
thermal_assumed,73,7.3,banded,3.051700012292713,19.593899982282892,22.645599994575605,3089.0,ASSUMED DEPTH - NOT SENSOR DATA
thermal_assumed,73,7.3,continuous,3.0226999951992184,19.593899982282892,22.61659997748211,3402.60107421875,ASSUMED DEPTH - NOT SENSOR DATA
thermal_assumed,73,7.3,smooth,2.95580000965856,19.593899982282892,22.549699991941452,3424.64892578125,ASSUMED DEPTH - NOT SENSOR DATA
thermal_assumed,74,7.4,legacy_3,0.6542000046465546,19.887799979187548,20.541999983834103,8663.0,ASSUMED DEPTH - NOT SENSOR DATA
thermal_assumed,74,7.4,thin_3,2.3390999995172024,19.887799979187548,22.22689997870475,5833.0,ASSUMED DEPTH - NOT SENSOR DATA
thermal_assumed,74,7.4,banded,4.433699999935925,19.887799979187548,24.321499979123473,3161.0,ASSUMED DEPTH - NOT SENSOR DATA
thermal_assumed,74,7.4,continuous,5.809599999338388,19.887799979187548,25.697399978525937,3531.48583984375,ASSUMED DEPTH - NOT SENSOR DATA
thermal_assumed,74,7.4,smooth,3.0106000194791704,19.887799979187548,22.89839999866672,3554.306396484375,ASSUMED DEPTH - NOT SENSOR DATA
thermal_assumed,75,7.5,legacy_3,0.819500011857599,20.273200003430247,21.092700015287846,8872.0,ASSUMED DEPTH - NOT SENSOR DATA
thermal_assumed,75,7.5,thin_3,2.75129999499768,20.273200003430247,23.024499998427927,5942.0,ASSUMED DEPTH - NOT SENSOR DATA
thermal_assumed,75,7.5,banded,3.4456000139471143,20.273200003430247,23.71880001737736,3195.0,ASSUMED DEPTH - NOT SENSOR DATA
thermal_assumed,75,7.5,continuous,2.8076000162400305,20.273200003430247,23.080800019670278,3570.7373046875,ASSUMED DEPTH - NOT SENSOR DATA
thermal_assumed,75,7.5,smooth,2.792400016915053,20.273200003430247,23.0656000203453,3593.193115234375,ASSUMED DEPTH - NOT SENSOR DATA
thermal_assumed,76,7.6,legacy_3,0.5759000196121633,19.283500005258247,19.85940002487041,8996.0,ASSUMED DEPTH - NOT SENSOR DATA
thermal_assumed,76,7.6,thin_3,2.001899993047118,19.283500005258247,21.285399998305365,5945.0,ASSUMED DEPTH - NOT SENSOR DATA
thermal_assumed,76,7.6,banded,2.1263999806251377,19.283500005258247,21.409899985883385,3074.0,ASSUMED DEPTH - NOT SENSOR DATA
thermal_assumed,76,7.6,continuous,3.5180000122636557,19.283500005258247,22.801500017521903,3440.91650390625,ASSUMED DEPTH - NOT SENSOR DATA
thermal_assumed,76,7.6,smooth,2.7771000168286264,19.283500005258247,22.060600022086874,3461.863037109375,ASSUMED DEPTH - NOT SENSOR DATA
thermal_assumed,77,7.7,legacy_3,0.6017999839968979,19.458900002064183,20.06069998606108,8467.0,ASSUMED DEPTH - NOT SENSOR DATA
thermal_assumed,77,7.7,thin_3,3.2208999909926206,19.458900002064183,22.679799993056804,5642.0,ASSUMED DEPTH - NOT SENSOR DATA
thermal_assumed,77,7.7,banded,2.4969000078272074,19.458900002064183,21.95580000989139,2654.0,ASSUMED DEPTH - NOT SENSOR DATA
thermal_assumed,77,7.7,continuous,2.881099993828684,19.458900002064183,22.339999995892867,3076.2412109375,ASSUMED DEPTH - NOT SENSOR DATA
thermal_assumed,77,7.7,smooth,2.9128000023774803,19.458900002064183,22.371700004441664,3093.193115234375,ASSUMED DEPTH - NOT SENSOR DATA
thermal_assumed,78,7.8,legacy_3,0.5203000036999583,19.252800004323944,19.773100008023903,8428.0,ASSUMED DEPTH - NOT SENSOR DATA
thermal_assumed,78,7.8,thin_3,2.065599983325228,19.252800004323944,21.318399987649173,5606.0,ASSUMED DEPTH - NOT SENSOR DATA
thermal_assumed,78,7.8,banded,2.1927999914623797,19.252800004323944,21.445599995786324,2496.0,ASSUMED DEPTH - NOT SENSOR DATA
thermal_assumed,78,7.8,continuous,2.9548999737016857,19.252800004323944,22.20769997802563,2965.6552734375,ASSUMED DEPTH - NOT SENSOR DATA
thermal_assumed,78,7.8,smooth,2.559200016548857,19.252800004323944,21.8120000208728,2981.655517578125,ASSUMED DEPTH - NOT SENSOR DATA
thermal_assumed,79,7.9,legacy_3,0.9434999956283718,18.58550001634285,19.52900001197122,7849.0,ASSUMED DEPTH - NOT SENSOR DATA
thermal_assumed,79,7.9,thin_3,3.188100003171712,18.58550001634285,21.77360001951456,5246.0,ASSUMED DEPTH - NOT SENSOR DATA
thermal_assumed,79,7.9,banded,2.733100001933053,18.58550001634285,21.3186000182759,2276.0,ASSUMED DEPTH - NOT SENSOR DATA
thermal_assumed,79,7.9,continuous,2.659799996763468,18.58550001634285,21.245300013106316,2671.0810546875,ASSUMED DEPTH - NOT SENSOR DATA
thermal_assumed,79,7.9,smooth,2.543099981267005,18.58550001634285,21.128599997609854,2684.29833984375,ASSUMED DEPTH - NOT SENSOR DATA
thermal_assumed,80,8.0,legacy_3,0.5702000053133816,18.965199997182935,19.535400002496317,7863.0,ASSUMED DEPTH - NOT SENSOR DATA
thermal_assumed,80,8.0,thin_3,2.1606000082101673,18.965199997182935,21.125800005393103,5236.0,ASSUMED DEPTH - NOT SENSOR DATA
thermal_assumed,80,8.0,banded,2.6461000088602304,18.965199997182935,21.611300006043166,2379.0,ASSUMED DEPTH - NOT SENSOR DATA
thermal_assumed,80,8.0,continuous,2.609699993627146,18.965199997182935,21.57489999081008,2719.373779296875,ASSUMED DEPTH - NOT SENSOR DATA
thermal_assumed,80,8.0,smooth,2.755499997874722,18.965199997182935,21.720699995057657,2729.971923828125,ASSUMED DEPTH - NOT SENSOR DATA
thermal_assumed,81,8.1,legacy_3,0.5473000055644661,22.927399986656383,23.47469999222085,7752.0,ASSUMED DEPTH - NOT SENSOR DATA
thermal_assumed,81,8.1,thin_3,2.0111000048927963,22.927399986656383,24.93849999154918,5117.0,ASSUMED DEPTH - NOT SENSOR DATA
thermal_assumed,81,8.1,banded,2.054100012173876,22.927399986656383,24.98149999883026,2276.0,ASSUMED DEPTH - NOT SENSOR DATA
thermal_assumed,81,8.1,continuous,2.580400003353134,22.927399986656383,25.507799990009516,2530.511474609375,ASSUMED DEPTH - NOT SENSOR DATA
thermal_assumed,81,8.1,smooth,2.6249999937135726,22.927399986656383,25.552399980369955,2538.1357421875,ASSUMED DEPTH - NOT SENSOR DATA
thermal_assumed,82,8.2,legacy_3,0.49390000640414655,50.16099999193102,50.65489999833517,8279.0,ASSUMED DEPTH - NOT SENSOR DATA
thermal_assumed,82,8.2,thin_3,3.8163000135682523,50.16099999193102,53.97730000549927,5549.0,ASSUMED DEPTH - NOT SENSOR DATA
thermal_assumed,82,8.2,banded,2.547899988712743,50.16099999193102,52.708899980643764,2362.0,ASSUMED DEPTH - NOT SENSOR DATA
thermal_assumed,82,8.2,continuous,4.498399997828528,50.16099999193102,54.65939998975955,2685.91064453125,ASSUMED DEPTH - NOT SENSOR DATA
thermal_assumed,82,8.2,smooth,3.5782000049948692,50.16099999193102,53.73919999692589,2692.68994140625,ASSUMED DEPTH - NOT SENSOR DATA
thermal_assumed,83,8.3,legacy_3,1.5269999857991934,29.279000009410083,30.805999995209277,8176.0,ASSUMED DEPTH - NOT SENSOR DATA
thermal_assumed,83,8.3,thin_3,4.284299997380003,29.279000009410083,33.56330000679009,5481.0,ASSUMED DEPTH - NOT SENSOR DATA
thermal_assumed,83,8.3,banded,2.2708000033162534,29.279000009410083,31.549800012726337,2260.0,ASSUMED DEPTH - NOT SENSOR DATA
thermal_assumed,83,8.3,continuous,2.900199993746355,29.279000009410083,32.17920000315644,2573.341796875,ASSUMED DEPTH - NOT SENSOR DATA
thermal_assumed,83,8.3,smooth,3.128499985905364,29.279000009410083,32.40749999531545,2575.56103515625,ASSUMED DEPTH - NOT SENSOR DATA
thermal_assumed,84,8.4,legacy_3,0.6049000076018274,32.65899998950772,33.26389999710955,7705.0,ASSUMED DEPTH - NOT SENSOR DATA
thermal_assumed,84,8.4,thin_3,2.285700000356883,32.65899998950772,34.9446999898646,5178.0,ASSUMED DEPTH - NOT SENSOR DATA
thermal_assumed,84,8.4,banded,2.26239999756217,32.65899998950772,34.92139998706989,2158.0,ASSUMED DEPTH - NOT SENSOR DATA
thermal_assumed,84,8.4,continuous,2.8426999924704432,32.65899998950772,35.50169998197816,2460.137939453125,ASSUMED DEPTH - NOT SENSOR DATA
thermal_assumed,84,8.4,smooth,2.791200007777661,32.65899998950772,35.45019999728538,2460.101806640625,ASSUMED DEPTH - NOT SENSOR DATA
thermal_assumed,85,8.5,legacy_3,0.5380000220611691,29.440100013744086,29.978100035805255,8315.0,ASSUMED DEPTH - NOT SENSOR DATA
thermal_assumed,85,8.5,thin_3,4.8986000183504075,29.440100013744086,34.33870003209449,5541.0,ASSUMED DEPTH - NOT SENSOR DATA
thermal_assumed,85,8.5,banded,4.590900003677234,29.440100013744086,34.03100001742132,2286.0,ASSUMED DEPTH - NOT SENSOR DATA
thermal_assumed,85,8.5,continuous,5.9772999957203865,29.440100013744086,35.41740000946447,2665.269287109375,ASSUMED DEPTH - NOT SENSOR DATA
thermal_assumed,85,8.5,smooth,6.059100007405505,29.440100013744086,35.49920002114959,2664.4326171875,ASSUMED DEPTH - NOT SENSOR DATA
thermal_assumed,86,8.6,legacy_3,1.3153000036254525,40.12630000943318,41.44160001305863,8513.0,ASSUMED DEPTH - NOT SENSOR DATA
thermal_assumed,86,8.6,thin_3,3.6894000077154487,40.12630000943318,43.81570001714863,5630.0,ASSUMED DEPTH - NOT SENSOR DATA
thermal_assumed,86,8.6,banded,2.238199987914413,40.12630000943318,42.36449999734759,2298.0,ASSUMED DEPTH - NOT SENSOR DATA
thermal_assumed,86,8.6,continuous,2.6670000224839896,40.12630000943318,42.79330003191717,2684.10693359375,ASSUMED DEPTH - NOT SENSOR DATA
thermal_assumed,86,8.6,smooth,2.533399994717911,40.12630000943318,42.65970000415109,2681.57373046875,ASSUMED DEPTH - NOT SENSOR DATA
thermal_assumed,87,8.7,legacy_3,0.9078000148292631,28.812200005631894,29.720000020461157,8258.0,ASSUMED DEPTH - NOT SENSOR DATA
thermal_assumed,87,8.7,thin_3,3.571999986888841,28.812200005631894,32.384199992520735,5514.0,ASSUMED DEPTH - NOT SENSOR DATA
thermal_assumed,87,8.7,banded,2.3640000144951046,28.812200005631894,31.176200020127,2047.0,ASSUMED DEPTH - NOT SENSOR DATA
thermal_assumed,87,8.7,continuous,3.1928000098560005,28.812200005631894,32.005000015487894,2511.9375,ASSUMED DEPTH - NOT SENSOR DATA
thermal_assumed,87,8.7,smooth,2.7021999994758517,28.812200005631894,31.514400005107746,2507.497314453125,ASSUMED DEPTH - NOT SENSOR DATA
thermal_assumed,88,8.8,legacy_3,0.5278000026009977,37.90070000104606,38.42850000364706,7553.0,ASSUMED DEPTH - NOT SENSOR DATA
thermal_assumed,88,8.8,thin_3,2.142999990610406,37.90070000104606,40.04369999165647,5088.0,ASSUMED DEPTH - NOT SENSOR DATA
thermal_assumed,88,8.8,banded,2.1800999820698053,37.90070000104606,40.08079998311587,1883.0,ASSUMED DEPTH - NOT SENSOR DATA
thermal_assumed,88,8.8,continuous,2.6750000251922756,37.90070000104606,40.57570002623834,2351.83740234375,ASSUMED DEPTH - NOT SENSOR DATA
thermal_assumed,88,8.8,smooth,2.4815999786369503,37.90070000104606,40.38229997968301,2346.8896484375,ASSUMED DEPTH - NOT SENSOR DATA
thermal_assumed,89,8.9,legacy_3,0.6435000104829669,33.34759999415837,33.99110000464134,7861.0,ASSUMED DEPTH - NOT SENSOR DATA
thermal_assumed,89,8.9,thin_3,3.747399983694777,33.34759999415837,37.09499997785315,5278.0,ASSUMED DEPTH - NOT SENSOR DATA
thermal_assumed,89,8.9,banded,4.426200001034886,33.34759999415837,37.77379999519326,1985.0,ASSUMED DEPTH - NOT SENSOR DATA
thermal_assumed,89,8.9,continuous,5.624000012176111,33.34759999415837,38.971600006334484,2488.19287109375,ASSUMED DEPTH - NOT SENSOR DATA
thermal_assumed,89,8.9,smooth,4.2323000088799745,33.34759999415837,37.57990000303835,2480.92626953125,ASSUMED DEPTH - NOT SENSOR DATA
thermal_assumed,90,9.0,legacy_3,0.821399997221306,35.04439999233,35.865799989551306,8377.0,ASSUMED DEPTH - NOT SENSOR DATA
thermal_assumed,90,9.0,thin_3,2.3641999869141728,35.04439999233,37.40859997924417,5654.0,ASSUMED DEPTH - NOT SENSOR DATA
thermal_assumed,90,9.0,banded,2.520599984563887,35.04439999233,37.56499997689389,2292.0,ASSUMED DEPTH - NOT SENSOR DATA
thermal_assumed,90,9.0,continuous,2.9617999971378595,35.04439999233,38.00619998946786,2735.55419921875,ASSUMED DEPTH - NOT SENSOR DATA
thermal_assumed,90,9.0,smooth,2.9027000127825886,35.04439999233,37.94710000511259,2725.41845703125,ASSUMED DEPTH - NOT SENSOR DATA
thermal_assumed,91,9.1,legacy_3,0.5203000036999583,30.373700021300465,30.894000025000423,8672.0,ASSUMED DEPTH - NOT SENSOR DATA
thermal_assumed,91,9.1,thin_3,5.4592999804299325,30.373700021300465,35.8330000017304,5880.0,ASSUMED DEPTH - NOT SENSOR DATA
thermal_assumed,91,9.1,banded,4.3994000006932765,30.373700021300465,34.77310002199374,2625.0,ASSUMED DEPTH - NOT SENSOR DATA
thermal_assumed,91,9.1,continuous,5.9290999779477715,30.373700021300465,36.302799999248236,3010.53076171875,ASSUMED DEPTH - NOT SENSOR DATA
thermal_assumed,91,9.1,smooth,4.184199991868809,30.373700021300465,34.557900013169274,2996.787841796875,ASSUMED DEPTH - NOT SENSOR DATA
thermal_assumed,92,9.2,legacy_3,0.5217999860178679,46.24379999586381,46.76559998188168,8929.0,ASSUMED DEPTH - NOT SENSOR DATA
thermal_assumed,92,9.2,thin_3,4.860400018515065,46.24379999586381,51.104200014378875,6008.0,ASSUMED DEPTH - NOT SENSOR DATA
thermal_assumed,92,9.2,banded,3.420599998207763,46.24379999586381,49.66439999407157,2709.0,ASSUMED DEPTH - NOT SENSOR DATA
thermal_assumed,92,9.2,continuous,3.2731999817769974,46.24379999586381,49.51699997764081,3133.50439453125,ASSUMED DEPTH - NOT SENSOR DATA
thermal_assumed,92,9.2,smooth,3.1858999864198267,46.24379999586381,49.42969998228364,3117.162109375,ASSUMED DEPTH - NOT SENSOR DATA
thermal_assumed,93,9.3,legacy_3,1.479099999414757,34.02459999779239,35.50369999720715,9368.0,ASSUMED DEPTH - NOT SENSOR DATA
thermal_assumed,93,9.3,thin_3,3.1414999975822866,34.02459999779239,37.16609999537468,6359.0,ASSUMED DEPTH - NOT SENSOR DATA
thermal_assumed,93,9.3,banded,4.712099995231256,34.02459999779239,38.73669999302365,3185.0,ASSUMED DEPTH - NOT SENSOR DATA
thermal_assumed,93,9.3,continuous,5.923999997321516,34.02459999779239,39.94859999511391,3587.227294921875,ASSUMED DEPTH - NOT SENSOR DATA
thermal_assumed,93,9.3,smooth,5.036299990024418,34.02459999779239,39.06089998781681,3565.60400390625,ASSUMED DEPTH - NOT SENSOR DATA
thermal_assumed,94,9.4,legacy_3,0.5039999959990382,46.29410000052303,46.79809999652207,9023.0,ASSUMED DEPTH - NOT SENSOR DATA
thermal_assumed,94,9.4,thin_3,2.581799984909594,46.29410000052303,48.875899985432625,6093.0,ASSUMED DEPTH - NOT SENSOR DATA
thermal_assumed,94,9.4,banded,2.6649000064935535,46.29410000052303,48.959000007016584,3101.0,ASSUMED DEPTH - NOT SENSOR DATA
thermal_assumed,94,9.4,continuous,3.187499998603016,46.29410000052303,49.48159999912605,3562.30810546875,ASSUMED DEPTH - NOT SENSOR DATA
thermal_assumed,94,9.4,smooth,4.7833999851718545,46.29410000052303,51.077499985694885,3537.91845703125,ASSUMED DEPTH - NOT SENSOR DATA
thermal_assumed,95,9.5,legacy_3,0.5904000136069953,32.28690000833012,32.87730002193712,8884.0,ASSUMED DEPTH - NOT SENSOR DATA
thermal_assumed,95,9.5,thin_3,5.021800025133416,32.28690000833012,37.30870003346354,5985.0,ASSUMED DEPTH - NOT SENSOR DATA
thermal_assumed,95,9.5,banded,2.3520999820902944,32.28690000833012,34.638999990420416,3549.0,ASSUMED DEPTH - NOT SENSOR DATA
thermal_assumed,95,9.5,continuous,2.8344999882392585,32.28690000833012,35.12139999656938,3844.6796875,ASSUMED DEPTH - NOT SENSOR DATA
thermal_assumed,95,9.5,smooth,2.8655999922193587,32.28690000833012,35.15250000054948,3818.458984375,ASSUMED DEPTH - NOT SENSOR DATA
thermal_assumed,96,9.6,legacy_3,1.538700016681105,20.61360000516288,22.152300021843985,9500.0,ASSUMED DEPTH - NOT SENSOR DATA
thermal_assumed,96,9.6,thin_3,2.9084999987389892,20.61360000516288,23.52210000390187,6394.0,ASSUMED DEPTH - NOT SENSOR DATA
thermal_assumed,96,9.6,banded,3.9628999948035926,20.61360000516288,24.576499999966472,3988.0,ASSUMED DEPTH - NOT SENSOR DATA
thermal_assumed,96,9.6,continuous,3.2873999734874815,20.61360000516288,23.90099997865036,4258.2490234375,ASSUMED DEPTH - NOT SENSOR DATA
thermal_assumed,96,9.6,smooth,3.2583000138401985,20.61360000516288,23.87190001900308,4228.59814453125,ASSUMED DEPTH - NOT SENSOR DATA
thermal_assumed,97,9.7,legacy_3,0.5862000107299536,40.65790001186542,41.244100022595376,9338.0,ASSUMED DEPTH - NOT SENSOR DATA
thermal_assumed,97,9.7,thin_3,3.960800007916987,40.65790001186542,44.61870001978241,6331.0,ASSUMED DEPTH - NOT SENSOR DATA
thermal_assumed,97,9.7,banded,3.8500999798998237,40.65790001186542,44.507999991765246,4279.0,ASSUMED DEPTH - NOT SENSOR DATA
thermal_assumed,97,9.7,continuous,2.743400022154674,40.65790001186542,43.401300034020096,4533.587890625,ASSUMED DEPTH - NOT SENSOR DATA
thermal_assumed,97,9.7,smooth,2.898699982324615,40.65790001186542,43.55659999419004,4502.1337890625,ASSUMED DEPTH - NOT SENSOR DATA
thermal_assumed,98,9.8,legacy_3,0.5625999765470624,30.332399997860193,30.894999974407256,9335.0,ASSUMED DEPTH - NOT SENSOR DATA
thermal_assumed,98,9.8,thin_3,2.1308999857865274,30.332399997860193,32.46329998364672,6229.0,ASSUMED DEPTH - NOT SENSOR DATA
thermal_assumed,98,9.8,banded,3.636000008555129,30.332399997860193,33.96840000641532,4561.0,ASSUMED DEPTH - NOT SENSOR DATA
thermal_assumed,98,9.8,continuous,2.7065000031143427,30.332399997860193,33.038900000974536,4799.26904296875,ASSUMED DEPTH - NOT SENSOR DATA
thermal_assumed,98,9.8,smooth,2.6658000133465976,30.332399997860193,32.99820001120679,4765.49853515625,ASSUMED DEPTH - NOT SENSOR DATA
thermal_assumed,99,9.9,legacy_3,1.070600003004074,31.449400004930794,32.52000000793487,9528.0,ASSUMED DEPTH - NOT SENSOR DATA
thermal_assumed,99,9.9,thin_3,4.480200004763901,31.449400004930794,35.929600009694695,6335.0,ASSUMED DEPTH - NOT SENSOR DATA
thermal_assumed,99,9.9,banded,3.496999997878447,31.449400004930794,34.94640000280924,5055.0,ASSUMED DEPTH - NOT SENSOR DATA
thermal_assumed,99,9.9,continuous,2.737600007094443,31.449400004930794,34.18700001202524,5258.50048828125,ASSUMED DEPTH - NOT SENSOR DATA
thermal_assumed,99,9.9,smooth,2.9294999840203673,31.449400004930794,34.37889998895116,5222.60595703125,ASSUMED DEPTH - NOT SENSOR DATA
thermal_assumed,100,10.0,legacy_3,0.6083999760448933,30.800200009252876,31.40859998529777,9570.0,ASSUMED DEPTH - NOT SENSOR DATA
thermal_assumed,100,10.0,thin_3,2.2592999739572406,30.800200009252876,33.05949998321012,6368.0,ASSUMED DEPTH - NOT SENSOR DATA
thermal_assumed,100,10.0,banded,2.383500017458573,30.800200009252876,33.18370002671145,5566.0,ASSUMED DEPTH - NOT SENSOR DATA
thermal_assumed,100,10.0,continuous,3.6739000061061233,30.800200009252876,34.474100015359,5655.3525390625,ASSUMED DEPTH - NOT SENSOR DATA
thermal_assumed,100,10.0,smooth,3.4414000110700727,30.800200009252876,34.24160002032295,5619.15234375,ASSUMED DEPTH - NOT SENSOR DATA
thermal_assumed,101,10.1,legacy_3,0.5431000026874244,23.042999993776903,23.586099996464327,8712.0,ASSUMED DEPTH - NOT SENSOR DATA
thermal_assumed,101,10.1,thin_3,2.8368000057525933,23.042999993776903,25.879799999529496,5836.0,ASSUMED DEPTH - NOT SENSOR DATA
thermal_assumed,101,10.1,banded,2.422699995804578,23.042999993776903,25.46569998958148,5366.0,ASSUMED DEPTH - NOT SENSOR DATA
thermal_assumed,101,10.1,continuous,2.817400003550574,23.042999993776903,25.860399997327477,5378.4501953125,ASSUMED DEPTH - NOT SENSOR DATA
thermal_assumed,101,10.1,smooth,2.807899989420548,23.042999993776903,25.85089998319745,5345.2587890625,ASSUMED DEPTH - NOT SENSOR DATA
thermal_assumed,102,10.2,legacy_3,1.5291000017896295,24.288399989018217,25.817499990807846,9073.0,ASSUMED DEPTH - NOT SENSOR DATA
thermal_assumed,102,10.2,thin_3,2.6951000036206096,24.288399989018217,26.983499992638826,5964.0,ASSUMED DEPTH - NOT SENSOR DATA
thermal_assumed,102,10.2,banded,2.7592999977059662,24.288399989018217,27.047699986724183,6150.0,ASSUMED DEPTH - NOT SENSOR DATA
thermal_assumed,102,10.2,continuous,2.6703000185079873,24.288399989018217,26.958700007526204,6012.791015625,ASSUMED DEPTH - NOT SENSOR DATA
thermal_assumed,102,10.2,smooth,3.213899995898828,24.288399989018217,27.502299984917045,5977.615234375,ASSUMED DEPTH - NOT SENSOR DATA
thermal_assumed,103,10.3,legacy_3,0.9465999901294708,31.09909998602234,32.04569997615181,9415.0,ASSUMED DEPTH - NOT SENSOR DATA
thermal_assumed,103,10.3,thin_3,3.4586999972816557,31.09909998602234,34.557799983303994,6258.0,ASSUMED DEPTH - NOT SENSOR DATA
thermal_assumed,103,10.3,banded,2.50979998963885,31.09909998602234,33.60889997566119,6924.0,ASSUMED DEPTH - NOT SENSOR DATA
thermal_assumed,103,10.3,continuous,3.2552000193390995,31.09909998602234,34.35430000536144,6728.0830078125,ASSUMED DEPTH - NOT SENSOR DATA
thermal_assumed,103,10.3,smooth,2.8549999988172203,31.09909998602234,33.95409998483956,6690.6689453125,ASSUMED DEPTH - NOT SENSOR DATA
thermal_assumed,104,10.4,legacy_3,0.6510000093840063,19.23549998900853,19.886499998392537,9597.0,ASSUMED DEPTH - NOT SENSOR DATA
thermal_assumed,104,10.4,thin_3,2.668200002517551,19.23549998900853,21.903699991526082,6296.0,ASSUMED DEPTH - NOT SENSOR DATA
thermal_assumed,104,10.4,banded,2.265799994347617,19.23549998900853,21.501299983356148,6985.0,ASSUMED DEPTH - NOT SENSOR DATA
thermal_assumed,104,10.4,continuous,2.9804000223521143,19.23549998900853,22.215900011360645,6819.0517578125,ASSUMED DEPTH - NOT SENSOR DATA
thermal_assumed,104,10.4,smooth,3.750400006538257,19.23549998900853,22.985899995546788,6782.61181640625,ASSUMED DEPTH - NOT SENSOR DATA
thermal_assumed,105,10.5,legacy_3,0.6480999873019755,37.596599984681234,38.24469997198321,9401.0,ASSUMED DEPTH - NOT SENSOR DATA
thermal_assumed,105,10.5,thin_3,2.2499999904539436,37.596599984681234,39.84659997513518,6134.0,ASSUMED DEPTH - NOT SENSOR DATA
thermal_assumed,105,10.5,banded,2.2581999946851283,37.596599984681234,39.85479997936636,7026.0,ASSUMED DEPTH - NOT SENSOR DATA
thermal_assumed,105,10.5,continuous,2.8190999873913825,37.596599984681234,40.415699972072616,6919.62109375,ASSUMED DEPTH - NOT SENSOR DATA
thermal_assumed,105,10.5,smooth,2.722000004723668,37.596599984681234,40.3185999894049,6884.37060546875,ASSUMED DEPTH - NOT SENSOR DATA
thermal_assumed,106,10.6,legacy_3,0.6780000112485141,32.58340002503246,33.261400036280975,9534.0,ASSUMED DEPTH - NOT SENSOR DATA
thermal_assumed,106,10.6,thin_3,2.006399998208508,32.58340002503246,34.58980002324097,6282.0,ASSUMED DEPTH - NOT SENSOR DATA
thermal_assumed,106,10.6,banded,2.227899996796623,32.58340002503246,34.811300021829084,7253.0,ASSUMED DEPTH - NOT SENSOR DATA
thermal_assumed,106,10.6,continuous,3.1416000274475664,32.58340002503246,35.72500005248003,7201.1962890625,ASSUMED DEPTH - NOT SENSOR DATA
thermal_assumed,106,10.6,smooth,2.8503999928943813,32.58340002503246,35.43380001792684,7166.5458984375,ASSUMED DEPTH - NOT SENSOR DATA
thermal_assumed,107,10.7,legacy_3,0.8858999935910106,25.4393000213895,26.32520001498051,9802.0,ASSUMED DEPTH - NOT SENSOR DATA
thermal_assumed,107,10.7,thin_3,3.295700007583946,25.4393000213895,28.735000028973445,6489.0,ASSUMED DEPTH - NOT SENSOR DATA
thermal_assumed,107,10.7,banded,3.617599984863773,25.4393000213895,29.056900006253272,7755.0,ASSUMED DEPTH - NOT SENSOR DATA
thermal_assumed,107,10.7,continuous,3.113500017207116,25.4393000213895,28.552800038596615,7558.04638671875,ASSUMED DEPTH - NOT SENSOR DATA
thermal_assumed,107,10.7,smooth,3.167199989547953,25.4393000213895,28.606500010937452,7523.9580078125,ASSUMED DEPTH - NOT SENSOR DATA
thermal_assumed,108,10.8,legacy_3,0.6198999763000757,36.90700000151992,37.526899977819994,9133.0,ASSUMED DEPTH - NOT SENSOR DATA
thermal_assumed,108,10.8,thin_3,4.23729998874478,36.90700000151992,41.1442999902647,5935.0,ASSUMED DEPTH - NOT SENSOR DATA
thermal_assumed,108,10.8,banded,3.2970000174827874,36.90700000151992,40.204000019002706,7363.0,ASSUMED DEPTH - NOT SENSOR DATA
thermal_assumed,108,10.8,continuous,3.6398000083863735,36.90700000151992,40.54680000990629,7172.23291015625,ASSUMED DEPTH - NOT SENSOR DATA
thermal_assumed,108,10.8,smooth,3.3029000042006373,36.90700000151992,40.209900005720556,7141.3232421875,ASSUMED DEPTH - NOT SENSOR DATA
thermal_assumed,109,10.9,legacy_3,0.8609999786131084,31.450699985725805,32.311699964338914,9239.0,ASSUMED DEPTH - NOT SENSOR DATA
thermal_assumed,109,10.9,thin_3,2.1180000039748847,31.450699985725805,33.56869998970069,6016.0,ASSUMED DEPTH - NOT SENSOR DATA
thermal_assumed,109,10.9,banded,2.207900019129738,31.450699985725805,33.65860000485554,7648.0,ASSUMED DEPTH - NOT SENSOR DATA
thermal_assumed,109,10.9,continuous,2.892999997129664,31.450699985725805,34.34369998285547,7442.54345703125,ASSUMED DEPTH - NOT SENSOR DATA
thermal_assumed,109,10.9,smooth,2.8363000019453466,31.450699985725805,34.28699998767115,7411.962890625,ASSUMED DEPTH - NOT SENSOR DATA
thermal_assumed,110,11.0,legacy_3,0.5642000178340822,26.07029999489896,26.634500012733042,9110.0,ASSUMED DEPTH - NOT SENSOR DATA
thermal_assumed,110,11.0,thin_3,2.9467999993357807,26.07029999489896,29.01709999423474,5929.0,ASSUMED DEPTH - NOT SENSOR DATA
thermal_assumed,110,11.0,banded,2.903199987486005,26.07029999489896,28.973499982384965,7769.0,ASSUMED DEPTH - NOT SENSOR DATA
thermal_assumed,110,11.0,continuous,3.219899983378127,26.07029999489896,29.290199978277087,7573.4931640625,ASSUMED DEPTH - NOT SENSOR DATA
thermal_assumed,110,11.0,smooth,3.569799999240786,26.07029999489896,29.640099994139746,7544.43701171875,ASSUMED DEPTH - NOT SENSOR DATA
thermal_assumed,111,11.1,legacy_3,0.5590000073425472,35.099799977615476,35.65879998495802,9513.0,ASSUMED DEPTH - NOT SENSOR DATA
thermal_assumed,111,11.1,thin_3,2.4141000176314265,35.099799977615476,37.5138999952469,6177.0,ASSUMED DEPTH - NOT SENSOR DATA
thermal_assumed,111,11.1,banded,4.975700023351237,35.099799977615476,40.07550000096671,8225.0,ASSUMED DEPTH - NOT SENSOR DATA
thermal_assumed,111,11.1,continuous,3.6520000139717013,35.099799977615476,38.75179999158718,8044.62158203125,ASSUMED DEPTH - NOT SENSOR DATA
thermal_assumed,111,11.1,smooth,4.459499992663041,35.099799977615476,39.559299970278516,8015.7412109375,ASSUMED DEPTH - NOT SENSOR DATA
thermal_assumed,112,11.2,legacy_3,0.5907999875489622,33.42299998621456,34.013799973763525,9696.0,ASSUMED DEPTH - NOT SENSOR DATA
thermal_assumed,112,11.2,thin_3,2.549700002418831,33.42299998621456,35.972699988633394,6443.0,ASSUMED DEPTH - NOT SENSOR DATA
thermal_assumed,112,11.2,banded,2.647500019520521,33.42299998621456,36.070500005735084,8833.0,ASSUMED DEPTH - NOT SENSOR DATA
thermal_assumed,112,11.2,continuous,3.373299987288192,33.42299998621456,36.796299973502755,8606.8681640625,ASSUMED DEPTH - NOT SENSOR DATA
thermal_assumed,112,11.2,smooth,2.7719000063370913,33.42299998621456,36.194899992551655,8577.712890625,ASSUMED DEPTH - NOT SENSOR DATA
thermal_assumed,113,11.3,legacy_3,0.607599999057129,40.86519998963922,41.47279998869635,10064.0,ASSUMED DEPTH - NOT SENSOR DATA
thermal_assumed,113,11.3,thin_3,2.48170000850223,40.86519998963922,43.34689999814145,6637.0,ASSUMED DEPTH - NOT SENSOR DATA
thermal_assumed,113,11.3,banded,3.001399978529662,40.86519998963922,43.866599968168885,9152.0,ASSUMED DEPTH - NOT SENSOR DATA
thermal_assumed,113,11.3,continuous,3.508299996610731,40.86519998963922,44.37349998624995,8926.142578125,ASSUMED DEPTH - NOT SENSOR DATA
thermal_assumed,113,11.3,smooth,3.2275000121444464,40.86519998963922,44.09270000178367,8898.25390625,ASSUMED DEPTH - NOT SENSOR DATA
thermal_assumed,114,11.4,legacy_3,0.6526000215671957,30.39820000412874,31.050800025695935,10195.0,ASSUMED DEPTH - NOT SENSOR DATA
thermal_assumed,114,11.4,thin_3,2.6476999919395894,30.39820000412874,33.04589999606833,6704.0,ASSUMED DEPTH - NOT SENSOR DATA
thermal_assumed,114,11.4,banded,3.009900014149025,30.39820000412874,33.408100018277764,9571.0,ASSUMED DEPTH - NOT SENSOR DATA
thermal_assumed,114,11.4,continuous,3.2368999964091927,30.39820000412874,33.63510000053793,9273.3359375,ASSUMED DEPTH - NOT SENSOR DATA
thermal_assumed,114,11.4,smooth,3.683099988847971,30.39820000412874,34.08129999297671,9248.013671875,ASSUMED DEPTH - NOT SENSOR DATA
thermal_assumed,115,11.5,legacy_3,0.6040000007487833,45.33680001622997,45.940800016978756,10123.0,ASSUMED DEPTH - NOT SENSOR DATA
thermal_assumed,115,11.5,thin_3,2.8824999753851444,45.33680001622997,48.21929999161512,6757.0,ASSUMED DEPTH - NOT SENSOR DATA
thermal_assumed,115,11.5,banded,3.06250000721775,45.33680001622997,48.39930002344772,9818.0,ASSUMED DEPTH - NOT SENSOR DATA
thermal_assumed,115,11.5,continuous,3.448900009971112,45.33680001622997,48.785700026201084,9511.939453125,ASSUMED DEPTH - NOT SENSOR DATA
thermal_assumed,115,11.5,smooth,3.457899991190061,45.33680001622997,48.79470000742003,9488.00390625,ASSUMED DEPTH - NOT SENSOR DATA
thermal_assumed,116,11.6,legacy_3,0.5747000104747713,36.809900018852204,37.384600029326975,9937.0,ASSUMED DEPTH - NOT SENSOR DATA
thermal_assumed,116,11.6,thin_3,2.406999992672354,36.809900018852204,39.21690001152456,6541.0,ASSUMED DEPTH - NOT SENSOR DATA
thermal_assumed,116,11.6,banded,3.26840000343509,36.809900018852204,40.078300022287294,9654.0,ASSUMED DEPTH - NOT SENSOR DATA
thermal_assumed,116,11.6,continuous,5.414900020696223,36.809900018852204,42.22480003954843,9305.443359375,ASSUMED DEPTH - NOT SENSOR DATA
thermal_assumed,116,11.6,smooth,4.5467999880202115,36.809900018852204,41.356700006872416,9282.634765625,ASSUMED DEPTH - NOT SENSOR DATA
thermal_assumed,117,11.7,legacy_3,0.5225000204518437,26.582099992083386,27.10460001253523,10285.0,ASSUMED DEPTH - NOT SENSOR DATA
thermal_assumed,117,11.7,thin_3,2.3668000067118555,26.582099992083386,28.94889999879524,6716.0,ASSUMED DEPTH - NOT SENSOR DATA
thermal_assumed,117,11.7,banded,2.343300002394244,26.582099992083386,28.92539999447763,10110.0,ASSUMED DEPTH - NOT SENSOR DATA
thermal_assumed,117,11.7,continuous,3.0163000046741217,26.582099992083386,29.598399996757507,9692.49609375,ASSUMED DEPTH - NOT SENSOR DATA
thermal_assumed,117,11.7,smooth,2.8501999913714826,26.582099992083386,29.432299983454868,9671.17578125,ASSUMED DEPTH - NOT SENSOR DATA
thermal_assumed,118,11.8,legacy_3,0.5097999819554389,38.45960000762716,38.9693999895826,10416.0,ASSUMED DEPTH - NOT SENSOR DATA
thermal_assumed,118,11.8,thin_3,2.503400028217584,38.45960000762716,40.96300003584474,6855.0,ASSUMED DEPTH - NOT SENSOR DATA
thermal_assumed,118,11.8,banded,2.4289000139106065,38.45960000762716,40.888500021537766,10403.0,ASSUMED DEPTH - NOT SENSOR DATA
thermal_assumed,118,11.8,continuous,3.0682999931741506,38.45960000762716,41.52790000080131,10000.6279296875,ASSUMED DEPTH - NOT SENSOR DATA
thermal_assumed,118,11.8,smooth,3.441500011831522,38.45960000762716,41.90110001945868,9980.6708984375,ASSUMED DEPTH - NOT SENSOR DATA
thermal_assumed,119,11.9,legacy_3,0.47759999870322645,42.78730001533404,43.264900014037266,9934.0,ASSUMED DEPTH - NOT SENSOR DATA
thermal_assumed,119,11.9,thin_3,4.877300001680851,42.78730001533404,47.66460001701489,6570.0,ASSUMED DEPTH - NOT SENSOR DATA
thermal_assumed,119,11.9,banded,3.4909000096376985,42.78730001533404,46.27820002497174,10084.0,ASSUMED DEPTH - NOT SENSOR DATA
thermal_assumed,119,11.9,continuous,3.315700014354661,42.78730001533404,46.1030000296887,9641.970703125,ASSUMED DEPTH - NOT SENSOR DATA
thermal_assumed,119,11.9,smooth,3.6934999807272106,42.78730001533404,46.48079999606125,9624.0087890625,ASSUMED DEPTH - NOT SENSOR DATA
synthetic,0,0.0,legacy_3,0.5951999919489026,0.0,0.5951999919489026,6312.0,Spatial + temporal continuous depth
synthetic,0,0.0,thin_3,2.580400003353134,0.0,2.580400003353134,2885.0,Spatial + temporal continuous depth
synthetic,0,0.0,banded,2.884799992898479,0.0,2.884799992898479,1351.0,Spatial + temporal continuous depth
synthetic,0,0.0,continuous,3.004400001373142,0.0,3.004400001373142,1527.906494140625,Spatial + temporal continuous depth
synthetic,0,0.0,smooth,3.0140999879222363,0.0,3.0140999879222363,1527.906494140625,Spatial + temporal continuous depth
synthetic,1,0.03333333333333333,legacy_3,0.5608999927062541,0.0,0.5608999927062541,6312.0,Spatial + temporal continuous depth
synthetic,1,0.03333333333333333,thin_3,2.3692999966442585,0.0,2.3692999966442585,2885.0,Spatial + temporal continuous depth
synthetic,1,0.03333333333333333,banded,2.5539000052958727,0.0,2.5539000052958727,1384.0,Spatial + temporal continuous depth
synthetic,1,0.03333333333333333,continuous,2.904099994339049,0.0,2.904099994339049,1552.6849365234375,Spatial + temporal continuous depth
synthetic,1,0.03333333333333333,smooth,2.8905999788548797,0.0,2.8905999788548797,1539.962890625,Spatial + temporal continuous depth
synthetic,2,0.06666666666666667,legacy_3,1.184399996418506,0.0,1.184399996418506,6312.0,Spatial + temporal continuous depth
synthetic,2,0.06666666666666667,thin_3,4.23150000278838,0.0,4.23150000278838,2885.0,Spatial + temporal continuous depth
synthetic,2,0.06666666666666667,banded,4.854300001170486,0.0,4.854300001170486,1412.0,Spatial + temporal continuous depth
synthetic,2,0.06666666666666667,continuous,5.4555999813601375,0.0,5.4555999813601375,1578.5714111328125,Spatial + temporal continuous depth
synthetic,2,0.06666666666666667,smooth,6.523800024297088,0.0,6.523800024297088,1558.74853515625,Spatial + temporal continuous depth
synthetic,3,0.1,legacy_3,0.4040999920107424,0.0,0.4040999920107424,6312.0,Spatial + temporal continuous depth
synthetic,3,0.1,thin_3,2.2473999997600913,0.0,2.2473999997600913,2885.0,Spatial + temporal continuous depth
synthetic,3,0.1,banded,2.5037000013981014,0.0,2.5037000013981014,1440.0,Spatial + temporal continuous depth
synthetic,3,0.1,continuous,2.890900010243058,0.0,2.890900010243058,1605.5289306640625,Spatial + temporal continuous depth
synthetic,3,0.1,smooth,2.8196000203024596,0.0,2.8196000203024596,1581.51025390625,Spatial + temporal continuous depth
synthetic,4,0.13333333333333333,legacy_3,0.6019000138621777,0.0,0.6019000138621777,6312.0,Spatial + temporal continuous depth
synthetic,4,0.13333333333333333,thin_3,2.249499986646697,0.0,2.249499986646697,2885.0,Spatial + temporal continuous depth
synthetic,4,0.13333333333333333,banded,2.723599987803027,0.0,2.723599987803027,1466.0,Spatial + temporal continuous depth
synthetic,4,0.13333333333333333,continuous,2.769999991869554,0.0,2.769999991869554,1633.406005859375,Spatial + temporal continuous depth
synthetic,4,0.13333333333333333,smooth,2.7609000098891556,0.0,2.7609000098891556,1606.81640625,Spatial + temporal continuous depth
synthetic,5,0.16666666666666666,legacy_3,0.5636999849230051,0.0,0.5636999849230051,6312.0,Spatial + temporal continuous depth
synthetic,5,0.16666666666666666,thin_3,2.3114999930839986,0.0,2.3114999930839986,2885.0,Spatial + temporal continuous depth
synthetic,5,0.16666666666666666,banded,2.428800013149157,0.0,2.428800013149157,1515.0,Spatial + temporal continuous depth
synthetic,5,0.16666666666666666,continuous,2.7494000096339732,0.0,2.7494000096339732,1662.0966796875,Spatial + temporal continuous depth
synthetic,5,0.16666666666666666,smooth,2.973700000438839,0.0,2.973700000438839,1633.8040771484375,Spatial + temporal continuous depth
synthetic,6,0.2,legacy_3,0.448200007667765,0.0,0.448200007667765,6312.0,Spatial + temporal continuous depth
synthetic,6,0.2,thin_3,2.242099988507107,0.0,2.242099988507107,2885.0,Spatial + temporal continuous depth
synthetic,6,0.2,banded,2.448899991577491,0.0,2.448899991577491,1555.0,Spatial + temporal continuous depth
synthetic,6,0.2,continuous,3.141900000628084,0.0,3.141900000628084,1691.687744140625,Spatial + temporal continuous depth
synthetic,6,0.2,smooth,3.3915999811142683,0.0,3.3915999811142683,1661.9986572265625,Spatial + temporal continuous depth
synthetic,7,0.23333333333333334,legacy_3,0.5922999989707023,0.0,0.5922999989707023,6312.0,Spatial + temporal continuous depth
synthetic,7,0.23333333333333334,thin_3,2.3597000108566135,0.0,2.3597000108566135,2885.0,Spatial + temporal continuous depth
synthetic,7,0.23333333333333334,banded,2.3228999925777316,0.0,2.3228999925777316,1610.0,Spatial + temporal continuous depth
synthetic,7,0.23333333333333334,continuous,3.723000001627952,0.0,3.723000001627952,1722.106201171875,Spatial + temporal continuous depth
synthetic,7,0.23333333333333334,smooth,4.309799987822771,0.0,4.309799987822771,1691.296142578125,Spatial + temporal continuous depth
synthetic,8,0.26666666666666666,legacy_3,0.957300013396889,0.0,0.957300013396889,6312.0,Spatial + temporal continuous depth
synthetic,8,0.26666666666666666,thin_3,4.0609999850858,0.0,4.0609999850858,2885.0,Spatial + temporal continuous depth
synthetic,8,0.26666666666666666,banded,2.956199983600527,0.0,2.956199983600527,1659.0,Spatial + temporal continuous depth
synthetic,8,0.26666666666666666,continuous,3.054200002225116,0.0,3.054200002225116,1753.372314453125,Spatial + temporal continuous depth
synthetic,8,0.26666666666666666,smooth,2.9286999779287726,0.0,2.9286999779287726,1721.52392578125,Spatial + temporal continuous depth
synthetic,9,0.3,legacy_3,0.9881000150926411,0.0,0.9881000150926411,6312.0,Spatial + temporal continuous depth
synthetic,9,0.3,thin_3,4.1828999819699675,0.0,4.1828999819699675,2885.0,Spatial + temporal continuous depth
synthetic,9,0.3,banded,4.95450000744313,0.0,4.95450000744313,1701.0,Spatial + temporal continuous depth
synthetic,9,0.3,continuous,5.486800015205517,0.0,5.486800015205517,1785.494873046875,Spatial + temporal continuous depth
synthetic,9,0.3,smooth,5.644699995173141,0.0,5.644699995173141,1752.6497802734375,Spatial + temporal continuous depth
synthetic,10,0.3333333333333333,legacy_3,0.9114999847952276,0.0,0.9114999847952276,6312.0,Spatial + temporal continuous depth
synthetic,10,0.3333333333333333,thin_3,4.348799993749708,0.0,4.348799993749708,2885.0,Spatial + temporal continuous depth
synthetic,10,0.3333333333333333,banded,4.772699991008267,0.0,4.772699991008267,1737.0,Spatial + temporal continuous depth
synthetic,10,0.3333333333333333,continuous,5.515099997865036,0.0,5.515099997865036,1818.439697265625,Spatial + temporal continuous depth
synthetic,10,0.3333333333333333,smooth,6.2052999855950475,0.0,6.2052999855950475,1784.660888671875,Spatial + temporal continuous depth
synthetic,11,0.36666666666666664,legacy_3,0.5722999921999872,0.0,0.5722999921999872,6312.0,Spatial + temporal continuous depth
synthetic,11,0.36666666666666664,thin_3,2.3970000038389117,0.0,2.3970000038389117,2885.0,Spatial + temporal continuous depth
synthetic,11,0.36666666666666664,banded,3.7921999755781144,0.0,3.7921999755781144,1781.0,Spatial + temporal continuous depth
synthetic,11,0.36666666666666664,continuous,2.962500002468005,0.0,2.962500002468005,1852.174560546875,Spatial + temporal continuous depth
synthetic,11,0.36666666666666664,smooth,3.100700007053092,0.0,3.100700007053092,1817.5106201171875,Spatial + temporal continuous depth
synthetic,12,0.4,legacy_3,0.526399991940707,0.0,0.526399991940707,6312.0,Spatial + temporal continuous depth
synthetic,12,0.4,thin_3,2.1544000192079693,0.0,2.1544000192079693,2885.0,Spatial + temporal continuous depth
synthetic,12,0.4,banded,4.638099984731525,0.0,4.638099984731525,1819.0,Spatial + temporal continuous depth
synthetic,12,0.4,continuous,5.578499985858798,0.0,5.578499985858798,1886.666259765625,Spatial + temporal continuous depth
synthetic,12,0.4,smooth,5.3425000223796815,0.0,5.3425000223796815,1851.159423828125,Spatial + temporal continuous depth
synthetic,13,0.43333333333333335,legacy_3,0.6911999953445047,0.0,0.6911999953445047,6312.0,Spatial + temporal continuous depth
synthetic,13,0.43333333333333335,thin_3,2.8083999932277948,0.0,2.8083999932277948,2885.0,Spatial + temporal continuous depth
synthetic,13,0.43333333333333335,banded,3.698799991980195,0.0,3.698799991980195,1861.0,Spatial + temporal continuous depth
synthetic,13,0.43333333333333335,continuous,2.8338999836705625,0.0,2.8338999836705625,1921.884033203125,Spatial + temporal continuous depth
synthetic,13,0.43333333333333335,smooth,3.0407000158447772,0.0,3.0407000158447772,1885.571533203125,Spatial + temporal continuous depth
synthetic,14,0.4666666666666667,legacy_3,0.8898999949451536,0.0,0.8898999949451536,6312.0,Spatial + temporal continuous depth
synthetic,14,0.4666666666666667,thin_3,4.254400002537295,0.0,4.254400002537295,2885.0,Spatial + temporal continuous depth
synthetic,14,0.4666666666666667,banded,4.561199981253594,0.0,4.561199981253594,1899.0,Spatial + temporal continuous depth
synthetic,14,0.4666666666666667,continuous,5.224900000030175,0.0,5.224900000030175,1957.7962646484375,Spatial + temporal continuous depth
synthetic,14,0.4666666666666667,smooth,3.630199993494898,0.0,3.630199993494898,1920.7137451171875,Spatial + temporal continuous depth
synthetic,15,0.5,legacy_3,0.48820002120919526,0.0,0.48820002120919526,6312.0,Spatial + temporal continuous depth
synthetic,15,0.5,thin_3,2.5483000208623707,0.0,2.5483000208623707,2885.0,Spatial + temporal continuous depth
synthetic,15,0.5,banded,2.661499980604276,0.0,2.661499980604276,1939.0,Spatial + temporal continuous depth
synthetic,15,0.5,continuous,3.269399981945753,0.0,3.269399981945753,1994.37353515625,Spatial + temporal continuous depth
synthetic,15,0.5,smooth,5.527700006496161,0.0,5.527700006496161,1956.5540771484375,Spatial + temporal continuous depth
synthetic,16,0.5333333333333333,legacy_3,0.954500021180138,0.0,0.954500021180138,6312.0,Spatial + temporal continuous depth
synthetic,16,0.5333333333333333,thin_3,2.445999998599291,0.0,2.445999998599291,2885.0,Spatial + temporal continuous depth
synthetic,16,0.5333333333333333,banded,2.518900000723079,0.0,2.518900000723079,1977.0,Spatial + temporal continuous depth
synthetic,16,0.5333333333333333,continuous,3.037399990716949,0.0,3.037399990716949,2031.5859375,Spatial + temporal continuous depth
synthetic,16,0.5333333333333333,smooth,4.233300016494468,0.0,4.233300016494468,1993.062255859375,Spatial + temporal continuous depth
synthetic,17,0.5666666666666667,legacy_3,0.5178999854251742,0.0,0.5178999854251742,6312.0,Spatial + temporal continuous depth
synthetic,17,0.5666666666666667,thin_3,2.4477999832015485,0.0,2.4477999832015485,2885.0,Spatial + temporal continuous depth
synthetic,17,0.5666666666666667,banded,2.6246999914292246,0.0,2.6246999914292246,2021.0,Spatial + temporal continuous depth
synthetic,17,0.5666666666666667,continuous,2.9537999944295734,0.0,2.9537999944295734,2069.405517578125,Spatial + temporal continuous depth
synthetic,17,0.5666666666666667,smooth,2.9442999802995473,0.0,2.9442999802995473,2030.20849609375,Spatial + temporal continuous depth
synthetic,18,0.6,legacy_3,0.45789999421685934,0.0,0.45789999421685934,6312.0,Spatial + temporal continuous depth
synthetic,18,0.6,thin_3,2.349499991396442,0.0,2.349499991396442,2885.0,Spatial + temporal continuous depth
synthetic,18,0.6,banded,2.9159999976400286,0.0,2.9159999976400286,2050.0,Spatial + temporal continuous depth
synthetic,18,0.6,continuous,3.2623999868519604,0.0,3.2623999868519604,2107.8046875,Spatial + temporal continuous depth
synthetic,18,0.6,smooth,3.06099999579601,0.0,3.06099999579601,2067.96435546875,Spatial + temporal continuous depth
synthetic,19,0.6333333333333333,legacy_3,0.5068999889772385,0.0,0.5068999889772385,6312.0,Spatial + temporal continuous depth
synthetic,19,0.6333333333333333,thin_3,2.2139000066090375,0.0,2.2139000066090375,2885.0,Spatial + temporal continuous depth
synthetic,19,0.6333333333333333,banded,2.5634999910835177,0.0,2.5634999910835177,2077.0,Spatial + temporal continuous depth
synthetic,19,0.6333333333333333,continuous,3.0661999771837145,0.0,3.0661999771837145,2146.7568359375,Spatial + temporal continuous depth
synthetic,19,0.6333333333333333,smooth,3.0771000019740313,0.0,3.0771000019740313,2106.302490234375,Spatial + temporal continuous depth
synthetic,20,0.6666666666666666,legacy_3,0.5785999819636345,0.0,0.5785999819636345,6312.0,Spatial + temporal continuous depth
synthetic,20,0.6666666666666666,thin_3,2.3573999933432788,0.0,2.3573999933432788,2885.0,Spatial + temporal continuous depth
synthetic,20,0.6666666666666666,banded,2.548799995565787,0.0,2.548799995565787,2112.0,Spatial + temporal continuous depth
synthetic,20,0.6666666666666666,continuous,2.955200005089864,0.0,2.955200005089864,2186.236083984375,Spatial + temporal continuous depth
synthetic,20,0.6666666666666666,smooth,2.954900002805516,0.0,2.954900002805516,2145.19580078125,Spatial + temporal continuous depth
synthetic,21,0.7,legacy_3,0.4957999917678535,0.0,0.4957999917678535,6312.0,Spatial + temporal continuous depth
synthetic,21,0.7,thin_3,2.5613000034354627,0.0,2.5613000034354627,2885.0,Spatial + temporal continuous depth
synthetic,21,0.7,banded,2.722600009292364,0.0,2.722600009292364,2148.0,Spatial + temporal continuous depth
synthetic,21,0.7,continuous,2.944700012449175,0.0,2.944700012449175,2226.354736328125,Spatial + temporal continuous depth
synthetic,21,0.7,smooth,3.0322000093292445,0.0,3.0322000093292445,2184.61767578125,Spatial + temporal continuous depth
synthetic,22,0.7333333333333333,legacy_3,0.44940001680515707,0.0,0.44940001680515707,6312.0,Spatial + temporal continuous depth
synthetic,22,0.7333333333333333,thin_3,2.429300016956404,0.0,2.429300016956404,2885.0,Spatial + temporal continuous depth
synthetic,22,0.7333333333333333,banded,2.6686999772209674,0.0,2.6686999772209674,2186.0,Spatial + temporal continuous depth
synthetic,22,0.7333333333333333,continuous,2.9286000062711537,0.0,2.9286000062711537,2267.07373046875,Spatial + temporal continuous depth
synthetic,22,0.7333333333333333,smooth,3.0138999863993376,0.0,3.0138999863993376,2224.66943359375,Spatial + temporal continuous depth
synthetic,23,0.7666666666666667,legacy_3,0.4952999879606068,0.0,0.4952999879606068,6312.0,Spatial + temporal continuous depth
synthetic,23,0.7666666666666667,thin_3,2.1290000004228204,0.0,2.1290000004228204,2885.0,Spatial + temporal continuous depth
synthetic,23,0.7666666666666667,banded,2.5827999925240874,0.0,2.5827999925240874,2228.0,Spatial + temporal continuous depth
synthetic,23,0.7666666666666667,continuous,2.9694999975617975,0.0,2.9694999975617975,2308.29052734375,Spatial + temporal continuous depth
synthetic,23,0.7666666666666667,smooth,3.109000012045726,0.0,3.109000012045726,2265.331298828125,Spatial + temporal continuous depth
synthetic,24,0.8,legacy_3,0.49020000733435154,0.0,0.49020000733435154,6312.0,Spatial + temporal continuous depth
synthetic,24,0.8,thin_3,2.4200000043492764,0.0,2.4200000043492764,2885.0,Spatial + temporal continuous depth
synthetic,24,0.8,banded,3.2328999950550497,0.0,3.2328999950550497,2272.0,Spatial + temporal continuous depth
synthetic,24,0.8,continuous,5.690399993909523,0.0,5.690399993909523,2349.9345703125,Spatial + temporal continuous depth
synthetic,24,0.8,smooth,5.879500007722527,0.0,5.879500007722527,2306.496826171875,Spatial + temporal continuous depth
synthetic,25,0.8333333333333334,legacy_3,0.4991999885533005,0.0,0.4991999885533005,6312.0,Spatial + temporal continuous depth
synthetic,25,0.8333333333333334,thin_3,2.3640000144951046,0.0,2.3640000144951046,2885.0,Spatial + temporal continuous depth
synthetic,25,0.8333333333333334,banded,2.567100018495694,0.0,2.567100018495694,2316.0,Spatial + temporal continuous depth
synthetic,25,0.8333333333333334,continuous,3.086500015342608,0.0,3.086500015342608,2391.981689453125,Spatial + temporal continuous depth
synthetic,25,0.8333333333333334,smooth,2.880499989259988,0.0,2.880499989259988,2348.091064453125,Spatial + temporal continuous depth
synthetic,26,0.8666666666666667,legacy_3,0.6333999917842448,0.0,0.6333999917842448,6312.0,Spatial + temporal continuous depth
synthetic,26,0.8666666666666667,thin_3,2.2859000018797815,0.0,2.2859000018797815,2885.0,Spatial + temporal continuous depth
synthetic,26,0.8666666666666667,banded,2.534300001570955,0.0,2.534300001570955,2362.0,Spatial + temporal continuous depth
synthetic,26,0.8666666666666667,continuous,2.803899988066405,0.0,2.803899988066405,2434.408203125,Spatial + temporal continuous depth
synthetic,26,0.8666666666666667,smooth,2.902200008975342,0.0,2.902200008975342,2390.0908203125,Spatial + temporal continuous depth
synthetic,27,0.9,legacy_3,0.4606999864336103,0.0,0.4606999864336103,6312.0,Spatial + temporal continuous depth
synthetic,27,0.9,thin_3,2.333199983695522,0.0,2.333199983695522,2885.0,Spatial + temporal continuous depth
synthetic,27,0.9,banded,2.5065999943763018,0.0,2.5065999943763018,2401.0,Spatial + temporal continuous depth
synthetic,27,0.9,continuous,2.901100000599399,0.0,2.901100000599399,2477.20263671875,Spatial + temporal continuous depth
synthetic,27,0.9,smooth,2.951800008304417,0.0,2.951800008304417,2432.47119140625,Spatial + temporal continuous depth
synthetic,28,0.9333333333333333,legacy_3,0.4797000146936625,0.0,0.4797000146936625,6312.0,Spatial + temporal continuous depth
synthetic,28,0.9333333333333333,thin_3,4.377300007035956,0.0,4.377300007035956,2885.0,Spatial + temporal continuous depth
synthetic,28,0.9333333333333333,banded,4.677099990658462,0.0,4.677099990658462,2446.0,Spatial + temporal continuous depth
synthetic,28,0.9333333333333333,continuous,5.285899998852983,0.0,5.285899998852983,2520.3173828125,Spatial + temporal continuous depth
synthetic,28,0.9333333333333333,smooth,4.046399990329519,0.0,4.046399990329519,2475.22119140625,Spatial + temporal continuous depth
synthetic,29,0.9666666666666667,legacy_3,0.4124999977648258,0.0,0.4124999977648258,6312.0,Spatial + temporal continuous depth
synthetic,29,0.9666666666666667,thin_3,2.464199991663918,0.0,2.464199991663918,2885.0,Spatial + temporal continuous depth
synthetic,29,0.9666666666666667,banded,2.462000004015863,0.0,2.462000004015863,2498.0,Spatial + temporal continuous depth
synthetic,29,0.9666666666666667,continuous,2.8399000002536923,0.0,2.8399000002536923,2563.753173828125,Spatial + temporal continuous depth
synthetic,29,0.9666666666666667,smooth,2.7673000004142523,0.0,2.7673000004142523,2518.29296875,Spatial + temporal continuous depth
synthetic,30,1.0,legacy_3,0.5107000179123133,0.0,0.5107000179123133,6312.0,Spatial + temporal continuous depth
synthetic,30,1.0,thin_3,2.2480000043287873,0.0,2.2480000043287873,2885.0,Spatial + temporal continuous depth
synthetic,30,1.0,banded,2.5342000008095056,0.0,2.5342000008095056,2550.0,Spatial + temporal continuous depth
synthetic,30,1.0,continuous,2.899100014474243,0.0,2.899100014474243,2607.49755859375,Spatial + temporal continuous depth
synthetic,30,1.0,smooth,2.905999979702756,0.0,2.905999979702756,2561.6865234375,Spatial + temporal continuous depth
synthetic,31,1.0333333333333334,legacy_3,0.4309999931138009,0.0,0.4309999931138009,6312.0,Spatial + temporal continuous depth
synthetic,31,1.0333333333333334,thin_3,2.8512999997474253,0.0,2.8512999997474253,2885.0,Spatial + temporal continuous depth
synthetic,31,1.0333333333333334,banded,2.5535000022500753,0.0,2.5535000022500753,2604.0,Spatial + temporal continuous depth
synthetic,31,1.0333333333333334,continuous,2.8185999835841358,0.0,2.8185999835841358,2651.502197265625,Spatial + temporal continuous depth
synthetic,31,1.0333333333333334,smooth,3.00620001507923,0.0,3.00620001507923,2605.39013671875,Spatial + temporal continuous depth
synthetic,32,1.0666666666666667,legacy_3,0.6215000175870955,0.0,0.6215000175870955,6312.0,Spatial + temporal continuous depth
synthetic,32,1.0666666666666667,thin_3,2.604400011477992,0.0,2.604400011477992,2885.0,Spatial + temporal continuous depth
synthetic,32,1.0666666666666667,banded,2.5245000142604113,0.0,2.5245000142604113,2660.0,Spatial + temporal continuous depth
synthetic,32,1.0666666666666667,continuous,2.9132999770808965,0.0,2.9132999770808965,2695.7861328125,Spatial + temporal continuous depth
synthetic,32,1.0666666666666667,smooth,2.779200003715232,0.0,2.779200003715232,2649.35107421875,Spatial + temporal continuous depth
synthetic,33,1.1,legacy_3,0.4199999966658652,0.0,0.4199999966658652,6312.0,Spatial + temporal continuous depth
synthetic,33,1.1,thin_3,2.280100015923381,0.0,2.280100015923381,2885.0,Spatial + temporal continuous depth
synthetic,33,1.1,banded,2.4511999799869955,0.0,2.4511999799869955,2714.0,Spatial + temporal continuous depth
synthetic,33,1.1,continuous,2.849000011337921,0.0,2.849000011337921,2740.281982421875,Spatial + temporal continuous depth
synthetic,33,1.1,smooth,2.8913000132888556,0.0,2.8913000132888556,2693.5966796875,Spatial + temporal continuous depth
synthetic,34,1.1333333333333333,legacy_3,0.6598999898415059,0.0,0.6598999898415059,6312.0,Spatial + temporal continuous depth
synthetic,34,1.1333333333333333,thin_3,2.1960000158287585,0.0,2.1960000158287585,2885.0,Spatial + temporal continuous depth
synthetic,34,1.1333333333333333,banded,2.539999986765906,0.0,2.539999986765906,2766.0,Spatial + temporal continuous depth
synthetic,34,1.1333333333333333,continuous,3.4073999850079417,0.0,3.4073999850079417,2784.965087890625,Spatial + temporal continuous depth
synthetic,34,1.1333333333333333,smooth,4.191700019873679,0.0,4.191700019873679,2738.054931640625,Spatial + temporal continuous depth
synthetic,35,1.1666666666666667,legacy_3,0.457499991171062,0.0,0.457499991171062,6312.0,Spatial + temporal continuous depth
synthetic,35,1.1666666666666667,thin_3,3.42100000125356,0.0,3.42100000125356,2885.0,Spatial + temporal continuous depth
synthetic,35,1.1666666666666667,banded,2.6154000079259276,0.0,2.6154000079259276,2843.0,Spatial + temporal continuous depth
synthetic,35,1.1666666666666667,continuous,3.0531999946106225,0.0,3.0531999946106225,2829.8095703125,Spatial + temporal continuous depth
synthetic,35,1.1666666666666667,smooth,3.3872000058181584,0.0,3.3872000058181584,2782.701171875,Spatial + temporal continuous depth
synthetic,36,1.2,legacy_3,0.46869998914189637,0.0,0.46869998914189637,6312.0,Spatial + temporal continuous depth
synthetic,36,1.2,thin_3,2.289500000188127,0.0,2.289500000188127,2885.0,Spatial + temporal continuous depth
synthetic,36,1.2,banded,2.6689000078476965,0.0,2.6689000078476965,2908.0,Spatial + temporal continuous depth
synthetic,36,1.2,continuous,3.048799990210682,0.0,3.048799990210682,2874.77783203125,Spatial + temporal continuous depth
synthetic,36,1.2,smooth,2.8692999912891537,0.0,2.8692999912891537,2827.509765625,Spatial + temporal continuous depth
synthetic,37,1.2333333333333334,legacy_3,0.4552000027615577,0.0,0.4552000027615577,6312.0,Spatial + temporal continuous depth
synthetic,37,1.2333333333333334,thin_3,3.0956999980844557,0.0,3.0956999980844557,2885.0,Spatial + temporal continuous depth
synthetic,37,1.2333333333333334,banded,5.167700001038611,0.0,5.167700001038611,2971.0,Spatial + temporal continuous depth
synthetic,37,1.2333333333333334,continuous,3.6937000113539398,0.0,3.6937000113539398,2919.8212890625,Spatial + temporal continuous depth
synthetic,37,1.2333333333333334,smooth,3.3133999968413264,0.0,3.3133999968413264,2872.4443359375,Spatial + temporal continuous depth
synthetic,38,1.2666666666666666,legacy_3,0.46040001325309277,0.0,0.46040001325309277,6312.0,Spatial + temporal continuous depth
synthetic,38,1.2666666666666666,thin_3,2.497600013157353,0.0,2.497600013157353,2885.0,Spatial + temporal continuous depth
synthetic,38,1.2666666666666666,banded,2.6064999983645976,0.0,2.6064999983645976,3032.0,Spatial + temporal continuous depth
synthetic,38,1.2666666666666666,continuous,3.2213999947998673,0.0,3.2213999947998673,2964.92529296875,Spatial + temporal continuous depth
synthetic,38,1.2666666666666666,smooth,3.2146000012289733,0.0,3.2146000012289733,2917.45361328125,Spatial + temporal continuous depth
synthetic,39,1.3,legacy_3,0.5265999934636056,0.0,0.5265999934636056,6312.0,Spatial + temporal continuous depth
synthetic,39,1.3,thin_3,2.283000008901581,0.0,2.283000008901581,2885.0,Spatial + temporal continuous depth
synthetic,39,1.3,banded,2.5305000017397106,0.0,2.5305000017397106,3080.0,Spatial + temporal continuous depth
synthetic,39,1.3,continuous,2.9115000215824693,0.0,2.9115000215824693,3010.078125,Spatial + temporal continuous depth
synthetic,39,1.3,smooth,3.4835000114981085,0.0,3.4835000114981085,2962.525390625,Spatial + temporal continuous depth
synthetic,40,1.3333333333333333,legacy_3,0.47840000479482114,0.0,0.47840000479482114,6312.0,Spatial + temporal continuous depth
synthetic,40,1.3333333333333333,thin_3,2.3056000063661486,0.0,2.3056000063661486,2885.0,Spatial + temporal continuous depth
synthetic,40,1.3333333333333333,banded,2.6046999846585095,0.0,2.6046999846585095,3126.0,Spatial + temporal continuous depth
synthetic,40,1.3333333333333333,continuous,2.949999994598329,0.0,2.949999994598329,3055.2275390625,Spatial + temporal continuous depth
synthetic,40,1.3333333333333333,smooth,2.798399975290522,0.0,2.798399975290522,3007.643798828125,Spatial + temporal continuous depth
synthetic,41,1.3666666666666667,legacy_3,0.451300002168864,0.0,0.451300002168864,6312.0,Spatial + temporal continuous depth
synthetic,41,1.3666666666666667,thin_3,2.6633999950718135,0.0,2.6633999950718135,2885.0,Spatial + temporal continuous depth
synthetic,41,1.3666666666666667,banded,2.504400006728247,0.0,2.504400006728247,3170.0,Spatial + temporal continuous depth
synthetic,41,1.3666666666666667,continuous,2.82839999999851,0.0,2.82839999999851,3100.155517578125,Spatial + temporal continuous depth
synthetic,41,1.3666666666666667,smooth,2.8714000072795898,0.0,2.8714000072795898,3052.76513671875,Spatial + temporal continuous depth
synthetic,42,1.4,legacy_3,0.42379999649710953,0.0,0.42379999649710953,6312.0,Spatial + temporal continuous depth
synthetic,42,1.4,thin_3,2.6415000029373914,0.0,2.6415000029373914,2885.0,Spatial + temporal continuous depth
synthetic,42,1.4,banded,2.7974000258836895,0.0,2.7974000258836895,3210.0,Spatial + temporal continuous depth
synthetic,42,1.4,continuous,3.1599999929312617,0.0,3.1599999929312617,3144.76611328125,Spatial + temporal continuous depth
synthetic,42,1.4,smooth,3.382199996849522,0.0,3.382199996849522,3097.68212890625,Spatial + temporal continuous depth
synthetic,43,1.4333333333333333,legacy_3,0.4867000097874552,0.0,0.4867000097874552,6312.0,Spatial + temporal continuous depth
synthetic,43,1.4333333333333333,thin_3,2.595300000393763,0.0,2.595300000393763,2885.0,Spatial + temporal continuous depth
synthetic,43,1.4333333333333333,banded,2.5676999939605594,0.0,2.5676999939605594,3252.0,Spatial + temporal continuous depth
synthetic,43,1.4333333333333333,continuous,2.8633000038098544,0.0,2.8633000038098544,3189.30712890625,Spatial + temporal continuous depth
synthetic,43,1.4333333333333333,smooth,2.9104999848641455,0.0,2.9104999848641455,3142.26416015625,Spatial + temporal continuous depth
synthetic,44,1.4666666666666666,legacy_3,0.4743000026792288,0.0,0.4743000026792288,6312.0,Spatial + temporal continuous depth
synthetic,44,1.4666666666666666,thin_3,2.0812000147998333,0.0,2.0812000147998333,2885.0,Spatial + temporal continuous depth
synthetic,44,1.4666666666666666,banded,2.8965999954380095,0.0,2.8965999954380095,3296.0,Spatial + temporal continuous depth
synthetic,44,1.4666666666666666,continuous,3.3629000245127827,0.0,3.3629000245127827,3233.744140625,Spatial + temporal continuous depth
synthetic,44,1.4666666666666666,smooth,2.9374999867286533,0.0,2.9374999867286533,3186.775146484375,Spatial + temporal continuous depth
synthetic,45,1.5,legacy_3,0.42990001384168863,0.0,0.42990001384168863,6312.0,Spatial + temporal continuous depth
synthetic,45,1.5,thin_3,2.3339999897871166,0.0,2.3339999897871166,2885.0,Spatial + temporal continuous depth
synthetic,45,1.5,banded,3.412899997783825,0.0,3.412899997783825,3334.0,Spatial + temporal continuous depth
synthetic,45,1.5,continuous,5.361599993193522,0.0,5.361599993193522,3278.042724609375,Spatial + temporal continuous depth
synthetic,45,1.5,smooth,4.508999991230667,0.0,4.508999991230667,3231.182373046875,Spatial + temporal continuous depth
synthetic,46,1.5333333333333334,legacy_3,0.4478000046219677,0.0,0.4478000046219677,6312.0,Spatial + temporal continuous depth
synthetic,46,1.5333333333333334,thin_3,2.6382000069133937,0.0,2.6382000069133937,2885.0,Spatial + temporal continuous depth
synthetic,46,1.5333333333333334,banded,2.934899996034801,0.0,2.934899996034801,3372.0,Spatial + temporal continuous depth
synthetic,46,1.5333333333333334,continuous,5.58269998873584,0.0,5.58269998873584,3322.16650390625,Spatial + temporal continuous depth
synthetic,46,1.5333333333333334,smooth,6.429599976399913,0.0,6.429599976399913,3275.451904296875,Spatial + temporal continuous depth
synthetic,47,1.5666666666666667,legacy_3,0.814300001366064,0.0,0.814300001366064,6312.0,Spatial + temporal continuous depth
synthetic,47,1.5666666666666667,thin_3,2.7458000113256276,0.0,2.7458000113256276,2885.0,Spatial + temporal continuous depth
synthetic,47,1.5666666666666667,banded,2.76169998687692,0.0,2.76169998687692,3402.0,Spatial + temporal continuous depth
synthetic,47,1.5666666666666667,continuous,2.915499993832782,0.0,2.915499993832782,3366.0791015625,Spatial + temporal continuous depth
synthetic,47,1.5666666666666667,smooth,2.882800006773323,0.0,2.882800006773323,3319.5478515625,Spatial + temporal continuous depth
synthetic,48,1.6,legacy_3,0.5060999828856438,0.0,0.5060999828856438,6312.0,Spatial + temporal continuous depth
synthetic,48,1.6,thin_3,2.285499998833984,0.0,2.285499998833984,2885.0,Spatial + temporal continuous depth
synthetic,48,1.6,banded,2.6510999887250364,0.0,2.6510999887250364,3438.0,Spatial + temporal continuous depth
synthetic,48,1.6,continuous,3.559700009645894,0.0,3.559700009645894,3409.742431640625,Spatial + temporal continuous depth
synthetic,48,1.6,smooth,6.176700000651181,0.0,6.176700000651181,3363.43310546875,Spatial + temporal continuous depth
synthetic,49,1.6333333333333333,legacy_3,0.5627000064123422,0.0,0.5627000064123422,6312.0,Spatial + temporal continuous depth
synthetic,49,1.6333333333333333,thin_3,3.8481999945361167,0.0,3.8481999945361167,2885.0,Spatial + temporal continuous depth
synthetic,49,1.6333333333333333,banded,2.567299990914762,0.0,2.567299990914762,3474.0,Spatial + temporal continuous depth
synthetic,49,1.6333333333333333,continuous,2.875500009395182,0.0,2.875500009395182,3453.115966796875,Spatial + temporal continuous depth
synthetic,49,1.6333333333333333,smooth,3.3497999829705805,0.0,3.3497999829705805,3407.0693359375,Spatial + temporal continuous depth
synthetic,50,1.6666666666666667,legacy_3,0.47840000479482114,0.0,0.47840000479482114,6312.0,Spatial + temporal continuous depth
synthetic,50,1.6666666666666667,thin_3,2.8420999879017472,0.0,2.8420999879017472,2885.0,Spatial + temporal continuous depth
synthetic,50,1.6666666666666667,banded,3.1092999852262437,0.0,3.1092999852262437,3512.0,Spatial + temporal continuous depth
synthetic,50,1.6666666666666667,continuous,4.540800000540912,0.0,4.540800000540912,3496.159912109375,Spatial + temporal continuous depth
synthetic,50,1.6666666666666667,smooth,4.099299985682592,0.0,4.099299985682592,3450.41748046875,Spatial + temporal continuous depth
synthetic,51,1.7,legacy_3,0.6018000131007284,0.0,0.6018000131007284,6312.0,Spatial + temporal continuous depth
synthetic,51,1.7,thin_3,3.138200001558289,0.0,3.138200001558289,2885.0,Spatial + temporal continuous depth
synthetic,51,1.7,banded,2.5562999944668263,0.0,2.5562999944668263,3554.0,Spatial + temporal continuous depth
synthetic,51,1.7,continuous,3.052000014577061,0.0,3.052000014577061,3538.900634765625,Spatial + temporal continuous depth
synthetic,51,1.7,smooth,2.918500016676262,0.0,2.918500016676262,3493.436767578125,Spatial + temporal continuous depth
synthetic,52,1.7333333333333334,legacy_3,0.46469998778775334,0.0,0.46469998778775334,6312.0,Spatial + temporal continuous depth
synthetic,52,1.7333333333333334,thin_3,2.7732999878935516,0.0,2.7732999878935516,2885.0,Spatial + temporal continuous depth
synthetic,52,1.7333333333333334,banded,2.365499996813014,0.0,2.365499996813014,3592.0,Spatial + temporal continuous depth
synthetic,52,1.7333333333333334,continuous,3.3644000068306923,0.0,3.3644000068306923,3581.3974609375,Spatial + temporal continuous depth
synthetic,52,1.7333333333333334,smooth,2.925300010247156,0.0,2.925300010247156,3536.1416015625,Spatial + temporal continuous depth
synthetic,53,1.7666666666666666,legacy_3,0.45560000580735505,0.0,0.45560000580735505,6312.0,Spatial + temporal continuous depth
synthetic,53,1.7666666666666666,thin_3,2.9526999860536307,0.0,2.9526999860536307,2885.0,Spatial + temporal continuous depth
synthetic,53,1.7666666666666666,banded,2.579100022558123,0.0,2.579100022558123,3638.0,Spatial + temporal continuous depth
synthetic,53,1.7666666666666666,continuous,2.8673000051639974,0.0,2.8673000051639974,3623.505615234375,Spatial + temporal continuous depth
synthetic,53,1.7666666666666666,smooth,2.8729999903589487,0.0,2.8729999903589487,3578.612060546875,Spatial + temporal continuous depth
synthetic,54,1.8,legacy_3,0.5122000002302229,0.0,0.5122000002302229,6312.0,Spatial + temporal continuous depth
synthetic,54,1.8,thin_3,2.926500019384548,0.0,2.926500019384548,2885.0,Spatial + temporal continuous depth
synthetic,54,1.8,banded,3.8961000100243837,0.0,3.8961000100243837,3680.0,Spatial + temporal continuous depth
synthetic,54,1.8,continuous,5.720700020901859,0.0,5.720700020901859,3665.109619140625,Spatial + temporal continuous depth
synthetic,54,1.8,smooth,6.507899990538135,0.0,6.507899990538135,3620.69873046875,Spatial + temporal continuous depth
synthetic,55,1.8333333333333333,legacy_3,0.7306000043172389,0.0,0.7306000043172389,6312.0,Spatial + temporal continuous depth
synthetic,55,1.8333333333333333,thin_3,3.8459000061266124,0.0,3.8459000061266124,2885.0,Spatial + temporal continuous depth
synthetic,55,1.8333333333333333,banded,3.0698000045958906,0.0,3.0698000045958906,3709.0,Spatial + temporal continuous depth
synthetic,55,1.8333333333333333,continuous,2.8609000146389008,0.0,2.8609000146389008,3706.17529296875,Spatial + temporal continuous depth
synthetic,55,1.8333333333333333,smooth,3.746499976841733,0.0,3.746499976841733,3662.28271484375,Spatial + temporal continuous depth
synthetic,56,1.8666666666666667,legacy_3,0.5142999871168286,0.0,0.5142999871168286,6312.0,Spatial + temporal continuous depth
synthetic,56,1.8666666666666667,thin_3,2.612899988889694,0.0,2.612899988889694,2885.0,Spatial + temporal continuous depth
synthetic,56,1.8666666666666667,banded,2.6495000056456774,0.0,2.6495000056456774,3755.0,Spatial + temporal continuous depth
synthetic,56,1.8666666666666667,continuous,3.6493999941740185,0.0,3.6493999941740185,3746.644775390625,Spatial + temporal continuous depth
synthetic,56,1.8666666666666667,smooth,6.077400001231581,0.0,6.077400001231581,3703.328125,Spatial + temporal continuous depth
synthetic,57,1.9,legacy_3,0.9949000086635351,0.0,0.9949000086635351,6312.0,Spatial + temporal continuous depth
synthetic,57,1.9,thin_3,2.6996000087819993,0.0,2.6996000087819993,2885.0,Spatial + temporal continuous depth
synthetic,57,1.9,banded,2.8700999973807484,0.0,2.8700999973807484,3807.0,Spatial + temporal continuous depth
synthetic,57,1.9,continuous,4.538599983789027,0.0,4.538599983789027,3786.492919921875,Spatial + temporal continuous depth
synthetic,57,1.9,smooth,4.6384999877773225,0.0,4.6384999877773225,3743.783203125,Spatial + temporal continuous depth
synthetic,58,1.9333333333333333,legacy_3,0.44750000233761966,0.0,0.44750000233761966,6312.0,Spatial + temporal continuous depth
synthetic,58,1.9333333333333333,thin_3,2.623200009111315,0.0,2.623200009111315,2885.0,Spatial + temporal continuous depth
synthetic,58,1.9333333333333333,banded,2.550199977122247,0.0,2.550199977122247,3861.0,Spatial + temporal continuous depth
synthetic,58,1.9333333333333333,continuous,2.882800006773323,0.0,2.882800006773323,3825.67138671875,Spatial + temporal continuous depth
synthetic,58,1.9333333333333333,smooth,2.88770001498051,0.0,2.88770001498051,3783.617431640625,Spatial + temporal continuous depth
synthetic,59,1.9666666666666666,legacy_3,0.4360000020824373,0.0,0.4360000020824373,6312.0,Spatial + temporal continuous depth
synthetic,59,1.9666666666666666,thin_3,2.388100023381412,0.0,2.388100023381412,2885.0,Spatial + temporal continuous depth
synthetic,59,1.9666666666666666,banded,3.2155000080820173,0.0,3.2155000080820173,3913.0,Spatial + temporal continuous depth
synthetic,59,1.9666666666666666,continuous,3.819900011876598,0.0,3.819900011876598,3864.12744140625,Spatial + temporal continuous depth
synthetic,59,1.9666666666666666,smooth,5.969499994534999,0.0,5.969499994534999,3822.77978515625,Spatial + temporal continuous depth
synthetic,60,2.0,legacy_3,0.9617999894544482,0.0,0.9617999894544482,6312.0,Spatial + temporal continuous depth
synthetic,60,2.0,thin_3,2.4016000097617507,0.0,2.4016000097617507,2885.0,Spatial + temporal continuous depth
synthetic,60,2.0,banded,2.6656999834813178,0.0,2.6656999834813178,3969.0,Spatial + temporal continuous depth
synthetic,60,2.0,continuous,3.105699986917898,0.0,3.105699986917898,3901.79248046875,Spatial + temporal continuous depth
synthetic,60,2.0,smooth,3.029800020158291,0.0,3.029800020158291,3861.225341796875,Spatial + temporal continuous depth
synthetic,61,2.033333333333333,legacy_3,0.8015999919734895,0.0,0.8015999919734895,6312.0,Spatial + temporal continuous depth
synthetic,61,2.033333333333333,thin_3,2.240699977846816,0.0,2.240699977846816,2885.0,Spatial + temporal continuous depth
synthetic,61,2.033333333333333,banded,3.054200002225116,0.0,3.054200002225116,4021.0,Spatial + temporal continuous depth
synthetic,61,2.033333333333333,continuous,2.956300013465807,0.0,2.956300013465807,3938.3935546875,Spatial + temporal continuous depth
synthetic,61,2.033333333333333,smooth,2.975799987325445,0.0,2.975799987325445,3898.886474609375,Spatial + temporal continuous depth
synthetic,62,2.066666666666667,legacy_3,0.523299997439608,0.0,0.523299997439608,6312.0,Spatial + temporal continuous depth
synthetic,62,2.066666666666667,thin_3,4.086400003870949,0.0,4.086400003870949,2885.0,Spatial + temporal continuous depth
synthetic,62,2.066666666666667,banded,4.721100005554035,0.0,4.721100005554035,4075.0,Spatial + temporal continuous depth
synthetic,62,2.066666666666667,continuous,3.724200010765344,0.0,3.724200010765344,3974.033447265625,Spatial + temporal continuous depth
synthetic,62,2.066666666666667,smooth,3.0227999959606677,0.0,3.0227999959606677,3935.49658203125,Spatial + temporal continuous depth
synthetic,63,2.1,legacy_3,0.4929999995511025,0.0,0.4929999995511025,6312.0,Spatial + temporal continuous depth
synthetic,63,2.1,thin_3,4.161999997450039,0.0,4.161999997450039,2885.0,Spatial + temporal continuous depth
synthetic,63,2.1,banded,3.708300006110221,0.0,3.708300006110221,4135.0,Spatial + temporal continuous depth
synthetic,63,2.1,continuous,3.097000007983297,0.0,3.097000007983297,4008.683349609375,Spatial + temporal continuous depth
synthetic,63,2.1,smooth,3.0863000138197094,0.0,3.0863000138197094,3971.135009765625,Spatial + temporal continuous depth
synthetic,64,2.1333333333333333,legacy_3,0.9415000095032156,0.0,0.9415000095032156,6312.0,Spatial + temporal continuous depth
synthetic,64,2.1333333333333333,thin_3,4.252100014127791,0.0,4.252100014127791,2885.0,Spatial + temporal continuous depth
synthetic,64,2.1333333333333333,banded,4.366000008303672,0.0,4.366000008303672,4189.0,Spatial + temporal continuous depth
synthetic,64,2.1333333333333333,continuous,4.002999980002642,0.0,4.002999980002642,4042.372802734375,Spatial + temporal continuous depth
synthetic,64,2.1333333333333333,smooth,3.582400007871911,0.0,3.582400007871911,4005.790771484375,Spatial + temporal continuous depth
synthetic,65,2.1666666666666665,legacy_3,0.4923000233247876,0.0,0.4923000233247876,6312.0,Spatial + temporal continuous depth
synthetic,65,2.1666666666666665,thin_3,2.4056000111158937,0.0,2.4056000111158937,2885.0,Spatial + temporal continuous depth
synthetic,65,2.1666666666666665,banded,2.404200000455603,0.0,2.404200000455603,4253.0,Spatial + temporal continuous depth
synthetic,65,2.1666666666666665,continuous,3.101200010860339,0.0,3.101200010860339,4075.016357421875,Spatial + temporal continuous depth
synthetic,65,2.1666666666666665,smooth,3.0199000029824674,0.0,3.0199000029824674,4039.4853515625,Spatial + temporal continuous depth
synthetic,66,2.2,legacy_3,0.4549000004772097,0.0,0.4549000004772097,6312.0,Spatial + temporal continuous depth
synthetic,66,2.2,thin_3,2.593199984403327,0.0,2.593199984403327,2885.0,Spatial + temporal continuous depth
synthetic,66,2.2,banded,2.5643999979365617,0.0,2.5643999979365617,4308.0,Spatial + temporal continuous depth
synthetic,66,2.2,continuous,2.8409000078681856,0.0,2.8409000078681856,4106.591796875,Spatial + temporal continuous depth
synthetic,66,2.2,smooth,2.9175000090617687,0.0,2.9175000090617687,4072.13671875,Spatial + temporal continuous depth
synthetic,67,2.2333333333333334,legacy_3,1.0061000066343695,0.0,1.0061000066343695,6312.0,Spatial + temporal continuous depth
synthetic,67,2.2333333333333334,thin_3,3.2213999947998673,0.0,3.2213999947998673,2885.0,Spatial + temporal continuous depth
synthetic,67,2.2333333333333334,banded,2.604499983135611,0.0,2.604499983135611,4348.0,Spatial + temporal continuous depth
synthetic,67,2.2333333333333334,continuous,3.5917999921366572,0.0,3.5917999921366572,4137.0439453125,Spatial + temporal continuous depth
synthetic,67,2.2333333333333334,smooth,3.7764999724458903,0.0,3.7764999724458903,4103.7236328125,Spatial + temporal continuous depth
synthetic,68,2.2666666666666666,legacy_3,0.6744000129401684,0.0,0.6744000129401684,6312.0,Spatial + temporal continuous depth
synthetic,68,2.2666666666666666,thin_3,3.9511000213678926,0.0,3.9511000213678926,2885.0,Spatial + temporal continuous depth
synthetic,68,2.2666666666666666,banded,4.881000000750646,0.0,4.881000000750646,4384.0,Spatial + temporal continuous depth
synthetic,68,2.2666666666666666,continuous,4.963099985616282,0.0,4.963099985616282,4166.34228515625,Spatial + temporal continuous depth
synthetic,68,2.2666666666666666,smooth,5.219399987254292,0.0,5.219399987254292,4134.19140625,Spatial + temporal continuous depth
synthetic,69,2.3,legacy_3,0.5163000023458153,0.0,0.5163000023458153,6312.0,Spatial + temporal continuous depth
synthetic,69,2.3,thin_3,2.324500004760921,0.0,2.324500004760921,2885.0,Spatial + temporal continuous depth
synthetic,69,2.3,banded,3.4042999905068427,0.0,3.4042999905068427,4415.0,Spatial + temporal continuous depth
synthetic,69,2.3,continuous,3.0965000041760504,0.0,3.0965000041760504,4194.44482421875,Spatial + temporal continuous depth
synthetic,69,2.3,smooth,3.2254000252578408,0.0,3.2254000252578408,4163.5078125,Spatial + temporal continuous depth
synthetic,70,2.3333333333333335,legacy_3,0.5796999903395772,0.0,0.5796999903395772,6312.0,Spatial + temporal continuous depth
synthetic,70,2.3333333333333335,thin_3,4.475800000363961,0.0,4.475800000363961,2885.0,Spatial + temporal continuous depth
synthetic,70,2.3333333333333335,banded,5.166700022527948,0.0,5.166700022527948,4437.0,Spatial + temporal continuous depth
synthetic,70,2.3333333333333335,continuous,6.1923000030219555,0.0,6.1923000030219555,4221.31201171875,Spatial + temporal continuous depth
synthetic,70,2.3333333333333335,smooth,6.8539000058081,0.0,6.8539000058081,4191.6328125,Spatial + temporal continuous depth
synthetic,71,2.3666666666666667,legacy_3,0.5868999869562685,0.0,0.5868999869562685,6312.0,Spatial + temporal continuous depth
synthetic,71,2.3666666666666667,thin_3,4.086000000825152,0.0,4.086000000825152,2885.0,Spatial + temporal continuous depth
synthetic,71,2.3666666666666667,banded,2.6257999998051673,0.0,2.6257999998051673,4457.0,Spatial + temporal continuous depth
synthetic,71,2.3666666666666667,continuous,2.949600020656362,0.0,2.949600020656362,4246.90625,Spatial + temporal continuous depth
synthetic,71,2.3666666666666667,smooth,3.0910999921616167,0.0,3.0910999921616167,4218.5263671875,Spatial + temporal continuous depth
synthetic,72,2.4,legacy_3,0.47500000800937414,0.0,0.47500000800937414,6312.0,Spatial + temporal continuous depth
synthetic,72,2.4,thin_3,2.326399990124628,0.0,2.326399990124628,2885.0,Spatial + temporal continuous depth
synthetic,72,2.4,banded,2.4825000145938247,0.0,2.4825000145938247,4481.0,Spatial + temporal continuous depth
synthetic,72,2.4,continuous,2.963800012366846,0.0,2.963800012366846,4271.1904296875,Spatial + temporal continuous depth
synthetic,72,2.4,smooth,2.9238999995868653,0.0,2.9238999995868653,4244.150390625,Spatial + temporal continuous depth
synthetic,73,2.433333333333333,legacy_3,0.4771999956574291,0.0,0.4771999956574291,6312.0,Spatial + temporal continuous depth
synthetic,73,2.433333333333333,thin_3,2.6310000102967024,0.0,2.6310000102967024,2885.0,Spatial + temporal continuous depth
synthetic,73,2.433333333333333,banded,2.8808999923057854,0.0,2.8808999923057854,4501.0,Spatial + temporal continuous depth
synthetic,73,2.433333333333333,continuous,3.177000005962327,0.0,3.177000005962327,4294.13037109375,Spatial + temporal continuous depth
synthetic,73,2.433333333333333,smooth,3.4998999908566475,0.0,3.4998999908566475,4268.4677734375,Spatial + temporal continuous depth
synthetic,74,2.466666666666667,legacy_3,0.4422999918460846,0.0,0.4422999918460846,6312.0,Spatial + temporal continuous depth
synthetic,74,2.466666666666667,thin_3,5.212099989876151,0.0,5.212099989876151,2885.0,Spatial + temporal continuous depth
synthetic,74,2.466666666666667,banded,5.377199995564297,0.0,5.377199995564297,4517.0,Spatial + temporal continuous depth
synthetic,74,2.466666666666667,continuous,5.93980000121519,0.0,5.93980000121519,4315.6953125,Spatial + temporal continuous depth
synthetic,74,2.466666666666667,smooth,6.903400004375726,0.0,6.903400004375726,4291.4453125,Spatial + temporal continuous depth
synthetic,75,2.5,legacy_3,0.4158999945502728,0.0,0.4158999945502728,6312.0,Spatial + temporal continuous depth
synthetic,75,2.5,thin_3,5.254699994111434,0.0,5.254699994111434,2885.0,Spatial + temporal continuous depth
synthetic,75,2.5,banded,4.264800023520365,0.0,4.264800023520365,4521.0,Spatial + temporal continuous depth
synthetic,75,2.5,continuous,3.0387000006157905,0.0,3.0387000006157905,4335.8544921875,Spatial + temporal continuous depth
synthetic,75,2.5,smooth,4.865299997618422,0.0,4.865299997618422,4313.0517578125,Spatial + temporal continuous depth
synthetic,76,2.533333333333333,legacy_3,0.7444000220857561,0.0,0.7444000220857561,6312.0,Spatial + temporal continuous depth
synthetic,76,2.533333333333333,thin_3,3.3559000003151596,0.0,3.3559000003151596,2885.0,Spatial + temporal continuous depth
synthetic,76,2.533333333333333,banded,3.9028000028338283,0.0,3.9028000028338283,4540.0,Spatial + temporal continuous depth
synthetic,76,2.533333333333333,continuous,4.37219999730587,0.0,4.37219999730587,4354.57958984375,Spatial + temporal continuous depth
synthetic,76,2.533333333333333,smooth,3.1718000245746225,0.0,3.1718000245746225,4333.2568359375,Spatial + temporal continuous depth
synthetic,77,2.566666666666667,legacy_3,0.9003000159282237,0.0,0.9003000159282237,6312.0,Spatial + temporal continuous depth
synthetic,77,2.566666666666667,thin_3,2.451099979225546,0.0,2.451099979225546,2885.0,Spatial + temporal continuous depth
synthetic,77,2.566666666666667,banded,2.5462000048719347,0.0,2.5462000048719347,4555.0,Spatial + temporal continuous depth
synthetic,77,2.566666666666667,continuous,3.253200004110113,0.0,3.253200004110113,4371.8447265625,Spatial + temporal continuous depth
synthetic,77,2.566666666666667,smooth,3.370100021129474,0.0,3.370100021129474,4352.03125,Spatial + temporal continuous depth
synthetic,78,2.6,legacy_3,0.47560001257807016,0.0,0.47560001257807016,6312.0,Spatial + temporal continuous depth
synthetic,78,2.6,thin_3,4.8396000056527555,0.0,4.8396000056527555,2885.0,Spatial + temporal continuous depth
synthetic,78,2.6,banded,4.882300010649487,0.0,4.882300010649487,4570.0,Spatial + temporal continuous depth
synthetic,78,2.6,continuous,5.927999998675659,0.0,5.927999998675659,4387.62646484375,Spatial + temporal continuous depth
synthetic,78,2.6,smooth,3.711600002134219,0.0,3.711600002134219,4369.349609375,Spatial + temporal continuous depth
synthetic,79,2.6333333333333333,legacy_3,0.8925999864004552,0.0,0.8925999864004552,6312.0,Spatial + temporal continuous depth
synthetic,79,2.6333333333333333,thin_3,2.3542999988421798,0.0,2.3542999988421798,2885.0,Spatial + temporal continuous depth
synthetic,79,2.6333333333333333,banded,2.5855000130832195,0.0,2.5855000130832195,4578.0,Spatial + temporal continuous depth
synthetic,79,2.6333333333333333,continuous,2.989000000525266,0.0,2.989000000525266,4402.009765625,Spatial + temporal continuous depth
synthetic,79,2.6333333333333333,smooth,2.858899999409914,0.0,2.858899999409914,4385.18896484375,Spatial + temporal continuous depth
synthetic,80,2.6666666666666665,legacy_3,0.44930001604370773,0.0,0.44930001604370773,6312.0,Spatial + temporal continuous depth
synthetic,80,2.6666666666666665,thin_3,2.283600013470277,0.0,2.283600013470277,2885.0,Spatial + temporal continuous depth
synthetic,80,2.6666666666666665,banded,2.558600011980161,0.0,2.558600011980161,4590.0,Spatial + temporal continuous depth
synthetic,80,2.6666666666666665,continuous,2.96169999637641,0.0,2.96169999637641,4414.921875,Spatial + temporal continuous depth
synthetic,80,2.6666666666666665,smooth,2.9449999856296927,0.0,2.9449999856296927,4399.625,Spatial + temporal continuous depth
synthetic,81,2.7,legacy_3,0.7163000118453056,0.0,0.7163000118453056,6312.0,Spatial + temporal continuous depth
synthetic,81,2.7,thin_3,2.5863000191748142,0.0,2.5863000191748142,2885.0,Spatial + temporal continuous depth
synthetic,81,2.7,banded,2.6046999846585095,0.0,2.6046999846585095,4597.0,Spatial + temporal continuous depth
synthetic,81,2.7,continuous,2.9541999974753708,0.0,2.9541999974753708,4426.2978515625,Spatial + temporal continuous depth
synthetic,81,2.7,smooth,2.9956999933347106,0.0,2.9956999933347106,4412.6015625,Spatial + temporal continuous depth
synthetic,82,2.7333333333333334,legacy_3,0.655500014545396,0.0,0.655500014545396,6312.0,Spatial + temporal continuous depth
synthetic,82,2.7333333333333334,thin_3,2.544100017985329,0.0,2.544100017985329,2885.0,Spatial + temporal continuous depth
synthetic,82,2.7333333333333334,banded,2.889299998059869,0.0,2.889299998059869,4597.0,Spatial + temporal continuous depth
synthetic,82,2.7333333333333334,continuous,5.407999997260049,0.0,5.407999997260049,4436.125,Spatial + temporal continuous depth
synthetic,82,2.7333333333333334,smooth,5.528399982722476,0.0,5.528399982722476,4424.0458984375,Spatial + temporal continuous depth
synthetic,83,2.7666666666666666,legacy_3,0.621499988483265,0.0,0.621499988483265,6312.0,Spatial + temporal continuous depth
synthetic,83,2.7666666666666666,thin_3,2.3126000014599413,0.0,2.3126000014599413,2885.0,Spatial + temporal continuous depth
synthetic,83,2.7666666666666666,banded,2.7251999999862164,0.0,2.7251999999862164,4599.0,Spatial + temporal continuous depth
synthetic,83,2.7666666666666666,continuous,3.123500006040558,0.0,3.123500006040558,4444.455078125,Spatial + temporal continuous depth
synthetic,83,2.7666666666666666,smooth,2.8842000174336135,0.0,2.8842000174336135,4433.9443359375,Spatial + temporal continuous depth
synthetic,84,2.8,legacy_3,0.8181000011973083,0.0,0.8181000011973083,6312.0,Spatial + temporal continuous depth
synthetic,84,2.8,thin_3,2.7003999857697636,0.0,2.7003999857697636,2885.0,Spatial + temporal continuous depth
synthetic,84,2.8,banded,2.5995999749284238,0.0,2.5995999749284238,4601.0,Spatial + temporal continuous depth
synthetic,84,2.8,continuous,2.959100005682558,0.0,2.959100005682558,4451.23583984375,Spatial + temporal continuous depth
synthetic,84,2.8,smooth,6.039200001396239,0.0,6.039200001396239,4442.345703125,Spatial + temporal continuous depth
synthetic,85,2.8333333333333335,legacy_3,0.8535000088158995,0.0,0.8535000088158995,6312.0,Spatial + temporal continuous depth
synthetic,85,2.8333333333333335,thin_3,3.0962000018917024,0.0,3.0962000018917024,2885.0,Spatial + temporal continuous depth
synthetic,85,2.8333333333333335,banded,2.586500020697713,0.0,2.586500020697713,4597.0,Spatial + temporal continuous depth
synthetic,85,2.8333333333333335,continuous,3.04770001093857,0.0,3.04770001093857,4456.4482421875,Spatial + temporal continuous depth
synthetic,85,2.8333333333333335,smooth,2.9857000045012683,0.0,2.9857000045012683,4449.20556640625,Spatial + temporal continuous depth
synthetic,86,2.8666666666666667,legacy_3,0.4563999827951193,0.0,0.4563999827951193,6312.0,Spatial + temporal continuous depth
synthetic,86,2.8666666666666667,thin_3,2.337100013392046,0.0,2.337100013392046,2885.0,Spatial + temporal continuous depth
synthetic,86,2.8666666666666667,banded,2.610299998195842,0.0,2.610299998195842,4599.0,Spatial + temporal continuous depth
synthetic,86,2.8666666666666667,continuous,2.9639999847859144,0.0,2.9639999847859144,4460.0908203125,Spatial + temporal continuous depth
synthetic,86,2.8666666666666667,smooth,2.936400007456541,0.0,2.936400007456541,4454.4990234375,Spatial + temporal continuous depth
synthetic,87,2.9,legacy_3,0.4813999985344708,0.0,0.4813999985344708,6312.0,Spatial + temporal continuous depth
synthetic,87,2.9,thin_3,2.4184000212699175,0.0,2.4184000212699175,2885.0,Spatial + temporal continuous depth
synthetic,87,2.9,banded,2.617399994051084,0.0,2.617399994051084,4601.0,Spatial + temporal continuous depth
synthetic,87,2.9,continuous,3.0178999877534807,0.0,3.0178999877534807,4462.16357421875,Spatial + temporal continuous depth
synthetic,87,2.9,smooth,2.9320000030566007,0.0,2.9320000030566007,4458.2255859375,Spatial + temporal continuous depth
synthetic,88,2.933333333333333,legacy_3,0.4676000098697841,0.0,0.4676000098697841,6312.0,Spatial + temporal continuous depth
synthetic,88,2.933333333333333,thin_3,2.278600004501641,0.0,2.278600004501641,2885.0,Spatial + temporal continuous depth
synthetic,88,2.933333333333333,banded,2.660800004377961,0.0,2.660800004377961,4597.0,Spatial + temporal continuous depth
synthetic,88,2.933333333333333,continuous,5.823100014822558,0.0,5.823100014822558,4462.671875,Spatial + temporal continuous depth
synthetic,88,2.933333333333333,smooth,6.304400012595579,0.0,6.304400012595579,4460.38623046875,Spatial + temporal continuous depth
synthetic,89,2.966666666666667,legacy_3,1.0777999996207654,0.0,1.0777999996207654,6312.0,Spatial + temporal continuous depth
synthetic,89,2.966666666666667,thin_3,2.7578000153880566,0.0,2.7578000153880566,2885.0,Spatial + temporal continuous depth
synthetic,89,2.966666666666667,banded,5.0580000097397715,0.0,5.0580000097397715,4601.0,Spatial + temporal continuous depth
synthetic,89,2.966666666666667,continuous,4.556100000627339,0.0,4.556100000627339,4461.62109375,Spatial + temporal continuous depth
synthetic,89,2.966666666666667,smooth,3.0061999859753996,0.0,3.0061999859753996,4460.98486328125,Spatial + temporal continuous depth
synthetic,90,3.0,legacy_3,1.2568999954964966,0.0,1.2568999954964966,6312.0,Stationary surface / seeded depth noise
synthetic,90,3.0,thin_3,4.3258999940007925,0.0,4.3258999940007925,2885.0,Stationary surface / seeded depth noise
synthetic,90,3.0,banded,4.577599989715964,0.0,4.577599989715964,2885.0,Stationary surface / seeded depth noise
synthetic,90,3.0,continuous,5.780300009064376,0.0,5.780300009064376,2819.306884765625,Stationary surface / seeded depth noise
synthetic,90,3.0,smooth,6.449999986216426,0.0,6.449999986216426,2841.208984375,Stationary surface / seeded depth noise
synthetic,91,3.033333333333333,legacy_3,0.5097999819554389,0.0,0.5097999819554389,6312.0,Stationary surface / seeded depth noise
synthetic,91,3.033333333333333,thin_3,3.476200014119968,0.0,3.476200014119968,2885.0,Stationary surface / seeded depth noise
synthetic,91,3.033333333333333,banded,2.498699992429465,0.0,2.498699992429465,2885.0,Stationary surface / seeded depth noise
synthetic,91,3.033333333333333,continuous,3.250100009609014,0.0,3.250100009609014,3065.9248046875,Stationary surface / seeded depth noise
synthetic,91,3.033333333333333,smooth,3.4312999923713505,0.0,3.4312999923713505,2950.85009765625,Stationary surface / seeded depth noise
synthetic,92,3.066666666666667,legacy_3,0.529799988726154,0.0,0.529799988726154,6312.0,Stationary surface / seeded depth noise
synthetic,92,3.066666666666667,thin_3,2.071700000669807,0.0,2.071700000669807,2885.0,Stationary surface / seeded depth noise
synthetic,92,3.066666666666667,banded,3.8770000101067126,0.0,3.8770000101067126,2885.0,Stationary surface / seeded depth noise
synthetic,92,3.066666666666667,continuous,5.396599997766316,0.0,5.396599997766316,2584.580078125,Stationary surface / seeded depth noise
synthetic,92,3.066666666666667,smooth,5.031800013966858,0.0,5.031800013966858,2772.001953125,Stationary surface / seeded depth noise
synthetic,93,3.1,legacy_3,0.5000999954063445,0.0,0.5000999954063445,6312.0,Stationary surface / seeded depth noise
synthetic,93,3.1,thin_3,2.297200000612065,0.0,2.297200000612065,2885.0,Stationary surface / seeded depth noise
synthetic,93,3.1,banded,2.667599997948855,0.0,2.667599997948855,2885.0,Stationary surface / seeded depth noise
synthetic,93,3.1,continuous,2.7919000131078064,0.0,2.7919000131078064,2877.664306640625,Stationary surface / seeded depth noise
synthetic,93,3.1,smooth,3.195099998265505,0.0,3.195099998265505,2823.41552734375,Stationary surface / seeded depth noise
synthetic,94,3.1333333333333333,legacy_3,1.0288000048603863,0.0,1.0288000048603863,6312.0,Stationary surface / seeded depth noise
synthetic,94,3.1333333333333333,thin_3,2.298900013556704,0.0,2.298900013556704,2885.0,Stationary surface / seeded depth noise
synthetic,94,3.1333333333333333,banded,2.5191000022459775,0.0,2.5191000022459775,2885.0,Stationary surface / seeded depth noise
synthetic,94,3.1333333333333333,continuous,3.239100013161078,0.0,3.239100013161078,2954.5048828125,Stationary surface / seeded depth noise
synthetic,94,3.1333333333333333,smooth,3.689599980134517,0.0,3.689599980134517,2887.40673828125,Stationary surface / seeded depth noise
synthetic,95,3.1666666666666665,legacy_3,0.909399997908622,0.0,0.909399997908622,6312.0,Stationary surface / seeded depth noise
synthetic,95,3.1666666666666665,thin_3,3.523699997458607,0.0,3.523699997458607,2885.0,Stationary surface / seeded depth noise
synthetic,95,3.1666666666666665,banded,3.370799997355789,0.0,3.370799997355789,2885.0,Stationary surface / seeded depth noise
synthetic,95,3.1666666666666665,continuous,5.702399997971952,0.0,5.702399997971952,2926.25,Stationary surface / seeded depth noise
synthetic,95,3.1666666666666665,smooth,4.400800011353567,0.0,4.400800011353567,2906.30712890625,Stationary surface / seeded depth noise
synthetic,96,3.2,legacy_3,0.44139998499304056,0.0,0.44139998499304056,6312.0,Stationary surface / seeded depth noise
synthetic,96,3.2,thin_3,2.347300003748387,0.0,2.347300003748387,2885.0,Stationary surface / seeded depth noise
synthetic,96,3.2,banded,3.202499996405095,0.0,3.202499996405095,2885.0,Stationary surface / seeded depth noise
synthetic,96,3.2,continuous,2.806999982567504,0.0,2.806999982567504,2843.43603515625,Stationary surface / seeded depth noise
synthetic,96,3.2,smooth,3.0141999886836857,0.0,3.0141999886836857,2875.68017578125,Stationary surface / seeded depth noise
synthetic,97,3.2333333333333334,legacy_3,0.8070999756455421,0.0,0.8070999756455421,6312.0,Stationary surface / seeded depth noise
synthetic,97,3.2333333333333334,thin_3,2.462799981003627,0.0,2.462799981003627,2885.0,Stationary surface / seeded depth noise
synthetic,97,3.2333333333333334,banded,2.416899980744347,0.0,2.416899980744347,2885.0,Stationary surface / seeded depth noise
synthetic,97,3.2333333333333334,continuous,2.8221000102348626,0.0,2.8221000102348626,2858.53662109375,Stationary surface / seeded depth noise
synthetic,97,3.2333333333333334,smooth,2.835499995853752,0.0,2.835499995853752,2867.33837890625,Stationary surface / seeded depth noise
synthetic,98,3.2666666666666666,legacy_3,0.4489000129979104,0.0,0.4489000129979104,6312.0,Stationary surface / seeded depth noise
synthetic,98,3.2666666666666666,thin_3,2.154699992388487,0.0,2.154699992388487,2885.0,Stationary surface / seeded depth noise
synthetic,98,3.2666666666666666,banded,2.924400003394112,0.0,2.924400003394112,2885.0,Stationary surface / seeded depth noise
synthetic,98,3.2666666666666666,continuous,2.886000002035871,0.0,2.886000002035871,3118.733154296875,Stationary surface / seeded depth noise
synthetic,98,3.2666666666666666,smooth,2.9677999846171588,0.0,2.9677999846171588,2989.683837890625,Stationary surface / seeded depth noise
synthetic,99,3.3,legacy_3,0.4820000031031668,0.0,0.4820000031031668,6312.0,Stationary surface / seeded depth noise
synthetic,99,3.3,thin_3,3.480200015474111,0.0,3.480200015474111,2885.0,Stationary surface / seeded depth noise
synthetic,99,3.3,banded,2.4744000111240894,0.0,2.4744000111240894,2885.0,Stationary surface / seeded depth noise
synthetic,99,3.3,continuous,3.0647999956272542,0.0,3.0647999956272542,2945.3896484375,Stationary surface / seeded depth noise
synthetic,99,3.3,smooth,2.954600000521168,0.0,2.954600000521168,2968.131103515625,Stationary surface / seeded depth noise
synthetic,100,3.3333333333333335,legacy_3,0.9447999764233828,0.0,0.9447999764233828,6312.0,Stationary surface / seeded depth noise
synthetic,100,3.3333333333333335,thin_3,4.997899988666177,0.0,4.997899988666177,2885.0,Stationary surface / seeded depth noise
synthetic,100,3.3333333333333335,banded,4.535700019914657,0.0,4.535700019914657,2885.0,Stationary surface / seeded depth noise
synthetic,100,3.3333333333333335,continuous,4.617099999450147,0.0,4.617099999450147,2877.829833984375,Stationary surface / seeded depth noise
synthetic,100,3.3333333333333335,smooth,3.5392999998293817,0.0,3.5392999998293817,2924.195556640625,Stationary surface / seeded depth noise
synthetic,101,3.3666666666666667,legacy_3,0.5020000098738819,0.0,0.5020000098738819,6312.0,Stationary surface / seeded depth noise
synthetic,101,3.3666666666666667,thin_3,2.2567999840248376,0.0,2.2567999840248376,2885.0,Stationary surface / seeded depth noise
synthetic,101,3.3666666666666667,banded,2.415900002233684,0.0,2.415900002233684,2885.0,Stationary surface / seeded depth noise
synthetic,101,3.3666666666666667,continuous,2.8546999965328723,0.0,2.8546999965328723,2718.686279296875,Stationary surface / seeded depth noise
synthetic,101,3.3666666666666667,smooth,3.1909999961499125,0.0,3.1909999961499125,2824.21630859375,Stationary surface / seeded depth noise
synthetic,102,3.4,legacy_3,0.6108999950811267,0.0,0.6108999950811267,6312.0,Stationary surface / seeded depth noise
synthetic,102,3.4,thin_3,5.1164000178687274,0.0,5.1164000178687274,2885.0,Stationary surface / seeded depth noise
synthetic,102,3.4,banded,4.919799976050854,0.0,4.919799976050854,2885.0,Stationary surface / seeded depth noise
synthetic,102,3.4,continuous,6.206899997778237,0.0,6.206899997778237,2962.107421875,Stationary surface / seeded depth noise
synthetic,102,3.4,smooth,6.846400006907061,0.0,6.846400006907061,2891.34326171875,Stationary surface / seeded depth noise
synthetic,103,3.433333333333333,legacy_3,1.1918999953195453,0.0,1.1918999953195453,6312.0,Stationary surface / seeded depth noise
synthetic,103,3.433333333333333,thin_3,4.089499998372048,0.0,4.089499998372048,2885.0,Stationary surface / seeded depth noise
synthetic,103,3.433333333333333,banded,2.7552000246942043,0.0,2.7552000246942043,2885.0,Stationary surface / seeded depth noise
synthetic,103,3.433333333333333,continuous,2.8292000060901046,0.0,2.8292000060901046,2577.82470703125,Stationary surface / seeded depth noise
synthetic,103,3.433333333333333,smooth,3.094299987424165,0.0,3.094299987424165,2738.793212890625,Stationary surface / seeded depth noise
synthetic,104,3.466666666666667,legacy_3,0.5112999933771789,0.0,0.5112999933771789,6312.0,Stationary surface / seeded depth noise
synthetic,104,3.466666666666667,thin_3,2.4267999979201704,0.0,2.4267999979201704,2885.0,Stationary surface / seeded depth noise
synthetic,104,3.466666666666667,banded,2.4283999809995294,0.0,2.4283999809995294,2885.0,Stationary surface / seeded depth noise
synthetic,104,3.466666666666667,continuous,2.860799984773621,0.0,2.860799984773621,2838.37109375,Stationary surface / seeded depth noise
synthetic,104,3.466666666666667,smooth,5.679099995177239,0.0,5.679099995177239,2787.24609375,Stationary surface / seeded depth noise
synthetic,105,3.5,legacy_3,0.8173999958671629,0.0,0.8173999958671629,6312.0,Stationary surface / seeded depth noise
synthetic,105,3.5,thin_3,2.9387999966274947,0.0,2.9387999966274947,2885.0,Stationary surface / seeded depth noise
synthetic,105,3.5,banded,2.3381999926641583,0.0,2.3381999926641583,2885.0,Stationary surface / seeded depth noise
synthetic,105,3.5,continuous,4.241699993144721,0.0,4.241699993144721,2814.6142578125,Stationary surface / seeded depth noise
synthetic,105,3.5,smooth,2.7806999860331416,0.0,2.7806999860331416,2800.56298828125,Stationary surface / seeded depth noise
synthetic,106,3.533333333333333,legacy_3,0.5058000097051263,0.0,0.5058000097051263,6312.0,Stationary surface / seeded depth noise
synthetic,106,3.533333333333333,thin_3,4.318899998907,0.0,4.318899998907,2885.0,Stationary surface / seeded depth noise
synthetic,106,3.533333333333333,banded,4.657999990740791,0.0,4.657999990740791,2885.0,Stationary surface / seeded depth noise
synthetic,106,3.533333333333333,continuous,6.081200001062825,0.0,6.081200001062825,2934.150390625,Stationary surface / seeded depth noise
synthetic,106,3.533333333333333,smooth,6.061399995815009,0.0,6.061399995815009,2865.587890625,Stationary surface / seeded depth noise
synthetic,107,3.566666666666667,legacy_3,0.7597999938298017,0.0,0.7597999938298017,6312.0,Stationary surface / seeded depth noise
synthetic,107,3.566666666666667,thin_3,2.3472000029869378,0.0,2.3472000029869378,2885.0,Stationary surface / seeded depth noise
synthetic,107,3.566666666666667,banded,2.483299991581589,0.0,2.483299991581589,2885.0,Stationary surface / seeded depth noise
synthetic,107,3.566666666666667,continuous,2.834399987477809,0.0,2.834399987477809,2713.43017578125,Stationary surface / seeded depth noise
synthetic,107,3.566666666666667,smooth,2.7074000099673867,0.0,2.7074000099673867,2791.55078125,Stationary surface / seeded depth noise
synthetic,108,3.6,legacy_3,0.45089999912306666,0.0,0.45089999912306666,6312.0,Stationary surface / seeded depth noise
synthetic,108,3.6,thin_3,2.6683000032790005,0.0,2.6683000032790005,2885.0,Stationary surface / seeded depth noise
synthetic,108,3.6,banded,2.549099997850135,0.0,2.549099997850135,2885.0,Stationary surface / seeded depth noise
synthetic,108,3.6,continuous,2.9728999943472445,0.0,2.9728999943472445,3178.974609375,Stationary surface / seeded depth noise
synthetic,108,3.6,smooth,2.985600003739819,0.0,2.985600003739819,2980.11181640625,Stationary surface / seeded depth noise
synthetic,109,3.6333333333333333,legacy_3,0.5001999961677939,0.0,0.5001999961677939,6312.0,Stationary surface / seeded depth noise
synthetic,109,3.6333333333333333,thin_3,2.1723000099882483,0.0,2.1723000099882483,2885.0,Stationary surface / seeded depth noise
synthetic,109,3.6333333333333333,banded,2.7593999984674156,0.0,2.7593999984674156,2885.0,Stationary surface / seeded depth noise
synthetic,109,3.6333333333333333,continuous,2.767500001937151,0.0,2.767500001937151,2745.930908203125,Stationary surface / seeded depth noise
synthetic,109,3.6333333333333333,smooth,2.7111000090371817,0.0,2.7111000090371817,2866.21142578125,Stationary surface / seeded depth noise
synthetic,110,3.6666666666666665,legacy_3,0.44800000614486635,0.0,0.44800000614486635,6312.0,Stationary surface / seeded depth noise
synthetic,110,3.6666666666666665,thin_3,3.488699992885813,0.0,3.488699992885813,2885.0,Stationary surface / seeded depth noise
synthetic,110,3.6666666666666665,banded,3.643400006694719,0.0,3.643400006694719,2885.0,Stationary surface / seeded depth noise
synthetic,110,3.6666666666666665,continuous,5.937700014328584,0.0,5.937700014328584,3028.605224609375,Stationary surface / seeded depth noise
synthetic,110,3.6666666666666665,smooth,5.819199985126033,0.0,5.819199985126033,2945.23876953125,Stationary surface / seeded depth noise
synthetic,111,3.7,legacy_3,0.43990000267513096,0.0,0.43990000267513096,6312.0,Stationary surface / seeded depth noise
synthetic,111,3.7,thin_3,4.752099979668856,0.0,4.752099979668856,2885.0,Stationary surface / seeded depth noise
synthetic,111,3.7,banded,4.909200011752546,0.0,4.909200011752546,2885.0,Stationary surface / seeded depth noise
synthetic,111,3.7,continuous,5.702499998733401,0.0,5.702499998733401,2836.51708984375,Stationary surface / seeded depth noise
synthetic,111,3.7,smooth,3.4314000222366303,0.0,3.4314000222366303,2892.35986328125,Stationary surface / seeded depth noise
synthetic,112,3.7333333333333334,legacy_3,0.5074000218883157,0.0,0.5074000218883157,6312.0,Stationary surface / seeded depth noise
synthetic,112,3.7333333333333334,thin_3,6.052700016880408,0.0,6.052700016880408,2885.0,Stationary surface / seeded depth noise
synthetic,112,3.7333333333333334,banded,5.2890999941155314,0.0,5.2890999941155314,2885.0,Stationary surface / seeded depth noise
synthetic,112,3.7333333333333334,continuous,4.006100003607571,0.0,4.006100003607571,2680.63916015625,Stationary surface / seeded depth noise
synthetic,112,3.7333333333333334,smooth,6.169000000227243,0.0,6.169000000227243,2789.343994140625,Stationary surface / seeded depth noise
synthetic,113,3.7666666666666666,legacy_3,1.0344999900553375,0.0,1.0344999900553375,6312.0,Stationary surface / seeded depth noise
synthetic,113,3.7666666666666666,thin_3,4.8602999886497855,0.0,4.8602999886497855,2885.0,Stationary surface / seeded depth noise
synthetic,113,3.7666666666666666,banded,3.994099999545142,0.0,3.994099999545142,2885.0,Stationary surface / seeded depth noise
synthetic,113,3.7666666666666666,continuous,5.205299996305257,0.0,5.205299996305257,2948.2353515625,Stationary surface / seeded depth noise
synthetic,113,3.7666666666666666,smooth,4.375399992568418,0.0,4.375399992568418,2866.68798828125,Stationary surface / seeded depth noise
synthetic,114,3.8,legacy_3,0.5779000057373196,0.0,0.5779000057373196,6312.0,Stationary surface / seeded depth noise
synthetic,114,3.8,thin_3,4.4181999983266,0.0,4.4181999983266,2885.0,Stationary surface / seeded depth noise
synthetic,114,3.8,banded,4.984600003808737,0.0,4.984600003808737,2885.0,Stationary surface / seeded depth noise
synthetic,114,3.8,continuous,6.099399994127452,0.0,6.099399994127452,2960.8349609375,Stationary surface / seeded depth noise
synthetic,114,3.8,smooth,5.082499992568046,0.0,5.082499992568046,2912.507568359375,Stationary surface / seeded depth noise
synthetic,115,3.8333333333333335,legacy_3,0.6565999938175082,0.0,0.6565999938175082,6312.0,Stationary surface / seeded depth noise
synthetic,115,3.8333333333333335,thin_3,2.1695000177714974,0.0,2.1695000177714974,2885.0,Stationary surface / seeded depth noise
synthetic,115,3.8333333333333335,banded,2.1032000076957047,0.0,2.1032000076957047,2885.0,Stationary surface / seeded depth noise
synthetic,115,3.8333333333333335,continuous,2.621999999973923,0.0,2.621999999973923,2829.9892578125,Stationary surface / seeded depth noise
synthetic,115,3.8333333333333335,smooth,6.090300012147054,0.0,6.090300012147054,2872.36962890625,Stationary surface / seeded depth noise
synthetic,116,3.8666666666666667,legacy_3,0.9168999968096614,0.0,0.9168999968096614,6312.0,Stationary surface / seeded depth noise
synthetic,116,3.8666666666666667,thin_3,4.207199992379174,0.0,4.207199992379174,2885.0,Stationary surface / seeded depth noise
synthetic,116,3.8666666666666667,banded,3.188900009263307,0.0,3.188900009263307,2885.0,Stationary surface / seeded depth noise
synthetic,116,3.8666666666666667,continuous,3.0049999768380076,0.0,3.0049999768380076,2938.27734375,Stationary surface / seeded depth noise
synthetic,116,3.8666666666666667,smooth,6.1335999926086515,0.0,6.1335999926086515,2904.445556640625,Stationary surface / seeded depth noise
synthetic,117,3.9,legacy_3,0.624299980700016,0.0,0.624299980700016,6312.0,Stationary surface / seeded depth noise
synthetic,117,3.9,thin_3,3.643400006694719,0.0,3.643400006694719,2885.0,Stationary surface / seeded depth noise
synthetic,117,3.9,banded,4.845099989324808,0.0,4.845099989324808,2885.0,Stationary surface / seeded depth noise
synthetic,117,3.9,continuous,4.624799999874085,0.0,4.624799999874085,2501.55224609375,Stationary surface / seeded depth noise
synthetic,117,3.9,smooth,5.8108000084757805,0.0,5.8108000084757805,2708.414306640625,Stationary surface / seeded depth noise
synthetic,118,3.933333333333333,legacy_3,0.4150999884586781,0.0,0.4150999884586781,6312.0,Stationary surface / seeded depth noise
synthetic,118,3.933333333333333,thin_3,4.481200012378395,0.0,4.481200012378395,2885.0,Stationary surface / seeded depth noise
synthetic,118,3.933333333333333,banded,3.5256000119261444,0.0,3.5256000119261444,2885.0,Stationary surface / seeded depth noise
synthetic,118,3.933333333333333,continuous,3.943099989555776,0.0,3.943099989555776,2822.619140625,Stationary surface / seeded depth noise
synthetic,118,3.933333333333333,smooth,3.353999985847622,0.0,3.353999985847622,2763.984375,Stationary surface / seeded depth noise
synthetic,119,3.966666666666667,legacy_3,0.7243999862112105,0.0,0.7243999862112105,6312.0,Stationary surface / seeded depth noise
synthetic,119,3.966666666666667,thin_3,2.3344999935943633,0.0,2.3344999935943633,2885.0,Stationary surface / seeded depth noise
synthetic,119,3.966666666666667,banded,2.5068999966606498,0.0,2.5068999966606498,2885.0,Stationary surface / seeded depth noise
synthetic,119,3.966666666666667,continuous,2.863500005332753,0.0,2.863500005332753,2702.3505859375,Stationary surface / seeded depth noise
synthetic,119,3.966666666666667,smooth,2.802600007271394,0.0,2.802600007271394,2733.99462890625,Stationary surface / seeded depth noise
synthetic,120,4.0,legacy_3,0.8120000129565597,0.0,0.8120000129565597,6312.0,Stationary surface / seeded depth noise
synthetic,120,4.0,thin_3,2.4960999726317823,0.0,2.4960999726317823,2885.0,Stationary surface / seeded depth noise
synthetic,120,4.0,banded,3.7780999846290797,0.0,3.7780999846290797,2885.0,Stationary surface / seeded depth noise
synthetic,120,4.0,continuous,3.355499997269362,0.0,3.355499997269362,2793.152587890625,Stationary surface / seeded depth noise
synthetic,120,4.0,smooth,2.755499997874722,0.0,2.755499997874722,2762.77978515625,Stationary surface / seeded depth noise
synthetic,121,4.033333333333333,legacy_3,0.9431999933440238,0.0,0.9431999933440238,6312.0,Stationary surface / seeded depth noise
synthetic,121,4.033333333333333,thin_3,4.2280000052414834,0.0,4.2280000052414834,2885.0,Stationary surface / seeded depth noise
synthetic,121,4.033333333333333,banded,4.8189000226557255,0.0,4.8189000226557255,2885.0,Stationary surface / seeded depth noise
synthetic,121,4.033333333333333,continuous,4.798600013600662,0.0,4.798600013600662,2923.73486328125,Stationary surface / seeded depth noise
synthetic,121,4.033333333333333,smooth,3.454499994404614,0.0,3.454499994404614,2841.1162109375,Stationary surface / seeded depth noise
synthetic,122,4.066666666666666,legacy_3,0.4595999780576676,0.0,0.4595999780576676,6312.0,Stationary surface / seeded depth noise
synthetic,122,4.066666666666666,thin_3,3.006800019647926,0.0,3.006800019647926,2885.0,Stationary surface / seeded depth noise
synthetic,122,4.066666666666666,banded,2.335900004254654,0.0,2.335900004254654,2885.0,Stationary surface / seeded depth noise
synthetic,122,4.066666666666666,continuous,3.5168000031262636,0.0,3.5168000031262636,2784.72021484375,Stationary surface / seeded depth noise
synthetic,122,4.066666666666666,smooth,4.567399999359623,0.0,4.567399999359623,2813.6748046875,Stationary surface / seeded depth noise
synthetic,123,4.1,legacy_3,0.804700015578419,0.0,0.804700015578419,6312.0,Stationary surface / seeded depth noise
synthetic,123,4.1,thin_3,2.0062999974470586,0.0,2.0062999974470586,2885.0,Stationary surface / seeded depth noise
synthetic,123,4.1,banded,2.2779999999329448,0.0,2.2779999999329448,2885.0,Stationary surface / seeded depth noise
synthetic,123,4.1,continuous,2.6728000084403902,0.0,2.6728000084403902,2638.783203125,Stationary surface / seeded depth noise
synthetic,123,4.1,smooth,3.09209999977611,0.0,3.09209999977611,2728.57568359375,Stationary surface / seeded depth noise
synthetic,124,4.133333333333334,legacy_3,0.6686999986413866,0.0,0.6686999986413866,6312.0,Stationary surface / seeded depth noise
synthetic,124,4.133333333333334,thin_3,2.313199976924807,0.0,2.313199976924807,2885.0,Stationary surface / seeded depth noise
synthetic,124,4.133333333333334,banded,2.9463999962899834,0.0,2.9463999962899834,2885.0,Stationary surface / seeded depth noise
synthetic,124,4.133333333333334,continuous,5.431300000054762,0.0,5.431300000054762,2975.177734375,Stationary surface / seeded depth noise
synthetic,124,4.133333333333334,smooth,4.517199995461851,0.0,4.517199995461851,2848.611083984375,Stationary surface / seeded depth noise
synthetic,125,4.166666666666667,legacy_3,0.7013000140432268,0.0,0.7013000140432268,6312.0,Stationary surface / seeded depth noise
synthetic,125,4.166666666666667,thin_3,3.6022000131197274,0.0,3.6022000131197274,2885.0,Stationary surface / seeded depth noise
synthetic,125,4.166666666666667,banded,4.603399982443079,0.0,4.603399982443079,2885.0,Stationary surface / seeded depth noise
synthetic,125,4.166666666666667,continuous,3.146699978969991,0.0,3.146699978969991,2700.02099609375,Stationary surface / seeded depth noise
synthetic,125,4.166666666666667,smooth,2.8600000077858567,0.0,2.8600000077858567,2776.31005859375,Stationary surface / seeded depth noise
synthetic,126,4.2,legacy_3,0.5674000130966306,0.0,0.5674000130966306,6312.0,Stationary surface / seeded depth noise
synthetic,126,4.2,thin_3,2.6504999841563404,0.0,2.6504999841563404,2885.0,Stationary surface / seeded depth noise
synthetic,126,4.2,banded,2.6673999964259565,0.0,2.6673999964259565,2885.0,Stationary surface / seeded depth noise
synthetic,126,4.2,continuous,3.093399980571121,0.0,3.093399980571121,2965.908447265625,Stationary surface / seeded depth noise
synthetic,126,4.2,smooth,3.0183000199031085,0.0,3.0183000199031085,2868.60400390625,Stationary surface / seeded depth noise
synthetic,127,4.233333333333333,legacy_3,0.8168000204022974,0.0,0.8168000204022974,6312.0,Stationary surface / seeded depth noise
synthetic,127,4.233333333333333,thin_3,2.828099997714162,0.0,2.828099997714162,2885.0,Stationary surface / seeded depth noise
synthetic,127,4.233333333333333,banded,4.7101999807637185,0.0,4.7101999807637185,2885.0,Stationary surface / seeded depth noise
synthetic,127,4.233333333333333,continuous,4.635900026187301,0.0,4.635900026187301,2789.896484375,Stationary surface / seeded depth noise
synthetic,127,4.233333333333333,smooth,3.5783000057563186,0.0,3.5783000057563186,2830.30615234375,Stationary surface / seeded depth noise
synthetic,128,4.266666666666667,legacy_3,0.7310999790206552,0.0,0.7310999790206552,6312.0,Stationary surface / seeded depth noise
synthetic,128,4.266666666666667,thin_3,4.000699991593137,0.0,4.000699991593137,2885.0,Stationary surface / seeded depth noise
synthetic,128,4.266666666666667,banded,3.052199986996129,0.0,3.052199986996129,2885.0,Stationary surface / seeded depth noise
synthetic,128,4.266666666666667,continuous,3.264900005888194,0.0,3.264900005888194,2968.004638671875,Stationary surface / seeded depth noise
synthetic,128,4.266666666666667,smooth,4.593499994371086,0.0,4.593499994371086,2897.33544921875,Stationary surface / seeded depth noise
synthetic,129,4.3,legacy_3,0.4268999909982085,0.0,0.4268999909982085,6312.0,Stationary surface / seeded depth noise
synthetic,129,4.3,thin_3,4.89959999686107,0.0,4.89959999686107,2885.0,Stationary surface / seeded depth noise
synthetic,129,4.3,banded,5.37669999175705,0.0,5.37669999175705,2885.0,Stationary surface / seeded depth noise
synthetic,129,4.3,continuous,5.7360000209882855,0.0,5.7360000209882855,2742.32666015625,Stationary surface / seeded depth noise
synthetic,129,4.3,smooth,3.557599993655458,0.0,3.557599993655458,2821.917236328125,Stationary surface / seeded depth noise
synthetic,130,4.333333333333333,legacy_3,0.9454999817535281,0.0,0.9454999817535281,6312.0,Stationary surface / seeded depth noise
synthetic,130,4.333333333333333,thin_3,3.9185999776236713,0.0,3.9185999776236713,2885.0,Stationary surface / seeded depth noise
synthetic,130,4.333333333333333,banded,3.4974000009242445,0.0,3.4974000009242445,2885.0,Stationary surface / seeded depth noise
synthetic,130,4.333333333333333,continuous,3.3786999993026257,0.0,3.3786999993026257,3078.29833984375,Stationary surface / seeded depth noise
synthetic,130,4.333333333333333,smooth,3.1350000062957406,0.0,3.1350000062957406,2946.69970703125,Stationary surface / seeded depth noise
synthetic,131,4.366666666666666,legacy_3,0.4518000059761107,0.0,0.4518000059761107,6312.0,Stationary surface / seeded depth noise
synthetic,131,4.366666666666666,thin_3,2.8458999877329916,0.0,2.8458999877329916,2885.0,Stationary surface / seeded depth noise
synthetic,131,4.366666666666666,banded,3.3866000012494624,0.0,3.3866000012494624,2885.0,Stationary surface / seeded depth noise
synthetic,131,4.366666666666666,continuous,3.251100017223507,0.0,3.251100017223507,3174.2509765625,Stationary surface / seeded depth noise
synthetic,131,4.366666666666666,smooth,4.058199992869049,0.0,4.058199992869049,3057.422607421875,Stationary surface / seeded depth noise
synthetic,132,4.4,legacy_3,0.8159999852068722,0.0,0.8159999852068722,6312.0,Stationary surface / seeded depth noise
synthetic,132,4.4,thin_3,3.715400001965463,0.0,3.715400001965463,2885.0,Stationary surface / seeded depth noise
synthetic,132,4.4,banded,2.785999997286126,0.0,2.785999997286126,2885.0,Stationary surface / seeded depth noise
synthetic,132,4.4,continuous,3.3091999939642847,0.0,3.3091999939642847,3012.00390625,Stationary surface / seeded depth noise
synthetic,132,4.4,smooth,4.2468000028748065,0.0,4.2468000028748065,3035.32275390625,Stationary surface / seeded depth noise
synthetic,133,4.433333333333334,legacy_3,0.5012000037822872,0.0,0.5012000037822872,6312.0,Stationary surface / seeded depth noise
synthetic,133,4.433333333333334,thin_3,2.250399993499741,0.0,2.250399993499741,2885.0,Stationary surface / seeded depth noise
synthetic,133,4.433333333333334,banded,2.6728000084403902,0.0,2.6728000084403902,2885.0,Stationary surface / seeded depth noise
synthetic,133,4.433333333333334,continuous,6.378999998560175,0.0,6.378999998560175,2904.82861328125,Stationary surface / seeded depth noise
synthetic,133,4.433333333333334,smooth,6.398699973942712,0.0,6.398699973942712,2971.82666015625,Stationary surface / seeded depth noise
synthetic,134,4.466666666666667,legacy_3,0.46200002543628216,0.0,0.46200002543628216,6312.0,Stationary surface / seeded depth noise
synthetic,134,4.466666666666667,thin_3,3.922100004274398,0.0,3.922100004274398,2885.0,Stationary surface / seeded depth noise
synthetic,134,4.466666666666667,banded,5.0648000033106655,0.0,5.0648000033106655,2885.0,Stationary surface / seeded depth noise
synthetic,134,4.466666666666667,continuous,5.926499987253919,0.0,5.926499987253919,2981.242919921875,Stationary surface / seeded depth noise
synthetic,134,4.466666666666667,smooth,4.585399990901351,0.0,4.585399990901351,2976.408203125,Stationary surface / seeded depth noise
synthetic,135,4.5,legacy_3,0.9976000001188368,0.0,0.9976000001188368,6312.0,Stationary surface / seeded depth noise
synthetic,135,4.5,thin_3,4.72779999836348,0.0,4.72779999836348,2885.0,Stationary surface / seeded depth noise
synthetic,135,4.5,banded,4.096600023331121,0.0,4.096600023331121,2885.0,Stationary surface / seeded depth noise
synthetic,135,4.5,continuous,4.790599981788546,0.0,4.790599981788546,3064.947265625,Stationary surface / seeded depth noise
synthetic,135,4.5,smooth,4.25380002707243,0.0,4.25380002707243,3019.48974609375,Stationary surface / seeded depth noise
synthetic,136,4.533333333333333,legacy_3,0.4295000107958913,0.0,0.4295000107958913,6312.0,Stationary surface / seeded depth noise
synthetic,136,4.533333333333333,thin_3,2.1829000033903867,0.0,2.1829000033903867,2885.0,Stationary surface / seeded depth noise
synthetic,136,4.533333333333333,banded,2.339900005608797,0.0,2.339900005608797,2885.0,Stationary surface / seeded depth noise
synthetic,136,4.533333333333333,continuous,3.156999999191612,0.0,3.156999999191612,2703.6552734375,Stationary surface / seeded depth noise
synthetic,136,4.533333333333333,smooth,5.600300006335601,0.0,5.600300006335601,2865.878173828125,Stationary surface / seeded depth noise
synthetic,137,4.566666666666666,legacy_3,1.007599988952279,0.0,1.007599988952279,6312.0,Stationary surface / seeded depth noise
synthetic,137,4.566666666666666,thin_3,4.186000005574897,0.0,4.186000005574897,2885.0,Stationary surface / seeded depth noise
synthetic,137,4.566666666666666,banded,3.2495000050403178,0.0,3.2495000050403178,2885.0,Stationary surface / seeded depth noise
synthetic,137,4.566666666666666,continuous,3.623399999924004,0.0,3.623399999924004,2767.823974609375,Stationary surface / seeded depth noise
synthetic,137,4.566666666666666,smooth,2.814900013618171,0.0,2.814900013618171,2818.16650390625,Stationary surface / seeded depth noise
synthetic,138,4.6,legacy_3,0.4512000014074147,0.0,0.4512000014074147,6312.0,Stationary surface / seeded depth noise
synthetic,138,4.6,thin_3,2.3469000007025898,0.0,2.3469000007025898,2885.0,Stationary surface / seeded depth noise
synthetic,138,4.6,banded,2.387899992754683,0.0,2.387899992754683,2885.0,Stationary surface / seeded depth noise
synthetic,138,4.6,continuous,2.9242000018712133,0.0,2.9242000018712133,2975.9326171875,Stationary surface / seeded depth noise
synthetic,138,4.6,smooth,4.6965999936219305,0.0,4.6965999936219305,2894.96630859375,Stationary surface / seeded depth noise
synthetic,139,4.633333333333334,legacy_3,0.5350999999791384,0.0,0.5350999999791384,6312.0,Stationary surface / seeded depth noise
synthetic,139,4.633333333333334,thin_3,4.491300001973286,0.0,4.491300001973286,2885.0,Stationary surface / seeded depth noise
synthetic,139,4.633333333333334,banded,5.455699982121587,0.0,5.455699982121587,2885.0,Stationary surface / seeded depth noise
synthetic,139,4.633333333333334,continuous,6.332099990686402,0.0,6.332099990686402,2971.01953125,Stationary surface / seeded depth noise
synthetic,139,4.633333333333334,smooth,3.724899986991659,0.0,3.724899986991659,2931.97216796875,Stationary surface / seeded depth noise
synthetic,140,4.666666666666667,legacy_3,0.5206000059843063,0.0,0.5206000059843063,6312.0,Stationary surface / seeded depth noise
synthetic,140,4.666666666666667,thin_3,2.743299992289394,0.0,2.743299992289394,2885.0,Stationary surface / seeded depth noise
synthetic,140,4.666666666666667,banded,2.911799994762987,0.0,2.911799994762987,2885.0,Stationary surface / seeded depth noise
synthetic,140,4.666666666666667,continuous,6.720400007907301,0.0,6.720400007907301,2903.689453125,Stationary surface / seeded depth noise
synthetic,140,4.666666666666667,smooth,3.4272999910172075,0.0,3.4272999910172075,2918.210205078125,Stationary surface / seeded depth noise
synthetic,141,4.7,legacy_3,0.45419999514706433,0.0,0.45419999514706433,6312.0,Stationary surface / seeded depth noise
synthetic,141,4.7,thin_3,4.16469998890534,0.0,4.16469998890534,2885.0,Stationary surface / seeded depth noise
synthetic,141,4.7,banded,3.9046999881975353,0.0,3.9046999881975353,2885.0,Stationary surface / seeded depth noise
synthetic,141,4.7,continuous,4.263900016667321,0.0,4.263900016667321,2765.58935546875,Stationary surface / seeded depth noise
synthetic,141,4.7,smooth,6.237199995666742,0.0,6.237199995666742,2843.96435546875,Stationary surface / seeded depth noise
synthetic,142,4.733333333333333,legacy_3,0.9642000077292323,0.0,0.9642000077292323,6312.0,Stationary surface / seeded depth noise
synthetic,142,4.733333333333333,thin_3,4.169799998635426,0.0,4.169799998635426,2885.0,Stationary surface / seeded depth noise
synthetic,142,4.733333333333333,banded,3.4079999895766377,0.0,3.4079999895766377,2885.0,Stationary surface / seeded depth noise
synthetic,142,4.733333333333333,continuous,3.3785000268835574,0.0,3.3785000268835574,2702.883056640625,Stationary surface / seeded depth noise
synthetic,142,4.733333333333333,smooth,3.3759999787434936,0.0,3.3759999787434936,2775.31689453125,Stationary surface / seeded depth noise
synthetic,143,4.766666666666667,legacy_3,0.5837999924551696,0.0,0.5837999924551696,6312.0,Stationary surface / seeded depth noise
synthetic,143,4.766666666666667,thin_3,2.428500010864809,0.0,2.428500010864809,2885.0,Stationary surface / seeded depth noise
synthetic,143,4.766666666666667,banded,3.4134000015910715,0.0,3.4134000015910715,2885.0,Stationary surface / seeded depth noise
synthetic,143,4.766666666666667,continuous,2.7673000004142523,0.0,2.7673000004142523,2626.35986328125,Stationary surface / seeded depth noise
synthetic,143,4.766666666666667,smooth,2.827700023772195,0.0,2.827700023772195,2702.8369140625,Stationary surface / seeded depth noise
synthetic,144,4.8,legacy_3,0.4177000082563609,0.0,0.4177000082563609,6312.0,Stationary surface / seeded depth noise
synthetic,144,4.8,thin_3,2.1499999857041985,0.0,2.1499999857041985,2885.0,Stationary surface / seeded depth noise
synthetic,144,4.8,banded,2.8113000153098255,0.0,2.8113000153098255,2885.0,Stationary surface / seeded depth noise
synthetic,144,4.8,continuous,2.818300010403618,0.0,2.818300010403618,2606.34228515625,Stationary surface / seeded depth noise
synthetic,144,4.8,smooth,3.0761999951209873,0.0,3.0761999951209873,2655.88427734375,Stationary surface / seeded depth noise
synthetic,145,4.833333333333333,legacy_3,1.0583999974187464,0.0,1.0583999974187464,6312.0,Stationary surface / seeded depth noise
synthetic,145,4.833333333333333,thin_3,4.4692000083159655,0.0,4.4692000083159655,2885.0,Stationary surface / seeded depth noise
synthetic,145,4.833333333333333,banded,4.96779999230057,0.0,4.96779999230057,2885.0,Stationary surface / seeded depth noise
synthetic,145,4.833333333333333,continuous,4.077599995071068,0.0,4.077599995071068,3058.6708984375,Stationary surface / seeded depth noise
synthetic,145,4.833333333333333,smooth,5.192500015255064,0.0,5.192500015255064,2851.95654296875,Stationary surface / seeded depth noise
synthetic,146,4.866666666666666,legacy_3,0.9980000031646341,0.0,0.9980000031646341,6312.0,Stationary surface / seeded depth noise
synthetic,146,4.866666666666666,thin_3,4.468800005270168,0.0,4.468800005270168,2885.0,Stationary surface / seeded depth noise
synthetic,146,4.866666666666666,banded,5.284600018057972,0.0,5.284600018057972,2885.0,Stationary surface / seeded depth noise
synthetic,146,4.866666666666666,continuous,4.981900012353435,0.0,4.981900012353435,2927.1181640625,Stationary surface / seeded depth noise
synthetic,146,4.866666666666666,smooth,3.3164000196848065,0.0,3.3164000196848065,2888.545654296875,Stationary surface / seeded depth noise
synthetic,147,4.9,legacy_3,1.0262999858241528,0.0,1.0262999858241528,6312.0,Stationary surface / seeded depth noise
synthetic,147,4.9,thin_3,2.2917999885976315,0.0,2.2917999885976315,2885.0,Stationary surface / seeded depth noise
synthetic,147,4.9,banded,3.732599987415597,0.0,3.732599987415597,2885.0,Stationary surface / seeded depth noise
synthetic,147,4.9,continuous,6.221599993295968,0.0,6.221599993295968,3062.3671875,Stationary surface / seeded depth noise
synthetic,147,4.9,smooth,6.328799994662404,0.0,6.328799994662404,2973.1240234375,Stationary surface / seeded depth noise
synthetic,148,4.933333333333334,legacy_3,1.0204000282101333,0.0,1.0204000282101333,6312.0,Stationary surface / seeded depth noise
synthetic,148,4.933333333333334,thin_3,5.269299988867715,0.0,5.269299988867715,2885.0,Stationary surface / seeded depth noise
synthetic,148,4.933333333333334,banded,5.533299990929663,0.0,5.533299990929663,2885.0,Stationary surface / seeded depth noise
synthetic,148,4.933333333333334,continuous,4.414999973960221,0.0,4.414999973960221,2739.61328125,Stationary surface / seeded depth noise
synthetic,148,4.933333333333334,smooth,5.741700006183237,0.0,5.741700006183237,2859.546142578125,Stationary surface / seeded depth noise
synthetic,149,4.966666666666667,legacy_3,0.8177999989129603,0.0,0.8177999989129603,6312.0,Stationary surface / seeded depth noise
synthetic,149,4.966666666666667,thin_3,2.5277999811805785,0.0,2.5277999811805785,2885.0,Stationary surface / seeded depth noise
synthetic,149,4.966666666666667,banded,2.7251999999862164,0.0,2.7251999999862164,2885.0,Stationary surface / seeded depth noise
synthetic,149,4.966666666666667,continuous,2.8087000246159732,0.0,2.8087000246159732,2865.460205078125,Stationary surface / seeded depth noise
synthetic,149,4.966666666666667,smooth,3.011499997228384,0.0,3.011499997228384,2862.423828125,Stationary surface / seeded depth noise
synthetic,150,5.0,legacy_3,0.870800024131313,0.0,0.870800024131313,6312.0,Abrupt near / far change
synthetic,150,5.0,thin_3,2.5295999948866665,0.0,2.5295999948866665,2885.0,Abrupt near / far change
synthetic,150,5.0,banded,2.7095999976154417,0.0,2.7095999976154417,4917.0,Abrupt near / far change
synthetic,150,5.0,continuous,2.9359000036492944,0.0,2.9359000036492944,4917.0,Abrupt near / far change
synthetic,150,5.0,smooth,2.918500016676262,0.0,2.918500016676262,4917.0,Abrupt near / far change
synthetic,151,5.033333333333333,legacy_3,0.7074000022839755,0.0,0.7074000022839755,6312.0,Abrupt near / far change
synthetic,151,5.033333333333333,thin_3,3.4718999813776463,0.0,3.4718999813776463,2885.0,Abrupt near / far change
synthetic,151,5.033333333333333,banded,3.3930999925360084,0.0,3.3930999925360084,4917.0,Abrupt near / far change
synthetic,151,5.033333333333333,continuous,3.478500002529472,0.0,3.478500002529472,4917.0,Abrupt near / far change
synthetic,151,5.033333333333333,smooth,2.9805999947711825,0.0,2.9805999947711825,4917.0,Abrupt near / far change
synthetic,152,5.066666666666666,legacy_3,1.6571000160183758,0.0,1.6571000160183758,6312.0,Abrupt near / far change
synthetic,152,5.066666666666666,thin_3,3.86260001687333,0.0,3.86260001687333,2885.0,Abrupt near / far change
synthetic,152,5.066666666666666,banded,4.641500010620803,0.0,4.641500010620803,4917.0,Abrupt near / far change
synthetic,152,5.066666666666666,continuous,5.899399984627962,0.0,5.899399984627962,4917.0,Abrupt near / far change
synthetic,152,5.066666666666666,smooth,4.356299992650747,0.0,4.356299992650747,4917.0,Abrupt near / far change
synthetic,153,5.1,legacy_3,1.0557000059634447,0.0,1.0557000059634447,6312.0,Abrupt near / far change
synthetic,153,5.1,thin_3,4.788099991856143,0.0,4.788099991856143,2885.0,Abrupt near / far change
synthetic,153,5.1,banded,4.915400000754744,0.0,4.915400000754744,4917.0,Abrupt near / far change
synthetic,153,5.1,continuous,4.050199990160763,0.0,4.050199990160763,4917.0,Abrupt near / far change
synthetic,153,5.1,smooth,6.28500001039356,0.0,6.28500001039356,4917.0,Abrupt near / far change
synthetic,154,5.133333333333334,legacy_3,1.0984000109601766,0.0,1.0984000109601766,6312.0,Abrupt near / far change
synthetic,154,5.133333333333334,thin_3,4.848799988394603,0.0,4.848799988394603,2885.0,Abrupt near / far change
synthetic,154,5.133333333333334,banded,3.33949999185279,0.0,3.33949999185279,4917.0,Abrupt near / far change
synthetic,154,5.133333333333334,continuous,3.236099990317598,0.0,3.236099990317598,4917.0,Abrupt near / far change
synthetic,154,5.133333333333334,smooth,3.03880000137724,0.0,3.03880000137724,4917.0,Abrupt near / far change
synthetic,155,5.166666666666667,legacy_3,0.7741999870631844,0.0,0.7741999870631844,6312.0,Abrupt near / far change
synthetic,155,5.166666666666667,thin_3,3.8795000000391155,0.0,3.8795000000391155,2885.0,Abrupt near / far change
synthetic,155,5.166666666666667,banded,4.1573999915272,0.0,4.1573999915272,4917.0,Abrupt near / far change
synthetic,155,5.166666666666667,continuous,3.5053000028710812,0.0,3.5053000028710812,4917.0,Abrupt near / far change
synthetic,155,5.166666666666667,smooth,2.918599988333881,0.0,2.918599988333881,4917.0,Abrupt near / far change
synthetic,156,5.2,legacy_3,0.4338000144343823,0.0,0.4338000144343823,6312.0,Abrupt near / far change
synthetic,156,5.2,thin_3,2.277000021422282,0.0,2.277000021422282,2885.0,Abrupt near / far change
synthetic,156,5.2,banded,4.870200005825609,0.0,4.870200005825609,4917.0,Abrupt near / far change
synthetic,156,5.2,continuous,3.000899974722415,0.0,3.000899974722415,4917.0,Abrupt near / far change
synthetic,156,5.2,smooth,2.860100008547306,0.0,2.860100008547306,4917.0,Abrupt near / far change
synthetic,157,5.233333333333333,legacy_3,0.9957999864127487,0.0,0.9957999864127487,6312.0,Abrupt near / far change
synthetic,157,5.233333333333333,thin_3,4.3895000126212835,0.0,4.3895000126212835,2885.0,Abrupt near / far change
synthetic,157,5.233333333333333,banded,2.946200023870915,0.0,2.946200023870915,4917.0,Abrupt near / far change
synthetic,157,5.233333333333333,continuous,3.016100003151223,0.0,3.016100003151223,4917.0,Abrupt near / far change
synthetic,157,5.233333333333333,smooth,3.0035999952815473,0.0,3.0035999952815473,4917.0,Abrupt near / far change
synthetic,158,5.266666666666667,legacy_3,0.6247000128496438,0.0,0.6247000128496438,6312.0,Abrupt near / far change
synthetic,158,5.266666666666667,thin_3,2.254399994853884,0.0,2.254399994853884,2885.0,Abrupt near / far change
synthetic,158,5.266666666666667,banded,2.8153999883215874,0.0,2.8153999883215874,4917.0,Abrupt near / far change
synthetic,158,5.266666666666667,continuous,3.0273000011220574,0.0,3.0273000011220574,4917.0,Abrupt near / far change
synthetic,158,5.266666666666667,smooth,3.942999988794327,0.0,3.942999988794327,4917.0,Abrupt near / far change
synthetic,159,5.3,legacy_3,0.8054000209085643,0.0,0.8054000209085643,6312.0,Abrupt near / far change
synthetic,159,5.3,thin_3,2.5627000140957534,0.0,2.5627000140957534,2885.0,Abrupt near / far change
synthetic,159,5.3,banded,2.395899995462969,0.0,2.395899995462969,4917.0,Abrupt near / far change
synthetic,159,5.3,continuous,2.751899999566376,0.0,2.751899999566376,4917.0,Abrupt near / far change
synthetic,159,5.3,smooth,3.0501000001095235,0.0,3.0501000001095235,4917.0,Abrupt near / far change
synthetic,160,5.333333333333333,legacy_3,1.006099977530539,0.0,1.006099977530539,6312.0,Abrupt near / far change
synthetic,160,5.333333333333333,thin_3,4.537300002994016,0.0,4.537300002994016,2885.0,Abrupt near / far change
synthetic,160,5.333333333333333,banded,5.705600022338331,0.0,5.705600022338331,4917.0,Abrupt near / far change
synthetic,160,5.333333333333333,continuous,5.032499990193173,0.0,5.032499990193173,4917.0,Abrupt near / far change
synthetic,160,5.333333333333333,smooth,4.09659999422729,0.0,4.09659999422729,4917.0,Abrupt near / far change
synthetic,161,5.366666666666666,legacy_3,0.46209999709390104,0.0,0.46209999709390104,6312.0,Abrupt near / far change
synthetic,161,5.366666666666666,thin_3,3.8420000055339187,0.0,3.8420000055339187,2885.0,Abrupt near / far change
synthetic,161,5.366666666666666,banded,2.904399996623397,0.0,2.904399996623397,4917.0,Abrupt near / far change
synthetic,161,5.366666666666666,continuous,3.57949998578988,0.0,3.57949998578988,4917.0,Abrupt near / far change
synthetic,161,5.366666666666666,smooth,2.741900010732934,0.0,2.741900010732934,4917.0,Abrupt near / far change
synthetic,162,5.4,legacy_3,0.47110000741668046,0.0,0.47110000741668046,6312.0,Abrupt near / far change
synthetic,162,5.4,thin_3,2.853300014976412,0.0,2.853300014976412,2885.0,Abrupt near / far change
synthetic,162,5.4,banded,3.9736000180710107,0.0,3.9736000180710107,4917.0,Abrupt near / far change
synthetic,162,5.4,continuous,3.1002000032458454,0.0,3.1002000032458454,4917.0,Abrupt near / far change
synthetic,162,5.4,smooth,2.98099999781698,0.0,2.98099999781698,4917.0,Abrupt near / far change
synthetic,163,5.433333333333334,legacy_3,0.47050000284798443,0.0,0.47050000284798443,6312.0,Abrupt near / far change
synthetic,163,5.433333333333334,thin_3,2.282700006617233,0.0,2.282700006617233,2885.0,Abrupt near / far change
synthetic,163,5.433333333333334,banded,2.982200006954372,0.0,2.982200006954372,4917.0,Abrupt near / far change
synthetic,163,5.433333333333334,continuous,3.115200001047924,0.0,3.115200001047924,4917.0,Abrupt near / far change
synthetic,163,5.433333333333334,smooth,2.9878999921493232,0.0,2.9878999921493232,4917.0,Abrupt near / far change
synthetic,164,5.466666666666667,legacy_3,0.4149999876972288,0.0,0.4149999876972288,6312.0,Abrupt near / far change
synthetic,164,5.466666666666667,thin_3,3.804999985732138,0.0,3.804999985732138,2885.0,Abrupt near / far change
synthetic,164,5.466666666666667,banded,4.585000016959384,0.0,4.585000016959384,4917.0,Abrupt near / far change
synthetic,164,5.466666666666667,continuous,3.1654000049456954,0.0,3.1654000049456954,4917.0,Abrupt near / far change
synthetic,164,5.466666666666667,smooth,3.0092999804764986,0.0,3.0092999804764986,4917.0,Abrupt near / far change
synthetic,165,5.5,legacy_3,1.0411000112071633,0.0,1.0411000112071633,6312.0,Abrupt near / far change
synthetic,165,5.5,thin_3,2.3702000034973025,0.0,2.3702000034973025,2885.0,Abrupt near / far change
synthetic,165,5.5,banded,2.454000001307577,0.0,2.454000001307577,851.0,Abrupt near / far change
synthetic,165,5.5,continuous,2.715700014960021,0.0,2.715700014960021,851.0,Abrupt near / far change
synthetic,165,5.5,smooth,2.620499988552183,0.0,2.620499988552183,851.0,Abrupt near / far change
synthetic,166,5.533333333333333,legacy_3,0.4078999918419868,0.0,0.4078999918419868,6312.0,Abrupt near / far change
synthetic,166,5.533333333333333,thin_3,2.043999993475154,0.0,2.043999993475154,2885.0,Abrupt near / far change
synthetic,166,5.533333333333333,banded,2.2622999968007207,0.0,2.2622999968007207,851.0,Abrupt near / far change
synthetic,166,5.533333333333333,continuous,2.791599981719628,0.0,2.791599981719628,851.0,Abrupt near / far change
synthetic,166,5.533333333333333,smooth,2.830299985362217,0.0,2.830299985362217,851.0,Abrupt near / far change
synthetic,167,5.566666666666666,legacy_3,0.437700015027076,0.0,0.437700015027076,6312.0,Abrupt near / far change
synthetic,167,5.566666666666666,thin_3,3.3100000000558794,0.0,3.3100000000558794,2885.0,Abrupt near / far change
synthetic,167,5.566666666666666,banded,2.270700002554804,0.0,2.270700002554804,851.0,Abrupt near / far change
synthetic,167,5.566666666666666,continuous,3.1186999985948205,0.0,3.1186999985948205,851.0,Abrupt near / far change
synthetic,167,5.566666666666666,smooth,3.5884999961126596,0.0,3.5884999961126596,851.0,Abrupt near / far change
synthetic,168,5.6,legacy_3,0.9335000067949295,0.0,0.9335000067949295,6312.0,Abrupt near / far change
synthetic,168,5.6,thin_3,2.084200008539483,0.0,2.084200008539483,2885.0,Abrupt near / far change
synthetic,168,5.6,banded,2.1664999949280173,0.0,2.1664999949280173,851.0,Abrupt near / far change
synthetic,168,5.6,continuous,2.7694999880623072,0.0,2.7694999880623072,851.0,Abrupt near / far change
synthetic,168,5.6,smooth,2.750500018009916,0.0,2.750500018009916,851.0,Abrupt near / far change
synthetic,169,5.633333333333334,legacy_3,1.0406999790575355,0.0,1.0406999790575355,6312.0,Abrupt near / far change
synthetic,169,5.633333333333334,thin_3,2.117500000167638,0.0,2.117500000167638,2885.0,Abrupt near / far change
synthetic,169,5.633333333333334,banded,2.3130000045057386,0.0,2.3130000045057386,851.0,Abrupt near / far change
synthetic,169,5.633333333333334,continuous,2.723700017668307,0.0,2.723700017668307,851.0,Abrupt near / far change
synthetic,169,5.633333333333334,smooth,2.7040000131819397,0.0,2.7040000131819397,851.0,Abrupt near / far change
synthetic,170,5.666666666666667,legacy_3,0.6726999999955297,0.0,0.6726999999955297,6312.0,Abrupt near / far change
synthetic,170,5.666666666666667,thin_3,2.2250000038184226,0.0,2.2250000038184226,2885.0,Abrupt near / far change
synthetic,170,5.666666666666667,banded,2.373099996475503,0.0,2.373099996475503,851.0,Abrupt near / far change
synthetic,170,5.666666666666667,continuous,2.732199995080009,0.0,2.732199995080009,851.0,Abrupt near / far change
synthetic,170,5.666666666666667,smooth,2.671499998541549,0.0,2.671499998541549,851.0,Abrupt near / far change
synthetic,171,5.7,legacy_3,1.0125999979209155,0.0,1.0125999979209155,6312.0,Abrupt near / far change
synthetic,171,5.7,thin_3,4.46699999156408,0.0,4.46699999156408,2885.0,Abrupt near / far change
synthetic,171,5.7,banded,4.523799987509847,0.0,4.523799987509847,851.0,Abrupt near / far change
synthetic,171,5.7,continuous,3.569299995433539,0.0,3.569299995433539,851.0,Abrupt near / far change
synthetic,171,5.7,smooth,2.823599992552772,0.0,2.823599992552772,851.0,Abrupt near / far change
synthetic,172,5.733333333333333,legacy_3,0.9114999847952276,0.0,0.9114999847952276,6312.0,Abrupt near / far change
synthetic,172,5.733333333333333,thin_3,2.4061999865807593,0.0,2.4061999865807593,2885.0,Abrupt near / far change
synthetic,172,5.733333333333333,banded,3.4882999898400158,0.0,3.4882999898400158,851.0,Abrupt near / far change
synthetic,172,5.733333333333333,continuous,2.890800009481609,0.0,2.890800009481609,851.0,Abrupt near / far change
synthetic,172,5.733333333333333,smooth,3.12169999233447,0.0,3.12169999233447,851.0,Abrupt near / far change
synthetic,173,5.766666666666667,legacy_3,1.0463999933563173,0.0,1.0463999933563173,6312.0,Abrupt near / far change
synthetic,173,5.766666666666667,thin_3,3.1476999865844846,0.0,3.1476999865844846,2885.0,Abrupt near / far change
synthetic,173,5.766666666666667,banded,2.732799999648705,0.0,2.732799999648705,851.0,Abrupt near / far change
synthetic,173,5.766666666666667,continuous,2.786299999570474,0.0,2.786299999570474,851.0,Abrupt near / far change
synthetic,173,5.766666666666667,smooth,2.652499999385327,0.0,2.652499999385327,851.0,Abrupt near / far change
synthetic,174,5.8,legacy_3,1.0590000019874424,0.0,1.0590000019874424,6312.0,Abrupt near / far change
synthetic,174,5.8,thin_3,2.436200011288747,0.0,2.436200011288747,2885.0,Abrupt near / far change
synthetic,174,5.8,banded,2.250999998068437,0.0,2.250999998068437,851.0,Abrupt near / far change
synthetic,174,5.8,continuous,2.5384000036865473,0.0,2.5384000036865473,851.0,Abrupt near / far change
synthetic,174,5.8,smooth,2.5375999975949526,0.0,2.5375999975949526,851.0,Abrupt near / far change
synthetic,175,5.833333333333333,legacy_3,1.1112999927718192,0.0,1.1112999927718192,6312.0,Abrupt near / far change
synthetic,175,5.833333333333333,thin_3,4.599499981850386,0.0,4.599499981850386,2885.0,Abrupt near / far change
synthetic,175,5.833333333333333,banded,3.476900019450113,0.0,3.476900019450113,851.0,Abrupt near / far change
synthetic,175,5.833333333333333,continuous,2.813400002196431,0.0,2.813400002196431,851.0,Abrupt near / far change
synthetic,175,5.833333333333333,smooth,3.784200001973659,0.0,3.784200001973659,851.0,Abrupt near / far change
synthetic,176,5.866666666666666,legacy_3,0.5634000117424875,0.0,0.5634000117424875,6312.0,Abrupt near / far change
synthetic,176,5.866666666666666,thin_3,2.425100014079362,0.0,2.425100014079362,2885.0,Abrupt near / far change
synthetic,176,5.866666666666666,banded,3.5237999982200563,0.0,3.5237999982200563,851.0,Abrupt near / far change
synthetic,176,5.866666666666666,continuous,2.842299989424646,0.0,2.842299989424646,851.0,Abrupt near / far change
synthetic,176,5.866666666666666,smooth,2.8846999921370298,0.0,2.8846999921370298,851.0,Abrupt near / far change
synthetic,177,5.9,legacy_3,0.9948000079020858,0.0,0.9948000079020858,6312.0,Abrupt near / far change
synthetic,177,5.9,thin_3,4.3913999979849905,0.0,4.3913999979849905,2885.0,Abrupt near / far change
synthetic,177,5.9,banded,4.5063000288791955,0.0,4.5063000288791955,851.0,Abrupt near / far change
synthetic,177,5.9,continuous,3.493299998808652,0.0,3.493299998808652,851.0,Abrupt near / far change
synthetic,177,5.9,smooth,2.7392000192776322,0.0,2.7392000192776322,851.0,Abrupt near / far change
synthetic,178,5.933333333333334,legacy_3,0.6913999968674034,0.0,0.6913999968674034,6312.0,Abrupt near / far change
synthetic,178,5.933333333333334,thin_3,3.1497000018134713,0.0,3.1497000018134713,2885.0,Abrupt near / far change
synthetic,178,5.933333333333334,banded,4.590700002154335,0.0,4.590700002154335,851.0,Abrupt near / far change
synthetic,178,5.933333333333334,continuous,4.241000016918406,0.0,4.241000016918406,851.0,Abrupt near / far change
synthetic,178,5.933333333333334,smooth,3.3876999805215746,0.0,3.3876999805215746,851.0,Abrupt near / far change
synthetic,179,5.966666666666667,legacy_3,0.6417999975383282,0.0,0.6417999975383282,6312.0,Abrupt near / far change
synthetic,179,5.966666666666667,thin_3,3.5714000114239752,0.0,3.5714000114239752,2885.0,Abrupt near / far change
synthetic,179,5.966666666666667,banded,3.562099998816848,0.0,3.562099998816848,851.0,Abrupt near / far change
synthetic,179,5.966666666666667,continuous,2.665100008016452,0.0,2.665100008016452,851.0,Abrupt near / far change
synthetic,179,5.966666666666667,smooth,2.61950001004152,0.0,2.61950001004152,851.0,Abrupt near / far change
synthetic,180,6.0,legacy_3,0.8751999994274229,0.0,0.8751999994274229,6312.0,stale
synthetic,180,6.0,thin_3,2.1803999843541533,0.0,2.1803999843541533,2885.0,stale
synthetic,180,6.0,banded,2.002699999138713,0.0,2.002699999138713,851.0,stale
synthetic,180,6.0,continuous,2.4828000168781728,0.0,2.4828000168781728,851.0,stale
synthetic,180,6.0,smooth,3.534199990099296,0.0,3.534199990099296,851.0,stale
synthetic,181,6.033333333333333,legacy_3,0.4160999960731715,0.0,0.4160999960731715,6312.0,stale
synthetic,181,6.033333333333333,thin_3,2.3392000002786517,0.0,2.3392000002786517,2885.0,stale
synthetic,181,6.033333333333333,banded,3.0329999863170087,0.0,3.0329999863170087,851.0,stale
synthetic,181,6.033333333333333,continuous,2.5932999851647764,0.0,2.5932999851647764,851.0,stale
synthetic,181,6.033333333333333,smooth,2.516500011552125,0.0,2.516500011552125,851.0,stale
synthetic,182,6.066666666666666,legacy_3,1.1562000145204365,0.0,1.1562000145204365,6312.0,stale
synthetic,182,6.066666666666666,thin_3,2.140199998393655,0.0,2.140199998393655,2885.0,stale
synthetic,182,6.066666666666666,banded,3.111099998932332,0.0,3.111099998932332,851.0,stale
synthetic,182,6.066666666666666,continuous,2.606599999126047,0.0,2.606599999126047,851.0,stale
synthetic,182,6.066666666666666,smooth,4.33080000220798,0.0,4.33080000220798,851.0,stale
synthetic,183,6.1,legacy_3,0.4411999834701419,0.0,0.4411999834701419,6312.0,stale
synthetic,183,6.1,thin_3,2.5220000243280083,0.0,2.5220000243280083,2885.0,stale
synthetic,183,6.1,banded,2.9847999976482242,0.0,2.9847999976482242,851.0,stale
synthetic,183,6.1,continuous,3.7456999998539686,0.0,3.7456999998539686,851.0,stale
synthetic,183,6.1,smooth,3.017800016095862,0.0,3.017800016095862,851.0,stale
synthetic,184,6.133333333333334,legacy_3,0.6689999718219042,0.0,0.6689999718219042,6312.0,stale
synthetic,184,6.133333333333334,thin_3,3.45810002181679,0.0,3.45810002181679,2885.0,stale
synthetic,184,6.133333333333334,banded,3.9945000025909394,0.0,3.9945000025909394,851.0,stale
synthetic,184,6.133333333333334,continuous,5.0648000033106655,0.0,5.0648000033106655,851.0,stale
synthetic,184,6.133333333333334,smooth,3.6881999985780567,0.0,3.6881999985780567,851.0,stale
synthetic,185,6.166666666666667,legacy_3,1.0618000233080238,0.0,1.0618000233080238,6312.0,stale
synthetic,185,6.166666666666667,thin_3,5.262399994535372,0.0,5.262399994535372,2885.0,stale
synthetic,185,6.166666666666667,banded,4.014599981019273,0.0,4.014599981019273,851.0,stale
synthetic,185,6.166666666666667,continuous,4.457899980479851,0.0,4.457899980479851,851.0,stale
synthetic,185,6.166666666666667,smooth,4.371199989691377,0.0,4.371199989691377,851.0,stale
synthetic,186,6.2,legacy_3,1.2584000069182366,0.0,1.2584000069182366,6312.0,stale
synthetic,186,6.2,thin_3,2.1972999966237694,0.0,2.1972999966237694,2885.0,stale
synthetic,186,6.2,banded,2.7852999919559807,0.0,2.7852999919559807,851.0,stale
synthetic,186,6.2,continuous,3.4039999882224947,0.0,3.4039999882224947,851.0,stale
synthetic,186,6.2,smooth,4.550399986328557,0.0,4.550399986328557,851.0,stale
synthetic,187,6.233333333333333,legacy_3,1.054299995303154,0.0,1.054299995303154,6312.0,stale
synthetic,187,6.233333333333333,thin_3,4.3027000210713595,0.0,4.3027000210713595,2885.0,stale
synthetic,187,6.233333333333333,banded,3.661199996713549,0.0,3.661199996713549,851.0,stale
synthetic,187,6.233333333333333,continuous,2.9400999774225056,0.0,2.9400999774225056,851.0,stale
synthetic,187,6.233333333333333,smooth,2.705099992454052,0.0,2.705099992454052,851.0,stale
synthetic,188,6.266666666666667,legacy_3,0.5556999822147191,0.0,0.5556999822147191,6312.0,stale
synthetic,188,6.266666666666667,thin_3,3.9004000136628747,0.0,3.9004000136628747,2885.0,stale
synthetic,188,6.266666666666667,banded,3.3260000054724514,0.0,3.3260000054724514,851.0,stale
synthetic,188,6.266666666666667,continuous,2.634900010889396,0.0,2.634900010889396,851.0,stale
synthetic,188,6.266666666666667,smooth,3.621599986217916,0.0,3.621599986217916,851.0,stale
synthetic,189,6.3,legacy_3,0.44460000935941935,0.0,0.44460000935941935,6312.0,stale
synthetic,189,6.3,thin_3,2.258399996208027,0.0,2.258399996208027,2885.0,stale
synthetic,189,6.3,banded,2.4341999960597605,0.0,2.4341999960597605,851.0,stale
synthetic,189,6.3,continuous,2.5240999821107835,0.0,2.5240999821107835,851.0,stale
synthetic,189,6.3,smooth,2.5735000090207905,0.0,2.5735000090207905,851.0,stale
synthetic,190,6.333333333333333,legacy_3,0.5006999999750406,0.0,0.5006999999750406,6312.0,stale
synthetic,190,6.333333333333333,thin_3,2.0454000041354448,0.0,2.0454000041354448,2885.0,stale
synthetic,190,6.333333333333333,banded,2.0382000075187534,0.0,2.0382000075187534,851.0,stale
synthetic,190,6.333333333333333,continuous,2.6459000073373318,0.0,2.6459000073373318,851.0,stale
synthetic,190,6.333333333333333,smooth,2.58689999463968,0.0,2.58689999463968,851.0,stale
synthetic,191,6.366666666666666,legacy_3,0.59120001969859,0.0,0.59120001969859,6312.0,stale
synthetic,191,6.366666666666666,thin_3,2.1969999943394214,0.0,2.1969999943394214,2885.0,stale
synthetic,191,6.366666666666666,banded,1.82679999852553,0.0,1.82679999852553,851.0,stale
synthetic,191,6.366666666666666,continuous,2.4287999840453267,0.0,2.4287999840453267,851.0,stale
synthetic,191,6.366666666666666,smooth,2.6619999844115227,0.0,2.6619999844115227,851.0,stale
synthetic,192,6.4,legacy_3,0.9428999910596758,0.0,0.9428999910596758,6312.0,stale
synthetic,192,6.4,thin_3,2.2357999987434596,0.0,2.2357999987434596,2885.0,stale
synthetic,192,6.4,banded,2.0382000075187534,0.0,2.0382000075187534,851.0,stale
synthetic,192,6.4,continuous,2.500500006135553,0.0,2.500500006135553,851.0,stale
synthetic,192,6.4,smooth,2.729700005147606,0.0,2.729700005147606,851.0,stale
synthetic,193,6.433333333333334,legacy_3,0.8313999860547483,0.0,0.8313999860547483,6312.0,stale
synthetic,193,6.433333333333334,thin_3,4.740400006994605,0.0,4.740400006994605,2885.0,stale
synthetic,193,6.433333333333334,banded,4.200499999569729,0.0,4.200499999569729,851.0,stale
synthetic,193,6.433333333333334,continuous,5.171800003154203,0.0,5.171800003154203,851.0,stale
synthetic,193,6.433333333333334,smooth,3.937800007406622,0.0,3.937800007406622,851.0,stale
synthetic,194,6.466666666666667,legacy_3,0.823200010927394,0.0,0.823200010927394,6312.0,stale
synthetic,194,6.466666666666667,thin_3,3.628600010415539,0.0,3.628600010415539,2885.0,stale
synthetic,194,6.466666666666667,banded,2.687200001673773,0.0,2.687200001673773,851.0,stale
synthetic,194,6.466666666666667,continuous,5.069699982414022,0.0,5.069699982414022,851.0,stale
synthetic,194,6.466666666666667,smooth,2.936100005172193,0.0,2.936100005172193,851.0,stale
synthetic,195,6.5,legacy_3,1.078999979654327,0.0,1.078999979654327,6312.0,stale
synthetic,195,6.5,thin_3,2.8628000000026077,0.0,2.8628000000026077,2885.0,stale
synthetic,195,6.5,banded,3.924899996491149,0.0,3.924899996491149,851.0,stale
synthetic,195,6.5,continuous,3.931999992346391,0.0,3.931999992346391,851.0,stale
synthetic,195,6.5,smooth,3.399900015210733,0.0,3.399900015210733,851.0,stale
synthetic,196,6.533333333333333,legacy_3,0.8806000114418566,0.0,0.8806000114418566,6312.0,stale
synthetic,196,6.533333333333333,thin_3,2.976699994178489,0.0,2.976699994178489,2885.0,stale
synthetic,196,6.533333333333333,banded,2.467800019076094,0.0,2.467800019076094,851.0,stale
synthetic,196,6.533333333333333,continuous,2.5624000118114054,0.0,2.5624000118114054,851.0,stale
synthetic,196,6.533333333333333,smooth,2.5294000224675983,0.0,2.5294000224675983,851.0,stale
synthetic,197,6.566666666666666,legacy_3,0.42440000106580555,0.0,0.42440000106580555,6312.0,stale
synthetic,197,6.566666666666666,thin_3,2.792600018437952,0.0,2.792600018437952,2885.0,stale
synthetic,197,6.566666666666666,banded,2.1493000094778836,0.0,2.1493000094778836,851.0,stale
synthetic,197,6.566666666666666,continuous,2.6757000014185905,0.0,2.6757000014185905,851.0,stale
synthetic,197,6.566666666666666,smooth,2.7049999916926026,0.0,2.7049999916926026,851.0,stale
synthetic,198,6.6,legacy_3,0.9743999980855733,0.0,0.9743999980855733,6312.0,stale
synthetic,198,6.6,thin_3,2.503600000636652,0.0,2.503600000636652,2885.0,stale
synthetic,198,6.6,banded,3.716600011102855,0.0,3.716600011102855,851.0,stale
synthetic,198,6.6,continuous,2.744899975368753,0.0,2.744899975368753,851.0,stale
synthetic,198,6.6,smooth,2.6304000057280064,0.0,2.6304000057280064,851.0,stale
synthetic,199,6.633333333333334,legacy_3,0.5720000190194696,0.0,0.5720000190194696,6312.0,stale
synthetic,199,6.633333333333334,thin_3,2.1844000148121268,0.0,2.1844000148121268,2885.0,stale
synthetic,199,6.633333333333334,banded,1.9730000058189034,0.0,1.9730000058189034,851.0,stale
synthetic,199,6.633333333333334,continuous,2.415299997664988,0.0,2.415299997664988,851.0,stale
synthetic,199,6.633333333333334,smooth,3.032400010852143,0.0,3.032400010852143,851.0,stale
synthetic,200,6.666666666666667,legacy_3,0.4131999739911407,0.0,0.4131999739911407,6312.0,stale
synthetic,200,6.666666666666667,thin_3,2.6283999904990196,0.0,2.6283999904990196,2885.0,stale
synthetic,200,6.666666666666667,banded,1.9068999972660094,0.0,1.9068999972660094,851.0,stale
synthetic,200,6.666666666666667,continuous,2.5781000149436295,0.0,2.5781000149436295,851.0,stale
synthetic,200,6.666666666666667,smooth,2.7240999916102737,0.0,2.7240999916102737,851.0,stale
synthetic,201,6.7,legacy_3,0.5783999804407358,0.0,0.5783999804407358,6312.0,stale
synthetic,201,6.7,thin_3,2.2727999894414097,0.0,2.2727999894414097,2885.0,stale
synthetic,201,6.7,banded,2.0822999940719455,0.0,2.0822999940719455,851.0,stale
synthetic,201,6.7,continuous,2.3339999897871166,0.0,2.3339999897871166,851.0,stale
synthetic,201,6.7,smooth,2.3846999974921346,0.0,2.3846999974921346,851.0,stale
synthetic,202,6.733333333333333,legacy_3,0.6353000062517822,0.0,0.6353000062517822,6312.0,stale
synthetic,202,6.733333333333333,thin_3,2.4683000228833407,0.0,2.4683000228833407,2885.0,stale
synthetic,202,6.733333333333333,banded,2.28169999900274,0.0,2.28169999900274,851.0,stale
synthetic,202,6.733333333333333,continuous,2.616400015540421,0.0,2.616400015540421,851.0,stale
synthetic,202,6.733333333333333,smooth,2.6034000038634986,0.0,2.6034000038634986,851.0,stale
synthetic,203,6.766666666666667,legacy_3,0.7844000065233558,0.0,0.7844000065233558,6312.0,stale
synthetic,203,6.766666666666667,thin_3,2.253199985716492,0.0,2.253199985716492,2885.0,stale
synthetic,203,6.766666666666667,banded,2.1835999796167016,0.0,2.1835999796167016,851.0,stale
synthetic,203,6.766666666666667,continuous,2.833600010490045,0.0,2.833600010490045,851.0,stale
synthetic,203,6.766666666666667,smooth,3.278599993791431,0.0,3.278599993791431,851.0,stale
synthetic,204,6.8,legacy_3,0.528500007931143,0.0,0.528500007931143,6312.0,stale
synthetic,204,6.8,thin_3,2.5492999993730336,0.0,2.5492999993730336,2885.0,stale
synthetic,204,6.8,banded,2.530300000216812,0.0,2.530300000216812,851.0,stale
synthetic,204,6.8,continuous,2.6197999832220376,0.0,2.6197999832220376,851.0,stale
synthetic,204,6.8,smooth,2.5427000073250383,0.0,2.5427000073250383,851.0,stale
synthetic,205,6.833333333333333,legacy_3,0.43719998211599886,0.0,0.43719998211599886,6312.0,stale
synthetic,205,6.833333333333333,thin_3,3.6792999890167266,0.0,3.6792999890167266,2885.0,stale
synthetic,205,6.833333333333333,banded,2.221400005510077,0.0,2.221400005510077,851.0,stale
synthetic,205,6.833333333333333,continuous,4.235200001858175,0.0,4.235200001858175,851.0,stale
synthetic,205,6.833333333333333,smooth,2.4195000005420297,0.0,2.4195000005420297,851.0,stale
synthetic,206,6.866666666666666,legacy_3,0.583200016990304,0.0,0.583200016990304,6312.0,stale
synthetic,206,6.866666666666666,thin_3,3.512299997964874,0.0,3.512299997964874,2885.0,stale
synthetic,206,6.866666666666666,banded,2.1597000013571233,0.0,2.1597000013571233,851.0,stale
synthetic,206,6.866666666666666,continuous,2.547200012486428,0.0,2.547200012486428,851.0,stale
synthetic,206,6.866666666666666,smooth,2.486600016709417,0.0,2.486600016709417,851.0,stale
synthetic,207,6.9,legacy_3,0.45300001511350274,0.0,0.45300001511350274,6312.0,stale
synthetic,207,6.9,thin_3,2.5896999868564308,0.0,2.5896999868564308,2885.0,stale
synthetic,207,6.9,banded,3.545599989593029,0.0,3.545599989593029,851.0,stale
synthetic,207,6.9,continuous,2.722500008530915,0.0,2.722500008530915,851.0,stale
synthetic,207,6.9,smooth,2.571100019849837,0.0,2.571100019849837,851.0,stale
synthetic,208,6.933333333333334,legacy_3,0.9472999954596162,0.0,0.9472999954596162,6312.0,stale
synthetic,208,6.933333333333334,thin_3,2.3222999880090356,0.0,2.3222999880090356,2885.0,stale
synthetic,208,6.933333333333334,banded,4.0551999991294,0.0,4.0551999991294,851.0,stale
synthetic,208,6.933333333333334,continuous,2.4839000252541155,0.0,2.4839000252541155,851.0,stale
synthetic,208,6.933333333333334,smooth,2.4750000156927854,0.0,2.4750000156927854,851.0,stale
synthetic,209,6.966666666666667,legacy_3,0.42719999328255653,0.0,0.42719999328255653,6312.0,stale
synthetic,209,6.966666666666667,thin_3,2.326399990124628,0.0,2.326399990124628,2885.0,stale
synthetic,209,6.966666666666667,banded,2.065599983325228,0.0,2.065599983325228,851.0,stale
synthetic,209,6.966666666666667,continuous,2.498300018487498,0.0,2.498300018487498,851.0,stale
synthetic,209,6.966666666666667,smooth,2.4486999900545925,0.0,2.4486999900545925,851.0,stale
synthetic,210,7.0,legacy_3,0.9221999789588153,0.0,0.9221999789588153,6312.0,Invalid depth strip -> thin fallback
synthetic,210,7.0,thin_3,3.426700015552342,0.0,3.426700015552342,2885.0,Invalid depth strip -> thin fallback
synthetic,210,7.0,banded,2.7415000076871365,0.0,2.7415000076871365,1363.0,Invalid depth strip -> thin fallback
synthetic,210,7.0,continuous,2.903199987486005,0.0,2.903199987486005,1466.3314208984375,Invalid depth strip -> thin fallback
synthetic,210,7.0,smooth,2.757900016149506,0.0,2.757900016149506,1466.3314208984375,Invalid depth strip -> thin fallback
synthetic,211,7.033333333333333,legacy_3,0.4755999834742397,0.0,0.4755999834742397,6312.0,Invalid depth strip -> thin fallback
synthetic,211,7.033333333333333,thin_3,2.2757000115234405,0.0,2.2757000115234405,2885.0,Invalid depth strip -> thin fallback
synthetic,211,7.033333333333333,banded,2.5944999943021685,0.0,2.5944999943021685,1399.0,Invalid depth strip -> thin fallback
synthetic,211,7.033333333333333,continuous,3.093000006629154,0.0,3.093000006629154,1485.33935546875,Invalid depth strip -> thin fallback
synthetic,211,7.033333333333333,smooth,3.3881000126712024,0.0,3.3881000126712024,1475.580078125,Invalid depth strip -> thin fallback
synthetic,212,7.066666666666666,legacy_3,0.6252000166568905,0.0,0.6252000166568905,6312.0,Invalid depth strip -> thin fallback
synthetic,212,7.066666666666666,thin_3,2.585199981695041,0.0,2.585199981695041,2885.0,Invalid depth strip -> thin fallback
synthetic,212,7.066666666666666,banded,3.0242000066209584,0.0,3.0242000066209584,1429.0,Invalid depth strip -> thin fallback
synthetic,212,7.066666666666666,continuous,2.7122999890707433,0.0,2.7122999890707433,1504.891845703125,Invalid depth strip -> thin fallback
synthetic,212,7.066666666666666,smooth,3.04030001279898,0.0,3.04030001279898,1489.842041015625,Invalid depth strip -> thin fallback
synthetic,213,7.1,legacy_3,0.5293999856803566,0.0,0.5293999856803566,6312.0,Invalid depth strip -> thin fallback
synthetic,213,7.1,thin_3,2.3203000018838793,0.0,2.3203000018838793,2885.0,Invalid depth strip -> thin fallback
synthetic,213,7.1,banded,2.4923000019043684,0.0,2.4923000019043684,1457.0,Invalid depth strip -> thin fallback
synthetic,213,7.1,continuous,3.0001000268384814,0.0,3.0001000268384814,1524.910400390625,Invalid depth strip -> thin fallback
synthetic,213,7.1,smooth,2.9002999945078045,0.0,2.9002999945078045,1506.914794921875,Invalid depth strip -> thin fallback
synthetic,214,7.133333333333334,legacy_3,0.8542000141460449,0.0,0.8542000141460449,6312.0,Invalid depth strip -> thin fallback
synthetic,214,7.133333333333334,thin_3,2.6529000024311244,0.0,2.6529000024311244,2885.0,Invalid depth strip -> thin fallback
synthetic,214,7.133333333333334,banded,4.048700007842854,0.0,4.048700007842854,1501.0,Invalid depth strip -> thin fallback
synthetic,214,7.133333333333334,continuous,3.490400005830452,0.0,3.490400005830452,1545.1231689453125,Invalid depth strip -> thin fallback
synthetic,214,7.133333333333334,smooth,2.9424999956972897,0.0,2.9424999956972897,1525.617431640625,Invalid depth strip -> thin fallback
synthetic,215,7.166666666666667,legacy_3,0.5637999856844544,0.0,0.5637999856844544,6312.0,Invalid depth strip -> thin fallback
synthetic,215,7.166666666666667,thin_3,3.885599988279864,0.0,3.885599988279864,2885.0,Invalid depth strip -> thin fallback
synthetic,215,7.166666666666667,banded,4.2622999753803015,0.0,4.2622999753803015,1541.0,Invalid depth strip -> thin fallback
synthetic,215,7.166666666666667,continuous,3.296999988378957,0.0,3.296999988378957,1565.646484375,Invalid depth strip -> thin fallback
synthetic,215,7.166666666666667,smooth,3.5275999980513006,0.0,3.5275999980513006,1545.124267578125,Invalid depth strip -> thin fallback
synthetic,216,7.2,legacy_3,0.8873000042513013,0.0,0.8873000042513013,6312.0,Invalid depth strip -> thin fallback
synthetic,216,7.2,thin_3,2.660400001332164,0.0,2.660400001332164,2885.0,Invalid depth strip -> thin fallback
synthetic,216,7.2,banded,2.410399989457801,0.0,2.410399989457801,1581.0,Invalid depth strip -> thin fallback
synthetic,216,7.2,continuous,2.6431999867781997,0.0,2.6431999867781997,1586.3839111328125,Invalid depth strip -> thin fallback
synthetic,216,7.2,smooth,3.094200015766546,0.0,3.094200015766546,1565.253173828125,Invalid depth strip -> thin fallback
synthetic,217,7.233333333333333,legacy_3,0.46419998398050666,0.0,0.46419998398050666,6312.0,Invalid depth strip -> thin fallback
synthetic,217,7.233333333333333,thin_3,2.1394000214058906,0.0,2.1394000214058906,2885.0,Invalid depth strip -> thin fallback
synthetic,217,7.233333333333333,banded,2.283300011185929,0.0,2.283300011185929,1621.0,Invalid depth strip -> thin fallback
synthetic,217,7.233333333333333,continuous,2.950900001451373,0.0,2.950900001451373,1607.328857421875,Invalid depth strip -> thin fallback
synthetic,217,7.233333333333333,smooth,4.162400000495836,0.0,4.162400000495836,1585.7564697265625,Invalid depth strip -> thin fallback
synthetic,218,7.266666666666667,legacy_3,1.12749999971129,0.0,1.12749999971129,6312.0,Invalid depth strip -> thin fallback
synthetic,218,7.266666666666667,thin_3,3.972800011979416,0.0,3.972800011979416,2885.0,Invalid depth strip -> thin fallback
synthetic,218,7.266666666666667,banded,3.3964999893214554,0.0,3.3964999893214554,1652.0,Invalid depth strip -> thin fallback
synthetic,218,7.266666666666667,continuous,3.9318999915849417,0.0,3.9318999915849417,1628.4749755859375,Invalid depth strip -> thin fallback
synthetic,218,7.266666666666667,smooth,2.9409000126179308,0.0,2.9409000126179308,1606.5498046875,Invalid depth strip -> thin fallback
synthetic,219,7.3,legacy_3,0.8388000132981688,0.0,0.8388000132981688,6312.0,Invalid depth strip -> thin fallback
synthetic,219,7.3,thin_3,2.2911999840289354,0.0,2.2911999840289354,2885.0,Invalid depth strip -> thin fallback
synthetic,219,7.3,banded,2.343600004678592,0.0,2.343600004678592,1670.0,Invalid depth strip -> thin fallback
synthetic,219,7.3,continuous,3.0203000060282648,0.0,3.0203000060282648,1649.7879638671875,Invalid depth strip -> thin fallback
synthetic,219,7.3,smooth,2.8597000055015087,0.0,2.8597000055015087,1627.587646484375,Invalid depth strip -> thin fallback
synthetic,220,7.333333333333333,legacy_3,0.4776999994646758,0.0,0.4776999994646758,6312.0,Invalid depth strip -> thin fallback
synthetic,220,7.333333333333333,thin_3,3.435199992964044,0.0,3.435199992964044,2885.0,Invalid depth strip -> thin fallback
synthetic,220,7.333333333333333,banded,2.8418999863788486,0.0,2.8418999863788486,1692.0,Invalid depth strip -> thin fallback
synthetic,220,7.333333333333333,continuous,2.865999995265156,0.0,2.865999995265156,1671.220458984375,Invalid depth strip -> thin fallback
synthetic,220,7.333333333333333,smooth,2.7982000028714538,0.0,2.7982000028714538,1648.8173828125,Invalid depth strip -> thin fallback
synthetic,221,7.366666666666666,legacy_3,1.043800002662465,0.0,1.043800002662465,6312.0,Invalid depth strip -> thin fallback
synthetic,221,7.366666666666666,thin_3,4.399199999170378,0.0,4.399199999170378,2885.0,Invalid depth strip -> thin fallback
synthetic,221,7.366666666666666,banded,3.5337999870534986,0.0,3.5337999870534986,1712.0,Invalid depth strip -> thin fallback
synthetic,221,7.366666666666666,continuous,3.4670000022742897,0.0,3.4670000022742897,1692.729248046875,Invalid depth strip -> thin fallback
synthetic,221,7.366666666666666,smooth,3.3036999811884016,0.0,3.3036999811884016,1670.182861328125,Invalid depth strip -> thin fallback
synthetic,222,7.4,legacy_3,0.9139000030700117,0.0,0.9139000030700117,6312.0,Invalid depth strip -> thin fallback
synthetic,222,7.4,thin_3,2.358799974899739,0.0,2.358799974899739,2885.0,Invalid depth strip -> thin fallback
synthetic,222,7.4,banded,2.5597999920137227,0.0,2.5597999920137227,1730.0,Invalid depth strip -> thin fallback
synthetic,222,7.4,continuous,2.849699987564236,0.0,2.849699987564236,1714.2720947265625,Invalid depth strip -> thin fallback
synthetic,222,7.4,smooth,2.904199995100498,0.0,2.904199995100498,1691.634765625,Invalid depth strip -> thin fallback
synthetic,223,7.433333333333334,legacy_3,0.44329999946057796,0.0,0.44329999946057796,6312.0,Invalid depth strip -> thin fallback
synthetic,223,7.433333333333334,thin_3,2.803400013362989,0.0,2.803400013362989,2885.0,Invalid depth strip -> thin fallback
synthetic,223,7.433333333333334,banded,2.70100001944229,0.0,2.70100001944229,1752.0,Invalid depth strip -> thin fallback
synthetic,223,7.433333333333334,continuous,3.818400000454858,0.0,3.818400000454858,1735.8116455078125,Invalid depth strip -> thin fallback
synthetic,223,7.433333333333334,smooth,4.811299993889406,0.0,4.811299993889406,1713.129150390625,Invalid depth strip -> thin fallback
synthetic,224,7.466666666666667,legacy_3,1.045699988026172,0.0,1.045699988026172,6312.0,Invalid depth strip -> thin fallback
synthetic,224,7.466666666666667,thin_3,2.079099998809397,0.0,2.079099998809397,2885.0,Invalid depth strip -> thin fallback
synthetic,224,7.466666666666667,banded,2.7089999930467457,0.0,2.7089999930467457,1772.0,Invalid depth strip -> thin fallback
synthetic,224,7.466666666666667,continuous,2.9433999734465033,0.0,2.9433999734465033,1757.311279296875,Invalid depth strip -> thin fallback
synthetic,224,7.466666666666667,smooth,4.294599988497794,0.0,4.294599988497794,1734.626220703125,Invalid depth strip -> thin fallback
synthetic,225,7.5,legacy_3,0.604200002271682,0.0,0.604200002271682,6312.0,Invalid depth strip -> thin fallback
synthetic,225,7.5,thin_3,3.4838999854400754,0.0,3.4838999854400754,2885.0,Invalid depth strip -> thin fallback
synthetic,225,7.5,banded,2.6694000116549432,0.0,2.6694000116549432,1794.0,Invalid depth strip -> thin fallback
synthetic,225,7.5,continuous,2.8506999951787293,0.0,2.8506999951787293,1778.7398681640625,Invalid depth strip -> thin fallback
synthetic,225,7.5,smooth,3.053099993849173,0.0,3.053099993849173,1756.090087890625,Invalid depth strip -> thin fallback
synthetic,226,7.533333333333333,legacy_3,0.523599999723956,0.0,0.523599999723956,6312.0,Invalid depth strip -> thin fallback
synthetic,226,7.533333333333333,thin_3,2.906099980464205,0.0,2.906099980464205,2885.0,Invalid depth strip -> thin fallback
synthetic,226,7.533333333333333,banded,2.730200008954853,0.0,2.730200008954853,1814.0,Invalid depth strip -> thin fallback
synthetic,226,7.533333333333333,continuous,2.974000002723187,0.0,2.974000002723187,1800.0689697265625,Invalid depth strip -> thin fallback
synthetic,226,7.533333333333333,smooth,3.2702000171411783,0.0,3.2702000171411783,1777.48828125,Invalid depth strip -> thin fallback
synthetic,227,7.566666666666666,legacy_3,0.9914999827742577,0.0,0.9914999827742577,6312.0,Invalid depth strip -> thin fallback
synthetic,227,7.566666666666666,thin_3,3.6825000133831054,0.0,3.6825000133831054,2885.0,Invalid depth strip -> thin fallback
synthetic,227,7.566666666666666,banded,3.4410000080242753,0.0,3.4410000080242753,1831.0,Invalid depth strip -> thin fallback
synthetic,227,7.566666666666666,continuous,3.047200007131323,0.0,3.047200007131323,1821.273193359375,Invalid depth strip -> thin fallback
synthetic,227,7.566666666666666,smooth,2.9057000065222383,0.0,2.9057000065222383,1798.792236328125,Invalid depth strip -> thin fallback
synthetic,228,7.6,legacy_3,0.9938000002875924,0.0,0.9938000002875924,6312.0,Invalid depth strip -> thin fallback
synthetic,228,7.6,thin_3,4.219299997203052,0.0,4.219299997203052,2885.0,Invalid depth strip -> thin fallback
synthetic,228,7.6,banded,2.4716999905649573,0.0,2.4716999905649573,1836.0,Invalid depth strip -> thin fallback
synthetic,228,7.6,continuous,3.002899989951402,0.0,3.002899989951402,1842.33203125,Invalid depth strip -> thin fallback
synthetic,228,7.6,smooth,2.9283000039868057,0.0,2.9283000039868057,1819.976806640625,Invalid depth strip -> thin fallback
synthetic,229,7.633333333333334,legacy_3,0.5874000198673457,0.0,0.5874000198673457,6312.0,Invalid depth strip -> thin fallback
synthetic,229,7.633333333333334,thin_3,2.246000018203631,0.0,2.246000018203631,2885.0,Invalid depth strip -> thin fallback
synthetic,229,7.633333333333334,banded,2.2671000042464584,0.0,2.2671000042464584,1850.0,Invalid depth strip -> thin fallback
synthetic,229,7.633333333333334,continuous,2.7064999740105122,0.0,2.7064999740105122,1863.2275390625,Invalid depth strip -> thin fallback
synthetic,229,7.633333333333334,smooth,3.0740000074729323,0.0,3.0740000074729323,1841.020751953125,Invalid depth strip -> thin fallback
synthetic,230,7.666666666666667,legacy_3,0.5167000053916126,0.0,0.5167000053916126,6312.0,Invalid depth strip -> thin fallback
synthetic,230,7.666666666666667,thin_3,2.209400001447648,0.0,2.209400001447648,2885.0,Invalid depth strip -> thin fallback
synthetic,230,7.666666666666667,banded,2.3289999808184803,0.0,2.3289999808184803,1868.0,Invalid depth strip -> thin fallback
synthetic,230,7.666666666666667,continuous,3.1503000063821673,0.0,3.1503000063821673,1883.946533203125,Invalid depth strip -> thin fallback
synthetic,230,7.666666666666667,smooth,2.738300012424588,0.0,2.738300012424588,1861.9066162109375,Invalid depth strip -> thin fallback
synthetic,231,7.7,legacy_3,0.40759998955763876,0.0,0.40759998955763876,6312.0,Invalid depth strip -> thin fallback
synthetic,231,7.7,thin_3,2.447500010021031,0.0,2.447500010021031,2885.0,Invalid depth strip -> thin fallback
synthetic,231,7.7,banded,2.6520999963395298,0.0,2.6520999963395298,1887.0,Invalid depth strip -> thin fallback
synthetic,231,7.7,continuous,2.7322999958414584,0.0,2.7322999958414584,1904.47802734375,Invalid depth strip -> thin fallback
synthetic,231,7.7,smooth,2.667499997187406,0.0,2.667499997187406,1882.6199951171875,Invalid depth strip -> thin fallback
synthetic,232,7.733333333333333,legacy_3,0.6052000098861754,0.0,0.6052000098861754,6312.0,Invalid depth strip -> thin fallback
synthetic,232,7.733333333333333,thin_3,2.005799993639812,0.0,2.005799993639812,2885.0,Invalid depth strip -> thin fallback
synthetic,232,7.733333333333333,banded,2.8827000060118735,0.0,2.8827000060118735,1907.0,Invalid depth strip -> thin fallback
synthetic,232,7.733333333333333,continuous,2.787500008707866,0.0,2.787500008707866,1924.96630859375,Invalid depth strip -> thin fallback
synthetic,232,7.733333333333333,smooth,4.528599994955584,0.0,4.528599994955584,1903.15087890625,Invalid depth strip -> thin fallback
synthetic,233,7.766666666666667,legacy_3,0.519599998369813,0.0,0.519599998369813,6312.0,Invalid depth strip -> thin fallback
synthetic,233,7.766666666666667,thin_3,2.291000011609867,0.0,2.291000011609867,2885.0,Invalid depth strip -> thin fallback
synthetic,233,7.766666666666667,banded,2.303999994182959,0.0,2.303999994182959,1927.0,Invalid depth strip -> thin fallback
synthetic,233,7.766666666666667,continuous,4.261800000676885,0.0,4.261800000676885,1945.33837890625,Invalid depth strip -> thin fallback
synthetic,233,7.766666666666667,smooth,2.9362999775912613,0.0,2.9362999775912613,1923.629638671875,Invalid depth strip -> thin fallback
synthetic,234,7.8,legacy_3,0.519599998369813,0.0,0.519599998369813,6312.0,Invalid depth strip -> thin fallback
synthetic,234,7.8,thin_3,3.7887000071350485,0.0,3.7887000071350485,2885.0,Invalid depth strip -> thin fallback
synthetic,234,7.8,banded,4.392999981064349,0.0,4.392999981064349,1949.0,Invalid depth strip -> thin fallback
synthetic,234,7.8,continuous,4.061599989654496,0.0,4.061599989654496,1965.51416015625,Invalid depth strip -> thin fallback
synthetic,234,7.8,smooth,3.2241999870166183,0.0,3.2241999870166183,1944.0087890625,Invalid depth strip -> thin fallback
synthetic,235,7.833333333333333,legacy_3,0.5160000000614673,0.0,0.5160000000614673,6312.0,Invalid depth strip -> thin fallback
synthetic,235,7.833333333333333,thin_3,2.7243999938946217,0.0,2.7243999938946217,2885.0,Invalid depth strip -> thin fallback
synthetic,235,7.833333333333333,banded,2.8396999987307936,0.0,2.8396999987307936,1969.0,Invalid depth strip -> thin fallback
synthetic,235,7.833333333333333,continuous,3.416399995330721,0.0,3.416399995330721,1985.495361328125,Invalid depth strip -> thin fallback
synthetic,235,7.833333333333333,smooth,2.936100005172193,0.0,2.936100005172193,1964.1944580078125,Invalid depth strip -> thin fallback
synthetic,236,7.866666666666666,legacy_3,0.9801000123843551,0.0,0.9801000123843551,6312.0,Invalid depth strip -> thin fallback
synthetic,236,7.866666666666666,thin_3,2.5363999884575605,0.0,2.5363999884575605,2885.0,Invalid depth strip -> thin fallback
synthetic,236,7.866666666666666,banded,4.101800004718825,0.0,4.101800004718825,1989.0,Invalid depth strip -> thin fallback
synthetic,236,7.866666666666666,continuous,3.2171999919228256,0.0,3.2171999919228256,2005.28857421875,Invalid depth strip -> thin fallback
synthetic,236,7.866666666666666,smooth,2.900000021327287,0.0,2.900000021327287,1984.189208984375,Invalid depth strip -> thin fallback
synthetic,237,7.9,legacy_3,0.49989999388344586,0.0,0.49989999388344586,6312.0,Invalid depth strip -> thin fallback
synthetic,237,7.9,thin_3,2.344500011531636,0.0,2.344500011531636,2885.0,Invalid depth strip -> thin fallback
synthetic,237,7.9,banded,2.265600021928549,0.0,2.265600021928549,2007.0,Invalid depth strip -> thin fallback
synthetic,237,7.9,continuous,2.899799990700558,0.0,2.899799990700558,2024.903076171875,Invalid depth strip -> thin fallback
synthetic,237,7.9,smooth,3.046300000278279,0.0,3.046300000278279,2003.9989013671875,Invalid depth strip -> thin fallback
synthetic,238,7.933333333333334,legacy_3,0.5210000090301037,0.0,0.5210000090301037,6312.0,Invalid depth strip -> thin fallback
synthetic,238,7.933333333333334,thin_3,2.2624000266660005,0.0,2.2624000266660005,2885.0,Invalid depth strip -> thin fallback
synthetic,238,7.933333333333334,banded,2.517600019928068,0.0,2.517600019928068,2031.0,Invalid depth strip -> thin fallback
synthetic,238,7.933333333333334,continuous,2.87129997741431,0.0,2.87129997741431,2044.348876953125,Invalid depth strip -> thin fallback
synthetic,238,7.933333333333334,smooth,2.92470000567846,0.0,2.92470000567846,2023.632080078125,Invalid depth strip -> thin fallback
synthetic,239,7.966666666666667,legacy_3,0.44899998465552926,0.0,0.44899998465552926,6312.0,Invalid depth strip -> thin fallback
synthetic,239,7.966666666666667,thin_3,2.236500004073605,0.0,2.236500004073605,2885.0,Invalid depth strip -> thin fallback
synthetic,239,7.966666666666667,banded,3.4368000051472336,0.0,3.4368000051472336,2051.0,Invalid depth strip -> thin fallback
synthetic,239,7.966666666666667,continuous,2.930500020738691,0.0,2.930500020738691,2063.6416015625,Invalid depth strip -> thin fallback
synthetic,239,7.966666666666667,smooth,2.8697999950964004,0.0,2.8697999950964004,2043.0992431640625,Invalid depth strip -> thin fallback
synthetic,240,8.0,legacy_3,0.8464999846182764,0.0,0.8464999846182764,7602.0,Moving current-frame edges / no trail buffer
synthetic,240,8.0,thin_3,2.3717000149190426,0.0,2.3717000149190426,3458.0,Moving current-frame edges / no trail buffer
synthetic,240,8.0,banded,2.3988999892026186,0.0,2.3988999892026186,2767.0,Moving current-frame edges / no trail buffer
synthetic,240,8.0,continuous,3.0029999907128513,0.0,3.0029999907128513,2836.609375,Moving current-frame edges / no trail buffer
synthetic,240,8.0,smooth,3.116900013992563,0.0,3.116900013992563,2816.15185546875,Moving current-frame edges / no trail buffer
synthetic,241,8.033333333333333,legacy_3,0.5724999937228858,0.0,0.5724999937228858,7602.0,Moving current-frame edges / no trail buffer
synthetic,241,8.033333333333333,thin_3,2.1465999889187515,0.0,2.1465999889187515,3458.0,Moving current-frame edges / no trail buffer
synthetic,241,8.033333333333333,banded,2.421900018816814,0.0,2.421900018816814,2821.0,Moving current-frame edges / no trail buffer
synthetic,241,8.033333333333333,continuous,3.044399985810742,0.0,3.044399985810742,2881.925048828125,Moving current-frame edges / no trail buffer
synthetic,241,8.033333333333333,smooth,3.114899998763576,0.0,3.114899998763576,2848.28662109375,Moving current-frame edges / no trail buffer
synthetic,242,8.066666666666666,legacy_3,1.0338000138290226,0.0,1.0338000138290226,7602.0,Moving current-frame edges / no trail buffer
synthetic,242,8.066666666666666,thin_3,2.6920000091195107,0.0,2.6920000091195107,3458.0,Moving current-frame edges / no trail buffer
synthetic,242,8.066666666666666,banded,2.690299996174872,0.0,2.690299996174872,2877.0,Moving current-frame edges / no trail buffer
synthetic,242,8.066666666666666,continuous,3.04030001279898,0.0,3.04030001279898,2928.302001953125,Moving current-frame edges / no trail buffer
synthetic,242,8.066666666666666,smooth,3.1784999882802367,0.0,3.1784999882802367,2887.58203125,Moving current-frame edges / no trail buffer
synthetic,243,8.1,legacy_3,0.8194000110961497,0.0,0.8194000110961497,7602.0,Moving current-frame edges / no trail buffer
synthetic,243,8.1,thin_3,4.034700017655268,0.0,4.034700017655268,3458.0,Moving current-frame edges / no trail buffer
synthetic,243,8.1,banded,4.588799987686798,0.0,4.588799987686798,2935.0,Moving current-frame edges / no trail buffer
synthetic,243,8.1,continuous,4.196499998215586,0.0,4.196499998215586,2975.10546875,Moving current-frame edges / no trail buffer
synthetic,243,8.1,smooth,5.462200002511963,0.0,5.462200002511963,2930.513671875,Moving current-frame edges / no trail buffer
synthetic,244,8.133333333333333,legacy_3,0.4414999857544899,0.0,0.4414999857544899,7602.0,Moving current-frame edges / no trail buffer
synthetic,244,8.133333333333333,thin_3,2.485700009856373,0.0,2.485700009856373,3458.0,Moving current-frame edges / no trail buffer
synthetic,244,8.133333333333333,banded,2.2981000074651092,0.0,2.2981000074651092,3004.0,Moving current-frame edges / no trail buffer
synthetic,244,8.133333333333333,continuous,4.451899993000552,0.0,4.451899993000552,3023.2275390625,Moving current-frame edges / no trail buffer
synthetic,244,8.133333333333333,smooth,3.801400016527623,0.0,3.801400016527623,2976.30908203125,Moving current-frame edges / no trail buffer
synthetic,245,8.166666666666666,legacy_3,0.9379000111948699,0.0,0.9379000111948699,7602.0,Moving current-frame edges / no trail buffer
synthetic,245,8.166666666666666,thin_3,2.7341000095475465,0.0,2.7341000095475465,3458.0,Moving current-frame edges / no trail buffer
synthetic,245,8.166666666666666,banded,4.607099981512874,0.0,4.607099981512874,3075.0,Moving current-frame edges / no trail buffer
synthetic,245,8.166666666666666,continuous,3.013900015503168,0.0,3.013900015503168,3072.343994140625,Moving current-frame edges / no trail buffer
synthetic,245,8.166666666666666,smooth,2.9436000040732324,0.0,2.9436000040732324,3023.9169921875,Moving current-frame edges / no trail buffer
synthetic,246,8.2,legacy_3,0.4835000145249069,0.0,0.4835000145249069,7602.0,Moving current-frame edges / no trail buffer
synthetic,246,8.2,thin_3,2.0975999941583723,0.0,2.0975999941583723,3458.0,Moving current-frame edges / no trail buffer
synthetic,246,8.2,banded,2.3163000005297363,0.0,2.3163000005297363,3123.0,Moving current-frame edges / no trail buffer
synthetic,246,8.2,continuous,3.2524000271223485,0.0,3.2524000271223485,3121.567626953125,Moving current-frame edges / no trail buffer
synthetic,246,8.2,smooth,2.989000000525266,0.0,2.989000000525266,3072.17138671875,Moving current-frame edges / no trail buffer
synthetic,247,8.233333333333333,legacy_3,0.4769999941345304,0.0,0.4769999941345304,7602.0,Moving current-frame edges / no trail buffer
synthetic,247,8.233333333333333,thin_3,2.08609999390319,0.0,2.08609999390319,3458.0,Moving current-frame edges / no trail buffer
synthetic,247,8.233333333333333,banded,2.3382999934256077,0.0,2.3382999934256077,3192.0,Moving current-frame edges / no trail buffer
synthetic,247,8.233333333333333,continuous,2.7054999954998493,0.0,2.7054999954998493,3172.622802734375,Moving current-frame edges / no trail buffer
synthetic,247,8.233333333333333,smooth,3.17209999775514,0.0,3.17209999775514,3122.33837890625,Moving current-frame edges / no trail buffer
synthetic,248,8.266666666666667,legacy_3,0.6824000156484544,0.0,0.6824000156484544,7602.0,Moving current-frame edges / no trail buffer
synthetic,248,8.266666666666667,thin_3,2.6373000000603497,0.0,2.6373000000603497,3458.0,Moving current-frame edges / no trail buffer
synthetic,248,8.266666666666667,banded,2.675499999895692,0.0,2.675499999895692,3245.0,Moving current-frame edges / no trail buffer
synthetic,248,8.266666666666667,continuous,2.96320000779815,0.0,2.96320000779815,3224.81640625,Moving current-frame edges / no trail buffer
synthetic,248,8.266666666666667,smooth,2.99140001880005,0.0,2.99140001880005,3173.7529296875,Moving current-frame edges / no trail buffer
synthetic,249,8.3,legacy_3,0.8605000039096922,0.0,0.8605000039096922,7602.0,Moving current-frame edges / no trail buffer
synthetic,249,8.3,thin_3,2.139999996870756,0.0,2.139999996870756,3458.0,Moving current-frame edges / no trail buffer
synthetic,249,8.3,banded,2.390499983448535,0.0,2.390499983448535,3295.0,Moving current-frame edges / no trail buffer
synthetic,249,8.3,continuous,3.032199980225414,0.0,3.032199980225414,3278.22998046875,Moving current-frame edges / no trail buffer
synthetic,249,8.3,smooth,2.962500002468005,0.0,2.962500002468005,3226.40478515625,Moving current-frame edges / no trail buffer
synthetic,250,8.333333333333334,legacy_3,0.5861000099685043,0.0,0.5861000099685043,7602.0,Moving current-frame edges / no trail buffer
synthetic,250,8.333333333333334,thin_3,2.1958999859634787,0.0,2.1958999859634787,3458.0,Moving current-frame edges / no trail buffer
synthetic,250,8.333333333333334,banded,2.4483000161126256,0.0,2.4483000161126256,3339.0,Moving current-frame edges / no trail buffer
synthetic,250,8.333333333333334,continuous,3.0765999981667846,0.0,3.0765999981667846,3331.19189453125,Moving current-frame edges / no trail buffer
synthetic,250,8.333333333333334,smooth,2.977700001792982,0.0,2.977700001792982,3278.834228515625,Moving current-frame edges / no trail buffer
synthetic,251,8.366666666666667,legacy_3,0.5167000053916126,0.0,0.5167000053916126,7602.0,Moving current-frame edges / no trail buffer
synthetic,251,8.366666666666667,thin_3,2.123300015227869,0.0,2.123300015227869,3458.0,Moving current-frame edges / no trail buffer
synthetic,251,8.366666666666667,banded,2.9150000191293657,0.0,2.9150000191293657,3385.0,Moving current-frame edges / no trail buffer
synthetic,251,8.366666666666667,continuous,3.05499997921288,0.0,3.05499997921288,3386.53173828125,Moving current-frame edges / no trail buffer
synthetic,251,8.366666666666667,smooth,2.8587999986484647,0.0,2.8587999986484647,3333.790283203125,Moving current-frame edges / no trail buffer
synthetic,252,8.4,legacy_3,0.44430000707507133,0.0,0.44430000707507133,7602.0,Moving current-frame edges / no trail buffer
synthetic,252,8.4,thin_3,2.293199999257922,0.0,2.293199999257922,3458.0,Moving current-frame edges / no trail buffer
synthetic,252,8.4,banded,2.573300007497892,0.0,2.573300007497892,3423.0,Moving current-frame edges / no trail buffer
synthetic,252,8.4,continuous,2.816699998220429,0.0,2.816699998220429,3443.15625,Moving current-frame edges / no trail buffer
synthetic,252,8.4,smooth,3.2469999860040843,0.0,3.2469999860040843,3389.7529296875,Moving current-frame edges / no trail buffer
synthetic,253,8.433333333333334,legacy_3,1.073399995220825,0.0,1.073399995220825,7559.0,Moving current-frame edges / no trail buffer
synthetic,253,8.433333333333334,thin_3,2.080500009469688,0.0,2.080500009469688,3458.0,Moving current-frame edges / no trail buffer
synthetic,253,8.433333333333334,banded,2.6570999762043357,0.0,2.6570999762043357,3466.0,Moving current-frame edges / no trail buffer
synthetic,253,8.433333333333334,continuous,3.093699982855469,0.0,3.093699982855469,3498.8662109375,Moving current-frame edges / no trail buffer
synthetic,253,8.433333333333334,smooth,3.2017999910749495,0.0,3.2017999910749495,3444.86572265625,Moving current-frame edges / no trail buffer
synthetic,254,8.466666666666667,legacy_3,0.49059998127631843,0.0,0.49059998127631843,7430.0,Moving current-frame edges / no trail buffer
synthetic,254,8.466666666666667,thin_3,2.8400000010151416,0.0,2.8400000010151416,3308.0,Moving current-frame edges / no trail buffer
synthetic,254,8.466666666666667,banded,3.1230000022333115,0.0,3.1230000022333115,3497.0,Moving current-frame edges / no trail buffer
synthetic,254,8.466666666666667,continuous,3.523600025800988,0.0,3.523600025800988,3492.545166015625,Moving current-frame edges / no trail buffer
synthetic,254,8.466666666666667,smooth,3.399700013687834,0.0,3.399700013687834,3438.974853515625,Moving current-frame edges / no trail buffer
synthetic,255,8.5,legacy_3,0.48320001224055886,0.0,0.48320001224055886,7307.0,Moving current-frame edges / no trail buffer
synthetic,255,8.5,thin_3,3.190499992342666,0.0,3.190499992342666,3324.0,Moving current-frame edges / no trail buffer
synthetic,255,8.5,banded,3.737100021680817,0.0,3.737100021680817,3571.0,Moving current-frame edges / no trail buffer
synthetic,255,8.5,continuous,4.576399980578572,0.0,4.576399980578572,3556.857421875,Moving current-frame edges / no trail buffer
synthetic,255,8.5,smooth,3.0778000073041767,0.0,3.0778000073041767,3502.595458984375,Moving current-frame edges / no trail buffer
synthetic,256,8.533333333333333,legacy_3,0.48180000158026814,0.0,0.48180000158026814,7421.0,Moving current-frame edges / no trail buffer
synthetic,256,8.533333333333333,thin_3,2.5753999943844974,0.0,2.5753999943844974,3337.0,Moving current-frame edges / no trail buffer
synthetic,256,8.533333333333333,banded,2.8209000010974705,0.0,2.8209000010974705,3641.0,Moving current-frame edges / no trail buffer
synthetic,256,8.533333333333333,continuous,3.924200020264834,0.0,3.924200020264834,3618.04296875,Moving current-frame edges / no trail buffer
synthetic,256,8.533333333333333,smooth,3.4180000075139105,0.0,3.4180000075139105,3563.214599609375,Moving current-frame edges / no trail buffer
synthetic,257,8.566666666666666,legacy_3,0.5003999976906925,0.0,0.5003999976906925,7592.0,Moving current-frame edges / no trail buffer
synthetic,257,8.566666666666666,thin_3,4.427600011695176,0.0,4.427600011695176,3359.0,Moving current-frame edges / no trail buffer
synthetic,257,8.566666666666666,banded,4.1483000095468014,0.0,4.1483000095468014,3711.0,Moving current-frame edges / no trail buffer
synthetic,257,8.566666666666666,continuous,4.095000011147931,0.0,4.095000011147931,3688.22900390625,Moving current-frame edges / no trail buffer
synthetic,257,8.566666666666666,smooth,3.198299993528053,0.0,3.198299993528053,3632.65869140625,Moving current-frame edges / no trail buffer
synthetic,258,8.6,legacy_3,1.0215999791398644,0.0,1.0215999791398644,7700.0,Moving current-frame edges / no trail buffer
synthetic,258,8.6,thin_3,3.491000010399148,0.0,3.491000010399148,3476.0,Moving current-frame edges / no trail buffer
synthetic,258,8.6,banded,2.730900014284998,0.0,2.730900014284998,3817.0,Moving current-frame edges / no trail buffer
synthetic,258,8.6,continuous,2.9755000141449273,0.0,2.9755000141449273,3805.88671875,Moving current-frame edges / no trail buffer
synthetic,258,8.6,smooth,2.9761000187136233,0.0,2.9761000187136233,3748.6767578125,Moving current-frame edges / no trail buffer
synthetic,259,8.633333333333333,legacy_3,1.0443000064697117,0.0,1.0443000064697117,7700.0,Moving current-frame edges / no trail buffer
synthetic,259,8.633333333333333,thin_3,2.4052000080700964,0.0,2.4052000080700964,3476.0,Moving current-frame edges / no trail buffer
synthetic,259,8.633333333333333,banded,2.513799990992993,0.0,2.513799990992993,3881.0,Moving current-frame edges / no trail buffer
synthetic,259,8.633333333333333,continuous,3.079499991144985,0.0,3.079499991144985,3870.906982421875,Moving current-frame edges / no trail buffer
synthetic,259,8.633333333333333,smooth,2.961200021672994,0.0,2.961200021672994,3813.20849609375,Moving current-frame edges / no trail buffer
synthetic,260,8.666666666666666,legacy_3,0.7815999852027744,0.0,0.7815999852027744,7700.0,Moving current-frame edges / no trail buffer
synthetic,260,8.666666666666666,thin_3,2.855800004908815,0.0,2.855800004908815,3476.0,Moving current-frame edges / no trail buffer
synthetic,260,8.666666666666666,banded,2.5972000148613006,0.0,2.5972000148613006,3943.0,Moving current-frame edges / no trail buffer
synthetic,260,8.666666666666666,continuous,3.101500013144687,0.0,3.101500013144687,3936.865966796875,Moving current-frame edges / no trail buffer
synthetic,260,8.666666666666666,smooth,2.9476000054273754,0.0,2.9476000054273754,3878.767578125,Moving current-frame edges / no trail buffer
synthetic,261,8.7,legacy_3,0.4879999905824661,0.0,0.4879999905824661,7700.0,Moving current-frame edges / no trail buffer
synthetic,261,8.7,thin_3,2.1847999887540936,0.0,2.1847999887540936,3476.0,Moving current-frame edges / no trail buffer
synthetic,261,8.7,banded,2.3215000110212713,0.0,2.3215000110212713,4006.0,Moving current-frame edges / no trail buffer
synthetic,261,8.7,continuous,3.4010999952442944,0.0,3.4010999952442944,3999.89013671875,Moving current-frame edges / no trail buffer
synthetic,261,8.7,smooth,3.320099989650771,0.0,3.320099989650771,3941.38232421875,Moving current-frame edges / no trail buffer
synthetic,262,8.733333333333333,legacy_3,0.5012000037822872,0.0,0.5012000037822872,7700.0,Moving current-frame edges / no trail buffer
synthetic,262,8.733333333333333,thin_3,2.4432999780401587,0.0,2.4432999780401587,3476.0,Moving current-frame edges / no trail buffer
synthetic,262,8.733333333333333,banded,2.928100002463907,0.0,2.928100002463907,4079.0,Moving current-frame edges / no trail buffer
synthetic,262,8.733333333333333,continuous,3.0109000217635185,0.0,3.0109000217635185,4067.6455078125,Moving current-frame edges / no trail buffer
synthetic,262,8.733333333333333,smooth,3.0218999891076237,0.0,3.0218999891076237,4008.70361328125,Moving current-frame edges / no trail buffer
synthetic,263,8.766666666666667,legacy_3,0.5101999850012362,0.0,0.5101999850012362,7700.0,Moving current-frame edges / no trail buffer
synthetic,263,8.766666666666667,thin_3,2.618999977130443,0.0,2.618999977130443,3476.0,Moving current-frame edges / no trail buffer
synthetic,263,8.766666666666667,banded,3.8123000122141093,0.0,3.8123000122141093,4159.0,Moving current-frame edges / no trail buffer
synthetic,263,8.766666666666667,continuous,3.0274000018835068,0.0,3.0274000018835068,4135.8525390625,Moving current-frame edges / no trail buffer
synthetic,263,8.766666666666667,smooth,2.9860000067856163,0.0,2.9860000067856163,4076.81640625,Moving current-frame edges / no trail buffer
synthetic,264,8.8,legacy_3,1.118800020776689,0.0,1.118800020776689,7700.0,Moving current-frame edges / no trail buffer
synthetic,264,8.8,thin_3,2.610999974422157,0.0,2.610999974422157,3476.0,Moving current-frame edges / no trail buffer
synthetic,264,8.8,banded,4.970999987563118,0.0,4.970999987563118,4231.0,Moving current-frame edges / no trail buffer
synthetic,264,8.8,continuous,3.179100021952763,0.0,3.179100021952763,4204.2626953125,Moving current-frame edges / no trail buffer
synthetic,264,8.8,smooth,2.9792000132147223,0.0,2.9792000132147223,4145.3017578125,Moving current-frame edges / no trail buffer
synthetic,265,8.833333333333334,legacy_3,1.06969999615103,0.0,1.06969999615103,7700.0,Moving current-frame edges / no trail buffer
synthetic,265,8.833333333333334,thin_3,3.8099999947007746,0.0,3.8099999947007746,3476.0,Moving current-frame edges / no trail buffer
synthetic,265,8.833333333333334,banded,2.4725999974180013,0.0,2.4725999974180013,4295.0,Moving current-frame edges / no trail buffer
synthetic,265,8.833333333333334,continuous,3.12909999047406,0.0,3.12909999047406,4268.2275390625,Moving current-frame edges / no trail buffer
synthetic,265,8.833333333333334,smooth,3.00169998081401,0.0,3.00169998081401,4209.53271484375,Moving current-frame edges / no trail buffer
synthetic,266,8.866666666666667,legacy_3,0.4425999941304326,0.0,0.4425999941304326,7700.0,Moving current-frame edges / no trail buffer
synthetic,266,8.866666666666667,thin_3,3.8810000114608556,0.0,3.8810000114608556,3476.0,Moving current-frame edges / no trail buffer
synthetic,266,8.866666666666667,banded,4.139399999985471,0.0,4.139399999985471,4370.0,Moving current-frame edges / no trail buffer
synthetic,266,8.866666666666667,continuous,3.490200004307553,0.0,3.490200004307553,4336.240234375,Moving current-frame edges / no trail buffer
synthetic,266,8.866666666666667,smooth,4.189500003121793,0.0,4.189500003121793,4277.89453125,Moving current-frame edges / no trail buffer
synthetic,267,8.9,legacy_3,0.8189999789465219,0.0,0.8189999789465219,7700.0,Moving current-frame edges / no trail buffer
synthetic,267,8.9,thin_3,2.530799974920228,0.0,2.530799974920228,3476.0,Moving current-frame edges / no trail buffer
synthetic,267,8.9,banded,2.7820999966934323,0.0,2.7820999966934323,4424.0,Moving current-frame edges / no trail buffer
synthetic,267,8.9,continuous,3.867299994453788,0.0,3.867299994453788,4403.8388671875,Moving current-frame edges / no trail buffer
synthetic,267,8.9,smooth,5.197400023462251,0.0,5.197400023462251,4346.0009765625,Moving current-frame edges / no trail buffer
synthetic,268,8.933333333333334,legacy_3,1.1784000089392066,0.0,1.1784000089392066,7700.0,Moving current-frame edges / no trail buffer
synthetic,268,8.933333333333334,thin_3,2.620199986267835,0.0,2.620199986267835,3476.0,Moving current-frame edges / no trail buffer
synthetic,268,8.933333333333334,banded,2.70389998331666,0.0,2.70389998331666,4476.0,Moving current-frame edges / no trail buffer
synthetic,268,8.933333333333334,continuous,4.658399993786588,0.0,4.658399993786588,4466.27587890625,Moving current-frame edges / no trail buffer
synthetic,268,8.933333333333334,smooth,3.028400009498,0.0,3.028400009498,4409.0791015625,Moving current-frame edges / no trail buffer
synthetic,269,8.966666666666667,legacy_3,1.0220000112894922,0.0,1.0220000112894922,7694.0,Moving current-frame edges / no trail buffer
synthetic,269,8.966666666666667,thin_3,2.2604000114370137,0.0,2.2604000114370137,3476.0,Moving current-frame edges / no trail buffer
synthetic,269,8.966666666666667,banded,2.532299986341968,0.0,2.532299986341968,4564.0,Moving current-frame edges / no trail buffer
synthetic,269,8.966666666666667,continuous,3.0547999776899815,0.0,3.0547999776899815,4532.099609375,Moving current-frame edges / no trail buffer
synthetic,269,8.966666666666667,smooth,3.012400004081428,0.0,3.012400004081428,4475.8173828125,Moving current-frame edges / no trail buffer
synthetic,270,9.0,legacy_3,0.7167000148911029,0.0,0.7167000148911029,7680.0,Moving current-frame edges / no trail buffer
synthetic,270,9.0,thin_3,2.116899995598942,0.0,2.116899995598942,3479.0,Moving current-frame edges / no trail buffer
synthetic,270,9.0,banded,4.546200012555346,0.0,4.546200012555346,4645.0,Moving current-frame edges / no trail buffer
synthetic,270,9.0,continuous,3.041599993593991,0.0,3.041599993593991,4592.494140625,Moving current-frame edges / no trail buffer
synthetic,270,9.0,smooth,2.9522000113502145,0.0,2.9522000113502145,4537.59375,Moving current-frame edges / no trail buffer
synthetic,271,9.033333333333333,legacy_3,0.4150999884586781,0.0,0.4150999884586781,7667.0,Moving current-frame edges / no trail buffer
synthetic,271,9.033333333333333,thin_3,2.818699984345585,0.0,2.818699984345585,3473.0,Moving current-frame edges / no trail buffer
synthetic,271,9.033333333333333,banded,2.7803999837487936,0.0,2.7803999837487936,4715.0,Moving current-frame edges / no trail buffer
synthetic,271,9.033333333333333,continuous,3.155199985485524,0.0,3.155199985485524,4640.89501953125,Moving current-frame edges / no trail buffer
synthetic,271,9.033333333333333,smooth,3.8730000087525696,0.0,3.8730000087525696,4587.4755859375,Moving current-frame edges / no trail buffer
synthetic,272,9.066666666666666,legacy_3,0.46880001900717616,0.0,0.46880001900717616,7549.0,Moving current-frame edges / no trail buffer
synthetic,272,9.066666666666666,thin_3,2.907799993408844,0.0,2.907799993408844,3340.0,Moving current-frame edges / no trail buffer
synthetic,272,9.066666666666666,banded,3.2970999891404063,0.0,3.2970999891404063,4590.0,Moving current-frame edges / no trail buffer
synthetic,272,9.066666666666666,continuous,3.68180000805296,0.0,3.68180000805296,4515.26904296875,Moving current-frame edges / no trail buffer
synthetic,272,9.066666666666666,smooth,3.6595999845303595,0.0,3.6595999845303595,4465.8525390625,Moving current-frame edges / no trail buffer
synthetic,273,9.1,legacy_3,0.4715000104624778,0.0,0.4715000104624778,7435.0,Moving current-frame edges / no trail buffer
synthetic,273,9.1,thin_3,3.036300011444837,0.0,3.036300011444837,3322.0,Moving current-frame edges / no trail buffer
synthetic,273,9.1,banded,4.737200011732057,0.0,4.737200011732057,4639.0,Moving current-frame edges / no trail buffer
synthetic,273,9.1,continuous,3.3681000059004873,0.0,3.3681000059004873,4542.3935546875,Moving current-frame edges / no trail buffer
synthetic,273,9.1,smooth,3.401599999051541,0.0,3.401599999051541,4494.533203125,Moving current-frame edges / no trail buffer
synthetic,274,9.133333333333333,legacy_3,1.2332999904174358,0.0,1.2332999904174358,7264.0,Moving current-frame edges / no trail buffer
synthetic,274,9.133333333333333,thin_3,4.425100021762773,0.0,4.425100021762773,3300.0,Moving current-frame edges / no trail buffer
synthetic,274,9.133333333333333,banded,3.922700008843094,0.0,3.922700008843094,4686.0,Moving current-frame edges / no trail buffer
synthetic,274,9.133333333333333,continuous,4.189300001598895,0.0,4.189300001598895,4563.8310546875,Moving current-frame edges / no trail buffer
synthetic,274,9.133333333333333,smooth,3.4241000248584896,0.0,3.4241000248584896,4517.87841796875,Moving current-frame edges / no trail buffer
synthetic,275,9.166666666666666,legacy_3,0.9943000040948391,0.0,0.9943000040948391,7363.0,Moving current-frame edges / no trail buffer
synthetic,275,9.166666666666666,thin_3,4.691700014518574,0.0,4.691700014518574,3280.0,Moving current-frame edges / no trail buffer
synthetic,275,9.166666666666666,banded,5.887600011192262,0.0,5.887600011192262,4743.0,Moving current-frame edges / no trail buffer
synthetic,275,9.166666666666666,continuous,3.8563000271096826,0.0,3.8563000271096826,4585.20361328125,Moving current-frame edges / no trail buffer
synthetic,275,9.166666666666666,smooth,3.3746999979484826,0.0,3.3746999979484826,4541.03515625,Moving current-frame edges / no trail buffer
synthetic,276,9.2,legacy_3,0.8083999855443835,0.0,0.8083999855443835,7434.0,Moving current-frame edges / no trail buffer
synthetic,276,9.2,thin_3,3.241300000809133,0.0,3.241300000809133,3267.0,Moving current-frame edges / no trail buffer
synthetic,276,9.2,banded,6.091499992180616,0.0,6.091499992180616,4793.0,Moving current-frame edges / no trail buffer
synthetic,276,9.2,continuous,7.340699987253174,0.0,7.340699987253174,4612.1806640625,Moving current-frame edges / no trail buffer
synthetic,276,9.2,smooth,6.21540000429377,0.0,6.21540000429377,4569.630859375,Moving current-frame edges / no trail buffer
synthetic,277,9.233333333333333,legacy_3,1.0279999987687916,0.0,1.0279999987687916,7501.0,Moving current-frame edges / no trail buffer
synthetic,277,9.233333333333333,thin_3,4.356999997980893,0.0,4.356999997980893,3400.0,Moving current-frame edges / no trail buffer
synthetic,277,9.233333333333333,banded,4.869700002018362,0.0,4.869700002018362,5068.0,Moving current-frame edges / no trail buffer
synthetic,277,9.233333333333333,continuous,3.8738000148441643,0.0,3.8738000148441643,4847.431640625,Moving current-frame edges / no trail buffer
synthetic,277,9.233333333333333,smooth,3.1715000222902745,0.0,3.1715000222902745,4804.791015625,Moving current-frame edges / no trail buffer
synthetic,278,9.266666666666667,legacy_3,0.522699992870912,0.0,0.522699992870912,7495.0,Moving current-frame edges / no trail buffer
synthetic,278,9.266666666666667,thin_3,2.599300001747906,0.0,2.599300001747906,3420.0,Moving current-frame edges / no trail buffer
synthetic,278,9.266666666666667,banded,2.8220000094734132,0.0,2.8220000094734132,5155.0,Moving current-frame edges / no trail buffer
synthetic,278,9.266666666666667,continuous,3.2506999850738794,0.0,3.2506999850738794,4910.24951171875,Moving current-frame edges / no trail buffer
synthetic,278,9.266666666666667,smooth,3.49949998781085,0.0,3.49949998781085,4869.556640625,Moving current-frame edges / no trail buffer
synthetic,279,9.3,legacy_3,0.48850002349354327,0.0,0.48850002349354327,7493.0,Moving current-frame edges / no trail buffer
synthetic,279,9.3,thin_3,3.045599994948134,0.0,3.045599994948134,3421.0,Moving current-frame edges / no trail buffer
synthetic,279,9.3,banded,5.561300000408664,0.0,5.561300000408664,5221.0,Moving current-frame edges / no trail buffer
synthetic,279,9.3,continuous,7.059299998218194,0.0,7.059299998218194,4958.27880859375,Moving current-frame edges / no trail buffer
synthetic,279,9.3,smooth,6.386299995938316,0.0,6.386299995938316,4919.4814453125,Moving current-frame edges / no trail buffer
synthetic,280,9.333333333333334,legacy_3,0.4466000245884061,0.0,0.4466000245884061,7493.0,Moving current-frame edges / no trail buffer
synthetic,280,9.333333333333334,thin_3,3.0292999872472137,0.0,3.0292999872472137,3421.0,Moving current-frame edges / no trail buffer
synthetic,280,9.333333333333334,banded,2.948499983176589,0.0,2.948499983176589,5274.0,Moving current-frame edges / no trail buffer
synthetic,280,9.333333333333334,continuous,4.784399992786348,0.0,4.784399992786348,4997.63916015625,Moving current-frame edges / no trail buffer
synthetic,280,9.333333333333334,smooth,4.0231999882962555,0.0,4.0231999882962555,4960.712890625,Moving current-frame edges / no trail buffer
synthetic,281,9.366666666666667,legacy_3,0.6023000169079751,0.0,0.6023000169079751,7495.0,Moving current-frame edges / no trail buffer
synthetic,281,9.366666666666667,thin_3,5.555599986109883,0.0,5.555599986109883,3422.0,Moving current-frame edges / no trail buffer
synthetic,281,9.366666666666667,banded,4.884999973000959,0.0,4.884999973000959,5336.0,Moving current-frame edges / no trail buffer
synthetic,281,9.366666666666667,continuous,3.9634999993722886,0.0,3.9634999993722886,5039.7802734375,Moving current-frame edges / no trail buffer
synthetic,281,9.366666666666667,smooth,3.9870000036899,0.0,3.9870000036899,5004.880859375,Moving current-frame edges / no trail buffer
synthetic,282,9.4,legacy_3,0.8613999816589057,0.0,0.8613999816589057,7496.0,Moving current-frame edges / no trail buffer
synthetic,282,9.4,thin_3,2.6422000082675368,0.0,2.6422000082675368,3423.0,Moving current-frame edges / no trail buffer
synthetic,282,9.4,banded,2.8014999988954514,0.0,2.8014999988954514,5355.0,Moving current-frame edges / no trail buffer
synthetic,282,9.4,continuous,3.247499989811331,0.0,3.247499989811331,5075.60107421875,Moving current-frame edges / no trail buffer
synthetic,282,9.4,smooth,3.2543000124860555,0.0,3.2543000124860555,5042.8095703125,Moving current-frame edges / no trail buffer
synthetic,283,9.433333333333334,legacy_3,0.8265000069513917,0.0,0.8265000069513917,7497.0,Moving current-frame edges / no trail buffer
synthetic,283,9.433333333333334,thin_3,2.714900008868426,0.0,2.714900008868426,3423.0,Moving current-frame edges / no trail buffer
synthetic,283,9.433333333333334,banded,3.6506000033114105,0.0,3.6506000033114105,5375.0,Moving current-frame edges / no trail buffer
synthetic,283,9.433333333333334,continuous,3.8914000033400953,0.0,3.8914000033400953,5108.720703125,Moving current-frame edges / no trail buffer
synthetic,283,9.433333333333334,smooth,3.2143999997060746,0.0,3.2143999997060746,5077.91015625,Moving current-frame edges / no trail buffer
synthetic,284,9.466666666666667,legacy_3,0.5750999844167382,0.0,0.5750999844167382,7497.0,Moving current-frame edges / no trail buffer
synthetic,284,9.466666666666667,thin_3,2.601099986350164,0.0,2.601099986350164,3423.0,Moving current-frame edges / no trail buffer
synthetic,284,9.466666666666667,banded,2.8266000153962523,0.0,2.8266000153962523,5384.0,Moving current-frame edges / no trail buffer
synthetic,284,9.466666666666667,continuous,3.331000014441088,0.0,3.331000014441088,5139.2646484375,Moving current-frame edges / no trail buffer
synthetic,284,9.466666666666667,smooth,3.33949999185279,0.0,3.33949999185279,5110.58984375,Moving current-frame edges / no trail buffer
synthetic,285,9.5,legacy_3,0.6313000048976392,0.0,0.6313000048976392,7497.0,Moving current-frame edges / no trail buffer
synthetic,285,9.5,thin_3,2.9094000055920333,0.0,2.9094000055920333,3423.0,Moving current-frame edges / no trail buffer
synthetic,285,9.5,banded,3.252399998018518,0.0,3.252399998018518,5397.0,Moving current-frame edges / no trail buffer
synthetic,285,9.5,continuous,3.3048000186681747,0.0,3.3048000186681747,5167.134765625,Moving current-frame edges / no trail buffer
synthetic,285,9.5,smooth,3.240000020014122,0.0,3.240000020014122,5140.5986328125,Moving current-frame edges / no trail buffer
synthetic,286,9.533333333333333,legacy_3,0.5108000186737627,0.0,0.5108000186737627,7497.0,Moving current-frame edges / no trail buffer
synthetic,286,9.533333333333333,thin_3,2.6516999932937324,0.0,2.6516999932937324,3423.0,Moving current-frame edges / no trail buffer
synthetic,286,9.533333333333333,banded,3.854000009596348,0.0,3.854000009596348,5413.0,Moving current-frame edges / no trail buffer
synthetic,286,9.533333333333333,continuous,4.976500000339001,0.0,4.976500000339001,5191.19921875,Moving current-frame edges / no trail buffer
synthetic,286,9.533333333333333,smooth,3.2506999850738794,0.0,3.2506999850738794,5166.68994140625,Moving current-frame edges / no trail buffer
synthetic,287,9.566666666666666,legacy_3,0.507500022649765,0.0,0.507500022649765,7496.0,Moving current-frame edges / no trail buffer
synthetic,287,9.566666666666666,thin_3,3.335499990498647,0.0,3.335499990498647,3423.0,Moving current-frame edges / no trail buffer
synthetic,287,9.566666666666666,banded,3.766499983612448,0.0,3.766499983612448,5433.0,Moving current-frame edges / no trail buffer
synthetic,287,9.566666666666666,continuous,3.1903999915812165,0.0,3.1903999915812165,5213.0869140625,Moving current-frame edges / no trail buffer
synthetic,287,9.566666666666666,smooth,5.77829999383539,0.0,5.77829999383539,5190.705078125,Moving current-frame edges / no trail buffer
synthetic,288,9.6,legacy_3,1.1450000165496022,0.0,1.1450000165496022,7495.0,Moving current-frame edges / no trail buffer
synthetic,288,9.6,thin_3,2.8480000037234277,0.0,2.8480000037234277,3423.0,Moving current-frame edges / no trail buffer
synthetic,288,9.6,banded,3.2799999753478914,0.0,3.2799999753478914,5442.0,Moving current-frame edges / no trail buffer
synthetic,288,9.6,continuous,5.694599996786565,0.0,5.694599996786565,5232.6005859375,Moving current-frame edges / no trail buffer
synthetic,288,9.6,smooth,7.446800009347498,0.0,7.446800009347498,5212.19482421875,Moving current-frame edges / no trail buffer
synthetic,289,9.633333333333333,legacy_3,1.1934000067412853,0.0,1.1934000067412853,7495.0,Moving current-frame edges / no trail buffer
synthetic,289,9.633333333333333,thin_3,4.934500000672415,0.0,4.934500000672415,3425.0,Moving current-frame edges / no trail buffer
synthetic,289,9.633333333333333,banded,3.333000000566244,0.0,3.333000000566244,5456.0,Moving current-frame edges / no trail buffer
synthetic,289,9.633333333333333,continuous,2.926299988757819,0.0,2.926299988757819,5252.7099609375,Moving current-frame edges / no trail buffer
synthetic,289,9.633333333333333,smooth,3.645199991296977,0.0,3.645199991296977,5234.251953125,Moving current-frame edges / no trail buffer
synthetic,290,9.666666666666666,legacy_3,0.7170999888330698,0.0,0.7170999888330698,7502.0,Moving current-frame edges / no trail buffer
synthetic,290,9.666666666666666,thin_3,3.661800001282245,0.0,3.661800001282245,3428.0,Moving current-frame edges / no trail buffer
synthetic,290,9.666666666666666,banded,2.853999991202727,0.0,2.853999991202727,5468.0,Moving current-frame edges / no trail buffer
synthetic,290,9.666666666666666,continuous,3.297299990663305,0.0,3.297299990663305,5273.3037109375,Moving current-frame edges / no trail buffer
synthetic,290,9.666666666666666,smooth,4.02550000580959,0.0,4.02550000580959,5256.8759765625,Moving current-frame edges / no trail buffer
synthetic,291,9.7,legacy_3,0.5993000231683254,0.0,0.5993000231683254,7421.0,Moving current-frame edges / no trail buffer
synthetic,291,9.7,thin_3,4.14259999524802,0.0,4.14259999524802,3285.0,Moving current-frame edges / no trail buffer
synthetic,291,9.7,banded,3.3708999981172383,0.0,3.3708999981172383,5244.0,Moving current-frame edges / no trail buffer
synthetic,291,9.7,continuous,3.7760999985039234,0.0,3.7760999985039234,5066.60546875,Moving current-frame edges / no trail buffer
synthetic,291,9.7,smooth,5.6767000060062855,0.0,5.6767000060062855,5052.98046875,Moving current-frame edges / no trail buffer
synthetic,292,9.733333333333333,legacy_3,0.9973999985959381,0.0,0.9973999985959381,7308.0,Moving current-frame edges / no trail buffer
synthetic,292,9.733333333333333,thin_3,3.0732999730389565,0.0,3.0732999730389565,3298.0,Moving current-frame edges / no trail buffer
synthetic,292,9.733333333333333,banded,6.019099993864074,0.0,6.019099993864074,5264.0,Moving current-frame edges / no trail buffer
synthetic,292,9.733333333333333,continuous,6.901899992953986,0.0,6.901899992953986,5098.15234375,Moving current-frame edges / no trail buffer
synthetic,292,9.733333333333333,smooth,4.761099989991635,0.0,4.761099989991635,5086.2880859375,Moving current-frame edges / no trail buffer
synthetic,293,9.766666666666667,legacy_3,0.4732999950647354,0.0,0.4732999950647354,7290.0,Moving current-frame edges / no trail buffer
synthetic,293,9.766666666666667,thin_3,3.8238000124692917,0.0,3.8238000124692917,3311.0,Moving current-frame edges / no trail buffer
synthetic,293,9.766666666666667,banded,2.791899984003976,0.0,2.791899984003976,5279.0,Moving current-frame edges / no trail buffer
synthetic,293,9.766666666666667,continuous,3.50550000439398,0.0,3.50550000439398,5121.4912109375,Moving current-frame edges / no trail buffer
synthetic,293,9.766666666666667,smooth,3.340299997944385,0.0,3.340299997944385,5111.42236328125,Moving current-frame edges / no trail buffer
synthetic,294,9.8,legacy_3,0.48649997916072607,0.0,0.48649997916072607,7439.0,Moving current-frame edges / no trail buffer
synthetic,294,9.8,thin_3,2.7602000045590103,0.0,2.7602000045590103,3323.0,Moving current-frame edges / no trail buffer
synthetic,294,9.8,banded,2.9235999973025173,0.0,2.9235999973025173,5304.0,Moving current-frame edges / no trail buffer
synthetic,294,9.8,continuous,3.959299996495247,0.0,3.959299996495247,5150.267578125,Moving current-frame edges / no trail buffer
synthetic,294,9.8,smooth,4.053800017572939,0.0,4.053800017572939,5141.958984375,Moving current-frame edges / no trail buffer
synthetic,295,9.833333333333334,legacy_3,0.5745000089518726,0.0,0.5745000089518726,7534.0,Moving current-frame edges / no trail buffer
synthetic,295,9.833333333333334,thin_3,2.739299990935251,0.0,2.739299990935251,3449.0,Moving current-frame edges / no trail buffer
synthetic,295,9.833333333333334,banded,2.818699984345585,0.0,2.818699984345585,5512.0,Moving current-frame edges / no trail buffer
synthetic,295,9.833333333333334,continuous,6.439499993575737,0.0,6.439499993575737,5360.6474609375,Moving current-frame edges / no trail buffer
synthetic,295,9.833333333333334,smooth,4.203599994070828,0.0,4.203599994070828,5353.7119140625,Moving current-frame edges / no trail buffer
synthetic,296,9.866666666666667,legacy_3,0.5683999916072935,0.0,0.5683999916072935,7572.0,Moving current-frame edges / no trail buffer
synthetic,296,9.866666666666667,thin_3,2.145599981304258,0.0,2.145599981304258,3441.0,Moving current-frame edges / no trail buffer
synthetic,296,9.866666666666667,banded,3.08030002634041,0.0,3.08030002634041,5502.0,Moving current-frame edges / no trail buffer
synthetic,296,9.866666666666667,continuous,3.3685000089462847,0.0,3.3685000089462847,5353.91015625,Moving current-frame edges / no trail buffer
synthetic,296,9.866666666666667,smooth,3.0313999741338193,0.0,3.0313999741338193,5348.9130859375,Moving current-frame edges / no trail buffer
synthetic,297,9.9,legacy_3,0.4256000102031976,0.0,0.4256000102031976,7564.0,Moving current-frame edges / no trail buffer
synthetic,297,9.9,thin_3,2.3458999930880964,0.0,2.3458999930880964,3435.0,Moving current-frame edges / no trail buffer
synthetic,297,9.9,banded,2.7388999878894538,0.0,2.7388999878894538,5493.0,Moving current-frame edges / no trail buffer
synthetic,297,9.9,continuous,2.8224000125192106,0.0,2.8224000125192106,5346.18994140625,Moving current-frame edges / no trail buffer
synthetic,297,9.9,smooth,2.9725000204052776,0.0,2.9725000204052776,5343.1044921875,Moving current-frame edges / no trail buffer
synthetic,298,9.933333333333334,legacy_3,0.4915000172331929,0.0,0.4915000172331929,7561.0,Moving current-frame edges / no trail buffer
synthetic,298,9.933333333333334,thin_3,2.1674000017810613,0.0,2.1674000017810613,3435.0,Moving current-frame edges / no trail buffer
synthetic,298,9.933333333333334,banded,2.326399990124628,0.0,2.326399990124628,5494.0,Moving current-frame edges / no trail buffer
synthetic,298,9.933333333333334,continuous,2.9560999828390777,0.0,2.9560999828390777,5342.51953125,Moving current-frame edges / no trail buffer
synthetic,298,9.933333333333334,smooth,3.0618000018876046,0.0,3.0618000018876046,5341.306640625,Moving current-frame edges / no trail buffer
synthetic,299,9.966666666666667,legacy_3,0.40839999564923346,0.0,0.40839999564923346,7555.0,Moving current-frame edges / no trail buffer
synthetic,299,9.966666666666667,thin_3,2.2096000029705465,0.0,2.2096000029705465,3431.0,Moving current-frame edges / no trail buffer
synthetic,299,9.966666666666667,banded,2.292199991643429,0.0,2.292199991643429,5487.0,Moving current-frame edges / no trail buffer
synthetic,299,9.966666666666667,continuous,2.760100003797561,0.0,2.760100003797561,5334.68359375,Moving current-frame edges / no trail buffer
synthetic,299,9.966666666666667,smooth,3.3304999815300107,0.0,3.3304999815300107,5335.38525390625,Moving current-frame edges / no trail buffer
